W0910 07:21:18.862000 19761 torch/distributed/run.py:982] 
W0910 07:21:18.862000 19761 torch/distributed/run.py:982] *****************************************
W0910 07:21:18.862000 19761 torch/distributed/run.py:982] Setting OMP_NUM_THREADS environment variable for each process to be 1 in default, to avoid your system being overloaded, please further tune the variable for optimal performance in your application as needed. 
W0910 07:21:18.862000 19761 torch/distributed/run.py:982] *****************************************
WARNING:absl:Failed to load jax profiler: No module named 'jax'
WARNING:absl:Failed to load jax profiler: No module named 'jax'
WARNING:absl:Failed to load jax profiler: No module named 'jax'
WARNING:absl:Failed to load jax profiler: No module named 'jax'
W0910 07:21:27.671000 19912 torch/utils/_pytree.py:630] <enum 'KernelPreference'> is an Enum subclass and is now natively supported by torch.compile as an opaque value type. Calling register_constant() on Enum subclasses is deprecated and will be an error in a future release.
W0910 07:21:27.720000 19910 torch/utils/_pytree.py:630] <enum 'KernelPreference'> is an Enum subclass and is now natively supported by torch.compile as an opaque value type. Calling register_constant() on Enum subclasses is deprecated and will be an error in a future release.
W0910 07:21:27.722000 19912 torch/utils/_pytree.py:630] <enum 'ScaleCalculationMode'> is an Enum subclass and is now natively supported by torch.compile as an opaque value type. Calling register_constant() on Enum subclasses is deprecated and will be an error in a future release.
W0910 07:21:27.757000 19913 torch/utils/_pytree.py:630] <enum 'KernelPreference'> is an Enum subclass and is now natively supported by torch.compile as an opaque value type. Calling register_constant() on Enum subclasses is deprecated and will be an error in a future release.
W0910 07:21:27.762000 19910 torch/utils/_pytree.py:630] <enum 'ScaleCalculationMode'> is an Enum subclass and is now natively supported by torch.compile as an opaque value type. Calling register_constant() on Enum subclasses is deprecated and will be an error in a future release.
W0910 07:21:27.787000 19911 torch/utils/_pytree.py:630] <enum 'KernelPreference'> is an Enum subclass and is now natively supported by torch.compile as an opaque value type. Calling register_constant() on Enum subclasses is deprecated and will be an error in a future release.
W0910 07:21:27.795000 19913 torch/utils/_pytree.py:630] <enum 'ScaleCalculationMode'> is an Enum subclass and is now natively supported by torch.compile as an opaque value type. Calling register_constant() on Enum subclasses is deprecated and will be an error in a future release.
W0910 07:21:27.825000 19911 torch/utils/_pytree.py:630] <enum 'ScaleCalculationMode'> is an Enum subclass and is now natively supported by torch.compile as an opaque value type. Calling register_constant() on Enum subclasses is deprecated and will be an error in a future release.
[titan] 2026-09-10 07:21:28,341 - root - INFO - torchtitan version: 0.0.0+unknown (0.0.0 means __version__ is not defined correctly).
[titan] 2026-09-10 07:21:28,367 - root - INFO - torchtitan version: 0.0.0+unknown (0.0.0 means __version__ is not defined correctly).
[titan] 2026-09-10 07:21:28,428 - root - INFO - torchtitan version: 0.0.0+unknown (0.0.0 means __version__ is not defined correctly).
[titan] 2026-09-10 07:21:28,464 - root - INFO - torchtitan version: 0.0.0+unknown (0.0.0 means __version__ is not defined correctly).
[titan] 2026-09-10 07:21:28,927 - root - WARNING - initial_load_model_only=True has no effect without an initial_load_path.
[titan] 2026-09-10 07:21:28,961 - root - WARNING - initial_load_model_only=True has no effect without an initial_load_path.
[titan] 2026-09-10 07:21:29,027 - root - WARNING - initial_load_model_only=True has no effect without an initial_load_path.
[titan] 2026-09-10 07:21:29,028 - root - WARNING - initial_load_model_only=True has no effect without an initial_load_path.
[titan] 2026-09-10 07:21:29,028 - torchtitan.observability.structured_logger.jsonl_handler - INFO - Structured logging -> JSONL: /workspace/tp_a100_out/tp4_nosp_st/structured_logs/training.global_rank_2.20260910-072129-AXM74F.jsonl
[titan] 2026-09-10 07:21:29,060 - root - WARNING - initial_load_model_only=True has no effect without an initial_load_path.
[titan] 2026-09-10 07:21:29,062 - torchtitan.observability.structured_logger.jsonl_handler - INFO - Structured logging -> JSONL: /workspace/tp_a100_out/tp4_nosp_st/structured_logs/training.global_rank_0.20260910-072129-CQSYBM.jsonl
[titan] 2026-09-10 07:21:29,083 - root - WARNING - initial_load_model_only=True has no effect without an initial_load_path.
[titan] 2026-09-10 07:21:29,128 - root - WARNING - initial_load_model_only=True has no effect without an initial_load_path.
[titan] 2026-09-10 07:21:29,130 - torchtitan.observability.structured_logger.jsonl_handler - INFO - Structured logging -> JSONL: /workspace/tp_a100_out/tp4_nosp_st/structured_logs/training.global_rank_3.20260910-072129-4YP9BF.jsonl
[titan] 2026-09-10 07:21:29,183 - root - WARNING - initial_load_model_only=True has no effect without an initial_load_path.
[titan] 2026-09-10 07:21:29,184 - torchtitan.observability.structured_logger.jsonl_handler - INFO - Structured logging -> JSONL: /workspace/tp_a100_out/tp4_nosp_st/structured_logs/training.global_rank_1.20260910-072129-MTVNFH.jsonl
[titan] 2026-09-10 07:21:30,107 - root - WARNING - ENV[TORCH_NCCL_ASYNC_ERROR_HANDLING] = 1 will be overridden to 3 based on job config
[titan] 2026-09-10 07:21:30,140 - root - WARNING - ENV[TORCH_NCCL_ASYNC_ERROR_HANDLING] = 1 will be overridden to 3 based on job config
[titan] 2026-09-10 07:21:30,223 - root - WARNING - ENV[TORCH_NCCL_ASYNC_ERROR_HANDLING] = 1 will be overridden to 3 based on job config
[titan] 2026-09-10 07:21:30,235 - root - WARNING - ENV[TORCH_NCCL_ASYNC_ERROR_HANDLING] = 1 will be overridden to 3 based on job config
[titan] 2026-09-10 07:21:30,605 - root - INFO - [GC] Initial GC collection took 0.00 seconds
[titan] 2026-09-10 07:21:30,606 - root - INFO - Deterministic algorithm enabled (expect perf degradation).
[titan] 2026-09-10 07:21:30,606 - root - INFO - [GC] Initial GC collection took 0.00 seconds
[titan] 2026-09-10 07:21:30,606 - root - INFO - Deterministic algorithm enabled (expect perf degradation).
[titan] 2026-09-10 07:21:30,607 - root - INFO - [GC] Initial GC collection took 0.00 seconds
[titan] 2026-09-10 07:21:30,607 - root - INFO - Deterministic algorithm enabled (expect perf degradation).
[titan] 2026-09-10 07:21:30,614 - root - INFO - [GC] Initial GC collection took 0.00 seconds
[titan] 2026-09-10 07:21:30,614 - root - INFO - Deterministic algorithm enabled (expect perf degradation).
[titan] 2026-09-10 07:21:30,624 - root - INFO - Building device mesh with parallelism: pp=1, dp_replicate=1, dp_shard=1, cp=1, tp=4, ep=1
[titan] 2026-09-10 07:21:30,625 - root - INFO - Building device mesh with parallelism: pp=1, dp_replicate=1, dp_shard=1, cp=1, tp=4, ep=1
[titan] 2026-09-10 07:21:30,628 - root - INFO - Building device mesh with parallelism: pp=1, dp_replicate=1, dp_shard=1, cp=1, tp=4, ep=1
[titan] 2026-09-10 07:21:30,642 - root - INFO - Building device mesh with parallelism: pp=1, dp_replicate=1, dp_shard=1, cp=1, tp=4, ep=1
[titan] 2026-09-10 07:21:32,820 - root - INFO - Successfully created meshes with active dimensions: ['tp']
[titan] 2026-09-10 07:21:32,821 - root - INFO - Successfully created meshes with active dimensions: ['tp']
[titan] 2026-09-10 07:21:32,821 - root - INFO - Successfully created meshes with active dimensions: ['tp']
[titan] 2026-09-10 07:21:32,823 - root - INFO - Successfully created meshes with active dimensions: ['tp']
[titan] 2026-09-10 07:21:32,832 - root - INFO - Building kimi_k3 debugmodel
[titan] 2026-09-10 07:21:32,839 - root - INFO - Building kimi_k3 debugmodel
[titan] 2026-09-10 07:21:32,841 - root - INFO - Building kimi_k3 debugmodel
[titan] 2026-09-10 07:21:32,845 - root - INFO - Building kimi_k3 debugmodel
[titan] 2026-09-10 07:21:33,070 - root - INFO - CUDA capacity: NVIDIA A100-SXM4-40GB with 39.49GiB memory
[titan] 2026-09-10 07:21:33,072 - root - WARNING - Error running lspci: [Errno 2] No such file or directory: 'lspci', fallback to use device_name
[titan] 2026-09-10 07:21:33,079 - root - INFO - Total parameter count: 1,119,984,672, active parameters: 535,879,200
[titan] 2026-09-10 07:21:33,079 - root - INFO - [34mModel kimi_k3 debugmodel [31msize: 1,119,984,672 total parameters[39m
[titan] 2026-09-10 07:21:33,080 - root - INFO - CUDA capacity: NVIDIA A100-SXM4-40GB with 39.49GiB memory
[titan] 2026-09-10 07:21:33,082 - root - WARNING - Error running lspci: [Errno 2] No such file or directory: 'lspci', fallback to use device_name
[titan] 2026-09-10 07:21:33,088 - root - INFO - CUDA capacity: NVIDIA A100-SXM4-40GB with 39.49GiB memory
[titan] 2026-09-10 07:21:33,089 - root - INFO - Total parameter count: 1,119,984,672, active parameters: 535,879,200
[titan] 2026-09-10 07:21:33,089 - root - INFO - [34mModel kimi_k3 debugmodel [31msize: 1,119,984,672 total parameters[39m
[titan] 2026-09-10 07:21:33,089 - root - INFO - CUDA capacity: NVIDIA A100-SXM4-40GB with 39.49GiB memory
[titan] 2026-09-10 07:21:33,090 - root - WARNING - Error running lspci: [Errno 2] No such file or directory: 'lspci', fallback to use device_name
[titan] 2026-09-10 07:21:33,091 - root - WARNING - Error running lspci: [Errno 2] No such file or directory: 'lspci', fallback to use device_name
[titan] 2026-09-10 07:21:33,097 - root - INFO - Total parameter count: 1,119,984,672, active parameters: 535,879,200
[titan] 2026-09-10 07:21:33,097 - root - INFO - [34mModel kimi_k3 debugmodel [31msize: 1,119,984,672 total parameters[39m
[titan] 2026-09-10 07:21:33,098 - root - INFO - Total parameter count: 1,119,984,672, active parameters: 535,879,200
[titan] 2026-09-10 07:21:33,099 - root - INFO - [34mModel kimi_k3 debugmodel [31msize: 1,119,984,672 total parameters[39m
[titan] 2026-09-10 07:21:33,250 - root - INFO - Applied SelectiveAC activation checkpointing to the model
[titan] 2026-09-10 07:21:33,252 - root - INFO - Applied SelectiveAC activation checkpointing to the model
[titan] 2026-09-10 07:21:33,260 - root - INFO - Applied SelectiveAC activation checkpointing to the model
[titan] 2026-09-10 07:21:33,262 - root - INFO - Applied SelectiveAC activation checkpointing to the model
[titan] 2026-09-10 07:21:33,268 - root - INFO - Applied SelectiveAC activation checkpointing to the model
[titan] 2026-09-10 07:21:33,270 - root - INFO - Applied SelectiveAC activation checkpointing to the model
[titan] 2026-09-10 07:21:33,276 - root - INFO - Applied SelectiveAC activation checkpointing to the model
[titan] 2026-09-10 07:21:33,278 - root - INFO - Applied SelectiveAC activation checkpointing to the model
[titan] 2026-09-10 07:21:33,942 - root - INFO - Applied FSDP to the model
[titan] 2026-09-10 07:21:33,961 - root - INFO - Applied FSDP to the model
[titan] 2026-09-10 07:21:33,967 - root - INFO - Applied FSDP to the model
[titan] 2026-09-10 07:21:33,970 - root - INFO - Applied FSDP to the model
[rank1]:W0910 07:21:34.411000 19911 torch/distributed/tensor/_redistribute.py:394] While redistributing from (_StridedShard(dim=0, sf=4), Shard(dim=0)) to (Replicate(), Replicate()), 2 sequential all_gather operations will be performed. This is suboptimal: multiple collective operations have higher latency (separate kernel launches and synchronization points) and may give inconsistent results between ranks due to different reduction orders. it is not possible to merge non-ascending order all_gather operations.
[rank0]:W0910 07:21:34.433000 19910 torch/distributed/tensor/_redistribute.py:394] While redistributing from (_StridedShard(dim=0, sf=4), Shard(dim=0)) to (Replicate(), Replicate()), 2 sequential all_gather operations will be performed. This is suboptimal: multiple collective operations have higher latency (separate kernel launches and synchronization points) and may give inconsistent results between ranks due to different reduction orders. it is not possible to merge non-ascending order all_gather operations.
[rank2]:W0910 07:21:34.436000 19912 torch/distributed/tensor/_redistribute.py:394] While redistributing from (_StridedShard(dim=0, sf=4), Shard(dim=0)) to (Replicate(), Replicate()), 2 sequential all_gather operations will be performed. This is suboptimal: multiple collective operations have higher latency (separate kernel launches and synchronization points) and may give inconsistent results between ranks due to different reduction orders. it is not possible to merge non-ascending order all_gather operations.
[rank3]:W0910 07:21:34.438000 19913 torch/distributed/tensor/_redistribute.py:394] While redistributing from (_StridedShard(dim=0, sf=4), Shard(dim=0)) to (Replicate(), Replicate()), 2 sequential all_gather operations will be performed. This is suboptimal: multiple collective operations have higher latency (separate kernel launches and synchronization points) and may give inconsistent results between ranks due to different reduction orders. it is not possible to merge non-ascending order all_gather operations.
[titan] 2026-09-10 07:21:35,805 - root - WARNING - Error running lspci: [Errno 2] No such file or directory: 'lspci', fallback to use device_name
[titan] 2026-09-10 07:21:35,805 - root - INFO - Peak FLOPS used for computing MFU: 3.120e+14
[titan] 2026-09-10 07:21:35,805 - root - INFO - CUDA memory usage for model: 1.08GiB(2.74%)
[titan] 2026-09-10 07:21:35,806 - root - WARNING - Error running lspci: [Errno 2] No such file or directory: 'lspci', fallback to use device_name
[titan] 2026-09-10 07:21:35,806 - root - INFO - Peak FLOPS used for computing MFU: 3.120e+14
[titan] 2026-09-10 07:21:35,806 - root - WARNING - Error running lspci: [Errno 2] No such file or directory: 'lspci', fallback to use device_name
[titan] 2026-09-10 07:21:35,806 - root - INFO - CUDA memory usage for model: 1.08GiB(2.74%)
[titan] 2026-09-10 07:21:35,806 - root - INFO - Peak FLOPS used for computing MFU: 3.120e+14
[titan] 2026-09-10 07:21:35,806 - root - INFO - CUDA memory usage for model: 1.08GiB(2.74%)
[titan] 2026-09-10 07:21:35,807 - root - WARNING - Error running lspci: [Errno 2] No such file or directory: 'lspci', fallback to use device_name
[titan] 2026-09-10 07:21:35,807 - root - INFO - Peak FLOPS used for computing MFU: 3.120e+14
[titan] 2026-09-10 07:21:35,807 - root - INFO - CUDA memory usage for model: 1.08GiB(2.74%)
[titan] 2026-09-10 07:21:35,810 - root - INFO - Optimizer AdamW (model_part=0): 750 params [.*] {'fused': True, 'foreach': False, 'lr': 0.0008, 'betas': (0.9, 0.95), 'eps': 1e-08, 'weight_decay': 0.1}
[titan] 2026-09-10 07:21:35,812 - root - INFO - Optimizer AdamW (model_part=0): 750 params [.*] {'fused': True, 'foreach': False, 'lr': 0.0008, 'betas': (0.9, 0.95), 'eps': 1e-08, 'weight_decay': 0.1}
[titan] 2026-09-10 07:21:35,812 - root - INFO - Optimizer AdamW (model_part=0): 750 params [.*] {'fused': True, 'foreach': False, 'lr': 0.0008, 'betas': (0.9, 0.95), 'eps': 1e-08, 'weight_decay': 0.1}
[titan] 2026-09-10 07:21:35,813 - root - INFO - Optimizer AdamW (model_part=0): 750 params [.*] {'fused': True, 'foreach': False, 'lr': 0.0008, 'betas': (0.9, 0.95), 'eps': 1e-08, 'weight_decay': 0.1}
[titan] 2026-09-10 07:21:35,815 - root - INFO - Loading tokenizer from tokenizer.json
[titan] 2026-09-10 07:21:35,816 - root - INFO - Loading tokenizer from tokenizer.json
[titan] 2026-09-10 07:21:35,816 - root - INFO - Loading tokenizer from tokenizer.json
[titan] 2026-09-10 07:21:35,818 - root - INFO - Loading tokenizer from tokenizer.json
[titan] 2026-09-10 07:21:35,843 - root - WARNING - model.safetensors.index.json not found at hf_assets_path: ./tests/assets/tokenizer/model.safetensors.index.json.                     Defaulting to saving a single safetensors file if checkpoint is saved in HF format
[titan] 2026-09-10 07:21:35,843 - root - WARNING - initial_load_model_only=True has no effect without an initial_load_path.
[titan] 2026-09-10 07:21:35,844 - root - WARNING - model.safetensors.index.json not found at hf_assets_path: ./tests/assets/tokenizer/model.safetensors.index.json.                     Defaulting to saving a single safetensors file if checkpoint is saved in HF format
[titan] 2026-09-10 07:21:35,844 - root - WARNING - initial_load_model_only=True has no effect without an initial_load_path.
[titan] 2026-09-10 07:21:35,845 - root - WARNING - model.safetensors.index.json not found at hf_assets_path: ./tests/assets/tokenizer/model.safetensors.index.json.                     Defaulting to saving a single safetensors file if checkpoint is saved in HF format
[titan] 2026-09-10 07:21:35,845 - root - WARNING - initial_load_model_only=True has no effect without an initial_load_path.
[titan] 2026-09-10 07:21:35,849 - root - WARNING - model.safetensors.index.json not found at hf_assets_path: ./tests/assets/tokenizer/model.safetensors.index.json.                     Defaulting to saving a single safetensors file if checkpoint is saved in HF format
[titan] 2026-09-10 07:21:35,849 - root - WARNING - initial_load_model_only=True has no effect without an initial_load_path.
[titan] 2026-09-10 07:21:35,862 - root - INFO - Checkpointing active. Checkpoints will be loaded from and saved to /workspace/tp_a100_out/tp4_nosp_st/checkpoint
[titan] 2026-09-10 07:21:35,863 - root - INFO - Trainer is initialized with 256 tokens per DP rank, 256 tokens per train step, gradient accumulation steps 1, maximum context length 256, total steps 100 (warmup 2)
[titan] 2026-09-10 07:21:35,863 - root - INFO - Checkpointing active. Checkpoints will be loaded from and saved to /workspace/tp_a100_out/tp4_nosp_st/checkpoint
[titan] 2026-09-10 07:21:35,863 - root - INFO - Loading the checkpoint from /workspace/tp_a100_out/tp4_nosp_st/checkpoint/step-0.
[titan] 2026-09-10 07:21:35,863 - root - INFO - Trainer is initialized with 256 tokens per DP rank, 256 tokens per train step, gradient accumulation steps 1, maximum context length 256, total steps 100 (warmup 2)
[titan] 2026-09-10 07:21:35,864 - root - INFO - Checkpointing active. Checkpoints will be loaded from and saved to /workspace/tp_a100_out/tp4_nosp_st/checkpoint
[titan] 2026-09-10 07:21:35,864 - root - INFO - Loading the checkpoint from /workspace/tp_a100_out/tp4_nosp_st/checkpoint/step-0.
[titan] 2026-09-10 07:21:35,864 - root - INFO - Trainer is initialized with 256 tokens per DP rank, 256 tokens per train step, gradient accumulation steps 1, maximum context length 256, total steps 100 (warmup 2)
[titan] 2026-09-10 07:21:35,864 - root - INFO - Loading the checkpoint from /workspace/tp_a100_out/tp4_nosp_st/checkpoint/step-0.
[titan] 2026-09-10 07:21:35,867 - root - INFO - Checkpointing active. Checkpoints will be loaded from and saved to /workspace/tp_a100_out/tp4_nosp_st/checkpoint
[titan] 2026-09-10 07:21:35,868 - root - INFO - Trainer is initialized with 256 tokens per DP rank, 256 tokens per train step, gradient accumulation steps 1, maximum context length 256, total steps 100 (warmup 2)
[titan] 2026-09-10 07:21:35,868 - root - INFO - Loading the checkpoint from /workspace/tp_a100_out/tp4_nosp_st/checkpoint/step-0.
[titan] 2026-09-10 07:31:13,265 - root - INFO - [GC] GC collection for checkpoint loading. took 0.04 seconds
[titan] 2026-09-10 07:31:13,266 - root - INFO - Finished loading the checkpoint in 577.40 seconds.
[titan] 2026-09-10 07:31:13,266 - root - INFO - Training starts at step 1
[titan] 2026-09-10 07:31:13,269 - root - INFO - [GC] GC collection for checkpoint loading. took 0.04 seconds
[titan] 2026-09-10 07:31:13,270 - root - INFO - Finished loading the checkpoint in 577.41 seconds.
[titan] 2026-09-10 07:31:13,271 - root - INFO - Training starts at step 1
[titan] 2026-09-10 07:31:13,271 - root - INFO - [GC] GC collection for checkpoint loading. took 0.04 seconds
[titan] 2026-09-10 07:31:13,272 - root - INFO - Finished loading the checkpoint in 577.41 seconds.
[titan] 2026-09-10 07:31:13,273 - root - INFO - Training starts at step 1
[titan] 2026-09-10 07:31:13,282 - root - INFO - [GC] GC collection for checkpoint loading. took 0.04 seconds
[titan] 2026-09-10 07:31:13,282 - root - INFO - Finished loading the checkpoint in 577.42 seconds.
[titan] 2026-09-10 07:31:13,283 - root - INFO - Training starts at step 1
/workspace/venv/lib/python3.12/site-packages/torch/distributed/fsdp/_fully_shard/_fsdp_state.py:336: UserWarning: FSDP2-wrapped module (FSDPCheckpointWrapper) returned a view tensor. An in-place op on this view (e.g., `x += y`) will silently drop the pre-backward hook and skip the all-gather, which can cause backward to fail or produce wrong gradients. Use out-of-place ops (`out = out + y`, not `out += y`) or `.clone()` the output before any in-place op.
  output = self._register_pre_backward_hook(output)
/workspace/venv/lib/python3.12/site-packages/torch/distributed/fsdp/_fully_shard/_fsdp_state.py:336: UserWarning: FSDP2-wrapped module (FSDPCheckpointWrapper) returned a view tensor. An in-place op on this view (e.g., `x += y`) will silently drop the pre-backward hook and skip the all-gather, which can cause backward to fail or produce wrong gradients. Use out-of-place ops (`out = out + y`, not `out += y`) or `.clone()` the output before any in-place op.
  output = self._register_pre_backward_hook(output)
/workspace/venv/lib/python3.12/site-packages/torch/distributed/fsdp/_fully_shard/_fsdp_state.py:336: UserWarning: FSDP2-wrapped module (FSDPCheckpointWrapper) returned a view tensor. An in-place op on this view (e.g., `x += y`) will silently drop the pre-backward hook and skip the all-gather, which can cause backward to fail or produce wrong gradients. Use out-of-place ops (`out = out + y`, not `out += y`) or `.clone()` the output before any in-place op.
  output = self._register_pre_backward_hook(output)
/workspace/venv/lib/python3.12/site-packages/torch/distributed/fsdp/_fully_shard/_fsdp_state.py:336: UserWarning: FSDP2-wrapped module (FSDPCheckpointWrapper) returned a view tensor. An in-place op on this view (e.g., `x += y`) will silently drop the pre-backward hook and skip the all-gather, which can cause backward to fail or produce wrong gradients. Use out-of-place ops (`out = out + y`, not `out += y`) or `.clone()` the output before any in-place op.
  output = self._register_pre_backward_hook(output)
/workspace/venv/lib/python3.12/site-packages/torch/distributed/fsdp/_fully_shard/_fsdp_state.py:336: UserWarning: FSDP2-wrapped module (FSDPCheckpointWrapper) returned a view tensor. An in-place op on this view (e.g., `x += y`) will silently drop the pre-backward hook and skip the all-gather, which can cause backward to fail or produce wrong gradients. Use out-of-place ops (`out = out + y`, not `out += y`) or `.clone()` the output before any in-place op.
  output = self._register_pre_backward_hook(output)
/workspace/venv/lib/python3.12/site-packages/torch/distributed/fsdp/_fully_shard/_fsdp_state.py:336: UserWarning: FSDP2-wrapped module (FSDPCheckpointWrapper) returned a view tensor. An in-place op on this view (e.g., `x += y`) will silently drop the pre-backward hook and skip the all-gather, which can cause backward to fail or produce wrong gradients. Use out-of-place ops (`out = out + y`, not `out += y`) or `.clone()` the output before any in-place op.
  output = self._register_pre_backward_hook(output)
/workspace/venv/lib/python3.12/site-packages/torch/distributed/fsdp/_fully_shard/_fsdp_state.py:336: UserWarning: FSDP2-wrapped module (FSDPCheckpointWrapper) returned a view tensor. An in-place op on this view (e.g., `x += y`) will silently drop the pre-backward hook and skip the all-gather, which can cause backward to fail or produce wrong gradients. Use out-of-place ops (`out = out + y`, not `out += y`) or `.clone()` the output before any in-place op.
  output = self._register_pre_backward_hook(output)
/workspace/venv/lib/python3.12/site-packages/torch/distributed/fsdp/_fully_shard/_fsdp_state.py:336: UserWarning: FSDP2-wrapped module (FSDPCheckpointWrapper) returned a view tensor. An in-place op on this view (e.g., `x += y`) will silently drop the pre-backward hook and skip the all-gather, which can cause backward to fail or produce wrong gradients. Use out-of-place ops (`out = out + y`, not `out += y`) or `.clone()` the output before any in-place op.
  output = self._register_pre_backward_hook(output)
/workspace/venv/lib/python3.12/site-packages/torch/distributed/fsdp/_fully_shard/_fsdp_state.py:336: UserWarning: FSDP2-wrapped module (FSDPKimiK3Model) returned a view tensor. An in-place op on this view (e.g., `x += y`) will silently drop the pre-backward hook and skip the all-gather, which can cause backward to fail or produce wrong gradients. Use out-of-place ops (`out = out + y`, not `out += y`) or `.clone()` the output before any in-place op.
  output = self._register_pre_backward_hook(output)
/workspace/venv/lib/python3.12/site-packages/torch/distributed/fsdp/_fully_shard/_fsdp_state.py:379: UserWarning: FSDP2-wrapped module (FSDPRMSNorm, FSDPLinear) returned a view tensor. An in-place op on this view (e.g., `x += y`) will silently drop the pre-backward hook and skip the all-gather, which can cause backward to fail or produce wrong gradients. Use out-of-place ops (`out = out + y`, not `out += y`) or `.clone()` the output before any in-place op.
  output = state._register_pre_backward_hook(output)
/workspace/venv/lib/python3.12/site-packages/torch/distributed/fsdp/_fully_shard/_fsdp_state.py:336: UserWarning: FSDP2-wrapped module (FSDPKimiK3Model) returned a view tensor. An in-place op on this view (e.g., `x += y`) will silently drop the pre-backward hook and skip the all-gather, which can cause backward to fail or produce wrong gradients. Use out-of-place ops (`out = out + y`, not `out += y`) or `.clone()` the output before any in-place op.
  output = self._register_pre_backward_hook(output)
/workspace/venv/lib/python3.12/site-packages/torch/distributed/fsdp/_fully_shard/_fsdp_state.py:379: UserWarning: FSDP2-wrapped module (FSDPRMSNorm, FSDPLinear) returned a view tensor. An in-place op on this view (e.g., `x += y`) will silently drop the pre-backward hook and skip the all-gather, which can cause backward to fail or produce wrong gradients. Use out-of-place ops (`out = out + y`, not `out += y`) or `.clone()` the output before any in-place op.
  output = state._register_pre_backward_hook(output)
/workspace/venv/lib/python3.12/site-packages/torch/distributed/fsdp/_fully_shard/_fsdp_state.py:336: UserWarning: FSDP2-wrapped module (FSDPKimiK3Model) returned a view tensor. An in-place op on this view (e.g., `x += y`) will silently drop the pre-backward hook and skip the all-gather, which can cause backward to fail or produce wrong gradients. Use out-of-place ops (`out = out + y`, not `out += y`) or `.clone()` the output before any in-place op.
  output = self._register_pre_backward_hook(output)
/workspace/venv/lib/python3.12/site-packages/torch/distributed/fsdp/_fully_shard/_fsdp_state.py:379: UserWarning: FSDP2-wrapped module (FSDPRMSNorm, FSDPLinear) returned a view tensor. An in-place op on this view (e.g., `x += y`) will silently drop the pre-backward hook and skip the all-gather, which can cause backward to fail or produce wrong gradients. Use out-of-place ops (`out = out + y`, not `out += y`) or `.clone()` the output before any in-place op.
  output = state._register_pre_backward_hook(output)
/workspace/venv/lib/python3.12/site-packages/torch/distributed/fsdp/_fully_shard/_fsdp_state.py:336: UserWarning: FSDP2-wrapped module (FSDPKimiK3Model) returned a view tensor. An in-place op on this view (e.g., `x += y`) will silently drop the pre-backward hook and skip the all-gather, which can cause backward to fail or produce wrong gradients. Use out-of-place ops (`out = out + y`, not `out += y`) or `.clone()` the output before any in-place op.
  output = self._register_pre_backward_hook(output)
/workspace/venv/lib/python3.12/site-packages/torch/distributed/fsdp/_fully_shard/_fsdp_state.py:379: UserWarning: FSDP2-wrapped module (FSDPRMSNorm, FSDPLinear) returned a view tensor. An in-place op on this view (e.g., `x += y`) will silently drop the pre-backward hook and skip the all-gather, which can cause backward to fail or produce wrong gradients. Use out-of-place ops (`out = out + y`, not `out += y`) or `.clone()` the output before any in-place op.
  output = state._register_pre_backward_hook(output)
[rank1]:W0910 07:32:14.300000 19911 torch/distributed/tensor/_redistribute.py:394] While redistributing from (_NormPartial(2.0), _NormPartial(2.0)) to (Replicate(), Replicate()), 2 sequential all_reduce operations will be performed. This is suboptimal: multiple collective operations have higher latency (separate kernel launches and synchronization points) and may give inconsistent results between ranks due to different reduction orders. To optimize, flatten mesh dimensions ["dp_shard", "tp"] so DTensor can use a single operation instead.
[rank0]:W0910 07:32:14.327000 19910 torch/distributed/tensor/_redistribute.py:394] While redistributing from (_NormPartial(2.0), _NormPartial(2.0)) to (Replicate(), Replicate()), 2 sequential all_reduce operations will be performed. This is suboptimal: multiple collective operations have higher latency (separate kernel launches and synchronization points) and may give inconsistent results between ranks due to different reduction orders. To optimize, flatten mesh dimensions ["dp_shard", "tp"] so DTensor can use a single operation instead.
[rank2]:W0910 07:32:14.329000 19912 torch/distributed/tensor/_redistribute.py:394] While redistributing from (_NormPartial(2.0), _NormPartial(2.0)) to (Replicate(), Replicate()), 2 sequential all_reduce operations will be performed. This is suboptimal: multiple collective operations have higher latency (separate kernel launches and synchronization points) and may give inconsistent results between ranks due to different reduction orders. To optimize, flatten mesh dimensions ["dp_shard", "tp"] so DTensor can use a single operation instead.
[rank3]:W0910 07:32:14.340000 19913 torch/distributed/tensor/_redistribute.py:394] While redistributing from (_NormPartial(2.0), _NormPartial(2.0)) to (Replicate(), Replicate()), 2 sequential all_reduce operations will be performed. This is suboptimal: multiple collective operations have higher latency (separate kernel launches and synchronization points) and may give inconsistent results between ranks due to different reduction orders. To optimize, flatten mesh dimensions ["dp_shard", "tp"] so DTensor can use a single operation instead.
[titan] 2026-09-10 07:32:22,518 - root - INFO - [31mstep:  1  [32mloss: 12.59314  [38;2;180;60;0mgrad_norm: 25.6250  [38;2;54;234;195mmemory:  2.92GiB(7.40%)  [34mtps: 0  [36mtflops: 0.00  [35mmfu: 0.00%[39m
[titan] 2026-09-10 07:32:22,522 - root - INFO - Synchronizing and adjusting timeout for all ProcessGroups to 0:01:40
[titan] 2026-09-10 07:32:22,599 - root - INFO - [31mstep:  1  [32mloss: 12.59314  [38;2;180;60;0mgrad_norm: 25.6250  [38;2;54;234;195mmemory:  2.92GiB(7.40%)  [34mtps: 0  [36mtflops: 0.00  [35mmfu: 0.00%[39m
[titan] 2026-09-10 07:32:22,607 - root - INFO - [31mstep:  1  [32mloss: 12.59314  [38;2;180;60;0mgrad_norm: 25.6250  [38;2;54;234;195mmemory:  2.92GiB(7.40%)  [34mtps: 0  [36mtflops: 0.00  [35mmfu: 0.00%[39m
[titan] 2026-09-10 07:32:22,610 - root - INFO - Synchronizing and adjusting timeout for all ProcessGroups to 0:01:40
[titan] 2026-09-10 07:32:22,617 - root - INFO - Synchronizing and adjusting timeout for all ProcessGroups to 0:01:40
[titan] 2026-09-10 07:32:22,650 - root - INFO - [31mstep:  1  [32mloss: 12.59314  [38;2;180;60;0mgrad_norm: 25.6250  [38;2;54;234;195mmemory:  2.92GiB(7.40%)  [34mtps: 0  [36mtflops: 0.00  [35mmfu: 0.00%[39m
[titan] 2026-09-10 07:32:22,660 - root - INFO - Synchronizing and adjusting timeout for all ProcessGroups to 0:01:40
/workspace/venv/lib/python3.12/site-packages/torch/distributed/fsdp/_fully_shard/_fsdp_state.py:336: UserWarning: FSDP2-wrapped module (FSDPCheckpointWrapper) returned a view tensor. An in-place op on this view (e.g., `x += y`) will silently drop the pre-backward hook and skip the all-gather, which can cause backward to fail or produce wrong gradients. Use out-of-place ops (`out = out + y`, not `out += y`) or `.clone()` the output before any in-place op.
  output = self._register_pre_backward_hook(output)
/workspace/venv/lib/python3.12/site-packages/torch/distributed/fsdp/_fully_shard/_fsdp_state.py:336: UserWarning: FSDP2-wrapped module (FSDPCheckpointWrapper) returned a view tensor. An in-place op on this view (e.g., `x += y`) will silently drop the pre-backward hook and skip the all-gather, which can cause backward to fail or produce wrong gradients. Use out-of-place ops (`out = out + y`, not `out += y`) or `.clone()` the output before any in-place op.
  output = self._register_pre_backward_hook(output)
/workspace/venv/lib/python3.12/site-packages/torch/distributed/fsdp/_fully_shard/_fsdp_state.py:336: UserWarning: FSDP2-wrapped module (FSDPCheckpointWrapper) returned a view tensor. An in-place op on this view (e.g., `x += y`) will silently drop the pre-backward hook and skip the all-gather, which can cause backward to fail or produce wrong gradients. Use out-of-place ops (`out = out + y`, not `out += y`) or `.clone()` the output before any in-place op.
  output = self._register_pre_backward_hook(output)
/workspace/venv/lib/python3.12/site-packages/torch/distributed/fsdp/_fully_shard/_fsdp_state.py:336: UserWarning: FSDP2-wrapped module (FSDPCheckpointWrapper) returned a view tensor. An in-place op on this view (e.g., `x += y`) will silently drop the pre-backward hook and skip the all-gather, which can cause backward to fail or produce wrong gradients. Use out-of-place ops (`out = out + y`, not `out += y`) or `.clone()` the output before any in-place op.
  output = self._register_pre_backward_hook(output)
/workspace/venv/lib/python3.12/site-packages/torch/distributed/fsdp/_fully_shard/_fsdp_state.py:336: UserWarning: FSDP2-wrapped module (FSDPKimiK3Model) returned a view tensor. An in-place op on this view (e.g., `x += y`) will silently drop the pre-backward hook and skip the all-gather, which can cause backward to fail or produce wrong gradients. Use out-of-place ops (`out = out + y`, not `out += y`) or `.clone()` the output before any in-place op.
  output = self._register_pre_backward_hook(output)
/workspace/venv/lib/python3.12/site-packages/torch/distributed/fsdp/_fully_shard/_fsdp_state.py:336: UserWarning: FSDP2-wrapped module (FSDPKimiK3Model) returned a view tensor. An in-place op on this view (e.g., `x += y`) will silently drop the pre-backward hook and skip the all-gather, which can cause backward to fail or produce wrong gradients. Use out-of-place ops (`out = out + y`, not `out += y`) or `.clone()` the output before any in-place op.
  output = self._register_pre_backward_hook(output)
/workspace/venv/lib/python3.12/site-packages/torch/distributed/fsdp/_fully_shard/_fsdp_state.py:379: UserWarning: FSDP2-wrapped module (FSDPRMSNorm, FSDPLinear) returned a view tensor. An in-place op on this view (e.g., `x += y`) will silently drop the pre-backward hook and skip the all-gather, which can cause backward to fail or produce wrong gradients. Use out-of-place ops (`out = out + y`, not `out += y`) or `.clone()` the output before any in-place op.
  output = state._register_pre_backward_hook(output)
/workspace/venv/lib/python3.12/site-packages/torch/distributed/fsdp/_fully_shard/_fsdp_state.py:379: UserWarning: FSDP2-wrapped module (FSDPRMSNorm, FSDPLinear) returned a view tensor. An in-place op on this view (e.g., `x += y`) will silently drop the pre-backward hook and skip the all-gather, which can cause backward to fail or produce wrong gradients. Use out-of-place ops (`out = out + y`, not `out += y`) or `.clone()` the output before any in-place op.
  output = state._register_pre_backward_hook(output)
/workspace/venv/lib/python3.12/site-packages/torch/distributed/fsdp/_fully_shard/_fsdp_state.py:336: UserWarning: FSDP2-wrapped module (FSDPKimiK3Model) returned a view tensor. An in-place op on this view (e.g., `x += y`) will silently drop the pre-backward hook and skip the all-gather, which can cause backward to fail or produce wrong gradients. Use out-of-place ops (`out = out + y`, not `out += y`) or `.clone()` the output before any in-place op.
  output = self._register_pre_backward_hook(output)
/workspace/venv/lib/python3.12/site-packages/torch/distributed/fsdp/_fully_shard/_fsdp_state.py:379: UserWarning: FSDP2-wrapped module (FSDPRMSNorm, FSDPLinear) returned a view tensor. An in-place op on this view (e.g., `x += y`) will silently drop the pre-backward hook and skip the all-gather, which can cause backward to fail or produce wrong gradients. Use out-of-place ops (`out = out + y`, not `out += y`) or `.clone()` the output before any in-place op.
  output = state._register_pre_backward_hook(output)
/workspace/venv/lib/python3.12/site-packages/torch/distributed/fsdp/_fully_shard/_fsdp_state.py:336: UserWarning: FSDP2-wrapped module (FSDPKimiK3Model) returned a view tensor. An in-place op on this view (e.g., `x += y`) will silently drop the pre-backward hook and skip the all-gather, which can cause backward to fail or produce wrong gradients. Use out-of-place ops (`out = out + y`, not `out += y`) or `.clone()` the output before any in-place op.
  output = self._register_pre_backward_hook(output)
/workspace/venv/lib/python3.12/site-packages/torch/distributed/fsdp/_fully_shard/_fsdp_state.py:379: UserWarning: FSDP2-wrapped module (FSDPRMSNorm, FSDPLinear) returned a view tensor. An in-place op on this view (e.g., `x += y`) will silently drop the pre-backward hook and skip the all-gather, which can cause backward to fail or produce wrong gradients. Use out-of-place ops (`out = out + y`, not `out += y`) or `.clone()` the output before any in-place op.
  output = state._register_pre_backward_hook(output)
[titan] 2026-09-10 07:32:33,375 - root - INFO - [31mstep:  2  [32mloss: 11.54726  [38;2;180;60;0mgrad_norm: 40.7500  [38;2;54;234;195mmemory:  3.54GiB(8.97%)  [34mtps: 6  [36mtflops: 0.02  [35mmfu: 0.01%[39m
[titan] 2026-09-10 07:32:33,376 - root - INFO - [31mstep:  2  [32mloss: 11.54726  [38;2;180;60;0mgrad_norm: 40.7500  [38;2;54;234;195mmemory:  3.54GiB(8.97%)  [34mtps: 6  [36mtflops: 0.02  [35mmfu: 0.01%[39m
[titan] 2026-09-10 07:32:33,377 - root - INFO - [31mstep:  2  [32mloss: 11.54726  [38;2;180;60;0mgrad_norm: 40.7500  [38;2;54;234;195mmemory:  3.54GiB(8.97%)  [34mtps: 6  [36mtflops: 0.02  [35mmfu: 0.01%[39m
[titan] 2026-09-10 07:32:33,390 - root - INFO - [31mstep:  2  [32mloss: 11.54726  [38;2;180;60;0mgrad_norm: 40.7500  [38;2;54;234;195mmemory:  3.54GiB(8.97%)  [34mtps: 6  [36mtflops: 0.02  [35mmfu: 0.01%[39m
[titan] 2026-09-10 07:32:34,640 - root - INFO - [31mstep:  3  [32mloss: 10.29597  [38;2;180;60;0mgrad_norm: 25.7500  [38;2;54;234;195mmemory:  3.54GiB(8.97%)  [34mtps: 51  [36mtflops: 0.17  [35mmfu: 0.05%[39m
[titan] 2026-09-10 07:32:34,640 - root - INFO - [31mstep:  3  [32mloss: 10.29597  [38;2;180;60;0mgrad_norm: 25.7500  [38;2;54;234;195mmemory:  3.54GiB(8.97%)  [34mtps: 51  [36mtflops: 0.17  [35mmfu: 0.05%[39m
[titan] 2026-09-10 07:32:34,640 - root - INFO - [31mstep:  3  [32mloss: 10.29597  [38;2;180;60;0mgrad_norm: 25.7500  [38;2;54;234;195mmemory:  3.54GiB(8.97%)  [34mtps: 51  [36mtflops: 0.17  [35mmfu: 0.05%[39m
[titan] 2026-09-10 07:32:34,654 - root - INFO - [31mstep:  3  [32mloss: 10.29597  [38;2;180;60;0mgrad_norm: 25.7500  [38;2;54;234;195mmemory:  3.54GiB(8.97%)  [34mtps: 51  [36mtflops: 0.17  [35mmfu: 0.05%[39m
[titan] 2026-09-10 07:32:35,905 - root - INFO - [31mstep:  4  [32mloss: 10.01024  [38;2;180;60;0mgrad_norm: 19.0000  [38;2;54;234;195mmemory:  3.54GiB(8.97%)  [34mtps: 51  [36mtflops: 0.17  [35mmfu: 0.05%[39m
[titan] 2026-09-10 07:32:35,905 - root - INFO - [31mstep:  4  [32mloss: 10.01024  [38;2;180;60;0mgrad_norm: 19.0000  [38;2;54;234;195mmemory:  3.54GiB(8.97%)  [34mtps: 51  [36mtflops: 0.17  [35mmfu: 0.05%[39m
[titan] 2026-09-10 07:32:35,906 - root - INFO - [31mstep:  4  [32mloss: 10.01024  [38;2;180;60;0mgrad_norm: 19.0000  [38;2;54;234;195mmemory:  3.54GiB(8.97%)  [34mtps: 51  [36mtflops: 0.17  [35mmfu: 0.05%[39m
[titan] 2026-09-10 07:32:35,914 - root - INFO - [31mstep:  4  [32mloss: 10.01024  [38;2;180;60;0mgrad_norm: 19.0000  [38;2;54;234;195mmemory:  3.54GiB(8.97%)  [34mtps: 51  [36mtflops: 0.17  [35mmfu: 0.05%[39m
[titan] 2026-09-10 07:32:37,152 - root - INFO - [31mstep:  5  [32mloss:  7.70562  [38;2;180;60;0mgrad_norm: 13.9375  [38;2;54;234;195mmemory:  3.55GiB(8.99%)  [34mtps: 51  [36mtflops: 0.17  [35mmfu: 0.05%[39m
[titan] 2026-09-10 07:32:37,153 - root - INFO - [31mstep:  5  [32mloss:  7.70562  [38;2;180;60;0mgrad_norm: 13.9375  [38;2;54;234;195mmemory:  3.55GiB(8.99%)  [34mtps: 51  [36mtflops: 0.17  [35mmfu: 0.05%[39m
[titan] 2026-09-10 07:32:37,157 - root - INFO - [31mstep:  5  [32mloss:  7.70562  [38;2;180;60;0mgrad_norm: 13.9375  [38;2;54;234;195mmemory:  3.55GiB(8.99%)  [34mtps: 51  [36mtflops: 0.17  [35mmfu: 0.05%[39m
[titan] 2026-09-10 07:32:37,166 - root - INFO - [31mstep:  5  [32mloss:  7.70562  [38;2;180;60;0mgrad_norm: 13.9375  [38;2;54;234;195mmemory:  3.55GiB(8.99%)  [34mtps: 51  [36mtflops: 0.17  [35mmfu: 0.05%[39m
[titan] 2026-09-10 07:32:38,408 - root - INFO - [31mstep:  6  [32mloss:  6.29855  [38;2;180;60;0mgrad_norm:  9.8125  [38;2;54;234;195mmemory:  3.55GiB(8.99%)  [34mtps: 51  [36mtflops: 0.17  [35mmfu: 0.05%[39m
[titan] 2026-09-10 07:32:38,409 - root - INFO - [31mstep:  6  [32mloss:  6.29855  [38;2;180;60;0mgrad_norm:  9.8125  [38;2;54;234;195mmemory:  3.55GiB(8.99%)  [34mtps: 51  [36mtflops: 0.17  [35mmfu: 0.05%[39m
[titan] 2026-09-10 07:32:38,410 - root - INFO - [31mstep:  6  [32mloss:  6.29855  [38;2;180;60;0mgrad_norm:  9.8125  [38;2;54;234;195mmemory:  3.55GiB(8.99%)  [34mtps: 51  [36mtflops: 0.17  [35mmfu: 0.05%[39m
[titan] 2026-09-10 07:32:38,416 - root - INFO - [31mstep:  6  [32mloss:  6.29855  [38;2;180;60;0mgrad_norm:  9.8125  [38;2;54;234;195mmemory:  3.55GiB(8.99%)  [34mtps: 51  [36mtflops: 0.17  [35mmfu: 0.05%[39m
[titan] 2026-09-10 07:32:39,635 - root - INFO - [31mstep:  7  [32mloss:  5.00589  [38;2;180;60;0mgrad_norm:  7.3125  [38;2;54;234;195mmemory:  3.55GiB(8.99%)  [34mtps: 52  [36mtflops: 0.17  [35mmfu: 0.06%[39m
[titan] 2026-09-10 07:32:39,635 - root - INFO - [31mstep:  7  [32mloss:  5.00589  [38;2;180;60;0mgrad_norm:  7.3125  [38;2;54;234;195mmemory:  3.55GiB(8.99%)  [34mtps: 52  [36mtflops: 0.17  [35mmfu: 0.06%[39m
[titan] 2026-09-10 07:32:39,637 - root - INFO - [31mstep:  7  [32mloss:  5.00589  [38;2;180;60;0mgrad_norm:  7.3125  [38;2;54;234;195mmemory:  3.55GiB(8.99%)  [34mtps: 52  [36mtflops: 0.17  [35mmfu: 0.06%[39m
[titan] 2026-09-10 07:32:39,644 - root - INFO - [31mstep:  7  [32mloss:  5.00589  [38;2;180;60;0mgrad_norm:  7.3125  [38;2;54;234;195mmemory:  3.55GiB(8.99%)  [34mtps: 52  [36mtflops: 0.17  [35mmfu: 0.06%[39m
[titan] 2026-09-10 07:32:40,871 - root - INFO - [31mstep:  8  [32mloss:  4.76891  [38;2;180;60;0mgrad_norm:  9.2500  [38;2;54;234;195mmemory:  3.55GiB(8.99%)  [34mtps: 52  [36mtflops: 0.17  [35mmfu: 0.06%[39m
[titan] 2026-09-10 07:32:40,872 - root - INFO - [31mstep:  8  [32mloss:  4.76891  [38;2;180;60;0mgrad_norm:  9.2500  [38;2;54;234;195mmemory:  3.55GiB(8.99%)  [34mtps: 52  [36mtflops: 0.17  [35mmfu: 0.06%[39m
[titan] 2026-09-10 07:32:40,872 - root - INFO - [31mstep:  8  [32mloss:  4.76891  [38;2;180;60;0mgrad_norm:  9.2500  [38;2;54;234;195mmemory:  3.55GiB(8.99%)  [34mtps: 52  [36mtflops: 0.17  [35mmfu: 0.06%[39m
[titan] 2026-09-10 07:32:40,884 - root - INFO - [31mstep:  8  [32mloss:  4.76891  [38;2;180;60;0mgrad_norm:  9.2500  [38;2;54;234;195mmemory:  3.55GiB(8.99%)  [34mtps: 52  [36mtflops: 0.17  [35mmfu: 0.06%[39m
[titan] 2026-09-10 07:32:42,088 - root - INFO - [31mstep:  9  [32mloss:  3.92249  [38;2;180;60;0mgrad_norm:  6.3438  [38;2;54;234;195mmemory:  3.55GiB(8.99%)  [34mtps: 53  [36mtflops: 0.17  [35mmfu: 0.06%[39m
[titan] 2026-09-10 07:32:42,089 - root - INFO - [31mstep:  9  [32mloss:  3.92249  [38;2;180;60;0mgrad_norm:  6.3438  [38;2;54;234;195mmemory:  3.55GiB(8.99%)  [34mtps: 53  [36mtflops: 0.17  [35mmfu: 0.06%[39m
[titan] 2026-09-10 07:32:42,091 - root - INFO - [31mstep:  9  [32mloss:  3.92249  [38;2;180;60;0mgrad_norm:  6.3438  [38;2;54;234;195mmemory:  3.55GiB(8.99%)  [34mtps: 52  [36mtflops: 0.17  [35mmfu: 0.06%[39m
[titan] 2026-09-10 07:32:42,094 - root - INFO - [31mstep:  9  [32mloss:  3.92249  [38;2;180;60;0mgrad_norm:  6.3438  [38;2;54;234;195mmemory:  3.55GiB(8.99%)  [34mtps: 53  [36mtflops: 0.18  [35mmfu: 0.06%[39m
[titan] 2026-09-10 07:32:43,304 - root - INFO - [31mstep: 10  [32mloss:  4.22325  [38;2;180;60;0mgrad_norm: 12.9375  [38;2;54;234;195mmemory:  3.55GiB(8.99%)  [34mtps: 53  [36mtflops: 0.18  [35mmfu: 0.06%[39m
[titan] 2026-09-10 07:32:43,304 - root - INFO - [31mstep: 10  [32mloss:  4.22325  [38;2;180;60;0mgrad_norm: 12.9375  [38;2;54;234;195mmemory:  3.55GiB(8.99%)  [34mtps: 53  [36mtflops: 0.18  [35mmfu: 0.06%[39m
[titan] 2026-09-10 07:32:43,304 - root - INFO - [31mstep: 10  [32mloss:  4.22325  [38;2;180;60;0mgrad_norm: 12.9375  [38;2;54;234;195mmemory:  3.55GiB(8.99%)  [34mtps: 53  [36mtflops: 0.18  [35mmfu: 0.06%[39m
[titan] 2026-09-10 07:32:43,310 - root - INFO - [31mstep: 10  [32mloss:  4.22325  [38;2;180;60;0mgrad_norm: 12.9375  [38;2;54;234;195mmemory:  3.55GiB(8.99%)  [34mtps: 53  [36mtflops: 0.17  [35mmfu: 0.06%[39m
[titan] 2026-09-10 07:32:44,523 - root - INFO - [31mstep: 11  [32mloss:  3.68067  [38;2;180;60;0mgrad_norm:  7.4062  [38;2;54;234;195mmemory:  3.55GiB(8.99%)  [34mtps: 53  [36mtflops: 0.17  [35mmfu: 0.06%[39m
[titan] 2026-09-10 07:32:44,524 - root - INFO - [31mstep: 11  [32mloss:  3.68067  [38;2;180;60;0mgrad_norm:  7.4062  [38;2;54;234;195mmemory:  3.55GiB(8.99%)  [34mtps: 52  [36mtflops: 0.17  [35mmfu: 0.06%[39m
[titan] 2026-09-10 07:32:44,525 - root - INFO - [31mstep: 11  [32mloss:  3.68067  [38;2;180;60;0mgrad_norm:  7.4062  [38;2;54;234;195mmemory:  3.55GiB(8.99%)  [34mtps: 52  [36mtflops: 0.17  [35mmfu: 0.06%[39m
[titan] 2026-09-10 07:32:44,538 - root - INFO - [31mstep: 11  [32mloss:  3.68067  [38;2;180;60;0mgrad_norm:  7.4062  [38;2;54;234;195mmemory:  3.55GiB(8.99%)  [34mtps: 52  [36mtflops: 0.17  [35mmfu: 0.06%[39m
[titan] 2026-09-10 07:32:45,756 - root - INFO - [31mstep: 12  [32mloss:  4.96211  [38;2;180;60;0mgrad_norm:  4.9062  [38;2;54;234;195mmemory:  3.55GiB(8.99%)  [34mtps: 52  [36mtflops: 0.17  [35mmfu: 0.06%[39m
[titan] 2026-09-10 07:32:45,757 - root - INFO - [31mstep: 12  [32mloss:  4.96211  [38;2;180;60;0mgrad_norm:  4.9062  [38;2;54;234;195mmemory:  3.55GiB(8.99%)  [34mtps: 52  [36mtflops: 0.17  [35mmfu: 0.06%[39m
[titan] 2026-09-10 07:32:45,757 - root - INFO - [31mstep: 12  [32mloss:  4.96211  [38;2;180;60;0mgrad_norm:  4.9062  [38;2;54;234;195mmemory:  3.55GiB(8.99%)  [34mtps: 52  [36mtflops: 0.17  [35mmfu: 0.06%[39m
[titan] 2026-09-10 07:32:45,762 - root - INFO - [31mstep: 12  [32mloss:  4.96211  [38;2;180;60;0mgrad_norm:  4.9062  [38;2;54;234;195mmemory:  3.55GiB(8.99%)  [34mtps: 52  [36mtflops: 0.17  [35mmfu: 0.06%[39m
[titan] 2026-09-10 07:32:46,962 - root - INFO - [31mstep: 13  [32mloss:  3.51121  [38;2;180;60;0mgrad_norm:  6.7188  [38;2;54;234;195mmemory:  3.55GiB(8.99%)  [34mtps: 53  [36mtflops: 0.18  [35mmfu: 0.06%[39m
[titan] 2026-09-10 07:32:46,962 - root - INFO - [31mstep: 13  [32mloss:  3.51121  [38;2;180;60;0mgrad_norm:  6.7188  [38;2;54;234;195mmemory:  3.55GiB(8.99%)  [34mtps: 53  [36mtflops: 0.18  [35mmfu: 0.06%[39m
[titan] 2026-09-10 07:32:46,968 - root - INFO - [31mstep: 13  [32mloss:  3.51121  [38;2;180;60;0mgrad_norm:  6.7188  [38;2;54;234;195mmemory:  3.55GiB(8.99%)  [34mtps: 53  [36mtflops: 0.18  [35mmfu: 0.06%[39m
[titan] 2026-09-10 07:32:46,968 - root - INFO - [31mstep: 13  [32mloss:  3.51121  [38;2;180;60;0mgrad_norm:  6.7188  [38;2;54;234;195mmemory:  3.55GiB(8.99%)  [34mtps: 53  [36mtflops: 0.18  [35mmfu: 0.06%[39m
[titan] 2026-09-10 07:32:48,169 - root - INFO - [31mstep: 14  [32mloss:  4.11449  [38;2;180;60;0mgrad_norm:  7.5000  [38;2;54;234;195mmemory:  3.55GiB(8.99%)  [34mtps: 53  [36mtflops: 0.18  [35mmfu: 0.06%[39m
[titan] 2026-09-10 07:32:48,172 - root - INFO - [31mstep: 14  [32mloss:  4.11449  [38;2;180;60;0mgrad_norm:  7.5000  [38;2;54;234;195mmemory:  3.55GiB(8.99%)  [34mtps: 53  [36mtflops: 0.18  [35mmfu: 0.06%[39m
[titan] 2026-09-10 07:32:48,173 - root - INFO - [31mstep: 14  [32mloss:  4.11449  [38;2;180;60;0mgrad_norm:  7.5000  [38;2;54;234;195mmemory:  3.55GiB(8.99%)  [34mtps: 53  [36mtflops: 0.18  [35mmfu: 0.06%[39m
[titan] 2026-09-10 07:32:48,177 - root - INFO - [31mstep: 14  [32mloss:  4.11449  [38;2;180;60;0mgrad_norm:  7.5000  [38;2;54;234;195mmemory:  3.55GiB(8.99%)  [34mtps: 53  [36mtflops: 0.18  [35mmfu: 0.06%[39m
[titan] 2026-09-10 07:32:49,392 - root - INFO - [31mstep: 15  [32mloss:  4.06224  [38;2;180;60;0mgrad_norm:  5.5000  [38;2;54;234;195mmemory:  3.55GiB(8.99%)  [34mtps: 52  [36mtflops: 0.17  [35mmfu: 0.06%[39m
[titan] 2026-09-10 07:32:49,392 - root - INFO - [31mstep: 15  [32mloss:  4.06224  [38;2;180;60;0mgrad_norm:  5.5000  [38;2;54;234;195mmemory:  3.55GiB(8.99%)  [34mtps: 52  [36mtflops: 0.17  [35mmfu: 0.06%[39m
[titan] 2026-09-10 07:32:49,397 - root - INFO - [31mstep: 15  [32mloss:  4.06224  [38;2;180;60;0mgrad_norm:  5.5000  [38;2;54;234;195mmemory:  3.55GiB(8.99%)  [34mtps: 52  [36mtflops: 0.17  [35mmfu: 0.06%[39m
[titan] 2026-09-10 07:32:49,404 - root - INFO - [31mstep: 15  [32mloss:  4.06224  [38;2;180;60;0mgrad_norm:  5.5000  [38;2;54;234;195mmemory:  3.55GiB(8.99%)  [34mtps: 52  [36mtflops: 0.17  [35mmfu: 0.06%[39m
[titan] 2026-09-10 07:32:50,595 - root - INFO - [31mstep: 16  [32mloss:  3.23038  [38;2;180;60;0mgrad_norm:  6.0625  [38;2;54;234;195mmemory:  3.55GiB(8.99%)  [34mtps: 53  [36mtflops: 0.18  [35mmfu: 0.06%[39m
[titan] 2026-09-10 07:32:50,595 - root - INFO - [31mstep: 16  [32mloss:  3.23038  [38;2;180;60;0mgrad_norm:  6.0625  [38;2;54;234;195mmemory:  3.55GiB(8.99%)  [34mtps: 53  [36mtflops: 0.18  [35mmfu: 0.06%[39m
[titan] 2026-09-10 07:32:50,596 - root - INFO - [31mstep: 16  [32mloss:  3.23038  [38;2;180;60;0mgrad_norm:  6.0625  [38;2;54;234;195mmemory:  3.55GiB(8.99%)  [34mtps: 53  [36mtflops: 0.18  [35mmfu: 0.06%[39m
[titan] 2026-09-10 07:32:50,598 - root - INFO - [31mstep: 16  [32mloss:  3.23038  [38;2;180;60;0mgrad_norm:  6.0625  [38;2;54;234;195mmemory:  3.55GiB(8.99%)  [34mtps: 54  [36mtflops: 0.18  [35mmfu: 0.06%[39m
[titan] 2026-09-10 07:32:51,803 - root - INFO - [31mstep: 17  [32mloss:  3.67005  [38;2;180;60;0mgrad_norm:  5.0000  [38;2;54;234;195mmemory:  3.55GiB(8.99%)  [34mtps: 53  [36mtflops: 0.18  [35mmfu: 0.06%[39m
[titan] 2026-09-10 07:32:51,803 - root - INFO - [31mstep: 17  [32mloss:  3.67005  [38;2;180;60;0mgrad_norm:  5.0000  [38;2;54;234;195mmemory:  3.55GiB(8.99%)  [34mtps: 53  [36mtflops: 0.18  [35mmfu: 0.06%[39m
[titan] 2026-09-10 07:32:51,806 - root - INFO - [31mstep: 17  [32mloss:  3.67005  [38;2;180;60;0mgrad_norm:  5.0000  [38;2;54;234;195mmemory:  3.55GiB(8.99%)  [34mtps: 53  [36mtflops: 0.18  [35mmfu: 0.06%[39m
[titan] 2026-09-10 07:32:51,810 - root - INFO - [31mstep: 17  [32mloss:  3.67005  [38;2;180;60;0mgrad_norm:  5.0000  [38;2;54;234;195mmemory:  3.55GiB(8.99%)  [34mtps: 53  [36mtflops: 0.18  [35mmfu: 0.06%[39m
[titan] 2026-09-10 07:32:53,010 - root - INFO - [31mstep: 18  [32mloss:  3.15334  [38;2;180;60;0mgrad_norm:  6.5312  [38;2;54;234;195mmemory:  3.55GiB(8.99%)  [34mtps: 53  [36mtflops: 0.18  [35mmfu: 0.06%[39m
[titan] 2026-09-10 07:32:53,010 - root - INFO - [31mstep: 18  [32mloss:  3.15334  [38;2;180;60;0mgrad_norm:  6.5312  [38;2;54;234;195mmemory:  3.55GiB(8.99%)  [34mtps: 53  [36mtflops: 0.18  [35mmfu: 0.06%[39m
[titan] 2026-09-10 07:32:53,011 - root - INFO - [31mstep: 18  [32mloss:  3.15334  [38;2;180;60;0mgrad_norm:  6.5312  [38;2;54;234;195mmemory:  3.55GiB(8.99%)  [34mtps: 53  [36mtflops: 0.18  [35mmfu: 0.06%[39m
[titan] 2026-09-10 07:32:53,015 - root - INFO - [31mstep: 18  [32mloss:  3.15334  [38;2;180;60;0mgrad_norm:  6.5312  [38;2;54;234;195mmemory:  3.55GiB(8.99%)  [34mtps: 53  [36mtflops: 0.18  [35mmfu: 0.06%[39m
[titan] 2026-09-10 07:32:54,221 - root - INFO - [31mstep: 19  [32mloss:  3.21482  [38;2;180;60;0mgrad_norm:  6.4375  [38;2;54;234;195mmemory:  3.55GiB(8.99%)  [34mtps: 53  [36mtflops: 0.18  [35mmfu: 0.06%[39m
[titan] 2026-09-10 07:32:54,221 - root - INFO - [31mstep: 19  [32mloss:  3.21482  [38;2;180;60;0mgrad_norm:  6.4375  [38;2;54;234;195mmemory:  3.55GiB(8.99%)  [34mtps: 53  [36mtflops: 0.18  [35mmfu: 0.06%[39m
[titan] 2026-09-10 07:32:54,222 - root - INFO - [31mstep: 19  [32mloss:  3.21482  [38;2;180;60;0mgrad_norm:  6.4375  [38;2;54;234;195mmemory:  3.55GiB(8.99%)  [34mtps: 53  [36mtflops: 0.18  [35mmfu: 0.06%[39m
[titan] 2026-09-10 07:32:54,229 - root - INFO - [31mstep: 19  [32mloss:  3.21482  [38;2;180;60;0mgrad_norm:  6.4375  [38;2;54;234;195mmemory:  3.55GiB(8.99%)  [34mtps: 53  [36mtflops: 0.18  [35mmfu: 0.06%[39m
[titan] 2026-09-10 07:32:55,437 - root - INFO - [31mstep: 20  [32mloss:  3.21865  [38;2;180;60;0mgrad_norm:  5.4688  [38;2;54;234;195mmemory:  3.55GiB(8.99%)  [34mtps: 53  [36mtflops: 0.17  [35mmfu: 0.06%[39m
[titan] 2026-09-10 07:32:55,439 - root - INFO - [31mstep: 20  [32mloss:  3.21865  [38;2;180;60;0mgrad_norm:  5.4688  [38;2;54;234;195mmemory:  3.55GiB(8.99%)  [34mtps: 53  [36mtflops: 0.17  [35mmfu: 0.06%[39m
[titan] 2026-09-10 07:32:55,440 - root - INFO - [31mstep: 20  [32mloss:  3.21865  [38;2;180;60;0mgrad_norm:  5.4688  [38;2;54;234;195mmemory:  3.55GiB(8.99%)  [34mtps: 53  [36mtflops: 0.17  [35mmfu: 0.06%[39m
[titan] 2026-09-10 07:32:55,444 - root - INFO - [31mstep: 20  [32mloss:  3.21865  [38;2;180;60;0mgrad_norm:  5.4688  [38;2;54;234;195mmemory:  3.55GiB(8.99%)  [34mtps: 53  [36mtflops: 0.18  [35mmfu: 0.06%[39m
[titan] 2026-09-10 07:32:56,633 - root - INFO - [31mstep: 21  [32mloss:  3.58190  [38;2;180;60;0mgrad_norm:  7.5938  [38;2;54;234;195mmemory:  3.55GiB(8.99%)  [34mtps: 54  [36mtflops: 0.18  [35mmfu: 0.06%[39m
[titan] 2026-09-10 07:32:56,634 - root - INFO - [31mstep: 21  [32mloss:  3.58190  [38;2;180;60;0mgrad_norm:  7.5938  [38;2;54;234;195mmemory:  3.55GiB(8.99%)  [34mtps: 54  [36mtflops: 0.18  [35mmfu: 0.06%[39m
[titan] 2026-09-10 07:32:56,636 - root - INFO - [31mstep: 21  [32mloss:  3.58190  [38;2;180;60;0mgrad_norm:  7.5938  [38;2;54;234;195mmemory:  3.55GiB(8.99%)  [34mtps: 54  [36mtflops: 0.18  [35mmfu: 0.06%[39m
[titan] 2026-09-10 07:32:56,636 - root - INFO - [31mstep: 21  [32mloss:  3.58190  [38;2;180;60;0mgrad_norm:  7.5938  [38;2;54;234;195mmemory:  3.55GiB(8.99%)  [34mtps: 53  [36mtflops: 0.18  [35mmfu: 0.06%[39m
[titan] 2026-09-10 07:32:57,836 - root - INFO - [31mstep: 22  [32mloss:  3.47245  [38;2;180;60;0mgrad_norm:  5.3125  [38;2;54;234;195mmemory:  3.55GiB(8.99%)  [34mtps: 53  [36mtflops: 0.18  [35mmfu: 0.06%[39m
[titan] 2026-09-10 07:32:57,837 - root - INFO - [31mstep: 22  [32mloss:  3.47245  [38;2;180;60;0mgrad_norm:  5.3125  [38;2;54;234;195mmemory:  3.55GiB(8.99%)  [34mtps: 53  [36mtflops: 0.18  [35mmfu: 0.06%[39m
[titan] 2026-09-10 07:32:57,838 - root - INFO - [31mstep: 22  [32mloss:  3.47245  [38;2;180;60;0mgrad_norm:  5.3125  [38;2;54;234;195mmemory:  3.55GiB(8.99%)  [34mtps: 53  [36mtflops: 0.18  [35mmfu: 0.06%[39m
[titan] 2026-09-10 07:32:57,844 - root - INFO - [31mstep: 22  [32mloss:  3.47245  [38;2;180;60;0mgrad_norm:  5.3125  [38;2;54;234;195mmemory:  3.55GiB(8.99%)  [34mtps: 53  [36mtflops: 0.18  [35mmfu: 0.06%[39m
[titan] 2026-09-10 07:32:59,041 - root - INFO - [31mstep: 23  [32mloss:  3.03528  [38;2;180;60;0mgrad_norm:  5.8438  [38;2;54;234;195mmemory:  3.55GiB(8.99%)  [34mtps: 53  [36mtflops: 0.18  [35mmfu: 0.06%[39m
[titan] 2026-09-10 07:32:59,041 - root - INFO - [31mstep: 23  [32mloss:  3.03528  [38;2;180;60;0mgrad_norm:  5.8438  [38;2;54;234;195mmemory:  3.55GiB(8.99%)  [34mtps: 53  [36mtflops: 0.18  [35mmfu: 0.06%[39m
[titan] 2026-09-10 07:32:59,042 - root - INFO - [31mstep: 23  [32mloss:  3.03528  [38;2;180;60;0mgrad_norm:  5.8438  [38;2;54;234;195mmemory:  3.55GiB(8.99%)  [34mtps: 53  [36mtflops: 0.18  [35mmfu: 0.06%[39m
[titan] 2026-09-10 07:32:59,045 - root - INFO - [31mstep: 23  [32mloss:  3.03528  [38;2;180;60;0mgrad_norm:  5.8438  [38;2;54;234;195mmemory:  3.55GiB(8.99%)  [34mtps: 53  [36mtflops: 0.18  [35mmfu: 0.06%[39m
[titan] 2026-09-10 07:33:00,239 - root - INFO - [31mstep: 24  [32mloss:  2.61653  [38;2;180;60;0mgrad_norm:  5.4688  [38;2;54;234;195mmemory:  3.55GiB(8.99%)  [34mtps: 53  [36mtflops: 0.18  [35mmfu: 0.06%[39m
[titan] 2026-09-10 07:33:00,239 - root - INFO - [31mstep: 24  [32mloss:  2.61653  [38;2;180;60;0mgrad_norm:  5.4688  [38;2;54;234;195mmemory:  3.55GiB(8.99%)  [34mtps: 53  [36mtflops: 0.18  [35mmfu: 0.06%[39m
[titan] 2026-09-10 07:33:00,241 - root - INFO - [31mstep: 24  [32mloss:  2.61653  [38;2;180;60;0mgrad_norm:  5.4688  [38;2;54;234;195mmemory:  3.55GiB(8.99%)  [34mtps: 53  [36mtflops: 0.18  [35mmfu: 0.06%[39m
[titan] 2026-09-10 07:33:00,248 - root - INFO - [31mstep: 24  [32mloss:  2.61653  [38;2;180;60;0mgrad_norm:  5.4688  [38;2;54;234;195mmemory:  3.55GiB(8.99%)  [34mtps: 53  [36mtflops: 0.18  [35mmfu: 0.06%[39m
[titan] 2026-09-10 07:33:01,471 - root - INFO - [31mstep: 25  [32mloss:  3.02957  [38;2;180;60;0mgrad_norm:  3.7656  [38;2;54;234;195mmemory:  3.55GiB(8.99%)  [34mtps: 52  [36mtflops: 0.17  [35mmfu: 0.06%[39m
[titan] 2026-09-10 07:33:01,471 - root - INFO - [31mstep: 25  [32mloss:  3.02957  [38;2;180;60;0mgrad_norm:  3.7656  [38;2;54;234;195mmemory:  3.55GiB(8.99%)  [34mtps: 52  [36mtflops: 0.17  [35mmfu: 0.06%[39m
[titan] 2026-09-10 07:33:01,473 - root - INFO - [31mstep: 25  [32mloss:  3.02957  [38;2;180;60;0mgrad_norm:  3.7656  [38;2;54;234;195mmemory:  3.55GiB(8.99%)  [34mtps: 52  [36mtflops: 0.17  [35mmfu: 0.06%[39m
[titan] 2026-09-10 07:33:01,482 - root - INFO - [31mstep: 25  [32mloss:  3.02957  [38;2;180;60;0mgrad_norm:  3.7656  [38;2;54;234;195mmemory:  3.55GiB(8.99%)  [34mtps: 52  [36mtflops: 0.17  [35mmfu: 0.06%[39m
[titan] 2026-09-10 07:33:02,683 - root - INFO - [31mstep: 26  [32mloss:  3.77099  [38;2;180;60;0mgrad_norm:  3.0156  [38;2;54;234;195mmemory:  3.55GiB(8.99%)  [34mtps: 53  [36mtflops: 0.18  [35mmfu: 0.06%[39m
[titan] 2026-09-10 07:33:02,683 - root - INFO - [31mstep: 26  [32mloss:  3.77099  [38;2;180;60;0mgrad_norm:  3.0156  [38;2;54;234;195mmemory:  3.55GiB(8.99%)  [34mtps: 53  [36mtflops: 0.18  [35mmfu: 0.06%[39m
[titan] 2026-09-10 07:33:02,685 - root - INFO - [31mstep: 26  [32mloss:  3.77099  [38;2;180;60;0mgrad_norm:  3.0156  [38;2;54;234;195mmemory:  3.55GiB(8.99%)  [34mtps: 53  [36mtflops: 0.18  [35mmfu: 0.06%[39m
[titan] 2026-09-10 07:33:02,685 - root - INFO - [31mstep: 26  [32mloss:  3.77099  [38;2;180;60;0mgrad_norm:  3.0156  [38;2;54;234;195mmemory:  3.55GiB(8.99%)  [34mtps: 53  [36mtflops: 0.18  [35mmfu: 0.06%[39m
[titan] 2026-09-10 07:33:03,884 - root - INFO - [31mstep: 27  [32mloss:  3.32129  [38;2;180;60;0mgrad_norm:  5.4062  [38;2;54;234;195mmemory:  3.55GiB(8.99%)  [34mtps: 53  [36mtflops: 0.18  [35mmfu: 0.06%[39m
[titan] 2026-09-10 07:33:03,885 - root - INFO - [31mstep: 27  [32mloss:  3.32129  [38;2;180;60;0mgrad_norm:  5.4062  [38;2;54;234;195mmemory:  3.55GiB(8.99%)  [34mtps: 53  [36mtflops: 0.18  [35mmfu: 0.06%[39m
[titan] 2026-09-10 07:33:03,886 - root - INFO - [31mstep: 27  [32mloss:  3.32129  [38;2;180;60;0mgrad_norm:  5.4062  [38;2;54;234;195mmemory:  3.55GiB(8.99%)  [34mtps: 53  [36mtflops: 0.18  [35mmfu: 0.06%[39m
[titan] 2026-09-10 07:33:03,887 - root - INFO - [31mstep: 27  [32mloss:  3.32129  [38;2;180;60;0mgrad_norm:  5.4062  [38;2;54;234;195mmemory:  3.55GiB(8.99%)  [34mtps: 53  [36mtflops: 0.18  [35mmfu: 0.06%[39m
[titan] 2026-09-10 07:33:05,088 - root - INFO - [31mstep: 28  [32mloss:  3.00287  [38;2;180;60;0mgrad_norm:  5.2188  [38;2;54;234;195mmemory:  3.55GiB(8.99%)  [34mtps: 53  [36mtflops: 0.18  [35mmfu: 0.06%[39m
[titan] 2026-09-10 07:33:05,088 - root - INFO - [31mstep: 28  [32mloss:  3.00287  [38;2;180;60;0mgrad_norm:  5.2188  [38;2;54;234;195mmemory:  3.55GiB(8.99%)  [34mtps: 53  [36mtflops: 0.18  [35mmfu: 0.06%[39m
[titan] 2026-09-10 07:33:05,092 - root - INFO - [31mstep: 28  [32mloss:  3.00287  [38;2;180;60;0mgrad_norm:  5.2188  [38;2;54;234;195mmemory:  3.55GiB(8.99%)  [34mtps: 53  [36mtflops: 0.18  [35mmfu: 0.06%[39m
[titan] 2026-09-10 07:33:05,093 - root - INFO - [31mstep: 28  [32mloss:  3.00287  [38;2;180;60;0mgrad_norm:  5.2188  [38;2;54;234;195mmemory:  3.55GiB(8.99%)  [34mtps: 53  [36mtflops: 0.18  [35mmfu: 0.06%[39m
[titan] 2026-09-10 07:33:06,308 - root - INFO - [31mstep: 29  [32mloss:  3.22714  [38;2;180;60;0mgrad_norm:  6.7188  [38;2;54;234;195mmemory:  3.55GiB(8.99%)  [34mtps: 53  [36mtflops: 0.17  [35mmfu: 0.06%[39m
[titan] 2026-09-10 07:33:06,308 - root - INFO - [31mstep: 29  [32mloss:  3.22714  [38;2;180;60;0mgrad_norm:  6.7188  [38;2;54;234;195mmemory:  3.55GiB(8.99%)  [34mtps: 52  [36mtflops: 0.17  [35mmfu: 0.06%[39m
[titan] 2026-09-10 07:33:06,311 - root - INFO - [31mstep: 29  [32mloss:  3.22714  [38;2;180;60;0mgrad_norm:  6.7188  [38;2;54;234;195mmemory:  3.55GiB(8.99%)  [34mtps: 52  [36mtflops: 0.17  [35mmfu: 0.06%[39m
[titan] 2026-09-10 07:33:06,313 - root - INFO - [31mstep: 29  [32mloss:  3.22714  [38;2;180;60;0mgrad_norm:  6.7188  [38;2;54;234;195mmemory:  3.55GiB(8.99%)  [34mtps: 52  [36mtflops: 0.17  [35mmfu: 0.06%[39m
[titan] 2026-09-10 07:33:07,517 - root - INFO - [31mstep: 30  [32mloss:  3.17744  [38;2;180;60;0mgrad_norm:  4.9688  [38;2;54;234;195mmemory:  3.55GiB(8.99%)  [34mtps: 53  [36mtflops: 0.18  [35mmfu: 0.06%[39m
[titan] 2026-09-10 07:33:07,518 - root - INFO - [31mstep: 30  [32mloss:  3.17744  [38;2;180;60;0mgrad_norm:  4.9688  [38;2;54;234;195mmemory:  3.55GiB(8.99%)  [34mtps: 53  [36mtflops: 0.18  [35mmfu: 0.06%[39m
[titan] 2026-09-10 07:33:07,518 - root - INFO - [31mstep: 30  [32mloss:  3.17744  [38;2;180;60;0mgrad_norm:  4.9688  [38;2;54;234;195mmemory:  3.55GiB(8.99%)  [34mtps: 53  [36mtflops: 0.18  [35mmfu: 0.06%[39m
[titan] 2026-09-10 07:33:07,518 - root - INFO - [31mstep: 30  [32mloss:  3.17744  [38;2;180;60;0mgrad_norm:  4.9688  [38;2;54;234;195mmemory:  3.55GiB(8.99%)  [34mtps: 53  [36mtflops: 0.18  [35mmfu: 0.06%[39m
[titan] 2026-09-10 07:33:08,743 - root - INFO - [31mstep: 31  [32mloss:  3.09745  [38;2;180;60;0mgrad_norm:  4.3125  [38;2;54;234;195mmemory:  3.55GiB(8.99%)  [34mtps: 52  [36mtflops: 0.17  [35mmfu: 0.06%[39m
[titan] 2026-09-10 07:33:08,743 - root - INFO - [31mstep: 31  [32mloss:  3.09745  [38;2;180;60;0mgrad_norm:  4.3125  [38;2;54;234;195mmemory:  3.55GiB(8.99%)  [34mtps: 52  [36mtflops: 0.17  [35mmfu: 0.06%[39m
[titan] 2026-09-10 07:33:08,748 - root - INFO - [31mstep: 31  [32mloss:  3.09745  [38;2;180;60;0mgrad_norm:  4.3125  [38;2;54;234;195mmemory:  3.55GiB(8.99%)  [34mtps: 52  [36mtflops: 0.17  [35mmfu: 0.06%[39m
[titan] 2026-09-10 07:33:08,749 - root - INFO - [31mstep: 31  [32mloss:  3.09745  [38;2;180;60;0mgrad_norm:  4.3125  [38;2;54;234;195mmemory:  3.55GiB(8.99%)  [34mtps: 52  [36mtflops: 0.17  [35mmfu: 0.06%[39m
[titan] 2026-09-10 07:33:09,957 - root - INFO - [31mstep: 32  [32mloss:  2.82711  [38;2;180;60;0mgrad_norm:  4.6562  [38;2;54;234;195mmemory:  3.55GiB(8.99%)  [34mtps: 53  [36mtflops: 0.18  [35mmfu: 0.06%[39m
[titan] 2026-09-10 07:33:09,958 - root - INFO - [31mstep: 32  [32mloss:  2.82711  [38;2;180;60;0mgrad_norm:  4.6562  [38;2;54;234;195mmemory:  3.55GiB(8.99%)  [34mtps: 53  [36mtflops: 0.18  [35mmfu: 0.06%[39m
[titan] 2026-09-10 07:33:09,963 - root - INFO - [31mstep: 32  [32mloss:  2.82711  [38;2;180;60;0mgrad_norm:  4.6562  [38;2;54;234;195mmemory:  3.55GiB(8.99%)  [34mtps: 53  [36mtflops: 0.18  [35mmfu: 0.06%[39m
[titan] 2026-09-10 07:33:09,965 - root - INFO - [31mstep: 32  [32mloss:  2.82711  [38;2;180;60;0mgrad_norm:  4.6562  [38;2;54;234;195mmemory:  3.55GiB(8.99%)  [34mtps: 53  [36mtflops: 0.17  [35mmfu: 0.06%[39m
[titan] 2026-09-10 07:33:11,158 - root - INFO - [31mstep: 33  [32mloss:  3.17493  [38;2;180;60;0mgrad_norm:  5.6562  [38;2;54;234;195mmemory:  3.55GiB(8.99%)  [34mtps: 53  [36mtflops: 0.18  [35mmfu: 0.06%[39m
[titan] 2026-09-10 07:33:11,159 - root - INFO - [31mstep: 33  [32mloss:  3.17493  [38;2;180;60;0mgrad_norm:  5.6562  [38;2;54;234;195mmemory:  3.55GiB(8.99%)  [34mtps: 53  [36mtflops: 0.18  [35mmfu: 0.06%[39m
[titan] 2026-09-10 07:33:11,159 - root - INFO - [31mstep: 33  [32mloss:  3.17493  [38;2;180;60;0mgrad_norm:  5.6562  [38;2;54;234;195mmemory:  3.55GiB(8.99%)  [34mtps: 54  [36mtflops: 0.18  [35mmfu: 0.06%[39m
[titan] 2026-09-10 07:33:11,161 - root - INFO - [31mstep: 33  [32mloss:  3.17493  [38;2;180;60;0mgrad_norm:  5.6562  [38;2;54;234;195mmemory:  3.55GiB(8.99%)  [34mtps: 53  [36mtflops: 0.18  [35mmfu: 0.06%[39m
[titan] 2026-09-10 07:33:12,356 - root - INFO - [31mstep: 34  [32mloss:  3.09835  [38;2;180;60;0mgrad_norm:  6.3125  [38;2;54;234;195mmemory:  3.55GiB(8.99%)  [34mtps: 53  [36mtflops: 0.18  [35mmfu: 0.06%[39m
[titan] 2026-09-10 07:33:12,357 - root - INFO - [31mstep: 34  [32mloss:  3.09835  [38;2;180;60;0mgrad_norm:  6.3125  [38;2;54;234;195mmemory:  3.55GiB(8.99%)  [34mtps: 53  [36mtflops: 0.18  [35mmfu: 0.06%[39m
[titan] 2026-09-10 07:33:12,357 - root - INFO - [31mstep: 34  [32mloss:  3.09835  [38;2;180;60;0mgrad_norm:  6.3125  [38;2;54;234;195mmemory:  3.55GiB(8.99%)  [34mtps: 53  [36mtflops: 0.18  [35mmfu: 0.06%[39m
[titan] 2026-09-10 07:33:12,360 - root - INFO - [31mstep: 34  [32mloss:  3.09835  [38;2;180;60;0mgrad_norm:  6.3125  [38;2;54;234;195mmemory:  3.55GiB(8.99%)  [34mtps: 53  [36mtflops: 0.18  [35mmfu: 0.06%[39m
[titan] 2026-09-10 07:33:13,561 - root - INFO - [31mstep: 35  [32mloss:  2.93034  [38;2;180;60;0mgrad_norm:  4.2188  [38;2;54;234;195mmemory:  3.55GiB(8.99%)  [34mtps: 53  [36mtflops: 0.18  [35mmfu: 0.06%[39m
[titan] 2026-09-10 07:33:13,562 - root - INFO - [31mstep: 35  [32mloss:  2.93034  [38;2;180;60;0mgrad_norm:  4.2188  [38;2;54;234;195mmemory:  3.55GiB(8.99%)  [34mtps: 53  [36mtflops: 0.18  [35mmfu: 0.06%[39m
[titan] 2026-09-10 07:33:13,562 - root - INFO - [31mstep: 35  [32mloss:  2.93034  [38;2;180;60;0mgrad_norm:  4.2188  [38;2;54;234;195mmemory:  3.55GiB(8.99%)  [34mtps: 53  [36mtflops: 0.18  [35mmfu: 0.06%[39m
[titan] 2026-09-10 07:33:13,565 - root - INFO - [31mstep: 35  [32mloss:  2.93034  [38;2;180;60;0mgrad_norm:  4.2188  [38;2;54;234;195mmemory:  3.55GiB(8.99%)  [34mtps: 53  [36mtflops: 0.18  [35mmfu: 0.06%[39m
[titan] 2026-09-10 07:33:14,774 - root - INFO - [31mstep: 36  [32mloss:  4.09015  [38;2;180;60;0mgrad_norm:  7.8750  [38;2;54;234;195mmemory:  3.55GiB(8.99%)  [34mtps: 53  [36mtflops: 0.18  [35mmfu: 0.06%[39m
[titan] 2026-09-10 07:33:14,774 - root - INFO - [31mstep: 36  [32mloss:  4.09015  [38;2;180;60;0mgrad_norm:  7.8750  [38;2;54;234;195mmemory:  3.55GiB(8.99%)  [34mtps: 53  [36mtflops: 0.18  [35mmfu: 0.06%[39m
[titan] 2026-09-10 07:33:14,775 - root - INFO - [31mstep: 36  [32mloss:  4.09015  [38;2;180;60;0mgrad_norm:  7.8750  [38;2;54;234;195mmemory:  3.55GiB(8.99%)  [34mtps: 53  [36mtflops: 0.18  [35mmfu: 0.06%[39m
[titan] 2026-09-10 07:33:14,777 - root - INFO - [31mstep: 36  [32mloss:  4.09015  [38;2;180;60;0mgrad_norm:  7.8750  [38;2;54;234;195mmemory:  3.55GiB(8.99%)  [34mtps: 53  [36mtflops: 0.18  [35mmfu: 0.06%[39m
[titan] 2026-09-10 07:33:15,977 - root - INFO - [31mstep: 37  [32mloss:  2.75787  [38;2;180;60;0mgrad_norm:  4.9062  [38;2;54;234;195mmemory:  3.55GiB(8.99%)  [34mtps: 53  [36mtflops: 0.18  [35mmfu: 0.06%[39m
[titan] 2026-09-10 07:33:15,977 - root - INFO - [31mstep: 37  [32mloss:  2.75787  [38;2;180;60;0mgrad_norm:  4.9062  [38;2;54;234;195mmemory:  3.55GiB(8.99%)  [34mtps: 53  [36mtflops: 0.18  [35mmfu: 0.06%[39m
[titan] 2026-09-10 07:33:15,977 - root - INFO - [31mstep: 37  [32mloss:  2.75787  [38;2;180;60;0mgrad_norm:  4.9062  [38;2;54;234;195mmemory:  3.55GiB(8.99%)  [34mtps: 53  [36mtflops: 0.18  [35mmfu: 0.06%[39m
[titan] 2026-09-10 07:33:15,980 - root - INFO - [31mstep: 37  [32mloss:  2.75787  [38;2;180;60;0mgrad_norm:  4.9062  [38;2;54;234;195mmemory:  3.55GiB(8.99%)  [34mtps: 53  [36mtflops: 0.18  [35mmfu: 0.06%[39m
[titan] 2026-09-10 07:33:17,191 - root - INFO - [31mstep: 38  [32mloss:  2.89376  [38;2;180;60;0mgrad_norm:  5.4062  [38;2;54;234;195mmemory:  3.55GiB(8.99%)  [34mtps: 53  [36mtflops: 0.18  [35mmfu: 0.06%[39m
[titan] 2026-09-10 07:33:17,191 - root - INFO - [31mstep: 38  [32mloss:  2.89376  [38;2;180;60;0mgrad_norm:  5.4062  [38;2;54;234;195mmemory:  3.55GiB(8.99%)  [34mtps: 53  [36mtflops: 0.18  [35mmfu: 0.06%[39m
[titan] 2026-09-10 07:33:17,194 - root - INFO - [31mstep: 38  [32mloss:  2.89376  [38;2;180;60;0mgrad_norm:  5.4062  [38;2;54;234;195mmemory:  3.55GiB(8.99%)  [34mtps: 53  [36mtflops: 0.17  [35mmfu: 0.06%[39m
[titan] 2026-09-10 07:33:17,196 - root - INFO - [31mstep: 38  [32mloss:  2.89376  [38;2;180;60;0mgrad_norm:  5.4062  [38;2;54;234;195mmemory:  3.55GiB(8.99%)  [34mtps: 53  [36mtflops: 0.18  [35mmfu: 0.06%[39m
[titan] 2026-09-10 07:33:18,407 - root - INFO - [31mstep: 39  [32mloss:  2.89048  [38;2;180;60;0mgrad_norm:  4.6250  [38;2;54;234;195mmemory:  3.55GiB(8.99%)  [34mtps: 53  [36mtflops: 0.18  [35mmfu: 0.06%[39m
[titan] 2026-09-10 07:33:18,407 - root - INFO - [31mstep: 39  [32mloss:  2.89048  [38;2;180;60;0mgrad_norm:  4.6250  [38;2;54;234;195mmemory:  3.55GiB(8.99%)  [34mtps: 53  [36mtflops: 0.17  [35mmfu: 0.06%[39m
[titan] 2026-09-10 07:33:18,410 - root - INFO - [31mstep: 39  [32mloss:  2.89048  [38;2;180;60;0mgrad_norm:  4.6250  [38;2;54;234;195mmemory:  3.55GiB(8.99%)  [34mtps: 53  [36mtflops: 0.17  [35mmfu: 0.06%[39m
[titan] 2026-09-10 07:33:18,413 - root - INFO - [31mstep: 39  [32mloss:  2.89048  [38;2;180;60;0mgrad_norm:  4.6250  [38;2;54;234;195mmemory:  3.55GiB(8.99%)  [34mtps: 53  [36mtflops: 0.17  [35mmfu: 0.06%[39m
[titan] 2026-09-10 07:33:19,621 - root - INFO - [31mstep: 40  [32mloss:  2.35069  [38;2;180;60;0mgrad_norm:  4.7812  [38;2;54;234;195mmemory:  3.55GiB(8.99%)  [34mtps: 53  [36mtflops: 0.18  [35mmfu: 0.06%[39m
[titan] 2026-09-10 07:33:19,621 - root - INFO - [31mstep: 40  [32mloss:  2.35069  [38;2;180;60;0mgrad_norm:  4.7812  [38;2;54;234;195mmemory:  3.55GiB(8.99%)  [34mtps: 53  [36mtflops: 0.18  [35mmfu: 0.06%[39m
[titan] 2026-09-10 07:33:19,622 - root - INFO - [31mstep: 40  [32mloss:  2.35069  [38;2;180;60;0mgrad_norm:  4.7812  [38;2;54;234;195mmemory:  3.55GiB(8.99%)  [34mtps: 53  [36mtflops: 0.18  [35mmfu: 0.06%[39m
[titan] 2026-09-10 07:33:19,626 - root - INFO - [31mstep: 40  [32mloss:  2.35069  [38;2;180;60;0mgrad_norm:  4.7812  [38;2;54;234;195mmemory:  3.55GiB(8.99%)  [34mtps: 53  [36mtflops: 0.18  [35mmfu: 0.06%[39m
[titan] 2026-09-10 07:33:20,830 - root - INFO - [31mstep: 41  [32mloss:  3.28806  [38;2;180;60;0mgrad_norm:  5.7188  [38;2;54;234;195mmemory:  3.55GiB(8.99%)  [34mtps: 53  [36mtflops: 0.18  [35mmfu: 0.06%[39m
[titan] 2026-09-10 07:33:20,830 - root - INFO - [31mstep: 41  [32mloss:  3.28806  [38;2;180;60;0mgrad_norm:  5.7188  [38;2;54;234;195mmemory:  3.55GiB(8.99%)  [34mtps: 53  [36mtflops: 0.18  [35mmfu: 0.06%[39m
[titan] 2026-09-10 07:33:20,831 - root - INFO - [31mstep: 41  [32mloss:  3.28806  [38;2;180;60;0mgrad_norm:  5.7188  [38;2;54;234;195mmemory:  3.55GiB(8.99%)  [34mtps: 53  [36mtflops: 0.18  [35mmfu: 0.06%[39m
[titan] 2026-09-10 07:33:20,832 - root - INFO - [31mstep: 41  [32mloss:  3.28806  [38;2;180;60;0mgrad_norm:  5.7188  [38;2;54;234;195mmemory:  3.55GiB(8.99%)  [34mtps: 53  [36mtflops: 0.18  [35mmfu: 0.06%[39m
[titan] 2026-09-10 07:33:22,042 - root - INFO - [31mstep: 42  [32mloss:  2.72368  [38;2;180;60;0mgrad_norm:  5.6562  [38;2;54;234;195mmemory:  3.55GiB(8.99%)  [34mtps: 53  [36mtflops: 0.18  [35mmfu: 0.06%[39m
[titan] 2026-09-10 07:33:22,042 - root - INFO - [31mstep: 42  [32mloss:  2.72368  [38;2;180;60;0mgrad_norm:  5.6562  [38;2;54;234;195mmemory:  3.55GiB(8.99%)  [34mtps: 53  [36mtflops: 0.18  [35mmfu: 0.06%[39m
[titan] 2026-09-10 07:33:22,044 - root - INFO - [31mstep: 42  [32mloss:  2.72368  [38;2;180;60;0mgrad_norm:  5.6562  [38;2;54;234;195mmemory:  3.55GiB(8.99%)  [34mtps: 53  [36mtflops: 0.18  [35mmfu: 0.06%[39m
[titan] 2026-09-10 07:33:22,047 - root - INFO - [31mstep: 42  [32mloss:  2.72368  [38;2;180;60;0mgrad_norm:  5.6562  [38;2;54;234;195mmemory:  3.55GiB(8.99%)  [34mtps: 53  [36mtflops: 0.18  [35mmfu: 0.06%[39m
[titan] 2026-09-10 07:33:23,247 - root - INFO - [31mstep: 43  [32mloss:  3.13439  [38;2;180;60;0mgrad_norm:  6.4375  [38;2;54;234;195mmemory:  3.55GiB(8.99%)  [34mtps: 53  [36mtflops: 0.18  [35mmfu: 0.06%[39m
[titan] 2026-09-10 07:33:23,248 - root - INFO - [31mstep: 43  [32mloss:  3.13439  [38;2;180;60;0mgrad_norm:  6.4375  [38;2;54;234;195mmemory:  3.55GiB(8.99%)  [34mtps: 53  [36mtflops: 0.18  [35mmfu: 0.06%[39m
[titan] 2026-09-10 07:33:23,250 - root - INFO - [31mstep: 43  [32mloss:  3.13439  [38;2;180;60;0mgrad_norm:  6.4375  [38;2;54;234;195mmemory:  3.55GiB(8.99%)  [34mtps: 53  [36mtflops: 0.18  [35mmfu: 0.06%[39m
[titan] 2026-09-10 07:33:23,252 - root - INFO - [31mstep: 43  [32mloss:  3.13439  [38;2;180;60;0mgrad_norm:  6.4375  [38;2;54;234;195mmemory:  3.55GiB(8.99%)  [34mtps: 53  [36mtflops: 0.18  [35mmfu: 0.06%[39m
[titan] 2026-09-10 07:33:24,461 - root - INFO - [31mstep: 44  [32mloss:  2.74195  [38;2;180;60;0mgrad_norm:  3.9219  [38;2;54;234;195mmemory:  3.55GiB(8.99%)  [34mtps: 53  [36mtflops: 0.18  [35mmfu: 0.06%[39m
[titan] 2026-09-10 07:33:24,463 - root - INFO - [31mstep: 44  [32mloss:  2.74195  [38;2;180;60;0mgrad_norm:  3.9219  [38;2;54;234;195mmemory:  3.55GiB(8.99%)  [34mtps: 53  [36mtflops: 0.18  [35mmfu: 0.06%[39m
[titan] 2026-09-10 07:33:24,463 - root - INFO - [31mstep: 44  [32mloss:  2.74195  [38;2;180;60;0mgrad_norm:  3.9219  [38;2;54;234;195mmemory:  3.55GiB(8.99%)  [34mtps: 53  [36mtflops: 0.18  [35mmfu: 0.06%[39m
[titan] 2026-09-10 07:33:24,465 - root - INFO - [31mstep: 44  [32mloss:  2.74195  [38;2;180;60;0mgrad_norm:  3.9219  [38;2;54;234;195mmemory:  3.55GiB(8.99%)  [34mtps: 53  [36mtflops: 0.18  [35mmfu: 0.06%[39m
[titan] 2026-09-10 07:33:25,684 - root - INFO - [31mstep: 45  [32mloss:  2.96754  [38;2;180;60;0mgrad_norm:  4.5625  [38;2;54;234;195mmemory:  3.55GiB(8.99%)  [34mtps: 52  [36mtflops: 0.17  [35mmfu: 0.06%[39m
[titan] 2026-09-10 07:33:25,684 - root - INFO - [31mstep: 45  [32mloss:  2.96754  [38;2;180;60;0mgrad_norm:  4.5625  [38;2;54;234;195mmemory:  3.55GiB(8.99%)  [34mtps: 52  [36mtflops: 0.17  [35mmfu: 0.06%[39m
[titan] 2026-09-10 07:33:25,685 - root - INFO - [31mstep: 45  [32mloss:  2.96754  [38;2;180;60;0mgrad_norm:  4.5625  [38;2;54;234;195mmemory:  3.55GiB(8.99%)  [34mtps: 52  [36mtflops: 0.17  [35mmfu: 0.06%[39m
[titan] 2026-09-10 07:33:25,687 - root - INFO - [31mstep: 45  [32mloss:  2.96754  [38;2;180;60;0mgrad_norm:  4.5625  [38;2;54;234;195mmemory:  3.55GiB(8.99%)  [34mtps: 52  [36mtflops: 0.17  [35mmfu: 0.06%[39m
[titan] 2026-09-10 07:33:26,897 - root - INFO - [31mstep: 46  [32mloss:  2.18431  [38;2;180;60;0mgrad_norm:  3.8281  [38;2;54;234;195mmemory:  3.55GiB(8.99%)  [34mtps: 53  [36mtflops: 0.18  [35mmfu: 0.06%[39m
[titan] 2026-09-10 07:33:26,898 - root - INFO - [31mstep: 46  [32mloss:  2.18431  [38;2;180;60;0mgrad_norm:  3.8281  [38;2;54;234;195mmemory:  3.55GiB(8.99%)  [34mtps: 53  [36mtflops: 0.18  [35mmfu: 0.06%[39m
[titan] 2026-09-10 07:33:26,900 - root - INFO - [31mstep: 46  [32mloss:  2.18431  [38;2;180;60;0mgrad_norm:  3.8281  [38;2;54;234;195mmemory:  3.55GiB(8.99%)  [34mtps: 53  [36mtflops: 0.17  [35mmfu: 0.06%[39m
[titan] 2026-09-10 07:33:26,907 - root - INFO - [31mstep: 46  [32mloss:  2.18431  [38;2;180;60;0mgrad_norm:  3.8281  [38;2;54;234;195mmemory:  3.55GiB(8.99%)  [34mtps: 52  [36mtflops: 0.17  [35mmfu: 0.06%[39m
[titan] 2026-09-10 07:33:28,119 - root - INFO - [31mstep: 47  [32mloss:  2.65160  [38;2;180;60;0mgrad_norm:  5.9375  [38;2;54;234;195mmemory:  3.55GiB(8.99%)  [34mtps: 53  [36mtflops: 0.18  [35mmfu: 0.06%[39m
[titan] 2026-09-10 07:33:28,119 - root - INFO - [31mstep: 47  [32mloss:  2.65160  [38;2;180;60;0mgrad_norm:  5.9375  [38;2;54;234;195mmemory:  3.55GiB(8.99%)  [34mtps: 53  [36mtflops: 0.17  [35mmfu: 0.06%[39m
[titan] 2026-09-10 07:33:28,119 - root - INFO - [31mstep: 47  [32mloss:  2.65160  [38;2;180;60;0mgrad_norm:  5.9375  [38;2;54;234;195mmemory:  3.55GiB(8.99%)  [34mtps: 52  [36mtflops: 0.17  [35mmfu: 0.06%[39m
[titan] 2026-09-10 07:33:28,124 - root - INFO - [31mstep: 47  [32mloss:  2.65160  [38;2;180;60;0mgrad_norm:  5.9375  [38;2;54;234;195mmemory:  3.55GiB(8.99%)  [34mtps: 52  [36mtflops: 0.17  [35mmfu: 0.06%[39m
[titan] 2026-09-10 07:33:29,327 - root - INFO - [31mstep: 48  [32mloss:  2.20289  [38;2;180;60;0mgrad_norm:  5.6562  [38;2;54;234;195mmemory:  3.55GiB(8.99%)  [34mtps: 53  [36mtflops: 0.18  [35mmfu: 0.06%[39m
[titan] 2026-09-10 07:33:29,327 - root - INFO - [31mstep: 48  [32mloss:  2.20289  [38;2;180;60;0mgrad_norm:  5.6562  [38;2;54;234;195mmemory:  3.55GiB(8.99%)  [34mtps: 53  [36mtflops: 0.18  [35mmfu: 0.06%[39m
[titan] 2026-09-10 07:33:29,329 - root - INFO - [31mstep: 48  [32mloss:  2.20289  [38;2;180;60;0mgrad_norm:  5.6562  [38;2;54;234;195mmemory:  3.55GiB(8.99%)  [34mtps: 53  [36mtflops: 0.18  [35mmfu: 0.06%[39m
[titan] 2026-09-10 07:33:29,337 - root - INFO - [31mstep: 48  [32mloss:  2.20289  [38;2;180;60;0mgrad_norm:  5.6562  [38;2;54;234;195mmemory:  3.55GiB(8.99%)  [34mtps: 53  [36mtflops: 0.18  [35mmfu: 0.06%[39m
[titan] 2026-09-10 07:33:30,558 - root - INFO - [31mstep: 49  [32mloss:  4.76974  [38;2;180;60;0mgrad_norm:  6.0312  [38;2;54;234;195mmemory:  3.55GiB(8.99%)  [34mtps: 52  [36mtflops: 0.17  [35mmfu: 0.06%[39m
[titan] 2026-09-10 07:33:30,559 - root - INFO - [31mstep: 49  [32mloss:  4.76974  [38;2;180;60;0mgrad_norm:  6.0312  [38;2;54;234;195mmemory:  3.55GiB(8.99%)  [34mtps: 52  [36mtflops: 0.17  [35mmfu: 0.06%[39m
[titan] 2026-09-10 07:33:30,559 - root - INFO - [31mstep: 49  [32mloss:  4.76974  [38;2;180;60;0mgrad_norm:  6.0312  [38;2;54;234;195mmemory:  3.55GiB(8.99%)  [34mtps: 52  [36mtflops: 0.17  [35mmfu: 0.06%[39m
[titan] 2026-09-10 07:33:30,565 - root - INFO - [31mstep: 49  [32mloss:  4.76974  [38;2;180;60;0mgrad_norm:  6.0312  [38;2;54;234;195mmemory:  3.55GiB(8.99%)  [34mtps: 52  [36mtflops: 0.17  [35mmfu: 0.06%[39m
[titan] 2026-09-10 07:33:30,790 - root - INFO - [GC] Performing periodic GC collection took 0.23 seconds
[titan] 2026-09-10 07:33:30,798 - root - INFO - [GC] Performing periodic GC collection took 0.23 seconds
[titan] 2026-09-10 07:33:30,802 - root - INFO - [GC] Performing periodic GC collection took 0.23 seconds
[titan] 2026-09-10 07:33:30,802 - root - INFO - [GC] Performing periodic GC collection took 0.24 seconds
[titan] 2026-09-10 07:33:32,010 - root - INFO - [31mstep: 50  [32mloss:  2.91680  [38;2;180;60;0mgrad_norm:  3.7969  [38;2;54;234;195mmemory:  3.55GiB(8.99%)  [34mtps: 44  [36mtflops: 0.15  [35mmfu: 0.05%[39m
[titan] 2026-09-10 07:33:32,010 - root - INFO - [31mstep: 50  [32mloss:  2.91680  [38;2;180;60;0mgrad_norm:  3.7969  [38;2;54;234;195mmemory:  3.55GiB(8.99%)  [34mtps: 44  [36mtflops: 0.15  [35mmfu: 0.05%[39m
[titan] 2026-09-10 07:33:32,012 - root - INFO - [31mstep: 50  [32mloss:  2.91680  [38;2;180;60;0mgrad_norm:  3.7969  [38;2;54;234;195mmemory:  3.55GiB(8.99%)  [34mtps: 44  [36mtflops: 0.15  [35mmfu: 0.05%[39m
[titan] 2026-09-10 07:33:32,013 - root - INFO - [31mstep: 50  [32mloss:  2.91680  [38;2;180;60;0mgrad_norm:  3.7969  [38;2;54;234;195mmemory:  3.55GiB(8.99%)  [34mtps: 44  [36mtflops: 0.15  [35mmfu: 0.05%[39m
[titan] 2026-09-10 07:33:33,218 - root - INFO - [31mstep: 51  [32mloss:  3.13802  [38;2;180;60;0mgrad_norm:  5.3750  [38;2;54;234;195mmemory:  3.55GiB(8.99%)  [34mtps: 53  [36mtflops: 0.18  [35mmfu: 0.06%[39m
[titan] 2026-09-10 07:33:33,218 - root - INFO - [31mstep: 51  [32mloss:  3.13802  [38;2;180;60;0mgrad_norm:  5.3750  [38;2;54;234;195mmemory:  3.55GiB(8.99%)  [34mtps: 53  [36mtflops: 0.18  [35mmfu: 0.06%[39m
[titan] 2026-09-10 07:33:33,220 - root - INFO - [31mstep: 51  [32mloss:  3.13802  [38;2;180;60;0mgrad_norm:  5.3750  [38;2;54;234;195mmemory:  3.55GiB(8.99%)  [34mtps: 53  [36mtflops: 0.18  [35mmfu: 0.06%[39m
[titan] 2026-09-10 07:33:33,223 - root - INFO - [31mstep: 51  [32mloss:  3.13802  [38;2;180;60;0mgrad_norm:  5.3750  [38;2;54;234;195mmemory:  3.55GiB(8.99%)  [34mtps: 53  [36mtflops: 0.18  [35mmfu: 0.06%[39m
[titan] 2026-09-10 07:33:34,436 - root - INFO - [31mstep: 52  [32mloss:  3.04752  [38;2;180;60;0mgrad_norm:  5.7500  [38;2;54;234;195mmemory:  3.55GiB(8.99%)  [34mtps: 53  [36mtflops: 0.17  [35mmfu: 0.06%[39m
[titan] 2026-09-10 07:33:34,437 - root - INFO - [31mstep: 52  [32mloss:  3.04752  [38;2;180;60;0mgrad_norm:  5.7500  [38;2;54;234;195mmemory:  3.55GiB(8.99%)  [34mtps: 53  [36mtflops: 0.18  [35mmfu: 0.06%[39m
[titan] 2026-09-10 07:33:34,437 - root - INFO - [31mstep: 52  [32mloss:  3.04752  [38;2;180;60;0mgrad_norm:  5.7500  [38;2;54;234;195mmemory:  3.55GiB(8.99%)  [34mtps: 53  [36mtflops: 0.17  [35mmfu: 0.06%[39m
[titan] 2026-09-10 07:33:34,439 - root - INFO - [31mstep: 52  [32mloss:  3.04752  [38;2;180;60;0mgrad_norm:  5.7500  [38;2;54;234;195mmemory:  3.55GiB(8.99%)  [34mtps: 52  [36mtflops: 0.17  [35mmfu: 0.06%[39m
[titan] 2026-09-10 07:33:35,648 - root - INFO - [31mstep: 53  [32mloss:  2.48173  [38;2;180;60;0mgrad_norm:  5.2500  [38;2;54;234;195mmemory:  3.55GiB(8.99%)  [34mtps: 53  [36mtflops: 0.18  [35mmfu: 0.06%[39m
[titan] 2026-09-10 07:33:35,649 - root - INFO - [31mstep: 53  [32mloss:  2.48173  [38;2;180;60;0mgrad_norm:  5.2500  [38;2;54;234;195mmemory:  3.55GiB(8.99%)  [34mtps: 53  [36mtflops: 0.18  [35mmfu: 0.06%[39m
[titan] 2026-09-10 07:33:35,652 - root - INFO - [31mstep: 53  [32mloss:  2.48173  [38;2;180;60;0mgrad_norm:  5.2500  [38;2;54;234;195mmemory:  3.55GiB(8.99%)  [34mtps: 53  [36mtflops: 0.18  [35mmfu: 0.06%[39m
[titan] 2026-09-10 07:33:35,653 - root - INFO - [31mstep: 53  [32mloss:  2.48173  [38;2;180;60;0mgrad_norm:  5.2500  [38;2;54;234;195mmemory:  3.55GiB(8.99%)  [34mtps: 53  [36mtflops: 0.18  [35mmfu: 0.06%[39m
[titan] 2026-09-10 07:33:36,858 - root - INFO - [31mstep: 54  [32mloss:  2.19902  [38;2;180;60;0mgrad_norm:  5.3438  [38;2;54;234;195mmemory:  3.55GiB(8.99%)  [34mtps: 53  [36mtflops: 0.18  [35mmfu: 0.06%[39m
[titan] 2026-09-10 07:33:36,858 - root - INFO - [31mstep: 54  [32mloss:  2.19902  [38;2;180;60;0mgrad_norm:  5.3438  [38;2;54;234;195mmemory:  3.55GiB(8.99%)  [34mtps: 53  [36mtflops: 0.18  [35mmfu: 0.06%[39m
[titan] 2026-09-10 07:33:36,859 - root - INFO - [31mstep: 54  [32mloss:  2.19902  [38;2;180;60;0mgrad_norm:  5.3438  [38;2;54;234;195mmemory:  3.55GiB(8.99%)  [34mtps: 53  [36mtflops: 0.18  [35mmfu: 0.06%[39m
[titan] 2026-09-10 07:33:36,863 - root - INFO - [31mstep: 54  [32mloss:  2.19902  [38;2;180;60;0mgrad_norm:  5.3438  [38;2;54;234;195mmemory:  3.55GiB(8.99%)  [34mtps: 53  [36mtflops: 0.18  [35mmfu: 0.06%[39m
[titan] 2026-09-10 07:33:38,060 - root - INFO - [31mstep: 55  [32mloss:  1.81546  [38;2;180;60;0mgrad_norm:  6.0312  [38;2;54;234;195mmemory:  3.55GiB(8.99%)  [34mtps: 53  [36mtflops: 0.18  [35mmfu: 0.06%[39m
[titan] 2026-09-10 07:33:38,060 - root - INFO - [31mstep: 55  [32mloss:  1.81546  [38;2;180;60;0mgrad_norm:  6.0312  [38;2;54;234;195mmemory:  3.55GiB(8.99%)  [34mtps: 53  [36mtflops: 0.18  [35mmfu: 0.06%[39m
[titan] 2026-09-10 07:33:38,061 - root - INFO - [31mstep: 55  [32mloss:  1.81546  [38;2;180;60;0mgrad_norm:  6.0312  [38;2;54;234;195mmemory:  3.55GiB(8.99%)  [34mtps: 53  [36mtflops: 0.18  [35mmfu: 0.06%[39m
[titan] 2026-09-10 07:33:38,063 - root - INFO - [31mstep: 55  [32mloss:  1.81546  [38;2;180;60;0mgrad_norm:  6.0312  [38;2;54;234;195mmemory:  3.55GiB(8.99%)  [34mtps: 53  [36mtflops: 0.18  [35mmfu: 0.06%[39m
[titan] 2026-09-10 07:33:39,265 - root - INFO - [31mstep: 56  [32mloss:  2.61063  [38;2;180;60;0mgrad_norm:  5.8438  [38;2;54;234;195mmemory:  3.55GiB(8.99%)  [34mtps: 53  [36mtflops: 0.18  [35mmfu: 0.06%[39m
[titan] 2026-09-10 07:33:39,265 - root - INFO - [31mstep: 56  [32mloss:  2.61063  [38;2;180;60;0mgrad_norm:  5.8438  [38;2;54;234;195mmemory:  3.55GiB(8.99%)  [34mtps: 53  [36mtflops: 0.18  [35mmfu: 0.06%[39m
[titan] 2026-09-10 07:33:39,266 - root - INFO - [31mstep: 56  [32mloss:  2.61063  [38;2;180;60;0mgrad_norm:  5.8438  [38;2;54;234;195mmemory:  3.55GiB(8.99%)  [34mtps: 53  [36mtflops: 0.18  [35mmfu: 0.06%[39m
[titan] 2026-09-10 07:33:39,268 - root - INFO - [31mstep: 56  [32mloss:  2.61063  [38;2;180;60;0mgrad_norm:  5.8438  [38;2;54;234;195mmemory:  3.55GiB(8.99%)  [34mtps: 53  [36mtflops: 0.18  [35mmfu: 0.06%[39m
[titan] 2026-09-10 07:33:40,464 - root - INFO - [31mstep: 57  [32mloss:  2.89422  [38;2;180;60;0mgrad_norm:  5.3438  [38;2;54;234;195mmemory:  3.55GiB(8.99%)  [34mtps: 53  [36mtflops: 0.18  [35mmfu: 0.06%[39m
[titan] 2026-09-10 07:33:40,465 - root - INFO - [31mstep: 57  [32mloss:  2.89422  [38;2;180;60;0mgrad_norm:  5.3438  [38;2;54;234;195mmemory:  3.55GiB(8.99%)  [34mtps: 53  [36mtflops: 0.18  [35mmfu: 0.06%[39m
[titan] 2026-09-10 07:33:40,465 - root - INFO - [31mstep: 57  [32mloss:  2.89422  [38;2;180;60;0mgrad_norm:  5.3438  [38;2;54;234;195mmemory:  3.55GiB(8.99%)  [34mtps: 53  [36mtflops: 0.18  [35mmfu: 0.06%[39m
[titan] 2026-09-10 07:33:40,467 - root - INFO - [31mstep: 57  [32mloss:  2.89422  [38;2;180;60;0mgrad_norm:  5.3438  [38;2;54;234;195mmemory:  3.55GiB(8.99%)  [34mtps: 53  [36mtflops: 0.18  [35mmfu: 0.06%[39m
[titan] 2026-09-10 07:33:41,677 - root - INFO - [31mstep: 58  [32mloss:  1.24028  [38;2;180;60;0mgrad_norm:  4.5312  [38;2;54;234;195mmemory:  3.55GiB(8.99%)  [34mtps: 53  [36mtflops: 0.18  [35mmfu: 0.06%[39m
[titan] 2026-09-10 07:33:41,677 - root - INFO - [31mstep: 58  [32mloss:  1.24028  [38;2;180;60;0mgrad_norm:  4.5312  [38;2;54;234;195mmemory:  3.55GiB(8.99%)  [34mtps: 53  [36mtflops: 0.18  [35mmfu: 0.06%[39m
[titan] 2026-09-10 07:33:41,678 - root - INFO - [31mstep: 58  [32mloss:  1.24028  [38;2;180;60;0mgrad_norm:  4.5312  [38;2;54;234;195mmemory:  3.55GiB(8.99%)  [34mtps: 53  [36mtflops: 0.18  [35mmfu: 0.06%[39m
[titan] 2026-09-10 07:33:41,679 - root - INFO - [31mstep: 58  [32mloss:  1.24028  [38;2;180;60;0mgrad_norm:  4.5312  [38;2;54;234;195mmemory:  3.55GiB(8.99%)  [34mtps: 53  [36mtflops: 0.18  [35mmfu: 0.06%[39m
[titan] 2026-09-10 07:33:42,900 - root - INFO - [31mstep: 59  [32mloss:  3.45945  [38;2;180;60;0mgrad_norm: 37.2500  [38;2;54;234;195mmemory:  3.55GiB(8.99%)  [34mtps: 52  [36mtflops: 0.17  [35mmfu: 0.06%[39m
[titan] 2026-09-10 07:33:42,900 - root - INFO - [31mstep: 59  [32mloss:  3.45945  [38;2;180;60;0mgrad_norm: 37.2500  [38;2;54;234;195mmemory:  3.55GiB(8.99%)  [34mtps: 52  [36mtflops: 0.17  [35mmfu: 0.06%[39m
[titan] 2026-09-10 07:33:42,900 - root - INFO - [31mstep: 59  [32mloss:  3.45945  [38;2;180;60;0mgrad_norm: 37.2500  [38;2;54;234;195mmemory:  3.55GiB(8.99%)  [34mtps: 52  [36mtflops: 0.17  [35mmfu: 0.06%[39m
[titan] 2026-09-10 07:33:42,909 - root - INFO - [31mstep: 59  [32mloss:  3.45945  [38;2;180;60;0mgrad_norm: 37.2500  [38;2;54;234;195mmemory:  3.55GiB(8.99%)  [34mtps: 52  [36mtflops: 0.17  [35mmfu: 0.06%[39m
[titan] 2026-09-10 07:33:44,123 - root - INFO - [31mstep: 60  [32mloss:  0.74552  [38;2;180;60;0mgrad_norm:  2.9375  [38;2;54;234;195mmemory:  3.55GiB(8.99%)  [34mtps: 52  [36mtflops: 0.17  [35mmfu: 0.06%[39m
[titan] 2026-09-10 07:33:44,123 - root - INFO - [31mstep: 60  [32mloss:  0.74552  [38;2;180;60;0mgrad_norm:  2.9375  [38;2;54;234;195mmemory:  3.55GiB(8.99%)  [34mtps: 52  [36mtflops: 0.17  [35mmfu: 0.06%[39m
[titan] 2026-09-10 07:33:44,124 - root - INFO - [31mstep: 60  [32mloss:  0.74552  [38;2;180;60;0mgrad_norm:  2.9375  [38;2;54;234;195mmemory:  3.55GiB(8.99%)  [34mtps: 52  [36mtflops: 0.17  [35mmfu: 0.06%[39m
[titan] 2026-09-10 07:33:44,128 - root - INFO - [31mstep: 60  [32mloss:  0.74552  [38;2;180;60;0mgrad_norm:  2.9375  [38;2;54;234;195mmemory:  3.55GiB(8.99%)  [34mtps: 53  [36mtflops: 0.17  [35mmfu: 0.06%[39m
[titan] 2026-09-10 07:33:45,336 - root - INFO - [31mstep: 61  [32mloss:  3.50776  [38;2;180;60;0mgrad_norm:  5.4062  [38;2;54;234;195mmemory:  3.55GiB(8.99%)  [34mtps: 53  [36mtflops: 0.18  [35mmfu: 0.06%[39m
[titan] 2026-09-10 07:33:45,337 - root - INFO - [31mstep: 61  [32mloss:  3.50776  [38;2;180;60;0mgrad_norm:  5.4062  [38;2;54;234;195mmemory:  3.55GiB(8.99%)  [34mtps: 53  [36mtflops: 0.18  [35mmfu: 0.06%[39m
[titan] 2026-09-10 07:33:45,338 - root - INFO - [31mstep: 61  [32mloss:  3.50776  [38;2;180;60;0mgrad_norm:  5.4062  [38;2;54;234;195mmemory:  3.55GiB(8.99%)  [34mtps: 53  [36mtflops: 0.18  [35mmfu: 0.06%[39m
[titan] 2026-09-10 07:33:45,339 - root - INFO - [31mstep: 61  [32mloss:  3.50776  [38;2;180;60;0mgrad_norm:  5.4062  [38;2;54;234;195mmemory:  3.55GiB(8.99%)  [34mtps: 53  [36mtflops: 0.18  [35mmfu: 0.06%[39m
[titan] 2026-09-10 07:33:46,552 - root - INFO - [31mstep: 62  [32mloss:  3.46433  [38;2;180;60;0mgrad_norm:  4.2500  [38;2;54;234;195mmemory:  3.55GiB(8.99%)  [34mtps: 53  [36mtflops: 0.18  [35mmfu: 0.06%[39m
[titan] 2026-09-10 07:33:46,552 - root - INFO - [31mstep: 62  [32mloss:  3.46433  [38;2;180;60;0mgrad_norm:  4.2500  [38;2;54;234;195mmemory:  3.55GiB(8.99%)  [34mtps: 53  [36mtflops: 0.17  [35mmfu: 0.06%[39m
[titan] 2026-09-10 07:33:46,554 - root - INFO - [31mstep: 62  [32mloss:  3.46433  [38;2;180;60;0mgrad_norm:  4.2500  [38;2;54;234;195mmemory:  3.55GiB(8.99%)  [34mtps: 53  [36mtflops: 0.17  [35mmfu: 0.06%[39m
[titan] 2026-09-10 07:33:46,556 - root - INFO - [31mstep: 62  [32mloss:  3.46433  [38;2;180;60;0mgrad_norm:  4.2500  [38;2;54;234;195mmemory:  3.55GiB(8.99%)  [34mtps: 53  [36mtflops: 0.17  [35mmfu: 0.06%[39m
[titan] 2026-09-10 07:33:47,767 - root - INFO - [31mstep: 63  [32mloss:  2.65700  [38;2;180;60;0mgrad_norm:  4.7812  [38;2;54;234;195mmemory:  3.55GiB(8.99%)  [34mtps: 53  [36mtflops: 0.18  [35mmfu: 0.06%[39m
[titan] 2026-09-10 07:33:47,767 - root - INFO - [31mstep: 63  [32mloss:  2.65700  [38;2;180;60;0mgrad_norm:  4.7812  [38;2;54;234;195mmemory:  3.55GiB(8.99%)  [34mtps: 53  [36mtflops: 0.18  [35mmfu: 0.06%[39m
[titan] 2026-09-10 07:33:47,769 - root - INFO - [31mstep: 63  [32mloss:  2.65700  [38;2;180;60;0mgrad_norm:  4.7812  [38;2;54;234;195mmemory:  3.55GiB(8.99%)  [34mtps: 53  [36mtflops: 0.18  [35mmfu: 0.06%[39m
[titan] 2026-09-10 07:33:47,769 - root - INFO - [31mstep: 63  [32mloss:  2.65700  [38;2;180;60;0mgrad_norm:  4.7812  [38;2;54;234;195mmemory:  3.55GiB(8.99%)  [34mtps: 53  [36mtflops: 0.18  [35mmfu: 0.06%[39m
[titan] 2026-09-10 07:33:48,981 - root - INFO - [31mstep: 64  [32mloss:  2.25859  [38;2;180;60;0mgrad_norm:  3.6562  [38;2;54;234;195mmemory:  3.55GiB(8.99%)  [34mtps: 53  [36mtflops: 0.18  [35mmfu: 0.06%[39m
[titan] 2026-09-10 07:33:48,981 - root - INFO - [31mstep: 64  [32mloss:  2.25859  [38;2;180;60;0mgrad_norm:  3.6562  [38;2;54;234;195mmemory:  3.55GiB(8.99%)  [34mtps: 53  [36mtflops: 0.18  [35mmfu: 0.06%[39m
[titan] 2026-09-10 07:33:48,983 - root - INFO - [31mstep: 64  [32mloss:  2.25859  [38;2;180;60;0mgrad_norm:  3.6562  [38;2;54;234;195mmemory:  3.55GiB(8.99%)  [34mtps: 53  [36mtflops: 0.18  [35mmfu: 0.06%[39m
[titan] 2026-09-10 07:33:48,984 - root - INFO - [31mstep: 64  [32mloss:  2.25859  [38;2;180;60;0mgrad_norm:  3.6562  [38;2;54;234;195mmemory:  3.55GiB(8.99%)  [34mtps: 53  [36mtflops: 0.18  [35mmfu: 0.06%[39m
[titan] 2026-09-10 07:33:50,195 - root - INFO - [31mstep: 65  [32mloss:  2.79687  [38;2;180;60;0mgrad_norm:  3.8125  [38;2;54;234;195mmemory:  3.55GiB(8.99%)  [34mtps: 53  [36mtflops: 0.18  [35mmfu: 0.06%[39m
[titan] 2026-09-10 07:33:50,195 - root - INFO - [31mstep: 65  [32mloss:  2.79687  [38;2;180;60;0mgrad_norm:  3.8125  [38;2;54;234;195mmemory:  3.55GiB(8.99%)  [34mtps: 53  [36mtflops: 0.18  [35mmfu: 0.06%[39m
[titan] 2026-09-10 07:33:50,199 - root - INFO - [31mstep: 65  [32mloss:  2.79687  [38;2;180;60;0mgrad_norm:  3.8125  [38;2;54;234;195mmemory:  3.55GiB(8.99%)  [34mtps: 53  [36mtflops: 0.17  [35mmfu: 0.06%[39m
[titan] 2026-09-10 07:33:50,203 - root - INFO - [31mstep: 65  [32mloss:  2.79687  [38;2;180;60;0mgrad_norm:  3.8125  [38;2;54;234;195mmemory:  3.55GiB(8.99%)  [34mtps: 53  [36mtflops: 0.17  [35mmfu: 0.06%[39m
[titan] 2026-09-10 07:33:51,432 - root - INFO - [31mstep: 66  [32mloss:  2.81019  [38;2;180;60;0mgrad_norm:  3.5469  [38;2;54;234;195mmemory:  3.55GiB(8.99%)  [34mtps: 52  [36mtflops: 0.17  [35mmfu: 0.06%[39m
[titan] 2026-09-10 07:33:51,433 - root - INFO - [31mstep: 66  [32mloss:  2.81019  [38;2;180;60;0mgrad_norm:  3.5469  [38;2;54;234;195mmemory:  3.55GiB(8.99%)  [34mtps: 52  [36mtflops: 0.17  [35mmfu: 0.06%[39m
[titan] 2026-09-10 07:33:51,434 - root - INFO - [31mstep: 66  [32mloss:  2.81019  [38;2;180;60;0mgrad_norm:  3.5469  [38;2;54;234;195mmemory:  3.55GiB(8.99%)  [34mtps: 52  [36mtflops: 0.17  [35mmfu: 0.06%[39m
[titan] 2026-09-10 07:33:51,436 - root - INFO - [31mstep: 66  [32mloss:  2.81019  [38;2;180;60;0mgrad_norm:  3.5469  [38;2;54;234;195mmemory:  3.55GiB(8.99%)  [34mtps: 52  [36mtflops: 0.17  [35mmfu: 0.05%[39m
[titan] 2026-09-10 07:33:52,648 - root - INFO - [31mstep: 67  [32mloss:  1.71761  [38;2;180;60;0mgrad_norm:  4.3750  [38;2;54;234;195mmemory:  3.55GiB(8.99%)  [34mtps: 53  [36mtflops: 0.18  [35mmfu: 0.06%[39m
[titan] 2026-09-10 07:33:52,652 - root - INFO - [31mstep: 67  [32mloss:  1.71761  [38;2;180;60;0mgrad_norm:  4.3750  [38;2;54;234;195mmemory:  3.55GiB(8.99%)  [34mtps: 53  [36mtflops: 0.17  [35mmfu: 0.06%[39m
[titan] 2026-09-10 07:33:52,652 - root - INFO - [31mstep: 67  [32mloss:  1.71761  [38;2;180;60;0mgrad_norm:  4.3750  [38;2;54;234;195mmemory:  3.55GiB(8.99%)  [34mtps: 53  [36mtflops: 0.17  [35mmfu: 0.06%[39m
[titan] 2026-09-10 07:33:52,654 - root - INFO - [31mstep: 67  [32mloss:  1.71761  [38;2;180;60;0mgrad_norm:  4.3750  [38;2;54;234;195mmemory:  3.55GiB(8.99%)  [34mtps: 52  [36mtflops: 0.17  [35mmfu: 0.06%[39m
[titan] 2026-09-10 07:33:53,900 - root - INFO - [31mstep: 68  [32mloss:  2.86984  [38;2;180;60;0mgrad_norm:  4.5000  [38;2;54;234;195mmemory:  3.55GiB(8.99%)  [34mtps: 51  [36mtflops: 0.17  [35mmfu: 0.05%[39m
[titan] 2026-09-10 07:33:53,901 - root - INFO - [31mstep: 68  [32mloss:  2.86984  [38;2;180;60;0mgrad_norm:  4.5000  [38;2;54;234;195mmemory:  3.55GiB(8.99%)  [34mtps: 51  [36mtflops: 0.17  [35mmfu: 0.05%[39m
[titan] 2026-09-10 07:33:53,901 - root - INFO - [31mstep: 68  [32mloss:  2.86984  [38;2;180;60;0mgrad_norm:  4.5000  [38;2;54;234;195mmemory:  3.55GiB(8.99%)  [34mtps: 51  [36mtflops: 0.17  [35mmfu: 0.05%[39m
[titan] 2026-09-10 07:33:53,904 - root - INFO - [31mstep: 68  [32mloss:  2.86984  [38;2;180;60;0mgrad_norm:  4.5000  [38;2;54;234;195mmemory:  3.55GiB(8.99%)  [34mtps: 51  [36mtflops: 0.17  [35mmfu: 0.05%[39m
[titan] 2026-09-10 07:33:55,121 - root - INFO - [31mstep: 69  [32mloss:  3.81228  [38;2;180;60;0mgrad_norm:  5.3750  [38;2;54;234;195mmemory:  3.55GiB(8.99%)  [34mtps: 52  [36mtflops: 0.17  [35mmfu: 0.06%[39m
[titan] 2026-09-10 07:33:55,122 - root - INFO - [31mstep: 69  [32mloss:  3.81228  [38;2;180;60;0mgrad_norm:  5.3750  [38;2;54;234;195mmemory:  3.55GiB(8.99%)  [34mtps: 53  [36mtflops: 0.17  [35mmfu: 0.06%[39m
[titan] 2026-09-10 07:33:55,122 - root - INFO - [31mstep: 69  [32mloss:  3.81228  [38;2;180;60;0mgrad_norm:  5.3750  [38;2;54;234;195mmemory:  3.55GiB(8.99%)  [34mtps: 52  [36mtflops: 0.17  [35mmfu: 0.06%[39m
[titan] 2026-09-10 07:33:55,128 - root - INFO - [31mstep: 69  [32mloss:  3.81228  [38;2;180;60;0mgrad_norm:  5.3750  [38;2;54;234;195mmemory:  3.55GiB(8.99%)  [34mtps: 52  [36mtflops: 0.17  [35mmfu: 0.06%[39m
[titan] 2026-09-10 07:33:56,340 - root - INFO - [31mstep: 70  [32mloss:  2.29672  [38;2;180;60;0mgrad_norm:  4.6250  [38;2;54;234;195mmemory:  3.55GiB(8.99%)  [34mtps: 53  [36mtflops: 0.17  [35mmfu: 0.06%[39m
[titan] 2026-09-10 07:33:56,341 - root - INFO - [31mstep: 70  [32mloss:  2.29672  [38;2;180;60;0mgrad_norm:  4.6250  [38;2;54;234;195mmemory:  3.55GiB(8.99%)  [34mtps: 52  [36mtflops: 0.17  [35mmfu: 0.06%[39m
[titan] 2026-09-10 07:33:56,341 - root - INFO - [31mstep: 70  [32mloss:  2.29672  [38;2;180;60;0mgrad_norm:  4.6250  [38;2;54;234;195mmemory:  3.55GiB(8.99%)  [34mtps: 53  [36mtflops: 0.18  [35mmfu: 0.06%[39m
[titan] 2026-09-10 07:33:56,341 - root - INFO - [31mstep: 70  [32mloss:  2.29672  [38;2;180;60;0mgrad_norm:  4.6250  [38;2;54;234;195mmemory:  3.55GiB(8.99%)  [34mtps: 52  [36mtflops: 0.17  [35mmfu: 0.06%[39m
[titan] 2026-09-10 07:33:57,568 - root - INFO - [31mstep: 71  [32mloss:  2.59386  [38;2;180;60;0mgrad_norm:  4.3125  [38;2;54;234;195mmemory:  3.55GiB(8.99%)  [34mtps: 52  [36mtflops: 0.17  [35mmfu: 0.06%[39m
[titan] 2026-09-10 07:33:57,570 - root - INFO - [31mstep: 71  [32mloss:  2.59386  [38;2;180;60;0mgrad_norm:  4.3125  [38;2;54;234;195mmemory:  3.55GiB(8.99%)  [34mtps: 52  [36mtflops: 0.17  [35mmfu: 0.06%[39m
[titan] 2026-09-10 07:33:57,571 - root - INFO - [31mstep: 71  [32mloss:  2.59386  [38;2;180;60;0mgrad_norm:  4.3125  [38;2;54;234;195mmemory:  3.55GiB(8.99%)  [34mtps: 52  [36mtflops: 0.17  [35mmfu: 0.06%[39m
[titan] 2026-09-10 07:33:57,572 - root - INFO - [31mstep: 71  [32mloss:  2.59386  [38;2;180;60;0mgrad_norm:  4.3125  [38;2;54;234;195mmemory:  3.55GiB(8.99%)  [34mtps: 52  [36mtflops: 0.17  [35mmfu: 0.06%[39m
[titan] 2026-09-10 07:33:58,797 - root - INFO - [31mstep: 72  [32mloss:  3.41409  [38;2;180;60;0mgrad_norm:  5.9688  [38;2;54;234;195mmemory:  3.55GiB(8.99%)  [34mtps: 52  [36mtflops: 0.17  [35mmfu: 0.06%[39m
[titan] 2026-09-10 07:33:58,798 - root - INFO - [31mstep: 72  [32mloss:  3.41409  [38;2;180;60;0mgrad_norm:  5.9688  [38;2;54;234;195mmemory:  3.55GiB(8.99%)  [34mtps: 52  [36mtflops: 0.17  [35mmfu: 0.06%[39m
[titan] 2026-09-10 07:33:58,799 - root - INFO - [31mstep: 72  [32mloss:  3.41409  [38;2;180;60;0mgrad_norm:  5.9688  [38;2;54;234;195mmemory:  3.55GiB(8.99%)  [34mtps: 52  [36mtflops: 0.17  [35mmfu: 0.06%[39m
[titan] 2026-09-10 07:33:58,800 - root - INFO - [31mstep: 72  [32mloss:  3.41409  [38;2;180;60;0mgrad_norm:  5.9688  [38;2;54;234;195mmemory:  3.55GiB(8.99%)  [34mtps: 52  [36mtflops: 0.17  [35mmfu: 0.06%[39m
[titan] 2026-09-10 07:34:00,024 - root - INFO - [31mstep: 73  [32mloss:  1.59456  [38;2;180;60;0mgrad_norm:  3.9844  [38;2;54;234;195mmemory:  3.55GiB(8.99%)  [34mtps: 52  [36mtflops: 0.17  [35mmfu: 0.06%[39m
[titan] 2026-09-10 07:34:00,024 - root - INFO - [31mstep: 73  [32mloss:  1.59456  [38;2;180;60;0mgrad_norm:  3.9844  [38;2;54;234;195mmemory:  3.55GiB(8.99%)  [34mtps: 52  [36mtflops: 0.17  [35mmfu: 0.06%[39m
[titan] 2026-09-10 07:34:00,025 - root - INFO - [31mstep: 73  [32mloss:  1.59456  [38;2;180;60;0mgrad_norm:  3.9844  [38;2;54;234;195mmemory:  3.55GiB(8.99%)  [34mtps: 52  [36mtflops: 0.17  [35mmfu: 0.06%[39m
[titan] 2026-09-10 07:34:00,035 - root - INFO - [31mstep: 73  [32mloss:  1.59456  [38;2;180;60;0mgrad_norm:  3.9844  [38;2;54;234;195mmemory:  3.55GiB(8.99%)  [34mtps: 52  [36mtflops: 0.17  [35mmfu: 0.06%[39m
[titan] 2026-09-10 07:34:01,249 - root - INFO - [31mstep: 74  [32mloss:  2.85738  [38;2;180;60;0mgrad_norm:  5.3438  [38;2;54;234;195mmemory:  3.55GiB(8.99%)  [34mtps: 52  [36mtflops: 0.17  [35mmfu: 0.06%[39m
[titan] 2026-09-10 07:34:01,250 - root - INFO - [31mstep: 74  [32mloss:  2.85738  [38;2;180;60;0mgrad_norm:  5.3438  [38;2;54;234;195mmemory:  3.55GiB(8.99%)  [34mtps: 52  [36mtflops: 0.17  [35mmfu: 0.06%[39m
[titan] 2026-09-10 07:34:01,251 - root - INFO - [31mstep: 74  [32mloss:  2.85738  [38;2;180;60;0mgrad_norm:  5.3438  [38;2;54;234;195mmemory:  3.55GiB(8.99%)  [34mtps: 52  [36mtflops: 0.17  [35mmfu: 0.06%[39m
[titan] 2026-09-10 07:34:01,251 - root - INFO - [31mstep: 74  [32mloss:  2.85738  [38;2;180;60;0mgrad_norm:  5.3438  [38;2;54;234;195mmemory:  3.55GiB(8.99%)  [34mtps: 53  [36mtflops: 0.17  [35mmfu: 0.06%[39m
[titan] 2026-09-10 07:34:02,474 - root - INFO - [31mstep: 75  [32mloss:  1.20172  [38;2;180;60;0mgrad_norm:  3.4688  [38;2;54;234;195mmemory:  3.55GiB(8.99%)  [34mtps: 52  [36mtflops: 0.17  [35mmfu: 0.06%[39m
[titan] 2026-09-10 07:34:02,475 - root - INFO - [31mstep: 75  [32mloss:  1.20172  [38;2;180;60;0mgrad_norm:  3.4688  [38;2;54;234;195mmemory:  3.55GiB(8.99%)  [34mtps: 52  [36mtflops: 0.17  [35mmfu: 0.06%[39m
[titan] 2026-09-10 07:34:02,475 - root - INFO - [31mstep: 75  [32mloss:  1.20172  [38;2;180;60;0mgrad_norm:  3.4688  [38;2;54;234;195mmemory:  3.55GiB(8.99%)  [34mtps: 52  [36mtflops: 0.17  [35mmfu: 0.06%[39m
[titan] 2026-09-10 07:34:02,481 - root - INFO - [31mstep: 75  [32mloss:  1.20172  [38;2;180;60;0mgrad_norm:  3.4688  [38;2;54;234;195mmemory:  3.55GiB(8.99%)  [34mtps: 52  [36mtflops: 0.17  [35mmfu: 0.06%[39m
[titan] 2026-09-10 07:34:03,690 - root - INFO - [31mstep: 76  [32mloss:  3.14297  [38;2;180;60;0mgrad_norm:  5.9688  [38;2;54;234;195mmemory:  3.55GiB(8.99%)  [34mtps: 53  [36mtflops: 0.18  [35mmfu: 0.06%[39m
[titan] 2026-09-10 07:34:03,690 - root - INFO - [31mstep: 76  [32mloss:  3.14297  [38;2;180;60;0mgrad_norm:  5.9688  [38;2;54;234;195mmemory:  3.55GiB(8.99%)  [34mtps: 53  [36mtflops: 0.18  [35mmfu: 0.06%[39m
[titan] 2026-09-10 07:34:03,691 - root - INFO - [31mstep: 76  [32mloss:  3.14297  [38;2;180;60;0mgrad_norm:  5.9688  [38;2;54;234;195mmemory:  3.55GiB(8.99%)  [34mtps: 53  [36mtflops: 0.18  [35mmfu: 0.06%[39m
[titan] 2026-09-10 07:34:03,691 - root - INFO - [31mstep: 76  [32mloss:  3.14297  [38;2;180;60;0mgrad_norm:  5.9688  [38;2;54;234;195mmemory:  3.55GiB(8.99%)  [34mtps: 53  [36mtflops: 0.17  [35mmfu: 0.06%[39m
[titan] 2026-09-10 07:34:04,908 - root - INFO - [31mstep: 77  [32mloss:  3.13026  [38;2;180;60;0mgrad_norm:  4.5000  [38;2;54;234;195mmemory:  3.55GiB(8.99%)  [34mtps: 53  [36mtflops: 0.17  [35mmfu: 0.06%[39m
[titan] 2026-09-10 07:34:04,909 - root - INFO - [31mstep: 77  [32mloss:  3.13026  [38;2;180;60;0mgrad_norm:  4.5000  [38;2;54;234;195mmemory:  3.55GiB(8.99%)  [34mtps: 53  [36mtflops: 0.17  [35mmfu: 0.06%[39m
[titan] 2026-09-10 07:34:04,910 - root - INFO - [31mstep: 77  [32mloss:  3.13026  [38;2;180;60;0mgrad_norm:  4.5000  [38;2;54;234;195mmemory:  3.55GiB(8.99%)  [34mtps: 53  [36mtflops: 0.17  [35mmfu: 0.06%[39m
[titan] 2026-09-10 07:34:04,914 - root - INFO - [31mstep: 77  [32mloss:  3.13026  [38;2;180;60;0mgrad_norm:  4.5000  [38;2;54;234;195mmemory:  3.55GiB(8.99%)  [34mtps: 52  [36mtflops: 0.17  [35mmfu: 0.06%[39m
[titan] 2026-09-10 07:34:06,120 - root - INFO - [31mstep: 78  [32mloss:  2.35874  [38;2;180;60;0mgrad_norm:  4.3750  [38;2;54;234;195mmemory:  3.55GiB(8.99%)  [34mtps: 53  [36mtflops: 0.18  [35mmfu: 0.06%[39m
[titan] 2026-09-10 07:34:06,121 - root - INFO - [31mstep: 78  [32mloss:  2.35874  [38;2;180;60;0mgrad_norm:  4.3750  [38;2;54;234;195mmemory:  3.55GiB(8.99%)  [34mtps: 53  [36mtflops: 0.18  [35mmfu: 0.06%[39m
[titan] 2026-09-10 07:34:06,121 - root - INFO - [31mstep: 78  [32mloss:  2.35874  [38;2;180;60;0mgrad_norm:  4.3750  [38;2;54;234;195mmemory:  3.55GiB(8.99%)  [34mtps: 53  [36mtflops: 0.18  [35mmfu: 0.06%[39m
[titan] 2026-09-10 07:34:06,124 - root - INFO - [31mstep: 78  [32mloss:  2.35874  [38;2;180;60;0mgrad_norm:  4.3750  [38;2;54;234;195mmemory:  3.55GiB(8.99%)  [34mtps: 53  [36mtflops: 0.18  [35mmfu: 0.06%[39m
[titan] 2026-09-10 07:34:07,333 - root - INFO - [31mstep: 79  [32mloss:  3.50671  [38;2;180;60;0mgrad_norm:  4.4062  [38;2;54;234;195mmemory:  3.55GiB(8.99%)  [34mtps: 53  [36mtflops: 0.18  [35mmfu: 0.06%[39m
[titan] 2026-09-10 07:34:07,334 - root - INFO - [31mstep: 79  [32mloss:  3.50671  [38;2;180;60;0mgrad_norm:  4.4062  [38;2;54;234;195mmemory:  3.55GiB(8.99%)  [34mtps: 53  [36mtflops: 0.18  [35mmfu: 0.06%[39m
[titan] 2026-09-10 07:34:07,334 - root - INFO - [31mstep: 79  [32mloss:  3.50671  [38;2;180;60;0mgrad_norm:  4.4062  [38;2;54;234;195mmemory:  3.55GiB(8.99%)  [34mtps: 53  [36mtflops: 0.18  [35mmfu: 0.06%[39m
[titan] 2026-09-10 07:34:07,336 - root - INFO - [31mstep: 79  [32mloss:  3.50671  [38;2;180;60;0mgrad_norm:  4.4062  [38;2;54;234;195mmemory:  3.55GiB(8.99%)  [34mtps: 53  [36mtflops: 0.18  [35mmfu: 0.06%[39m
[titan] 2026-09-10 07:34:08,562 - root - INFO - [31mstep: 80  [32mloss:  3.04532  [38;2;180;60;0mgrad_norm:  3.4688  [38;2;54;234;195mmemory:  3.55GiB(8.99%)  [34mtps: 52  [36mtflops: 0.17  [35mmfu: 0.06%[39m
[titan] 2026-09-10 07:34:08,563 - root - INFO - [31mstep: 80  [32mloss:  3.04532  [38;2;180;60;0mgrad_norm:  3.4688  [38;2;54;234;195mmemory:  3.55GiB(8.99%)  [34mtps: 52  [36mtflops: 0.17  [35mmfu: 0.06%[39m
[titan] 2026-09-10 07:34:08,565 - root - INFO - [31mstep: 80  [32mloss:  3.04532  [38;2;180;60;0mgrad_norm:  3.4688  [38;2;54;234;195mmemory:  3.55GiB(8.99%)  [34mtps: 52  [36mtflops: 0.17  [35mmfu: 0.06%[39m
[titan] 2026-09-10 07:34:08,566 - root - INFO - [31mstep: 80  [32mloss:  3.04532  [38;2;180;60;0mgrad_norm:  3.4688  [38;2;54;234;195mmemory:  3.55GiB(8.99%)  [34mtps: 52  [36mtflops: 0.17  [35mmfu: 0.06%[39m
[titan] 2026-09-10 07:34:09,782 - root - INFO - [31mstep: 81  [32mloss:  1.75481  [38;2;180;60;0mgrad_norm:  3.7500  [38;2;54;234;195mmemory:  3.55GiB(8.99%)  [34mtps: 52  [36mtflops: 0.17  [35mmfu: 0.06%[39m
[titan] 2026-09-10 07:34:09,782 - root - INFO - [31mstep: 81  [32mloss:  1.75481  [38;2;180;60;0mgrad_norm:  3.7500  [38;2;54;234;195mmemory:  3.55GiB(8.99%)  [34mtps: 53  [36mtflops: 0.17  [35mmfu: 0.06%[39m
[titan] 2026-09-10 07:34:09,783 - root - INFO - [31mstep: 81  [32mloss:  1.75481  [38;2;180;60;0mgrad_norm:  3.7500  [38;2;54;234;195mmemory:  3.55GiB(8.99%)  [34mtps: 53  [36mtflops: 0.17  [35mmfu: 0.06%[39m
[titan] 2026-09-10 07:34:09,788 - root - INFO - [31mstep: 81  [32mloss:  1.75481  [38;2;180;60;0mgrad_norm:  3.7500  [38;2;54;234;195mmemory:  3.55GiB(8.99%)  [34mtps: 52  [36mtflops: 0.17  [35mmfu: 0.06%[39m
[titan] 2026-09-10 07:34:11,005 - root - INFO - [31mstep: 82  [32mloss:  2.18626  [38;2;180;60;0mgrad_norm:  3.7969  [38;2;54;234;195mmemory:  3.55GiB(8.99%)  [34mtps: 52  [36mtflops: 0.17  [35mmfu: 0.06%[39m
[titan] 2026-09-10 07:34:11,005 - root - INFO - [31mstep: 82  [32mloss:  2.18626  [38;2;180;60;0mgrad_norm:  3.7969  [38;2;54;234;195mmemory:  3.55GiB(8.99%)  [34mtps: 52  [36mtflops: 0.17  [35mmfu: 0.06%[39m
[titan] 2026-09-10 07:34:11,007 - root - INFO - [31mstep: 82  [32mloss:  2.18626  [38;2;180;60;0mgrad_norm:  3.7969  [38;2;54;234;195mmemory:  3.55GiB(8.99%)  [34mtps: 52  [36mtflops: 0.17  [35mmfu: 0.06%[39m
[titan] 2026-09-10 07:34:11,007 - root - INFO - [31mstep: 82  [32mloss:  2.18626  [38;2;180;60;0mgrad_norm:  3.7969  [38;2;54;234;195mmemory:  3.55GiB(8.99%)  [34mtps: 53  [36mtflops: 0.17  [35mmfu: 0.06%[39m
[titan] 2026-09-10 07:34:12,232 - root - INFO - [31mstep: 83  [32mloss:  1.06595  [38;2;180;60;0mgrad_norm:  2.9688  [38;2;54;234;195mmemory:  3.55GiB(8.99%)  [34mtps: 52  [36mtflops: 0.17  [35mmfu: 0.06%[39m
[titan] 2026-09-10 07:34:12,232 - root - INFO - [31mstep: 83  [32mloss:  1.06595  [38;2;180;60;0mgrad_norm:  2.9688  [38;2;54;234;195mmemory:  3.55GiB(8.99%)  [34mtps: 52  [36mtflops: 0.17  [35mmfu: 0.06%[39m
[titan] 2026-09-10 07:34:12,232 - root - INFO - [31mstep: 83  [32mloss:  1.06595  [38;2;180;60;0mgrad_norm:  2.9688  [38;2;54;234;195mmemory:  3.55GiB(8.99%)  [34mtps: 52  [36mtflops: 0.17  [35mmfu: 0.06%[39m
[titan] 2026-09-10 07:34:12,235 - root - INFO - [31mstep: 83  [32mloss:  1.06595  [38;2;180;60;0mgrad_norm:  2.9688  [38;2;54;234;195mmemory:  3.55GiB(8.99%)  [34mtps: 52  [36mtflops: 0.17  [35mmfu: 0.06%[39m
[titan] 2026-09-10 07:34:13,446 - root - INFO - [31mstep: 84  [32mloss:  2.54655  [38;2;180;60;0mgrad_norm:  4.6875  [38;2;54;234;195mmemory:  3.55GiB(8.99%)  [34mtps: 53  [36mtflops: 0.18  [35mmfu: 0.06%[39m
[titan] 2026-09-10 07:34:13,447 - root - INFO - [31mstep: 84  [32mloss:  2.54655  [38;2;180;60;0mgrad_norm:  4.6875  [38;2;54;234;195mmemory:  3.55GiB(8.99%)  [34mtps: 53  [36mtflops: 0.18  [35mmfu: 0.06%[39m
[titan] 2026-09-10 07:34:13,447 - root - INFO - [31mstep: 84  [32mloss:  2.54655  [38;2;180;60;0mgrad_norm:  4.6875  [38;2;54;234;195mmemory:  3.55GiB(8.99%)  [34mtps: 53  [36mtflops: 0.18  [35mmfu: 0.06%[39m
[titan] 2026-09-10 07:34:13,449 - root - INFO - [31mstep: 84  [32mloss:  2.54655  [38;2;180;60;0mgrad_norm:  4.6875  [38;2;54;234;195mmemory:  3.55GiB(8.99%)  [34mtps: 53  [36mtflops: 0.18  [35mmfu: 0.06%[39m
[titan] 2026-09-10 07:34:14,657 - root - INFO - [31mstep: 85  [32mloss:  2.47210  [38;2;180;60;0mgrad_norm:  4.3750  [38;2;54;234;195mmemory:  3.55GiB(8.99%)  [34mtps: 53  [36mtflops: 0.18  [35mmfu: 0.06%[39m
[titan] 2026-09-10 07:34:14,657 - root - INFO - [31mstep: 85  [32mloss:  2.47210  [38;2;180;60;0mgrad_norm:  4.3750  [38;2;54;234;195mmemory:  3.55GiB(8.99%)  [34mtps: 53  [36mtflops: 0.18  [35mmfu: 0.06%[39m
[titan] 2026-09-10 07:34:14,659 - root - INFO - [31mstep: 85  [32mloss:  2.47210  [38;2;180;60;0mgrad_norm:  4.3750  [38;2;54;234;195mmemory:  3.55GiB(8.99%)  [34mtps: 53  [36mtflops: 0.18  [35mmfu: 0.06%[39m
[titan] 2026-09-10 07:34:14,659 - root - INFO - [31mstep: 85  [32mloss:  2.47210  [38;2;180;60;0mgrad_norm:  4.3750  [38;2;54;234;195mmemory:  3.55GiB(8.99%)  [34mtps: 53  [36mtflops: 0.18  [35mmfu: 0.06%[39m
[titan] 2026-09-10 07:34:15,883 - root - INFO - [31mstep: 86  [32mloss:  3.36913  [38;2;180;60;0mgrad_norm:  4.6250  [38;2;54;234;195mmemory:  3.55GiB(8.99%)  [34mtps: 52  [36mtflops: 0.17  [35mmfu: 0.06%[39m
[titan] 2026-09-10 07:34:15,883 - root - INFO - [31mstep: 86  [32mloss:  3.36913  [38;2;180;60;0mgrad_norm:  4.6250  [38;2;54;234;195mmemory:  3.55GiB(8.99%)  [34mtps: 52  [36mtflops: 0.17  [35mmfu: 0.06%[39m
[titan] 2026-09-10 07:34:15,883 - root - INFO - [31mstep: 86  [32mloss:  3.36913  [38;2;180;60;0mgrad_norm:  4.6250  [38;2;54;234;195mmemory:  3.55GiB(8.99%)  [34mtps: 52  [36mtflops: 0.17  [35mmfu: 0.06%[39m
[titan] 2026-09-10 07:34:15,888 - root - INFO - [31mstep: 86  [32mloss:  3.36913  [38;2;180;60;0mgrad_norm:  4.6250  [38;2;54;234;195mmemory:  3.55GiB(8.99%)  [34mtps: 52  [36mtflops: 0.17  [35mmfu: 0.06%[39m
[titan] 2026-09-10 07:34:17,104 - root - INFO - [31mstep: 87  [32mloss:  2.77235  [38;2;180;60;0mgrad_norm:  3.0469  [38;2;54;234;195mmemory:  3.55GiB(8.99%)  [34mtps: 52  [36mtflops: 0.17  [35mmfu: 0.06%[39m
[titan] 2026-09-10 07:34:17,106 - root - INFO - [31mstep: 87  [32mloss:  2.77235  [38;2;180;60;0mgrad_norm:  3.0469  [38;2;54;234;195mmemory:  3.55GiB(8.99%)  [34mtps: 52  [36mtflops: 0.17  [35mmfu: 0.06%[39m
[titan] 2026-09-10 07:34:17,106 - root - INFO - [31mstep: 87  [32mloss:  2.77235  [38;2;180;60;0mgrad_norm:  3.0469  [38;2;54;234;195mmemory:  3.55GiB(8.99%)  [34mtps: 52  [36mtflops: 0.17  [35mmfu: 0.06%[39m
[titan] 2026-09-10 07:34:17,108 - root - INFO - [31mstep: 87  [32mloss:  2.77235  [38;2;180;60;0mgrad_norm:  3.0469  [38;2;54;234;195mmemory:  3.55GiB(8.99%)  [34mtps: 52  [36mtflops: 0.17  [35mmfu: 0.06%[39m
[titan] 2026-09-10 07:34:18,317 - root - INFO - [31mstep: 88  [32mloss:  0.94271  [38;2;180;60;0mgrad_norm:  3.2188  [38;2;54;234;195mmemory:  3.55GiB(8.99%)  [34mtps: 53  [36mtflops: 0.18  [35mmfu: 0.06%[39m
[titan] 2026-09-10 07:34:18,318 - root - INFO - [31mstep: 88  [32mloss:  0.94271  [38;2;180;60;0mgrad_norm:  3.2188  [38;2;54;234;195mmemory:  3.55GiB(8.99%)  [34mtps: 53  [36mtflops: 0.18  [35mmfu: 0.06%[39m
[titan] 2026-09-10 07:34:18,318 - root - INFO - [31mstep: 88  [32mloss:  0.94271  [38;2;180;60;0mgrad_norm:  3.2188  [38;2;54;234;195mmemory:  3.55GiB(8.99%)  [34mtps: 53  [36mtflops: 0.18  [35mmfu: 0.06%[39m
[titan] 2026-09-10 07:34:18,327 - root - INFO - [31mstep: 88  [32mloss:  0.94271  [38;2;180;60;0mgrad_norm:  3.2188  [38;2;54;234;195mmemory:  3.55GiB(8.99%)  [34mtps: 53  [36mtflops: 0.17  [35mmfu: 0.06%[39m
[titan] 2026-09-10 07:34:19,538 - root - INFO - [31mstep: 89  [32mloss:  2.25323  [38;2;180;60;0mgrad_norm:  3.9219  [38;2;54;234;195mmemory:  3.55GiB(8.99%)  [34mtps: 52  [36mtflops: 0.17  [35mmfu: 0.06%[39m
[titan] 2026-09-10 07:34:19,539 - root - INFO - [31mstep: 89  [32mloss:  2.25323  [38;2;180;60;0mgrad_norm:  3.9219  [38;2;54;234;195mmemory:  3.55GiB(8.99%)  [34mtps: 52  [36mtflops: 0.17  [35mmfu: 0.06%[39m
[titan] 2026-09-10 07:34:19,540 - root - INFO - [31mstep: 89  [32mloss:  2.25323  [38;2;180;60;0mgrad_norm:  3.9219  [38;2;54;234;195mmemory:  3.55GiB(8.99%)  [34mtps: 52  [36mtflops: 0.17  [35mmfu: 0.06%[39m
[titan] 2026-09-10 07:34:19,545 - root - INFO - [31mstep: 89  [32mloss:  2.25323  [38;2;180;60;0mgrad_norm:  3.9219  [38;2;54;234;195mmemory:  3.55GiB(8.99%)  [34mtps: 53  [36mtflops: 0.17  [35mmfu: 0.06%[39m
[titan] 2026-09-10 07:34:20,752 - root - INFO - [31mstep: 90  [32mloss:  0.82380  [38;2;180;60;0mgrad_norm:  3.0625  [38;2;54;234;195mmemory:  3.55GiB(8.99%)  [34mtps: 53  [36mtflops: 0.18  [35mmfu: 0.06%[39m
[titan] 2026-09-10 07:34:20,752 - root - INFO - [31mstep: 90  [32mloss:  0.82380  [38;2;180;60;0mgrad_norm:  3.0625  [38;2;54;234;195mmemory:  3.55GiB(8.99%)  [34mtps: 53  [36mtflops: 0.18  [35mmfu: 0.06%[39m
[titan] 2026-09-10 07:34:20,753 - root - INFO - [31mstep: 90  [32mloss:  0.82380  [38;2;180;60;0mgrad_norm:  3.0625  [38;2;54;234;195mmemory:  3.55GiB(8.99%)  [34mtps: 53  [36mtflops: 0.18  [35mmfu: 0.06%[39m
[titan] 2026-09-10 07:34:20,754 - root - INFO - [31mstep: 90  [32mloss:  0.82380  [38;2;180;60;0mgrad_norm:  3.0625  [38;2;54;234;195mmemory:  3.55GiB(8.99%)  [34mtps: 53  [36mtflops: 0.18  [35mmfu: 0.06%[39m
[titan] 2026-09-10 07:34:21,956 - root - INFO - [31mstep: 91  [32mloss:  2.26822  [38;2;180;60;0mgrad_norm:  3.5469  [38;2;54;234;195mmemory:  3.55GiB(8.99%)  [34mtps: 53  [36mtflops: 0.18  [35mmfu: 0.06%[39m
[titan] 2026-09-10 07:34:21,957 - root - INFO - [31mstep: 91  [32mloss:  2.26822  [38;2;180;60;0mgrad_norm:  3.5469  [38;2;54;234;195mmemory:  3.55GiB(8.99%)  [34mtps: 53  [36mtflops: 0.18  [35mmfu: 0.06%[39m
[titan] 2026-09-10 07:34:21,957 - root - INFO - [31mstep: 91  [32mloss:  2.26822  [38;2;180;60;0mgrad_norm:  3.5469  [38;2;54;234;195mmemory:  3.55GiB(8.99%)  [34mtps: 53  [36mtflops: 0.18  [35mmfu: 0.06%[39m
[titan] 2026-09-10 07:34:21,957 - root - INFO - [31mstep: 91  [32mloss:  2.26822  [38;2;180;60;0mgrad_norm:  3.5469  [38;2;54;234;195mmemory:  3.55GiB(8.99%)  [34mtps: 53  [36mtflops: 0.18  [35mmfu: 0.06%[39m
[titan] 2026-09-10 07:34:23,176 - root - INFO - [31mstep: 92  [32mloss:  3.06156  [38;2;180;60;0mgrad_norm:  4.3438  [38;2;54;234;195mmemory:  3.55GiB(8.99%)  [34mtps: 53  [36mtflops: 0.17  [35mmfu: 0.06%[39m
[titan] 2026-09-10 07:34:23,177 - root - INFO - [31mstep: 92  [32mloss:  3.06156  [38;2;180;60;0mgrad_norm:  4.3438  [38;2;54;234;195mmemory:  3.55GiB(8.99%)  [34mtps: 52  [36mtflops: 0.17  [35mmfu: 0.06%[39m
[titan] 2026-09-10 07:34:23,177 - root - INFO - [31mstep: 92  [32mloss:  3.06156  [38;2;180;60;0mgrad_norm:  4.3438  [38;2;54;234;195mmemory:  3.55GiB(8.99%)  [34mtps: 52  [36mtflops: 0.17  [35mmfu: 0.06%[39m
[titan] 2026-09-10 07:34:23,179 - root - INFO - [31mstep: 92  [32mloss:  3.06156  [38;2;180;60;0mgrad_norm:  4.3438  [38;2;54;234;195mmemory:  3.55GiB(8.99%)  [34mtps: 52  [36mtflops: 0.17  [35mmfu: 0.06%[39m
[titan] 2026-09-10 07:34:24,383 - root - INFO - [31mstep: 93  [32mloss:  3.04722  [38;2;180;60;0mgrad_norm:  3.7031  [38;2;54;234;195mmemory:  3.55GiB(8.99%)  [34mtps: 53  [36mtflops: 0.18  [35mmfu: 0.06%[39m
[titan] 2026-09-10 07:34:24,383 - root - INFO - [31mstep: 93  [32mloss:  3.04722  [38;2;180;60;0mgrad_norm:  3.7031  [38;2;54;234;195mmemory:  3.55GiB(8.99%)  [34mtps: 53  [36mtflops: 0.18  [35mmfu: 0.06%[39m
[titan] 2026-09-10 07:34:24,384 - root - INFO - [31mstep: 93  [32mloss:  3.04722  [38;2;180;60;0mgrad_norm:  3.7031  [38;2;54;234;195mmemory:  3.55GiB(8.99%)  [34mtps: 53  [36mtflops: 0.18  [35mmfu: 0.06%[39m
[titan] 2026-09-10 07:34:24,384 - root - INFO - [31mstep: 93  [32mloss:  3.04722  [38;2;180;60;0mgrad_norm:  3.7031  [38;2;54;234;195mmemory:  3.55GiB(8.99%)  [34mtps: 53  [36mtflops: 0.18  [35mmfu: 0.06%[39m
[titan] 2026-09-10 07:34:25,590 - root - INFO - [31mstep: 94  [32mloss:  2.87242  [38;2;180;60;0mgrad_norm:  5.5938  [38;2;54;234;195mmemory:  3.55GiB(8.99%)  [34mtps: 53  [36mtflops: 0.18  [35mmfu: 0.06%[39m
[titan] 2026-09-10 07:34:25,590 - root - INFO - [31mstep: 94  [32mloss:  2.87242  [38;2;180;60;0mgrad_norm:  5.5938  [38;2;54;234;195mmemory:  3.55GiB(8.99%)  [34mtps: 53  [36mtflops: 0.18  [35mmfu: 0.06%[39m
[titan] 2026-09-10 07:34:25,591 - root - INFO - [31mstep: 94  [32mloss:  2.87242  [38;2;180;60;0mgrad_norm:  5.5938  [38;2;54;234;195mmemory:  3.55GiB(8.99%)  [34mtps: 53  [36mtflops: 0.18  [35mmfu: 0.06%[39m
[titan] 2026-09-10 07:34:25,593 - root - INFO - [31mstep: 94  [32mloss:  2.87242  [38;2;180;60;0mgrad_norm:  5.5938  [38;2;54;234;195mmemory:  3.55GiB(8.99%)  [34mtps: 53  [36mtflops: 0.18  [35mmfu: 0.06%[39m
[titan] 2026-09-10 07:34:26,811 - root - INFO - [31mstep: 95  [32mloss:  1.98174  [38;2;180;60;0mgrad_norm:  3.3750  [38;2;54;234;195mmemory:  3.55GiB(8.99%)  [34mtps: 52  [36mtflops: 0.17  [35mmfu: 0.06%[39m
[titan] 2026-09-10 07:34:26,811 - root - INFO - [31mstep: 95  [32mloss:  1.98174  [38;2;180;60;0mgrad_norm:  3.3750  [38;2;54;234;195mmemory:  3.55GiB(8.99%)  [34mtps: 53  [36mtflops: 0.17  [35mmfu: 0.06%[39m
[titan] 2026-09-10 07:34:26,812 - root - INFO - [31mstep: 95  [32mloss:  1.98174  [38;2;180;60;0mgrad_norm:  3.3750  [38;2;54;234;195mmemory:  3.55GiB(8.99%)  [34mtps: 52  [36mtflops: 0.17  [35mmfu: 0.06%[39m
[titan] 2026-09-10 07:34:26,813 - root - INFO - [31mstep: 95  [32mloss:  1.98174  [38;2;180;60;0mgrad_norm:  3.3750  [38;2;54;234;195mmemory:  3.55GiB(8.99%)  [34mtps: 52  [36mtflops: 0.17  [35mmfu: 0.06%[39m
[titan] 2026-09-10 07:34:28,020 - root - INFO - [31mstep: 96  [32mloss:  3.02634  [38;2;180;60;0mgrad_norm:  6.2500  [38;2;54;234;195mmemory:  3.55GiB(8.99%)  [34mtps: 53  [36mtflops: 0.18  [35mmfu: 0.06%[39m
[titan] 2026-09-10 07:34:28,020 - root - INFO - [31mstep: 96  [32mloss:  3.02634  [38;2;180;60;0mgrad_norm:  6.2500  [38;2;54;234;195mmemory:  3.55GiB(8.99%)  [34mtps: 53  [36mtflops: 0.18  [35mmfu: 0.06%[39m
[titan] 2026-09-10 07:34:28,022 - root - INFO - [31mstep: 96  [32mloss:  3.02634  [38;2;180;60;0mgrad_norm:  6.2500  [38;2;54;234;195mmemory:  3.55GiB(8.99%)  [34mtps: 53  [36mtflops: 0.18  [35mmfu: 0.06%[39m
[titan] 2026-09-10 07:34:28,023 - root - INFO - [31mstep: 96  [32mloss:  3.02634  [38;2;180;60;0mgrad_norm:  6.2500  [38;2;54;234;195mmemory:  3.55GiB(8.99%)  [34mtps: 53  [36mtflops: 0.18  [35mmfu: 0.06%[39m
[titan] 2026-09-10 07:34:29,235 - root - INFO - [31mstep: 97  [32mloss:  2.19252  [38;2;180;60;0mgrad_norm:  3.3438  [38;2;54;234;195mmemory:  3.55GiB(8.99%)  [34mtps: 53  [36mtflops: 0.18  [35mmfu: 0.06%[39m
[titan] 2026-09-10 07:34:29,235 - root - INFO - [31mstep: 97  [32mloss:  2.19252  [38;2;180;60;0mgrad_norm:  3.3438  [38;2;54;234;195mmemory:  3.55GiB(8.99%)  [34mtps: 53  [36mtflops: 0.18  [35mmfu: 0.06%[39m
[titan] 2026-09-10 07:34:29,238 - root - INFO - [31mstep: 97  [32mloss:  2.19252  [38;2;180;60;0mgrad_norm:  3.3438  [38;2;54;234;195mmemory:  3.55GiB(8.99%)  [34mtps: 53  [36mtflops: 0.18  [35mmfu: 0.06%[39m
[titan] 2026-09-10 07:34:29,243 - root - INFO - [31mstep: 97  [32mloss:  2.19252  [38;2;180;60;0mgrad_norm:  3.3438  [38;2;54;234;195mmemory:  3.55GiB(8.99%)  [34mtps: 52  [36mtflops: 0.17  [35mmfu: 0.06%[39m
[titan] 2026-09-10 07:34:30,459 - root - INFO - [31mstep: 98  [32mloss:  2.68185  [38;2;180;60;0mgrad_norm:  3.5312  [38;2;54;234;195mmemory:  3.55GiB(8.99%)  [34mtps: 53  [36mtflops: 0.17  [35mmfu: 0.06%[39m
[titan] 2026-09-10 07:34:30,459 - root - INFO - [31mstep: 98  [32mloss:  2.68185  [38;2;180;60;0mgrad_norm:  3.5312  [38;2;54;234;195mmemory:  3.55GiB(8.99%)  [34mtps: 52  [36mtflops: 0.17  [35mmfu: 0.06%[39m
[titan] 2026-09-10 07:34:30,460 - root - INFO - [31mstep: 98  [32mloss:  2.68185  [38;2;180;60;0mgrad_norm:  3.5312  [38;2;54;234;195mmemory:  3.55GiB(8.99%)  [34mtps: 52  [36mtflops: 0.17  [35mmfu: 0.06%[39m
[titan] 2026-09-10 07:34:30,461 - root - INFO - [31mstep: 98  [32mloss:  2.68185  [38;2;180;60;0mgrad_norm:  3.5312  [38;2;54;234;195mmemory:  3.55GiB(8.99%)  [34mtps: 52  [36mtflops: 0.17  [35mmfu: 0.06%[39m
[titan] 2026-09-10 07:34:31,685 - root - INFO - [31mstep: 99  [32mloss:  1.63010  [38;2;180;60;0mgrad_norm:  5.4688  [38;2;54;234;195mmemory:  3.55GiB(8.99%)  [34mtps: 52  [36mtflops: 0.17  [35mmfu: 0.06%[39m
[titan] 2026-09-10 07:34:31,686 - root - INFO - [31mstep: 99  [32mloss:  1.63010  [38;2;180;60;0mgrad_norm:  5.4688  [38;2;54;234;195mmemory:  3.55GiB(8.99%)  [34mtps: 52  [36mtflops: 0.17  [35mmfu: 0.06%[39m
[titan] 2026-09-10 07:34:31,686 - root - INFO - [31mstep: 99  [32mloss:  1.63010  [38;2;180;60;0mgrad_norm:  5.4688  [38;2;54;234;195mmemory:  3.55GiB(8.99%)  [34mtps: 52  [36mtflops: 0.17  [35mmfu: 0.06%[39m
[titan] 2026-09-10 07:34:31,688 - root - INFO - [31mstep: 99  [32mloss:  1.63010  [38;2;180;60;0mgrad_norm:  5.4688  [38;2;54;234;195mmemory:  3.55GiB(8.99%)  [34mtps: 52  [36mtflops: 0.17  [35mmfu: 0.06%[39m
[titan] 2026-09-10 07:34:31,943 - root - INFO - [GC] Performing periodic GC collection took 0.25 seconds
[titan] 2026-09-10 07:34:31,948 - root - INFO - [GC] Performing periodic GC collection took 0.26 seconds
[titan] 2026-09-10 07:34:31,954 - root - INFO - [GC] Performing periodic GC collection took 0.26 seconds
[titan] 2026-09-10 07:34:31,954 - root - INFO - [GC] Performing periodic GC collection took 0.26 seconds
[titan] 2026-09-10 07:34:33,180 - root - INFO - [31mstep: 100  [32mloss:  2.77451  [38;2;180;60;0mgrad_norm:  5.5000  [38;2;54;234;195mmemory:  3.55GiB(8.99%)  [34mtps: 43  [36mtflops: 0.14  [35mmfu: 0.05%[39m
[titan] 2026-09-10 07:34:33,180 - root - INFO - [31mstep: 100  [32mloss:  2.77451  [38;2;180;60;0mgrad_norm:  5.5000  [38;2;54;234;195mmemory:  3.55GiB(8.99%)  [34mtps: 43  [36mtflops: 0.14  [35mmfu: 0.05%[39m
[titan] 2026-09-10 07:34:33,180 - root - INFO - [31mstep: 100  [32mloss:  2.77451  [38;2;180;60;0mgrad_norm:  5.5000  [38;2;54;234;195mmemory:  3.55GiB(8.99%)  [34mtps: 43  [36mtflops: 0.14  [35mmfu: 0.05%[39m
[titan] 2026-09-10 07:34:33,183 - root - INFO - [31mstep: 100  [32mloss:  2.77451  [38;2;180;60;0mgrad_norm:  5.5000  [38;2;54;234;195mmemory:  3.55GiB(8.99%)  [34mtps: 43  [36mtflops: 0.14  [35mmfu: 0.05%[39m
[titan] 2026-09-10 07:34:33,184 - root - INFO - Saving the checkpoint.
[titan] 2026-09-10 07:34:33,185 - root - INFO - Saving a full checkpoint at last step, step 100.
[titan] 2026-09-10 07:34:33,185 - root - INFO - Saving the checkpoint.
[titan] 2026-09-10 07:34:33,185 - root - INFO - Saving a full checkpoint at last step, step 100.
[titan] 2026-09-10 07:34:33,185 - root - INFO - Saving the checkpoint.
[titan] 2026-09-10 07:34:33,185 - root - INFO - Saving a full checkpoint at last step, step 100.
[titan] 2026-09-10 07:34:33,188 - root - INFO - Saving the checkpoint.
[titan] 2026-09-10 07:34:33,188 - root - INFO - Saving a full checkpoint at last step, step 100.
[titan] 2026-09-10 07:34:41,367 - root - INFO - [GC] GC collection invoked by checkpointer. took 0.06 seconds
[titan] 2026-09-10 07:34:41,389 - root - INFO - Last step checkpoint completed in 8.20s
[titan] 2026-09-10 07:34:41,390 - root - INFO - Sleeping 2 seconds for other ranks to complete
[titan] 2026-09-10 07:34:41,424 - root - INFO - [GC] GC collection invoked by checkpointer. took 0.06 seconds
[titan] 2026-09-10 07:34:41,436 - root - INFO - Last step checkpoint completed in 8.25s
[titan] 2026-09-10 07:34:41,437 - root - INFO - Training completed
[titan] 2026-09-10 07:34:41,438 - root - INFO - Destroying the purge thread.
[titan] 2026-09-10 07:34:41,439 - root - INFO - [GC] GC collection invoked by checkpointer. took 0.07 seconds
[titan] 2026-09-10 07:34:41,452 - root - INFO - Last step checkpoint completed in 8.27s
[titan] 2026-09-10 07:34:41,452 - root - INFO - Training completed
[titan] 2026-09-10 07:34:41,453 - root - INFO - Destroying the purge thread.
[titan] 2026-09-10 07:34:41,708 - root - INFO - [GC] GC collection invoked by checkpointer. took 0.34 seconds
[titan] 2026-09-10 07:34:41,719 - root - INFO - Last step checkpoint completed in 8.53s
[titan] 2026-09-10 07:34:41,720 - root - INFO - Training completed
[titan] 2026-09-10 07:34:41,721 - root - INFO - Destroying the purge thread.
[titan] 2026-09-10 07:34:43,390 - root - INFO - Training completed
[titan] 2026-09-10 07:34:43,391 - root - INFO - Destroying the purge thread.
[titan] 2026-09-10 07:34:44,341 - root - INFO - Process group destroyed
[titan] 2026-09-10 07:34:44,342 - root - INFO - Process group destroyed
[titan] 2026-09-10 07:34:44,342 - root - INFO - Process group destroyed
[titan] 2026-09-10 07:34:44,424 - root - INFO - Process group destroyed
