W0912 08:20:02.404000 10995 site-packages/torch/distributed/run.py:982] 
W0912 08:20:02.404000 10995 site-packages/torch/distributed/run.py:982] *****************************************
W0912 08:20:02.404000 10995 site-packages/torch/distributed/run.py:982] Setting OMP_NUM_THREADS environment variable for each process to be 1 in default, to avoid your system being overloaded, please further tune the variable for optimal performance in your application as needed. 
W0912 08:20:02.404000 10995 site-packages/torch/distributed/run.py:982] *****************************************
WARNING:absl:Failed to load jax profiler: No module named 'jax'
WARNING:absl:Failed to load jax profiler: No module named 'jax'
WARNING:absl:Failed to load jax profiler: No module named 'jax'
WARNING:absl:Failed to load jax profiler: No module named 'jax'
W0912 08:20:10.089000 11065 site-packages/torch/utils/_pytree.py:630] <enum 'KernelPreference'> is an Enum subclass and is now natively supported by torch.compile as an opaque value type. Calling register_constant() on Enum subclasses is deprecated and will be an error in a future release.
W0912 08:20:10.122000 11065 site-packages/torch/utils/_pytree.py:630] <enum 'ScaleCalculationMode'> is an Enum subclass and is now natively supported by torch.compile as an opaque value type. Calling register_constant() on Enum subclasses is deprecated and will be an error in a future release.
W0912 08:20:10.454000 11063 site-packages/torch/utils/_pytree.py:630] <enum 'KernelPreference'> is an Enum subclass and is now natively supported by torch.compile as an opaque value type. Calling register_constant() on Enum subclasses is deprecated and will be an error in a future release.
W0912 08:20:10.485000 11063 site-packages/torch/utils/_pytree.py:630] <enum 'ScaleCalculationMode'> is an Enum subclass and is now natively supported by torch.compile as an opaque value type. Calling register_constant() on Enum subclasses is deprecated and will be an error in a future release.
[titan] 2026-09-12 08:20:10,676 - root - INFO - torchtitan version: 0.0.0+unknown (0.0.0 means __version__ is not defined correctly).
W0912 08:20:10.807000 11064 site-packages/torch/utils/_pytree.py:630] <enum 'KernelPreference'> is an Enum subclass and is now natively supported by torch.compile as an opaque value type. Calling register_constant() on Enum subclasses is deprecated and will be an error in a future release.
W0912 08:20:10.833000 11064 site-packages/torch/utils/_pytree.py:630] <enum 'ScaleCalculationMode'> is an Enum subclass and is now natively supported by torch.compile as an opaque value type. Calling register_constant() on Enum subclasses is deprecated and will be an error in a future release.
W0912 08:20:10.852000 11062 site-packages/torch/utils/_pytree.py:630] <enum 'KernelPreference'> is an Enum subclass and is now natively supported by torch.compile as an opaque value type. Calling register_constant() on Enum subclasses is deprecated and will be an error in a future release.
W0912 08:20:10.877000 11062 site-packages/torch/utils/_pytree.py:630] <enum 'ScaleCalculationMode'> is an Enum subclass and is now natively supported by torch.compile as an opaque value type. Calling register_constant() on Enum subclasses is deprecated and will be an error in a future release.
[titan] 2026-09-12 08:20:11,029 - root - WARNING - initial_load_model_only=True has no effect without an initial_load_path.
[titan] 2026-09-12 08:20:11,095 - root - WARNING - initial_load_model_only=True has no effect without an initial_load_path.
[titan] 2026-09-12 08:20:11,098 - torchtitan.observability.structured_logger.jsonl_handler - INFO - Structured logging -> JSONL: /workspace/tp_v2_out/dp2_tp2/structured_logs/training.global_rank_3.20260912-082011-A4N77I.jsonl
[titan] 2026-09-12 08:20:11,540 - root - WARNING - ENV[TORCH_NCCL_ASYNC_ERROR_HANDLING] = 1 will be overridden to 3 based on job config
[titan] 2026-09-12 08:20:11,818 - root - INFO - torchtitan version: 0.0.0+unknown (0.0.0 means __version__ is not defined correctly).
[titan] 2026-09-12 08:20:11,846 - root - INFO - torchtitan version: 0.0.0+unknown (0.0.0 means __version__ is not defined correctly).
[titan] 2026-09-12 08:20:11,853 - root - INFO - torchtitan version: 0.0.0+unknown (0.0.0 means __version__ is not defined correctly).
[titan] 2026-09-12 08:20:12,177 - root - WARNING - initial_load_model_only=True has no effect without an initial_load_path.
[titan] 2026-09-12 08:20:12,203 - root - WARNING - initial_load_model_only=True has no effect without an initial_load_path.
[titan] 2026-09-12 08:20:12,205 - root - WARNING - initial_load_model_only=True has no effect without an initial_load_path.
[titan] 2026-09-12 08:20:12,243 - root - WARNING - initial_load_model_only=True has no effect without an initial_load_path.
[titan] 2026-09-12 08:20:12,246 - torchtitan.observability.structured_logger.jsonl_handler - INFO - Structured logging -> JSONL: /workspace/tp_v2_out/dp2_tp2/structured_logs/training.global_rank_1.20260912-082012-IMIO6M.jsonl
[titan] 2026-09-12 08:20:12,270 - root - WARNING - initial_load_model_only=True has no effect without an initial_load_path.
[titan] 2026-09-12 08:20:12,272 - torchtitan.observability.structured_logger.jsonl_handler - INFO - Structured logging -> JSONL: /workspace/tp_v2_out/dp2_tp2/structured_logs/training.global_rank_2.20260912-082012-XPUU2G.jsonl
[titan] 2026-09-12 08:20:12,280 - root - WARNING - initial_load_model_only=True has no effect without an initial_load_path.
[titan] 2026-09-12 08:20:12,284 - torchtitan.observability.structured_logger.jsonl_handler - INFO - Structured logging -> JSONL: /workspace/tp_v2_out/dp2_tp2/structured_logs/training.global_rank_0.20260912-082012-REKKAC.jsonl
[titan] 2026-09-12 08:20:12,957 - root - WARNING - ENV[TORCH_NCCL_ASYNC_ERROR_HANDLING] = 1 will be overridden to 3 based on job config
[titan] 2026-09-12 08:20:12,964 - root - WARNING - ENV[TORCH_NCCL_ASYNC_ERROR_HANDLING] = 1 will be overridden to 3 based on job config
[titan] 2026-09-12 08:20:12,966 - root - WARNING - ENV[TORCH_NCCL_ASYNC_ERROR_HANDLING] = 1 will be overridden to 3 based on job config
[titan] 2026-09-12 08:20:15,216 - root - INFO - Building device mesh with parallelism: pp=1, dp_replicate=1, dp_shard=2, cp=1, tp=2, ep=1
[titan] 2026-09-12 08:20:15,216 - root - INFO - Building device mesh with parallelism: pp=1, dp_replicate=1, dp_shard=2, cp=1, tp=2, ep=1
[titan] 2026-09-12 08:20:15,225 - root - INFO - Building device mesh with parallelism: pp=1, dp_replicate=1, dp_shard=2, cp=1, tp=2, ep=1
[titan] 2026-09-12 08:20:15,225 - root - INFO - Building device mesh with parallelism: pp=1, dp_replicate=1, dp_shard=2, cp=1, tp=2, ep=1
[titan] 2026-09-12 08:20:16,050 - root - INFO - Successfully created meshes with active dimensions: ['batch', 'loss', 'tp', 'dp', 'dp_shard']
[titan] 2026-09-12 08:20:16,050 - root - INFO - Successfully created meshes with active dimensions: ['batch', 'loss', 'tp', 'dp', 'dp_shard']
[titan] 2026-09-12 08:20:16,050 - root - INFO - Successfully created meshes with active dimensions: ['batch', 'loss', 'tp', 'dp', 'dp_shard']
[titan] 2026-09-12 08:20:16,050 - root - INFO - Successfully created meshes with active dimensions: ['batch', 'loss', 'tp', 'dp', 'dp_shard']
[titan] 2026-09-12 08:20:16,050 - root - INFO - [GC] Initial GC collection took 0.00 seconds
[titan] 2026-09-12 08:20:16,050 - root - INFO - Deterministic algorithm enabled (expect perf degradation).
[titan] 2026-09-12 08:20:16,050 - root - INFO - [GC] Initial GC collection took 0.00 seconds
[titan] 2026-09-12 08:20:16,050 - root - INFO - [GC] Initial GC collection took 0.00 seconds
[titan] 2026-09-12 08:20:16,050 - root - INFO - Deterministic algorithm enabled (expect perf degradation).
[titan] 2026-09-12 08:20:16,050 - root - INFO - [GC] Initial GC collection took 0.00 seconds
[titan] 2026-09-12 08:20:16,050 - root - INFO - Deterministic algorithm enabled (expect perf degradation).
[titan] 2026-09-12 08:20:16,050 - root - INFO - Deterministic algorithm enabled (expect perf degradation).
[titan] 2026-09-12 08:20:16,073 - root - INFO - Building kimi_k3 debugmodel
[titan] 2026-09-12 08:20:16,073 - root - INFO - Building kimi_k3 debugmodel
[titan] 2026-09-12 08:20:16,073 - root - INFO - Building kimi_k3 debugmodel
[titan] 2026-09-12 08:20:16,076 - root - INFO - Building kimi_k3 debugmodel
[titan] 2026-09-12 08:20:16,219 - root - INFO - CUDA capacity: NVIDIA H100 PCIe with 79.18GiB memory
[titan] 2026-09-12 08:20:16,221 - root - WARNING - Error running lspci: [Errno 2] No such file or directory: 'lspci', fallback to use device_name
[titan] 2026-09-12 08:20:16,221 - root - INFO - CUDA capacity: NVIDIA H100 PCIe with 79.18GiB memory
[titan] 2026-09-12 08:20:16,222 - root - INFO - CUDA capacity: NVIDIA H100 PCIe with 79.18GiB memory
[titan] 2026-09-12 08:20:16,222 - root - WARNING - Error running lspci: [Errno 2] No such file or directory: 'lspci', fallback to use device_name
[titan] 2026-09-12 08:20:16,225 - root - INFO - Total parameter count: 1,119,984,672, active parameters: 535,879,200
[titan] 2026-09-12 08:20:16,225 - root - INFO - [34mModel kimi_k3 debugmodel [31msize: 1,119,984,672 total parameters[39m
[titan] 2026-09-12 08:20:16,226 - root - INFO - CUDA capacity: NVIDIA H100 PCIe with 79.18GiB memory
[titan] 2026-09-12 08:20:16,227 - root - INFO - Total parameter count: 1,119,984,672, active parameters: 535,879,200
[titan] 2026-09-12 08:20:16,227 - root - INFO - [34mModel kimi_k3 debugmodel [31msize: 1,119,984,672 total parameters[39m
[titan] 2026-09-12 08:20:16,228 - root - WARNING - Error running lspci: [Errno 2] No such file or directory: 'lspci', fallback to use device_name
[titan] 2026-09-12 08:20:16,233 - root - INFO - Total parameter count: 1,119,984,672, active parameters: 535,879,200
[titan] 2026-09-12 08:20:16,233 - root - INFO - [34mModel kimi_k3 debugmodel [31msize: 1,119,984,672 total parameters[39m
[titan] 2026-09-12 08:20:16,240 - root - WARNING - Error running lspci: [Errno 2] No such file or directory: 'lspci', fallback to use device_name
[titan] 2026-09-12 08:20:16,244 - root - INFO - Total parameter count: 1,119,984,672, active parameters: 535,879,200
[titan] 2026-09-12 08:20:16,244 - root - INFO - [34mModel kimi_k3 debugmodel [31msize: 1,119,984,672 total parameters[39m
[titan] 2026-09-12 08:20:16,339 - root - INFO - Applied SelectiveAC activation checkpointing to the model
[titan] 2026-09-12 08:20:16,340 - root - INFO - Applied SelectiveAC activation checkpointing to the model
[titan] 2026-09-12 08:20:16,341 - root - INFO - Applied SelectiveAC activation checkpointing to the model
[titan] 2026-09-12 08:20:16,342 - root - INFO - Applied SelectiveAC activation checkpointing to the model
[titan] 2026-09-12 08:20:16,347 - root - INFO - Applied SelectiveAC activation checkpointing to the model
[titan] 2026-09-12 08:20:16,348 - root - INFO - Applied SelectiveAC activation checkpointing to the model
[titan] 2026-09-12 08:20:16,356 - root - INFO - Applied SelectiveAC activation checkpointing to the model
[titan] 2026-09-12 08:20:16,358 - root - INFO - Applied SelectiveAC activation checkpointing to the model
[titan] 2026-09-12 08:20:16,786 - root - INFO - Applied FSDP to the model
[titan] 2026-09-12 08:20:16,786 - root - INFO - Applied FSDP to the model
[titan] 2026-09-12 08:20:16,790 - root - INFO - Applied FSDP to the model
[titan] 2026-09-12 08:20:16,805 - root - INFO - Applied FSDP to the model
[rank1]:W0912 08:20:17.013000 11063 site-packages/torch/distributed/tensor/_redistribute.py:394] While redistributing from (_StridedShard(dim=0, sf=2), Shard(dim=0)) to (Replicate(), Replicate()), 2 sequential all_gather operations will be performed. This is suboptimal: multiple collective operations have higher latency (separate kernel launches and synchronization points) and may give inconsistent results between ranks due to different reduction orders. it is not possible to merge non-ascending order all_gather operations.
[rank3]:W0912 08:20:17.013000 11065 site-packages/torch/distributed/tensor/_redistribute.py:394] While redistributing from (_StridedShard(dim=0, sf=2), Shard(dim=0)) to (Replicate(), Replicate()), 2 sequential all_gather operations will be performed. This is suboptimal: multiple collective operations have higher latency (separate kernel launches and synchronization points) and may give inconsistent results between ranks due to different reduction orders. it is not possible to merge non-ascending order all_gather operations.
[rank2]:W0912 08:20:17.019000 11064 site-packages/torch/distributed/tensor/_redistribute.py:394] While redistributing from (_StridedShard(dim=0, sf=2), Shard(dim=0)) to (Replicate(), Replicate()), 2 sequential all_gather operations will be performed. This is suboptimal: multiple collective operations have higher latency (separate kernel launches and synchronization points) and may give inconsistent results between ranks due to different reduction orders. it is not possible to merge non-ascending order all_gather operations.
[rank0]:W0912 08:20:17.032000 11062 site-packages/torch/distributed/tensor/_redistribute.py:394] While redistributing from (_StridedShard(dim=0, sf=2), Shard(dim=0)) to (Replicate(), Replicate()), 2 sequential all_gather operations will be performed. This is suboptimal: multiple collective operations have higher latency (separate kernel launches and synchronization points) and may give inconsistent results between ranks due to different reduction orders. it is not possible to merge non-ascending order all_gather operations.
[titan] 2026-09-12 08:20:18,872 - root - WARNING - Error running lspci: [Errno 2] No such file or directory: 'lspci', fallback to use device_name
[titan] 2026-09-12 08:20:18,872 - root - INFO - Peak FLOPS used for computing MFU: 7.560e+14
[titan] 2026-09-12 08:20:18,872 - root - INFO - CUDA memory usage for model: 1.09GiB(1.38%)
[titan] 2026-09-12 08:20:18,872 - root - WARNING - Error running lspci: [Errno 2] No such file or directory: 'lspci', fallback to use device_name
[titan] 2026-09-12 08:20:18,872 - root - INFO - Peak FLOPS used for computing MFU: 7.560e+14
[titan] 2026-09-12 08:20:18,872 - root - WARNING - Error running lspci: [Errno 2] No such file or directory: 'lspci', fallback to use device_name
[titan] 2026-09-12 08:20:18,872 - root - INFO - Peak FLOPS used for computing MFU: 7.560e+14
[titan] 2026-09-12 08:20:18,872 - root - INFO - CUDA memory usage for model: 1.09GiB(1.38%)
[titan] 2026-09-12 08:20:18,872 - root - INFO - CUDA memory usage for model: 1.09GiB(1.38%)
[titan] 2026-09-12 08:20:18,873 - root - WARNING - Error running lspci: [Errno 2] No such file or directory: 'lspci', fallback to use device_name
[titan] 2026-09-12 08:20:18,873 - root - INFO - Peak FLOPS used for computing MFU: 7.560e+14
[titan] 2026-09-12 08:20:18,873 - root - INFO - CUDA memory usage for model: 1.09GiB(1.38%)
[titan] 2026-09-12 08:20:18,875 - root - INFO - Optimizer AdamW (model_part=0): 750 params [.*] {'fused': True, 'foreach': False, 'lr': 0.0008, 'betas': (0.9, 0.95), 'eps': 1e-08, 'weight_decay': 0.1}
[titan] 2026-09-12 08:20:18,876 - root - INFO - Optimizer AdamW (model_part=0): 750 params [.*] {'fused': True, 'foreach': False, 'lr': 0.0008, 'betas': (0.9, 0.95), 'eps': 1e-08, 'weight_decay': 0.1}
[titan] 2026-09-12 08:20:18,876 - root - INFO - Optimizer AdamW (model_part=0): 750 params [.*] {'fused': True, 'foreach': False, 'lr': 0.0008, 'betas': (0.9, 0.95), 'eps': 1e-08, 'weight_decay': 0.1}
[titan] 2026-09-12 08:20:18,877 - root - INFO - Optimizer AdamW (model_part=0): 750 params [.*] {'fused': True, 'foreach': False, 'lr': 0.0008, 'betas': (0.9, 0.95), 'eps': 1e-08, 'weight_decay': 0.1}
[titan] 2026-09-12 08:20:18,878 - root - INFO - Loading tokenizer from tokenizer.json
[titan] 2026-09-12 08:20:18,878 - root - INFO - Loading tokenizer from tokenizer.json
[titan] 2026-09-12 08:20:18,878 - root - INFO - Loading tokenizer from tokenizer.json
[titan] 2026-09-12 08:20:18,879 - root - INFO - Loading tokenizer from tokenizer.json
[titan] 2026-09-12 08:20:18,898 - root - WARNING - model.safetensors.index.json not found at hf_assets_path: ./tests/assets/tokenizer/model.safetensors.index.json.                     Defaulting to saving a single safetensors file if checkpoint is saved in HF format
[titan] 2026-09-12 08:20:18,899 - root - WARNING - initial_load_model_only=True has no effect without an initial_load_path.
[titan] 2026-09-12 08:20:18,899 - root - WARNING - model.safetensors.index.json not found at hf_assets_path: ./tests/assets/tokenizer/model.safetensors.index.json.                     Defaulting to saving a single safetensors file if checkpoint is saved in HF format
[titan] 2026-09-12 08:20:18,899 - root - WARNING - initial_load_model_only=True has no effect without an initial_load_path.
[titan] 2026-09-12 08:20:18,900 - root - WARNING - model.safetensors.index.json not found at hf_assets_path: ./tests/assets/tokenizer/model.safetensors.index.json.                     Defaulting to saving a single safetensors file if checkpoint is saved in HF format
[titan] 2026-09-12 08:20:18,900 - root - WARNING - initial_load_model_only=True has no effect without an initial_load_path.
[titan] 2026-09-12 08:20:18,908 - root - INFO - Checkpointing active. Checkpoints will be loaded from and saved to /workspace/tp_v2_out/dp2_tp2/checkpoint
[titan] 2026-09-12 08:20:18,908 - root - INFO - Checkpointing active. Checkpoints will be loaded from and saved to /workspace/tp_v2_out/dp2_tp2/checkpoint
[titan] 2026-09-12 08:20:18,908 - root - INFO - Trainer is initialized with 256 tokens per DP rank, 512 tokens per train step, gradient accumulation steps 1, maximum context length 2048, total steps 100 (warmup 2)
[titan] 2026-09-12 08:20:18,909 - root - INFO - Trainer is initialized with 256 tokens per DP rank, 512 tokens per train step, gradient accumulation steps 1, maximum context length 2048, total steps 100 (warmup 2)
[titan] 2026-09-12 08:20:18,909 - root - INFO - Loading the checkpoint from /workspace/tp_v2_out/dp2_tp2/checkpoint/step-0.
[titan] 2026-09-12 08:20:18,909 - root - INFO - Loading the checkpoint from /workspace/tp_v2_out/dp2_tp2/checkpoint/step-0.
[titan] 2026-09-12 08:20:18,910 - root - INFO - Checkpointing active. Checkpoints will be loaded from and saved to /workspace/tp_v2_out/dp2_tp2/checkpoint
[titan] 2026-09-12 08:20:18,910 - root - INFO - Trainer is initialized with 256 tokens per DP rank, 512 tokens per train step, gradient accumulation steps 1, maximum context length 2048, total steps 100 (warmup 2)
[titan] 2026-09-12 08:20:18,911 - root - INFO - Loading the checkpoint from /workspace/tp_v2_out/dp2_tp2/checkpoint/step-0.
[titan] 2026-09-12 08:20:18,950 - root - WARNING - model.safetensors.index.json not found at hf_assets_path: ./tests/assets/tokenizer/model.safetensors.index.json.                     Defaulting to saving a single safetensors file if checkpoint is saved in HF format
[titan] 2026-09-12 08:20:18,950 - root - WARNING - initial_load_model_only=True has no effect without an initial_load_path.
[titan] 2026-09-12 08:20:18,960 - root - INFO - Checkpointing active. Checkpoints will be loaded from and saved to /workspace/tp_v2_out/dp2_tp2/checkpoint
[titan] 2026-09-12 08:20:18,960 - root - INFO - Trainer is initialized with 256 tokens per DP rank, 512 tokens per train step, gradient accumulation steps 1, maximum context length 2048, total steps 100 (warmup 2)
[titan] 2026-09-12 08:20:18,961 - root - INFO - Loading the checkpoint from /workspace/tp_v2_out/dp2_tp2/checkpoint/step-0.
[titan] 2026-09-12 08:20:26,015 - root - INFO - [GC] GC collection for checkpoint loading. took 0.02 seconds
[titan] 2026-09-12 08:20:26,015 - root - INFO - [GC] GC collection for checkpoint loading. took 0.02 seconds
[titan] 2026-09-12 08:20:26,016 - root - INFO - Finished loading the checkpoint in 7.05 seconds.
[titan] 2026-09-12 08:20:26,016 - root - INFO - Finished loading the checkpoint in 7.11 seconds.
[titan] 2026-09-12 08:20:26,016 - root - INFO - Training starts at step 1
[titan] 2026-09-12 08:20:26,016 - root - INFO - Training starts at step 1
[titan] 2026-09-12 08:20:26,017 - root - INFO - [GC] GC collection for checkpoint loading. took 0.02 seconds
[titan] 2026-09-12 08:20:26,017 - root - INFO - [GC] GC collection for checkpoint loading. took 0.02 seconds
[titan] 2026-09-12 08:20:26,017 - root - INFO - Finished loading the checkpoint in 7.11 seconds.
[titan] 2026-09-12 08:20:26,017 - root - INFO - Training starts at step 1
[titan] 2026-09-12 08:20:26,017 - root - INFO - Finished loading the checkpoint in 7.11 seconds.
[titan] 2026-09-12 08:20:26,018 - root - INFO - Training starts at step 1
/venv/main/lib/python3.12/site-packages/torch/distributed/fsdp/_fully_shard/_fsdp_state.py:336: UserWarning: FSDP2-wrapped module (FSDPKimiK3VisionEncoder) returned a view tensor. An in-place op on this view (e.g., `x += y`) will silently drop the pre-backward hook and skip the all-gather, which can cause backward to fail or produce wrong gradients. Use out-of-place ops (`out = out + y`, not `out += y`) or `.clone()` the output before any in-place op.
  output = self._register_pre_backward_hook(output)
/venv/main/lib/python3.12/site-packages/torch/distributed/fsdp/_fully_shard/_fsdp_state.py:336: UserWarning: FSDP2-wrapped module (FSDPKimiK3VisionEncoder) returned a view tensor. An in-place op on this view (e.g., `x += y`) will silently drop the pre-backward hook and skip the all-gather, which can cause backward to fail or produce wrong gradients. Use out-of-place ops (`out = out + y`, not `out += y`) or `.clone()` the output before any in-place op.
  output = self._register_pre_backward_hook(output)
/venv/main/lib/python3.12/site-packages/spmd_types/_collectives.py:305: FutureWarning: `torch.distributed._functional_collectives.all_gather_tensor` is deprecated. Please use `torch.distributed._functional_collectives.all_gather_single` instead.
  result = funcol.all_gather_tensor(x, gather_dim, pg)
/venv/main/lib/python3.12/site-packages/spmd_types/_collectives.py:305: FutureWarning: `torch.distributed._functional_collectives.all_gather_tensor` is deprecated. Please use `torch.distributed._functional_collectives.all_gather_single` instead.
  result = funcol.all_gather_tensor(x, gather_dim, pg)
/venv/main/lib/python3.12/site-packages/torch/distributed/fsdp/_fully_shard/_fsdp_state.py:336: UserWarning: FSDP2-wrapped module (FSDPKimiK3VisionEncoder) returned a view tensor. An in-place op on this view (e.g., `x += y`) will silently drop the pre-backward hook and skip the all-gather, which can cause backward to fail or produce wrong gradients. Use out-of-place ops (`out = out + y`, not `out += y`) or `.clone()` the output before any in-place op.
  output = self._register_pre_backward_hook(output)
/venv/main/lib/python3.12/site-packages/torch/distributed/fsdp/_fully_shard/_fsdp_state.py:336: UserWarning: FSDP2-wrapped module (FSDPKimiK3VisionEncoder) returned a view tensor. An in-place op on this view (e.g., `x += y`) will silently drop the pre-backward hook and skip the all-gather, which can cause backward to fail or produce wrong gradients. Use out-of-place ops (`out = out + y`, not `out += y`) or `.clone()` the output before any in-place op.
  output = self._register_pre_backward_hook(output)
/venv/main/lib/python3.12/site-packages/spmd_types/_collectives.py:305: FutureWarning: `torch.distributed._functional_collectives.all_gather_tensor` is deprecated. Please use `torch.distributed._functional_collectives.all_gather_single` instead.
  result = funcol.all_gather_tensor(x, gather_dim, pg)
/venv/main/lib/python3.12/site-packages/spmd_types/_collectives.py:305: FutureWarning: `torch.distributed._functional_collectives.all_gather_tensor` is deprecated. Please use `torch.distributed._functional_collectives.all_gather_single` instead.
  result = funcol.all_gather_tensor(x, gather_dim, pg)
/venv/main/lib/python3.12/site-packages/spmd_types/_collectives.py:633: FutureWarning: `torch.distributed._functional_collectives.reduce_scatter_tensor` is deprecated. Please use `torch.distributed._functional_collectives.reduce_scatter_single` instead.
  result = funcol.reduce_scatter_tensor(x, "sum", scatter_dim, pg)
/venv/main/lib/python3.12/site-packages/spmd_types/_collectives.py:633: FutureWarning: `torch.distributed._functional_collectives.reduce_scatter_tensor` is deprecated. Please use `torch.distributed._functional_collectives.reduce_scatter_single` instead.
  result = funcol.reduce_scatter_tensor(x, "sum", scatter_dim, pg)
/venv/main/lib/python3.12/site-packages/spmd_types/_collectives.py:633: FutureWarning: `torch.distributed._functional_collectives.reduce_scatter_tensor` is deprecated. Please use `torch.distributed._functional_collectives.reduce_scatter_single` instead.
  result = funcol.reduce_scatter_tensor(x, "sum", scatter_dim, pg)
/venv/main/lib/python3.12/site-packages/spmd_types/_collectives.py:633: FutureWarning: `torch.distributed._functional_collectives.reduce_scatter_tensor` is deprecated. Please use `torch.distributed._functional_collectives.reduce_scatter_single` instead.
  result = funcol.reduce_scatter_tensor(x, "sum", scatter_dim, pg)
/venv/main/lib/python3.12/site-packages/torch/distributed/fsdp/_fully_shard/_fsdp_state.py:336: UserWarning: FSDP2-wrapped module (FSDPCheckpointWrapper) returned a view tensor. An in-place op on this view (e.g., `x += y`) will silently drop the pre-backward hook and skip the all-gather, which can cause backward to fail or produce wrong gradients. Use out-of-place ops (`out = out + y`, not `out += y`) or `.clone()` the output before any in-place op.
  output = self._register_pre_backward_hook(output)
/venv/main/lib/python3.12/site-packages/torch/distributed/fsdp/_fully_shard/_fsdp_state.py:336: UserWarning: FSDP2-wrapped module (FSDPCheckpointWrapper) returned a view tensor. An in-place op on this view (e.g., `x += y`) will silently drop the pre-backward hook and skip the all-gather, which can cause backward to fail or produce wrong gradients. Use out-of-place ops (`out = out + y`, not `out += y`) or `.clone()` the output before any in-place op.
  output = self._register_pre_backward_hook(output)
/venv/main/lib/python3.12/site-packages/torch/distributed/fsdp/_fully_shard/_fsdp_state.py:336: UserWarning: FSDP2-wrapped module (FSDPCheckpointWrapper) returned a view tensor. An in-place op on this view (e.g., `x += y`) will silently drop the pre-backward hook and skip the all-gather, which can cause backward to fail or produce wrong gradients. Use out-of-place ops (`out = out + y`, not `out += y`) or `.clone()` the output before any in-place op.
  output = self._register_pre_backward_hook(output)
/venv/main/lib/python3.12/site-packages/torch/distributed/fsdp/_fully_shard/_fsdp_state.py:336: UserWarning: FSDP2-wrapped module (FSDPCheckpointWrapper) returned a view tensor. An in-place op on this view (e.g., `x += y`) will silently drop the pre-backward hook and skip the all-gather, which can cause backward to fail or produce wrong gradients. Use out-of-place ops (`out = out + y`, not `out += y`) or `.clone()` the output before any in-place op.
  output = self._register_pre_backward_hook(output)
/venv/main/lib/python3.12/site-packages/spmd_types/_collectives.py:633: FutureWarning: `torch.distributed._functional_collectives.reduce_scatter_tensor` is deprecated. Please use `torch.distributed._functional_collectives.reduce_scatter_single` instead.
  result = funcol.reduce_scatter_tensor(x, "sum", scatter_dim, pg)
/venv/main/lib/python3.12/site-packages/spmd_types/_collectives.py:305: FutureWarning: `torch.distributed._functional_collectives.all_gather_tensor` is deprecated. Please use `torch.distributed._functional_collectives.all_gather_single` instead.
  result = funcol.all_gather_tensor(x, gather_dim, pg)
/venv/main/lib/python3.12/site-packages/torch/distributed/fsdp/_fully_shard/_fsdp_state.py:336: UserWarning: FSDP2-wrapped module (FSDPCheckpointWrapper) returned a view tensor. An in-place op on this view (e.g., `x += y`) will silently drop the pre-backward hook and skip the all-gather, which can cause backward to fail or produce wrong gradients. Use out-of-place ops (`out = out + y`, not `out += y`) or `.clone()` the output before any in-place op.
  output = self._register_pre_backward_hook(output)
/venv/main/lib/python3.12/site-packages/spmd_types/_collectives.py:633: FutureWarning: `torch.distributed._functional_collectives.reduce_scatter_tensor` is deprecated. Please use `torch.distributed._functional_collectives.reduce_scatter_single` instead.
  result = funcol.reduce_scatter_tensor(x, "sum", scatter_dim, pg)
/venv/main/lib/python3.12/site-packages/spmd_types/_collectives.py:305: FutureWarning: `torch.distributed._functional_collectives.all_gather_tensor` is deprecated. Please use `torch.distributed._functional_collectives.all_gather_single` instead.
  result = funcol.all_gather_tensor(x, gather_dim, pg)
/venv/main/lib/python3.12/site-packages/torch/distributed/fsdp/_fully_shard/_fsdp_state.py:336: UserWarning: FSDP2-wrapped module (FSDPCheckpointWrapper) returned a view tensor. An in-place op on this view (e.g., `x += y`) will silently drop the pre-backward hook and skip the all-gather, which can cause backward to fail or produce wrong gradients. Use out-of-place ops (`out = out + y`, not `out += y`) or `.clone()` the output before any in-place op.
  output = self._register_pre_backward_hook(output)
/venv/main/lib/python3.12/site-packages/spmd_types/_collectives.py:633: FutureWarning: `torch.distributed._functional_collectives.reduce_scatter_tensor` is deprecated. Please use `torch.distributed._functional_collectives.reduce_scatter_single` instead.
  result = funcol.reduce_scatter_tensor(x, "sum", scatter_dim, pg)
/venv/main/lib/python3.12/site-packages/spmd_types/_collectives.py:305: FutureWarning: `torch.distributed._functional_collectives.all_gather_tensor` is deprecated. Please use `torch.distributed._functional_collectives.all_gather_single` instead.
  result = funcol.all_gather_tensor(x, gather_dim, pg)
/venv/main/lib/python3.12/site-packages/torch/distributed/fsdp/_fully_shard/_fsdp_state.py:336: UserWarning: FSDP2-wrapped module (FSDPCheckpointWrapper) returned a view tensor. An in-place op on this view (e.g., `x += y`) will silently drop the pre-backward hook and skip the all-gather, which can cause backward to fail or produce wrong gradients. Use out-of-place ops (`out = out + y`, not `out += y`) or `.clone()` the output before any in-place op.
  output = self._register_pre_backward_hook(output)
/venv/main/lib/python3.12/site-packages/spmd_types/_collectives.py:633: FutureWarning: `torch.distributed._functional_collectives.reduce_scatter_tensor` is deprecated. Please use `torch.distributed._functional_collectives.reduce_scatter_single` instead.
  result = funcol.reduce_scatter_tensor(x, "sum", scatter_dim, pg)
/venv/main/lib/python3.12/site-packages/spmd_types/_collectives.py:305: FutureWarning: `torch.distributed._functional_collectives.all_gather_tensor` is deprecated. Please use `torch.distributed._functional_collectives.all_gather_single` instead.
  result = funcol.all_gather_tensor(x, gather_dim, pg)
/venv/main/lib/python3.12/site-packages/torch/distributed/fsdp/_fully_shard/_fsdp_state.py:336: UserWarning: FSDP2-wrapped module (FSDPCheckpointWrapper) returned a view tensor. An in-place op on this view (e.g., `x += y`) will silently drop the pre-backward hook and skip the all-gather, which can cause backward to fail or produce wrong gradients. Use out-of-place ops (`out = out + y`, not `out += y`) or `.clone()` the output before any in-place op.
  output = self._register_pre_backward_hook(output)
[rank2]:W0912 08:21:07.551000 11064 site-packages/torch/distributed/tensor/_redistribute.py:394] While redistributing from (_NormPartial(2.0), _NormPartial(2.0)) to (Replicate(), Replicate()), 2 sequential all_reduce operations will be performed. This is suboptimal: multiple collective operations have higher latency (separate kernel launches and synchronization points) and may give inconsistent results between ranks due to different reduction orders. To optimize, flatten mesh dimensions ["dp_shard", "tp"] so DTensor can use a single operation instead.
[rank1]:W0912 08:21:07.556000 11063 site-packages/torch/distributed/tensor/_redistribute.py:394] While redistributing from (_NormPartial(2.0), _NormPartial(2.0)) to (Replicate(), Replicate()), 2 sequential all_reduce operations will be performed. This is suboptimal: multiple collective operations have higher latency (separate kernel launches and synchronization points) and may give inconsistent results between ranks due to different reduction orders. To optimize, flatten mesh dimensions ["dp_shard", "tp"] so DTensor can use a single operation instead.
[rank3]:W0912 08:21:07.558000 11065 site-packages/torch/distributed/tensor/_redistribute.py:394] While redistributing from (_NormPartial(2.0), _NormPartial(2.0)) to (Replicate(), Replicate()), 2 sequential all_reduce operations will be performed. This is suboptimal: multiple collective operations have higher latency (separate kernel launches and synchronization points) and may give inconsistent results between ranks due to different reduction orders. To optimize, flatten mesh dimensions ["dp_shard", "tp"] so DTensor can use a single operation instead.
[rank0]:W0912 08:21:07.576000 11062 site-packages/torch/distributed/tensor/_redistribute.py:394] While redistributing from (_NormPartial(2.0), _NormPartial(2.0)) to (Replicate(), Replicate()), 2 sequential all_reduce operations will be performed. This is suboptimal: multiple collective operations have higher latency (separate kernel launches and synchronization points) and may give inconsistent results between ranks due to different reduction orders. To optimize, flatten mesh dimensions ["dp_shard", "tp"] so DTensor can use a single operation instead.
[titan] 2026-09-12 08:21:12,299 - root - INFO - [31mstep:  1  [32mloss: 12.45958  [38;2;180;60;0mgrad_norm: 23.7500  [38;2;54;234;195mmemory:  3.42GiB(4.31%)  [34mtps: 2  [36mtflops: 0.01  [35mmfu: 0.00%[39m
[titan] 2026-09-12 08:21:12,300 - root - INFO - Synchronizing and adjusting timeout for all ProcessGroups to 0:01:40
[titan] 2026-09-12 08:21:12,300 - root - INFO - [31mstep:  1  [32mloss: 12.45958  [38;2;180;60;0mgrad_norm: 23.7500  [38;2;54;234;195mmemory:  3.42GiB(4.31%)  [34mtps: 2  [36mtflops: 0.01  [35mmfu: 0.00%[39m
[titan] 2026-09-12 08:21:12,300 - root - INFO - Synchronizing and adjusting timeout for all ProcessGroups to 0:01:40
[titan] 2026-09-12 08:21:12,337 - root - INFO - [31mstep:  1  [32mloss: 12.45958  [38;2;180;60;0mgrad_norm: 23.7500  [38;2;54;234;195mmemory:  3.42GiB(4.31%)  [34mtps: 2  [36mtflops: 0.01  [35mmfu: 0.00%[39m
[titan] 2026-09-12 08:21:12,337 - root - INFO - [31mstep:  1  [32mloss: 12.45958  [38;2;180;60;0mgrad_norm: 23.7500  [38;2;54;234;195mmemory:  3.42GiB(4.31%)  [34mtps: 2  [36mtflops: 0.01  [35mmfu: 0.00%[39m
[titan] 2026-09-12 08:21:12,337 - root - INFO - Synchronizing and adjusting timeout for all ProcessGroups to 0:01:40
[titan] 2026-09-12 08:21:12,337 - root - INFO - Synchronizing and adjusting timeout for all ProcessGroups to 0:01:40
/venv/main/lib/python3.12/site-packages/torch/distributed/fsdp/_fully_shard/_fsdp_state.py:336: UserWarning: FSDP2-wrapped module (FSDPKimiK3VisionEncoder) returned a view tensor. An in-place op on this view (e.g., `x += y`) will silently drop the pre-backward hook and skip the all-gather, which can cause backward to fail or produce wrong gradients. Use out-of-place ops (`out = out + y`, not `out += y`) or `.clone()` the output before any in-place op.
  output = self._register_pre_backward_hook(output)
/venv/main/lib/python3.12/site-packages/torch/distributed/fsdp/_fully_shard/_fsdp_state.py:336: UserWarning: FSDP2-wrapped module (FSDPKimiK3VisionEncoder) returned a view tensor. An in-place op on this view (e.g., `x += y`) will silently drop the pre-backward hook and skip the all-gather, which can cause backward to fail or produce wrong gradients. Use out-of-place ops (`out = out + y`, not `out += y`) or `.clone()` the output before any in-place op.
  output = self._register_pre_backward_hook(output)
/venv/main/lib/python3.12/site-packages/torch/distributed/fsdp/_fully_shard/_fsdp_state.py:336: UserWarning: FSDP2-wrapped module (FSDPKimiK3VisionEncoder) returned a view tensor. An in-place op on this view (e.g., `x += y`) will silently drop the pre-backward hook and skip the all-gather, which can cause backward to fail or produce wrong gradients. Use out-of-place ops (`out = out + y`, not `out += y`) or `.clone()` the output before any in-place op.
  output = self._register_pre_backward_hook(output)
/venv/main/lib/python3.12/site-packages/torch/distributed/fsdp/_fully_shard/_fsdp_state.py:336: UserWarning: FSDP2-wrapped module (FSDPKimiK3VisionEncoder) returned a view tensor. An in-place op on this view (e.g., `x += y`) will silently drop the pre-backward hook and skip the all-gather, which can cause backward to fail or produce wrong gradients. Use out-of-place ops (`out = out + y`, not `out += y`) or `.clone()` the output before any in-place op.
  output = self._register_pre_backward_hook(output)
/venv/main/lib/python3.12/site-packages/spmd_types/_collectives.py:305: FutureWarning: `torch.distributed._functional_collectives.all_gather_tensor` is deprecated. Please use `torch.distributed._functional_collectives.all_gather_single` instead.
  result = funcol.all_gather_tensor(x, gather_dim, pg)
/venv/main/lib/python3.12/site-packages/spmd_types/_collectives.py:305: FutureWarning: `torch.distributed._functional_collectives.all_gather_tensor` is deprecated. Please use `torch.distributed._functional_collectives.all_gather_single` instead.
  result = funcol.all_gather_tensor(x, gather_dim, pg)
/venv/main/lib/python3.12/site-packages/spmd_types/_collectives.py:633: FutureWarning: `torch.distributed._functional_collectives.reduce_scatter_tensor` is deprecated. Please use `torch.distributed._functional_collectives.reduce_scatter_single` instead.
  result = funcol.reduce_scatter_tensor(x, "sum", scatter_dim, pg)
/venv/main/lib/python3.12/site-packages/spmd_types/_collectives.py:633: FutureWarning: `torch.distributed._functional_collectives.reduce_scatter_tensor` is deprecated. Please use `torch.distributed._functional_collectives.reduce_scatter_single` instead.
  result = funcol.reduce_scatter_tensor(x, "sum", scatter_dim, pg)
/venv/main/lib/python3.12/site-packages/torch/distributed/fsdp/_fully_shard/_fsdp_state.py:336: UserWarning: FSDP2-wrapped module (FSDPCheckpointWrapper) returned a view tensor. An in-place op on this view (e.g., `x += y`) will silently drop the pre-backward hook and skip the all-gather, which can cause backward to fail or produce wrong gradients. Use out-of-place ops (`out = out + y`, not `out += y`) or `.clone()` the output before any in-place op.
  output = self._register_pre_backward_hook(output)
/venv/main/lib/python3.12/site-packages/torch/distributed/fsdp/_fully_shard/_fsdp_state.py:336: UserWarning: FSDP2-wrapped module (FSDPCheckpointWrapper) returned a view tensor. An in-place op on this view (e.g., `x += y`) will silently drop the pre-backward hook and skip the all-gather, which can cause backward to fail or produce wrong gradients. Use out-of-place ops (`out = out + y`, not `out += y`) or `.clone()` the output before any in-place op.
  output = self._register_pre_backward_hook(output)
[titan] 2026-09-12 08:21:19,690 - root - INFO - [31mstep:  2  [32mloss: 10.93805  [38;2;180;60;0mgrad_norm: 25.3750  [38;2;54;234;195mmemory:  3.86GiB(4.88%)  [34mtps: 17  [36mtflops: 0.06  [35mmfu: 0.01%[39m
[titan] 2026-09-12 08:21:19,690 - root - INFO - [31mstep:  2  [32mloss: 10.93805  [38;2;180;60;0mgrad_norm: 25.3750  [38;2;54;234;195mmemory:  3.86GiB(4.87%)  [34mtps: 17  [36mtflops: 0.06  [35mmfu: 0.01%[39m
[titan] 2026-09-12 08:21:19,690 - root - INFO - [31mstep:  2  [32mloss: 10.93805  [38;2;180;60;0mgrad_norm: 25.3750  [38;2;54;234;195mmemory:  3.86GiB(4.87%)  [34mtps: 17  [36mtflops: 0.06  [35mmfu: 0.01%[39m
[titan] 2026-09-12 08:21:19,690 - root - INFO - [31mstep:  2  [32mloss: 10.93805  [38;2;180;60;0mgrad_norm: 25.3750  [38;2;54;234;195mmemory:  3.86GiB(4.88%)  [34mtps: 17  [36mtflops: 0.06  [35mmfu: 0.01%[39m
/venv/main/lib/python3.12/site-packages/torch/distributed/fsdp/_fully_shard/_fsdp_state.py:336: UserWarning: FSDP2-wrapped module (FSDPKimiK3VisionEncoder) returned a view tensor. An in-place op on this view (e.g., `x += y`) will silently drop the pre-backward hook and skip the all-gather, which can cause backward to fail or produce wrong gradients. Use out-of-place ops (`out = out + y`, not `out += y`) or `.clone()` the output before any in-place op.
  output = self._register_pre_backward_hook(output)
/venv/main/lib/python3.12/site-packages/torch/distributed/fsdp/_fully_shard/_fsdp_state.py:336: UserWarning: FSDP2-wrapped module (FSDPKimiK3VisionEncoder) returned a view tensor. An in-place op on this view (e.g., `x += y`) will silently drop the pre-backward hook and skip the all-gather, which can cause backward to fail or produce wrong gradients. Use out-of-place ops (`out = out + y`, not `out += y`) or `.clone()` the output before any in-place op.
  output = self._register_pre_backward_hook(output)
/venv/main/lib/python3.12/site-packages/spmd_types/_collectives.py:305: FutureWarning: `torch.distributed._functional_collectives.all_gather_tensor` is deprecated. Please use `torch.distributed._functional_collectives.all_gather_single` instead.
  result = funcol.all_gather_tensor(x, gather_dim, pg)
/venv/main/lib/python3.12/site-packages/spmd_types/_collectives.py:305: FutureWarning: `torch.distributed._functional_collectives.all_gather_tensor` is deprecated. Please use `torch.distributed._functional_collectives.all_gather_single` instead.
  result = funcol.all_gather_tensor(x, gather_dim, pg)
/venv/main/lib/python3.12/site-packages/spmd_types/_collectives.py:633: FutureWarning: `torch.distributed._functional_collectives.reduce_scatter_tensor` is deprecated. Please use `torch.distributed._functional_collectives.reduce_scatter_single` instead.
  result = funcol.reduce_scatter_tensor(x, "sum", scatter_dim, pg)
/venv/main/lib/python3.12/site-packages/spmd_types/_collectives.py:633: FutureWarning: `torch.distributed._functional_collectives.reduce_scatter_tensor` is deprecated. Please use `torch.distributed._functional_collectives.reduce_scatter_single` instead.
  result = funcol.reduce_scatter_tensor(x, "sum", scatter_dim, pg)
/venv/main/lib/python3.12/site-packages/torch/distributed/fsdp/_fully_shard/_fsdp_state.py:336: UserWarning: FSDP2-wrapped module (FSDPCheckpointWrapper) returned a view tensor. An in-place op on this view (e.g., `x += y`) will silently drop the pre-backward hook and skip the all-gather, which can cause backward to fail or produce wrong gradients. Use out-of-place ops (`out = out + y`, not `out += y`) or `.clone()` the output before any in-place op.
  output = self._register_pre_backward_hook(output)
/venv/main/lib/python3.12/site-packages/torch/distributed/fsdp/_fully_shard/_fsdp_state.py:336: UserWarning: FSDP2-wrapped module (FSDPCheckpointWrapper) returned a view tensor. An in-place op on this view (e.g., `x += y`) will silently drop the pre-backward hook and skip the all-gather, which can cause backward to fail or produce wrong gradients. Use out-of-place ops (`out = out + y`, not `out += y`) or `.clone()` the output before any in-place op.
  output = self._register_pre_backward_hook(output)
[titan] 2026-09-12 08:21:26,288 - root - INFO - [31mstep:  3  [32mloss:  9.72464  [38;2;180;60;0mgrad_norm: 21.7500  [38;2;54;234;195mmemory:  3.86GiB(4.88%)  [34mtps: 19  [36mtflops: 0.07  [35mmfu: 0.01%[39m
[titan] 2026-09-12 08:21:26,288 - root - INFO - [31mstep:  3  [32mloss:  9.72464  [38;2;180;60;0mgrad_norm: 21.7500  [38;2;54;234;195mmemory:  3.86GiB(4.87%)  [34mtps: 19  [36mtflops: 0.07  [35mmfu: 0.01%[39m
[titan] 2026-09-12 08:21:26,294 - root - INFO - [31mstep:  3  [32mloss:  9.72464  [38;2;180;60;0mgrad_norm: 21.7500  [38;2;54;234;195mmemory:  3.86GiB(4.88%)  [34mtps: 19  [36mtflops: 0.07  [35mmfu: 0.01%[39m
[titan] 2026-09-12 08:21:26,294 - root - INFO - [31mstep:  3  [32mloss:  9.72464  [38;2;180;60;0mgrad_norm: 21.7500  [38;2;54;234;195mmemory:  3.86GiB(4.87%)  [34mtps: 19  [36mtflops: 0.07  [35mmfu: 0.01%[39m
[titan] 2026-09-12 08:21:27,083 - root - INFO - [31mstep:  4  [32mloss:  9.27774  [38;2;180;60;0mgrad_norm: 14.1250  [38;2;54;234;195mmemory:  3.86GiB(4.88%)  [34mtps: 162  [36mtflops: 0.57  [35mmfu: 0.07%[39m
[titan] 2026-09-12 08:21:27,083 - root - INFO - [31mstep:  4  [32mloss:  9.27774  [38;2;180;60;0mgrad_norm: 14.1250  [38;2;54;234;195mmemory:  3.86GiB(4.87%)  [34mtps: 162  [36mtflops: 0.57  [35mmfu: 0.07%[39m
[titan] 2026-09-12 08:21:27,097 - root - INFO - [31mstep:  4  [32mloss:  9.27774  [38;2;180;60;0mgrad_norm: 14.1250  [38;2;54;234;195mmemory:  3.86GiB(4.87%)  [34mtps: 158  [36mtflops: 0.55  [35mmfu: 0.07%[39m
[titan] 2026-09-12 08:21:27,097 - root - INFO - [31mstep:  4  [32mloss:  9.27774  [38;2;180;60;0mgrad_norm: 14.1250  [38;2;54;234;195mmemory:  3.86GiB(4.88%)  [34mtps: 158  [36mtflops: 0.55  [35mmfu: 0.07%[39m
[titan] 2026-09-12 08:21:27,934 - root - INFO - [31mstep:  5  [32mloss:  6.57871  [38;2;180;60;0mgrad_norm: 14.5625  [38;2;54;234;195mmemory:  3.86GiB(4.87%)  [34mtps: 151  [36mtflops: 0.53  [35mmfu: 0.07%[39m
[titan] 2026-09-12 08:21:27,934 - root - INFO - [31mstep:  5  [32mloss:  6.57871  [38;2;180;60;0mgrad_norm: 14.5625  [38;2;54;234;195mmemory:  3.86GiB(4.88%)  [34mtps: 151  [36mtflops: 0.53  [35mmfu: 0.07%[39m
[titan] 2026-09-12 08:21:27,947 - root - INFO - [31mstep:  5  [32mloss:  6.57871  [38;2;180;60;0mgrad_norm: 14.5625  [38;2;54;234;195mmemory:  3.86GiB(4.87%)  [34mtps: 151  [36mtflops: 0.53  [35mmfu: 0.07%[39m
[titan] 2026-09-12 08:21:27,947 - root - INFO - [31mstep:  5  [32mloss:  6.57871  [38;2;180;60;0mgrad_norm: 14.5625  [38;2;54;234;195mmemory:  3.86GiB(4.88%)  [34mtps: 151  [36mtflops: 0.53  [35mmfu: 0.07%[39m
[titan] 2026-09-12 08:21:28,725 - root - INFO - [31mstep:  6  [32mloss:  5.83513  [38;2;180;60;0mgrad_norm:  9.0000  [38;2;54;234;195mmemory:  3.86GiB(4.88%)  [34mtps: 164  [36mtflops: 0.57  [35mmfu: 0.08%[39m
[titan] 2026-09-12 08:21:28,725 - root - INFO - [31mstep:  6  [32mloss:  5.83513  [38;2;180;60;0mgrad_norm:  9.0000  [38;2;54;234;195mmemory:  3.86GiB(4.87%)  [34mtps: 164  [36mtflops: 0.57  [35mmfu: 0.08%[39m
[titan] 2026-09-12 08:21:28,725 - root - INFO - [31mstep:  6  [32mloss:  5.83513  [38;2;180;60;0mgrad_norm:  9.0000  [38;2;54;234;195mmemory:  3.86GiB(4.87%)  [34mtps: 162  [36mtflops: 0.56  [35mmfu: 0.07%[39m
[titan] 2026-09-12 08:21:28,725 - root - INFO - [31mstep:  6  [32mloss:  5.83513  [38;2;180;60;0mgrad_norm:  9.0000  [38;2;54;234;195mmemory:  3.86GiB(4.88%)  [34mtps: 162  [36mtflops: 0.56  [35mmfu: 0.07%[39m
[titan] 2026-09-12 08:21:29,501 - root - INFO - [31mstep:  7  [32mloss:  5.15497  [38;2;180;60;0mgrad_norm:  9.5000  [38;2;54;234;195mmemory:  3.86GiB(4.87%)  [34mtps: 165  [36mtflops: 0.58  [35mmfu: 0.08%[39m
[titan] 2026-09-12 08:21:29,501 - root - INFO - [31mstep:  7  [32mloss:  5.15497  [38;2;180;60;0mgrad_norm:  9.5000  [38;2;54;234;195mmemory:  3.86GiB(4.88%)  [34mtps: 165  [36mtflops: 0.58  [35mmfu: 0.08%[39m
[titan] 2026-09-12 08:21:29,508 - root - INFO - [31mstep:  7  [32mloss:  5.15497  [38;2;180;60;0mgrad_norm:  9.5000  [38;2;54;234;195mmemory:  3.86GiB(4.87%)  [34mtps: 164  [36mtflops: 0.57  [35mmfu: 0.08%[39m
[titan] 2026-09-12 08:21:29,508 - root - INFO - [31mstep:  7  [32mloss:  5.15497  [38;2;180;60;0mgrad_norm:  9.5000  [38;2;54;234;195mmemory:  3.86GiB(4.88%)  [34mtps: 164  [36mtflops: 0.57  [35mmfu: 0.08%[39m
[titan] 2026-09-12 08:21:30,293 - root - INFO - [31mstep:  8  [32mloss:  5.45897  [38;2;180;60;0mgrad_norm: 10.5625  [38;2;54;234;195mmemory:  3.86GiB(4.87%)  [34mtps: 163  [36mtflops: 0.57  [35mmfu: 0.08%[39m
[titan] 2026-09-12 08:21:30,293 - root - INFO - [31mstep:  8  [32mloss:  5.45897  [38;2;180;60;0mgrad_norm: 10.5625  [38;2;54;234;195mmemory:  3.86GiB(4.88%)  [34mtps: 163  [36mtflops: 0.57  [35mmfu: 0.08%[39m
[titan] 2026-09-12 08:21:30,294 - root - INFO - [31mstep:  8  [32mloss:  5.45897  [38;2;180;60;0mgrad_norm: 10.5625  [38;2;54;234;195mmemory:  3.86GiB(4.88%)  [34mtps: 162  [36mtflops: 0.56  [35mmfu: 0.07%[39m
[titan] 2026-09-12 08:21:30,294 - root - INFO - [31mstep:  8  [32mloss:  5.45897  [38;2;180;60;0mgrad_norm: 10.5625  [38;2;54;234;195mmemory:  3.86GiB(4.87%)  [34mtps: 162  [36mtflops: 0.56  [35mmfu: 0.07%[39m
[titan] 2026-09-12 08:21:31,065 - root - INFO - [31mstep:  9  [32mloss:  4.12453  [38;2;180;60;0mgrad_norm:  8.5000  [38;2;54;234;195mmemory:  3.86GiB(4.87%)  [34mtps: 166  [36mtflops: 0.58  [35mmfu: 0.08%[39m
[titan] 2026-09-12 08:21:31,065 - root - INFO - [31mstep:  9  [32mloss:  4.12453  [38;2;180;60;0mgrad_norm:  8.5000  [38;2;54;234;195mmemory:  3.86GiB(4.88%)  [34mtps: 166  [36mtflops: 0.58  [35mmfu: 0.08%[39m
[titan] 2026-09-12 08:21:31,069 - root - INFO - [31mstep:  9  [32mloss:  4.12453  [38;2;180;60;0mgrad_norm:  8.5000  [38;2;54;234;195mmemory:  3.86GiB(4.87%)  [34mtps: 165  [36mtflops: 0.58  [35mmfu: 0.08%[39m
[titan] 2026-09-12 08:21:31,069 - root - INFO - [31mstep:  9  [32mloss:  4.12453  [38;2;180;60;0mgrad_norm:  8.5000  [38;2;54;234;195mmemory:  3.86GiB(4.88%)  [34mtps: 165  [36mtflops: 0.58  [35mmfu: 0.08%[39m
[titan] 2026-09-12 08:21:31,839 - root - INFO - [31mstep: 10  [32mloss:  3.79722  [38;2;180;60;0mgrad_norm:  5.7812  [38;2;54;234;195mmemory:  3.86GiB(4.87%)  [34mtps: 165  [36mtflops: 0.58  [35mmfu: 0.08%[39m
[titan] 2026-09-12 08:21:31,839 - root - INFO - [31mstep: 10  [32mloss:  3.79722  [38;2;180;60;0mgrad_norm:  5.7812  [38;2;54;234;195mmemory:  3.86GiB(4.88%)  [34mtps: 165  [36mtflops: 0.58  [35mmfu: 0.08%[39m
[titan] 2026-09-12 08:21:31,849 - root - INFO - [31mstep: 10  [32mloss:  3.79722  [38;2;180;60;0mgrad_norm:  5.7812  [38;2;54;234;195mmemory:  3.86GiB(4.87%)  [34mtps: 164  [36mtflops: 0.57  [35mmfu: 0.08%[39m
[titan] 2026-09-12 08:21:31,850 - root - INFO - [31mstep: 10  [32mloss:  3.79722  [38;2;180;60;0mgrad_norm:  5.7812  [38;2;54;234;195mmemory:  3.86GiB(4.88%)  [34mtps: 164  [36mtflops: 0.57  [35mmfu: 0.08%[39m
[titan] 2026-09-12 08:21:32,623 - root - INFO - [31mstep: 11  [32mloss:  3.76307  [38;2;180;60;0mgrad_norm:  5.4688  [38;2;54;234;195mmemory:  3.86GiB(4.87%)  [34mtps: 163  [36mtflops: 0.57  [35mmfu: 0.08%[39m
[titan] 2026-09-12 08:21:32,623 - root - INFO - [31mstep: 11  [32mloss:  3.76307  [38;2;180;60;0mgrad_norm:  5.4688  [38;2;54;234;195mmemory:  3.86GiB(4.88%)  [34mtps: 163  [36mtflops: 0.57  [35mmfu: 0.08%[39m
[titan] 2026-09-12 08:21:32,625 - root - INFO - [31mstep: 11  [32mloss:  3.76307  [38;2;180;60;0mgrad_norm:  5.4688  [38;2;54;234;195mmemory:  3.86GiB(4.87%)  [34mtps: 165  [36mtflops: 0.58  [35mmfu: 0.08%[39m
[titan] 2026-09-12 08:21:32,625 - root - INFO - [31mstep: 11  [32mloss:  3.76307  [38;2;180;60;0mgrad_norm:  5.4688  [38;2;54;234;195mmemory:  3.86GiB(4.88%)  [34mtps: 165  [36mtflops: 0.58  [35mmfu: 0.08%[39m
[titan] 2026-09-12 08:21:33,402 - root - INFO - [31mstep: 12  [32mloss:  4.30910  [38;2;180;60;0mgrad_norm:  7.7812  [38;2;54;234;195mmemory:  3.86GiB(4.87%)  [34mtps: 164  [36mtflops: 0.57  [35mmfu: 0.08%[39m
[titan] 2026-09-12 08:21:33,402 - root - INFO - [31mstep: 12  [32mloss:  4.30910  [38;2;180;60;0mgrad_norm:  7.7812  [38;2;54;234;195mmemory:  3.86GiB(4.88%)  [34mtps: 164  [36mtflops: 0.57  [35mmfu: 0.08%[39m
[titan] 2026-09-12 08:21:33,407 - root - INFO - [31mstep: 12  [32mloss:  4.30910  [38;2;180;60;0mgrad_norm:  7.7812  [38;2;54;234;195mmemory:  3.86GiB(4.87%)  [34mtps: 164  [36mtflops: 0.57  [35mmfu: 0.08%[39m
[titan] 2026-09-12 08:21:33,407 - root - INFO - [31mstep: 12  [32mloss:  4.30910  [38;2;180;60;0mgrad_norm:  7.7812  [38;2;54;234;195mmemory:  3.86GiB(4.88%)  [34mtps: 164  [36mtflops: 0.57  [35mmfu: 0.08%[39m
[titan] 2026-09-12 08:21:34,186 - root - INFO - [31mstep: 13  [32mloss:  3.46033  [38;2;180;60;0mgrad_norm:  5.9062  [38;2;54;234;195mmemory:  3.86GiB(4.87%)  [34mtps: 164  [36mtflops: 0.57  [35mmfu: 0.08%[39m
[titan] 2026-09-12 08:21:34,186 - root - INFO - [31mstep: 13  [32mloss:  3.46033  [38;2;180;60;0mgrad_norm:  5.9062  [38;2;54;234;195mmemory:  3.86GiB(4.88%)  [34mtps: 164  [36mtflops: 0.57  [35mmfu: 0.08%[39m
[titan] 2026-09-12 08:21:34,189 - root - INFO - [31mstep: 13  [32mloss:  3.46033  [38;2;180;60;0mgrad_norm:  5.9062  [38;2;54;234;195mmemory:  3.86GiB(4.87%)  [34mtps: 163  [36mtflops: 0.57  [35mmfu: 0.08%[39m
[titan] 2026-09-12 08:21:34,189 - root - INFO - [31mstep: 13  [32mloss:  3.46033  [38;2;180;60;0mgrad_norm:  5.9062  [38;2;54;234;195mmemory:  3.86GiB(4.88%)  [34mtps: 163  [36mtflops: 0.57  [35mmfu: 0.08%[39m
[titan] 2026-09-12 08:21:34,961 - root - INFO - [31mstep: 14  [32mloss:  3.40822  [38;2;180;60;0mgrad_norm:  4.4062  [38;2;54;234;195mmemory:  3.86GiB(4.88%)  [34mtps: 166  [36mtflops: 0.58  [35mmfu: 0.08%[39m
[titan] 2026-09-12 08:21:34,961 - root - INFO - [31mstep: 14  [32mloss:  3.40822  [38;2;180;60;0mgrad_norm:  4.4062  [38;2;54;234;195mmemory:  3.86GiB(4.87%)  [34mtps: 166  [36mtflops: 0.58  [35mmfu: 0.08%[39m
[titan] 2026-09-12 08:21:34,975 - root - INFO - [31mstep: 14  [32mloss:  3.40822  [38;2;180;60;0mgrad_norm:  4.4062  [38;2;54;234;195mmemory:  3.86GiB(4.87%)  [34mtps: 162  [36mtflops: 0.57  [35mmfu: 0.07%[39m
[titan] 2026-09-12 08:21:34,975 - root - INFO - [31mstep: 14  [32mloss:  3.40822  [38;2;180;60;0mgrad_norm:  4.4062  [38;2;54;234;195mmemory:  3.86GiB(4.88%)  [34mtps: 162  [36mtflops: 0.57  [35mmfu: 0.07%[39m
[titan] 2026-09-12 08:21:35,753 - root - INFO - [31mstep: 15  [32mloss:  4.04517  [38;2;180;60;0mgrad_norm:  3.8281  [38;2;54;234;195mmemory:  3.86GiB(4.88%)  [34mtps: 165  [36mtflops: 0.57  [35mmfu: 0.08%[39m
[titan] 2026-09-12 08:21:35,753 - root - INFO - [31mstep: 15  [32mloss:  4.04517  [38;2;180;60;0mgrad_norm:  3.8281  [38;2;54;234;195mmemory:  3.86GiB(4.87%)  [34mtps: 165  [36mtflops: 0.57  [35mmfu: 0.08%[39m
[titan] 2026-09-12 08:21:35,754 - root - INFO - [31mstep: 15  [32mloss:  4.04517  [38;2;180;60;0mgrad_norm:  3.8281  [38;2;54;234;195mmemory:  3.86GiB(4.87%)  [34mtps: 161  [36mtflops: 0.56  [35mmfu: 0.07%[39m
[titan] 2026-09-12 08:21:35,754 - root - INFO - [31mstep: 15  [32mloss:  4.04517  [38;2;180;60;0mgrad_norm:  3.8281  [38;2;54;234;195mmemory:  3.86GiB(4.88%)  [34mtps: 161  [36mtflops: 0.56  [35mmfu: 0.07%[39m
[titan] 2026-09-12 08:21:36,524 - root - INFO - [31mstep: 16  [32mloss:  3.31126  [38;2;180;60;0mgrad_norm:  5.8125  [38;2;54;234;195mmemory:  3.86GiB(4.87%)  [34mtps: 166  [36mtflops: 0.58  [35mmfu: 0.08%[39m
[titan] 2026-09-12 08:21:36,524 - root - INFO - [31mstep: 16  [32mloss:  3.31126  [38;2;180;60;0mgrad_norm:  5.8125  [38;2;54;234;195mmemory:  3.86GiB(4.88%)  [34mtps: 166  [36mtflops: 0.58  [35mmfu: 0.08%[39m
[titan] 2026-09-12 08:21:36,534 - root - INFO - [31mstep: 16  [32mloss:  3.31126  [38;2;180;60;0mgrad_norm:  5.8125  [38;2;54;234;195mmemory:  3.86GiB(4.87%)  [34mtps: 164  [36mtflops: 0.57  [35mmfu: 0.08%[39m
[titan] 2026-09-12 08:21:36,534 - root - INFO - [31mstep: 16  [32mloss:  3.31126  [38;2;180;60;0mgrad_norm:  5.8125  [38;2;54;234;195mmemory:  3.86GiB(4.88%)  [34mtps: 164  [36mtflops: 0.57  [35mmfu: 0.08%[39m
[titan] 2026-09-12 08:21:37,310 - root - INFO - [31mstep: 17  [32mloss:  3.45653  [38;2;180;60;0mgrad_norm:  7.0312  [38;2;54;234;195mmemory:  3.86GiB(4.88%)  [34mtps: 163  [36mtflops: 0.57  [35mmfu: 0.08%[39m
[titan] 2026-09-12 08:21:37,310 - root - INFO - [31mstep: 17  [32mloss:  3.45653  [38;2;180;60;0mgrad_norm:  7.0312  [38;2;54;234;195mmemory:  3.86GiB(4.87%)  [34mtps: 163  [36mtflops: 0.57  [35mmfu: 0.08%[39m
[titan] 2026-09-12 08:21:37,310 - root - INFO - [31mstep: 17  [32mloss:  3.45653  [38;2;180;60;0mgrad_norm:  7.0312  [38;2;54;234;195mmemory:  3.86GiB(4.87%)  [34mtps: 165  [36mtflops: 0.58  [35mmfu: 0.08%[39m
[titan] 2026-09-12 08:21:37,310 - root - INFO - [31mstep: 17  [32mloss:  3.45653  [38;2;180;60;0mgrad_norm:  7.0312  [38;2;54;234;195mmemory:  3.86GiB(4.88%)  [34mtps: 165  [36mtflops: 0.58  [35mmfu: 0.08%[39m
[titan] 2026-09-12 08:21:38,075 - root - INFO - [31mstep: 18  [32mloss:  2.89690  [38;2;180;60;0mgrad_norm:  5.8750  [38;2;54;234;195mmemory:  3.86GiB(4.88%)  [34mtps: 167  [36mtflops: 0.58  [35mmfu: 0.08%[39m
[titan] 2026-09-12 08:21:38,075 - root - INFO - [31mstep: 18  [32mloss:  2.89690  [38;2;180;60;0mgrad_norm:  5.8750  [38;2;54;234;195mmemory:  3.86GiB(4.87%)  [34mtps: 167  [36mtflops: 0.58  [35mmfu: 0.08%[39m
[titan] 2026-09-12 08:21:38,085 - root - INFO - [31mstep: 18  [32mloss:  2.89690  [38;2;180;60;0mgrad_norm:  5.8750  [38;2;54;234;195mmemory:  3.86GiB(4.87%)  [34mtps: 165  [36mtflops: 0.58  [35mmfu: 0.08%[39m
[titan] 2026-09-12 08:21:38,085 - root - INFO - [31mstep: 18  [32mloss:  2.89690  [38;2;180;60;0mgrad_norm:  5.8750  [38;2;54;234;195mmemory:  3.86GiB(4.88%)  [34mtps: 165  [36mtflops: 0.58  [35mmfu: 0.08%[39m
[titan] 2026-09-12 08:21:38,849 - root - INFO - [31mstep: 19  [32mloss:  3.63396  [38;2;180;60;0mgrad_norm:  4.6875  [38;2;54;234;195mmemory:  3.86GiB(4.88%)  [34mtps: 166  [36mtflops: 0.58  [35mmfu: 0.08%[39m
[titan] 2026-09-12 08:21:38,849 - root - INFO - [31mstep: 19  [32mloss:  3.63396  [38;2;180;60;0mgrad_norm:  4.6875  [38;2;54;234;195mmemory:  3.86GiB(4.87%)  [34mtps: 166  [36mtflops: 0.58  [35mmfu: 0.08%[39m
[titan] 2026-09-12 08:21:38,859 - root - INFO - [31mstep: 19  [32mloss:  3.63396  [38;2;180;60;0mgrad_norm:  4.6875  [38;2;54;234;195mmemory:  3.86GiB(4.87%)  [34mtps: 165  [36mtflops: 0.58  [35mmfu: 0.08%[39m
[titan] 2026-09-12 08:21:38,859 - root - INFO - [31mstep: 19  [32mloss:  3.63396  [38;2;180;60;0mgrad_norm:  4.6875  [38;2;54;234;195mmemory:  3.86GiB(4.88%)  [34mtps: 165  [36mtflops: 0.58  [35mmfu: 0.08%[39m
[titan] 2026-09-12 08:21:39,630 - root - INFO - [31mstep: 20  [32mloss:  3.39681  [38;2;180;60;0mgrad_norm:  5.4062  [38;2;54;234;195mmemory:  3.86GiB(4.87%)  [34mtps: 164  [36mtflops: 0.57  [35mmfu: 0.08%[39m
[titan] 2026-09-12 08:21:39,631 - root - INFO - [31mstep: 20  [32mloss:  3.39681  [38;2;180;60;0mgrad_norm:  5.4062  [38;2;54;234;195mmemory:  3.86GiB(4.88%)  [34mtps: 164  [36mtflops: 0.57  [35mmfu: 0.08%[39m
[titan] 2026-09-12 08:21:39,638 - root - INFO - [31mstep: 20  [32mloss:  3.39681  [38;2;180;60;0mgrad_norm:  5.4062  [38;2;54;234;195mmemory:  3.86GiB(4.88%)  [34mtps: 164  [36mtflops: 0.57  [35mmfu: 0.08%[39m
[titan] 2026-09-12 08:21:39,638 - root - INFO - [31mstep: 20  [32mloss:  3.39681  [38;2;180;60;0mgrad_norm:  5.4062  [38;2;54;234;195mmemory:  3.86GiB(4.87%)  [34mtps: 164  [36mtflops: 0.57  [35mmfu: 0.08%[39m
[titan] 2026-09-12 08:21:40,415 - root - INFO - [31mstep: 21  [32mloss:  3.18830  [38;2;180;60;0mgrad_norm:  3.9219  [38;2;54;234;195mmemory:  3.86GiB(4.88%)  [34mtps: 163  [36mtflops: 0.57  [35mmfu: 0.08%[39m
[titan] 2026-09-12 08:21:40,415 - root - INFO - [31mstep: 21  [32mloss:  3.18830  [38;2;180;60;0mgrad_norm:  3.9219  [38;2;54;234;195mmemory:  3.86GiB(4.87%)  [34mtps: 163  [36mtflops: 0.57  [35mmfu: 0.08%[39m
[titan] 2026-09-12 08:21:40,429 - root - INFO - [31mstep: 21  [32mloss:  3.18830  [38;2;180;60;0mgrad_norm:  3.9219  [38;2;54;234;195mmemory:  3.86GiB(4.87%)  [34mtps: 162  [36mtflops: 0.56  [35mmfu: 0.07%[39m
[titan] 2026-09-12 08:21:40,429 - root - INFO - [31mstep: 21  [32mloss:  3.18830  [38;2;180;60;0mgrad_norm:  3.9219  [38;2;54;234;195mmemory:  3.86GiB(4.88%)  [34mtps: 162  [36mtflops: 0.56  [35mmfu: 0.07%[39m
[titan] 2026-09-12 08:21:41,198 - root - INFO - [31mstep: 22  [32mloss:  2.94827  [38;2;180;60;0mgrad_norm:  3.6406  [38;2;54;234;195mmemory:  3.86GiB(4.88%)  [34mtps: 164  [36mtflops: 0.57  [35mmfu: 0.08%[39m
[titan] 2026-09-12 08:21:41,198 - root - INFO - [31mstep: 22  [32mloss:  2.94827  [38;2;180;60;0mgrad_norm:  3.6406  [38;2;54;234;195mmemory:  3.86GiB(4.87%)  [34mtps: 163  [36mtflops: 0.57  [35mmfu: 0.08%[39m
[titan] 2026-09-12 08:21:41,205 - root - INFO - [31mstep: 22  [32mloss:  2.94827  [38;2;180;60;0mgrad_norm:  3.6406  [38;2;54;234;195mmemory:  3.86GiB(4.87%)  [34mtps: 165  [36mtflops: 0.58  [35mmfu: 0.08%[39m
[titan] 2026-09-12 08:21:41,205 - root - INFO - [31mstep: 22  [32mloss:  2.94827  [38;2;180;60;0mgrad_norm:  3.6406  [38;2;54;234;195mmemory:  3.86GiB(4.88%)  [34mtps: 165  [36mtflops: 0.58  [35mmfu: 0.08%[39m
[titan] 2026-09-12 08:21:41,983 - root - INFO - [31mstep: 23  [32mloss:  2.72740  [38;2;180;60;0mgrad_norm:  3.6719  [38;2;54;234;195mmemory:  3.86GiB(4.87%)  [34mtps: 165  [36mtflops: 0.57  [35mmfu: 0.08%[39m
[titan] 2026-09-12 08:21:41,983 - root - INFO - [31mstep: 23  [32mloss:  2.72740  [38;2;180;60;0mgrad_norm:  3.6719  [38;2;54;234;195mmemory:  3.86GiB(4.88%)  [34mtps: 165  [36mtflops: 0.57  [35mmfu: 0.08%[39m
[titan] 2026-09-12 08:21:41,985 - root - INFO - [31mstep: 23  [32mloss:  2.72740  [38;2;180;60;0mgrad_norm:  3.6719  [38;2;54;234;195mmemory:  3.86GiB(4.88%)  [34mtps: 163  [36mtflops: 0.57  [35mmfu: 0.08%[39m
[titan] 2026-09-12 08:21:41,985 - root - INFO - [31mstep: 23  [32mloss:  2.72740  [38;2;180;60;0mgrad_norm:  3.6719  [38;2;54;234;195mmemory:  3.86GiB(4.87%)  [34mtps: 163  [36mtflops: 0.57  [35mmfu: 0.08%[39m
[titan] 2026-09-12 08:21:42,750 - root - INFO - [31mstep: 24  [32mloss:  3.18508  [38;2;180;60;0mgrad_norm:  5.0938  [38;2;54;234;195mmemory:  3.86GiB(4.88%)  [34mtps: 167  [36mtflops: 0.58  [35mmfu: 0.08%[39m
[titan] 2026-09-12 08:21:42,750 - root - INFO - [31mstep: 24  [32mloss:  3.18508  [38;2;180;60;0mgrad_norm:  5.0938  [38;2;54;234;195mmemory:  3.86GiB(4.87%)  [34mtps: 167  [36mtflops: 0.58  [35mmfu: 0.08%[39m
[titan] 2026-09-12 08:21:42,759 - root - INFO - [31mstep: 24  [32mloss:  3.18508  [38;2;180;60;0mgrad_norm:  5.0938  [38;2;54;234;195mmemory:  3.86GiB(4.87%)  [34mtps: 165  [36mtflops: 0.58  [35mmfu: 0.08%[39m
[titan] 2026-09-12 08:21:42,760 - root - INFO - [31mstep: 24  [32mloss:  3.18508  [38;2;180;60;0mgrad_norm:  5.0938  [38;2;54;234;195mmemory:  3.86GiB(4.88%)  [34mtps: 165  [36mtflops: 0.58  [35mmfu: 0.08%[39m
[titan] 2026-09-12 08:21:43,526 - root - INFO - [31mstep: 25  [32mloss:  2.90276  [38;2;180;60;0mgrad_norm:  4.1875  [38;2;54;234;195mmemory:  3.86GiB(4.88%)  [34mtps: 165  [36mtflops: 0.58  [35mmfu: 0.08%[39m
[titan] 2026-09-12 08:21:43,526 - root - INFO - [31mstep: 25  [32mloss:  2.90276  [38;2;180;60;0mgrad_norm:  4.1875  [38;2;54;234;195mmemory:  3.86GiB(4.87%)  [34mtps: 165  [36mtflops: 0.58  [35mmfu: 0.08%[39m
[titan] 2026-09-12 08:21:43,537 - root - INFO - [31mstep: 25  [32mloss:  2.90276  [38;2;180;60;0mgrad_norm:  4.1875  [38;2;54;234;195mmemory:  3.86GiB(4.87%)  [34mtps: 165  [36mtflops: 0.57  [35mmfu: 0.08%[39m
[titan] 2026-09-12 08:21:43,537 - root - INFO - [31mstep: 25  [32mloss:  2.90276  [38;2;180;60;0mgrad_norm:  4.1875  [38;2;54;234;195mmemory:  3.86GiB(4.88%)  [34mtps: 165  [36mtflops: 0.57  [35mmfu: 0.08%[39m
[titan] 2026-09-12 08:21:44,305 - root - INFO - [31mstep: 26  [32mloss:  3.24967  [38;2;180;60;0mgrad_norm:  3.2188  [38;2;54;234;195mmemory:  3.86GiB(4.88%)  [34mtps: 164  [36mtflops: 0.57  [35mmfu: 0.08%[39m
[titan] 2026-09-12 08:21:44,305 - root - INFO - [31mstep: 26  [32mloss:  3.24967  [38;2;180;60;0mgrad_norm:  3.2188  [38;2;54;234;195mmemory:  3.86GiB(4.87%)  [34mtps: 164  [36mtflops: 0.57  [35mmfu: 0.08%[39m
[titan] 2026-09-12 08:21:44,313 - root - INFO - [31mstep: 26  [32mloss:  3.24967  [38;2;180;60;0mgrad_norm:  3.2188  [38;2;54;234;195mmemory:  3.86GiB(4.87%)  [34mtps: 165  [36mtflops: 0.58  [35mmfu: 0.08%[39m
[titan] 2026-09-12 08:21:44,313 - root - INFO - [31mstep: 26  [32mloss:  3.24967  [38;2;180;60;0mgrad_norm:  3.2188  [38;2;54;234;195mmemory:  3.86GiB(4.88%)  [34mtps: 165  [36mtflops: 0.58  [35mmfu: 0.08%[39m
[titan] 2026-09-12 08:21:45,082 - root - INFO - [31mstep: 27  [32mloss:  2.99927  [38;2;180;60;0mgrad_norm:  4.4688  [38;2;54;234;195mmemory:  3.86GiB(4.87%)  [34mtps: 165  [36mtflops: 0.58  [35mmfu: 0.08%[39m
[titan] 2026-09-12 08:21:45,082 - root - INFO - [31mstep: 27  [32mloss:  2.99927  [38;2;180;60;0mgrad_norm:  4.4688  [38;2;54;234;195mmemory:  3.86GiB(4.88%)  [34mtps: 165  [36mtflops: 0.57  [35mmfu: 0.08%[39m
[titan] 2026-09-12 08:21:45,088 - root - INFO - [31mstep: 27  [32mloss:  2.99927  [38;2;180;60;0mgrad_norm:  4.4688  [38;2;54;234;195mmemory:  3.86GiB(4.87%)  [34mtps: 165  [36mtflops: 0.58  [35mmfu: 0.08%[39m
[titan] 2026-09-12 08:21:45,088 - root - INFO - [31mstep: 27  [32mloss:  2.99927  [38;2;180;60;0mgrad_norm:  4.4688  [38;2;54;234;195mmemory:  3.86GiB(4.88%)  [34mtps: 165  [36mtflops: 0.58  [35mmfu: 0.08%[39m
[titan] 2026-09-12 08:21:45,864 - root - INFO - [31mstep: 28  [32mloss:  3.35043  [38;2;180;60;0mgrad_norm:  3.4375  [38;2;54;234;195mmemory:  3.86GiB(4.87%)  [34mtps: 165  [36mtflops: 0.58  [35mmfu: 0.08%[39m
[titan] 2026-09-12 08:21:45,864 - root - INFO - [31mstep: 28  [32mloss:  3.35043  [38;2;180;60;0mgrad_norm:  3.4375  [38;2;54;234;195mmemory:  3.86GiB(4.88%)  [34mtps: 165  [36mtflops: 0.58  [35mmfu: 0.08%[39m
[titan] 2026-09-12 08:21:45,869 - root - INFO - [31mstep: 28  [32mloss:  3.35043  [38;2;180;60;0mgrad_norm:  3.4375  [38;2;54;234;195mmemory:  3.86GiB(4.88%)  [34mtps: 163  [36mtflops: 0.57  [35mmfu: 0.08%[39m
[titan] 2026-09-12 08:21:45,869 - root - INFO - [31mstep: 28  [32mloss:  3.35043  [38;2;180;60;0mgrad_norm:  3.4375  [38;2;54;234;195mmemory:  3.86GiB(4.87%)  [34mtps: 163  [36mtflops: 0.57  [35mmfu: 0.08%[39m
[titan] 2026-09-12 08:21:46,637 - root - INFO - [31mstep: 29  [32mloss:  3.11514  [38;2;180;60;0mgrad_norm:  3.3281  [38;2;54;234;195mmemory:  3.86GiB(4.87%)  [34mtps: 167  [36mtflops: 0.58  [35mmfu: 0.08%[39m
[titan] 2026-09-12 08:21:46,637 - root - INFO - [31mstep: 29  [32mloss:  3.11514  [38;2;180;60;0mgrad_norm:  3.3281  [38;2;54;234;195mmemory:  3.86GiB(4.88%)  [34mtps: 167  [36mtflops: 0.58  [35mmfu: 0.08%[39m
[titan] 2026-09-12 08:21:46,644 - root - INFO - [31mstep: 29  [32mloss:  3.11514  [38;2;180;60;0mgrad_norm:  3.3281  [38;2;54;234;195mmemory:  3.86GiB(4.87%)  [34mtps: 164  [36mtflops: 0.57  [35mmfu: 0.08%[39m
[titan] 2026-09-12 08:21:46,644 - root - INFO - [31mstep: 29  [32mloss:  3.11514  [38;2;180;60;0mgrad_norm:  3.3281  [38;2;54;234;195mmemory:  3.86GiB(4.88%)  [34mtps: 164  [36mtflops: 0.57  [35mmfu: 0.08%[39m
[titan] 2026-09-12 08:21:47,426 - root - INFO - [31mstep: 30  [32mloss:  2.97075  [38;2;180;60;0mgrad_norm:  4.0938  [38;2;54;234;195mmemory:  3.86GiB(4.88%)  [34mtps: 164  [36mtflops: 0.57  [35mmfu: 0.08%[39m
[titan] 2026-09-12 08:21:47,426 - root - INFO - [31mstep: 30  [32mloss:  2.97075  [38;2;180;60;0mgrad_norm:  4.0938  [38;2;54;234;195mmemory:  3.86GiB(4.87%)  [34mtps: 164  [36mtflops: 0.57  [35mmfu: 0.08%[39m
[titan] 2026-09-12 08:21:47,440 - root - INFO - [31mstep: 30  [32mloss:  2.97075  [38;2;180;60;0mgrad_norm:  4.0938  [38;2;54;234;195mmemory:  3.86GiB(4.88%)  [34mtps: 159  [36mtflops: 0.56  [35mmfu: 0.07%[39m
[titan] 2026-09-12 08:21:47,440 - root - INFO - [31mstep: 30  [32mloss:  2.97075  [38;2;180;60;0mgrad_norm:  4.0938  [38;2;54;234;195mmemory:  3.86GiB(4.87%)  [34mtps: 159  [36mtflops: 0.56  [35mmfu: 0.07%[39m
[titan] 2026-09-12 08:21:48,217 - root - INFO - [31mstep: 31  [32mloss:  2.76831  [38;2;180;60;0mgrad_norm:  2.7812  [38;2;54;234;195mmemory:  3.86GiB(4.87%)  [34mtps: 165  [36mtflops: 0.58  [35mmfu: 0.08%[39m
[titan] 2026-09-12 08:21:48,217 - root - INFO - [31mstep: 31  [32mloss:  2.76831  [38;2;180;60;0mgrad_norm:  2.7812  [38;2;54;234;195mmemory:  3.86GiB(4.88%)  [34mtps: 165  [36mtflops: 0.58  [35mmfu: 0.08%[39m
[titan] 2026-09-12 08:21:48,217 - root - INFO - [31mstep: 31  [32mloss:  2.76831  [38;2;180;60;0mgrad_norm:  2.7812  [38;2;54;234;195mmemory:  3.86GiB(4.87%)  [34mtps: 162  [36mtflops: 0.56  [35mmfu: 0.07%[39m
[titan] 2026-09-12 08:21:48,217 - root - INFO - [31mstep: 31  [32mloss:  2.76831  [38;2;180;60;0mgrad_norm:  2.7812  [38;2;54;234;195mmemory:  3.86GiB(4.88%)  [34mtps: 162  [36mtflops: 0.56  [35mmfu: 0.07%[39m
[titan] 2026-09-12 08:21:48,987 - root - INFO - [31mstep: 32  [32mloss:  2.95281  [38;2;180;60;0mgrad_norm:  4.9062  [38;2;54;234;195mmemory:  3.86GiB(4.88%)  [34mtps: 166  [36mtflops: 0.58  [35mmfu: 0.08%[39m
[titan] 2026-09-12 08:21:48,987 - root - INFO - [31mstep: 32  [32mloss:  2.95281  [38;2;180;60;0mgrad_norm:  4.9062  [38;2;54;234;195mmemory:  3.86GiB(4.87%)  [34mtps: 166  [36mtflops: 0.58  [35mmfu: 0.08%[39m
[titan] 2026-09-12 08:21:48,994 - root - INFO - [31mstep: 32  [32mloss:  2.95281  [38;2;180;60;0mgrad_norm:  4.9062  [38;2;54;234;195mmemory:  3.86GiB(4.87%)  [34mtps: 165  [36mtflops: 0.58  [35mmfu: 0.08%[39m
[titan] 2026-09-12 08:21:48,994 - root - INFO - [31mstep: 32  [32mloss:  2.95281  [38;2;180;60;0mgrad_norm:  4.9062  [38;2;54;234;195mmemory:  3.86GiB(4.88%)  [34mtps: 165  [36mtflops: 0.58  [35mmfu: 0.08%[39m
[titan] 2026-09-12 08:21:49,766 - root - INFO - [31mstep: 33  [32mloss:  3.27517  [38;2;180;60;0mgrad_norm:  5.6562  [38;2;54;234;195mmemory:  3.86GiB(4.87%)  [34mtps: 164  [36mtflops: 0.57  [35mmfu: 0.08%[39m
[titan] 2026-09-12 08:21:49,766 - root - INFO - [31mstep: 33  [32mloss:  3.27517  [38;2;180;60;0mgrad_norm:  5.6562  [38;2;54;234;195mmemory:  3.86GiB(4.88%)  [34mtps: 164  [36mtflops: 0.57  [35mmfu: 0.08%[39m
[titan] 2026-09-12 08:21:49,772 - root - INFO - [31mstep: 33  [32mloss:  3.27517  [38;2;180;60;0mgrad_norm:  5.6562  [38;2;54;234;195mmemory:  3.86GiB(4.87%)  [34mtps: 165  [36mtflops: 0.57  [35mmfu: 0.08%[39m
[titan] 2026-09-12 08:21:49,772 - root - INFO - [31mstep: 33  [32mloss:  3.27517  [38;2;180;60;0mgrad_norm:  5.6562  [38;2;54;234;195mmemory:  3.86GiB(4.88%)  [34mtps: 165  [36mtflops: 0.57  [35mmfu: 0.08%[39m
[titan] 2026-09-12 08:21:50,559 - root - INFO - [31mstep: 34  [32mloss:  3.54631  [38;2;180;60;0mgrad_norm:  3.4062  [38;2;54;234;195mmemory:  3.86GiB(4.87%)  [34mtps: 162  [36mtflops: 0.56  [35mmfu: 0.07%[39m
[titan] 2026-09-12 08:21:50,559 - root - INFO - [31mstep: 34  [32mloss:  3.54631  [38;2;180;60;0mgrad_norm:  3.4062  [38;2;54;234;195mmemory:  3.86GiB(4.88%)  [34mtps: 162  [36mtflops: 0.56  [35mmfu: 0.07%[39m
[titan] 2026-09-12 08:21:50,559 - root - INFO - [31mstep: 34  [32mloss:  3.54631  [38;2;180;60;0mgrad_norm:  3.4062  [38;2;54;234;195mmemory:  3.86GiB(4.87%)  [34mtps: 163  [36mtflops: 0.57  [35mmfu: 0.08%[39m
[titan] 2026-09-12 08:21:50,559 - root - INFO - [31mstep: 34  [32mloss:  3.54631  [38;2;180;60;0mgrad_norm:  3.4062  [38;2;54;234;195mmemory:  3.86GiB(4.88%)  [34mtps: 163  [36mtflops: 0.57  [35mmfu: 0.08%[39m
[titan] 2026-09-12 08:21:51,334 - root - INFO - [31mstep: 35  [32mloss:  2.89170  [38;2;180;60;0mgrad_norm:  4.7812  [38;2;54;234;195mmemory:  3.86GiB(4.87%)  [34mtps: 165  [36mtflops: 0.58  [35mmfu: 0.08%[39m
[titan] 2026-09-12 08:21:51,334 - root - INFO - [31mstep: 35  [32mloss:  2.89170  [38;2;180;60;0mgrad_norm:  4.7812  [38;2;54;234;195mmemory:  3.86GiB(4.88%)  [34mtps: 165  [36mtflops: 0.58  [35mmfu: 0.08%[39m
[titan] 2026-09-12 08:21:51,335 - root - INFO - [31mstep: 35  [32mloss:  2.89170  [38;2;180;60;0mgrad_norm:  4.7812  [38;2;54;234;195mmemory:  3.86GiB(4.87%)  [34mtps: 165  [36mtflops: 0.58  [35mmfu: 0.08%[39m
[titan] 2026-09-12 08:21:51,335 - root - INFO - [31mstep: 35  [32mloss:  2.89170  [38;2;180;60;0mgrad_norm:  4.7812  [38;2;54;234;195mmemory:  3.86GiB(4.88%)  [34mtps: 165  [36mtflops: 0.58  [35mmfu: 0.08%[39m
[titan] 2026-09-12 08:21:52,104 - root - INFO - [31mstep: 36  [32mloss:  3.61782  [38;2;180;60;0mgrad_norm:  5.4375  [38;2;54;234;195mmemory:  3.86GiB(4.87%)  [34mtps: 166  [36mtflops: 0.58  [35mmfu: 0.08%[39m
[titan] 2026-09-12 08:21:52,104 - root - INFO - [31mstep: 36  [32mloss:  3.61782  [38;2;180;60;0mgrad_norm:  5.4375  [38;2;54;234;195mmemory:  3.86GiB(4.88%)  [34mtps: 166  [36mtflops: 0.58  [35mmfu: 0.08%[39m
[titan] 2026-09-12 08:21:52,111 - root - INFO - [31mstep: 36  [32mloss:  3.61782  [38;2;180;60;0mgrad_norm:  5.4375  [38;2;54;234;195mmemory:  3.86GiB(4.87%)  [34mtps: 165  [36mtflops: 0.58  [35mmfu: 0.08%[39m
[titan] 2026-09-12 08:21:52,111 - root - INFO - [31mstep: 36  [32mloss:  3.61782  [38;2;180;60;0mgrad_norm:  5.4375  [38;2;54;234;195mmemory:  3.86GiB(4.88%)  [34mtps: 165  [36mtflops: 0.58  [35mmfu: 0.08%[39m
[titan] 2026-09-12 08:21:52,883 - root - INFO - [31mstep: 37  [32mloss:  3.15989  [38;2;180;60;0mgrad_norm:  4.8750  [38;2;54;234;195mmemory:  3.86GiB(4.88%)  [34mtps: 164  [36mtflops: 0.57  [35mmfu: 0.08%[39m
[titan] 2026-09-12 08:21:52,883 - root - INFO - [31mstep: 37  [32mloss:  3.15989  [38;2;180;60;0mgrad_norm:  4.8750  [38;2;54;234;195mmemory:  3.86GiB(4.87%)  [34mtps: 164  [36mtflops: 0.57  [35mmfu: 0.08%[39m
[titan] 2026-09-12 08:21:52,888 - root - INFO - [31mstep: 37  [32mloss:  3.15989  [38;2;180;60;0mgrad_norm:  4.8750  [38;2;54;234;195mmemory:  3.86GiB(4.87%)  [34mtps: 165  [36mtflops: 0.58  [35mmfu: 0.08%[39m
[titan] 2026-09-12 08:21:52,888 - root - INFO - [31mstep: 37  [32mloss:  3.15989  [38;2;180;60;0mgrad_norm:  4.8750  [38;2;54;234;195mmemory:  3.86GiB(4.88%)  [34mtps: 165  [36mtflops: 0.58  [35mmfu: 0.08%[39m
[titan] 2026-09-12 08:21:53,662 - root - INFO - [31mstep: 38  [32mloss:  2.98842  [38;2;180;60;0mgrad_norm:  5.0625  [38;2;54;234;195mmemory:  3.86GiB(4.87%)  [34mtps: 164  [36mtflops: 0.57  [35mmfu: 0.08%[39m
[titan] 2026-09-12 08:21:53,663 - root - INFO - [31mstep: 38  [32mloss:  2.98842  [38;2;180;60;0mgrad_norm:  5.0625  [38;2;54;234;195mmemory:  3.86GiB(4.88%)  [34mtps: 164  [36mtflops: 0.57  [35mmfu: 0.08%[39m
[titan] 2026-09-12 08:21:53,664 - root - INFO - [31mstep: 38  [32mloss:  2.98842  [38;2;180;60;0mgrad_norm:  5.0625  [38;2;54;234;195mmemory:  3.86GiB(4.87%)  [34mtps: 165  [36mtflops: 0.58  [35mmfu: 0.08%[39m
[titan] 2026-09-12 08:21:53,664 - root - INFO - [31mstep: 38  [32mloss:  2.98842  [38;2;180;60;0mgrad_norm:  5.0625  [38;2;54;234;195mmemory:  3.86GiB(4.88%)  [34mtps: 165  [36mtflops: 0.58  [35mmfu: 0.08%[39m
[titan] 2026-09-12 08:21:54,434 - root - INFO - [31mstep: 39  [32mloss:  2.77759  [38;2;180;60;0mgrad_norm:  4.0000  [38;2;54;234;195mmemory:  3.86GiB(4.87%)  [34mtps: 166  [36mtflops: 0.58  [35mmfu: 0.08%[39m
[titan] 2026-09-12 08:21:54,435 - root - INFO - [31mstep: 39  [32mloss:  2.77759  [38;2;180;60;0mgrad_norm:  4.0000  [38;2;54;234;195mmemory:  3.86GiB(4.88%)  [34mtps: 166  [36mtflops: 0.58  [35mmfu: 0.08%[39m
[titan] 2026-09-12 08:21:54,441 - root - INFO - [31mstep: 39  [32mloss:  2.77759  [38;2;180;60;0mgrad_norm:  4.0000  [38;2;54;234;195mmemory:  3.86GiB(4.87%)  [34mtps: 165  [36mtflops: 0.58  [35mmfu: 0.08%[39m
[titan] 2026-09-12 08:21:54,441 - root - INFO - [31mstep: 39  [32mloss:  2.77759  [38;2;180;60;0mgrad_norm:  4.0000  [38;2;54;234;195mmemory:  3.86GiB(4.88%)  [34mtps: 165  [36mtflops: 0.58  [35mmfu: 0.08%[39m
[titan] 2026-09-12 08:21:55,218 - root - INFO - [31mstep: 40  [32mloss:  2.54751  [38;2;180;60;0mgrad_norm:  2.4219  [38;2;54;234;195mmemory:  3.86GiB(4.88%)  [34mtps: 164  [36mtflops: 0.57  [35mmfu: 0.08%[39m
[titan] 2026-09-12 08:21:55,218 - root - INFO - [31mstep: 40  [32mloss:  2.54751  [38;2;180;60;0mgrad_norm:  2.4219  [38;2;54;234;195mmemory:  3.86GiB(4.87%)  [34mtps: 164  [36mtflops: 0.57  [35mmfu: 0.08%[39m
[titan] 2026-09-12 08:21:55,220 - root - INFO - [31mstep: 40  [32mloss:  2.54751  [38;2;180;60;0mgrad_norm:  2.4219  [38;2;54;234;195mmemory:  3.86GiB(4.88%)  [34mtps: 164  [36mtflops: 0.57  [35mmfu: 0.08%[39m
[titan] 2026-09-12 08:21:55,220 - root - INFO - [31mstep: 40  [32mloss:  2.54751  [38;2;180;60;0mgrad_norm:  2.4219  [38;2;54;234;195mmemory:  3.86GiB(4.87%)  [34mtps: 164  [36mtflops: 0.57  [35mmfu: 0.08%[39m
[titan] 2026-09-12 08:21:55,989 - root - INFO - [31mstep: 41  [32mloss:  3.28682  [38;2;180;60;0mgrad_norm:  4.1562  [38;2;54;234;195mmemory:  3.86GiB(4.88%)  [34mtps: 166  [36mtflops: 0.58  [35mmfu: 0.08%[39m
[titan] 2026-09-12 08:21:55,989 - root - INFO - [31mstep: 41  [32mloss:  3.28682  [38;2;180;60;0mgrad_norm:  4.1562  [38;2;54;234;195mmemory:  3.86GiB(4.87%)  [34mtps: 166  [36mtflops: 0.58  [35mmfu: 0.08%[39m
[titan] 2026-09-12 08:21:55,998 - root - INFO - [31mstep: 41  [32mloss:  3.28682  [38;2;180;60;0mgrad_norm:  4.1562  [38;2;54;234;195mmemory:  3.86GiB(4.87%)  [34mtps: 165  [36mtflops: 0.57  [35mmfu: 0.08%[39m
[titan] 2026-09-12 08:21:55,998 - root - INFO - [31mstep: 41  [32mloss:  3.28682  [38;2;180;60;0mgrad_norm:  4.1562  [38;2;54;234;195mmemory:  3.86GiB(4.88%)  [34mtps: 165  [36mtflops: 0.57  [35mmfu: 0.08%[39m
[titan] 2026-09-12 08:21:56,789 - root - INFO - [31mstep: 42  [32mloss:  3.17063  [38;2;180;60;0mgrad_norm:  5.2812  [38;2;54;234;195mmemory:  3.86GiB(4.87%)  [34mtps: 160  [36mtflops: 0.56  [35mmfu: 0.07%[39m
[titan] 2026-09-12 08:21:56,790 - root - INFO - [31mstep: 42  [32mloss:  3.17063  [38;2;180;60;0mgrad_norm:  5.2812  [38;2;54;234;195mmemory:  3.86GiB(4.88%)  [34mtps: 160  [36mtflops: 0.56  [35mmfu: 0.07%[39m
[titan] 2026-09-12 08:21:56,803 - root - INFO - [31mstep: 42  [32mloss:  3.17063  [38;2;180;60;0mgrad_norm:  5.2812  [38;2;54;234;195mmemory:  3.86GiB(4.88%)  [34mtps: 159  [36mtflops: 0.56  [35mmfu: 0.07%[39m
[titan] 2026-09-12 08:21:56,803 - root - INFO - [31mstep: 42  [32mloss:  3.17063  [38;2;180;60;0mgrad_norm:  5.2812  [38;2;54;234;195mmemory:  3.86GiB(4.87%)  [34mtps: 159  [36mtflops: 0.56  [35mmfu: 0.07%[39m
[titan] 2026-09-12 08:21:57,576 - root - INFO - [31mstep: 43  [32mloss:  3.19052  [38;2;180;60;0mgrad_norm:  5.6875  [38;2;54;234;195mmemory:  3.86GiB(4.88%)  [34mtps: 163  [36mtflops: 0.57  [35mmfu: 0.08%[39m
[titan] 2026-09-12 08:21:57,576 - root - INFO - [31mstep: 43  [32mloss:  3.19052  [38;2;180;60;0mgrad_norm:  5.6875  [38;2;54;234;195mmemory:  3.86GiB(4.87%)  [34mtps: 163  [36mtflops: 0.57  [35mmfu: 0.08%[39m
[titan] 2026-09-12 08:21:57,582 - root - INFO - [31mstep: 43  [32mloss:  3.19052  [38;2;180;60;0mgrad_norm:  5.6875  [38;2;54;234;195mmemory:  3.86GiB(4.87%)  [34mtps: 164  [36mtflops: 0.57  [35mmfu: 0.08%[39m
[titan] 2026-09-12 08:21:57,582 - root - INFO - [31mstep: 43  [32mloss:  3.19052  [38;2;180;60;0mgrad_norm:  5.6875  [38;2;54;234;195mmemory:  3.86GiB(4.88%)  [34mtps: 164  [36mtflops: 0.57  [35mmfu: 0.08%[39m
[titan] 2026-09-12 08:21:58,355 - root - INFO - [31mstep: 44  [32mloss:  2.99090  [38;2;180;60;0mgrad_norm:  5.8750  [38;2;54;234;195mmemory:  3.86GiB(4.88%)  [34mtps: 164  [36mtflops: 0.57  [35mmfu: 0.08%[39m
[titan] 2026-09-12 08:21:58,355 - root - INFO - [31mstep: 44  [32mloss:  2.99090  [38;2;180;60;0mgrad_norm:  5.8750  [38;2;54;234;195mmemory:  3.86GiB(4.87%)  [34mtps: 164  [36mtflops: 0.57  [35mmfu: 0.08%[39m
[titan] 2026-09-12 08:21:58,368 - root - INFO - [31mstep: 44  [32mloss:  2.99090  [38;2;180;60;0mgrad_norm:  5.8750  [38;2;54;234;195mmemory:  3.86GiB(4.87%)  [34mtps: 163  [36mtflops: 0.57  [35mmfu: 0.08%[39m
[titan] 2026-09-12 08:21:58,368 - root - INFO - [31mstep: 44  [32mloss:  2.99090  [38;2;180;60;0mgrad_norm:  5.8750  [38;2;54;234;195mmemory:  3.86GiB(4.88%)  [34mtps: 163  [36mtflops: 0.57  [35mmfu: 0.08%[39m
[titan] 2026-09-12 08:21:59,141 - root - INFO - [31mstep: 45  [32mloss:  3.00199  [38;2;180;60;0mgrad_norm:  3.6094  [38;2;54;234;195mmemory:  3.86GiB(4.88%)  [34mtps: 163  [36mtflops: 0.57  [35mmfu: 0.08%[39m
[titan] 2026-09-12 08:21:59,141 - root - INFO - [31mstep: 45  [32mloss:  3.00199  [38;2;180;60;0mgrad_norm:  3.6094  [38;2;54;234;195mmemory:  3.86GiB(4.87%)  [34mtps: 163  [36mtflops: 0.57  [35mmfu: 0.08%[39m
[titan] 2026-09-12 08:21:59,155 - root - INFO - [31mstep: 45  [32mloss:  3.00199  [38;2;180;60;0mgrad_norm:  3.6094  [38;2;54;234;195mmemory:  3.86GiB(4.87%)  [34mtps: 163  [36mtflops: 0.57  [35mmfu: 0.08%[39m
[titan] 2026-09-12 08:21:59,155 - root - INFO - [31mstep: 45  [32mloss:  3.00199  [38;2;180;60;0mgrad_norm:  3.6094  [38;2;54;234;195mmemory:  3.86GiB(4.88%)  [34mtps: 163  [36mtflops: 0.57  [35mmfu: 0.08%[39m
[titan] 2026-09-12 08:21:59,928 - root - INFO - [31mstep: 46  [32mloss:  2.75135  [38;2;180;60;0mgrad_norm:  2.9219  [38;2;54;234;195mmemory:  3.86GiB(4.88%)  [34mtps: 163  [36mtflops: 0.57  [35mmfu: 0.08%[39m
[titan] 2026-09-12 08:21:59,928 - root - INFO - [31mstep: 46  [32mloss:  2.75135  [38;2;180;60;0mgrad_norm:  2.9219  [38;2;54;234;195mmemory:  3.86GiB(4.87%)  [34mtps: 163  [36mtflops: 0.57  [35mmfu: 0.08%[39m
[titan] 2026-09-12 08:21:59,938 - root - INFO - [31mstep: 46  [32mloss:  2.75135  [38;2;180;60;0mgrad_norm:  2.9219  [38;2;54;234;195mmemory:  3.86GiB(4.87%)  [34mtps: 163  [36mtflops: 0.57  [35mmfu: 0.08%[39m
[titan] 2026-09-12 08:21:59,938 - root - INFO - [31mstep: 46  [32mloss:  2.75135  [38;2;180;60;0mgrad_norm:  2.9219  [38;2;54;234;195mmemory:  3.86GiB(4.88%)  [34mtps: 163  [36mtflops: 0.57  [35mmfu: 0.08%[39m
[titan] 2026-09-12 08:22:00,709 - root - INFO - [31mstep: 47  [32mloss:  2.49446  [38;2;180;60;0mgrad_norm:  5.3125  [38;2;54;234;195mmemory:  3.86GiB(4.88%)  [34mtps: 164  [36mtflops: 0.57  [35mmfu: 0.08%[39m
[titan] 2026-09-12 08:22:00,709 - root - INFO - [31mstep: 47  [32mloss:  2.49446  [38;2;180;60;0mgrad_norm:  5.3125  [38;2;54;234;195mmemory:  3.86GiB(4.87%)  [34mtps: 164  [36mtflops: 0.57  [35mmfu: 0.08%[39m
[titan] 2026-09-12 08:22:00,717 - root - INFO - [31mstep: 47  [32mloss:  2.49446  [38;2;180;60;0mgrad_norm:  5.3125  [38;2;54;234;195mmemory:  3.86GiB(4.87%)  [34mtps: 164  [36mtflops: 0.57  [35mmfu: 0.08%[39m
[titan] 2026-09-12 08:22:00,717 - root - INFO - [31mstep: 47  [32mloss:  2.49446  [38;2;180;60;0mgrad_norm:  5.3125  [38;2;54;234;195mmemory:  3.86GiB(4.88%)  [34mtps: 164  [36mtflops: 0.57  [35mmfu: 0.08%[39m
[titan] 2026-09-12 08:22:01,487 - root - INFO - [31mstep: 48  [32mloss:  2.10284  [38;2;180;60;0mgrad_norm:  4.3438  [38;2;54;234;195mmemory:  3.86GiB(4.87%)  [34mtps: 165  [36mtflops: 0.57  [35mmfu: 0.08%[39m
[titan] 2026-09-12 08:22:01,487 - root - INFO - [31mstep: 48  [32mloss:  2.10284  [38;2;180;60;0mgrad_norm:  4.3438  [38;2;54;234;195mmemory:  3.86GiB(4.88%)  [34mtps: 165  [36mtflops: 0.57  [35mmfu: 0.08%[39m
[titan] 2026-09-12 08:22:01,504 - root - INFO - [31mstep: 48  [32mloss:  2.10284  [38;2;180;60;0mgrad_norm:  4.3438  [38;2;54;234;195mmemory:  3.86GiB(4.88%)  [34mtps: 163  [36mtflops: 0.57  [35mmfu: 0.08%[39m
[titan] 2026-09-12 08:22:01,505 - root - INFO - [31mstep: 48  [32mloss:  2.10284  [38;2;180;60;0mgrad_norm:  4.3438  [38;2;54;234;195mmemory:  3.86GiB(4.87%)  [34mtps: 163  [36mtflops: 0.57  [35mmfu: 0.08%[39m
[titan] 2026-09-12 08:22:02,288 - root - INFO - [31mstep: 49  [32mloss:  2.35856  [38;2;180;60;0mgrad_norm:  2.4531  [38;2;54;234;195mmemory:  3.86GiB(4.88%)  [34mtps: 160  [36mtflops: 0.56  [35mmfu: 0.07%[39m
[titan] 2026-09-12 08:22:02,288 - root - INFO - [31mstep: 49  [32mloss:  2.35856  [38;2;180;60;0mgrad_norm:  2.4531  [38;2;54;234;195mmemory:  3.86GiB(4.87%)  [34mtps: 160  [36mtflops: 0.56  [35mmfu: 0.07%[39m
[titan] 2026-09-12 08:22:02,289 - root - INFO - [31mstep: 49  [32mloss:  2.35856  [38;2;180;60;0mgrad_norm:  2.4531  [38;2;54;234;195mmemory:  3.86GiB(4.87%)  [34mtps: 163  [36mtflops: 0.57  [35mmfu: 0.08%[39m
[titan] 2026-09-12 08:22:02,289 - root - INFO - [31mstep: 49  [32mloss:  2.35856  [38;2;180;60;0mgrad_norm:  2.4531  [38;2;54;234;195mmemory:  3.86GiB(4.88%)  [34mtps: 163  [36mtflops: 0.57  [35mmfu: 0.08%[39m
[titan] 2026-09-12 08:22:02,393 - root - INFO - [GC] Performing periodic GC collection took 0.10 seconds
[titan] 2026-09-12 08:22:02,394 - root - INFO - [GC] Performing periodic GC collection took 0.10 seconds
[titan] 2026-09-12 08:22:02,396 - root - INFO - [GC] Performing periodic GC collection took 0.10 seconds
[titan] 2026-09-12 08:22:02,405 - root - INFO - [GC] Performing periodic GC collection took 0.11 seconds
[titan] 2026-09-12 08:22:03,174 - root - INFO - [31mstep: 50  [32mloss:  2.67576  [38;2;180;60;0mgrad_norm:  3.9219  [38;2;54;234;195mmemory:  3.86GiB(4.88%)  [34mtps: 144  [36mtflops: 0.50  [35mmfu: 0.07%[39m
[titan] 2026-09-12 08:22:03,174 - root - INFO - [31mstep: 50  [32mloss:  2.67576  [38;2;180;60;0mgrad_norm:  3.9219  [38;2;54;234;195mmemory:  3.86GiB(4.87%)  [34mtps: 144  [36mtflops: 0.50  [35mmfu: 0.07%[39m
[titan] 2026-09-12 08:22:03,180 - root - INFO - [31mstep: 50  [32mloss:  2.67576  [38;2;180;60;0mgrad_norm:  3.9219  [38;2;54;234;195mmemory:  3.86GiB(4.87%)  [34mtps: 144  [36mtflops: 0.50  [35mmfu: 0.07%[39m
[titan] 2026-09-12 08:22:03,180 - root - INFO - [31mstep: 50  [32mloss:  2.67576  [38;2;180;60;0mgrad_norm:  3.9219  [38;2;54;234;195mmemory:  3.86GiB(4.88%)  [34mtps: 144  [36mtflops: 0.50  [35mmfu: 0.07%[39m
[titan] 2026-09-12 08:22:03,949 - root - INFO - [31mstep: 51  [32mloss:  2.63592  [38;2;180;60;0mgrad_norm:  3.3438  [38;2;54;234;195mmemory:  3.86GiB(4.88%)  [34mtps: 165  [36mtflops: 0.58  [35mmfu: 0.08%[39m
[titan] 2026-09-12 08:22:03,949 - root - INFO - [31mstep: 51  [32mloss:  2.63592  [38;2;180;60;0mgrad_norm:  3.3438  [38;2;54;234;195mmemory:  3.86GiB(4.87%)  [34mtps: 165  [36mtflops: 0.58  [35mmfu: 0.08%[39m
[titan] 2026-09-12 08:22:03,956 - root - INFO - [31mstep: 51  [32mloss:  2.63592  [38;2;180;60;0mgrad_norm:  3.3438  [38;2;54;234;195mmemory:  3.86GiB(4.87%)  [34mtps: 165  [36mtflops: 0.58  [35mmfu: 0.08%[39m
[titan] 2026-09-12 08:22:03,956 - root - INFO - [31mstep: 51  [32mloss:  2.63592  [38;2;180;60;0mgrad_norm:  3.3438  [38;2;54;234;195mmemory:  3.86GiB(4.88%)  [34mtps: 165  [36mtflops: 0.58  [35mmfu: 0.08%[39m
[titan] 2026-09-12 08:22:04,733 - root - INFO - [31mstep: 52  [32mloss:  2.42176  [38;2;180;60;0mgrad_norm:  3.4844  [38;2;54;234;195mmemory:  3.86GiB(4.87%)  [34mtps: 165  [36mtflops: 0.57  [35mmfu: 0.08%[39m
[titan] 2026-09-12 08:22:04,733 - root - INFO - [31mstep: 52  [32mloss:  2.42176  [38;2;180;60;0mgrad_norm:  3.4844  [38;2;54;234;195mmemory:  3.86GiB(4.88%)  [34mtps: 165  [36mtflops: 0.57  [35mmfu: 0.08%[39m
[titan] 2026-09-12 08:22:04,735 - root - INFO - [31mstep: 52  [32mloss:  2.42176  [38;2;180;60;0mgrad_norm:  3.4844  [38;2;54;234;195mmemory:  3.86GiB(4.87%)  [34mtps: 163  [36mtflops: 0.57  [35mmfu: 0.08%[39m
[titan] 2026-09-12 08:22:04,735 - root - INFO - [31mstep: 52  [32mloss:  2.42176  [38;2;180;60;0mgrad_norm:  3.4844  [38;2;54;234;195mmemory:  3.86GiB(4.88%)  [34mtps: 163  [36mtflops: 0.57  [35mmfu: 0.08%[39m
[titan] 2026-09-12 08:22:05,517 - root - INFO - [31mstep: 53  [32mloss:  3.01845  [38;2;180;60;0mgrad_norm:  4.5938  [38;2;54;234;195mmemory:  3.86GiB(4.88%)  [34mtps: 164  [36mtflops: 0.57  [35mmfu: 0.08%[39m
[titan] 2026-09-12 08:22:05,517 - root - INFO - [31mstep: 53  [32mloss:  3.01845  [38;2;180;60;0mgrad_norm:  4.5938  [38;2;54;234;195mmemory:  3.86GiB(4.87%)  [34mtps: 164  [36mtflops: 0.57  [35mmfu: 0.08%[39m
[titan] 2026-09-12 08:22:05,531 - root - INFO - [31mstep: 53  [32mloss:  3.01845  [38;2;180;60;0mgrad_norm:  4.5938  [38;2;54;234;195mmemory:  3.86GiB(4.88%)  [34mtps: 161  [36mtflops: 0.56  [35mmfu: 0.07%[39m
[titan] 2026-09-12 08:22:05,531 - root - INFO - [31mstep: 53  [32mloss:  3.01845  [38;2;180;60;0mgrad_norm:  4.5938  [38;2;54;234;195mmemory:  3.86GiB(4.87%)  [34mtps: 160  [36mtflops: 0.56  [35mmfu: 0.07%[39m
[titan] 2026-09-12 08:22:06,305 - root - INFO - [31mstep: 54  [32mloss:  1.97266  [38;2;180;60;0mgrad_norm:  3.8750  [38;2;54;234;195mmemory:  3.86GiB(4.88%)  [34mtps: 162  [36mtflops: 0.57  [35mmfu: 0.07%[39m
[titan] 2026-09-12 08:22:06,305 - root - INFO - [31mstep: 54  [32mloss:  1.97266  [38;2;180;60;0mgrad_norm:  3.8750  [38;2;54;234;195mmemory:  3.86GiB(4.87%)  [34mtps: 162  [36mtflops: 0.57  [35mmfu: 0.07%[39m
[titan] 2026-09-12 08:22:06,318 - root - INFO - [31mstep: 54  [32mloss:  1.97266  [38;2;180;60;0mgrad_norm:  3.8750  [38;2;54;234;195mmemory:  3.86GiB(4.87%)  [34mtps: 163  [36mtflops: 0.57  [35mmfu: 0.08%[39m
[titan] 2026-09-12 08:22:06,318 - root - INFO - [31mstep: 54  [32mloss:  1.97266  [38;2;180;60;0mgrad_norm:  3.8750  [38;2;54;234;195mmemory:  3.86GiB(4.88%)  [34mtps: 163  [36mtflops: 0.57  [35mmfu: 0.08%[39m
[titan] 2026-09-12 08:22:07,089 - root - INFO - [31mstep: 55  [32mloss:  1.92244  [38;2;180;60;0mgrad_norm:  3.5469  [38;2;54;234;195mmemory:  3.86GiB(4.87%)  [34mtps: 163  [36mtflops: 0.57  [35mmfu: 0.08%[39m
[titan] 2026-09-12 08:22:07,089 - root - INFO - [31mstep: 55  [32mloss:  1.92244  [38;2;180;60;0mgrad_norm:  3.5469  [38;2;54;234;195mmemory:  3.86GiB(4.88%)  [34mtps: 163  [36mtflops: 0.57  [35mmfu: 0.08%[39m
[titan] 2026-09-12 08:22:07,099 - root - INFO - [31mstep: 55  [32mloss:  1.92244  [38;2;180;60;0mgrad_norm:  3.5469  [38;2;54;234;195mmemory:  3.86GiB(4.87%)  [34mtps: 164  [36mtflops: 0.57  [35mmfu: 0.08%[39m
[titan] 2026-09-12 08:22:07,099 - root - INFO - [31mstep: 55  [32mloss:  1.92244  [38;2;180;60;0mgrad_norm:  3.5469  [38;2;54;234;195mmemory:  3.86GiB(4.88%)  [34mtps: 164  [36mtflops: 0.57  [35mmfu: 0.08%[39m
[titan] 2026-09-12 08:22:07,868 - root - INFO - [31mstep: 56  [32mloss:  3.07045  [38;2;180;60;0mgrad_norm:  3.2500  [38;2;54;234;195mmemory:  3.86GiB(4.87%)  [34mtps: 164  [36mtflops: 0.57  [35mmfu: 0.08%[39m
[titan] 2026-09-12 08:22:07,868 - root - INFO - [31mstep: 56  [32mloss:  3.07045  [38;2;180;60;0mgrad_norm:  3.2500  [38;2;54;234;195mmemory:  3.86GiB(4.88%)  [34mtps: 164  [36mtflops: 0.57  [35mmfu: 0.08%[39m
[titan] 2026-09-12 08:22:07,879 - root - INFO - [31mstep: 56  [32mloss:  3.07045  [38;2;180;60;0mgrad_norm:  3.2500  [38;2;54;234;195mmemory:  3.86GiB(4.87%)  [34mtps: 164  [36mtflops: 0.57  [35mmfu: 0.08%[39m
[titan] 2026-09-12 08:22:07,879 - root - INFO - [31mstep: 56  [32mloss:  3.07045  [38;2;180;60;0mgrad_norm:  3.2500  [38;2;54;234;195mmemory:  3.86GiB(4.88%)  [34mtps: 164  [36mtflops: 0.57  [35mmfu: 0.08%[39m
[titan] 2026-09-12 08:22:08,651 - root - INFO - [31mstep: 57  [32mloss:  3.30034  [38;2;180;60;0mgrad_norm:  2.7656  [38;2;54;234;195mmemory:  3.86GiB(4.88%)  [34mtps: 164  [36mtflops: 0.57  [35mmfu: 0.08%[39m
[titan] 2026-09-12 08:22:08,651 - root - INFO - [31mstep: 57  [32mloss:  3.30034  [38;2;180;60;0mgrad_norm:  2.7656  [38;2;54;234;195mmemory:  3.86GiB(4.87%)  [34mtps: 164  [36mtflops: 0.57  [35mmfu: 0.08%[39m
[titan] 2026-09-12 08:22:08,660 - root - INFO - [31mstep: 57  [32mloss:  3.30034  [38;2;180;60;0mgrad_norm:  2.7656  [38;2;54;234;195mmemory:  3.86GiB(4.87%)  [34mtps: 164  [36mtflops: 0.57  [35mmfu: 0.08%[39m
[titan] 2026-09-12 08:22:08,660 - root - INFO - [31mstep: 57  [32mloss:  3.30034  [38;2;180;60;0mgrad_norm:  2.7656  [38;2;54;234;195mmemory:  3.86GiB(4.88%)  [34mtps: 164  [36mtflops: 0.57  [35mmfu: 0.08%[39m
[titan] 2026-09-12 08:22:09,434 - root - INFO - [31mstep: 58  [32mloss:  1.54743  [38;2;180;60;0mgrad_norm:  2.6094  [38;2;54;234;195mmemory:  3.86GiB(4.87%)  [34mtps: 164  [36mtflops: 0.57  [35mmfu: 0.08%[39m
[titan] 2026-09-12 08:22:09,434 - root - INFO - [31mstep: 58  [32mloss:  1.54743  [38;2;180;60;0mgrad_norm:  2.6094  [38;2;54;234;195mmemory:  3.86GiB(4.88%)  [34mtps: 164  [36mtflops: 0.57  [35mmfu: 0.08%[39m
[titan] 2026-09-12 08:22:09,444 - root - INFO - [31mstep: 58  [32mloss:  1.54743  [38;2;180;60;0mgrad_norm:  2.6094  [38;2;54;234;195mmemory:  3.86GiB(4.87%)  [34mtps: 163  [36mtflops: 0.57  [35mmfu: 0.08%[39m
[titan] 2026-09-12 08:22:09,444 - root - INFO - [31mstep: 58  [32mloss:  1.54743  [38;2;180;60;0mgrad_norm:  2.6094  [38;2;54;234;195mmemory:  3.86GiB(4.88%)  [34mtps: 163  [36mtflops: 0.57  [35mmfu: 0.08%[39m
[titan] 2026-09-12 08:22:10,217 - root - INFO - [31mstep: 59  [32mloss:  2.91947  [38;2;180;60;0mgrad_norm:  3.2500  [38;2;54;234;195mmemory:  3.86GiB(4.88%)  [34mtps: 164  [36mtflops: 0.57  [35mmfu: 0.08%[39m
[titan] 2026-09-12 08:22:10,217 - root - INFO - [31mstep: 59  [32mloss:  2.91947  [38;2;180;60;0mgrad_norm:  3.2500  [38;2;54;234;195mmemory:  3.86GiB(4.87%)  [34mtps: 164  [36mtflops: 0.57  [35mmfu: 0.08%[39m
[titan] 2026-09-12 08:22:10,227 - root - INFO - [31mstep: 59  [32mloss:  2.91947  [38;2;180;60;0mgrad_norm:  3.2500  [38;2;54;234;195mmemory:  3.86GiB(4.87%)  [34mtps: 164  [36mtflops: 0.57  [35mmfu: 0.08%[39m
[titan] 2026-09-12 08:22:10,227 - root - INFO - [31mstep: 59  [32mloss:  2.91947  [38;2;180;60;0mgrad_norm:  3.2500  [38;2;54;234;195mmemory:  3.86GiB(4.88%)  [34mtps: 164  [36mtflops: 0.57  [35mmfu: 0.08%[39m
[titan] 2026-09-12 08:22:11,007 - root - INFO - [31mstep: 60  [32mloss:  1.35242  [38;2;180;60;0mgrad_norm:  2.4062  [38;2;54;234;195mmemory:  3.86GiB(4.87%)  [34mtps: 164  [36mtflops: 0.57  [35mmfu: 0.08%[39m
[titan] 2026-09-12 08:22:11,007 - root - INFO - [31mstep: 60  [32mloss:  1.35242  [38;2;180;60;0mgrad_norm:  2.4062  [38;2;54;234;195mmemory:  3.86GiB(4.88%)  [34mtps: 164  [36mtflops: 0.57  [35mmfu: 0.08%[39m
[titan] 2026-09-12 08:22:11,014 - root - INFO - [31mstep: 60  [32mloss:  1.35242  [38;2;180;60;0mgrad_norm:  2.4062  [38;2;54;234;195mmemory:  3.86GiB(4.87%)  [34mtps: 161  [36mtflops: 0.56  [35mmfu: 0.07%[39m
[titan] 2026-09-12 08:22:11,014 - root - INFO - [31mstep: 60  [32mloss:  1.35242  [38;2;180;60;0mgrad_norm:  2.4062  [38;2;54;234;195mmemory:  3.86GiB(4.88%)  [34mtps: 161  [36mtflops: 0.56  [35mmfu: 0.07%[39m
[titan] 2026-09-12 08:22:11,789 - root - INFO - [31mstep: 61  [32mloss:  2.43843  [38;2;180;60;0mgrad_norm:  4.4062  [38;2;54;234;195mmemory:  3.86GiB(4.87%)  [34mtps: 165  [36mtflops: 0.58  [35mmfu: 0.08%[39m
[titan] 2026-09-12 08:22:11,789 - root - INFO - [31mstep: 61  [32mloss:  2.43843  [38;2;180;60;0mgrad_norm:  4.4062  [38;2;54;234;195mmemory:  3.86GiB(4.88%)  [34mtps: 165  [36mtflops: 0.58  [35mmfu: 0.08%[39m
[titan] 2026-09-12 08:22:11,795 - root - INFO - [31mstep: 61  [32mloss:  2.43843  [38;2;180;60;0mgrad_norm:  4.4062  [38;2;54;234;195mmemory:  3.86GiB(4.87%)  [34mtps: 162  [36mtflops: 0.57  [35mmfu: 0.07%[39m
[titan] 2026-09-12 08:22:11,795 - root - INFO - [31mstep: 61  [32mloss:  2.43843  [38;2;180;60;0mgrad_norm:  4.4062  [38;2;54;234;195mmemory:  3.86GiB(4.88%)  [34mtps: 162  [36mtflops: 0.57  [35mmfu: 0.07%[39m
[titan] 2026-09-12 08:22:12,566 - root - INFO - [31mstep: 62  [32mloss:  2.93664  [38;2;180;60;0mgrad_norm:  2.6719  [38;2;54;234;195mmemory:  3.86GiB(4.87%)  [34mtps: 165  [36mtflops: 0.57  [35mmfu: 0.08%[39m
[titan] 2026-09-12 08:22:12,566 - root - INFO - [31mstep: 62  [32mloss:  2.93664  [38;2;180;60;0mgrad_norm:  2.6719  [38;2;54;234;195mmemory:  3.86GiB(4.88%)  [34mtps: 165  [36mtflops: 0.57  [35mmfu: 0.08%[39m
[titan] 2026-09-12 08:22:12,580 - root - INFO - [31mstep: 62  [32mloss:  2.93664  [38;2;180;60;0mgrad_norm:  2.6719  [38;2;54;234;195mmemory:  3.86GiB(4.87%)  [34mtps: 163  [36mtflops: 0.57  [35mmfu: 0.08%[39m
[titan] 2026-09-12 08:22:12,580 - root - INFO - [31mstep: 62  [32mloss:  2.93664  [38;2;180;60;0mgrad_norm:  2.6719  [38;2;54;234;195mmemory:  3.86GiB(4.88%)  [34mtps: 163  [36mtflops: 0.57  [35mmfu: 0.08%[39m
[titan] 2026-09-12 08:22:13,350 - root - INFO - [31mstep: 63  [32mloss:  1.93366  [38;2;180;60;0mgrad_norm:  3.5000  [38;2;54;234;195mmemory:  3.86GiB(4.88%)  [34mtps: 163  [36mtflops: 0.57  [35mmfu: 0.08%[39m
[titan] 2026-09-12 08:22:13,350 - root - INFO - [31mstep: 63  [32mloss:  1.93366  [38;2;180;60;0mgrad_norm:  3.5000  [38;2;54;234;195mmemory:  3.86GiB(4.87%)  [34mtps: 163  [36mtflops: 0.57  [35mmfu: 0.08%[39m
[titan] 2026-09-12 08:22:13,363 - root - INFO - [31mstep: 63  [32mloss:  1.93366  [38;2;180;60;0mgrad_norm:  3.5000  [38;2;54;234;195mmemory:  3.86GiB(4.87%)  [34mtps: 163  [36mtflops: 0.57  [35mmfu: 0.08%[39m
[titan] 2026-09-12 08:22:13,364 - root - INFO - [31mstep: 63  [32mloss:  1.93366  [38;2;180;60;0mgrad_norm:  3.5000  [38;2;54;234;195mmemory:  3.86GiB(4.88%)  [34mtps: 163  [36mtflops: 0.57  [35mmfu: 0.08%[39m
[titan] 2026-09-12 08:22:14,133 - root - INFO - [31mstep: 64  [32mloss:  1.79604  [38;2;180;60;0mgrad_norm:  3.3438  [38;2;54;234;195mmemory:  3.86GiB(4.88%)  [34mtps: 164  [36mtflops: 0.57  [35mmfu: 0.08%[39m
[titan] 2026-09-12 08:22:14,133 - root - INFO - [31mstep: 64  [32mloss:  1.79604  [38;2;180;60;0mgrad_norm:  3.3438  [38;2;54;234;195mmemory:  3.86GiB(4.87%)  [34mtps: 164  [36mtflops: 0.57  [35mmfu: 0.08%[39m
[titan] 2026-09-12 08:22:14,146 - root - INFO - [31mstep: 64  [32mloss:  1.79604  [38;2;180;60;0mgrad_norm:  3.3438  [38;2;54;234;195mmemory:  3.86GiB(4.87%)  [34mtps: 164  [36mtflops: 0.57  [35mmfu: 0.08%[39m
[titan] 2026-09-12 08:22:14,146 - root - INFO - [31mstep: 64  [32mloss:  1.79604  [38;2;180;60;0mgrad_norm:  3.3438  [38;2;54;234;195mmemory:  3.86GiB(4.88%)  [34mtps: 164  [36mtflops: 0.57  [35mmfu: 0.08%[39m
[titan] 2026-09-12 08:22:14,914 - root - INFO - [31mstep: 65  [32mloss:  2.55066  [38;2;180;60;0mgrad_norm:  3.2031  [38;2;54;234;195mmemory:  3.86GiB(4.88%)  [34mtps: 164  [36mtflops: 0.57  [35mmfu: 0.08%[39m
[titan] 2026-09-12 08:22:14,914 - root - INFO - [31mstep: 65  [32mloss:  2.55066  [38;2;180;60;0mgrad_norm:  3.2031  [38;2;54;234;195mmemory:  3.86GiB(4.87%)  [34mtps: 164  [36mtflops: 0.57  [35mmfu: 0.08%[39m
[titan] 2026-09-12 08:22:14,927 - root - INFO - [31mstep: 65  [32mloss:  2.55066  [38;2;180;60;0mgrad_norm:  3.2031  [38;2;54;234;195mmemory:  3.86GiB(4.88%)  [34mtps: 164  [36mtflops: 0.57  [35mmfu: 0.08%[39m
[titan] 2026-09-12 08:22:14,927 - root - INFO - [31mstep: 65  [32mloss:  2.55066  [38;2;180;60;0mgrad_norm:  3.2031  [38;2;54;234;195mmemory:  3.86GiB(4.87%)  [34mtps: 164  [36mtflops: 0.57  [35mmfu: 0.08%[39m
[titan] 2026-09-12 08:22:15,700 - root - INFO - [31mstep: 66  [32mloss:  2.51628  [38;2;180;60;0mgrad_norm:  3.2656  [38;2;54;234;195mmemory:  3.86GiB(4.87%)  [34mtps: 163  [36mtflops: 0.57  [35mmfu: 0.08%[39m
[titan] 2026-09-12 08:22:15,700 - root - INFO - [31mstep: 66  [32mloss:  2.51628  [38;2;180;60;0mgrad_norm:  3.2656  [38;2;54;234;195mmemory:  3.86GiB(4.88%)  [34mtps: 163  [36mtflops: 0.57  [35mmfu: 0.08%[39m
[titan] 2026-09-12 08:22:15,713 - root - INFO - [31mstep: 66  [32mloss:  2.51628  [38;2;180;60;0mgrad_norm:  3.2656  [38;2;54;234;195mmemory:  3.86GiB(4.87%)  [34mtps: 163  [36mtflops: 0.57  [35mmfu: 0.08%[39m
[titan] 2026-09-12 08:22:15,713 - root - INFO - [31mstep: 66  [32mloss:  2.51628  [38;2;180;60;0mgrad_norm:  3.2656  [38;2;54;234;195mmemory:  3.86GiB(4.88%)  [34mtps: 163  [36mtflops: 0.57  [35mmfu: 0.08%[39m
[titan] 2026-09-12 08:22:16,487 - root - INFO - [31mstep: 67  [32mloss:  2.47651  [38;2;180;60;0mgrad_norm:  3.2812  [38;2;54;234;195mmemory:  3.86GiB(4.87%)  [34mtps: 163  [36mtflops: 0.57  [35mmfu: 0.08%[39m
[titan] 2026-09-12 08:22:16,487 - root - INFO - [31mstep: 67  [32mloss:  2.47651  [38;2;180;60;0mgrad_norm:  3.2812  [38;2;54;234;195mmemory:  3.86GiB(4.88%)  [34mtps: 163  [36mtflops: 0.57  [35mmfu: 0.08%[39m
[titan] 2026-09-12 08:22:16,496 - root - INFO - [31mstep: 67  [32mloss:  2.47651  [38;2;180;60;0mgrad_norm:  3.2812  [38;2;54;234;195mmemory:  3.86GiB(4.87%)  [34mtps: 164  [36mtflops: 0.57  [35mmfu: 0.08%[39m
[titan] 2026-09-12 08:22:16,496 - root - INFO - [31mstep: 67  [32mloss:  2.47651  [38;2;180;60;0mgrad_norm:  3.2812  [38;2;54;234;195mmemory:  3.86GiB(4.88%)  [34mtps: 164  [36mtflops: 0.57  [35mmfu: 0.08%[39m
[titan] 2026-09-12 08:22:17,266 - root - INFO - [31mstep: 68  [32mloss:  2.36045  [38;2;180;60;0mgrad_norm:  3.5156  [38;2;54;234;195mmemory:  3.86GiB(4.88%)  [34mtps: 164  [36mtflops: 0.57  [35mmfu: 0.08%[39m
[titan] 2026-09-12 08:22:17,266 - root - INFO - [31mstep: 68  [32mloss:  2.36045  [38;2;180;60;0mgrad_norm:  3.5156  [38;2;54;234;195mmemory:  3.86GiB(4.87%)  [34mtps: 164  [36mtflops: 0.57  [35mmfu: 0.08%[39m
[titan] 2026-09-12 08:22:17,277 - root - INFO - [31mstep: 68  [32mloss:  2.36045  [38;2;180;60;0mgrad_norm:  3.5156  [38;2;54;234;195mmemory:  3.86GiB(4.87%)  [34mtps: 164  [36mtflops: 0.57  [35mmfu: 0.08%[39m
[titan] 2026-09-12 08:22:17,277 - root - INFO - [31mstep: 68  [32mloss:  2.36045  [38;2;180;60;0mgrad_norm:  3.5156  [38;2;54;234;195mmemory:  3.86GiB(4.88%)  [34mtps: 164  [36mtflops: 0.57  [35mmfu: 0.08%[39m
[titan] 2026-09-12 08:22:18,047 - root - INFO - [31mstep: 69  [32mloss:  2.28238  [38;2;180;60;0mgrad_norm:  3.7188  [38;2;54;234;195mmemory:  3.86GiB(4.88%)  [34mtps: 164  [36mtflops: 0.57  [35mmfu: 0.08%[39m
[titan] 2026-09-12 08:22:18,047 - root - INFO - [31mstep: 69  [32mloss:  2.28238  [38;2;180;60;0mgrad_norm:  3.7188  [38;2;54;234;195mmemory:  3.86GiB(4.87%)  [34mtps: 164  [36mtflops: 0.57  [35mmfu: 0.08%[39m
[titan] 2026-09-12 08:22:18,059 - root - INFO - [31mstep: 69  [32mloss:  2.28238  [38;2;180;60;0mgrad_norm:  3.7188  [38;2;54;234;195mmemory:  3.86GiB(4.87%)  [34mtps: 164  [36mtflops: 0.57  [35mmfu: 0.08%[39m
[titan] 2026-09-12 08:22:18,059 - root - INFO - [31mstep: 69  [32mloss:  2.28238  [38;2;180;60;0mgrad_norm:  3.7188  [38;2;54;234;195mmemory:  3.86GiB(4.88%)  [34mtps: 164  [36mtflops: 0.57  [35mmfu: 0.08%[39m
[titan] 2026-09-12 08:22:18,838 - root - INFO - [31mstep: 70  [32mloss:  1.15610  [38;2;180;60;0mgrad_norm:  2.2969  [38;2;54;234;195mmemory:  3.86GiB(4.88%)  [34mtps: 162  [36mtflops: 0.56  [35mmfu: 0.07%[39m
[titan] 2026-09-12 08:22:18,838 - root - INFO - [31mstep: 70  [32mloss:  1.15610  [38;2;180;60;0mgrad_norm:  2.2969  [38;2;54;234;195mmemory:  3.86GiB(4.87%)  [34mtps: 162  [36mtflops: 0.56  [35mmfu: 0.07%[39m
[titan] 2026-09-12 08:22:18,848 - root - INFO - [31mstep: 70  [32mloss:  1.15610  [38;2;180;60;0mgrad_norm:  2.2969  [38;2;54;234;195mmemory:  3.86GiB(4.87%)  [34mtps: 162  [36mtflops: 0.57  [35mmfu: 0.07%[39m
[titan] 2026-09-12 08:22:18,848 - root - INFO - [31mstep: 70  [32mloss:  1.15610  [38;2;180;60;0mgrad_norm:  2.2969  [38;2;54;234;195mmemory:  3.86GiB(4.88%)  [34mtps: 162  [36mtflops: 0.57  [35mmfu: 0.07%[39m
[titan] 2026-09-12 08:22:19,622 - root - INFO - [31mstep: 71  [32mloss:  1.98146  [38;2;180;60;0mgrad_norm:  2.3906  [38;2;54;234;195mmemory:  3.86GiB(4.87%)  [34mtps: 163  [36mtflops: 0.57  [35mmfu: 0.08%[39m
[titan] 2026-09-12 08:22:19,623 - root - INFO - [31mstep: 71  [32mloss:  1.98146  [38;2;180;60;0mgrad_norm:  2.3906  [38;2;54;234;195mmemory:  3.86GiB(4.88%)  [34mtps: 163  [36mtflops: 0.57  [35mmfu: 0.08%[39m
[titan] 2026-09-12 08:22:19,630 - root - INFO - [31mstep: 71  [32mloss:  1.98146  [38;2;180;60;0mgrad_norm:  2.3906  [38;2;54;234;195mmemory:  3.86GiB(4.87%)  [34mtps: 164  [36mtflops: 0.57  [35mmfu: 0.08%[39m
[titan] 2026-09-12 08:22:19,630 - root - INFO - [31mstep: 71  [32mloss:  1.98146  [38;2;180;60;0mgrad_norm:  2.3906  [38;2;54;234;195mmemory:  3.86GiB(4.88%)  [34mtps: 164  [36mtflops: 0.57  [35mmfu: 0.08%[39m
[titan] 2026-09-12 08:22:20,399 - root - INFO - [31mstep: 72  [32mloss:  1.96582  [38;2;180;60;0mgrad_norm:  2.8438  [38;2;54;234;195mmemory:  3.86GiB(4.88%)  [34mtps: 165  [36mtflops: 0.58  [35mmfu: 0.08%[39m
[titan] 2026-09-12 08:22:20,399 - root - INFO - [31mstep: 72  [32mloss:  1.96582  [38;2;180;60;0mgrad_norm:  2.8438  [38;2;54;234;195mmemory:  3.86GiB(4.87%)  [34mtps: 165  [36mtflops: 0.57  [35mmfu: 0.08%[39m
[titan] 2026-09-12 08:22:20,412 - root - INFO - [31mstep: 72  [32mloss:  1.96582  [38;2;180;60;0mgrad_norm:  2.8438  [38;2;54;234;195mmemory:  3.86GiB(4.87%)  [34mtps: 164  [36mtflops: 0.57  [35mmfu: 0.08%[39m
[titan] 2026-09-12 08:22:20,412 - root - INFO - [31mstep: 72  [32mloss:  1.96582  [38;2;180;60;0mgrad_norm:  2.8438  [38;2;54;234;195mmemory:  3.86GiB(4.88%)  [34mtps: 164  [36mtflops: 0.57  [35mmfu: 0.08%[39m
[titan] 2026-09-12 08:22:21,190 - root - INFO - [31mstep: 73  [32mloss:  2.00906  [38;2;180;60;0mgrad_norm:  5.5312  [38;2;54;234;195mmemory:  3.86GiB(4.87%)  [34mtps: 162  [36mtflops: 0.56  [35mmfu: 0.07%[39m
[titan] 2026-09-12 08:22:21,190 - root - INFO - [31mstep: 73  [32mloss:  2.00906  [38;2;180;60;0mgrad_norm:  5.5312  [38;2;54;234;195mmemory:  3.86GiB(4.88%)  [34mtps: 162  [36mtflops: 0.56  [35mmfu: 0.07%[39m
[titan] 2026-09-12 08:22:21,192 - root - INFO - [31mstep: 73  [32mloss:  2.00906  [38;2;180;60;0mgrad_norm:  5.5312  [38;2;54;234;195mmemory:  3.86GiB(4.87%)  [34mtps: 164  [36mtflops: 0.57  [35mmfu: 0.08%[39m
[titan] 2026-09-12 08:22:21,192 - root - INFO - [31mstep: 73  [32mloss:  2.00906  [38;2;180;60;0mgrad_norm:  5.5312  [38;2;54;234;195mmemory:  3.86GiB(4.88%)  [34mtps: 164  [36mtflops: 0.57  [35mmfu: 0.08%[39m
[titan] 2026-09-12 08:22:21,969 - root - INFO - [31mstep: 74  [32mloss:  1.65032  [38;2;180;60;0mgrad_norm:  2.4219  [38;2;54;234;195mmemory:  3.86GiB(4.88%)  [34mtps: 164  [36mtflops: 0.57  [35mmfu: 0.08%[39m
[titan] 2026-09-12 08:22:21,969 - root - INFO - [31mstep: 74  [32mloss:  1.65032  [38;2;180;60;0mgrad_norm:  2.4219  [38;2;54;234;195mmemory:  3.86GiB(4.87%)  [34mtps: 164  [36mtflops: 0.57  [35mmfu: 0.08%[39m
[titan] 2026-09-12 08:22:21,982 - root - INFO - [31mstep: 74  [32mloss:  1.65032  [38;2;180;60;0mgrad_norm:  2.4219  [38;2;54;234;195mmemory:  3.86GiB(4.87%)  [34mtps: 162  [36mtflops: 0.57  [35mmfu: 0.07%[39m
[titan] 2026-09-12 08:22:21,983 - root - INFO - [31mstep: 74  [32mloss:  1.65032  [38;2;180;60;0mgrad_norm:  2.4219  [38;2;54;234;195mmemory:  3.86GiB(4.88%)  [34mtps: 162  [36mtflops: 0.57  [35mmfu: 0.07%[39m
[titan] 2026-09-12 08:22:22,756 - root - INFO - [31mstep: 75  [32mloss:  2.09912  [38;2;180;60;0mgrad_norm:  3.5000  [38;2;54;234;195mmemory:  3.86GiB(4.88%)  [34mtps: 163  [36mtflops: 0.57  [35mmfu: 0.08%[39m
[titan] 2026-09-12 08:22:22,756 - root - INFO - [31mstep: 75  [32mloss:  2.09912  [38;2;180;60;0mgrad_norm:  3.5000  [38;2;54;234;195mmemory:  3.86GiB(4.87%)  [34mtps: 163  [36mtflops: 0.57  [35mmfu: 0.08%[39m
[titan] 2026-09-12 08:22:22,765 - root - INFO - [31mstep: 75  [32mloss:  2.09912  [38;2;180;60;0mgrad_norm:  3.5000  [38;2;54;234;195mmemory:  3.86GiB(4.87%)  [34mtps: 164  [36mtflops: 0.57  [35mmfu: 0.08%[39m
[titan] 2026-09-12 08:22:22,765 - root - INFO - [31mstep: 75  [32mloss:  2.09912  [38;2;180;60;0mgrad_norm:  3.5000  [38;2;54;234;195mmemory:  3.86GiB(4.88%)  [34mtps: 164  [36mtflops: 0.57  [35mmfu: 0.08%[39m
[titan] 2026-09-12 08:22:23,535 - root - INFO - [31mstep: 76  [32mloss:  2.23145  [38;2;180;60;0mgrad_norm:  4.8438  [38;2;54;234;195mmemory:  3.86GiB(4.88%)  [34mtps: 164  [36mtflops: 0.57  [35mmfu: 0.08%[39m
[titan] 2026-09-12 08:22:23,535 - root - INFO - [31mstep: 76  [32mloss:  2.23145  [38;2;180;60;0mgrad_norm:  4.8438  [38;2;54;234;195mmemory:  3.86GiB(4.87%)  [34mtps: 164  [36mtflops: 0.57  [35mmfu: 0.08%[39m
[titan] 2026-09-12 08:22:23,546 - root - INFO - [31mstep: 76  [32mloss:  2.23145  [38;2;180;60;0mgrad_norm:  4.8438  [38;2;54;234;195mmemory:  3.86GiB(4.87%)  [34mtps: 164  [36mtflops: 0.57  [35mmfu: 0.08%[39m
[titan] 2026-09-12 08:22:23,546 - root - INFO - [31mstep: 76  [32mloss:  2.23145  [38;2;180;60;0mgrad_norm:  4.8438  [38;2;54;234;195mmemory:  3.86GiB(4.88%)  [34mtps: 164  [36mtflops: 0.57  [35mmfu: 0.08%[39m
[titan] 2026-09-12 08:22:24,315 - root - INFO - [31mstep: 77  [32mloss:  1.27584  [38;2;180;60;0mgrad_norm:  2.4844  [38;2;54;234;195mmemory:  3.86GiB(4.88%)  [34mtps: 164  [36mtflops: 0.57  [35mmfu: 0.08%[39m
[titan] 2026-09-12 08:22:24,316 - root - INFO - [31mstep: 77  [32mloss:  1.27584  [38;2;180;60;0mgrad_norm:  2.4844  [38;2;54;234;195mmemory:  3.86GiB(4.87%)  [34mtps: 164  [36mtflops: 0.57  [35mmfu: 0.08%[39m
[titan] 2026-09-12 08:22:24,327 - root - INFO - [31mstep: 77  [32mloss:  1.27584  [38;2;180;60;0mgrad_norm:  2.4844  [38;2;54;234;195mmemory:  3.86GiB(4.87%)  [34mtps: 164  [36mtflops: 0.57  [35mmfu: 0.08%[39m
[titan] 2026-09-12 08:22:24,327 - root - INFO - [31mstep: 77  [32mloss:  1.27584  [38;2;180;60;0mgrad_norm:  2.4844  [38;2;54;234;195mmemory:  3.86GiB(4.88%)  [34mtps: 164  [36mtflops: 0.57  [35mmfu: 0.08%[39m
[titan] 2026-09-12 08:22:25,096 - root - INFO - [31mstep: 78  [32mloss:  3.01792  [38;2;180;60;0mgrad_norm:  7.4688  [38;2;54;234;195mmemory:  3.86GiB(4.88%)  [34mtps: 164  [36mtflops: 0.57  [35mmfu: 0.08%[39m
[titan] 2026-09-12 08:22:25,096 - root - INFO - [31mstep: 78  [32mloss:  3.01792  [38;2;180;60;0mgrad_norm:  7.4688  [38;2;54;234;195mmemory:  3.86GiB(4.87%)  [34mtps: 164  [36mtflops: 0.57  [35mmfu: 0.08%[39m
[titan] 2026-09-12 08:22:25,109 - root - INFO - [31mstep: 78  [32mloss:  3.01792  [38;2;180;60;0mgrad_norm:  7.4688  [38;2;54;234;195mmemory:  3.86GiB(4.87%)  [34mtps: 164  [36mtflops: 0.57  [35mmfu: 0.08%[39m
[titan] 2026-09-12 08:22:25,109 - root - INFO - [31mstep: 78  [32mloss:  3.01792  [38;2;180;60;0mgrad_norm:  7.4688  [38;2;54;234;195mmemory:  3.86GiB(4.88%)  [34mtps: 164  [36mtflops: 0.57  [35mmfu: 0.08%[39m
[titan] 2026-09-12 08:22:25,893 - root - INFO - [31mstep: 79  [32mloss:  2.87674  [38;2;180;60;0mgrad_norm:  4.2500  [38;2;54;234;195mmemory:  3.86GiB(4.87%)  [34mtps: 163  [36mtflops: 0.57  [35mmfu: 0.08%[39m
[titan] 2026-09-12 08:22:25,893 - root - INFO - [31mstep: 79  [32mloss:  2.87674  [38;2;180;60;0mgrad_norm:  4.2500  [38;2;54;234;195mmemory:  3.86GiB(4.88%)  [34mtps: 163  [36mtflops: 0.57  [35mmfu: 0.08%[39m
[titan] 2026-09-12 08:22:25,906 - root - INFO - [31mstep: 79  [32mloss:  2.87674  [38;2;180;60;0mgrad_norm:  4.2500  [38;2;54;234;195mmemory:  3.86GiB(4.88%)  [34mtps: 158  [36mtflops: 0.55  [35mmfu: 0.07%[39m
[titan] 2026-09-12 08:22:25,906 - root - INFO - [31mstep: 79  [32mloss:  2.87674  [38;2;180;60;0mgrad_norm:  4.2500  [38;2;54;234;195mmemory:  3.86GiB(4.87%)  [34mtps: 158  [36mtflops: 0.55  [35mmfu: 0.07%[39m
[titan] 2026-09-12 08:22:26,678 - root - INFO - [31mstep: 80  [32mloss:  2.55039  [38;2;180;60;0mgrad_norm:  2.8281  [38;2;54;234;195mmemory:  3.86GiB(4.88%)  [34mtps: 166  [36mtflops: 0.58  [35mmfu: 0.08%[39m
[titan] 2026-09-12 08:22:26,678 - root - INFO - [31mstep: 80  [32mloss:  2.55039  [38;2;180;60;0mgrad_norm:  2.8281  [38;2;54;234;195mmemory:  3.86GiB(4.87%)  [34mtps: 166  [36mtflops: 0.58  [35mmfu: 0.08%[39m
[titan] 2026-09-12 08:22:26,686 - root - INFO - [31mstep: 80  [32mloss:  2.55039  [38;2;180;60;0mgrad_norm:  2.8281  [38;2;54;234;195mmemory:  3.86GiB(4.87%)  [34mtps: 161  [36mtflops: 0.56  [35mmfu: 0.07%[39m
[titan] 2026-09-12 08:22:26,686 - root - INFO - [31mstep: 80  [32mloss:  2.55039  [38;2;180;60;0mgrad_norm:  2.8281  [38;2;54;234;195mmemory:  3.86GiB(4.88%)  [34mtps: 161  [36mtflops: 0.56  [35mmfu: 0.07%[39m
[titan] 2026-09-12 08:22:27,457 - root - INFO - [31mstep: 81  [32mloss:  0.72529  [38;2;180;60;0mgrad_norm:  2.1250  [38;2;54;234;195mmemory:  3.86GiB(4.88%)  [34mtps: 164  [36mtflops: 0.57  [35mmfu: 0.08%[39m
[titan] 2026-09-12 08:22:27,457 - root - INFO - [31mstep: 81  [32mloss:  0.72529  [38;2;180;60;0mgrad_norm:  2.1250  [38;2;54;234;195mmemory:  3.86GiB(4.87%)  [34mtps: 164  [36mtflops: 0.57  [35mmfu: 0.08%[39m
[titan] 2026-09-12 08:22:27,467 - root - INFO - [31mstep: 81  [32mloss:  0.72529  [38;2;180;60;0mgrad_norm:  2.1250  [38;2;54;234;195mmemory:  3.86GiB(4.87%)  [34mtps: 164  [36mtflops: 0.57  [35mmfu: 0.08%[39m
[titan] 2026-09-12 08:22:27,467 - root - INFO - [31mstep: 81  [32mloss:  0.72529  [38;2;180;60;0mgrad_norm:  2.1250  [38;2;54;234;195mmemory:  3.86GiB(4.88%)  [34mtps: 164  [36mtflops: 0.57  [35mmfu: 0.08%[39m
[titan] 2026-09-12 08:22:28,237 - root - INFO - [31mstep: 82  [32mloss:  2.32315  [38;2;180;60;0mgrad_norm:  2.5000  [38;2;54;234;195mmemory:  3.86GiB(4.88%)  [34mtps: 164  [36mtflops: 0.57  [35mmfu: 0.08%[39m
[titan] 2026-09-12 08:22:28,237 - root - INFO - [31mstep: 82  [32mloss:  2.32315  [38;2;180;60;0mgrad_norm:  2.5000  [38;2;54;234;195mmemory:  3.86GiB(4.87%)  [34mtps: 164  [36mtflops: 0.57  [35mmfu: 0.08%[39m
[titan] 2026-09-12 08:22:28,247 - root - INFO - [31mstep: 82  [32mloss:  2.32315  [38;2;180;60;0mgrad_norm:  2.5000  [38;2;54;234;195mmemory:  3.86GiB(4.87%)  [34mtps: 164  [36mtflops: 0.57  [35mmfu: 0.08%[39m
[titan] 2026-09-12 08:22:28,247 - root - INFO - [31mstep: 82  [32mloss:  2.32315  [38;2;180;60;0mgrad_norm:  2.5000  [38;2;54;234;195mmemory:  3.86GiB(4.88%)  [34mtps: 164  [36mtflops: 0.57  [35mmfu: 0.08%[39m
[titan] 2026-09-12 08:22:29,018 - root - INFO - [31mstep: 83  [32mloss:  1.49619  [38;2;180;60;0mgrad_norm:  2.7500  [38;2;54;234;195mmemory:  3.86GiB(4.88%)  [34mtps: 164  [36mtflops: 0.57  [35mmfu: 0.08%[39m
[titan] 2026-09-12 08:22:29,018 - root - INFO - [31mstep: 83  [32mloss:  1.49619  [38;2;180;60;0mgrad_norm:  2.7500  [38;2;54;234;195mmemory:  3.86GiB(4.87%)  [34mtps: 164  [36mtflops: 0.57  [35mmfu: 0.08%[39m
[titan] 2026-09-12 08:22:29,027 - root - INFO - [31mstep: 83  [32mloss:  1.49619  [38;2;180;60;0mgrad_norm:  2.7500  [38;2;54;234;195mmemory:  3.86GiB(4.87%)  [34mtps: 164  [36mtflops: 0.57  [35mmfu: 0.08%[39m
[titan] 2026-09-12 08:22:29,027 - root - INFO - [31mstep: 83  [32mloss:  1.49619  [38;2;180;60;0mgrad_norm:  2.7500  [38;2;54;234;195mmemory:  3.86GiB(4.88%)  [34mtps: 164  [36mtflops: 0.57  [35mmfu: 0.08%[39m
[titan] 2026-09-12 08:22:29,798 - root - INFO - [31mstep: 84  [32mloss:  2.03978  [38;2;180;60;0mgrad_norm:  4.5312  [38;2;54;234;195mmemory:  3.86GiB(4.88%)  [34mtps: 164  [36mtflops: 0.57  [35mmfu: 0.08%[39m
[titan] 2026-09-12 08:22:29,798 - root - INFO - [31mstep: 84  [32mloss:  2.03978  [38;2;180;60;0mgrad_norm:  4.5312  [38;2;54;234;195mmemory:  3.86GiB(4.87%)  [34mtps: 164  [36mtflops: 0.57  [35mmfu: 0.08%[39m
[titan] 2026-09-12 08:22:29,808 - root - INFO - [31mstep: 84  [32mloss:  2.03978  [38;2;180;60;0mgrad_norm:  4.5312  [38;2;54;234;195mmemory:  3.86GiB(4.87%)  [34mtps: 164  [36mtflops: 0.57  [35mmfu: 0.08%[39m
[titan] 2026-09-12 08:22:29,808 - root - INFO - [31mstep: 84  [32mloss:  2.03978  [38;2;180;60;0mgrad_norm:  4.5312  [38;2;54;234;195mmemory:  3.86GiB(4.88%)  [34mtps: 164  [36mtflops: 0.57  [35mmfu: 0.08%[39m
[titan] 2026-09-12 08:22:30,579 - root - INFO - [31mstep: 85  [32mloss:  1.62179  [38;2;180;60;0mgrad_norm:  5.5938  [38;2;54;234;195mmemory:  3.86GiB(4.88%)  [34mtps: 164  [36mtflops: 0.57  [35mmfu: 0.08%[39m
[titan] 2026-09-12 08:22:30,579 - root - INFO - [31mstep: 85  [32mloss:  1.62179  [38;2;180;60;0mgrad_norm:  5.5938  [38;2;54;234;195mmemory:  3.86GiB(4.87%)  [34mtps: 164  [36mtflops: 0.57  [35mmfu: 0.08%[39m
[titan] 2026-09-12 08:22:30,590 - root - INFO - [31mstep: 85  [32mloss:  1.62179  [38;2;180;60;0mgrad_norm:  5.5938  [38;2;54;234;195mmemory:  3.86GiB(4.87%)  [34mtps: 164  [36mtflops: 0.57  [35mmfu: 0.08%[39m
[titan] 2026-09-12 08:22:30,590 - root - INFO - [31mstep: 85  [32mloss:  1.62179  [38;2;180;60;0mgrad_norm:  5.5938  [38;2;54;234;195mmemory:  3.86GiB(4.88%)  [34mtps: 164  [36mtflops: 0.57  [35mmfu: 0.08%[39m
[titan] 2026-09-12 08:22:31,371 - root - INFO - [31mstep: 86  [32mloss:  0.98516  [38;2;180;60;0mgrad_norm:  3.2344  [38;2;54;234;195mmemory:  3.86GiB(4.87%)  [34mtps: 162  [36mtflops: 0.56  [35mmfu: 0.07%[39m
[titan] 2026-09-12 08:22:31,371 - root - INFO - [31mstep: 86  [32mloss:  0.98516  [38;2;180;60;0mgrad_norm:  3.2344  [38;2;54;234;195mmemory:  3.86GiB(4.88%)  [34mtps: 162  [36mtflops: 0.56  [35mmfu: 0.07%[39m
[titan] 2026-09-12 08:22:31,385 - root - INFO - [31mstep: 86  [32mloss:  0.98516  [38;2;180;60;0mgrad_norm:  3.2344  [38;2;54;234;195mmemory:  3.86GiB(4.87%)  [34mtps: 161  [36mtflops: 0.56  [35mmfu: 0.07%[39m
[titan] 2026-09-12 08:22:31,385 - root - INFO - [31mstep: 86  [32mloss:  0.98516  [38;2;180;60;0mgrad_norm:  3.2344  [38;2;54;234;195mmemory:  3.86GiB(4.88%)  [34mtps: 161  [36mtflops: 0.56  [35mmfu: 0.07%[39m
[titan] 2026-09-12 08:22:32,163 - root - INFO - [31mstep: 87  [32mloss:  1.78398  [38;2;180;60;0mgrad_norm:  2.3594  [38;2;54;234;195mmemory:  3.86GiB(4.87%)  [34mtps: 162  [36mtflops: 0.56  [35mmfu: 0.07%[39m
[titan] 2026-09-12 08:22:32,163 - root - INFO - [31mstep: 87  [32mloss:  1.78398  [38;2;180;60;0mgrad_norm:  2.3594  [38;2;54;234;195mmemory:  3.86GiB(4.88%)  [34mtps: 162  [36mtflops: 0.56  [35mmfu: 0.07%[39m
[titan] 2026-09-12 08:22:32,176 - root - INFO - [31mstep: 87  [32mloss:  1.78398  [38;2;180;60;0mgrad_norm:  2.3594  [38;2;54;234;195mmemory:  3.86GiB(4.87%)  [34mtps: 162  [36mtflops: 0.56  [35mmfu: 0.07%[39m
[titan] 2026-09-12 08:22:32,176 - root - INFO - [31mstep: 87  [32mloss:  1.78398  [38;2;180;60;0mgrad_norm:  2.3594  [38;2;54;234;195mmemory:  3.86GiB(4.88%)  [34mtps: 162  [36mtflops: 0.56  [35mmfu: 0.07%[39m
[titan] 2026-09-12 08:22:32,951 - root - INFO - [31mstep: 88  [32mloss:  0.84567  [38;2;180;60;0mgrad_norm:  1.9922  [38;2;54;234;195mmemory:  3.86GiB(4.87%)  [34mtps: 162  [36mtflops: 0.57  [35mmfu: 0.07%[39m
[titan] 2026-09-12 08:22:32,951 - root - INFO - [31mstep: 88  [32mloss:  0.84567  [38;2;180;60;0mgrad_norm:  1.9922  [38;2;54;234;195mmemory:  3.86GiB(4.88%)  [34mtps: 162  [36mtflops: 0.57  [35mmfu: 0.07%[39m
[titan] 2026-09-12 08:22:32,964 - root - INFO - [31mstep: 88  [32mloss:  0.84567  [38;2;180;60;0mgrad_norm:  1.9922  [38;2;54;234;195mmemory:  3.86GiB(4.87%)  [34mtps: 162  [36mtflops: 0.57  [35mmfu: 0.07%[39m
[titan] 2026-09-12 08:22:32,965 - root - INFO - [31mstep: 88  [32mloss:  0.84567  [38;2;180;60;0mgrad_norm:  1.9922  [38;2;54;234;195mmemory:  3.86GiB(4.88%)  [34mtps: 162  [36mtflops: 0.57  [35mmfu: 0.07%[39m
[titan] 2026-09-12 08:22:33,736 - root - INFO - [31mstep: 89  [32mloss:  1.27526  [38;2;180;60;0mgrad_norm:  4.0000  [38;2;54;234;195mmemory:  3.86GiB(4.87%)  [34mtps: 163  [36mtflops: 0.57  [35mmfu: 0.08%[39m
[titan] 2026-09-12 08:22:33,736 - root - INFO - [31mstep: 89  [32mloss:  1.27526  [38;2;180;60;0mgrad_norm:  4.0000  [38;2;54;234;195mmemory:  3.86GiB(4.88%)  [34mtps: 163  [36mtflops: 0.57  [35mmfu: 0.08%[39m
[titan] 2026-09-12 08:22:33,750 - root - INFO - [31mstep: 89  [32mloss:  1.27526  [38;2;180;60;0mgrad_norm:  4.0000  [38;2;54;234;195mmemory:  3.86GiB(4.87%)  [34mtps: 163  [36mtflops: 0.57  [35mmfu: 0.08%[39m
[titan] 2026-09-12 08:22:33,750 - root - INFO - [31mstep: 89  [32mloss:  1.27526  [38;2;180;60;0mgrad_norm:  4.0000  [38;2;54;234;195mmemory:  3.86GiB(4.88%)  [34mtps: 163  [36mtflops: 0.57  [35mmfu: 0.08%[39m
[titan] 2026-09-12 08:22:34,525 - root - INFO - [31mstep: 90  [32mloss:  0.67796  [38;2;180;60;0mgrad_norm:  1.6172  [38;2;54;234;195mmemory:  3.86GiB(4.87%)  [34mtps: 162  [36mtflops: 0.57  [35mmfu: 0.07%[39m
[titan] 2026-09-12 08:22:34,525 - root - INFO - [31mstep: 90  [32mloss:  0.67796  [38;2;180;60;0mgrad_norm:  1.6172  [38;2;54;234;195mmemory:  3.86GiB(4.88%)  [34mtps: 162  [36mtflops: 0.57  [35mmfu: 0.07%[39m
[titan] 2026-09-12 08:22:34,538 - root - INFO - [31mstep: 90  [32mloss:  0.67796  [38;2;180;60;0mgrad_norm:  1.6172  [38;2;54;234;195mmemory:  3.86GiB(4.87%)  [34mtps: 162  [36mtflops: 0.57  [35mmfu: 0.07%[39m
[titan] 2026-09-12 08:22:34,538 - root - INFO - [31mstep: 90  [32mloss:  0.67796  [38;2;180;60;0mgrad_norm:  1.6172  [38;2;54;234;195mmemory:  3.86GiB(4.88%)  [34mtps: 162  [36mtflops: 0.57  [35mmfu: 0.07%[39m
[titan] 2026-09-12 08:22:35,314 - root - INFO - [31mstep: 91  [32mloss:  1.37524  [38;2;180;60;0mgrad_norm:  3.2031  [38;2;54;234;195mmemory:  3.86GiB(4.87%)  [34mtps: 162  [36mtflops: 0.57  [35mmfu: 0.07%[39m
[titan] 2026-09-12 08:22:35,314 - root - INFO - [31mstep: 91  [32mloss:  1.37524  [38;2;180;60;0mgrad_norm:  3.2031  [38;2;54;234;195mmemory:  3.86GiB(4.88%)  [34mtps: 162  [36mtflops: 0.57  [35mmfu: 0.07%[39m
[titan] 2026-09-12 08:22:35,327 - root - INFO - [31mstep: 91  [32mloss:  1.37524  [38;2;180;60;0mgrad_norm:  3.2031  [38;2;54;234;195mmemory:  3.86GiB(4.87%)  [34mtps: 162  [36mtflops: 0.57  [35mmfu: 0.07%[39m
[titan] 2026-09-12 08:22:35,327 - root - INFO - [31mstep: 91  [32mloss:  1.37524  [38;2;180;60;0mgrad_norm:  3.2031  [38;2;54;234;195mmemory:  3.86GiB(4.88%)  [34mtps: 162  [36mtflops: 0.57  [35mmfu: 0.07%[39m
[titan] 2026-09-12 08:22:36,100 - root - INFO - [31mstep: 92  [32mloss:  0.53508  [38;2;180;60;0mgrad_norm:  1.3750  [38;2;54;234;195mmemory:  3.86GiB(4.88%)  [34mtps: 163  [36mtflops: 0.57  [35mmfu: 0.08%[39m
[titan] 2026-09-12 08:22:36,100 - root - INFO - [31mstep: 92  [32mloss:  0.53508  [38;2;180;60;0mgrad_norm:  1.3750  [38;2;54;234;195mmemory:  3.86GiB(4.87%)  [34mtps: 163  [36mtflops: 0.57  [35mmfu: 0.08%[39m
[titan] 2026-09-12 08:22:36,112 - root - INFO - [31mstep: 92  [32mloss:  0.53508  [38;2;180;60;0mgrad_norm:  1.3750  [38;2;54;234;195mmemory:  3.86GiB(4.87%)  [34mtps: 163  [36mtflops: 0.57  [35mmfu: 0.08%[39m
[titan] 2026-09-12 08:22:36,112 - root - INFO - [31mstep: 92  [32mloss:  0.53508  [38;2;180;60;0mgrad_norm:  1.3750  [38;2;54;234;195mmemory:  3.86GiB(4.88%)  [34mtps: 163  [36mtflops: 0.57  [35mmfu: 0.08%[39m
[titan] 2026-09-12 08:22:36,883 - root - INFO - [31mstep: 93  [32mloss:  1.93249  [38;2;180;60;0mgrad_norm:  3.9375  [38;2;54;234;195mmemory:  3.86GiB(4.87%)  [34mtps: 163  [36mtflops: 0.57  [35mmfu: 0.08%[39m
[titan] 2026-09-12 08:22:36,883 - root - INFO - [31mstep: 93  [32mloss:  1.93249  [38;2;180;60;0mgrad_norm:  3.9375  [38;2;54;234;195mmemory:  3.86GiB(4.88%)  [34mtps: 163  [36mtflops: 0.57  [35mmfu: 0.08%[39m
[titan] 2026-09-12 08:22:36,897 - root - INFO - [31mstep: 93  [32mloss:  1.93249  [38;2;180;60;0mgrad_norm:  3.9375  [38;2;54;234;195mmemory:  3.86GiB(4.87%)  [34mtps: 163  [36mtflops: 0.57  [35mmfu: 0.08%[39m
[titan] 2026-09-12 08:22:36,897 - root - INFO - [31mstep: 93  [32mloss:  1.93249  [38;2;180;60;0mgrad_norm:  3.9375  [38;2;54;234;195mmemory:  3.86GiB(4.88%)  [34mtps: 163  [36mtflops: 0.57  [35mmfu: 0.08%[39m
[titan] 2026-09-12 08:22:37,667 - root - INFO - [31mstep: 94  [32mloss:  1.16315  [38;2;180;60;0mgrad_norm:  3.0469  [38;2;54;234;195mmemory:  3.86GiB(4.88%)  [34mtps: 163  [36mtflops: 0.57  [35mmfu: 0.08%[39m
[titan] 2026-09-12 08:22:37,667 - root - INFO - [31mstep: 94  [32mloss:  1.16315  [38;2;180;60;0mgrad_norm:  3.0469  [38;2;54;234;195mmemory:  3.86GiB(4.87%)  [34mtps: 163  [36mtflops: 0.57  [35mmfu: 0.08%[39m
[titan] 2026-09-12 08:22:37,680 - root - INFO - [31mstep: 94  [32mloss:  1.16315  [38;2;180;60;0mgrad_norm:  3.0469  [38;2;54;234;195mmemory:  3.86GiB(4.87%)  [34mtps: 164  [36mtflops: 0.57  [35mmfu: 0.08%[39m
[titan] 2026-09-12 08:22:37,680 - root - INFO - [31mstep: 94  [32mloss:  1.16315  [38;2;180;60;0mgrad_norm:  3.0469  [38;2;54;234;195mmemory:  3.86GiB(4.88%)  [34mtps: 164  [36mtflops: 0.57  [35mmfu: 0.08%[39m
[titan] 2026-09-12 08:22:38,455 - root - INFO - [31mstep: 95  [32mloss:  0.89105  [38;2;180;60;0mgrad_norm:  5.4062  [38;2;54;234;195mmemory:  3.86GiB(4.87%)  [34mtps: 163  [36mtflops: 0.57  [35mmfu: 0.08%[39m
[titan] 2026-09-12 08:22:38,455 - root - INFO - [31mstep: 95  [32mloss:  0.89105  [38;2;180;60;0mgrad_norm:  5.4062  [38;2;54;234;195mmemory:  3.86GiB(4.88%)  [34mtps: 163  [36mtflops: 0.57  [35mmfu: 0.08%[39m
[titan] 2026-09-12 08:22:38,468 - root - INFO - [31mstep: 95  [32mloss:  0.89105  [38;2;180;60;0mgrad_norm:  5.4062  [38;2;54;234;195mmemory:  3.86GiB(4.87%)  [34mtps: 162  [36mtflops: 0.57  [35mmfu: 0.07%[39m
[titan] 2026-09-12 08:22:38,468 - root - INFO - [31mstep: 95  [32mloss:  0.89105  [38;2;180;60;0mgrad_norm:  5.4062  [38;2;54;234;195mmemory:  3.86GiB(4.88%)  [34mtps: 162  [36mtflops: 0.57  [35mmfu: 0.07%[39m
[titan] 2026-09-12 08:22:39,244 - root - INFO - [31mstep: 96  [32mloss:  1.56671  [38;2;180;60;0mgrad_norm:  3.4531  [38;2;54;234;195mmemory:  3.86GiB(4.88%)  [34mtps: 162  [36mtflops: 0.57  [35mmfu: 0.07%[39m
[titan] 2026-09-12 08:22:39,244 - root - INFO - [31mstep: 96  [32mloss:  1.56671  [38;2;180;60;0mgrad_norm:  3.4531  [38;2;54;234;195mmemory:  3.86GiB(4.87%)  [34mtps: 162  [36mtflops: 0.57  [35mmfu: 0.07%[39m
[titan] 2026-09-12 08:22:39,246 - root - INFO - [31mstep: 96  [32mloss:  1.56671  [38;2;180;60;0mgrad_norm:  3.4531  [38;2;54;234;195mmemory:  3.86GiB(4.87%)  [34mtps: 165  [36mtflops: 0.57  [35mmfu: 0.08%[39m
[titan] 2026-09-12 08:22:39,246 - root - INFO - [31mstep: 96  [32mloss:  1.56671  [38;2;180;60;0mgrad_norm:  3.4531  [38;2;54;234;195mmemory:  3.86GiB(4.88%)  [34mtps: 165  [36mtflops: 0.57  [35mmfu: 0.08%[39m
[titan] 2026-09-12 08:22:40,014 - root - INFO - [31mstep: 97  [32mloss:  2.46284  [38;2;180;60;0mgrad_norm:  4.0938  [38;2;54;234;195mmemory:  3.86GiB(4.88%)  [34mtps: 166  [36mtflops: 0.58  [35mmfu: 0.08%[39m
[titan] 2026-09-12 08:22:40,014 - root - INFO - [31mstep: 97  [32mloss:  2.46284  [38;2;180;60;0mgrad_norm:  4.0938  [38;2;54;234;195mmemory:  3.86GiB(4.87%)  [34mtps: 166  [36mtflops: 0.58  [35mmfu: 0.08%[39m
[titan] 2026-09-12 08:22:40,022 - root - INFO - [31mstep: 97  [32mloss:  2.46284  [38;2;180;60;0mgrad_norm:  4.0938  [38;2;54;234;195mmemory:  3.86GiB(4.87%)  [34mtps: 165  [36mtflops: 0.58  [35mmfu: 0.08%[39m
[titan] 2026-09-12 08:22:40,022 - root - INFO - [31mstep: 97  [32mloss:  2.46284  [38;2;180;60;0mgrad_norm:  4.0938  [38;2;54;234;195mmemory:  3.86GiB(4.88%)  [34mtps: 165  [36mtflops: 0.58  [35mmfu: 0.08%[39m
[titan] 2026-09-12 08:22:40,790 - root - INFO - [31mstep: 98  [32mloss:  1.82391  [38;2;180;60;0mgrad_norm:  4.1562  [38;2;54;234;195mmemory:  3.86GiB(4.88%)  [34mtps: 165  [36mtflops: 0.58  [35mmfu: 0.08%[39m
[titan] 2026-09-12 08:22:40,790 - root - INFO - [31mstep: 98  [32mloss:  1.82391  [38;2;180;60;0mgrad_norm:  4.1562  [38;2;54;234;195mmemory:  3.86GiB(4.87%)  [34mtps: 165  [36mtflops: 0.58  [35mmfu: 0.08%[39m
[titan] 2026-09-12 08:22:40,798 - root - INFO - [31mstep: 98  [32mloss:  1.82391  [38;2;180;60;0mgrad_norm:  4.1562  [38;2;54;234;195mmemory:  3.86GiB(4.87%)  [34mtps: 165  [36mtflops: 0.58  [35mmfu: 0.08%[39m
[titan] 2026-09-12 08:22:40,798 - root - INFO - [31mstep: 98  [32mloss:  1.82391  [38;2;180;60;0mgrad_norm:  4.1562  [38;2;54;234;195mmemory:  3.86GiB(4.88%)  [34mtps: 165  [36mtflops: 0.58  [35mmfu: 0.08%[39m
[titan] 2026-09-12 08:22:41,569 - root - INFO - [31mstep: 99  [32mloss:  0.98924  [38;2;180;60;0mgrad_norm:  2.3594  [38;2;54;234;195mmemory:  3.86GiB(4.87%)  [34mtps: 164  [36mtflops: 0.57  [35mmfu: 0.08%[39m
[titan] 2026-09-12 08:22:41,569 - root - INFO - [31mstep: 99  [32mloss:  0.98924  [38;2;180;60;0mgrad_norm:  2.3594  [38;2;54;234;195mmemory:  3.86GiB(4.88%)  [34mtps: 164  [36mtflops: 0.57  [35mmfu: 0.08%[39m
[titan] 2026-09-12 08:22:41,575 - root - INFO - [31mstep: 99  [32mloss:  0.98924  [38;2;180;60;0mgrad_norm:  2.3594  [38;2;54;234;195mmemory:  3.86GiB(4.87%)  [34mtps: 165  [36mtflops: 0.57  [35mmfu: 0.08%[39m
[titan] 2026-09-12 08:22:41,575 - root - INFO - [31mstep: 99  [32mloss:  0.98924  [38;2;180;60;0mgrad_norm:  2.3594  [38;2;54;234;195mmemory:  3.86GiB(4.88%)  [34mtps: 165  [36mtflops: 0.57  [35mmfu: 0.08%[39m
[titan] 2026-09-12 08:22:41,687 - root - INFO - [GC] Performing periodic GC collection took 0.11 seconds
[titan] 2026-09-12 08:22:41,691 - root - INFO - [GC] Performing periodic GC collection took 0.11 seconds
[titan] 2026-09-12 08:22:41,692 - root - INFO - [GC] Performing periodic GC collection took 0.11 seconds
[titan] 2026-09-12 08:22:41,696 - root - INFO - [GC] Performing periodic GC collection took 0.12 seconds
[titan] 2026-09-12 08:22:42,468 - root - INFO - [31mstep: 100  [32mloss:  0.99653  [38;2;180;60;0mgrad_norm:  2.8125  [38;2;54;234;195mmemory:  3.86GiB(4.88%)  [34mtps: 142  [36mtflops: 0.50  [35mmfu: 0.07%[39m
[titan] 2026-09-12 08:22:42,469 - root - INFO - [31mstep: 100  [32mloss:  0.99653  [38;2;180;60;0mgrad_norm:  2.8125  [38;2;54;234;195mmemory:  3.86GiB(4.87%)  [34mtps: 142  [36mtflops: 0.50  [35mmfu: 0.07%[39m
[titan] 2026-09-12 08:22:42,471 - root - INFO - Saving the checkpoint.
[titan] 2026-09-12 08:22:42,472 - root - INFO - Saving a full checkpoint at last step, step 100.
[titan] 2026-09-12 08:22:42,472 - root - INFO - Saving the checkpoint.
[titan] 2026-09-12 08:22:42,472 - root - INFO - Saving a full checkpoint at last step, step 100.
[titan] 2026-09-12 08:22:42,472 - root - INFO - [31mstep: 100  [32mloss:  0.99653  [38;2;180;60;0mgrad_norm:  2.8125  [38;2;54;234;195mmemory:  3.86GiB(4.87%)  [34mtps: 143  [36mtflops: 0.50  [35mmfu: 0.07%[39m
[titan] 2026-09-12 08:22:42,472 - root - INFO - [31mstep: 100  [32mloss:  0.99653  [38;2;180;60;0mgrad_norm:  2.8125  [38;2;54;234;195mmemory:  3.86GiB(4.88%)  [34mtps: 143  [36mtflops: 0.50  [35mmfu: 0.07%[39m
[titan] 2026-09-12 08:22:42,475 - root - INFO - Saving the checkpoint.
[titan] 2026-09-12 08:22:42,475 - root - INFO - Saving a full checkpoint at last step, step 100.
[titan] 2026-09-12 08:22:42,475 - root - INFO - Saving the checkpoint.
[titan] 2026-09-12 08:22:42,476 - root - INFO - Saving a full checkpoint at last step, step 100.
[titan] 2026-09-12 08:22:47,929 - root - INFO - [GC] GC collection invoked by checkpointer. took 0.03 seconds
[titan] 2026-09-12 08:22:47,938 - root - INFO - Last step checkpoint completed in 5.46s
[titan] 2026-09-12 08:22:47,938 - root - INFO - Sleeping 2 seconds for other ranks to complete
[titan] 2026-09-12 08:22:47,967 - root - INFO - [GC] GC collection invoked by checkpointer. took 0.03 seconds
[titan] 2026-09-12 08:22:47,973 - root - INFO - Last step checkpoint completed in 5.50s
[titan] 2026-09-12 08:22:47,973 - root - INFO - Training completed
[titan] 2026-09-12 08:22:47,974 - root - INFO - Destroying the purge thread.
[titan] 2026-09-12 08:22:48,022 - root - INFO - [GC] GC collection invoked by checkpointer. took 0.09 seconds
[titan] 2026-09-12 08:22:48,029 - root - INFO - Last step checkpoint completed in 5.56s
[titan] 2026-09-12 08:22:48,029 - root - INFO - Training completed
[titan] 2026-09-12 08:22:48,030 - root - INFO - Destroying the purge thread.
[titan] 2026-09-12 08:22:48,031 - root - INFO - [GC] GC collection invoked by checkpointer. took 0.09 seconds
[titan] 2026-09-12 08:22:48,038 - root - INFO - Last step checkpoint completed in 5.56s
[titan] 2026-09-12 08:22:48,038 - root - INFO - Training completed
[titan] 2026-09-12 08:22:48,039 - root - INFO - Destroying the purge thread.
[titan] 2026-09-12 08:22:49,939 - root - INFO - Training completed
[titan] 2026-09-12 08:22:49,940 - root - INFO - Destroying the purge thread.
[titan] 2026-09-12 08:22:52,787 - root - INFO - Process group destroyed
[titan] 2026-09-12 08:22:52,790 - root - INFO - Process group destroyed
[titan] 2026-09-12 08:22:53,002 - root - INFO - Process group destroyed
[titan] 2026-09-12 08:22:53,004 - root - INFO - Process group destroyed
