W0913 07:29:55.372000 9121 torch/distributed/run.py:982] 
W0913 07:29:55.372000 9121 torch/distributed/run.py:982] *****************************************
W0913 07:29:55.372000 9121 torch/distributed/run.py:982] Setting OMP_NUM_THREADS environment variable for each process to be 1 in default, to avoid your system being overloaded, please further tune the variable for optimal performance in your application as needed. 
W0913 07:29:55.372000 9121 torch/distributed/run.py:982] *****************************************
WARNING:absl:Failed to load jax profiler: No module named 'jax'
WARNING:absl:Failed to load jax profiler: No module named 'jax'
WARNING:absl:Failed to load jax profiler: No module named 'jax'
WARNING:absl:Failed to load jax profiler: No module named 'jax'
[titan] 2026-09-13 07:30:00,241 - root - INFO - torchtitan version: 0.0.0+unknown (0.0.0 means __version__ is not defined correctly).
[titan] 2026-09-13 07:30:00,335 - root - INFO - torchtitan version: 0.0.0+unknown (0.0.0 means __version__ is not defined correctly).
[titan] 2026-09-13 07:30:00,360 - root - INFO - torchtitan version: 0.0.0+unknown (0.0.0 means __version__ is not defined correctly).
[titan] 2026-09-13 07:30:00,401 - root - INFO - torchtitan version: 0.0.0+unknown (0.0.0 means __version__ is not defined correctly).
[titan] 2026-09-13 07:30:00,881 - root - WARNING - initial_load_model_only=True has no effect without an initial_load_path.
[titan] 2026-09-13 07:30:00,953 - root - WARNING - initial_load_model_only=True has no effect without an initial_load_path.
[titan] 2026-09-13 07:30:00,954 - torchtitan.observability.structured_logger.jsonl_handler - INFO - Structured logging -> JSONL: /workspace/out_c4/c4_d2_vp2n/structured_logs/training.global_rank_2.20260913-073000-U01DCS.jsonl
[titan] 2026-09-13 07:30:00,969 - root - WARNING - initial_load_model_only=True has no effect without an initial_load_path.
[titan] 2026-09-13 07:30:00,996 - root - WARNING - initial_load_model_only=True has no effect without an initial_load_path.
[titan] 2026-09-13 07:30:01,041 - root - WARNING - initial_load_model_only=True has no effect without an initial_load_path.
[titan] 2026-09-13 07:30:01,042 - torchtitan.observability.structured_logger.jsonl_handler - INFO - Structured logging -> JSONL: /workspace/out_c4/c4_d2_vp2n/structured_logs/training.global_rank_0.20260913-073001-JXAX3K.jsonl
[titan] 2026-09-13 07:30:01,052 - root - WARNING - initial_load_model_only=True has no effect without an initial_load_path.
[titan] 2026-09-13 07:30:01,068 - root - WARNING - initial_load_model_only=True has no effect without an initial_load_path.
[titan] 2026-09-13 07:30:01,069 - torchtitan.observability.structured_logger.jsonl_handler - INFO - Structured logging -> JSONL: /workspace/out_c4/c4_d2_vp2n/structured_logs/training.global_rank_1.20260913-073001-39RG71.jsonl
[titan] 2026-09-13 07:30:01,124 - root - WARNING - initial_load_model_only=True has no effect without an initial_load_path.
[titan] 2026-09-13 07:30:01,125 - torchtitan.observability.structured_logger.jsonl_handler - INFO - Structured logging -> JSONL: /workspace/out_c4/c4_d2_vp2n/structured_logs/training.global_rank_3.20260913-073001-3GKI5F.jsonl
[titan] 2026-09-13 07:30:01,318 - root - WARNING - ENV[TORCH_NCCL_ASYNC_ERROR_HANDLING] = 1 will be overridden to 3 based on job config
[titan] 2026-09-13 07:30:01,494 - root - WARNING - ENV[TORCH_NCCL_ASYNC_ERROR_HANDLING] = 1 will be overridden to 3 based on job config
[titan] 2026-09-13 07:30:01,518 - root - WARNING - ENV[TORCH_NCCL_ASYNC_ERROR_HANDLING] = 1 will be overridden to 3 based on job config
[titan] 2026-09-13 07:30:01,538 - root - WARNING - ENV[TORCH_NCCL_ASYNC_ERROR_HANDLING] = 1 will be overridden to 3 based on job config
[titan] 2026-09-13 07:30:01,824 - root - INFO - Building device mesh with parallelism: pp=2, dp_replicate=1, dp_shard=2, cp=1, tp=1, ep=1
[titan] 2026-09-13 07:30:01,824 - root - INFO - Building device mesh with parallelism: pp=2, dp_replicate=1, dp_shard=2, cp=1, tp=1, ep=1
[titan] 2026-09-13 07:30:01,832 - root - INFO - Building device mesh with parallelism: pp=2, dp_replicate=1, dp_shard=2, cp=1, tp=1, ep=1
[titan] 2026-09-13 07:30:01,832 - root - INFO - Building device mesh with parallelism: pp=2, dp_replicate=1, dp_shard=2, cp=1, tp=1, ep=1
[titan] 2026-09-13 07:30:02,456 - root - INFO - Successfully created meshes with active dimensions: ['pp', 'batch', 'loss', 'dp', 'dp_shard']
[titan] 2026-09-13 07:30:02,456 - root - INFO - Successfully created meshes with active dimensions: ['pp', 'batch', 'loss', 'dp', 'dp_shard']
[titan] 2026-09-13 07:30:02,456 - root - INFO - Successfully created meshes with active dimensions: ['pp', 'batch', 'loss', 'dp', 'dp_shard']
[titan] 2026-09-13 07:30:02,456 - root - INFO - [GC] Initial GC collection took 0.00 seconds
[titan] 2026-09-13 07:30:02,456 - root - INFO - Successfully created meshes with active dimensions: ['pp', 'batch', 'loss', 'dp', 'dp_shard']
[titan] 2026-09-13 07:30:02,457 - root - INFO - [GC] Initial GC collection took 0.00 seconds
[titan] 2026-09-13 07:30:02,457 - root - INFO - [GC] Initial GC collection took 0.00 seconds
[titan] 2026-09-13 07:30:02,457 - root - INFO - Deterministic algorithm enabled (expect perf degradation).
[titan] 2026-09-13 07:30:02,457 - root - INFO - [GC] Initial GC collection took 0.00 seconds
[titan] 2026-09-13 07:30:02,457 - root - INFO - Deterministic algorithm enabled (expect perf degradation).
[titan] 2026-09-13 07:30:02,457 - root - INFO - Deterministic algorithm enabled (expect perf degradation).
[titan] 2026-09-13 07:30:02,457 - root - INFO - Deterministic algorithm enabled (expect perf degradation).
[titan] 2026-09-13 07:30:02,474 - root - INFO - Building kimi_k3 debugmodel
[titan] 2026-09-13 07:30:02,474 - root - INFO - Building kimi_k3 debugmodel
[titan] 2026-09-13 07:30:02,475 - root - INFO - Building kimi_k3 debugmodel
[titan] 2026-09-13 07:30:02,475 - root - INFO - Building kimi_k3 debugmodel
[titan] 2026-09-13 07:30:02,621 - root - INFO - CUDA capacity: NVIDIA H100 PCIe with 79.18GiB memory
[titan] 2026-09-13 07:30:02,622 - root - INFO - CUDA capacity: NVIDIA H100 PCIe with 79.18GiB memory
[titan] 2026-09-13 07:30:02,623 - root - INFO - CUDA capacity: NVIDIA H100 PCIe with 79.18GiB memory
[titan] 2026-09-13 07:30:02,623 - root - WARNING - Error running lspci: [Errno 2] No such file or directory: 'lspci', fallback to use device_name
[titan] 2026-09-13 07:30:02,623 - root - WARNING - Error running lspci: [Errno 2] No such file or directory: 'lspci', fallback to use device_name
[titan] 2026-09-13 07:30:02,623 - root - INFO - CUDA capacity: NVIDIA H100 PCIe with 79.18GiB memory
[titan] 2026-09-13 07:30:02,624 - root - WARNING - Error running lspci: [Errno 2] No such file or directory: 'lspci', fallback to use device_name
[titan] 2026-09-13 07:30:02,624 - root - WARNING - Error running lspci: [Errno 2] No such file or directory: 'lspci', fallback to use device_name
[titan] 2026-09-13 07:30:02,628 - root - INFO - Total parameter count: 1,119,984,672, active parameters: 535,879,200
[titan] 2026-09-13 07:30:02,628 - root - INFO - [34mModel kimi_k3 debugmodel [31msize: 1,119,984,672 total parameters[39m
[titan] 2026-09-13 07:30:02,628 - root - INFO - Total parameter count: 1,119,984,672, active parameters: 535,879,200
[titan] 2026-09-13 07:30:02,628 - root - INFO - [34mModel kimi_k3 debugmodel [31msize: 1,119,984,672 total parameters[39m
[titan] 2026-09-13 07:30:02,629 - root - INFO - Total parameter count: 1,119,984,672, active parameters: 535,879,200
[titan] 2026-09-13 07:30:02,629 - root - INFO - [34mModel kimi_k3 debugmodel [31msize: 1,119,984,672 total parameters[39m
[titan] 2026-09-13 07:30:02,629 - root - INFO - Total parameter count: 1,119,984,672, active parameters: 535,879,200
[titan] 2026-09-13 07:30:02,629 - root - INFO - [34mModel kimi_k3 debugmodel [31msize: 1,119,984,672 total parameters[39m
[rank3]:W0913 07:30:02.711000 9191 torch/_logging/_internal.py:1394] Pipeline parallelism is using an eager NCCL communicator. Consider creating its process group with backend="nccl-lazy" so peer communicators are initialized lazily and traffic to different peers can overlap.
[titan] 2026-09-13 07:30:02,712 - root - INFO - PP rank 1 is building stage_idx 1 with modules ['layers.6', 'layers.7', 'layers.8', 'layers.9', 'layers.10', 'layers.11', 'layers.12']
[rank0]:W0913 07:30:02.712000 9188 torch/_logging/_internal.py:1394] Pipeline parallelism is using an eager NCCL communicator. Consider creating its process group with backend="nccl-lazy" so peer communicators are initialized lazily and traffic to different peers can overlap.
[titan] 2026-09-13 07:30:02,712 - root - INFO - PP rank 0 is building stage_idx 0 with modules ['vision_encoder', 'tok_embeddings', 'layers.0', 'layers.1', 'layers.2', 'layers.3', 'layers.4', 'layers.5']
[rank2]:W0913 07:30:02.712000 9190 torch/_logging/_internal.py:1394] Pipeline parallelism is using an eager NCCL communicator. Consider creating its process group with backend="nccl-lazy" so peer communicators are initialized lazily and traffic to different peers can overlap.
[titan] 2026-09-13 07:30:02,713 - root - INFO - PP rank 1 is building stage_idx 1 with modules ['layers.6', 'layers.7', 'layers.8', 'layers.9', 'layers.10', 'layers.11', 'layers.12']
[rank1]:W0913 07:30:02.713000 9189 torch/_logging/_internal.py:1394] Pipeline parallelism is using an eager NCCL communicator. Consider creating its process group with backend="nccl-lazy" so peer communicators are initialized lazily and traffic to different peers can overlap.
[titan] 2026-09-13 07:30:02,714 - root - INFO - PP rank 0 is building stage_idx 0 with modules ['vision_encoder', 'tok_embeddings', 'layers.0', 'layers.1', 'layers.2', 'layers.3', 'layers.4', 'layers.5']
[titan] 2026-09-13 07:30:02,793 - root - INFO - PP rank 1 is building stage_idx 3 with modules ['layers.19', 'layers.20', 'layers.21', 'layers.22', 'layers.23', 'norm', 'lm_head', 'output_res_proj', 'output_res_norm']
[titan] 2026-09-13 07:30:02,794 - root - INFO - PP rank 0 is building stage_idx 2 with modules ['layers.13', 'layers.14', 'layers.15', 'layers.16', 'layers.17', 'layers.18']
[titan] 2026-09-13 07:30:02,795 - root - INFO - PP rank 0 is building stage_idx 2 with modules ['layers.13', 'layers.14', 'layers.15', 'layers.16', 'layers.17', 'layers.18']
[titan] 2026-09-13 07:30:02,795 - root - INFO - PP rank 1 is building stage_idx 3 with modules ['layers.19', 'layers.20', 'layers.21', 'layers.22', 'layers.23', 'norm', 'lm_head', 'output_res_proj', 'output_res_norm']
[titan] 2026-09-13 07:30:02,808 - root - INFO - Applied SelectiveAC activation checkpointing to the model
[titan] 2026-09-13 07:30:02,808 - root - INFO - Applied SelectiveAC activation checkpointing to the model
[titan] 2026-09-13 07:30:02,809 - root - INFO - Applied SelectiveAC activation checkpointing to the model
[titan] 2026-09-13 07:30:02,810 - root - INFO - Applied SelectiveAC activation checkpointing to the model
[titan] 2026-09-13 07:30:02,810 - root - INFO - Applied SelectiveAC activation checkpointing to the model
[titan] 2026-09-13 07:30:02,810 - root - INFO - Applied SelectiveAC activation checkpointing to the model
[titan] 2026-09-13 07:30:02,910 - root - INFO - Applied FSDP to the model
[titan] 2026-09-13 07:30:02,917 - root - INFO - Applied SelectiveAC activation checkpointing to the model
[titan] 2026-09-13 07:30:02,918 - root - INFO - Applied FSDP to the model
[titan] 2026-09-13 07:30:02,926 - root - INFO - Applied SelectiveAC activation checkpointing to the model
[titan] 2026-09-13 07:30:02,948 - root - INFO - Applied FSDP to the model
[titan] 2026-09-13 07:30:02,949 - root - INFO - Applied FSDP to the model
[titan] 2026-09-13 07:30:02,955 - root - INFO - Applied FSDP to the model
[titan] 2026-09-13 07:30:02,956 - root - INFO - Using pipeline schedule Interleaved1F1B with 4 microbatches and 4 stages.
[titan] 2026-09-13 07:30:02,956 - root - INFO - Kimi K3 pipeline: 2 stage(s) on this rank [1, 3], block transport whole stack every hop
[titan] 2026-09-13 07:30:02,957 - root - INFO - Applied SelectiveAC activation checkpointing to the model
[titan] 2026-09-13 07:30:02,958 - root - INFO - Applied SelectiveAC activation checkpointing to the model
[titan] 2026-09-13 07:30:02,965 - root - INFO - Applied FSDP to the model
[titan] 2026-09-13 07:30:02,966 - root - INFO - Using pipeline schedule Interleaved1F1B with 4 microbatches and 4 stages.
[titan] 2026-09-13 07:30:02,966 - root - INFO - Kimi K3 pipeline: 2 stage(s) on this rank [1, 3], block transport whole stack every hop
[titan] 2026-09-13 07:30:03,002 - root - INFO - Applied FSDP to the model
[titan] 2026-09-13 07:30:03,002 - root - INFO - Using pipeline schedule Interleaved1F1B with 4 microbatches and 4 stages.
[titan] 2026-09-13 07:30:03,002 - root - INFO - Applied FSDP to the model
[titan] 2026-09-13 07:30:03,002 - root - INFO - Kimi K3 pipeline: 2 stage(s) on this rank [0, 2], block transport whole stack every hop
[titan] 2026-09-13 07:30:03,003 - root - INFO - Using pipeline schedule Interleaved1F1B with 4 microbatches and 4 stages.
[titan] 2026-09-13 07:30:03,003 - root - INFO - Kimi K3 pipeline: 2 stage(s) on this rank [0, 2], block transport whole stack every hop
[titan] 2026-09-13 07:30:03,391 - root - WARNING - [31mPipeline Parallel loss is not visible. Please add [33mrank 2[31m to LOG_RANK environment variable in run_train.sh.[39m
[titan] 2026-09-13 07:30:03,391 - root - WARNING - [31mPipeline Parallel loss is not visible. Please add [33mrank 2[31m to LOG_RANK environment variable in run_train.sh.[39m
[titan] 2026-09-13 07:30:03,393 - root - WARNING - Error running lspci: [Errno 2] No such file or directory: 'lspci', fallback to use device_name
[titan] 2026-09-13 07:30:03,393 - root - INFO - Peak FLOPS used for computing MFU: 7.560e+14
[titan] 2026-09-13 07:30:03,393 - root - INFO - CUDA memory usage for model: 1.39GiB(1.76%)
[titan] 2026-09-13 07:30:03,393 - root - WARNING - Error running lspci: [Errno 2] No such file or directory: 'lspci', fallback to use device_name
[titan] 2026-09-13 07:30:03,393 - root - INFO - Peak FLOPS used for computing MFU: 7.560e+14
[titan] 2026-09-13 07:30:03,393 - root - INFO - CUDA memory usage for model: 1.39GiB(1.76%)
[titan] 2026-09-13 07:30:03,394 - root - INFO - Optimizer AdamW (model_part=0): 198 params [.*] {'fused': True, 'foreach': False, 'lr': 0.0008, 'betas': (0.9, 0.95), 'eps': 1e-08, 'weight_decay': 0.1}
[titan] 2026-09-13 07:30:03,395 - root - INFO - Optimizer AdamW (model_part=0): 198 params [.*] {'fused': True, 'foreach': False, 'lr': 0.0008, 'betas': (0.9, 0.95), 'eps': 1e-08, 'weight_decay': 0.1}
[titan] 2026-09-13 07:30:03,395 - root - INFO - Optimizer AdamW (model_part=1): 142 params [.*] {'fused': True, 'foreach': False, 'lr': 0.0008, 'betas': (0.9, 0.95), 'eps': 1e-08, 'weight_decay': 0.1}
[titan] 2026-09-13 07:30:03,396 - root - INFO - Optimizer AdamW (model_part=1): 142 params [.*] {'fused': True, 'foreach': False, 'lr': 0.0008, 'betas': (0.9, 0.95), 'eps': 1e-08, 'weight_decay': 0.1}
[titan] 2026-09-13 07:30:03,397 - root - INFO - Loading tokenizer from tokenizer.json
[titan] 2026-09-13 07:30:03,397 - root - INFO - Loading tokenizer from tokenizer.json
[titan] 2026-09-13 07:30:03,550 - root - WARNING - [31mPipeline Parallel loss is not visible. Please add [33mrank 2[31m to LOG_RANK environment variable in run_train.sh.[39m
[titan] 2026-09-13 07:30:03,550 - root - WARNING - [31mPipeline Parallel loss is not visible. Please add [33mrank 2[31m to LOG_RANK environment variable in run_train.sh.[39m
[titan] 2026-09-13 07:30:03,552 - root - WARNING - Error running lspci: [Errno 2] No such file or directory: 'lspci', fallback to use device_name
[titan] 2026-09-13 07:30:03,552 - root - INFO - Peak FLOPS used for computing MFU: 7.560e+14
[titan] 2026-09-13 07:30:03,552 - root - WARNING - Error running lspci: [Errno 2] No such file or directory: 'lspci', fallback to use device_name
[titan] 2026-09-13 07:30:03,552 - root - INFO - Peak FLOPS used for computing MFU: 7.560e+14
[titan] 2026-09-13 07:30:03,552 - root - INFO - CUDA memory usage for model: 0.57GiB(0.72%)
[titan] 2026-09-13 07:30:03,552 - root - INFO - CUDA memory usage for model: 0.57GiB(0.72%)
[titan] 2026-09-13 07:30:03,554 - root - INFO - Optimizer AdamW (model_part=0): 236 params [.*] {'fused': True, 'foreach': False, 'lr': 0.0008, 'betas': (0.9, 0.95), 'eps': 1e-08, 'weight_decay': 0.1}
[titan] 2026-09-13 07:30:03,554 - root - INFO - Optimizer AdamW (model_part=0): 236 params [.*] {'fused': True, 'foreach': False, 'lr': 0.0008, 'betas': (0.9, 0.95), 'eps': 1e-08, 'weight_decay': 0.1}
[titan] 2026-09-13 07:30:03,555 - root - INFO - Optimizer AdamW (model_part=1): 174 params [.*] {'fused': True, 'foreach': False, 'lr': 0.0008, 'betas': (0.9, 0.95), 'eps': 1e-08, 'weight_decay': 0.1}
[titan] 2026-09-13 07:30:03,555 - root - INFO - Optimizer AdamW (model_part=1): 174 params [.*] {'fused': True, 'foreach': False, 'lr': 0.0008, 'betas': (0.9, 0.95), 'eps': 1e-08, 'weight_decay': 0.1}
[titan] 2026-09-13 07:30:03,557 - root - INFO - Loading tokenizer from tokenizer.json
[titan] 2026-09-13 07:30:03,557 - root - INFO - Loading tokenizer from tokenizer.json
[titan] 2026-09-13 07:30:03,696 - httpx - INFO - HTTP Request: HEAD https://s3.amazonaws.com/datasets.huggingface.co/datasets/datasets/json/json.py "HTTP/1.1 200 OK"
[titan] 2026-09-13 07:30:03,704 - httpx - INFO - HTTP Request: HEAD https://s3.amazonaws.com/datasets.huggingface.co/datasets/datasets/json/json.py "HTTP/1.1 200 OK"
[titan] 2026-09-13 07:30:03,766 - root - WARNING - model.safetensors.index.json not found at hf_assets_path: ./tests/assets/tokenizer/model.safetensors.index.json.                     Defaulting to saving a single safetensors file if checkpoint is saved in HF format
[titan] 2026-09-13 07:30:03,766 - root - WARNING - initial_load_model_only=True has no effect without an initial_load_path.
[titan] 2026-09-13 07:30:03,769 - root - WARNING - model.safetensors.index.json not found at hf_assets_path: ./tests/assets/tokenizer/model.safetensors.index.json.                     Defaulting to saving a single safetensors file if checkpoint is saved in HF format
[titan] 2026-09-13 07:30:03,769 - root - WARNING - initial_load_model_only=True has no effect without an initial_load_path.
[titan] 2026-09-13 07:30:03,771 - root - INFO - Checkpointing active. Checkpoints will be loaded from and saved to /workspace/out_c4/c4_d2_vp2n/checkpoint
[titan] 2026-09-13 07:30:03,771 - root - INFO - Trainer is initialized with 1024 tokens per DP rank, 2048 tokens per train step, gradient accumulation steps 1, maximum context length 2048, total steps 100 (warmup 2)
[titan] 2026-09-13 07:30:03,772 - root - INFO - Loading the checkpoint from /workspace/out_c4/c4_d2_vp2n/checkpoint/step-0.
[titan] 2026-09-13 07:30:03,774 - root - INFO - Checkpointing active. Checkpoints will be loaded from and saved to /workspace/out_c4/c4_d2_vp2n/checkpoint
[titan] 2026-09-13 07:30:03,774 - root - INFO - Trainer is initialized with 1024 tokens per DP rank, 2048 tokens per train step, gradient accumulation steps 1, maximum context length 2048, total steps 100 (warmup 2)
[titan] 2026-09-13 07:30:03,774 - root - INFO - Loading the checkpoint from /workspace/out_c4/c4_d2_vp2n/checkpoint/step-0.
[titan] 2026-09-13 07:30:03,867 - httpx - INFO - HTTP Request: HEAD https://s3.amazonaws.com/datasets.huggingface.co/datasets/datasets/json/json.py "HTTP/1.1 200 OK"
[titan] 2026-09-13 07:30:03,877 - httpx - INFO - HTTP Request: HEAD https://s3.amazonaws.com/datasets.huggingface.co/datasets/datasets/json/json.py "HTTP/1.1 200 OK"
[titan] 2026-09-13 07:30:03,938 - root - WARNING - model.safetensors.index.json not found at hf_assets_path: ./tests/assets/tokenizer/model.safetensors.index.json.                     Defaulting to saving a single safetensors file if checkpoint is saved in HF format
[titan] 2026-09-13 07:30:03,938 - root - WARNING - initial_load_model_only=True has no effect without an initial_load_path.
[titan] 2026-09-13 07:30:03,944 - root - INFO - Checkpointing active. Checkpoints will be loaded from and saved to /workspace/out_c4/c4_d2_vp2n/checkpoint
[titan] 2026-09-13 07:30:03,945 - root - INFO - Trainer is initialized with 1024 tokens per DP rank, 2048 tokens per train step, gradient accumulation steps 1, maximum context length 2048, total steps 100 (warmup 2)
[titan] 2026-09-13 07:30:03,945 - root - INFO - Loading the checkpoint from /workspace/out_c4/c4_d2_vp2n/checkpoint/step-0.
[titan] 2026-09-13 07:30:03,949 - root - WARNING - model.safetensors.index.json not found at hf_assets_path: ./tests/assets/tokenizer/model.safetensors.index.json.                     Defaulting to saving a single safetensors file if checkpoint is saved in HF format
[titan] 2026-09-13 07:30:03,949 - root - WARNING - initial_load_model_only=True has no effect without an initial_load_path.
[titan] 2026-09-13 07:30:03,955 - root - INFO - Checkpointing active. Checkpoints will be loaded from and saved to /workspace/out_c4/c4_d2_vp2n/checkpoint
[titan] 2026-09-13 07:30:03,955 - root - INFO - Trainer is initialized with 1024 tokens per DP rank, 2048 tokens per train step, gradient accumulation steps 1, maximum context length 2048, total steps 100 (warmup 2)
[titan] 2026-09-13 07:30:03,956 - root - INFO - Loading the checkpoint from /workspace/out_c4/c4_d2_vp2n/checkpoint/step-0.
[titan] 2026-09-13 07:30:05,141 - root - INFO - [GC] GC collection for checkpoint loading. took 0.02 seconds
[titan] 2026-09-13 07:30:05,142 - root - INFO - Finished loading the checkpoint in 1.37 seconds.
[titan] 2026-09-13 07:30:05,142 - root - INFO - [GC] GC collection for checkpoint loading. took 0.02 seconds
[titan] 2026-09-13 07:30:05,142 - root - INFO - Training starts at step 1
[titan] 2026-09-13 07:30:05,142 - root - INFO - Finished loading the checkpoint in 1.37 seconds.
[titan] 2026-09-13 07:30:05,142 - root - INFO - Training starts at step 1
[titan] 2026-09-13 07:30:05,157 - root - INFO - [GC] GC collection for checkpoint loading. took 0.02 seconds
[titan] 2026-09-13 07:30:05,157 - root - INFO - Finished loading the checkpoint in 1.20 seconds.
[titan] 2026-09-13 07:30:05,158 - root - INFO - Training starts at step 1
[titan] 2026-09-13 07:30:05,159 - root - INFO - [GC] GC collection for checkpoint loading. took 0.02 seconds
[titan] 2026-09-13 07:30:05,159 - root - INFO - Finished loading the checkpoint in 1.21 seconds.
[titan] 2026-09-13 07:30:05,160 - root - INFO - Training starts at step 1
/workspace/venv_pp/lib/python3.12/site-packages/torch/distributed/fsdp/_fully_shard/_fsdp_state.py:336: UserWarning: FSDP2-wrapped module (FSDPCheckpointWrapper) returned a view tensor. An in-place op on this view (e.g., `x += y`) will silently drop the pre-backward hook and skip the all-gather, which can cause backward to fail or produce wrong gradients. Use out-of-place ops (`out = out + y`, not `out += y`) or `.clone()` the output before any in-place op.
  output = self._register_pre_backward_hook(output)
/workspace/venv_pp/lib/python3.12/site-packages/torch/distributed/fsdp/_fully_shard/_fsdp_state.py:336: UserWarning: FSDP2-wrapped module (FSDPCheckpointWrapper) returned a view tensor. An in-place op on this view (e.g., `x += y`) will silently drop the pre-backward hook and skip the all-gather, which can cause backward to fail or produce wrong gradients. Use out-of-place ops (`out = out + y`, not `out += y`) or `.clone()` the output before any in-place op.
  output = self._register_pre_backward_hook(output)
/workspace/venv_pp/lib/python3.12/site-packages/torch/distributed/fsdp/_fully_shard/_fsdp_state.py:336: UserWarning: FSDP2-wrapped module (FSDPCheckpointWrapper) returned a view tensor. An in-place op on this view (e.g., `x += y`) will silently drop the pre-backward hook and skip the all-gather, which can cause backward to fail or produce wrong gradients. Use out-of-place ops (`out = out + y`, not `out += y`) or `.clone()` the output before any in-place op.
  output = self._register_pre_backward_hook(output)
/workspace/venv_pp/lib/python3.12/site-packages/torch/distributed/fsdp/_fully_shard/_fsdp_state.py:336: UserWarning: FSDP2-wrapped module (FSDPKimiK3Model) returned a view tensor. An in-place op on this view (e.g., `x += y`) will silently drop the pre-backward hook and skip the all-gather, which can cause backward to fail or produce wrong gradients. Use out-of-place ops (`out = out + y`, not `out += y`) or `.clone()` the output before any in-place op.
  output = self._register_pre_backward_hook(output)
/workspace/venv_pp/lib/python3.12/site-packages/torch/distributed/fsdp/_fully_shard/_fsdp_state.py:336: UserWarning: FSDP2-wrapped module (FSDPCheckpointWrapper) returned a view tensor. An in-place op on this view (e.g., `x += y`) will silently drop the pre-backward hook and skip the all-gather, which can cause backward to fail or produce wrong gradients. Use out-of-place ops (`out = out + y`, not `out += y`) or `.clone()` the output before any in-place op.
  output = self._register_pre_backward_hook(output)
/workspace/venv_pp/lib/python3.12/site-packages/torch/distributed/fsdp/_fully_shard/_fsdp_state.py:336: UserWarning: FSDP2-wrapped module (FSDPKimiK3Model) returned a view tensor. An in-place op on this view (e.g., `x += y`) will silently drop the pre-backward hook and skip the all-gather, which can cause backward to fail or produce wrong gradients. Use out-of-place ops (`out = out + y`, not `out += y`) or `.clone()` the output before any in-place op.
  output = self._register_pre_backward_hook(output)
/workspace/venv_pp/lib/python3.12/site-packages/torch/distributed/fsdp/_fully_shard/_fsdp_state.py:336: UserWarning: FSDP2-wrapped module (FSDPCheckpointWrapper) returned a view tensor. An in-place op on this view (e.g., `x += y`) will silently drop the pre-backward hook and skip the all-gather, which can cause backward to fail or produce wrong gradients. Use out-of-place ops (`out = out + y`, not `out += y`) or `.clone()` the output before any in-place op.
  output = self._register_pre_backward_hook(output)
/workspace/venv_pp/lib/python3.12/site-packages/torch/distributed/fsdp/_fully_shard/_fsdp_state.py:336: UserWarning: FSDP2-wrapped module (FSDPCheckpointWrapper) returned a view tensor. An in-place op on this view (e.g., `x += y`) will silently drop the pre-backward hook and skip the all-gather, which can cause backward to fail or produce wrong gradients. Use out-of-place ops (`out = out + y`, not `out += y`) or `.clone()` the output before any in-place op.
  output = self._register_pre_backward_hook(output)
/workspace/venv_pp/lib/python3.12/site-packages/torch/distributed/fsdp/_fully_shard/_fsdp_state.py:336: UserWarning: FSDP2-wrapped module (FSDPCheckpointWrapper) returned a view tensor. An in-place op on this view (e.g., `x += y`) will silently drop the pre-backward hook and skip the all-gather, which can cause backward to fail or produce wrong gradients. Use out-of-place ops (`out = out + y`, not `out += y`) or `.clone()` the output before any in-place op.
  output = self._register_pre_backward_hook(output)
/workspace/venv_pp/lib/python3.12/site-packages/torch/distributed/fsdp/_fully_shard/_fsdp_state.py:336: UserWarning: FSDP2-wrapped module (FSDPCheckpointWrapper) returned a view tensor. An in-place op on this view (e.g., `x += y`) will silently drop the pre-backward hook and skip the all-gather, which can cause backward to fail or produce wrong gradients. Use out-of-place ops (`out = out + y`, not `out += y`) or `.clone()` the output before any in-place op.
  output = self._register_pre_backward_hook(output)
[titan] 2026-09-13 07:30:36,863 - root - INFO - [31mstep:  1  [32mloss: 12.58074  [38;2;180;60;0mgrad_norm: 14.4375  [38;2;54;234;195mmemory:  6.65GiB(8.40%)  [34mtps: 15  [36mtflops: 0.05  [35mmfu: 0.01%[39m
[titan] 2026-09-13 07:30:36,863 - root - INFO - [31mstep:  1  [32mloss: 12.58074  [38;2;180;60;0mgrad_norm: 14.4375  [38;2;54;234;195mmemory:  6.65GiB(8.40%)  [34mtps: 15  [36mtflops: 0.05  [35mmfu: 0.01%[39m
[titan] 2026-09-13 07:30:36,863 - root - INFO - Synchronizing and adjusting timeout for all ProcessGroups to 0:01:40
[titan] 2026-09-13 07:30:36,863 - root - INFO - Synchronizing and adjusting timeout for all ProcessGroups to 0:01:40
[titan] 2026-09-13 07:30:36,877 - root - INFO - [31mstep:  1  [32mloss: -2.00000  [38;2;180;60;0mgrad_norm: 14.4375  [38;2;54;234;195mmemory:  6.09GiB(7.69%)  [34mtps: 15  [36mtflops: 0.05  [35mmfu: 0.01%[39m
[titan] 2026-09-13 07:30:36,877 - root - INFO - [31mstep:  1  [32mloss: -2.00000  [38;2;180;60;0mgrad_norm: 14.4375  [38;2;54;234;195mmemory:  6.09GiB(7.69%)  [34mtps: 15  [36mtflops: 0.05  [35mmfu: 0.01%[39m
[titan] 2026-09-13 07:30:36,877 - root - INFO - Synchronizing and adjusting timeout for all ProcessGroups to 0:01:40
[titan] 2026-09-13 07:30:36,878 - root - INFO - Synchronizing and adjusting timeout for all ProcessGroups to 0:01:40
[titan] 2026-09-13 07:30:38,029 - root - INFO - [31mstep:  2  [32mloss: -2.00000  [38;2;180;60;0mgrad_norm: 15.1875  [38;2;54;234;195mmemory:  6.81GiB(8.60%)  [34mtps: 444  [36mtflops: 1.55  [35mmfu: 0.21%[39m
[titan] 2026-09-13 07:30:38,029 - root - INFO - [31mstep:  2  [32mloss: -2.00000  [38;2;180;60;0mgrad_norm: 15.1875  [38;2;54;234;195mmemory:  6.81GiB(8.60%)  [34mtps: 445  [36mtflops: 1.55  [35mmfu: 0.21%[39m
[titan] 2026-09-13 07:30:38,029 - root - INFO - [31mstep:  2  [32mloss:  9.70111  [38;2;180;60;0mgrad_norm: 15.1875  [38;2;54;234;195mmemory:  8.05GiB(10.17%)  [34mtps: 439  [36mtflops: 1.53  [35mmfu: 0.20%[39m
[titan] 2026-09-13 07:30:38,029 - root - INFO - [31mstep:  2  [32mloss:  9.70111  [38;2;180;60;0mgrad_norm: 15.1875  [38;2;54;234;195mmemory:  8.05GiB(10.17%)  [34mtps: 439  [36mtflops: 1.53  [35mmfu: 0.20%[39m
[titan] 2026-09-13 07:30:39,158 - root - INFO - [31mstep:  3  [32mloss: -2.00000  [38;2;180;60;0mgrad_norm: 10.0625  [38;2;54;234;195mmemory:  6.81GiB(8.60%)  [34mtps: 454  [36mtflops: 1.58  [35mmfu: 0.21%[39m
[titan] 2026-09-13 07:30:39,158 - root - INFO - [31mstep:  3  [32mloss: -2.00000  [38;2;180;60;0mgrad_norm: 10.0625  [38;2;54;234;195mmemory:  6.81GiB(8.60%)  [34mtps: 454  [36mtflops: 1.58  [35mmfu: 0.21%[39m
[titan] 2026-09-13 07:30:39,158 - root - INFO - [31mstep:  3  [32mloss:  7.45388  [38;2;180;60;0mgrad_norm: 10.0625  [38;2;54;234;195mmemory:  8.05GiB(10.17%)  [34mtps: 454  [36mtflops: 1.58  [35mmfu: 0.21%[39m
[titan] 2026-09-13 07:30:39,158 - root - INFO - [31mstep:  3  [32mloss:  7.45388  [38;2;180;60;0mgrad_norm: 10.0625  [38;2;54;234;195mmemory:  8.05GiB(10.17%)  [34mtps: 454  [36mtflops: 1.58  [35mmfu: 0.21%[39m
[titan] 2026-09-13 07:30:40,289 - root - INFO - [31mstep:  4  [32mloss: -2.00000  [38;2;180;60;0mgrad_norm:  6.0938  [38;2;54;234;195mmemory:  6.81GiB(8.60%)  [34mtps: 453  [36mtflops: 1.58  [35mmfu: 0.21%[39m
[titan] 2026-09-13 07:30:40,289 - root - INFO - [31mstep:  4  [32mloss: -2.00000  [38;2;180;60;0mgrad_norm:  6.0938  [38;2;54;234;195mmemory:  6.81GiB(8.60%)  [34mtps: 453  [36mtflops: 1.58  [35mmfu: 0.21%[39m
[titan] 2026-09-13 07:30:40,290 - root - INFO - [31mstep:  4  [32mloss:  6.77258  [38;2;180;60;0mgrad_norm:  6.0938  [38;2;54;234;195mmemory:  8.05GiB(10.17%)  [34mtps: 453  [36mtflops: 1.58  [35mmfu: 0.21%[39m
[titan] 2026-09-13 07:30:40,290 - root - INFO - [31mstep:  4  [32mloss:  6.77258  [38;2;180;60;0mgrad_norm:  6.0938  [38;2;54;234;195mmemory:  8.05GiB(10.17%)  [34mtps: 453  [36mtflops: 1.58  [35mmfu: 0.21%[39m
[titan] 2026-09-13 07:30:41,418 - root - INFO - [31mstep:  5  [32mloss: -2.00000  [38;2;180;60;0mgrad_norm:  8.6250  [38;2;54;234;195mmemory:  6.81GiB(8.60%)  [34mtps: 454  [36mtflops: 1.58  [35mmfu: 0.21%[39m
[titan] 2026-09-13 07:30:41,418 - root - INFO - [31mstep:  5  [32mloss: -2.00000  [38;2;180;60;0mgrad_norm:  8.6250  [38;2;54;234;195mmemory:  6.81GiB(8.60%)  [34mtps: 454  [36mtflops: 1.58  [35mmfu: 0.21%[39m
[titan] 2026-09-13 07:30:41,418 - root - INFO - [31mstep:  5  [32mloss:  4.97948  [38;2;180;60;0mgrad_norm:  8.6250  [38;2;54;234;195mmemory:  8.05GiB(10.17%)  [34mtps: 454  [36mtflops: 1.58  [35mmfu: 0.21%[39m
[titan] 2026-09-13 07:30:41,418 - root - INFO - [31mstep:  5  [32mloss:  4.97948  [38;2;180;60;0mgrad_norm:  8.6250  [38;2;54;234;195mmemory:  8.05GiB(10.17%)  [34mtps: 454  [36mtflops: 1.58  [35mmfu: 0.21%[39m
[titan] 2026-09-13 07:30:42,550 - root - INFO - [31mstep:  6  [32mloss: -2.00000  [38;2;180;60;0mgrad_norm:  5.8125  [38;2;54;234;195mmemory:  6.81GiB(8.60%)  [34mtps: 452  [36mtflops: 1.58  [35mmfu: 0.21%[39m
[titan] 2026-09-13 07:30:42,550 - root - INFO - [31mstep:  6  [32mloss: -2.00000  [38;2;180;60;0mgrad_norm:  5.8125  [38;2;54;234;195mmemory:  6.81GiB(8.60%)  [34mtps: 452  [36mtflops: 1.58  [35mmfu: 0.21%[39m
[titan] 2026-09-13 07:30:42,550 - root - INFO - [31mstep:  6  [32mloss:  4.50699  [38;2;180;60;0mgrad_norm:  5.8125  [38;2;54;234;195mmemory:  8.05GiB(10.17%)  [34mtps: 452  [36mtflops: 1.58  [35mmfu: 0.21%[39m
[titan] 2026-09-13 07:30:42,550 - root - INFO - [31mstep:  6  [32mloss:  4.50699  [38;2;180;60;0mgrad_norm:  5.8125  [38;2;54;234;195mmemory:  8.05GiB(10.17%)  [34mtps: 452  [36mtflops: 1.58  [35mmfu: 0.21%[39m
[titan] 2026-09-13 07:30:43,689 - root - INFO - [31mstep:  7  [32mloss: -2.00000  [38;2;180;60;0mgrad_norm:  6.0625  [38;2;54;234;195mmemory:  6.81GiB(8.60%)  [34mtps: 450  [36mtflops: 1.57  [35mmfu: 0.21%[39m
[titan] 2026-09-13 07:30:43,689 - root - INFO - [31mstep:  7  [32mloss: -2.00000  [38;2;180;60;0mgrad_norm:  6.0625  [38;2;54;234;195mmemory:  6.81GiB(8.60%)  [34mtps: 450  [36mtflops: 1.57  [35mmfu: 0.21%[39m
[titan] 2026-09-13 07:30:43,689 - root - INFO - [31mstep:  7  [32mloss:  4.49519  [38;2;180;60;0mgrad_norm:  6.0625  [38;2;54;234;195mmemory:  8.05GiB(10.17%)  [34mtps: 450  [36mtflops: 1.57  [35mmfu: 0.21%[39m
[titan] 2026-09-13 07:30:43,689 - root - INFO - [31mstep:  7  [32mloss:  4.49519  [38;2;180;60;0mgrad_norm:  6.0625  [38;2;54;234;195mmemory:  8.05GiB(10.17%)  [34mtps: 450  [36mtflops: 1.57  [35mmfu: 0.21%[39m
[titan] 2026-09-13 07:30:44,828 - root - INFO - [31mstep:  8  [32mloss: -2.00000  [38;2;180;60;0mgrad_norm:  5.8438  [38;2;54;234;195mmemory:  6.81GiB(8.60%)  [34mtps: 449  [36mtflops: 1.57  [35mmfu: 0.21%[39m
[titan] 2026-09-13 07:30:44,829 - root - INFO - [31mstep:  8  [32mloss: -2.00000  [38;2;180;60;0mgrad_norm:  5.8438  [38;2;54;234;195mmemory:  6.81GiB(8.60%)  [34mtps: 449  [36mtflops: 1.57  [35mmfu: 0.21%[39m
[titan] 2026-09-13 07:30:44,829 - root - INFO - [31mstep:  8  [32mloss:  4.01576  [38;2;180;60;0mgrad_norm:  5.8438  [38;2;54;234;195mmemory:  8.05GiB(10.17%)  [34mtps: 449  [36mtflops: 1.57  [35mmfu: 0.21%[39m
[titan] 2026-09-13 07:30:44,829 - root - INFO - [31mstep:  8  [32mloss:  4.01576  [38;2;180;60;0mgrad_norm:  5.8438  [38;2;54;234;195mmemory:  8.05GiB(10.17%)  [34mtps: 449  [36mtflops: 1.57  [35mmfu: 0.21%[39m
[titan] 2026-09-13 07:30:45,966 - root - INFO - [31mstep:  9  [32mloss: -2.00000  [38;2;180;60;0mgrad_norm:  3.8750  [38;2;54;234;195mmemory:  6.81GiB(8.60%)  [34mtps: 450  [36mtflops: 1.57  [35mmfu: 0.21%[39m
[titan] 2026-09-13 07:30:45,966 - root - INFO - [31mstep:  9  [32mloss: -2.00000  [38;2;180;60;0mgrad_norm:  3.8750  [38;2;54;234;195mmemory:  6.81GiB(8.60%)  [34mtps: 450  [36mtflops: 1.57  [35mmfu: 0.21%[39m
[titan] 2026-09-13 07:30:45,966 - root - INFO - [31mstep:  9  [32mloss:  3.42845  [38;2;180;60;0mgrad_norm:  3.8750  [38;2;54;234;195mmemory:  8.05GiB(10.17%)  [34mtps: 450  [36mtflops: 1.57  [35mmfu: 0.21%[39m
[titan] 2026-09-13 07:30:45,966 - root - INFO - [31mstep:  9  [32mloss:  3.42845  [38;2;180;60;0mgrad_norm:  3.8750  [38;2;54;234;195mmemory:  8.05GiB(10.17%)  [34mtps: 450  [36mtflops: 1.57  [35mmfu: 0.21%[39m
[titan] 2026-09-13 07:30:47,111 - root - INFO - [31mstep: 10  [32mloss: -2.00000  [38;2;180;60;0mgrad_norm: 14.8125  [38;2;54;234;195mmemory:  6.81GiB(8.60%)  [34mtps: 447  [36mtflops: 1.56  [35mmfu: 0.21%[39m
[titan] 2026-09-13 07:30:47,111 - root - INFO - [31mstep: 10  [32mloss: -2.00000  [38;2;180;60;0mgrad_norm: 14.8125  [38;2;54;234;195mmemory:  6.81GiB(8.60%)  [34mtps: 447  [36mtflops: 1.56  [35mmfu: 0.21%[39m
[titan] 2026-09-13 07:30:47,112 - root - INFO - [31mstep: 10  [32mloss:  3.68723  [38;2;180;60;0mgrad_norm: 14.8125  [38;2;54;234;195mmemory:  8.05GiB(10.17%)  [34mtps: 447  [36mtflops: 1.56  [35mmfu: 0.21%[39m
[titan] 2026-09-13 07:30:47,112 - root - INFO - [31mstep: 10  [32mloss:  3.68723  [38;2;180;60;0mgrad_norm: 14.8125  [38;2;54;234;195mmemory:  8.05GiB(10.17%)  [34mtps: 447  [36mtflops: 1.56  [35mmfu: 0.21%[39m
[titan] 2026-09-13 07:30:48,250 - root - INFO - [31mstep: 11  [32mloss: -2.00000  [38;2;180;60;0mgrad_norm:  9.0625  [38;2;54;234;195mmemory:  6.81GiB(8.60%)  [34mtps: 450  [36mtflops: 1.57  [35mmfu: 0.21%[39m
[titan] 2026-09-13 07:30:48,250 - root - INFO - [31mstep: 11  [32mloss: -2.00000  [38;2;180;60;0mgrad_norm:  9.0625  [38;2;54;234;195mmemory:  6.81GiB(8.60%)  [34mtps: 450  [36mtflops: 1.57  [35mmfu: 0.21%[39m
[titan] 2026-09-13 07:30:48,250 - root - INFO - [31mstep: 11  [32mloss:  3.85820  [38;2;180;60;0mgrad_norm:  9.0625  [38;2;54;234;195mmemory:  8.05GiB(10.17%)  [34mtps: 450  [36mtflops: 1.57  [35mmfu: 0.21%[39m
[titan] 2026-09-13 07:30:48,250 - root - INFO - [31mstep: 11  [32mloss:  3.85820  [38;2;180;60;0mgrad_norm:  9.0625  [38;2;54;234;195mmemory:  8.05GiB(10.17%)  [34mtps: 450  [36mtflops: 1.57  [35mmfu: 0.21%[39m
[titan] 2026-09-13 07:30:49,387 - root - INFO - [31mstep: 12  [32mloss: -2.00000  [38;2;180;60;0mgrad_norm:  5.1562  [38;2;54;234;195mmemory:  6.81GiB(8.60%)  [34mtps: 450  [36mtflops: 1.57  [35mmfu: 0.21%[39m
[titan] 2026-09-13 07:30:49,387 - root - INFO - [31mstep: 12  [32mloss: -2.00000  [38;2;180;60;0mgrad_norm:  5.1562  [38;2;54;234;195mmemory:  6.81GiB(8.60%)  [34mtps: 451  [36mtflops: 1.57  [35mmfu: 0.21%[39m
[titan] 2026-09-13 07:30:49,387 - root - INFO - [31mstep: 12  [32mloss:  3.55455  [38;2;180;60;0mgrad_norm:  5.1562  [38;2;54;234;195mmemory:  8.05GiB(10.17%)  [34mtps: 451  [36mtflops: 1.57  [35mmfu: 0.21%[39m
[titan] 2026-09-13 07:30:49,387 - root - INFO - [31mstep: 12  [32mloss:  3.55455  [38;2;180;60;0mgrad_norm:  5.1562  [38;2;54;234;195mmemory:  8.05GiB(10.17%)  [34mtps: 451  [36mtflops: 1.57  [35mmfu: 0.21%[39m
[titan] 2026-09-13 07:30:50,520 - root - INFO - [31mstep: 13  [32mloss: -2.00000  [38;2;180;60;0mgrad_norm:  3.8125  [38;2;54;234;195mmemory:  6.81GiB(8.60%)  [34mtps: 452  [36mtflops: 1.58  [35mmfu: 0.21%[39m
[titan] 2026-09-13 07:30:50,520 - root - INFO - [31mstep: 13  [32mloss: -2.00000  [38;2;180;60;0mgrad_norm:  3.8125  [38;2;54;234;195mmemory:  6.81GiB(8.60%)  [34mtps: 452  [36mtflops: 1.58  [35mmfu: 0.21%[39m
[titan] 2026-09-13 07:30:50,521 - root - INFO - [31mstep: 13  [32mloss:  3.06404  [38;2;180;60;0mgrad_norm:  3.8125  [38;2;54;234;195mmemory:  8.05GiB(10.17%)  [34mtps: 452  [36mtflops: 1.58  [35mmfu: 0.21%[39m
[titan] 2026-09-13 07:30:50,521 - root - INFO - [31mstep: 13  [32mloss:  3.06404  [38;2;180;60;0mgrad_norm:  3.8125  [38;2;54;234;195mmemory:  8.05GiB(10.17%)  [34mtps: 452  [36mtflops: 1.58  [35mmfu: 0.21%[39m
[titan] 2026-09-13 07:30:51,660 - root - INFO - [31mstep: 14  [32mloss: -2.00000  [38;2;180;60;0mgrad_norm:  3.5156  [38;2;54;234;195mmemory:  6.81GiB(8.60%)  [34mtps: 449  [36mtflops: 1.57  [35mmfu: 0.21%[39m
[titan] 2026-09-13 07:30:51,660 - root - INFO - [31mstep: 14  [32mloss: -2.00000  [38;2;180;60;0mgrad_norm:  3.5156  [38;2;54;234;195mmemory:  6.81GiB(8.60%)  [34mtps: 449  [36mtflops: 1.57  [35mmfu: 0.21%[39m
[titan] 2026-09-13 07:30:51,660 - root - INFO - [31mstep: 14  [32mloss:  3.30414  [38;2;180;60;0mgrad_norm:  3.5156  [38;2;54;234;195mmemory:  8.05GiB(10.17%)  [34mtps: 449  [36mtflops: 1.57  [35mmfu: 0.21%[39m
[titan] 2026-09-13 07:30:51,660 - root - INFO - [31mstep: 14  [32mloss:  3.30414  [38;2;180;60;0mgrad_norm:  3.5156  [38;2;54;234;195mmemory:  8.05GiB(10.17%)  [34mtps: 449  [36mtflops: 1.57  [35mmfu: 0.21%[39m
[titan] 2026-09-13 07:30:52,803 - root - INFO - [31mstep: 15  [32mloss: -2.00000  [38;2;180;60;0mgrad_norm:  3.4219  [38;2;54;234;195mmemory:  6.81GiB(8.60%)  [34mtps: 448  [36mtflops: 1.56  [35mmfu: 0.21%[39m
[titan] 2026-09-13 07:30:52,803 - root - INFO - [31mstep: 15  [32mloss: -2.00000  [38;2;180;60;0mgrad_norm:  3.4219  [38;2;54;234;195mmemory:  6.81GiB(8.60%)  [34mtps: 448  [36mtflops: 1.56  [35mmfu: 0.21%[39m
[titan] 2026-09-13 07:30:52,803 - root - INFO - [31mstep: 15  [32mloss:  3.16357  [38;2;180;60;0mgrad_norm:  3.4219  [38;2;54;234;195mmemory:  8.05GiB(10.17%)  [34mtps: 448  [36mtflops: 1.56  [35mmfu: 0.21%[39m
[titan] 2026-09-13 07:30:52,803 - root - INFO - [31mstep: 15  [32mloss:  3.16357  [38;2;180;60;0mgrad_norm:  3.4219  [38;2;54;234;195mmemory:  8.05GiB(10.17%)  [34mtps: 448  [36mtflops: 1.56  [35mmfu: 0.21%[39m
[titan] 2026-09-13 07:30:53,942 - root - INFO - [31mstep: 16  [32mloss: -2.00000  [38;2;180;60;0mgrad_norm:  3.0000  [38;2;54;234;195mmemory:  6.81GiB(8.60%)  [34mtps: 450  [36mtflops: 1.57  [35mmfu: 0.21%[39m
[titan] 2026-09-13 07:30:53,942 - root - INFO - [31mstep: 16  [32mloss: -2.00000  [38;2;180;60;0mgrad_norm:  3.0000  [38;2;54;234;195mmemory:  6.81GiB(8.60%)  [34mtps: 449  [36mtflops: 1.57  [35mmfu: 0.21%[39m
[titan] 2026-09-13 07:30:53,943 - root - INFO - [31mstep: 16  [32mloss:  3.05476  [38;2;180;60;0mgrad_norm:  3.0000  [38;2;54;234;195mmemory:  8.05GiB(10.17%)  [34mtps: 450  [36mtflops: 1.57  [35mmfu: 0.21%[39m
[titan] 2026-09-13 07:30:53,943 - root - INFO - [31mstep: 16  [32mloss:  3.05476  [38;2;180;60;0mgrad_norm:  3.0000  [38;2;54;234;195mmemory:  8.05GiB(10.17%)  [34mtps: 450  [36mtflops: 1.57  [35mmfu: 0.21%[39m
[titan] 2026-09-13 07:30:55,080 - root - INFO - [31mstep: 17  [32mloss: -2.00000  [38;2;180;60;0mgrad_norm:  2.7188  [38;2;54;234;195mmemory:  6.81GiB(8.60%)  [34mtps: 450  [36mtflops: 1.57  [35mmfu: 0.21%[39m
[titan] 2026-09-13 07:30:55,080 - root - INFO - [31mstep: 17  [32mloss: -2.00000  [38;2;180;60;0mgrad_norm:  2.7188  [38;2;54;234;195mmemory:  6.81GiB(8.60%)  [34mtps: 450  [36mtflops: 1.57  [35mmfu: 0.21%[39m
[titan] 2026-09-13 07:30:55,081 - root - INFO - [31mstep: 17  [32mloss:  2.95122  [38;2;180;60;0mgrad_norm:  2.7188  [38;2;54;234;195mmemory:  8.05GiB(10.17%)  [34mtps: 450  [36mtflops: 1.57  [35mmfu: 0.21%[39m
[titan] 2026-09-13 07:30:55,081 - root - INFO - [31mstep: 17  [32mloss:  2.95122  [38;2;180;60;0mgrad_norm:  2.7188  [38;2;54;234;195mmemory:  8.05GiB(10.17%)  [34mtps: 450  [36mtflops: 1.57  [35mmfu: 0.21%[39m
[titan] 2026-09-13 07:30:56,221 - root - INFO - [31mstep: 18  [32mloss: -2.00000  [38;2;180;60;0mgrad_norm:  2.9531  [38;2;54;234;195mmemory:  6.81GiB(8.60%)  [34mtps: 449  [36mtflops: 1.57  [35mmfu: 0.21%[39m
[titan] 2026-09-13 07:30:56,221 - root - INFO - [31mstep: 18  [32mloss: -2.00000  [38;2;180;60;0mgrad_norm:  2.9531  [38;2;54;234;195mmemory:  6.81GiB(8.60%)  [34mtps: 449  [36mtflops: 1.57  [35mmfu: 0.21%[39m
[titan] 2026-09-13 07:30:56,222 - root - INFO - [31mstep: 18  [32mloss:  3.01572  [38;2;180;60;0mgrad_norm:  2.9531  [38;2;54;234;195mmemory:  8.05GiB(10.17%)  [34mtps: 449  [36mtflops: 1.57  [35mmfu: 0.21%[39m
[titan] 2026-09-13 07:30:56,222 - root - INFO - [31mstep: 18  [32mloss:  3.01572  [38;2;180;60;0mgrad_norm:  2.9531  [38;2;54;234;195mmemory:  8.05GiB(10.17%)  [34mtps: 449  [36mtflops: 1.57  [35mmfu: 0.21%[39m
[titan] 2026-09-13 07:30:57,361 - root - INFO - [31mstep: 19  [32mloss: -2.00000  [38;2;180;60;0mgrad_norm:  3.2812  [38;2;54;234;195mmemory:  6.81GiB(8.60%)  [34mtps: 449  [36mtflops: 1.57  [35mmfu: 0.21%[39m
[titan] 2026-09-13 07:30:57,361 - root - INFO - [31mstep: 19  [32mloss: -2.00000  [38;2;180;60;0mgrad_norm:  3.2812  [38;2;54;234;195mmemory:  6.81GiB(8.60%)  [34mtps: 449  [36mtflops: 1.57  [35mmfu: 0.21%[39m
[titan] 2026-09-13 07:30:57,362 - root - INFO - [31mstep: 19  [32mloss:  3.12467  [38;2;180;60;0mgrad_norm:  3.2812  [38;2;54;234;195mmemory:  8.05GiB(10.17%)  [34mtps: 449  [36mtflops: 1.57  [35mmfu: 0.21%[39m
[titan] 2026-09-13 07:30:57,362 - root - INFO - [31mstep: 19  [32mloss:  3.12467  [38;2;180;60;0mgrad_norm:  3.2812  [38;2;54;234;195mmemory:  8.05GiB(10.17%)  [34mtps: 449  [36mtflops: 1.57  [35mmfu: 0.21%[39m
[titan] 2026-09-13 07:30:58,500 - root - INFO - [31mstep: 20  [32mloss: -2.00000  [38;2;180;60;0mgrad_norm:  2.3906  [38;2;54;234;195mmemory:  6.81GiB(8.60%)  [34mtps: 450  [36mtflops: 1.57  [35mmfu: 0.21%[39m
[titan] 2026-09-13 07:30:58,500 - root - INFO - [31mstep: 20  [32mloss: -2.00000  [38;2;180;60;0mgrad_norm:  2.3906  [38;2;54;234;195mmemory:  6.81GiB(8.60%)  [34mtps: 450  [36mtflops: 1.57  [35mmfu: 0.21%[39m
[titan] 2026-09-13 07:30:58,501 - root - INFO - [31mstep: 20  [32mloss:  2.97308  [38;2;180;60;0mgrad_norm:  2.3906  [38;2;54;234;195mmemory:  8.05GiB(10.17%)  [34mtps: 450  [36mtflops: 1.57  [35mmfu: 0.21%[39m
[titan] 2026-09-13 07:30:58,501 - root - INFO - [31mstep: 20  [32mloss:  2.97308  [38;2;180;60;0mgrad_norm:  2.3906  [38;2;54;234;195mmemory:  8.05GiB(10.17%)  [34mtps: 450  [36mtflops: 1.57  [35mmfu: 0.21%[39m
[titan] 2026-09-13 07:30:59,640 - root - INFO - [31mstep: 21  [32mloss: -2.00000  [38;2;180;60;0mgrad_norm:  1.5078  [38;2;54;234;195mmemory:  6.81GiB(8.60%)  [34mtps: 450  [36mtflops: 1.57  [35mmfu: 0.21%[39m
[titan] 2026-09-13 07:30:59,640 - root - INFO - [31mstep: 21  [32mloss: -2.00000  [38;2;180;60;0mgrad_norm:  1.5078  [38;2;54;234;195mmemory:  6.81GiB(8.60%)  [34mtps: 449  [36mtflops: 1.57  [35mmfu: 0.21%[39m
[titan] 2026-09-13 07:30:59,640 - root - INFO - [31mstep: 21  [32mloss:  3.01204  [38;2;180;60;0mgrad_norm:  1.5078  [38;2;54;234;195mmemory:  8.05GiB(10.17%)  [34mtps: 450  [36mtflops: 1.57  [35mmfu: 0.21%[39m
[titan] 2026-09-13 07:30:59,640 - root - INFO - [31mstep: 21  [32mloss:  3.01204  [38;2;180;60;0mgrad_norm:  1.5078  [38;2;54;234;195mmemory:  8.05GiB(10.17%)  [34mtps: 449  [36mtflops: 1.57  [35mmfu: 0.21%[39m
[titan] 2026-09-13 07:31:00,775 - root - INFO - [31mstep: 22  [32mloss: -2.00000  [38;2;180;60;0mgrad_norm:  2.6406  [38;2;54;234;195mmemory:  6.81GiB(8.60%)  [34mtps: 451  [36mtflops: 1.57  [35mmfu: 0.21%[39m
[titan] 2026-09-13 07:31:00,775 - root - INFO - [31mstep: 22  [32mloss: -2.00000  [38;2;180;60;0mgrad_norm:  2.6406  [38;2;54;234;195mmemory:  6.81GiB(8.60%)  [34mtps: 451  [36mtflops: 1.57  [35mmfu: 0.21%[39m
[titan] 2026-09-13 07:31:00,776 - root - INFO - [31mstep: 22  [32mloss:  2.89704  [38;2;180;60;0mgrad_norm:  2.6406  [38;2;54;234;195mmemory:  8.05GiB(10.17%)  [34mtps: 451  [36mtflops: 1.57  [35mmfu: 0.21%[39m
[titan] 2026-09-13 07:31:00,776 - root - INFO - [31mstep: 22  [32mloss:  2.89704  [38;2;180;60;0mgrad_norm:  2.6406  [38;2;54;234;195mmemory:  8.05GiB(10.17%)  [34mtps: 451  [36mtflops: 1.57  [35mmfu: 0.21%[39m
[titan] 2026-09-13 07:31:01,915 - root - INFO - [31mstep: 23  [32mloss: -2.00000  [38;2;180;60;0mgrad_norm:  2.4688  [38;2;54;234;195mmemory:  6.81GiB(8.60%)  [34mtps: 450  [36mtflops: 1.57  [35mmfu: 0.21%[39m
[titan] 2026-09-13 07:31:01,915 - root - INFO - [31mstep: 23  [32mloss: -2.00000  [38;2;180;60;0mgrad_norm:  2.4688  [38;2;54;234;195mmemory:  6.81GiB(8.60%)  [34mtps: 450  [36mtflops: 1.57  [35mmfu: 0.21%[39m
[titan] 2026-09-13 07:31:01,915 - root - INFO - [31mstep: 23  [32mloss:  2.82208  [38;2;180;60;0mgrad_norm:  2.4688  [38;2;54;234;195mmemory:  8.05GiB(10.17%)  [34mtps: 450  [36mtflops: 1.57  [35mmfu: 0.21%[39m
[titan] 2026-09-13 07:31:01,915 - root - INFO - [31mstep: 23  [32mloss:  2.82208  [38;2;180;60;0mgrad_norm:  2.4688  [38;2;54;234;195mmemory:  8.05GiB(10.17%)  [34mtps: 450  [36mtflops: 1.57  [35mmfu: 0.21%[39m
[titan] 2026-09-13 07:31:03,055 - root - INFO - [31mstep: 24  [32mloss: -2.00000  [38;2;180;60;0mgrad_norm:  1.7812  [38;2;54;234;195mmemory:  6.81GiB(8.60%)  [34mtps: 449  [36mtflops: 1.57  [35mmfu: 0.21%[39m
[titan] 2026-09-13 07:31:03,055 - root - INFO - [31mstep: 24  [32mloss: -2.00000  [38;2;180;60;0mgrad_norm:  1.7812  [38;2;54;234;195mmemory:  6.81GiB(8.60%)  [34mtps: 449  [36mtflops: 1.57  [35mmfu: 0.21%[39m
[titan] 2026-09-13 07:31:03,055 - root - INFO - [31mstep: 24  [32mloss:  2.89152  [38;2;180;60;0mgrad_norm:  1.7812  [38;2;54;234;195mmemory:  8.05GiB(10.17%)  [34mtps: 449  [36mtflops: 1.57  [35mmfu: 0.21%[39m
[titan] 2026-09-13 07:31:03,055 - root - INFO - [31mstep: 24  [32mloss:  2.89152  [38;2;180;60;0mgrad_norm:  1.7812  [38;2;54;234;195mmemory:  8.05GiB(10.17%)  [34mtps: 449  [36mtflops: 1.57  [35mmfu: 0.21%[39m
[titan] 2026-09-13 07:31:04,196 - root - INFO - [31mstep: 25  [32mloss: -2.00000  [38;2;180;60;0mgrad_norm:  2.1094  [38;2;54;234;195mmemory:  6.81GiB(8.60%)  [34mtps: 449  [36mtflops: 1.57  [35mmfu: 0.21%[39m
[titan] 2026-09-13 07:31:04,196 - root - INFO - [31mstep: 25  [32mloss: -2.00000  [38;2;180;60;0mgrad_norm:  2.1094  [38;2;54;234;195mmemory:  6.81GiB(8.60%)  [34mtps: 449  [36mtflops: 1.57  [35mmfu: 0.21%[39m
[titan] 2026-09-13 07:31:04,196 - root - INFO - [31mstep: 25  [32mloss:  3.09424  [38;2;180;60;0mgrad_norm:  2.1094  [38;2;54;234;195mmemory:  8.05GiB(10.17%)  [34mtps: 449  [36mtflops: 1.57  [35mmfu: 0.21%[39m
[titan] 2026-09-13 07:31:04,196 - root - INFO - [31mstep: 25  [32mloss:  3.09424  [38;2;180;60;0mgrad_norm:  2.1094  [38;2;54;234;195mmemory:  8.05GiB(10.17%)  [34mtps: 449  [36mtflops: 1.57  [35mmfu: 0.21%[39m
[titan] 2026-09-13 07:31:05,335 - root - INFO - [31mstep: 26  [32mloss: -2.00000  [38;2;180;60;0mgrad_norm:  2.5625  [38;2;54;234;195mmemory:  6.81GiB(8.60%)  [34mtps: 450  [36mtflops: 1.57  [35mmfu: 0.21%[39m
[titan] 2026-09-13 07:31:05,335 - root - INFO - [31mstep: 26  [32mloss: -2.00000  [38;2;180;60;0mgrad_norm:  2.5625  [38;2;54;234;195mmemory:  6.81GiB(8.60%)  [34mtps: 450  [36mtflops: 1.57  [35mmfu: 0.21%[39m
[titan] 2026-09-13 07:31:05,335 - root - INFO - [31mstep: 26  [32mloss:  2.78779  [38;2;180;60;0mgrad_norm:  2.5625  [38;2;54;234;195mmemory:  8.05GiB(10.17%)  [34mtps: 450  [36mtflops: 1.57  [35mmfu: 0.21%[39m
[titan] 2026-09-13 07:31:05,335 - root - INFO - [31mstep: 26  [32mloss:  2.78779  [38;2;180;60;0mgrad_norm:  2.5625  [38;2;54;234;195mmemory:  8.05GiB(10.17%)  [34mtps: 450  [36mtflops: 1.57  [35mmfu: 0.21%[39m
[titan] 2026-09-13 07:31:06,473 - root - INFO - [31mstep: 27  [32mloss: -2.00000  [38;2;180;60;0mgrad_norm:  2.3594  [38;2;54;234;195mmemory:  6.81GiB(8.60%)  [34mtps: 450  [36mtflops: 1.57  [35mmfu: 0.21%[39m
[titan] 2026-09-13 07:31:06,473 - root - INFO - [31mstep: 27  [32mloss: -2.00000  [38;2;180;60;0mgrad_norm:  2.3594  [38;2;54;234;195mmemory:  6.81GiB(8.60%)  [34mtps: 450  [36mtflops: 1.57  [35mmfu: 0.21%[39m
[titan] 2026-09-13 07:31:06,473 - root - INFO - [31mstep: 27  [32mloss:  2.91890  [38;2;180;60;0mgrad_norm:  2.3594  [38;2;54;234;195mmemory:  8.05GiB(10.17%)  [34mtps: 450  [36mtflops: 1.57  [35mmfu: 0.21%[39m
[titan] 2026-09-13 07:31:06,473 - root - INFO - [31mstep: 27  [32mloss:  2.91890  [38;2;180;60;0mgrad_norm:  2.3594  [38;2;54;234;195mmemory:  8.05GiB(10.17%)  [34mtps: 450  [36mtflops: 1.57  [35mmfu: 0.21%[39m
[titan] 2026-09-13 07:31:07,615 - root - INFO - [31mstep: 28  [32mloss: -2.00000  [38;2;180;60;0mgrad_norm:  1.7812  [38;2;54;234;195mmemory:  6.81GiB(8.60%)  [34mtps: 448  [36mtflops: 1.56  [35mmfu: 0.21%[39m
[titan] 2026-09-13 07:31:07,615 - root - INFO - [31mstep: 28  [32mloss: -2.00000  [38;2;180;60;0mgrad_norm:  1.7812  [38;2;54;234;195mmemory:  6.81GiB(8.60%)  [34mtps: 448  [36mtflops: 1.56  [35mmfu: 0.21%[39m
[titan] 2026-09-13 07:31:07,615 - root - INFO - [31mstep: 28  [32mloss:  2.93265  [38;2;180;60;0mgrad_norm:  1.7812  [38;2;54;234;195mmemory:  8.05GiB(10.17%)  [34mtps: 448  [36mtflops: 1.56  [35mmfu: 0.21%[39m
[titan] 2026-09-13 07:31:07,615 - root - INFO - [31mstep: 28  [32mloss:  2.93265  [38;2;180;60;0mgrad_norm:  1.7812  [38;2;54;234;195mmemory:  8.05GiB(10.17%)  [34mtps: 448  [36mtflops: 1.56  [35mmfu: 0.21%[39m
[titan] 2026-09-13 07:31:08,748 - root - INFO - [31mstep: 29  [32mloss: -2.00000  [38;2;180;60;0mgrad_norm:  1.3828  [38;2;54;234;195mmemory:  6.81GiB(8.60%)  [34mtps: 452  [36mtflops: 1.58  [35mmfu: 0.21%[39m
[titan] 2026-09-13 07:31:08,748 - root - INFO - [31mstep: 29  [32mloss: -2.00000  [38;2;180;60;0mgrad_norm:  1.3828  [38;2;54;234;195mmemory:  6.81GiB(8.60%)  [34mtps: 452  [36mtflops: 1.58  [35mmfu: 0.21%[39m
[titan] 2026-09-13 07:31:08,749 - root - INFO - [31mstep: 29  [32mloss:  2.71058  [38;2;180;60;0mgrad_norm:  1.3828  [38;2;54;234;195mmemory:  8.05GiB(10.17%)  [34mtps: 452  [36mtflops: 1.58  [35mmfu: 0.21%[39m
[titan] 2026-09-13 07:31:08,749 - root - INFO - [31mstep: 29  [32mloss:  2.71058  [38;2;180;60;0mgrad_norm:  1.3828  [38;2;54;234;195mmemory:  8.05GiB(10.17%)  [34mtps: 452  [36mtflops: 1.58  [35mmfu: 0.21%[39m
[titan] 2026-09-13 07:31:09,892 - root - INFO - [31mstep: 30  [32mloss: -2.00000  [38;2;180;60;0mgrad_norm:  2.5625  [38;2;54;234;195mmemory:  6.81GiB(8.60%)  [34mtps: 448  [36mtflops: 1.56  [35mmfu: 0.21%[39m
[titan] 2026-09-13 07:31:09,892 - root - INFO - [31mstep: 30  [32mloss: -2.00000  [38;2;180;60;0mgrad_norm:  2.5625  [38;2;54;234;195mmemory:  6.81GiB(8.60%)  [34mtps: 448  [36mtflops: 1.56  [35mmfu: 0.21%[39m
[titan] 2026-09-13 07:31:09,892 - root - INFO - [31mstep: 30  [32mloss:  2.90244  [38;2;180;60;0mgrad_norm:  2.5625  [38;2;54;234;195mmemory:  8.05GiB(10.17%)  [34mtps: 448  [36mtflops: 1.56  [35mmfu: 0.21%[39m
[titan] 2026-09-13 07:31:09,892 - root - INFO - [31mstep: 30  [32mloss:  2.90244  [38;2;180;60;0mgrad_norm:  2.5625  [38;2;54;234;195mmemory:  8.05GiB(10.17%)  [34mtps: 448  [36mtflops: 1.56  [35mmfu: 0.21%[39m
[titan] 2026-09-13 07:31:11,028 - root - INFO - [31mstep: 31  [32mloss: -2.00000  [38;2;180;60;0mgrad_norm:  1.7109  [38;2;54;234;195mmemory:  6.81GiB(8.60%)  [34mtps: 451  [36mtflops: 1.57  [35mmfu: 0.21%[39m
[titan] 2026-09-13 07:31:11,028 - root - INFO - [31mstep: 31  [32mloss: -2.00000  [38;2;180;60;0mgrad_norm:  1.7109  [38;2;54;234;195mmemory:  6.81GiB(8.60%)  [34mtps: 451  [36mtflops: 1.57  [35mmfu: 0.21%[39m
[titan] 2026-09-13 07:31:11,028 - root - INFO - [31mstep: 31  [32mloss:  2.85162  [38;2;180;60;0mgrad_norm:  1.7109  [38;2;54;234;195mmemory:  8.05GiB(10.17%)  [34mtps: 451  [36mtflops: 1.57  [35mmfu: 0.21%[39m
[titan] 2026-09-13 07:31:11,028 - root - INFO - [31mstep: 31  [32mloss:  2.85162  [38;2;180;60;0mgrad_norm:  1.7109  [38;2;54;234;195mmemory:  8.05GiB(10.17%)  [34mtps: 451  [36mtflops: 1.57  [35mmfu: 0.21%[39m
[titan] 2026-09-13 07:31:12,164 - root - INFO - [31mstep: 32  [32mloss: -2.00000  [38;2;180;60;0mgrad_norm:  1.5469  [38;2;54;234;195mmemory:  6.81GiB(8.60%)  [34mtps: 451  [36mtflops: 1.57  [35mmfu: 0.21%[39m
[titan] 2026-09-13 07:31:12,165 - root - INFO - [31mstep: 32  [32mloss: -2.00000  [38;2;180;60;0mgrad_norm:  1.5469  [38;2;54;234;195mmemory:  6.81GiB(8.60%)  [34mtps: 451  [36mtflops: 1.57  [35mmfu: 0.21%[39m
[titan] 2026-09-13 07:31:12,165 - root - INFO - [31mstep: 32  [32mloss:  2.81221  [38;2;180;60;0mgrad_norm:  1.5469  [38;2;54;234;195mmemory:  8.05GiB(10.17%)  [34mtps: 451  [36mtflops: 1.57  [35mmfu: 0.21%[39m
[titan] 2026-09-13 07:31:12,165 - root - INFO - [31mstep: 32  [32mloss:  2.81221  [38;2;180;60;0mgrad_norm:  1.5469  [38;2;54;234;195mmemory:  8.05GiB(10.17%)  [34mtps: 451  [36mtflops: 1.57  [35mmfu: 0.21%[39m
[titan] 2026-09-13 07:31:13,302 - root - INFO - [31mstep: 33  [32mloss: -2.00000  [38;2;180;60;0mgrad_norm:  1.6094  [38;2;54;234;195mmemory:  6.81GiB(8.60%)  [34mtps: 450  [36mtflops: 1.57  [35mmfu: 0.21%[39m
[titan] 2026-09-13 07:31:13,302 - root - INFO - [31mstep: 33  [32mloss: -2.00000  [38;2;180;60;0mgrad_norm:  1.6094  [38;2;54;234;195mmemory:  6.81GiB(8.60%)  [34mtps: 450  [36mtflops: 1.57  [35mmfu: 0.21%[39m
[titan] 2026-09-13 07:31:13,303 - root - INFO - [31mstep: 33  [32mloss:  2.68849  [38;2;180;60;0mgrad_norm:  1.6094  [38;2;54;234;195mmemory:  8.05GiB(10.17%)  [34mtps: 450  [36mtflops: 1.57  [35mmfu: 0.21%[39m
[titan] 2026-09-13 07:31:13,303 - root - INFO - [31mstep: 33  [32mloss:  2.68849  [38;2;180;60;0mgrad_norm:  1.6094  [38;2;54;234;195mmemory:  8.05GiB(10.17%)  [34mtps: 450  [36mtflops: 1.57  [35mmfu: 0.21%[39m
[titan] 2026-09-13 07:31:14,438 - root - INFO - [31mstep: 34  [32mloss: -2.00000  [38;2;180;60;0mgrad_norm:  2.0156  [38;2;54;234;195mmemory:  6.81GiB(8.60%)  [34mtps: 451  [36mtflops: 1.57  [35mmfu: 0.21%[39m
[titan] 2026-09-13 07:31:14,438 - root - INFO - [31mstep: 34  [32mloss: -2.00000  [38;2;180;60;0mgrad_norm:  2.0156  [38;2;54;234;195mmemory:  6.81GiB(8.60%)  [34mtps: 451  [36mtflops: 1.57  [35mmfu: 0.21%[39m
[titan] 2026-09-13 07:31:14,438 - root - INFO - [31mstep: 34  [32mloss:  2.68758  [38;2;180;60;0mgrad_norm:  2.0156  [38;2;54;234;195mmemory:  8.05GiB(10.17%)  [34mtps: 451  [36mtflops: 1.57  [35mmfu: 0.21%[39m
[titan] 2026-09-13 07:31:14,438 - root - INFO - [31mstep: 34  [32mloss:  2.68758  [38;2;180;60;0mgrad_norm:  2.0156  [38;2;54;234;195mmemory:  8.05GiB(10.17%)  [34mtps: 451  [36mtflops: 1.57  [35mmfu: 0.21%[39m
[titan] 2026-09-13 07:31:15,578 - root - INFO - [31mstep: 35  [32mloss: -2.00000  [38;2;180;60;0mgrad_norm:  1.1250  [38;2;54;234;195mmemory:  6.81GiB(8.60%)  [34mtps: 449  [36mtflops: 1.57  [35mmfu: 0.21%[39m
[titan] 2026-09-13 07:31:15,578 - root - INFO - [31mstep: 35  [32mloss: -2.00000  [38;2;180;60;0mgrad_norm:  1.1250  [38;2;54;234;195mmemory:  6.81GiB(8.60%)  [34mtps: 449  [36mtflops: 1.57  [35mmfu: 0.21%[39m
[titan] 2026-09-13 07:31:15,578 - root - INFO - [31mstep: 35  [32mloss:  2.81132  [38;2;180;60;0mgrad_norm:  1.1250  [38;2;54;234;195mmemory:  8.05GiB(10.17%)  [34mtps: 449  [36mtflops: 1.57  [35mmfu: 0.21%[39m
[titan] 2026-09-13 07:31:15,579 - root - INFO - [31mstep: 35  [32mloss:  2.81132  [38;2;180;60;0mgrad_norm:  1.1250  [38;2;54;234;195mmemory:  8.05GiB(10.17%)  [34mtps: 449  [36mtflops: 1.57  [35mmfu: 0.21%[39m
[titan] 2026-09-13 07:31:16,721 - root - INFO - [31mstep: 36  [32mloss: -2.00000  [38;2;180;60;0mgrad_norm:  1.6094  [38;2;54;234;195mmemory:  6.81GiB(8.60%)  [34mtps: 448  [36mtflops: 1.56  [35mmfu: 0.21%[39m
[titan] 2026-09-13 07:31:16,721 - root - INFO - [31mstep: 36  [32mloss: -2.00000  [38;2;180;60;0mgrad_norm:  1.6094  [38;2;54;234;195mmemory:  6.81GiB(8.60%)  [34mtps: 448  [36mtflops: 1.56  [35mmfu: 0.21%[39m
[titan] 2026-09-13 07:31:16,722 - root - INFO - [31mstep: 36  [32mloss:  2.65623  [38;2;180;60;0mgrad_norm:  1.6094  [38;2;54;234;195mmemory:  8.05GiB(10.17%)  [34mtps: 448  [36mtflops: 1.56  [35mmfu: 0.21%[39m
[titan] 2026-09-13 07:31:16,722 - root - INFO - [31mstep: 36  [32mloss:  2.65623  [38;2;180;60;0mgrad_norm:  1.6094  [38;2;54;234;195mmemory:  8.05GiB(10.17%)  [34mtps: 448  [36mtflops: 1.56  [35mmfu: 0.21%[39m
[titan] 2026-09-13 07:31:17,863 - root - INFO - [31mstep: 37  [32mloss: -2.00000  [38;2;180;60;0mgrad_norm:  1.7266  [38;2;54;234;195mmemory:  6.81GiB(8.60%)  [34mtps: 449  [36mtflops: 1.57  [35mmfu: 0.21%[39m
[titan] 2026-09-13 07:31:17,863 - root - INFO - [31mstep: 37  [32mloss: -2.00000  [38;2;180;60;0mgrad_norm:  1.7266  [38;2;54;234;195mmemory:  6.81GiB(8.60%)  [34mtps: 449  [36mtflops: 1.57  [35mmfu: 0.21%[39m
[titan] 2026-09-13 07:31:17,863 - root - INFO - [31mstep: 37  [32mloss:  2.79464  [38;2;180;60;0mgrad_norm:  1.7266  [38;2;54;234;195mmemory:  8.05GiB(10.17%)  [34mtps: 449  [36mtflops: 1.57  [35mmfu: 0.21%[39m
[titan] 2026-09-13 07:31:17,863 - root - INFO - [31mstep: 37  [32mloss:  2.79464  [38;2;180;60;0mgrad_norm:  1.7266  [38;2;54;234;195mmemory:  8.05GiB(10.17%)  [34mtps: 449  [36mtflops: 1.57  [35mmfu: 0.21%[39m
[titan] 2026-09-13 07:31:19,005 - root - INFO - [31mstep: 38  [32mloss: -2.00000  [38;2;180;60;0mgrad_norm:  1.9141  [38;2;54;234;195mmemory:  6.81GiB(8.60%)  [34mtps: 448  [36mtflops: 1.56  [35mmfu: 0.21%[39m
[titan] 2026-09-13 07:31:19,005 - root - INFO - [31mstep: 38  [32mloss: -2.00000  [38;2;180;60;0mgrad_norm:  1.9141  [38;2;54;234;195mmemory:  6.81GiB(8.60%)  [34mtps: 448  [36mtflops: 1.56  [35mmfu: 0.21%[39m
[titan] 2026-09-13 07:31:19,005 - root - INFO - [31mstep: 38  [32mloss:  2.71543  [38;2;180;60;0mgrad_norm:  1.9141  [38;2;54;234;195mmemory:  8.05GiB(10.17%)  [34mtps: 448  [36mtflops: 1.56  [35mmfu: 0.21%[39m
[titan] 2026-09-13 07:31:19,005 - root - INFO - [31mstep: 38  [32mloss:  2.71543  [38;2;180;60;0mgrad_norm:  1.9141  [38;2;54;234;195mmemory:  8.05GiB(10.17%)  [34mtps: 449  [36mtflops: 1.56  [35mmfu: 0.21%[39m
[titan] 2026-09-13 07:31:20,142 - root - INFO - [31mstep: 39  [32mloss: -2.00000  [38;2;180;60;0mgrad_norm:  1.6953  [38;2;54;234;195mmemory:  6.81GiB(8.60%)  [34mtps: 450  [36mtflops: 1.57  [35mmfu: 0.21%[39m
[titan] 2026-09-13 07:31:20,142 - root - INFO - [31mstep: 39  [32mloss: -2.00000  [38;2;180;60;0mgrad_norm:  1.6953  [38;2;54;234;195mmemory:  6.81GiB(8.60%)  [34mtps: 450  [36mtflops: 1.57  [35mmfu: 0.21%[39m
[titan] 2026-09-13 07:31:20,142 - root - INFO - [31mstep: 39  [32mloss:  2.75354  [38;2;180;60;0mgrad_norm:  1.6953  [38;2;54;234;195mmemory:  8.05GiB(10.17%)  [34mtps: 450  [36mtflops: 1.57  [35mmfu: 0.21%[39m
[titan] 2026-09-13 07:31:20,142 - root - INFO - [31mstep: 39  [32mloss:  2.75354  [38;2;180;60;0mgrad_norm:  1.6953  [38;2;54;234;195mmemory:  8.05GiB(10.17%)  [34mtps: 450  [36mtflops: 1.57  [35mmfu: 0.21%[39m
[titan] 2026-09-13 07:31:21,285 - root - INFO - [31mstep: 40  [32mloss: -2.00000  [38;2;180;60;0mgrad_norm:  1.5703  [38;2;54;234;195mmemory:  6.81GiB(8.60%)  [34mtps: 448  [36mtflops: 1.56  [35mmfu: 0.21%[39m
[titan] 2026-09-13 07:31:21,285 - root - INFO - [31mstep: 40  [32mloss: -2.00000  [38;2;180;60;0mgrad_norm:  1.5703  [38;2;54;234;195mmemory:  6.81GiB(8.60%)  [34mtps: 448  [36mtflops: 1.56  [35mmfu: 0.21%[39m
[titan] 2026-09-13 07:31:21,286 - root - INFO - [31mstep: 40  [32mloss:  2.76559  [38;2;180;60;0mgrad_norm:  1.5703  [38;2;54;234;195mmemory:  8.05GiB(10.17%)  [34mtps: 448  [36mtflops: 1.56  [35mmfu: 0.21%[39m
[titan] 2026-09-13 07:31:21,286 - root - INFO - [31mstep: 40  [32mloss:  2.76559  [38;2;180;60;0mgrad_norm:  1.5703  [38;2;54;234;195mmemory:  8.05GiB(10.17%)  [34mtps: 448  [36mtflops: 1.56  [35mmfu: 0.21%[39m
[titan] 2026-09-13 07:31:22,427 - root - INFO - [31mstep: 41  [32mloss: -2.00000  [38;2;180;60;0mgrad_norm:  1.3750  [38;2;54;234;195mmemory:  6.81GiB(8.60%)  [34mtps: 449  [36mtflops: 1.56  [35mmfu: 0.21%[39m
[titan] 2026-09-13 07:31:22,427 - root - INFO - [31mstep: 41  [32mloss: -2.00000  [38;2;180;60;0mgrad_norm:  1.3750  [38;2;54;234;195mmemory:  6.81GiB(8.60%)  [34mtps: 449  [36mtflops: 1.56  [35mmfu: 0.21%[39m
[titan] 2026-09-13 07:31:22,427 - root - INFO - [31mstep: 41  [32mloss:  2.80800  [38;2;180;60;0mgrad_norm:  1.3750  [38;2;54;234;195mmemory:  8.05GiB(10.17%)  [34mtps: 449  [36mtflops: 1.57  [35mmfu: 0.21%[39m
[titan] 2026-09-13 07:31:22,427 - root - INFO - [31mstep: 41  [32mloss:  2.80800  [38;2;180;60;0mgrad_norm:  1.3750  [38;2;54;234;195mmemory:  8.05GiB(10.17%)  [34mtps: 449  [36mtflops: 1.56  [35mmfu: 0.21%[39m
[titan] 2026-09-13 07:31:23,564 - root - INFO - [31mstep: 42  [32mloss: -2.00000  [38;2;180;60;0mgrad_norm:  1.3516  [38;2;54;234;195mmemory:  6.81GiB(8.60%)  [34mtps: 450  [36mtflops: 1.57  [35mmfu: 0.21%[39m
[titan] 2026-09-13 07:31:23,565 - root - INFO - [31mstep: 42  [32mloss: -2.00000  [38;2;180;60;0mgrad_norm:  1.3516  [38;2;54;234;195mmemory:  6.81GiB(8.60%)  [34mtps: 450  [36mtflops: 1.57  [35mmfu: 0.21%[39m
[titan] 2026-09-13 07:31:23,565 - root - INFO - [31mstep: 42  [32mloss:  2.71699  [38;2;180;60;0mgrad_norm:  1.3516  [38;2;54;234;195mmemory:  8.05GiB(10.17%)  [34mtps: 450  [36mtflops: 1.57  [35mmfu: 0.21%[39m
[titan] 2026-09-13 07:31:23,565 - root - INFO - [31mstep: 42  [32mloss:  2.71699  [38;2;180;60;0mgrad_norm:  1.3516  [38;2;54;234;195mmemory:  8.05GiB(10.17%)  [34mtps: 450  [36mtflops: 1.57  [35mmfu: 0.21%[39m
[titan] 2026-09-13 07:31:24,707 - root - INFO - [31mstep: 43  [32mloss: -2.00000  [38;2;180;60;0mgrad_norm:  1.2891  [38;2;54;234;195mmemory:  6.81GiB(8.60%)  [34mtps: 448  [36mtflops: 1.56  [35mmfu: 0.21%[39m
[titan] 2026-09-13 07:31:24,707 - root - INFO - [31mstep: 43  [32mloss: -2.00000  [38;2;180;60;0mgrad_norm:  1.2891  [38;2;54;234;195mmemory:  6.81GiB(8.60%)  [34mtps: 448  [36mtflops: 1.56  [35mmfu: 0.21%[39m
[titan] 2026-09-13 07:31:24,707 - root - INFO - [31mstep: 43  [32mloss:  2.67942  [38;2;180;60;0mgrad_norm:  1.2891  [38;2;54;234;195mmemory:  8.05GiB(10.17%)  [34mtps: 448  [36mtflops: 1.56  [35mmfu: 0.21%[39m
[titan] 2026-09-13 07:31:24,707 - root - INFO - [31mstep: 43  [32mloss:  2.67942  [38;2;180;60;0mgrad_norm:  1.2891  [38;2;54;234;195mmemory:  8.05GiB(10.17%)  [34mtps: 448  [36mtflops: 1.56  [35mmfu: 0.21%[39m
[titan] 2026-09-13 07:31:25,846 - root - INFO - [31mstep: 44  [32mloss: -2.00000  [38;2;180;60;0mgrad_norm:  1.0859  [38;2;54;234;195mmemory:  6.81GiB(8.60%)  [34mtps: 449  [36mtflops: 1.57  [35mmfu: 0.21%[39m
[titan] 2026-09-13 07:31:25,846 - root - INFO - [31mstep: 44  [32mloss: -2.00000  [38;2;180;60;0mgrad_norm:  1.0859  [38;2;54;234;195mmemory:  6.81GiB(8.60%)  [34mtps: 449  [36mtflops: 1.57  [35mmfu: 0.21%[39m
[titan] 2026-09-13 07:31:25,846 - root - INFO - [31mstep: 44  [32mloss:  2.62895  [38;2;180;60;0mgrad_norm:  1.0859  [38;2;54;234;195mmemory:  8.05GiB(10.17%)  [34mtps: 449  [36mtflops: 1.57  [35mmfu: 0.21%[39m
[titan] 2026-09-13 07:31:25,847 - root - INFO - [31mstep: 44  [32mloss:  2.62895  [38;2;180;60;0mgrad_norm:  1.0859  [38;2;54;234;195mmemory:  8.05GiB(10.17%)  [34mtps: 449  [36mtflops: 1.57  [35mmfu: 0.21%[39m
[titan] 2026-09-13 07:31:26,982 - root - INFO - [31mstep: 45  [32mloss: -2.00000  [38;2;180;60;0mgrad_norm:  1.1094  [38;2;54;234;195mmemory:  6.81GiB(8.60%)  [34mtps: 451  [36mtflops: 1.57  [35mmfu: 0.21%[39m
[titan] 2026-09-13 07:31:26,982 - root - INFO - [31mstep: 45  [32mloss: -2.00000  [38;2;180;60;0mgrad_norm:  1.1094  [38;2;54;234;195mmemory:  6.81GiB(8.60%)  [34mtps: 451  [36mtflops: 1.57  [35mmfu: 0.21%[39m
[titan] 2026-09-13 07:31:26,983 - root - INFO - [31mstep: 45  [32mloss:  2.74176  [38;2;180;60;0mgrad_norm:  1.1094  [38;2;54;234;195mmemory:  8.05GiB(10.17%)  [34mtps: 451  [36mtflops: 1.57  [35mmfu: 0.21%[39m
[titan] 2026-09-13 07:31:26,983 - root - INFO - [31mstep: 45  [32mloss:  2.74176  [38;2;180;60;0mgrad_norm:  1.1094  [38;2;54;234;195mmemory:  8.05GiB(10.17%)  [34mtps: 451  [36mtflops: 1.57  [35mmfu: 0.21%[39m
[titan] 2026-09-13 07:31:28,118 - root - INFO - [31mstep: 46  [32mloss: -2.00000  [38;2;180;60;0mgrad_norm:  1.1719  [38;2;54;234;195mmemory:  6.81GiB(8.60%)  [34mtps: 451  [36mtflops: 1.57  [35mmfu: 0.21%[39m
[titan] 2026-09-13 07:31:28,118 - root - INFO - [31mstep: 46  [32mloss: -2.00000  [38;2;180;60;0mgrad_norm:  1.1719  [38;2;54;234;195mmemory:  6.81GiB(8.60%)  [34mtps: 451  [36mtflops: 1.57  [35mmfu: 0.21%[39m
[titan] 2026-09-13 07:31:28,119 - root - INFO - [31mstep: 46  [32mloss:  2.66098  [38;2;180;60;0mgrad_norm:  1.1719  [38;2;54;234;195mmemory:  8.05GiB(10.17%)  [34mtps: 451  [36mtflops: 1.57  [35mmfu: 0.21%[39m
[titan] 2026-09-13 07:31:28,119 - root - INFO - [31mstep: 46  [32mloss:  2.66098  [38;2;180;60;0mgrad_norm:  1.1719  [38;2;54;234;195mmemory:  8.05GiB(10.17%)  [34mtps: 451  [36mtflops: 1.57  [35mmfu: 0.21%[39m
[titan] 2026-09-13 07:31:29,251 - root - INFO - [31mstep: 47  [32mloss: -2.00000  [38;2;180;60;0mgrad_norm:  1.7578  [38;2;54;234;195mmemory:  6.81GiB(8.60%)  [34mtps: 452  [36mtflops: 1.58  [35mmfu: 0.21%[39m
[titan] 2026-09-13 07:31:29,251 - root - INFO - [31mstep: 47  [32mloss: -2.00000  [38;2;180;60;0mgrad_norm:  1.7578  [38;2;54;234;195mmemory:  6.81GiB(8.60%)  [34mtps: 452  [36mtflops: 1.58  [35mmfu: 0.21%[39m
[titan] 2026-09-13 07:31:29,252 - root - INFO - [31mstep: 47  [32mloss:  2.72465  [38;2;180;60;0mgrad_norm:  1.7578  [38;2;54;234;195mmemory:  8.05GiB(10.17%)  [34mtps: 452  [36mtflops: 1.58  [35mmfu: 0.21%[39m
[titan] 2026-09-13 07:31:29,252 - root - INFO - [31mstep: 47  [32mloss:  2.72465  [38;2;180;60;0mgrad_norm:  1.7578  [38;2;54;234;195mmemory:  8.05GiB(10.17%)  [34mtps: 452  [36mtflops: 1.58  [35mmfu: 0.21%[39m
[titan] 2026-09-13 07:31:30,386 - root - INFO - [31mstep: 48  [32mloss: -2.00000  [38;2;180;60;0mgrad_norm:  1.5938  [38;2;54;234;195mmemory:  6.81GiB(8.60%)  [34mtps: 451  [36mtflops: 1.57  [35mmfu: 0.21%[39m
[titan] 2026-09-13 07:31:30,386 - root - INFO - [31mstep: 48  [32mloss: -2.00000  [38;2;180;60;0mgrad_norm:  1.5938  [38;2;54;234;195mmemory:  6.81GiB(8.60%)  [34mtps: 451  [36mtflops: 1.57  [35mmfu: 0.21%[39m
[titan] 2026-09-13 07:31:30,387 - root - INFO - [31mstep: 48  [32mloss:  2.72724  [38;2;180;60;0mgrad_norm:  1.5938  [38;2;54;234;195mmemory:  8.05GiB(10.17%)  [34mtps: 451  [36mtflops: 1.57  [35mmfu: 0.21%[39m
[titan] 2026-09-13 07:31:30,387 - root - INFO - [31mstep: 48  [32mloss:  2.72724  [38;2;180;60;0mgrad_norm:  1.5938  [38;2;54;234;195mmemory:  8.05GiB(10.17%)  [34mtps: 451  [36mtflops: 1.57  [35mmfu: 0.21%[39m
[titan] 2026-09-13 07:31:31,528 - root - INFO - [31mstep: 49  [32mloss: -2.00000  [38;2;180;60;0mgrad_norm:  1.1641  [38;2;54;234;195mmemory:  6.81GiB(8.60%)  [34mtps: 449  [36mtflops: 1.56  [35mmfu: 0.21%[39m
[titan] 2026-09-13 07:31:31,528 - root - INFO - [31mstep: 49  [32mloss: -2.00000  [38;2;180;60;0mgrad_norm:  1.1641  [38;2;54;234;195mmemory:  6.81GiB(8.60%)  [34mtps: 449  [36mtflops: 1.56  [35mmfu: 0.21%[39m
[titan] 2026-09-13 07:31:31,528 - root - INFO - [31mstep: 49  [32mloss:  2.69871  [38;2;180;60;0mgrad_norm:  1.1641  [38;2;54;234;195mmemory:  8.05GiB(10.17%)  [34mtps: 449  [36mtflops: 1.57  [35mmfu: 0.21%[39m
[titan] 2026-09-13 07:31:31,528 - root - INFO - [31mstep: 49  [32mloss:  2.69871  [38;2;180;60;0mgrad_norm:  1.1641  [38;2;54;234;195mmemory:  8.05GiB(10.17%)  [34mtps: 449  [36mtflops: 1.56  [35mmfu: 0.21%[39m
[titan] 2026-09-13 07:31:31,759 - root - INFO - [GC] Performing periodic GC collection took 0.23 seconds
[titan] 2026-09-13 07:31:31,762 - root - INFO - [GC] Performing periodic GC collection took 0.23 seconds
[titan] 2026-09-13 07:31:31,861 - root - INFO - [GC] Performing periodic GC collection took 0.33 seconds
[titan] 2026-09-13 07:31:31,866 - root - INFO - [GC] Performing periodic GC collection took 0.34 seconds
[titan] 2026-09-13 07:31:33,032 - root - INFO - [31mstep: 50  [32mloss: -2.00000  [38;2;180;60;0mgrad_norm:  1.8594  [38;2;54;234;195mmemory:  6.81GiB(8.60%)  [34mtps: 340  [36mtflops: 1.19  [35mmfu: 0.16%[39m
[titan] 2026-09-13 07:31:33,032 - root - INFO - [31mstep: 50  [32mloss: -2.00000  [38;2;180;60;0mgrad_norm:  1.8594  [38;2;54;234;195mmemory:  6.81GiB(8.60%)  [34mtps: 340  [36mtflops: 1.19  [35mmfu: 0.16%[39m
[titan] 2026-09-13 07:31:33,033 - root - INFO - [31mstep: 50  [32mloss:  2.67124  [38;2;180;60;0mgrad_norm:  1.8594  [38;2;54;234;195mmemory:  8.05GiB(10.17%)  [34mtps: 340  [36mtflops: 1.19  [35mmfu: 0.16%[39m
[titan] 2026-09-13 07:31:33,033 - root - INFO - [31mstep: 50  [32mloss:  2.67124  [38;2;180;60;0mgrad_norm:  1.8594  [38;2;54;234;195mmemory:  8.05GiB(10.17%)  [34mtps: 340  [36mtflops: 1.19  [35mmfu: 0.16%[39m
[titan] 2026-09-13 07:31:34,193 - root - INFO - [31mstep: 51  [32mloss: -2.00000  [38;2;180;60;0mgrad_norm:  1.8984  [38;2;54;234;195mmemory:  6.81GiB(8.60%)  [34mtps: 441  [36mtflops: 1.54  [35mmfu: 0.20%[39m
[titan] 2026-09-13 07:31:34,193 - root - INFO - [31mstep: 51  [32mloss: -2.00000  [38;2;180;60;0mgrad_norm:  1.8984  [38;2;54;234;195mmemory:  6.81GiB(8.60%)  [34mtps: 441  [36mtflops: 1.54  [35mmfu: 0.20%[39m
[titan] 2026-09-13 07:31:34,193 - root - INFO - [31mstep: 51  [32mloss:  2.67700  [38;2;180;60;0mgrad_norm:  1.8984  [38;2;54;234;195mmemory:  8.05GiB(10.17%)  [34mtps: 441  [36mtflops: 1.54  [35mmfu: 0.20%[39m
[titan] 2026-09-13 07:31:34,193 - root - INFO - [31mstep: 51  [32mloss:  2.67700  [38;2;180;60;0mgrad_norm:  1.8984  [38;2;54;234;195mmemory:  8.05GiB(10.17%)  [34mtps: 441  [36mtflops: 1.54  [35mmfu: 0.20%[39m
[titan] 2026-09-13 07:31:35,355 - root - INFO - [31mstep: 52  [32mloss: -2.00000  [38;2;180;60;0mgrad_norm:  1.3125  [38;2;54;234;195mmemory:  6.81GiB(8.60%)  [34mtps: 441  [36mtflops: 1.54  [35mmfu: 0.20%[39m
[titan] 2026-09-13 07:31:35,355 - root - INFO - [31mstep: 52  [32mloss: -2.00000  [38;2;180;60;0mgrad_norm:  1.3125  [38;2;54;234;195mmemory:  6.81GiB(8.60%)  [34mtps: 441  [36mtflops: 1.54  [35mmfu: 0.20%[39m
[titan] 2026-09-13 07:31:35,355 - root - INFO - [31mstep: 52  [32mloss:  2.59360  [38;2;180;60;0mgrad_norm:  1.3125  [38;2;54;234;195mmemory:  8.05GiB(10.17%)  [34mtps: 441  [36mtflops: 1.54  [35mmfu: 0.20%[39m
[titan] 2026-09-13 07:31:35,355 - root - INFO - [31mstep: 52  [32mloss:  2.59360  [38;2;180;60;0mgrad_norm:  1.3125  [38;2;54;234;195mmemory:  8.05GiB(10.17%)  [34mtps: 441  [36mtflops: 1.54  [35mmfu: 0.20%[39m
[titan] 2026-09-13 07:31:36,518 - root - INFO - [31mstep: 53  [32mloss: -2.00000  [38;2;180;60;0mgrad_norm:  1.7109  [38;2;54;234;195mmemory:  6.81GiB(8.60%)  [34mtps: 440  [36mtflops: 1.54  [35mmfu: 0.20%[39m
[titan] 2026-09-13 07:31:36,518 - root - INFO - [31mstep: 53  [32mloss: -2.00000  [38;2;180;60;0mgrad_norm:  1.7109  [38;2;54;234;195mmemory:  6.81GiB(8.60%)  [34mtps: 440  [36mtflops: 1.54  [35mmfu: 0.20%[39m
[titan] 2026-09-13 07:31:36,518 - root - INFO - [31mstep: 53  [32mloss:  2.71952  [38;2;180;60;0mgrad_norm:  1.7109  [38;2;54;234;195mmemory:  8.05GiB(10.17%)  [34mtps: 440  [36mtflops: 1.54  [35mmfu: 0.20%[39m
[titan] 2026-09-13 07:31:36,518 - root - INFO - [31mstep: 53  [32mloss:  2.71952  [38;2;180;60;0mgrad_norm:  1.7109  [38;2;54;234;195mmemory:  8.05GiB(10.17%)  [34mtps: 440  [36mtflops: 1.54  [35mmfu: 0.20%[39m
[titan] 2026-09-13 07:31:37,682 - root - INFO - [31mstep: 54  [32mloss: -2.00000  [38;2;180;60;0mgrad_norm:  1.7266  [38;2;54;234;195mmemory:  6.81GiB(8.60%)  [34mtps: 440  [36mtflops: 1.53  [35mmfu: 0.20%[39m
[titan] 2026-09-13 07:31:37,682 - root - INFO - [31mstep: 54  [32mloss: -2.00000  [38;2;180;60;0mgrad_norm:  1.7266  [38;2;54;234;195mmemory:  6.81GiB(8.60%)  [34mtps: 440  [36mtflops: 1.53  [35mmfu: 0.20%[39m
[titan] 2026-09-13 07:31:37,683 - root - INFO - [31mstep: 54  [32mloss:  2.81012  [38;2;180;60;0mgrad_norm:  1.7266  [38;2;54;234;195mmemory:  8.05GiB(10.17%)  [34mtps: 440  [36mtflops: 1.53  [35mmfu: 0.20%[39m
[titan] 2026-09-13 07:31:37,683 - root - INFO - [31mstep: 54  [32mloss:  2.81012  [38;2;180;60;0mgrad_norm:  1.7266  [38;2;54;234;195mmemory:  8.05GiB(10.17%)  [34mtps: 440  [36mtflops: 1.53  [35mmfu: 0.20%[39m
[titan] 2026-09-13 07:31:38,843 - root - INFO - [31mstep: 55  [32mloss: -2.00000  [38;2;180;60;0mgrad_norm:  1.5078  [38;2;54;234;195mmemory:  6.81GiB(8.60%)  [34mtps: 441  [36mtflops: 1.54  [35mmfu: 0.20%[39m
[titan] 2026-09-13 07:31:38,843 - root - INFO - [31mstep: 55  [32mloss: -2.00000  [38;2;180;60;0mgrad_norm:  1.5078  [38;2;54;234;195mmemory:  6.81GiB(8.60%)  [34mtps: 441  [36mtflops: 1.54  [35mmfu: 0.20%[39m
[titan] 2026-09-13 07:31:38,844 - root - INFO - [31mstep: 55  [32mloss:  2.86908  [38;2;180;60;0mgrad_norm:  1.5078  [38;2;54;234;195mmemory:  8.05GiB(10.17%)  [34mtps: 441  [36mtflops: 1.54  [35mmfu: 0.20%[39m
[titan] 2026-09-13 07:31:38,844 - root - INFO - [31mstep: 55  [32mloss:  2.86908  [38;2;180;60;0mgrad_norm:  1.5078  [38;2;54;234;195mmemory:  8.05GiB(10.17%)  [34mtps: 441  [36mtflops: 1.54  [35mmfu: 0.20%[39m
[titan] 2026-09-13 07:31:40,007 - root - INFO - [31mstep: 56  [32mloss: -2.00000  [38;2;180;60;0mgrad_norm:  1.5000  [38;2;54;234;195mmemory:  6.81GiB(8.60%)  [34mtps: 440  [36mtflops: 1.54  [35mmfu: 0.20%[39m
[titan] 2026-09-13 07:31:40,007 - root - INFO - [31mstep: 56  [32mloss: -2.00000  [38;2;180;60;0mgrad_norm:  1.5000  [38;2;54;234;195mmemory:  6.81GiB(8.60%)  [34mtps: 440  [36mtflops: 1.54  [35mmfu: 0.20%[39m
[titan] 2026-09-13 07:31:40,008 - root - INFO - [31mstep: 56  [32mloss:  2.54340  [38;2;180;60;0mgrad_norm:  1.5000  [38;2;54;234;195mmemory:  8.05GiB(10.17%)  [34mtps: 440  [36mtflops: 1.54  [35mmfu: 0.20%[39m
[titan] 2026-09-13 07:31:40,008 - root - INFO - [31mstep: 56  [32mloss:  2.54340  [38;2;180;60;0mgrad_norm:  1.5000  [38;2;54;234;195mmemory:  8.05GiB(10.17%)  [34mtps: 440  [36mtflops: 1.54  [35mmfu: 0.20%[39m
[titan] 2026-09-13 07:31:41,174 - root - INFO - [31mstep: 57  [32mloss: -2.00000  [38;2;180;60;0mgrad_norm:  1.6094  [38;2;54;234;195mmemory:  6.81GiB(8.60%)  [34mtps: 439  [36mtflops: 1.53  [35mmfu: 0.20%[39m
[titan] 2026-09-13 07:31:41,174 - root - INFO - [31mstep: 57  [32mloss: -2.00000  [38;2;180;60;0mgrad_norm:  1.6094  [38;2;54;234;195mmemory:  6.81GiB(8.60%)  [34mtps: 439  [36mtflops: 1.53  [35mmfu: 0.20%[39m
[titan] 2026-09-13 07:31:41,175 - root - INFO - [31mstep: 57  [32mloss:  2.64573  [38;2;180;60;0mgrad_norm:  1.6094  [38;2;54;234;195mmemory:  8.05GiB(10.17%)  [34mtps: 439  [36mtflops: 1.53  [35mmfu: 0.20%[39m
[titan] 2026-09-13 07:31:41,175 - root - INFO - [31mstep: 57  [32mloss:  2.64573  [38;2;180;60;0mgrad_norm:  1.6094  [38;2;54;234;195mmemory:  8.05GiB(10.17%)  [34mtps: 439  [36mtflops: 1.53  [35mmfu: 0.20%[39m
[titan] 2026-09-13 07:31:42,338 - root - INFO - [31mstep: 58  [32mloss: -2.00000  [38;2;180;60;0mgrad_norm:  1.5625  [38;2;54;234;195mmemory:  6.81GiB(8.60%)  [34mtps: 440  [36mtflops: 1.53  [35mmfu: 0.20%[39m
[titan] 2026-09-13 07:31:42,339 - root - INFO - [31mstep: 58  [32mloss: -2.00000  [38;2;180;60;0mgrad_norm:  1.5625  [38;2;54;234;195mmemory:  6.81GiB(8.60%)  [34mtps: 440  [36mtflops: 1.53  [35mmfu: 0.20%[39m
[titan] 2026-09-13 07:31:42,339 - root - INFO - [31mstep: 58  [32mloss:  2.58204  [38;2;180;60;0mgrad_norm:  1.5625  [38;2;54;234;195mmemory:  8.05GiB(10.17%)  [34mtps: 440  [36mtflops: 1.53  [35mmfu: 0.20%[39m
[titan] 2026-09-13 07:31:42,339 - root - INFO - [31mstep: 58  [32mloss:  2.58204  [38;2;180;60;0mgrad_norm:  1.5625  [38;2;54;234;195mmemory:  8.05GiB(10.17%)  [34mtps: 440  [36mtflops: 1.53  [35mmfu: 0.20%[39m
[titan] 2026-09-13 07:31:43,501 - root - INFO - [31mstep: 59  [32mloss: -2.00000  [38;2;180;60;0mgrad_norm:  1.2656  [38;2;54;234;195mmemory:  6.81GiB(8.60%)  [34mtps: 441  [36mtflops: 1.54  [35mmfu: 0.20%[39m
[titan] 2026-09-13 07:31:43,501 - root - INFO - [31mstep: 59  [32mloss: -2.00000  [38;2;180;60;0mgrad_norm:  1.2656  [38;2;54;234;195mmemory:  6.81GiB(8.60%)  [34mtps: 441  [36mtflops: 1.54  [35mmfu: 0.20%[39m
[titan] 2026-09-13 07:31:43,501 - root - INFO - [31mstep: 59  [32mloss:  2.57667  [38;2;180;60;0mgrad_norm:  1.2656  [38;2;54;234;195mmemory:  8.05GiB(10.17%)  [34mtps: 441  [36mtflops: 1.54  [35mmfu: 0.20%[39m
[titan] 2026-09-13 07:31:43,501 - root - INFO - [31mstep: 59  [32mloss:  2.57667  [38;2;180;60;0mgrad_norm:  1.2656  [38;2;54;234;195mmemory:  8.05GiB(10.17%)  [34mtps: 441  [36mtflops: 1.54  [35mmfu: 0.20%[39m
[titan] 2026-09-13 07:31:44,662 - root - INFO - [31mstep: 60  [32mloss: -2.00000  [38;2;180;60;0mgrad_norm:  1.8594  [38;2;54;234;195mmemory:  6.81GiB(8.60%)  [34mtps: 441  [36mtflops: 1.54  [35mmfu: 0.20%[39m
[titan] 2026-09-13 07:31:44,662 - root - INFO - [31mstep: 60  [32mloss: -2.00000  [38;2;180;60;0mgrad_norm:  1.8594  [38;2;54;234;195mmemory:  6.81GiB(8.60%)  [34mtps: 441  [36mtflops: 1.54  [35mmfu: 0.20%[39m
[titan] 2026-09-13 07:31:44,663 - root - INFO - [31mstep: 60  [32mloss:  2.53882  [38;2;180;60;0mgrad_norm:  1.8594  [38;2;54;234;195mmemory:  8.05GiB(10.17%)  [34mtps: 441  [36mtflops: 1.54  [35mmfu: 0.20%[39m
[titan] 2026-09-13 07:31:44,663 - root - INFO - [31mstep: 60  [32mloss:  2.53882  [38;2;180;60;0mgrad_norm:  1.8594  [38;2;54;234;195mmemory:  8.05GiB(10.17%)  [34mtps: 441  [36mtflops: 1.54  [35mmfu: 0.20%[39m
[titan] 2026-09-13 07:31:45,824 - root - INFO - [31mstep: 61  [32mloss: -2.00000  [38;2;180;60;0mgrad_norm:  1.8281  [38;2;54;234;195mmemory:  6.81GiB(8.60%)  [34mtps: 441  [36mtflops: 1.54  [35mmfu: 0.20%[39m
[titan] 2026-09-13 07:31:45,824 - root - INFO - [31mstep: 61  [32mloss: -2.00000  [38;2;180;60;0mgrad_norm:  1.8281  [38;2;54;234;195mmemory:  6.81GiB(8.60%)  [34mtps: 441  [36mtflops: 1.54  [35mmfu: 0.20%[39m
[titan] 2026-09-13 07:31:45,824 - root - INFO - [31mstep: 61  [32mloss:  2.58726  [38;2;180;60;0mgrad_norm:  1.8281  [38;2;54;234;195mmemory:  8.05GiB(10.17%)  [34mtps: 441  [36mtflops: 1.54  [35mmfu: 0.20%[39m
[titan] 2026-09-13 07:31:45,824 - root - INFO - [31mstep: 61  [32mloss:  2.58726  [38;2;180;60;0mgrad_norm:  1.8281  [38;2;54;234;195mmemory:  8.05GiB(10.17%)  [34mtps: 441  [36mtflops: 1.54  [35mmfu: 0.20%[39m
[titan] 2026-09-13 07:31:46,987 - root - INFO - [31mstep: 62  [32mloss:  2.71076  [38;2;180;60;0mgrad_norm:  1.3594  [38;2;54;234;195mmemory:  8.05GiB(10.17%)  [34mtps: 440  [36mtflops: 1.54  [35mmfu: 0.20%[39m
[titan] 2026-09-13 07:31:46,987 - root - INFO - [31mstep: 62  [32mloss:  2.71076  [38;2;180;60;0mgrad_norm:  1.3594  [38;2;54;234;195mmemory:  8.05GiB(10.17%)  [34mtps: 440  [36mtflops: 1.54  [35mmfu: 0.20%[39m
[titan] 2026-09-13 07:31:46,987 - root - INFO - [31mstep: 62  [32mloss: -2.00000  [38;2;180;60;0mgrad_norm:  1.3594  [38;2;54;234;195mmemory:  6.81GiB(8.60%)  [34mtps: 440  [36mtflops: 1.54  [35mmfu: 0.20%[39m
[titan] 2026-09-13 07:31:46,987 - root - INFO - [31mstep: 62  [32mloss: -2.00000  [38;2;180;60;0mgrad_norm:  1.3594  [38;2;54;234;195mmemory:  6.81GiB(8.60%)  [34mtps: 440  [36mtflops: 1.54  [35mmfu: 0.20%[39m
[titan] 2026-09-13 07:31:48,151 - root - INFO - [31mstep: 63  [32mloss: -2.00000  [38;2;180;60;0mgrad_norm:  1.4375  [38;2;54;234;195mmemory:  6.81GiB(8.60%)  [34mtps: 440  [36mtflops: 1.53  [35mmfu: 0.20%[39m
[titan] 2026-09-13 07:31:48,151 - root - INFO - [31mstep: 63  [32mloss: -2.00000  [38;2;180;60;0mgrad_norm:  1.4375  [38;2;54;234;195mmemory:  6.81GiB(8.60%)  [34mtps: 440  [36mtflops: 1.53  [35mmfu: 0.20%[39m
[titan] 2026-09-13 07:31:48,152 - root - INFO - [31mstep: 63  [32mloss:  2.67336  [38;2;180;60;0mgrad_norm:  1.4375  [38;2;54;234;195mmemory:  8.05GiB(10.17%)  [34mtps: 440  [36mtflops: 1.53  [35mmfu: 0.20%[39m
[titan] 2026-09-13 07:31:48,152 - root - INFO - [31mstep: 63  [32mloss:  2.67336  [38;2;180;60;0mgrad_norm:  1.4375  [38;2;54;234;195mmemory:  8.05GiB(10.17%)  [34mtps: 440  [36mtflops: 1.53  [35mmfu: 0.20%[39m
[titan] 2026-09-13 07:31:49,331 - root - INFO - [31mstep: 64  [32mloss: -2.00000  [38;2;180;60;0mgrad_norm:  1.7656  [38;2;54;234;195mmemory:  6.81GiB(8.60%)  [34mtps: 434  [36mtflops: 1.51  [35mmfu: 0.20%[39m
[titan] 2026-09-13 07:31:49,331 - root - INFO - [31mstep: 64  [32mloss: -2.00000  [38;2;180;60;0mgrad_norm:  1.7656  [38;2;54;234;195mmemory:  6.81GiB(8.60%)  [34mtps: 434  [36mtflops: 1.51  [35mmfu: 0.20%[39m
[titan] 2026-09-13 07:31:49,332 - root - INFO - [31mstep: 64  [32mloss:  2.65476  [38;2;180;60;0mgrad_norm:  1.7656  [38;2;54;234;195mmemory:  8.05GiB(10.17%)  [34mtps: 434  [36mtflops: 1.51  [35mmfu: 0.20%[39m
[titan] 2026-09-13 07:31:49,332 - root - INFO - [31mstep: 64  [32mloss:  2.65476  [38;2;180;60;0mgrad_norm:  1.7656  [38;2;54;234;195mmemory:  8.05GiB(10.17%)  [34mtps: 434  [36mtflops: 1.51  [35mmfu: 0.20%[39m
[titan] 2026-09-13 07:31:50,498 - root - INFO - [31mstep: 65  [32mloss: -2.00000  [38;2;180;60;0mgrad_norm:  1.6094  [38;2;54;234;195mmemory:  6.81GiB(8.60%)  [34mtps: 439  [36mtflops: 1.53  [35mmfu: 0.20%[39m
[titan] 2026-09-13 07:31:50,498 - root - INFO - [31mstep: 65  [32mloss: -2.00000  [38;2;180;60;0mgrad_norm:  1.6094  [38;2;54;234;195mmemory:  6.81GiB(8.60%)  [34mtps: 439  [36mtflops: 1.53  [35mmfu: 0.20%[39m
[titan] 2026-09-13 07:31:50,498 - root - INFO - [31mstep: 65  [32mloss:  2.68536  [38;2;180;60;0mgrad_norm:  1.6094  [38;2;54;234;195mmemory:  8.05GiB(10.17%)  [34mtps: 439  [36mtflops: 1.53  [35mmfu: 0.20%[39m
[titan] 2026-09-13 07:31:50,498 - root - INFO - [31mstep: 65  [32mloss:  2.68536  [38;2;180;60;0mgrad_norm:  1.6094  [38;2;54;234;195mmemory:  8.05GiB(10.17%)  [34mtps: 439  [36mtflops: 1.53  [35mmfu: 0.20%[39m
[titan] 2026-09-13 07:31:51,679 - root - INFO - [31mstep: 66  [32mloss: -2.00000  [38;2;180;60;0mgrad_norm:  1.1797  [38;2;54;234;195mmemory:  6.81GiB(8.60%)  [34mtps: 434  [36mtflops: 1.51  [35mmfu: 0.20%[39m
[titan] 2026-09-13 07:31:51,679 - root - INFO - [31mstep: 66  [32mloss: -2.00000  [38;2;180;60;0mgrad_norm:  1.1797  [38;2;54;234;195mmemory:  6.81GiB(8.60%)  [34mtps: 434  [36mtflops: 1.51  [35mmfu: 0.20%[39m
[titan] 2026-09-13 07:31:51,679 - root - INFO - [31mstep: 66  [32mloss:  2.56058  [38;2;180;60;0mgrad_norm:  1.1797  [38;2;54;234;195mmemory:  8.05GiB(10.17%)  [34mtps: 434  [36mtflops: 1.51  [35mmfu: 0.20%[39m
[titan] 2026-09-13 07:31:51,679 - root - INFO - [31mstep: 66  [32mloss:  2.56058  [38;2;180;60;0mgrad_norm:  1.1797  [38;2;54;234;195mmemory:  8.05GiB(10.17%)  [34mtps: 434  [36mtflops: 1.51  [35mmfu: 0.20%[39m
[titan] 2026-09-13 07:31:52,845 - root - INFO - [31mstep: 67  [32mloss: -2.00000  [38;2;180;60;0mgrad_norm:  1.3594  [38;2;54;234;195mmemory:  6.81GiB(8.60%)  [34mtps: 439  [36mtflops: 1.53  [35mmfu: 0.20%[39m
[titan] 2026-09-13 07:31:52,845 - root - INFO - [31mstep: 67  [32mloss: -2.00000  [38;2;180;60;0mgrad_norm:  1.3594  [38;2;54;234;195mmemory:  6.81GiB(8.60%)  [34mtps: 439  [36mtflops: 1.53  [35mmfu: 0.20%[39m
[titan] 2026-09-13 07:31:52,846 - root - INFO - [31mstep: 67  [32mloss:  2.49421  [38;2;180;60;0mgrad_norm:  1.3594  [38;2;54;234;195mmemory:  8.05GiB(10.17%)  [34mtps: 439  [36mtflops: 1.53  [35mmfu: 0.20%[39m
[titan] 2026-09-13 07:31:52,846 - root - INFO - [31mstep: 67  [32mloss:  2.49421  [38;2;180;60;0mgrad_norm:  1.3594  [38;2;54;234;195mmemory:  8.05GiB(10.17%)  [34mtps: 439  [36mtflops: 1.53  [35mmfu: 0.20%[39m
[titan] 2026-09-13 07:31:54,013 - root - INFO - [31mstep: 68  [32mloss: -2.00000  [38;2;180;60;0mgrad_norm:  1.5859  [38;2;54;234;195mmemory:  6.81GiB(8.60%)  [34mtps: 438  [36mtflops: 1.53  [35mmfu: 0.20%[39m
[titan] 2026-09-13 07:31:54,013 - root - INFO - [31mstep: 68  [32mloss: -2.00000  [38;2;180;60;0mgrad_norm:  1.5859  [38;2;54;234;195mmemory:  6.81GiB(8.60%)  [34mtps: 438  [36mtflops: 1.53  [35mmfu: 0.20%[39m
[titan] 2026-09-13 07:31:54,014 - root - INFO - [31mstep: 68  [32mloss:  2.55487  [38;2;180;60;0mgrad_norm:  1.5859  [38;2;54;234;195mmemory:  8.05GiB(10.17%)  [34mtps: 438  [36mtflops: 1.53  [35mmfu: 0.20%[39m
[titan] 2026-09-13 07:31:54,014 - root - INFO - [31mstep: 68  [32mloss:  2.55487  [38;2;180;60;0mgrad_norm:  1.5859  [38;2;54;234;195mmemory:  8.05GiB(10.17%)  [34mtps: 438  [36mtflops: 1.53  [35mmfu: 0.20%[39m
[titan] 2026-09-13 07:31:55,185 - root - INFO - [31mstep: 69  [32mloss: -2.00000  [38;2;180;60;0mgrad_norm:  1.4297  [38;2;54;234;195mmemory:  6.81GiB(8.60%)  [34mtps: 437  [36mtflops: 1.52  [35mmfu: 0.20%[39m
[titan] 2026-09-13 07:31:55,185 - root - INFO - [31mstep: 69  [32mloss: -2.00000  [38;2;180;60;0mgrad_norm:  1.4297  [38;2;54;234;195mmemory:  6.81GiB(8.60%)  [34mtps: 437  [36mtflops: 1.52  [35mmfu: 0.20%[39m
[titan] 2026-09-13 07:31:55,185 - root - INFO - [31mstep: 69  [32mloss:  2.71275  [38;2;180;60;0mgrad_norm:  1.4297  [38;2;54;234;195mmemory:  8.05GiB(10.17%)  [34mtps: 437  [36mtflops: 1.52  [35mmfu: 0.20%[39m
[titan] 2026-09-13 07:31:55,185 - root - INFO - [31mstep: 69  [32mloss:  2.71275  [38;2;180;60;0mgrad_norm:  1.4297  [38;2;54;234;195mmemory:  8.05GiB(10.17%)  [34mtps: 437  [36mtflops: 1.52  [35mmfu: 0.20%[39m
[titan] 2026-09-13 07:31:56,354 - root - INFO - [31mstep: 70  [32mloss: -2.00000  [38;2;180;60;0mgrad_norm:  1.5938  [38;2;54;234;195mmemory:  6.81GiB(8.60%)  [34mtps: 438  [36mtflops: 1.53  [35mmfu: 0.20%[39m
[titan] 2026-09-13 07:31:56,354 - root - INFO - [31mstep: 70  [32mloss: -2.00000  [38;2;180;60;0mgrad_norm:  1.5938  [38;2;54;234;195mmemory:  6.81GiB(8.60%)  [34mtps: 438  [36mtflops: 1.53  [35mmfu: 0.20%[39m
[titan] 2026-09-13 07:31:56,354 - root - INFO - [31mstep: 70  [32mloss:  2.69064  [38;2;180;60;0mgrad_norm:  1.5938  [38;2;54;234;195mmemory:  8.05GiB(10.17%)  [34mtps: 438  [36mtflops: 1.53  [35mmfu: 0.20%[39m
[titan] 2026-09-13 07:31:56,354 - root - INFO - [31mstep: 70  [32mloss:  2.69064  [38;2;180;60;0mgrad_norm:  1.5938  [38;2;54;234;195mmemory:  8.05GiB(10.17%)  [34mtps: 438  [36mtflops: 1.53  [35mmfu: 0.20%[39m
[titan] 2026-09-13 07:31:57,521 - root - INFO - [31mstep: 71  [32mloss: -2.00000  [38;2;180;60;0mgrad_norm:  1.4141  [38;2;54;234;195mmemory:  6.81GiB(8.60%)  [34mtps: 439  [36mtflops: 1.53  [35mmfu: 0.20%[39m
[titan] 2026-09-13 07:31:57,521 - root - INFO - [31mstep: 71  [32mloss: -2.00000  [38;2;180;60;0mgrad_norm:  1.4141  [38;2;54;234;195mmemory:  6.81GiB(8.60%)  [34mtps: 439  [36mtflops: 1.53  [35mmfu: 0.20%[39m
[titan] 2026-09-13 07:31:57,521 - root - INFO - [31mstep: 71  [32mloss:  2.45461  [38;2;180;60;0mgrad_norm:  1.4141  [38;2;54;234;195mmemory:  8.05GiB(10.17%)  [34mtps: 439  [36mtflops: 1.53  [35mmfu: 0.20%[39m
[titan] 2026-09-13 07:31:57,521 - root - INFO - [31mstep: 71  [32mloss:  2.45461  [38;2;180;60;0mgrad_norm:  1.4141  [38;2;54;234;195mmemory:  8.05GiB(10.17%)  [34mtps: 439  [36mtflops: 1.53  [35mmfu: 0.20%[39m
[titan] 2026-09-13 07:31:58,689 - root - INFO - [31mstep: 72  [32mloss: -2.00000  [38;2;180;60;0mgrad_norm:  1.3828  [38;2;54;234;195mmemory:  6.81GiB(8.60%)  [34mtps: 438  [36mtflops: 1.53  [35mmfu: 0.20%[39m
[titan] 2026-09-13 07:31:58,689 - root - INFO - [31mstep: 72  [32mloss: -2.00000  [38;2;180;60;0mgrad_norm:  1.3828  [38;2;54;234;195mmemory:  6.81GiB(8.60%)  [34mtps: 438  [36mtflops: 1.53  [35mmfu: 0.20%[39m
[titan] 2026-09-13 07:31:58,690 - root - INFO - [31mstep: 72  [32mloss:  2.50713  [38;2;180;60;0mgrad_norm:  1.3828  [38;2;54;234;195mmemory:  8.05GiB(10.17%)  [34mtps: 438  [36mtflops: 1.53  [35mmfu: 0.20%[39m
[titan] 2026-09-13 07:31:58,690 - root - INFO - [31mstep: 72  [32mloss:  2.50713  [38;2;180;60;0mgrad_norm:  1.3828  [38;2;54;234;195mmemory:  8.05GiB(10.17%)  [34mtps: 438  [36mtflops: 1.53  [35mmfu: 0.20%[39m
[titan] 2026-09-13 07:31:59,857 - root - INFO - [31mstep: 73  [32mloss: -2.00000  [38;2;180;60;0mgrad_norm:  1.4219  [38;2;54;234;195mmemory:  6.81GiB(8.60%)  [34mtps: 439  [36mtflops: 1.53  [35mmfu: 0.20%[39m
[titan] 2026-09-13 07:31:59,857 - root - INFO - [31mstep: 73  [32mloss: -2.00000  [38;2;180;60;0mgrad_norm:  1.4219  [38;2;54;234;195mmemory:  6.81GiB(8.60%)  [34mtps: 439  [36mtflops: 1.53  [35mmfu: 0.20%[39m
[titan] 2026-09-13 07:31:59,857 - root - INFO - [31mstep: 73  [32mloss:  2.47413  [38;2;180;60;0mgrad_norm:  1.4219  [38;2;54;234;195mmemory:  8.05GiB(10.17%)  [34mtps: 439  [36mtflops: 1.53  [35mmfu: 0.20%[39m
[titan] 2026-09-13 07:31:59,857 - root - INFO - [31mstep: 73  [32mloss:  2.47413  [38;2;180;60;0mgrad_norm:  1.4219  [38;2;54;234;195mmemory:  8.05GiB(10.17%)  [34mtps: 439  [36mtflops: 1.53  [35mmfu: 0.20%[39m
[titan] 2026-09-13 07:32:01,026 - root - INFO - [31mstep: 74  [32mloss: -2.00000  [38;2;180;60;0mgrad_norm:  1.1016  [38;2;54;234;195mmemory:  6.81GiB(8.60%)  [34mtps: 438  [36mtflops: 1.53  [35mmfu: 0.20%[39m
[titan] 2026-09-13 07:32:01,026 - root - INFO - [31mstep: 74  [32mloss: -2.00000  [38;2;180;60;0mgrad_norm:  1.1016  [38;2;54;234;195mmemory:  6.81GiB(8.60%)  [34mtps: 438  [36mtflops: 1.53  [35mmfu: 0.20%[39m
[titan] 2026-09-13 07:32:01,027 - root - INFO - [31mstep: 74  [32mloss:  2.49218  [38;2;180;60;0mgrad_norm:  1.1016  [38;2;54;234;195mmemory:  8.05GiB(10.17%)  [34mtps: 438  [36mtflops: 1.53  [35mmfu: 0.20%[39m
[titan] 2026-09-13 07:32:01,027 - root - INFO - [31mstep: 74  [32mloss:  2.49218  [38;2;180;60;0mgrad_norm:  1.1016  [38;2;54;234;195mmemory:  8.05GiB(10.17%)  [34mtps: 438  [36mtflops: 1.53  [35mmfu: 0.20%[39m
[titan] 2026-09-13 07:32:02,191 - root - INFO - [31mstep: 75  [32mloss: -2.00000  [38;2;180;60;0mgrad_norm:  1.5938  [38;2;54;234;195mmemory:  6.81GiB(8.60%)  [34mtps: 440  [36mtflops: 1.53  [35mmfu: 0.20%[39m
[titan] 2026-09-13 07:32:02,191 - root - INFO - [31mstep: 75  [32mloss: -2.00000  [38;2;180;60;0mgrad_norm:  1.5938  [38;2;54;234;195mmemory:  6.81GiB(8.60%)  [34mtps: 440  [36mtflops: 1.53  [35mmfu: 0.20%[39m
[titan] 2026-09-13 07:32:02,192 - root - INFO - [31mstep: 75  [32mloss:  2.62392  [38;2;180;60;0mgrad_norm:  1.5938  [38;2;54;234;195mmemory:  8.05GiB(10.17%)  [34mtps: 440  [36mtflops: 1.53  [35mmfu: 0.20%[39m
[titan] 2026-09-13 07:32:02,192 - root - INFO - [31mstep: 75  [32mloss:  2.62392  [38;2;180;60;0mgrad_norm:  1.5938  [38;2;54;234;195mmemory:  8.05GiB(10.17%)  [34mtps: 440  [36mtflops: 1.53  [35mmfu: 0.20%[39m
[titan] 2026-09-13 07:32:03,355 - root - INFO - [31mstep: 76  [32mloss: -2.00000  [38;2;180;60;0mgrad_norm:  1.1250  [38;2;54;234;195mmemory:  6.81GiB(8.60%)  [34mtps: 440  [36mtflops: 1.54  [35mmfu: 0.20%[39m
[titan] 2026-09-13 07:32:03,355 - root - INFO - [31mstep: 76  [32mloss: -2.00000  [38;2;180;60;0mgrad_norm:  1.1250  [38;2;54;234;195mmemory:  6.81GiB(8.60%)  [34mtps: 440  [36mtflops: 1.54  [35mmfu: 0.20%[39m
[titan] 2026-09-13 07:32:03,355 - root - INFO - [31mstep: 76  [32mloss:  2.42230  [38;2;180;60;0mgrad_norm:  1.1250  [38;2;54;234;195mmemory:  8.05GiB(10.17%)  [34mtps: 440  [36mtflops: 1.54  [35mmfu: 0.20%[39m
[titan] 2026-09-13 07:32:03,355 - root - INFO - [31mstep: 76  [32mloss:  2.42230  [38;2;180;60;0mgrad_norm:  1.1250  [38;2;54;234;195mmemory:  8.05GiB(10.17%)  [34mtps: 440  [36mtflops: 1.54  [35mmfu: 0.20%[39m
[titan] 2026-09-13 07:32:04,525 - root - INFO - [31mstep: 77  [32mloss: -2.00000  [38;2;180;60;0mgrad_norm:  1.0234  [38;2;54;234;195mmemory:  6.81GiB(8.60%)  [34mtps: 438  [36mtflops: 1.53  [35mmfu: 0.20%[39m
[titan] 2026-09-13 07:32:04,525 - root - INFO - [31mstep: 77  [32mloss: -2.00000  [38;2;180;60;0mgrad_norm:  1.0234  [38;2;54;234;195mmemory:  6.81GiB(8.60%)  [34mtps: 438  [36mtflops: 1.53  [35mmfu: 0.20%[39m
[titan] 2026-09-13 07:32:04,525 - root - INFO - [31mstep: 77  [32mloss:  2.51949  [38;2;180;60;0mgrad_norm:  1.0234  [38;2;54;234;195mmemory:  8.05GiB(10.17%)  [34mtps: 438  [36mtflops: 1.53  [35mmfu: 0.20%[39m
[titan] 2026-09-13 07:32:04,525 - root - INFO - [31mstep: 77  [32mloss:  2.51949  [38;2;180;60;0mgrad_norm:  1.0234  [38;2;54;234;195mmemory:  8.05GiB(10.17%)  [34mtps: 438  [36mtflops: 1.53  [35mmfu: 0.20%[39m
[titan] 2026-09-13 07:32:05,690 - root - INFO - [31mstep: 78  [32mloss: -2.00000  [38;2;180;60;0mgrad_norm:  1.3516  [38;2;54;234;195mmemory:  6.81GiB(8.60%)  [34mtps: 439  [36mtflops: 1.53  [35mmfu: 0.20%[39m
[titan] 2026-09-13 07:32:05,690 - root - INFO - [31mstep: 78  [32mloss: -2.00000  [38;2;180;60;0mgrad_norm:  1.3516  [38;2;54;234;195mmemory:  6.81GiB(8.60%)  [34mtps: 439  [36mtflops: 1.53  [35mmfu: 0.20%[39m
[titan] 2026-09-13 07:32:05,691 - root - INFO - [31mstep: 78  [32mloss:  2.47662  [38;2;180;60;0mgrad_norm:  1.3516  [38;2;54;234;195mmemory:  8.05GiB(10.17%)  [34mtps: 439  [36mtflops: 1.53  [35mmfu: 0.20%[39m
[titan] 2026-09-13 07:32:05,691 - root - INFO - [31mstep: 78  [32mloss:  2.47662  [38;2;180;60;0mgrad_norm:  1.3516  [38;2;54;234;195mmemory:  8.05GiB(10.17%)  [34mtps: 439  [36mtflops: 1.53  [35mmfu: 0.20%[39m
[titan] 2026-09-13 07:32:06,859 - root - INFO - [31mstep: 79  [32mloss: -2.00000  [38;2;180;60;0mgrad_norm:  1.2812  [38;2;54;234;195mmemory:  6.81GiB(8.60%)  [34mtps: 438  [36mtflops: 1.53  [35mmfu: 0.20%[39m
[titan] 2026-09-13 07:32:06,859 - root - INFO - [31mstep: 79  [32mloss: -2.00000  [38;2;180;60;0mgrad_norm:  1.2812  [38;2;54;234;195mmemory:  6.81GiB(8.60%)  [34mtps: 438  [36mtflops: 1.53  [35mmfu: 0.20%[39m
[titan] 2026-09-13 07:32:06,859 - root - INFO - [31mstep: 79  [32mloss:  2.49230  [38;2;180;60;0mgrad_norm:  1.2812  [38;2;54;234;195mmemory:  8.05GiB(10.17%)  [34mtps: 438  [36mtflops: 1.53  [35mmfu: 0.20%[39m
[titan] 2026-09-13 07:32:06,859 - root - INFO - [31mstep: 79  [32mloss:  2.49230  [38;2;180;60;0mgrad_norm:  1.2812  [38;2;54;234;195mmemory:  8.05GiB(10.17%)  [34mtps: 438  [36mtflops: 1.53  [35mmfu: 0.20%[39m
[titan] 2026-09-13 07:32:08,026 - root - INFO - [31mstep: 80  [32mloss: -2.00000  [38;2;180;60;0mgrad_norm:  1.1328  [38;2;54;234;195mmemory:  6.81GiB(8.60%)  [34mtps: 439  [36mtflops: 1.53  [35mmfu: 0.20%[39m
[titan] 2026-09-13 07:32:08,026 - root - INFO - [31mstep: 80  [32mloss: -2.00000  [38;2;180;60;0mgrad_norm:  1.1328  [38;2;54;234;195mmemory:  6.81GiB(8.60%)  [34mtps: 439  [36mtflops: 1.53  [35mmfu: 0.20%[39m
[titan] 2026-09-13 07:32:08,027 - root - INFO - [31mstep: 80  [32mloss:  2.54117  [38;2;180;60;0mgrad_norm:  1.1328  [38;2;54;234;195mmemory:  8.05GiB(10.17%)  [34mtps: 439  [36mtflops: 1.53  [35mmfu: 0.20%[39m
[titan] 2026-09-13 07:32:08,027 - root - INFO - [31mstep: 80  [32mloss:  2.54117  [38;2;180;60;0mgrad_norm:  1.1328  [38;2;54;234;195mmemory:  8.05GiB(10.17%)  [34mtps: 439  [36mtflops: 1.53  [35mmfu: 0.20%[39m
[titan] 2026-09-13 07:32:09,194 - root - INFO - [31mstep: 81  [32mloss: -2.00000  [38;2;180;60;0mgrad_norm:  1.1562  [38;2;54;234;195mmemory:  6.81GiB(8.60%)  [34mtps: 439  [36mtflops: 1.53  [35mmfu: 0.20%[39m
[titan] 2026-09-13 07:32:09,194 - root - INFO - [31mstep: 81  [32mloss: -2.00000  [38;2;180;60;0mgrad_norm:  1.1562  [38;2;54;234;195mmemory:  6.81GiB(8.60%)  [34mtps: 439  [36mtflops: 1.53  [35mmfu: 0.20%[39m
[titan] 2026-09-13 07:32:09,194 - root - INFO - [31mstep: 81  [32mloss:  2.49611  [38;2;180;60;0mgrad_norm:  1.1562  [38;2;54;234;195mmemory:  8.05GiB(10.17%)  [34mtps: 439  [36mtflops: 1.53  [35mmfu: 0.20%[39m
[titan] 2026-09-13 07:32:09,194 - root - INFO - [31mstep: 81  [32mloss:  2.49611  [38;2;180;60;0mgrad_norm:  1.1562  [38;2;54;234;195mmemory:  8.05GiB(10.17%)  [34mtps: 439  [36mtflops: 1.53  [35mmfu: 0.20%[39m
[titan] 2026-09-13 07:32:10,365 - root - INFO - [31mstep: 82  [32mloss: -2.00000  [38;2;180;60;0mgrad_norm:  1.2188  [38;2;54;234;195mmemory:  6.81GiB(8.60%)  [34mtps: 437  [36mtflops: 1.53  [35mmfu: 0.20%[39m
[titan] 2026-09-13 07:32:10,365 - root - INFO - [31mstep: 82  [32mloss: -2.00000  [38;2;180;60;0mgrad_norm:  1.2188  [38;2;54;234;195mmemory:  6.81GiB(8.60%)  [34mtps: 437  [36mtflops: 1.53  [35mmfu: 0.20%[39m
[titan] 2026-09-13 07:32:10,365 - root - INFO - [31mstep: 82  [32mloss:  2.46838  [38;2;180;60;0mgrad_norm:  1.2188  [38;2;54;234;195mmemory:  8.05GiB(10.17%)  [34mtps: 437  [36mtflops: 1.53  [35mmfu: 0.20%[39m
[titan] 2026-09-13 07:32:10,365 - root - INFO - [31mstep: 82  [32mloss:  2.46838  [38;2;180;60;0mgrad_norm:  1.2188  [38;2;54;234;195mmemory:  8.05GiB(10.17%)  [34mtps: 437  [36mtflops: 1.53  [35mmfu: 0.20%[39m
[titan] 2026-09-13 07:32:11,533 - root - INFO - [31mstep: 83  [32mloss: -2.00000  [38;2;180;60;0mgrad_norm:  0.9023  [38;2;54;234;195mmemory:  6.81GiB(8.60%)  [34mtps: 438  [36mtflops: 1.53  [35mmfu: 0.20%[39m
[titan] 2026-09-13 07:32:11,533 - root - INFO - [31mstep: 83  [32mloss: -2.00000  [38;2;180;60;0mgrad_norm:  0.9023  [38;2;54;234;195mmemory:  6.81GiB(8.60%)  [34mtps: 438  [36mtflops: 1.53  [35mmfu: 0.20%[39m
[titan] 2026-09-13 07:32:11,533 - root - INFO - [31mstep: 83  [32mloss:  2.47863  [38;2;180;60;0mgrad_norm:  0.9023  [38;2;54;234;195mmemory:  8.05GiB(10.17%)  [34mtps: 438  [36mtflops: 1.53  [35mmfu: 0.20%[39m
[titan] 2026-09-13 07:32:11,533 - root - INFO - [31mstep: 83  [32mloss:  2.47863  [38;2;180;60;0mgrad_norm:  0.9023  [38;2;54;234;195mmemory:  8.05GiB(10.17%)  [34mtps: 438  [36mtflops: 1.53  [35mmfu: 0.20%[39m
[titan] 2026-09-13 07:32:12,719 - root - INFO - [31mstep: 84  [32mloss: -2.00000  [38;2;180;60;0mgrad_norm:  0.9727  [38;2;54;234;195mmemory:  6.81GiB(8.60%)  [34mtps: 432  [36mtflops: 1.51  [35mmfu: 0.20%[39m
[titan] 2026-09-13 07:32:12,719 - root - INFO - [31mstep: 84  [32mloss: -2.00000  [38;2;180;60;0mgrad_norm:  0.9727  [38;2;54;234;195mmemory:  6.81GiB(8.60%)  [34mtps: 432  [36mtflops: 1.51  [35mmfu: 0.20%[39m
[titan] 2026-09-13 07:32:12,719 - root - INFO - [31mstep: 84  [32mloss:  2.45386  [38;2;180;60;0mgrad_norm:  0.9727  [38;2;54;234;195mmemory:  8.05GiB(10.17%)  [34mtps: 432  [36mtflops: 1.51  [35mmfu: 0.20%[39m
[titan] 2026-09-13 07:32:12,719 - root - INFO - [31mstep: 84  [32mloss:  2.45386  [38;2;180;60;0mgrad_norm:  0.9727  [38;2;54;234;195mmemory:  8.05GiB(10.17%)  [34mtps: 432  [36mtflops: 1.51  [35mmfu: 0.20%[39m
[titan] 2026-09-13 07:32:13,883 - root - INFO - [31mstep: 85  [32mloss: -2.00000  [38;2;180;60;0mgrad_norm:  1.0547  [38;2;54;234;195mmemory:  6.81GiB(8.60%)  [34mtps: 440  [36mtflops: 1.53  [35mmfu: 0.20%[39m
[titan] 2026-09-13 07:32:13,883 - root - INFO - [31mstep: 85  [32mloss: -2.00000  [38;2;180;60;0mgrad_norm:  1.0547  [38;2;54;234;195mmemory:  6.81GiB(8.60%)  [34mtps: 440  [36mtflops: 1.53  [35mmfu: 0.20%[39m
[titan] 2026-09-13 07:32:13,883 - root - INFO - [31mstep: 85  [32mloss:  2.52559  [38;2;180;60;0mgrad_norm:  1.0547  [38;2;54;234;195mmemory:  8.05GiB(10.17%)  [34mtps: 440  [36mtflops: 1.53  [35mmfu: 0.20%[39m
[titan] 2026-09-13 07:32:13,883 - root - INFO - [31mstep: 85  [32mloss:  2.52559  [38;2;180;60;0mgrad_norm:  1.0547  [38;2;54;234;195mmemory:  8.05GiB(10.17%)  [34mtps: 440  [36mtflops: 1.53  [35mmfu: 0.20%[39m
[titan] 2026-09-13 07:32:15,066 - root - INFO - [31mstep: 86  [32mloss: -2.00000  [38;2;180;60;0mgrad_norm:  1.1172  [38;2;54;234;195mmemory:  6.81GiB(8.60%)  [34mtps: 433  [36mtflops: 1.51  [35mmfu: 0.20%[39m
[titan] 2026-09-13 07:32:15,066 - root - INFO - [31mstep: 86  [32mloss: -2.00000  [38;2;180;60;0mgrad_norm:  1.1172  [38;2;54;234;195mmemory:  6.81GiB(8.60%)  [34mtps: 433  [36mtflops: 1.51  [35mmfu: 0.20%[39m
[titan] 2026-09-13 07:32:15,066 - root - INFO - [31mstep: 86  [32mloss:  2.43103  [38;2;180;60;0mgrad_norm:  1.1172  [38;2;54;234;195mmemory:  8.05GiB(10.17%)  [34mtps: 433  [36mtflops: 1.51  [35mmfu: 0.20%[39m
[titan] 2026-09-13 07:32:15,066 - root - INFO - [31mstep: 86  [32mloss:  2.43103  [38;2;180;60;0mgrad_norm:  1.1172  [38;2;54;234;195mmemory:  8.05GiB(10.17%)  [34mtps: 433  [36mtflops: 1.51  [35mmfu: 0.20%[39m
[titan] 2026-09-13 07:32:16,236 - root - INFO - [31mstep: 87  [32mloss: -2.00000  [38;2;180;60;0mgrad_norm:  1.0078  [38;2;54;234;195mmemory:  6.81GiB(8.60%)  [34mtps: 438  [36mtflops: 1.53  [35mmfu: 0.20%[39m
[titan] 2026-09-13 07:32:16,236 - root - INFO - [31mstep: 87  [32mloss: -2.00000  [38;2;180;60;0mgrad_norm:  1.0078  [38;2;54;234;195mmemory:  6.81GiB(8.60%)  [34mtps: 438  [36mtflops: 1.53  [35mmfu: 0.20%[39m
[titan] 2026-09-13 07:32:16,236 - root - INFO - [31mstep: 87  [32mloss:  2.50645  [38;2;180;60;0mgrad_norm:  1.0078  [38;2;54;234;195mmemory:  8.05GiB(10.17%)  [34mtps: 438  [36mtflops: 1.53  [35mmfu: 0.20%[39m
[titan] 2026-09-13 07:32:16,236 - root - INFO - [31mstep: 87  [32mloss:  2.50645  [38;2;180;60;0mgrad_norm:  1.0078  [38;2;54;234;195mmemory:  8.05GiB(10.17%)  [34mtps: 438  [36mtflops: 1.53  [35mmfu: 0.20%[39m
[titan] 2026-09-13 07:32:17,404 - root - INFO - [31mstep: 88  [32mloss: -2.00000  [38;2;180;60;0mgrad_norm:  0.7812  [38;2;54;234;195mmemory:  6.81GiB(8.60%)  [34mtps: 439  [36mtflops: 1.53  [35mmfu: 0.20%[39m
[titan] 2026-09-13 07:32:17,404 - root - INFO - [31mstep: 88  [32mloss: -2.00000  [38;2;180;60;0mgrad_norm:  0.7812  [38;2;54;234;195mmemory:  6.81GiB(8.60%)  [34mtps: 438  [36mtflops: 1.53  [35mmfu: 0.20%[39m
[titan] 2026-09-13 07:32:17,404 - root - INFO - [31mstep: 88  [32mloss:  2.54411  [38;2;180;60;0mgrad_norm:  0.7812  [38;2;54;234;195mmemory:  8.05GiB(10.17%)  [34mtps: 439  [36mtflops: 1.53  [35mmfu: 0.20%[39m
[titan] 2026-09-13 07:32:17,404 - root - INFO - [31mstep: 88  [32mloss:  2.54411  [38;2;180;60;0mgrad_norm:  0.7812  [38;2;54;234;195mmemory:  8.05GiB(10.17%)  [34mtps: 439  [36mtflops: 1.53  [35mmfu: 0.20%[39m
[titan] 2026-09-13 07:32:18,576 - root - INFO - [31mstep: 89  [32mloss: -2.00000  [38;2;180;60;0mgrad_norm:  1.5156  [38;2;54;234;195mmemory:  6.81GiB(8.60%)  [34mtps: 437  [36mtflops: 1.53  [35mmfu: 0.20%[39m
[titan] 2026-09-13 07:32:18,576 - root - INFO - [31mstep: 89  [32mloss: -2.00000  [38;2;180;60;0mgrad_norm:  1.5156  [38;2;54;234;195mmemory:  6.81GiB(8.60%)  [34mtps: 437  [36mtflops: 1.53  [35mmfu: 0.20%[39m
[titan] 2026-09-13 07:32:18,576 - root - INFO - [31mstep: 89  [32mloss:  2.50308  [38;2;180;60;0mgrad_norm:  1.5156  [38;2;54;234;195mmemory:  8.05GiB(10.17%)  [34mtps: 437  [36mtflops: 1.53  [35mmfu: 0.20%[39m
[titan] 2026-09-13 07:32:18,576 - root - INFO - [31mstep: 89  [32mloss:  2.50308  [38;2;180;60;0mgrad_norm:  1.5156  [38;2;54;234;195mmemory:  8.05GiB(10.17%)  [34mtps: 437  [36mtflops: 1.53  [35mmfu: 0.20%[39m
[titan] 2026-09-13 07:32:19,754 - root - INFO - [31mstep: 90  [32mloss: -2.00000  [38;2;180;60;0mgrad_norm:  1.1016  [38;2;54;234;195mmemory:  6.81GiB(8.60%)  [34mtps: 435  [36mtflops: 1.52  [35mmfu: 0.20%[39m
[titan] 2026-09-13 07:32:19,754 - root - INFO - [31mstep: 90  [32mloss: -2.00000  [38;2;180;60;0mgrad_norm:  1.1016  [38;2;54;234;195mmemory:  6.81GiB(8.60%)  [34mtps: 435  [36mtflops: 1.52  [35mmfu: 0.20%[39m
[titan] 2026-09-13 07:32:19,754 - root - INFO - [31mstep: 90  [32mloss:  2.41587  [38;2;180;60;0mgrad_norm:  1.1016  [38;2;54;234;195mmemory:  8.05GiB(10.17%)  [34mtps: 435  [36mtflops: 1.52  [35mmfu: 0.20%[39m
[titan] 2026-09-13 07:32:19,754 - root - INFO - [31mstep: 90  [32mloss:  2.41587  [38;2;180;60;0mgrad_norm:  1.1016  [38;2;54;234;195mmemory:  8.05GiB(10.17%)  [34mtps: 435  [36mtflops: 1.52  [35mmfu: 0.20%[39m
[titan] 2026-09-13 07:32:20,923 - root - INFO - [31mstep: 91  [32mloss: -2.00000  [38;2;180;60;0mgrad_norm:  1.2344  [38;2;54;234;195mmemory:  6.81GiB(8.60%)  [34mtps: 438  [36mtflops: 1.53  [35mmfu: 0.20%[39m
[titan] 2026-09-13 07:32:20,923 - root - INFO - [31mstep: 91  [32mloss: -2.00000  [38;2;180;60;0mgrad_norm:  1.2344  [38;2;54;234;195mmemory:  6.81GiB(8.60%)  [34mtps: 438  [36mtflops: 1.53  [35mmfu: 0.20%[39m
[titan] 2026-09-13 07:32:20,923 - root - INFO - [31mstep: 91  [32mloss:  2.54593  [38;2;180;60;0mgrad_norm:  1.2344  [38;2;54;234;195mmemory:  8.05GiB(10.17%)  [34mtps: 438  [36mtflops: 1.53  [35mmfu: 0.20%[39m
[titan] 2026-09-13 07:32:20,923 - root - INFO - [31mstep: 91  [32mloss:  2.54593  [38;2;180;60;0mgrad_norm:  1.2344  [38;2;54;234;195mmemory:  8.05GiB(10.17%)  [34mtps: 438  [36mtflops: 1.53  [35mmfu: 0.20%[39m
[titan] 2026-09-13 07:32:22,092 - root - INFO - [31mstep: 92  [32mloss: -2.00000  [38;2;180;60;0mgrad_norm:  1.0469  [38;2;54;234;195mmemory:  6.81GiB(8.60%)  [34mtps: 438  [36mtflops: 1.53  [35mmfu: 0.20%[39m
[titan] 2026-09-13 07:32:22,092 - root - INFO - [31mstep: 92  [32mloss: -2.00000  [38;2;180;60;0mgrad_norm:  1.0469  [38;2;54;234;195mmemory:  6.81GiB(8.60%)  [34mtps: 438  [36mtflops: 1.53  [35mmfu: 0.20%[39m
[titan] 2026-09-13 07:32:22,092 - root - INFO - [31mstep: 92  [32mloss:  2.48131  [38;2;180;60;0mgrad_norm:  1.0469  [38;2;54;234;195mmemory:  8.05GiB(10.17%)  [34mtps: 438  [36mtflops: 1.53  [35mmfu: 0.20%[39m
[titan] 2026-09-13 07:32:22,092 - root - INFO - [31mstep: 92  [32mloss:  2.48131  [38;2;180;60;0mgrad_norm:  1.0469  [38;2;54;234;195mmemory:  8.05GiB(10.17%)  [34mtps: 438  [36mtflops: 1.53  [35mmfu: 0.20%[39m
[titan] 2026-09-13 07:32:23,258 - root - INFO - [31mstep: 93  [32mloss: -2.00000  [38;2;180;60;0mgrad_norm:  0.9922  [38;2;54;234;195mmemory:  6.81GiB(8.60%)  [34mtps: 439  [36mtflops: 1.53  [35mmfu: 0.20%[39m
[titan] 2026-09-13 07:32:23,258 - root - INFO - [31mstep: 93  [32mloss: -2.00000  [38;2;180;60;0mgrad_norm:  0.9922  [38;2;54;234;195mmemory:  6.81GiB(8.60%)  [34mtps: 439  [36mtflops: 1.53  [35mmfu: 0.20%[39m
[titan] 2026-09-13 07:32:23,258 - root - INFO - [31mstep: 93  [32mloss:  2.57639  [38;2;180;60;0mgrad_norm:  0.9922  [38;2;54;234;195mmemory:  8.05GiB(10.17%)  [34mtps: 439  [36mtflops: 1.53  [35mmfu: 0.20%[39m
[titan] 2026-09-13 07:32:23,259 - root - INFO - [31mstep: 93  [32mloss:  2.57639  [38;2;180;60;0mgrad_norm:  0.9922  [38;2;54;234;195mmemory:  8.05GiB(10.17%)  [34mtps: 439  [36mtflops: 1.53  [35mmfu: 0.20%[39m
[titan] 2026-09-13 07:32:24,433 - root - INFO - [31mstep: 94  [32mloss: -2.00000  [38;2;180;60;0mgrad_norm:  1.0078  [38;2;54;234;195mmemory:  6.81GiB(8.60%)  [34mtps: 436  [36mtflops: 1.52  [35mmfu: 0.20%[39m
[titan] 2026-09-13 07:32:24,433 - root - INFO - [31mstep: 94  [32mloss: -2.00000  [38;2;180;60;0mgrad_norm:  1.0078  [38;2;54;234;195mmemory:  6.81GiB(8.60%)  [34mtps: 436  [36mtflops: 1.52  [35mmfu: 0.20%[39m
[titan] 2026-09-13 07:32:24,433 - root - INFO - [31mstep: 94  [32mloss:  2.40182  [38;2;180;60;0mgrad_norm:  1.0078  [38;2;54;234;195mmemory:  8.05GiB(10.17%)  [34mtps: 436  [36mtflops: 1.52  [35mmfu: 0.20%[39m
[titan] 2026-09-13 07:32:24,433 - root - INFO - [31mstep: 94  [32mloss:  2.40182  [38;2;180;60;0mgrad_norm:  1.0078  [38;2;54;234;195mmemory:  8.05GiB(10.17%)  [34mtps: 436  [36mtflops: 1.52  [35mmfu: 0.20%[39m
[titan] 2026-09-13 07:32:25,601 - root - INFO - [31mstep: 95  [32mloss: -2.00000  [38;2;180;60;0mgrad_norm:  0.9414  [38;2;54;234;195mmemory:  6.81GiB(8.60%)  [34mtps: 438  [36mtflops: 1.53  [35mmfu: 0.20%[39m
[titan] 2026-09-13 07:32:25,601 - root - INFO - [31mstep: 95  [32mloss: -2.00000  [38;2;180;60;0mgrad_norm:  0.9414  [38;2;54;234;195mmemory:  6.81GiB(8.60%)  [34mtps: 438  [36mtflops: 1.53  [35mmfu: 0.20%[39m
[titan] 2026-09-13 07:32:25,601 - root - INFO - [31mstep: 95  [32mloss:  2.53163  [38;2;180;60;0mgrad_norm:  0.9414  [38;2;54;234;195mmemory:  8.05GiB(10.17%)  [34mtps: 438  [36mtflops: 1.53  [35mmfu: 0.20%[39m
[titan] 2026-09-13 07:32:25,601 - root - INFO - [31mstep: 95  [32mloss:  2.53163  [38;2;180;60;0mgrad_norm:  0.9414  [38;2;54;234;195mmemory:  8.05GiB(10.17%)  [34mtps: 438  [36mtflops: 1.53  [35mmfu: 0.20%[39m
[titan] 2026-09-13 07:32:26,774 - root - INFO - [31mstep: 96  [32mloss: -2.00000  [38;2;180;60;0mgrad_norm:  0.8828  [38;2;54;234;195mmemory:  6.81GiB(8.60%)  [34mtps: 437  [36mtflops: 1.52  [35mmfu: 0.20%[39m
[titan] 2026-09-13 07:32:26,774 - root - INFO - [31mstep: 96  [32mloss: -2.00000  [38;2;180;60;0mgrad_norm:  0.8828  [38;2;54;234;195mmemory:  6.81GiB(8.60%)  [34mtps: 437  [36mtflops: 1.52  [35mmfu: 0.20%[39m
[titan] 2026-09-13 07:32:26,774 - root - INFO - [31mstep: 96  [32mloss:  2.48159  [38;2;180;60;0mgrad_norm:  0.8828  [38;2;54;234;195mmemory:  8.05GiB(10.17%)  [34mtps: 437  [36mtflops: 1.52  [35mmfu: 0.20%[39m
[titan] 2026-09-13 07:32:26,774 - root - INFO - [31mstep: 96  [32mloss:  2.48159  [38;2;180;60;0mgrad_norm:  0.8828  [38;2;54;234;195mmemory:  8.05GiB(10.17%)  [34mtps: 437  [36mtflops: 1.52  [35mmfu: 0.20%[39m
[titan] 2026-09-13 07:32:27,944 - root - INFO - [31mstep: 97  [32mloss: -2.00000  [38;2;180;60;0mgrad_norm:  1.1016  [38;2;54;234;195mmemory:  6.81GiB(8.60%)  [34mtps: 437  [36mtflops: 1.53  [35mmfu: 0.20%[39m
[titan] 2026-09-13 07:32:27,944 - root - INFO - [31mstep: 97  [32mloss: -2.00000  [38;2;180;60;0mgrad_norm:  1.1016  [38;2;54;234;195mmemory:  6.81GiB(8.60%)  [34mtps: 437  [36mtflops: 1.53  [35mmfu: 0.20%[39m
[titan] 2026-09-13 07:32:27,945 - root - INFO - [31mstep: 97  [32mloss:  2.40584  [38;2;180;60;0mgrad_norm:  1.1016  [38;2;54;234;195mmemory:  8.05GiB(10.17%)  [34mtps: 437  [36mtflops: 1.53  [35mmfu: 0.20%[39m
[titan] 2026-09-13 07:32:27,945 - root - INFO - [31mstep: 97  [32mloss:  2.40584  [38;2;180;60;0mgrad_norm:  1.1016  [38;2;54;234;195mmemory:  8.05GiB(10.17%)  [34mtps: 437  [36mtflops: 1.53  [35mmfu: 0.20%[39m
[titan] 2026-09-13 07:32:29,109 - root - INFO - [31mstep: 98  [32mloss: -2.00000  [38;2;180;60;0mgrad_norm:  0.8125  [38;2;54;234;195mmemory:  6.81GiB(8.60%)  [34mtps: 440  [36mtflops: 1.53  [35mmfu: 0.20%[39m
[titan] 2026-09-13 07:32:29,109 - root - INFO - [31mstep: 98  [32mloss: -2.00000  [38;2;180;60;0mgrad_norm:  0.8125  [38;2;54;234;195mmemory:  6.81GiB(8.60%)  [34mtps: 440  [36mtflops: 1.53  [35mmfu: 0.20%[39m
[titan] 2026-09-13 07:32:29,109 - root - INFO - [31mstep: 98  [32mloss:  2.55925  [38;2;180;60;0mgrad_norm:  0.8125  [38;2;54;234;195mmemory:  8.05GiB(10.17%)  [34mtps: 440  [36mtflops: 1.53  [35mmfu: 0.20%[39m
[titan] 2026-09-13 07:32:29,109 - root - INFO - [31mstep: 98  [32mloss:  2.55925  [38;2;180;60;0mgrad_norm:  0.8125  [38;2;54;234;195mmemory:  8.05GiB(10.17%)  [34mtps: 440  [36mtflops: 1.53  [35mmfu: 0.20%[39m
[titan] 2026-09-13 07:32:30,282 - root - INFO - [31mstep: 99  [32mloss: -2.00000  [38;2;180;60;0mgrad_norm:  0.7383  [38;2;54;234;195mmemory:  6.81GiB(8.60%)  [34mtps: 437  [36mtflops: 1.52  [35mmfu: 0.20%[39m
[titan] 2026-09-13 07:32:30,282 - root - INFO - [31mstep: 99  [32mloss: -2.00000  [38;2;180;60;0mgrad_norm:  0.7383  [38;2;54;234;195mmemory:  6.81GiB(8.60%)  [34mtps: 437  [36mtflops: 1.52  [35mmfu: 0.20%[39m
[titan] 2026-09-13 07:32:30,282 - root - INFO - [31mstep: 99  [32mloss:  2.54362  [38;2;180;60;0mgrad_norm:  0.7383  [38;2;54;234;195mmemory:  8.05GiB(10.17%)  [34mtps: 437  [36mtflops: 1.52  [35mmfu: 0.20%[39m
[titan] 2026-09-13 07:32:30,282 - root - INFO - [31mstep: 99  [32mloss:  2.54362  [38;2;180;60;0mgrad_norm:  0.7383  [38;2;54;234;195mmemory:  8.05GiB(10.17%)  [34mtps: 437  [36mtflops: 1.52  [35mmfu: 0.20%[39m
[titan] 2026-09-13 07:32:30,460 - root - INFO - [GC] Performing periodic GC collection took 0.18 seconds
[titan] 2026-09-13 07:32:30,460 - root - INFO - [GC] Performing periodic GC collection took 0.18 seconds
[titan] 2026-09-13 07:32:30,461 - root - INFO - [GC] Performing periodic GC collection took 0.18 seconds
[titan] 2026-09-13 07:32:30,465 - root - INFO - [GC] Performing periodic GC collection took 0.18 seconds
[titan] 2026-09-13 07:32:31,628 - root - INFO - [31mstep: 100  [32mloss: -2.00000  [38;2;180;60;0mgrad_norm:  0.9961  [38;2;54;234;195mmemory:  6.81GiB(8.60%)  [34mtps: 380  [36mtflops: 1.33  [35mmfu: 0.18%[39m
[titan] 2026-09-13 07:32:31,628 - root - INFO - [31mstep: 100  [32mloss: -2.00000  [38;2;180;60;0mgrad_norm:  0.9961  [38;2;54;234;195mmemory:  6.81GiB(8.60%)  [34mtps: 380  [36mtflops: 1.33  [35mmfu: 0.18%[39m
[titan] 2026-09-13 07:32:31,628 - root - INFO - Saving the checkpoint.
[titan] 2026-09-13 07:32:31,628 - root - INFO - Saving a full checkpoint at last step, step 100.
[titan] 2026-09-13 07:32:31,628 - root - INFO - [31mstep: 100  [32mloss:  2.41618  [38;2;180;60;0mgrad_norm:  0.9961  [38;2;54;234;195mmemory:  8.05GiB(10.17%)  [34mtps: 380  [36mtflops: 1.33  [35mmfu: 0.18%[39m
[titan] 2026-09-13 07:32:31,628 - root - INFO - [31mstep: 100  [32mloss:  2.41618  [38;2;180;60;0mgrad_norm:  0.9961  [38;2;54;234;195mmemory:  8.05GiB(10.17%)  [34mtps: 380  [36mtflops: 1.33  [35mmfu: 0.18%[39m
[titan] 2026-09-13 07:32:31,628 - root - INFO - Saving the checkpoint.
[titan] 2026-09-13 07:32:31,628 - root - INFO - Saving a full checkpoint at last step, step 100.
[titan] 2026-09-13 07:32:31,628 - root - INFO - Saving the checkpoint.
[titan] 2026-09-13 07:32:31,628 - root - INFO - Saving a full checkpoint at last step, step 100.
[titan] 2026-09-13 07:32:31,628 - root - INFO - Saving the checkpoint.
[titan] 2026-09-13 07:32:31,628 - root - INFO - Saving a full checkpoint at last step, step 100.
[titan] 2026-09-13 07:32:37,947 - root - INFO - [GC] GC collection invoked by checkpointer. took 0.04 seconds
[titan] 2026-09-13 07:32:37,956 - root - INFO - Last step checkpoint completed in 6.33s
[titan] 2026-09-13 07:32:37,956 - root - INFO - Sleeping 2 seconds for other ranks to complete
[titan] 2026-09-13 07:32:37,961 - root - INFO - [GC] GC collection invoked by checkpointer. took 0.03 seconds
[titan] 2026-09-13 07:32:37,966 - root - INFO - Last step checkpoint completed in 6.34s
[titan] 2026-09-13 07:32:37,967 - root - INFO - Training completed
[titan] 2026-09-13 07:32:37,973 - root - INFO - Destroying the purge thread.
[titan] 2026-09-13 07:32:38,023 - root - INFO - [GC] GC collection invoked by checkpointer. took 0.09 seconds
[titan] 2026-09-13 07:32:38,030 - root - INFO - [GC] GC collection invoked by checkpointer. took 0.09 seconds
[titan] 2026-09-13 07:32:38,034 - root - INFO - Last step checkpoint completed in 6.41s
[titan] 2026-09-13 07:32:38,034 - root - INFO - Training completed
[titan] 2026-09-13 07:32:38,036 - root - INFO - Last step checkpoint completed in 6.41s
[titan] 2026-09-13 07:32:38,037 - root - INFO - Training completed
[titan] 2026-09-13 07:32:38,040 - root - INFO - Destroying the purge thread.
[titan] 2026-09-13 07:32:38,043 - root - INFO - Destroying the purge thread.
[titan] 2026-09-13 07:32:39,956 - root - INFO - Training completed
[titan] 2026-09-13 07:32:39,964 - root - INFO - Destroying the purge thread.
[titan] 2026-09-13 07:32:42,621 - root - INFO - Process group destroyed
[titan] 2026-09-13 07:32:42,623 - root - INFO - Process group destroyed
[titan] 2026-09-13 07:32:42,625 - root - INFO - Process group destroyed
[titan] 2026-09-13 07:32:42,784 - root - INFO - Process group destroyed
