W0913 07:39:58.654000 11461 torch/distributed/run.py:982] 
W0913 07:39:58.654000 11461 torch/distributed/run.py:982] *****************************************
W0913 07:39:58.654000 11461 torch/distributed/run.py:982] Setting OMP_NUM_THREADS environment variable for each process to be 1 in default, to avoid your system being overloaded, please further tune the variable for optimal performance in your application as needed. 
W0913 07:39:58.654000 11461 torch/distributed/run.py:982] *****************************************
WARNING:absl:Failed to load jax profiler: No module named 'jax'
WARNING:absl:Failed to load jax profiler: No module named 'jax'
WARNING:absl:Failed to load jax profiler: No module named 'jax'
WARNING:absl:Failed to load jax profiler: No module named 'jax'
[titan] 2026-09-13 07:40:03,526 - root - INFO - torchtitan version: 0.0.0+unknown (0.0.0 means __version__ is not defined correctly).
[titan] 2026-09-13 07:40:03,726 - root - INFO - torchtitan version: 0.0.0+unknown (0.0.0 means __version__ is not defined correctly).
[titan] 2026-09-13 07:40:03,727 - root - INFO - torchtitan version: 0.0.0+unknown (0.0.0 means __version__ is not defined correctly).
[titan] 2026-09-13 07:40:03,852 - root - INFO - torchtitan version: 0.0.0+unknown (0.0.0 means __version__ is not defined correctly).
[titan] 2026-09-13 07:40:04,148 - root - WARNING - initial_load_model_only=True has no effect without an initial_load_path.
[titan] 2026-09-13 07:40:04,221 - root - WARNING - initial_load_model_only=True has no effect without an initial_load_path.
[titan] 2026-09-13 07:40:04,222 - torchtitan.observability.structured_logger.jsonl_handler - INFO - Structured logging -> JSONL: /workspace/out_c4/c4_d2_pp2_again/structured_logs/training.global_rank_1.20260913-074004-GY69A0.jsonl
[titan] 2026-09-13 07:40:04,358 - root - WARNING - initial_load_model_only=True has no effect without an initial_load_path.
[titan] 2026-09-13 07:40:04,417 - root - WARNING - initial_load_model_only=True has no effect without an initial_load_path.
[titan] 2026-09-13 07:40:04,432 - root - WARNING - initial_load_model_only=True has no effect without an initial_load_path.
[titan] 2026-09-13 07:40:04,433 - torchtitan.observability.structured_logger.jsonl_handler - INFO - Structured logging -> JSONL: /workspace/out_c4/c4_d2_pp2_again/structured_logs/training.global_rank_0.20260913-074004-HQSU6F.jsonl
[titan] 2026-09-13 07:40:04,478 - root - WARNING - ENV[TORCH_NCCL_ASYNC_ERROR_HANDLING] = 1 will be overridden to 3 based on job config
[titan] 2026-09-13 07:40:04,490 - root - WARNING - initial_load_model_only=True has no effect without an initial_load_path.
[titan] 2026-09-13 07:40:04,491 - torchtitan.observability.structured_logger.jsonl_handler - INFO - Structured logging -> JSONL: /workspace/out_c4/c4_d2_pp2_again/structured_logs/training.global_rank_3.20260913-074004-WQEMGU.jsonl
[titan] 2026-09-13 07:40:04,575 - root - WARNING - initial_load_model_only=True has no effect without an initial_load_path.
[titan] 2026-09-13 07:40:04,649 - root - WARNING - initial_load_model_only=True has no effect without an initial_load_path.
[titan] 2026-09-13 07:40:04,650 - torchtitan.observability.structured_logger.jsonl_handler - INFO - Structured logging -> JSONL: /workspace/out_c4/c4_d2_pp2_again/structured_logs/training.global_rank_2.20260913-074004-D6XNWB.jsonl
[titan] 2026-09-13 07:40:04,742 - root - WARNING - ENV[TORCH_NCCL_ASYNC_ERROR_HANDLING] = 1 will be overridden to 3 based on job config
[titan] 2026-09-13 07:40:04,831 - root - WARNING - ENV[TORCH_NCCL_ASYNC_ERROR_HANDLING] = 1 will be overridden to 3 based on job config
[titan] 2026-09-13 07:40:04,898 - root - WARNING - ENV[TORCH_NCCL_ASYNC_ERROR_HANDLING] = 1 will be overridden to 3 based on job config
[titan] 2026-09-13 07:40:05,186 - root - INFO - Building device mesh with parallelism: pp=2, dp_replicate=1, dp_shard=2, cp=1, tp=1, ep=1
[titan] 2026-09-13 07:40:05,186 - root - INFO - Building device mesh with parallelism: pp=2, dp_replicate=1, dp_shard=2, cp=1, tp=1, ep=1
[titan] 2026-09-13 07:40:05,187 - root - INFO - Building device mesh with parallelism: pp=2, dp_replicate=1, dp_shard=2, cp=1, tp=1, ep=1
[titan] 2026-09-13 07:40:05,228 - root - INFO - Building device mesh with parallelism: pp=2, dp_replicate=1, dp_shard=2, cp=1, tp=1, ep=1
[titan] 2026-09-13 07:40:05,823 - root - INFO - Successfully created meshes with active dimensions: ['pp', 'batch', 'loss', 'dp', 'dp_shard']
[titan] 2026-09-13 07:40:05,823 - root - INFO - Successfully created meshes with active dimensions: ['pp', 'batch', 'loss', 'dp', 'dp_shard']
[titan] 2026-09-13 07:40:05,823 - root - INFO - Successfully created meshes with active dimensions: ['pp', 'batch', 'loss', 'dp', 'dp_shard']
[titan] 2026-09-13 07:40:05,823 - root - INFO - Successfully created meshes with active dimensions: ['pp', 'batch', 'loss', 'dp', 'dp_shard']
[titan] 2026-09-13 07:40:05,823 - root - INFO - [GC] Initial GC collection took 0.00 seconds
[titan] 2026-09-13 07:40:05,823 - root - INFO - [GC] Initial GC collection took 0.00 seconds
[titan] 2026-09-13 07:40:05,823 - root - INFO - Deterministic algorithm enabled (expect perf degradation).
[titan] 2026-09-13 07:40:05,823 - root - INFO - Deterministic algorithm enabled (expect perf degradation).
[titan] 2026-09-13 07:40:05,823 - root - INFO - [GC] Initial GC collection took 0.00 seconds
[titan] 2026-09-13 07:40:05,823 - root - INFO - Deterministic algorithm enabled (expect perf degradation).
[titan] 2026-09-13 07:40:05,823 - root - INFO - [GC] Initial GC collection took 0.00 seconds
[titan] 2026-09-13 07:40:05,823 - root - INFO - Deterministic algorithm enabled (expect perf degradation).
[titan] 2026-09-13 07:40:05,842 - root - INFO - Building kimi_k3 debugmodel
[titan] 2026-09-13 07:40:05,842 - root - INFO - Building kimi_k3 debugmodel
[titan] 2026-09-13 07:40:05,843 - root - INFO - Building kimi_k3 debugmodel
[titan] 2026-09-13 07:40:05,844 - root - INFO - Building kimi_k3 debugmodel
[titan] 2026-09-13 07:40:05,991 - root - INFO - CUDA capacity: NVIDIA H100 PCIe with 79.18GiB memory
[titan] 2026-09-13 07:40:05,992 - root - INFO - CUDA capacity: NVIDIA H100 PCIe with 79.18GiB memory
[titan] 2026-09-13 07:40:05,992 - root - INFO - CUDA capacity: NVIDIA H100 PCIe with 79.18GiB memory
[titan] 2026-09-13 07:40:05,992 - root - WARNING - Error running lspci: [Errno 2] No such file or directory: 'lspci', fallback to use device_name
[titan] 2026-09-13 07:40:05,993 - root - WARNING - Error running lspci: [Errno 2] No such file or directory: 'lspci', fallback to use device_name
[titan] 2026-09-13 07:40:05,993 - root - INFO - CUDA capacity: NVIDIA H100 PCIe with 79.18GiB memory
[titan] 2026-09-13 07:40:05,993 - root - WARNING - Error running lspci: [Errno 2] No such file or directory: 'lspci', fallback to use device_name
[titan] 2026-09-13 07:40:05,994 - root - WARNING - Error running lspci: [Errno 2] No such file or directory: 'lspci', fallback to use device_name
[titan] 2026-09-13 07:40:05,997 - root - INFO - Total parameter count: 1,119,984,672, active parameters: 535,879,200
[titan] 2026-09-13 07:40:05,997 - root - INFO - [34mModel kimi_k3 debugmodel [31msize: 1,119,984,672 total parameters[39m
[titan] 2026-09-13 07:40:05,998 - root - INFO - Total parameter count: 1,119,984,672, active parameters: 535,879,200
[titan] 2026-09-13 07:40:05,998 - root - INFO - [34mModel kimi_k3 debugmodel [31msize: 1,119,984,672 total parameters[39m
[titan] 2026-09-13 07:40:05,998 - root - INFO - Total parameter count: 1,119,984,672, active parameters: 535,879,200
[titan] 2026-09-13 07:40:05,998 - root - INFO - [34mModel kimi_k3 debugmodel [31msize: 1,119,984,672 total parameters[39m
[titan] 2026-09-13 07:40:05,999 - root - INFO - Total parameter count: 1,119,984,672, active parameters: 535,879,200
[titan] 2026-09-13 07:40:05,999 - root - INFO - [34mModel kimi_k3 debugmodel [31msize: 1,119,984,672 total parameters[39m
[rank2]:W0913 07:40:06.081000 11532 torch/_logging/_internal.py:1394] Pipeline parallelism is using an eager NCCL communicator. Consider creating its process group with backend="nccl-lazy" so peer communicators are initialized lazily and traffic to different peers can overlap.
[titan] 2026-09-13 07:40:06,081 - root - INFO - PP rank 1 is building stage_idx 1 with modules ['layers.12', 'layers.13', 'layers.14', 'layers.15', 'layers.16', 'layers.17', 'layers.18', 'layers.19', 'layers.20', 'layers.21', 'layers.22', 'layers.23', 'norm', 'lm_head', 'output_res_proj', 'output_res_norm']
[rank3]:W0913 07:40:06.081000 11533 torch/_logging/_internal.py:1394] Pipeline parallelism is using an eager NCCL communicator. Consider creating its process group with backend="nccl-lazy" so peer communicators are initialized lazily and traffic to different peers can overlap.
[titan] 2026-09-13 07:40:06,082 - root - INFO - PP rank 1 is building stage_idx 1 with modules ['layers.12', 'layers.13', 'layers.14', 'layers.15', 'layers.16', 'layers.17', 'layers.18', 'layers.19', 'layers.20', 'layers.21', 'layers.22', 'layers.23', 'norm', 'lm_head', 'output_res_proj', 'output_res_norm']
[rank1]:W0913 07:40:06.081000 11531 torch/_logging/_internal.py:1394] Pipeline parallelism is using an eager NCCL communicator. Consider creating its process group with backend="nccl-lazy" so peer communicators are initialized lazily and traffic to different peers can overlap.
[titan] 2026-09-13 07:40:06,082 - root - INFO - PP rank 0 is building stage_idx 0 with modules ['vision_encoder', 'tok_embeddings', 'layers.0', 'layers.1', 'layers.2', 'layers.3', 'layers.4', 'layers.5', 'layers.6', 'layers.7', 'layers.8', 'layers.9', 'layers.10', 'layers.11']
[rank0]:W0913 07:40:06.082000 11530 torch/_logging/_internal.py:1394] Pipeline parallelism is using an eager NCCL communicator. Consider creating its process group with backend="nccl-lazy" so peer communicators are initialized lazily and traffic to different peers can overlap.
[titan] 2026-09-13 07:40:06,083 - root - INFO - PP rank 0 is building stage_idx 0 with modules ['vision_encoder', 'tok_embeddings', 'layers.0', 'layers.1', 'layers.2', 'layers.3', 'layers.4', 'layers.5', 'layers.6', 'layers.7', 'layers.8', 'layers.9', 'layers.10', 'layers.11']
[titan] 2026-09-13 07:40:06,105 - root - INFO - Applied SelectiveAC activation checkpointing to the model
[titan] 2026-09-13 07:40:06,106 - root - INFO - Applied SelectiveAC activation checkpointing to the model
[titan] 2026-09-13 07:40:06,106 - root - INFO - Applied SelectiveAC activation checkpointing to the model
[titan] 2026-09-13 07:40:06,106 - root - INFO - Applied SelectiveAC activation checkpointing to the model
[titan] 2026-09-13 07:40:06,107 - root - INFO - Applied SelectiveAC activation checkpointing to the model
[titan] 2026-09-13 07:40:06,108 - root - INFO - Applied SelectiveAC activation checkpointing to the model
[titan] 2026-09-13 07:40:06,251 - root - INFO - Applied FSDP to the model
[titan] 2026-09-13 07:40:06,251 - root - INFO - Using pipeline schedule 1F1B with 4 microbatches and 2 stages.
[titan] 2026-09-13 07:40:06,251 - root - INFO - Kimi K3 pipeline: 1 stage(s) on this rank [1], block transport delta with rank store
[titan] 2026-09-13 07:40:06,251 - root - INFO - Applied FSDP to the model
[titan] 2026-09-13 07:40:06,252 - root - INFO - Using pipeline schedule 1F1B with 4 microbatches and 2 stages.
[titan] 2026-09-13 07:40:06,252 - root - INFO - Kimi K3 pipeline: 1 stage(s) on this rank [1], block transport delta with rank store
[titan] 2026-09-13 07:40:06,285 - root - INFO - Applied FSDP to the model
[titan] 2026-09-13 07:40:06,285 - root - INFO - Using pipeline schedule 1F1B with 4 microbatches and 2 stages.
[titan] 2026-09-13 07:40:06,285 - root - INFO - Kimi K3 pipeline: 1 stage(s) on this rank [0], block transport delta with rank store
[titan] 2026-09-13 07:40:06,290 - root - INFO - Applied FSDP to the model
[titan] 2026-09-13 07:40:06,290 - root - INFO - Using pipeline schedule 1F1B with 4 microbatches and 2 stages.
[titan] 2026-09-13 07:40:06,290 - root - INFO - Kimi K3 pipeline: 1 stage(s) on this rank [0], block transport delta with rank store
[titan] 2026-09-13 07:40:06,684 - root - WARNING - [31mPipeline Parallel loss is not visible. Please add [33mrank 2[31m to LOG_RANK environment variable in run_train.sh.[39m
[titan] 2026-09-13 07:40:06,684 - root - WARNING - [31mPipeline Parallel loss is not visible. Please add [33mrank 2[31m to LOG_RANK environment variable in run_train.sh.[39m
[titan] 2026-09-13 07:40:06,686 - root - WARNING - Error running lspci: [Errno 2] No such file or directory: 'lspci', fallback to use device_name
[titan] 2026-09-13 07:40:06,686 - root - WARNING - Error running lspci: [Errno 2] No such file or directory: 'lspci', fallback to use device_name
[titan] 2026-09-13 07:40:06,686 - root - INFO - Peak FLOPS used for computing MFU: 7.560e+14
[titan] 2026-09-13 07:40:06,686 - root - INFO - Peak FLOPS used for computing MFU: 7.560e+14
[titan] 2026-09-13 07:40:06,686 - root - INFO - CUDA memory usage for model: 1.41GiB(1.78%)
[titan] 2026-09-13 07:40:06,686 - root - INFO - CUDA memory usage for model: 1.41GiB(1.78%)
[titan] 2026-09-13 07:40:06,688 - root - INFO - Optimizer AdamW (model_part=0): 346 params [.*] {'fused': True, 'foreach': False, 'lr': 0.0008, 'betas': (0.9, 0.95), 'eps': 1e-08, 'weight_decay': 0.1}
[titan] 2026-09-13 07:40:06,688 - root - INFO - Optimizer AdamW (model_part=0): 346 params [.*] {'fused': True, 'foreach': False, 'lr': 0.0008, 'betas': (0.9, 0.95), 'eps': 1e-08, 'weight_decay': 0.1}
[titan] 2026-09-13 07:40:06,690 - root - INFO - Loading tokenizer from tokenizer.json
[titan] 2026-09-13 07:40:06,690 - root - INFO - Loading tokenizer from tokenizer.json
[titan] 2026-09-13 07:40:06,840 - root - WARNING - [31mPipeline Parallel loss is not visible. Please add [33mrank 2[31m to LOG_RANK environment variable in run_train.sh.[39m
[titan] 2026-09-13 07:40:06,840 - root - WARNING - [31mPipeline Parallel loss is not visible. Please add [33mrank 2[31m to LOG_RANK environment variable in run_train.sh.[39m
[titan] 2026-09-13 07:40:06,841 - root - WARNING - Error running lspci: [Errno 2] No such file or directory: 'lspci', fallback to use device_name
[titan] 2026-09-13 07:40:06,841 - root - INFO - Peak FLOPS used for computing MFU: 7.560e+14
[titan] 2026-09-13 07:40:06,842 - root - INFO - CUDA memory usage for model: 0.55GiB(0.70%)
[titan] 2026-09-13 07:40:06,842 - root - WARNING - Error running lspci: [Errno 2] No such file or directory: 'lspci', fallback to use device_name
[titan] 2026-09-13 07:40:06,842 - root - INFO - Peak FLOPS used for computing MFU: 7.560e+14
[titan] 2026-09-13 07:40:06,842 - root - INFO - CUDA memory usage for model: 0.55GiB(0.70%)
[titan] 2026-09-13 07:40:06,844 - root - INFO - Optimizer AdamW (model_part=0): 404 params [.*] {'fused': True, 'foreach': False, 'lr': 0.0008, 'betas': (0.9, 0.95), 'eps': 1e-08, 'weight_decay': 0.1}
[titan] 2026-09-13 07:40:06,845 - root - INFO - Optimizer AdamW (model_part=0): 404 params [.*] {'fused': True, 'foreach': False, 'lr': 0.0008, 'betas': (0.9, 0.95), 'eps': 1e-08, 'weight_decay': 0.1}
[titan] 2026-09-13 07:40:06,845 - root - INFO - Loading tokenizer from tokenizer.json
[titan] 2026-09-13 07:40:06,846 - root - INFO - Loading tokenizer from tokenizer.json
[titan] 2026-09-13 07:40:06,987 - httpx - INFO - HTTP Request: HEAD https://s3.amazonaws.com/datasets.huggingface.co/datasets/datasets/json/json.py "HTTP/1.1 200 OK"
[titan] 2026-09-13 07:40:06,996 - httpx - INFO - HTTP Request: HEAD https://s3.amazonaws.com/datasets.huggingface.co/datasets/datasets/json/json.py "HTTP/1.1 200 OK"
[titan] 2026-09-13 07:40:07,059 - root - WARNING - model.safetensors.index.json not found at hf_assets_path: ./tests/assets/tokenizer/model.safetensors.index.json.                     Defaulting to saving a single safetensors file if checkpoint is saved in HF format
[titan] 2026-09-13 07:40:07,059 - root - WARNING - initial_load_model_only=True has no effect without an initial_load_path.
[titan] 2026-09-13 07:40:07,064 - root - INFO - Checkpointing active. Checkpoints will be loaded from and saved to /workspace/out_c4/c4_d2_pp2_again/checkpoint
[titan] 2026-09-13 07:40:07,064 - root - INFO - Trainer is initialized with 1024 tokens per DP rank, 2048 tokens per train step, gradient accumulation steps 1, maximum context length 2048, total steps 100 (warmup 2)
[titan] 2026-09-13 07:40:07,065 - root - INFO - Loading the checkpoint from /workspace/out_c4/c4_d2_pp2_again/checkpoint/step-0.
[titan] 2026-09-13 07:40:07,068 - root - WARNING - model.safetensors.index.json not found at hf_assets_path: ./tests/assets/tokenizer/model.safetensors.index.json.                     Defaulting to saving a single safetensors file if checkpoint is saved in HF format
[titan] 2026-09-13 07:40:07,068 - root - WARNING - initial_load_model_only=True has no effect without an initial_load_path.
[titan] 2026-09-13 07:40:07,074 - root - INFO - Checkpointing active. Checkpoints will be loaded from and saved to /workspace/out_c4/c4_d2_pp2_again/checkpoint
[titan] 2026-09-13 07:40:07,074 - root - INFO - Trainer is initialized with 1024 tokens per DP rank, 2048 tokens per train step, gradient accumulation steps 1, maximum context length 2048, total steps 100 (warmup 2)
[titan] 2026-09-13 07:40:07,074 - root - INFO - Loading the checkpoint from /workspace/out_c4/c4_d2_pp2_again/checkpoint/step-0.
[titan] 2026-09-13 07:40:07,153 - httpx - INFO - HTTP Request: HEAD https://s3.amazonaws.com/datasets.huggingface.co/datasets/datasets/json/json.py "HTTP/1.1 200 OK"
[titan] 2026-09-13 07:40:07,157 - httpx - INFO - HTTP Request: HEAD https://s3.amazonaws.com/datasets.huggingface.co/datasets/datasets/json/json.py "HTTP/1.1 200 OK"
[titan] 2026-09-13 07:40:07,227 - root - WARNING - model.safetensors.index.json not found at hf_assets_path: ./tests/assets/tokenizer/model.safetensors.index.json.                     Defaulting to saving a single safetensors file if checkpoint is saved in HF format
[titan] 2026-09-13 07:40:07,227 - root - WARNING - initial_load_model_only=True has no effect without an initial_load_path.
[titan] 2026-09-13 07:40:07,229 - root - WARNING - model.safetensors.index.json not found at hf_assets_path: ./tests/assets/tokenizer/model.safetensors.index.json.                     Defaulting to saving a single safetensors file if checkpoint is saved in HF format
[titan] 2026-09-13 07:40:07,230 - root - WARNING - initial_load_model_only=True has no effect without an initial_load_path.
[titan] 2026-09-13 07:40:07,234 - root - INFO - Checkpointing active. Checkpoints will be loaded from and saved to /workspace/out_c4/c4_d2_pp2_again/checkpoint
[titan] 2026-09-13 07:40:07,234 - root - INFO - Trainer is initialized with 1024 tokens per DP rank, 2048 tokens per train step, gradient accumulation steps 1, maximum context length 2048, total steps 100 (warmup 2)
[titan] 2026-09-13 07:40:07,235 - root - INFO - Loading the checkpoint from /workspace/out_c4/c4_d2_pp2_again/checkpoint/step-0.
[titan] 2026-09-13 07:40:07,236 - root - INFO - Checkpointing active. Checkpoints will be loaded from and saved to /workspace/out_c4/c4_d2_pp2_again/checkpoint
[titan] 2026-09-13 07:40:07,236 - root - INFO - Trainer is initialized with 1024 tokens per DP rank, 2048 tokens per train step, gradient accumulation steps 1, maximum context length 2048, total steps 100 (warmup 2)
[titan] 2026-09-13 07:40:07,237 - root - INFO - Loading the checkpoint from /workspace/out_c4/c4_d2_pp2_again/checkpoint/step-0.
[titan] 2026-09-13 07:40:08,420 - root - INFO - [GC] GC collection for checkpoint loading. took 0.02 seconds
[titan] 2026-09-13 07:40:08,420 - root - INFO - Finished loading the checkpoint in 1.35 seconds.
[titan] 2026-09-13 07:40:08,421 - root - INFO - Training starts at step 1
[titan] 2026-09-13 07:40:08,421 - root - INFO - [GC] GC collection for checkpoint loading. took 0.02 seconds
[titan] 2026-09-13 07:40:08,421 - root - INFO - Finished loading the checkpoint in 1.36 seconds.
[titan] 2026-09-13 07:40:08,421 - root - INFO - Training starts at step 1
[titan] 2026-09-13 07:40:08,435 - root - INFO - [GC] GC collection for checkpoint loading. took 0.02 seconds
[titan] 2026-09-13 07:40:08,435 - root - INFO - [GC] GC collection for checkpoint loading. took 0.02 seconds
[titan] 2026-09-13 07:40:08,435 - root - INFO - Finished loading the checkpoint in 1.20 seconds.
[titan] 2026-09-13 07:40:08,435 - root - INFO - Finished loading the checkpoint in 1.20 seconds.
[titan] 2026-09-13 07:40:08,436 - root - INFO - Training starts at step 1
[titan] 2026-09-13 07:40:08,436 - root - INFO - Training starts at step 1
/workspace/venv_pp/lib/python3.12/site-packages/torch/distributed/fsdp/_fully_shard/_fsdp_state.py:336: UserWarning: FSDP2-wrapped module (FSDPCheckpointWrapper) returned a view tensor. An in-place op on this view (e.g., `x += y`) will silently drop the pre-backward hook and skip the all-gather, which can cause backward to fail or produce wrong gradients. Use out-of-place ops (`out = out + y`, not `out += y`) or `.clone()` the output before any in-place op.
  output = self._register_pre_backward_hook(output)
/workspace/venv_pp/lib/python3.12/site-packages/torch/distributed/fsdp/_fully_shard/_fsdp_state.py:336: UserWarning: FSDP2-wrapped module (FSDPCheckpointWrapper) returned a view tensor. An in-place op on this view (e.g., `x += y`) will silently drop the pre-backward hook and skip the all-gather, which can cause backward to fail or produce wrong gradients. Use out-of-place ops (`out = out + y`, not `out += y`) or `.clone()` the output before any in-place op.
  output = self._register_pre_backward_hook(output)
/workspace/venv_pp/lib/python3.12/site-packages/torch/distributed/fsdp/_fully_shard/_fsdp_state.py:336: UserWarning: FSDP2-wrapped module (FSDPCheckpointWrapper) returned a view tensor. An in-place op on this view (e.g., `x += y`) will silently drop the pre-backward hook and skip the all-gather, which can cause backward to fail or produce wrong gradients. Use out-of-place ops (`out = out + y`, not `out += y`) or `.clone()` the output before any in-place op.
  output = self._register_pre_backward_hook(output)
/workspace/venv_pp/lib/python3.12/site-packages/torch/distributed/fsdp/_fully_shard/_fsdp_state.py:336: UserWarning: FSDP2-wrapped module (FSDPCheckpointWrapper) returned a view tensor. An in-place op on this view (e.g., `x += y`) will silently drop the pre-backward hook and skip the all-gather, which can cause backward to fail or produce wrong gradients. Use out-of-place ops (`out = out + y`, not `out += y`) or `.clone()` the output before any in-place op.
  output = self._register_pre_backward_hook(output)
/workspace/venv_pp/lib/python3.12/site-packages/torch/distributed/fsdp/_fully_shard/_fsdp_state.py:336: UserWarning: FSDP2-wrapped module (FSDPKimiK3Model) returned a view tensor. An in-place op on this view (e.g., `x += y`) will silently drop the pre-backward hook and skip the all-gather, which can cause backward to fail or produce wrong gradients. Use out-of-place ops (`out = out + y`, not `out += y`) or `.clone()` the output before any in-place op.
  output = self._register_pre_backward_hook(output)
/workspace/venv_pp/lib/python3.12/site-packages/torch/distributed/fsdp/_fully_shard/_fsdp_state.py:336: UserWarning: FSDP2-wrapped module (FSDPKimiK3Model) returned a view tensor. An in-place op on this view (e.g., `x += y`) will silently drop the pre-backward hook and skip the all-gather, which can cause backward to fail or produce wrong gradients. Use out-of-place ops (`out = out + y`, not `out += y`) or `.clone()` the output before any in-place op.
  output = self._register_pre_backward_hook(output)
/workspace/venv_pp/lib/python3.12/site-packages/torch/distributed/fsdp/_fully_shard/_fsdp_state.py:336: UserWarning: FSDP2-wrapped module (FSDPCheckpointWrapper) returned a view tensor. An in-place op on this view (e.g., `x += y`) will silently drop the pre-backward hook and skip the all-gather, which can cause backward to fail or produce wrong gradients. Use out-of-place ops (`out = out + y`, not `out += y`) or `.clone()` the output before any in-place op.
  output = self._register_pre_backward_hook(output)
/workspace/venv_pp/lib/python3.12/site-packages/torch/distributed/fsdp/_fully_shard/_fsdp_state.py:336: UserWarning: FSDP2-wrapped module (FSDPCheckpointWrapper) returned a view tensor. An in-place op on this view (e.g., `x += y`) will silently drop the pre-backward hook and skip the all-gather, which can cause backward to fail or produce wrong gradients. Use out-of-place ops (`out = out + y`, not `out += y`) or `.clone()` the output before any in-place op.
  output = self._register_pre_backward_hook(output)
/workspace/venv_pp/lib/python3.12/site-packages/torch/distributed/fsdp/_fully_shard/_fsdp_state.py:336: UserWarning: FSDP2-wrapped module (FSDPCheckpointWrapper) returned a view tensor. An in-place op on this view (e.g., `x += y`) will silently drop the pre-backward hook and skip the all-gather, which can cause backward to fail or produce wrong gradients. Use out-of-place ops (`out = out + y`, not `out += y`) or `.clone()` the output before any in-place op.
  output = self._register_pre_backward_hook(output)
/workspace/venv_pp/lib/python3.12/site-packages/torch/distributed/fsdp/_fully_shard/_fsdp_state.py:336: UserWarning: FSDP2-wrapped module (FSDPCheckpointWrapper) returned a view tensor. An in-place op on this view (e.g., `x += y`) will silently drop the pre-backward hook and skip the all-gather, which can cause backward to fail or produce wrong gradients. Use out-of-place ops (`out = out + y`, not `out += y`) or `.clone()` the output before any in-place op.
  output = self._register_pre_backward_hook(output)
[titan] 2026-09-13 07:40:15,139 - root - INFO - [31mstep:  1  [32mloss: -2.00000  [38;2;180;60;0mgrad_norm: 14.4375  [38;2;54;234;195mmemory:  5.64GiB(7.13%)  [34mtps: 56  [36mtflops: 0.20  [35mmfu: 0.03%[39m
[titan] 2026-09-13 07:40:15,139 - root - INFO - [31mstep:  1  [32mloss: -2.00000  [38;2;180;60;0mgrad_norm: 14.4375  [38;2;54;234;195mmemory:  5.64GiB(7.13%)  [34mtps: 56  [36mtflops: 0.20  [35mmfu: 0.03%[39m
[titan] 2026-09-13 07:40:15,140 - root - INFO - Synchronizing and adjusting timeout for all ProcessGroups to 0:01:40
[titan] 2026-09-13 07:40:15,140 - root - INFO - Synchronizing and adjusting timeout for all ProcessGroups to 0:01:40
[titan] 2026-09-13 07:40:15,235 - root - INFO - [31mstep:  1  [32mloss: 12.58074  [38;2;180;60;0mgrad_norm: 14.4375  [38;2;54;234;195mmemory:  6.98GiB(8.82%)  [34mtps: 55  [36mtflops: 0.19  [35mmfu: 0.03%[39m
[titan] 2026-09-13 07:40:15,235 - root - INFO - [31mstep:  1  [32mloss: 12.58074  [38;2;180;60;0mgrad_norm: 14.4375  [38;2;54;234;195mmemory:  6.98GiB(8.82%)  [34mtps: 55  [36mtflops: 0.19  [35mmfu: 0.03%[39m
[titan] 2026-09-13 07:40:15,236 - root - INFO - Synchronizing and adjusting timeout for all ProcessGroups to 0:01:40
[titan] 2026-09-13 07:40:15,236 - root - INFO - Synchronizing and adjusting timeout for all ProcessGroups to 0:01:40
[titan] 2026-09-13 07:40:16,541 - root - INFO - [31mstep:  2  [32mloss: -2.00000  [38;2;180;60;0mgrad_norm: 15.2500  [38;2;54;234;195mmemory:  6.37GiB(8.05%)  [34mtps: 365  [36mtflops: 1.28  [35mmfu: 0.17%[39m
[titan] 2026-09-13 07:40:16,541 - root - INFO - [31mstep:  2  [32mloss: -2.00000  [38;2;180;60;0mgrad_norm: 15.2500  [38;2;54;234;195mmemory:  6.37GiB(8.05%)  [34mtps: 365  [36mtflops: 1.28  [35mmfu: 0.17%[39m
[titan] 2026-09-13 07:40:16,541 - root - INFO - [31mstep:  2  [32mloss:  9.70111  [38;2;180;60;0mgrad_norm: 15.2500  [38;2;54;234;195mmemory:  7.75GiB(9.79%)  [34mtps: 392  [36mtflops: 1.37  [35mmfu: 0.18%[39m
[titan] 2026-09-13 07:40:16,541 - root - INFO - [31mstep:  2  [32mloss:  9.70111  [38;2;180;60;0mgrad_norm: 15.2500  [38;2;54;234;195mmemory:  7.75GiB(9.79%)  [34mtps: 392  [36mtflops: 1.37  [35mmfu: 0.18%[39m
[titan] 2026-09-13 07:40:17,825 - root - INFO - [31mstep:  3  [32mloss: -2.00000  [38;2;180;60;0mgrad_norm: 10.0000  [38;2;54;234;195mmemory:  6.37GiB(8.05%)  [34mtps: 399  [36mtflops: 1.39  [35mmfu: 0.18%[39m
[titan] 2026-09-13 07:40:17,825 - root - INFO - [31mstep:  3  [32mloss: -2.00000  [38;2;180;60;0mgrad_norm: 10.0000  [38;2;54;234;195mmemory:  6.37GiB(8.05%)  [34mtps: 399  [36mtflops: 1.39  [35mmfu: 0.18%[39m
[titan] 2026-09-13 07:40:17,825 - root - INFO - [31mstep:  3  [32mloss:  7.45576  [38;2;180;60;0mgrad_norm: 10.0000  [38;2;54;234;195mmemory:  7.75GiB(9.79%)  [34mtps: 399  [36mtflops: 1.39  [35mmfu: 0.18%[39m
[titan] 2026-09-13 07:40:17,825 - root - INFO - [31mstep:  3  [32mloss:  7.45576  [38;2;180;60;0mgrad_norm: 10.0000  [38;2;54;234;195mmemory:  7.75GiB(9.79%)  [34mtps: 399  [36mtflops: 1.39  [35mmfu: 0.18%[39m
[titan] 2026-09-13 07:40:19,107 - root - INFO - [31mstep:  4  [32mloss: -2.00000  [38;2;180;60;0mgrad_norm:  6.0938  [38;2;54;234;195mmemory:  6.37GiB(8.05%)  [34mtps: 399  [36mtflops: 1.39  [35mmfu: 0.18%[39m
[titan] 2026-09-13 07:40:19,107 - root - INFO - [31mstep:  4  [32mloss: -2.00000  [38;2;180;60;0mgrad_norm:  6.0938  [38;2;54;234;195mmemory:  6.37GiB(8.05%)  [34mtps: 399  [36mtflops: 1.39  [35mmfu: 0.18%[39m
[titan] 2026-09-13 07:40:19,108 - root - INFO - [31mstep:  4  [32mloss:  6.76379  [38;2;180;60;0mgrad_norm:  6.0938  [38;2;54;234;195mmemory:  7.75GiB(9.79%)  [34mtps: 399  [36mtflops: 1.39  [35mmfu: 0.18%[39m
[titan] 2026-09-13 07:40:19,108 - root - INFO - [31mstep:  4  [32mloss:  6.76379  [38;2;180;60;0mgrad_norm:  6.0938  [38;2;54;234;195mmemory:  7.75GiB(9.79%)  [34mtps: 399  [36mtflops: 1.39  [35mmfu: 0.18%[39m
[titan] 2026-09-13 07:40:20,397 - root - INFO - [31mstep:  5  [32mloss: -2.00000  [38;2;180;60;0mgrad_norm:  8.6250  [38;2;54;234;195mmemory:  6.37GiB(8.05%)  [34mtps: 397  [36mtflops: 1.38  [35mmfu: 0.18%[39m
[titan] 2026-09-13 07:40:20,397 - root - INFO - [31mstep:  5  [32mloss: -2.00000  [38;2;180;60;0mgrad_norm:  8.6250  [38;2;54;234;195mmemory:  6.37GiB(8.05%)  [34mtps: 397  [36mtflops: 1.38  [35mmfu: 0.18%[39m
[titan] 2026-09-13 07:40:20,398 - root - INFO - [31mstep:  5  [32mloss:  5.00558  [38;2;180;60;0mgrad_norm:  8.6250  [38;2;54;234;195mmemory:  7.75GiB(9.79%)  [34mtps: 397  [36mtflops: 1.38  [35mmfu: 0.18%[39m
[titan] 2026-09-13 07:40:20,398 - root - INFO - [31mstep:  5  [32mloss:  5.00558  [38;2;180;60;0mgrad_norm:  8.6250  [38;2;54;234;195mmemory:  7.75GiB(9.79%)  [34mtps: 397  [36mtflops: 1.38  [35mmfu: 0.18%[39m
[titan] 2026-09-13 07:40:21,685 - root - INFO - [31mstep:  6  [32mloss: -2.00000  [38;2;180;60;0mgrad_norm:  5.4688  [38;2;54;234;195mmemory:  6.37GiB(8.05%)  [34mtps: 398  [36mtflops: 1.39  [35mmfu: 0.18%[39m
[titan] 2026-09-13 07:40:21,685 - root - INFO - [31mstep:  6  [32mloss: -2.00000  [38;2;180;60;0mgrad_norm:  5.4688  [38;2;54;234;195mmemory:  6.37GiB(8.05%)  [34mtps: 398  [36mtflops: 1.39  [35mmfu: 0.18%[39m
[titan] 2026-09-13 07:40:21,686 - root - INFO - [31mstep:  6  [32mloss:  4.47822  [38;2;180;60;0mgrad_norm:  5.4688  [38;2;54;234;195mmemory:  7.75GiB(9.79%)  [34mtps: 398  [36mtflops: 1.39  [35mmfu: 0.18%[39m
[titan] 2026-09-13 07:40:21,686 - root - INFO - [31mstep:  6  [32mloss:  4.47822  [38;2;180;60;0mgrad_norm:  5.4688  [38;2;54;234;195mmemory:  7.75GiB(9.79%)  [34mtps: 398  [36mtflops: 1.39  [35mmfu: 0.18%[39m
[titan] 2026-09-13 07:40:22,965 - root - INFO - [31mstep:  7  [32mloss: -2.00000  [38;2;180;60;0mgrad_norm:  6.2500  [38;2;54;234;195mmemory:  6.37GiB(8.05%)  [34mtps: 400  [36mtflops: 1.40  [35mmfu: 0.18%[39m
[titan] 2026-09-13 07:40:22,965 - root - INFO - [31mstep:  7  [32mloss: -2.00000  [38;2;180;60;0mgrad_norm:  6.2500  [38;2;54;234;195mmemory:  6.37GiB(8.05%)  [34mtps: 400  [36mtflops: 1.40  [35mmfu: 0.18%[39m
[titan] 2026-09-13 07:40:22,966 - root - INFO - [31mstep:  7  [32mloss:  4.45554  [38;2;180;60;0mgrad_norm:  6.2500  [38;2;54;234;195mmemory:  7.75GiB(9.79%)  [34mtps: 400  [36mtflops: 1.40  [35mmfu: 0.18%[39m
[titan] 2026-09-13 07:40:22,966 - root - INFO - [31mstep:  7  [32mloss:  4.45554  [38;2;180;60;0mgrad_norm:  6.2500  [38;2;54;234;195mmemory:  7.75GiB(9.79%)  [34mtps: 400  [36mtflops: 1.40  [35mmfu: 0.18%[39m
[titan] 2026-09-13 07:40:24,265 - root - INFO - [31mstep:  8  [32mloss: -2.00000  [38;2;180;60;0mgrad_norm:  5.8125  [38;2;54;234;195mmemory:  6.37GiB(8.05%)  [34mtps: 394  [36mtflops: 1.37  [35mmfu: 0.18%[39m
[titan] 2026-09-13 07:40:24,265 - root - INFO - [31mstep:  8  [32mloss: -2.00000  [38;2;180;60;0mgrad_norm:  5.8125  [38;2;54;234;195mmemory:  6.37GiB(8.05%)  [34mtps: 394  [36mtflops: 1.37  [35mmfu: 0.18%[39m
[titan] 2026-09-13 07:40:24,265 - root - INFO - [31mstep:  8  [32mloss:  4.04295  [38;2;180;60;0mgrad_norm:  5.8125  [38;2;54;234;195mmemory:  7.75GiB(9.79%)  [34mtps: 394  [36mtflops: 1.38  [35mmfu: 0.18%[39m
[titan] 2026-09-13 07:40:24,266 - root - INFO - [31mstep:  8  [32mloss:  4.04295  [38;2;180;60;0mgrad_norm:  5.8125  [38;2;54;234;195mmemory:  7.75GiB(9.79%)  [34mtps: 394  [36mtflops: 1.37  [35mmfu: 0.18%[39m
[titan] 2026-09-13 07:40:25,557 - root - INFO - [31mstep:  9  [32mloss: -2.00000  [38;2;180;60;0mgrad_norm:  3.5938  [38;2;54;234;195mmemory:  6.37GiB(8.05%)  [34mtps: 396  [36mtflops: 1.38  [35mmfu: 0.18%[39m
[titan] 2026-09-13 07:40:25,557 - root - INFO - [31mstep:  9  [32mloss: -2.00000  [38;2;180;60;0mgrad_norm:  3.5938  [38;2;54;234;195mmemory:  6.37GiB(8.05%)  [34mtps: 396  [36mtflops: 1.38  [35mmfu: 0.18%[39m
[titan] 2026-09-13 07:40:25,558 - root - INFO - [31mstep:  9  [32mloss:  3.43898  [38;2;180;60;0mgrad_norm:  3.5938  [38;2;54;234;195mmemory:  7.75GiB(9.79%)  [34mtps: 396  [36mtflops: 1.38  [35mmfu: 0.18%[39m
[titan] 2026-09-13 07:40:25,558 - root - INFO - [31mstep:  9  [32mloss:  3.43898  [38;2;180;60;0mgrad_norm:  3.5938  [38;2;54;234;195mmemory:  7.75GiB(9.79%)  [34mtps: 396  [36mtflops: 1.38  [35mmfu: 0.18%[39m
[titan] 2026-09-13 07:40:26,851 - root - INFO - [31mstep: 10  [32mloss: -2.00000  [38;2;180;60;0mgrad_norm: 13.1875  [38;2;54;234;195mmemory:  6.37GiB(8.05%)  [34mtps: 396  [36mtflops: 1.38  [35mmfu: 0.18%[39m
[titan] 2026-09-13 07:40:26,851 - root - INFO - [31mstep: 10  [32mloss: -2.00000  [38;2;180;60;0mgrad_norm: 13.1875  [38;2;54;234;195mmemory:  6.37GiB(8.05%)  [34mtps: 396  [36mtflops: 1.38  [35mmfu: 0.18%[39m
[titan] 2026-09-13 07:40:26,852 - root - INFO - [31mstep: 10  [32mloss:  3.60736  [38;2;180;60;0mgrad_norm: 13.1875  [38;2;54;234;195mmemory:  7.75GiB(9.79%)  [34mtps: 396  [36mtflops: 1.38  [35mmfu: 0.18%[39m
[titan] 2026-09-13 07:40:26,852 - root - INFO - [31mstep: 10  [32mloss:  3.60736  [38;2;180;60;0mgrad_norm: 13.1875  [38;2;54;234;195mmemory:  7.75GiB(9.79%)  [34mtps: 396  [36mtflops: 1.38  [35mmfu: 0.18%[39m
[titan] 2026-09-13 07:40:28,145 - root - INFO - [31mstep: 11  [32mloss: -2.00000  [38;2;180;60;0mgrad_norm:  8.5000  [38;2;54;234;195mmemory:  6.37GiB(8.05%)  [34mtps: 396  [36mtflops: 1.38  [35mmfu: 0.18%[39m
[titan] 2026-09-13 07:40:28,146 - root - INFO - [31mstep: 11  [32mloss: -2.00000  [38;2;180;60;0mgrad_norm:  8.5000  [38;2;54;234;195mmemory:  6.37GiB(8.05%)  [34mtps: 396  [36mtflops: 1.38  [35mmfu: 0.18%[39m
[titan] 2026-09-13 07:40:28,146 - root - INFO - [31mstep: 11  [32mloss:  3.77447  [38;2;180;60;0mgrad_norm:  8.5000  [38;2;54;234;195mmemory:  7.75GiB(9.79%)  [34mtps: 396  [36mtflops: 1.38  [35mmfu: 0.18%[39m
[titan] 2026-09-13 07:40:28,146 - root - INFO - [31mstep: 11  [32mloss:  3.77447  [38;2;180;60;0mgrad_norm:  8.5000  [38;2;54;234;195mmemory:  7.75GiB(9.79%)  [34mtps: 396  [36mtflops: 1.38  [35mmfu: 0.18%[39m
[titan] 2026-09-13 07:40:29,442 - root - INFO - [31mstep: 12  [32mloss: -2.00000  [38;2;180;60;0mgrad_norm:  4.5625  [38;2;54;234;195mmemory:  6.37GiB(8.05%)  [34mtps: 395  [36mtflops: 1.38  [35mmfu: 0.18%[39m
[titan] 2026-09-13 07:40:29,442 - root - INFO - [31mstep: 12  [32mloss: -2.00000  [38;2;180;60;0mgrad_norm:  4.5625  [38;2;54;234;195mmemory:  6.37GiB(8.05%)  [34mtps: 395  [36mtflops: 1.38  [35mmfu: 0.18%[39m
[titan] 2026-09-13 07:40:29,442 - root - INFO - [31mstep: 12  [32mloss:  3.49253  [38;2;180;60;0mgrad_norm:  4.5625  [38;2;54;234;195mmemory:  7.75GiB(9.79%)  [34mtps: 395  [36mtflops: 1.38  [35mmfu: 0.18%[39m
[titan] 2026-09-13 07:40:29,442 - root - INFO - [31mstep: 12  [32mloss:  3.49253  [38;2;180;60;0mgrad_norm:  4.5625  [38;2;54;234;195mmemory:  7.75GiB(9.79%)  [34mtps: 395  [36mtflops: 1.38  [35mmfu: 0.18%[39m
[titan] 2026-09-13 07:40:30,741 - root - INFO - [31mstep: 13  [32mloss: -2.00000  [38;2;180;60;0mgrad_norm:  3.2969  [38;2;54;234;195mmemory:  6.37GiB(8.05%)  [34mtps: 394  [36mtflops: 1.38  [35mmfu: 0.18%[39m
[titan] 2026-09-13 07:40:30,741 - root - INFO - [31mstep: 13  [32mloss: -2.00000  [38;2;180;60;0mgrad_norm:  3.2969  [38;2;54;234;195mmemory:  6.37GiB(8.05%)  [34mtps: 394  [36mtflops: 1.38  [35mmfu: 0.18%[39m
[titan] 2026-09-13 07:40:30,741 - root - INFO - [31mstep: 13  [32mloss:  3.03673  [38;2;180;60;0mgrad_norm:  3.2969  [38;2;54;234;195mmemory:  7.75GiB(9.79%)  [34mtps: 394  [36mtflops: 1.38  [35mmfu: 0.18%[39m
[titan] 2026-09-13 07:40:30,741 - root - INFO - [31mstep: 13  [32mloss:  3.03673  [38;2;180;60;0mgrad_norm:  3.2969  [38;2;54;234;195mmemory:  7.75GiB(9.79%)  [34mtps: 394  [36mtflops: 1.38  [35mmfu: 0.18%[39m
[titan] 2026-09-13 07:40:32,034 - root - INFO - [31mstep: 14  [32mloss: -2.00000  [38;2;180;60;0mgrad_norm:  3.6562  [38;2;54;234;195mmemory:  6.37GiB(8.05%)  [34mtps: 396  [36mtflops: 1.38  [35mmfu: 0.18%[39m
[titan] 2026-09-13 07:40:32,034 - root - INFO - [31mstep: 14  [32mloss: -2.00000  [38;2;180;60;0mgrad_norm:  3.6562  [38;2;54;234;195mmemory:  6.37GiB(8.05%)  [34mtps: 396  [36mtflops: 1.38  [35mmfu: 0.18%[39m
[titan] 2026-09-13 07:40:32,035 - root - INFO - [31mstep: 14  [32mloss:  3.29113  [38;2;180;60;0mgrad_norm:  3.6562  [38;2;54;234;195mmemory:  7.75GiB(9.79%)  [34mtps: 396  [36mtflops: 1.38  [35mmfu: 0.18%[39m
[titan] 2026-09-13 07:40:32,036 - root - INFO - [31mstep: 14  [32mloss:  3.29113  [38;2;180;60;0mgrad_norm:  3.6562  [38;2;54;234;195mmemory:  7.75GiB(9.79%)  [34mtps: 396  [36mtflops: 1.38  [35mmfu: 0.18%[39m
[titan] 2026-09-13 07:40:33,323 - root - INFO - [31mstep: 15  [32mloss: -2.00000  [38;2;180;60;0mgrad_norm:  3.4062  [38;2;54;234;195mmemory:  6.37GiB(8.05%)  [34mtps: 397  [36mtflops: 1.39  [35mmfu: 0.18%[39m
[titan] 2026-09-13 07:40:33,323 - root - INFO - [31mstep: 15  [32mloss: -2.00000  [38;2;180;60;0mgrad_norm:  3.4062  [38;2;54;234;195mmemory:  6.37GiB(8.05%)  [34mtps: 397  [36mtflops: 1.39  [35mmfu: 0.18%[39m
[titan] 2026-09-13 07:40:33,324 - root - INFO - [31mstep: 15  [32mloss:  3.15457  [38;2;180;60;0mgrad_norm:  3.4062  [38;2;54;234;195mmemory:  7.75GiB(9.79%)  [34mtps: 397  [36mtflops: 1.39  [35mmfu: 0.18%[39m
[titan] 2026-09-13 07:40:33,324 - root - INFO - [31mstep: 15  [32mloss:  3.15457  [38;2;180;60;0mgrad_norm:  3.4062  [38;2;54;234;195mmemory:  7.75GiB(9.79%)  [34mtps: 397  [36mtflops: 1.39  [35mmfu: 0.18%[39m
[titan] 2026-09-13 07:40:34,617 - root - INFO - [31mstep: 16  [32mloss: -2.00000  [38;2;180;60;0mgrad_norm:  2.9219  [38;2;54;234;195mmemory:  6.37GiB(8.05%)  [34mtps: 396  [36mtflops: 1.38  [35mmfu: 0.18%[39m
[titan] 2026-09-13 07:40:34,617 - root - INFO - [31mstep: 16  [32mloss: -2.00000  [38;2;180;60;0mgrad_norm:  2.9219  [38;2;54;234;195mmemory:  6.37GiB(8.05%)  [34mtps: 396  [36mtflops: 1.38  [35mmfu: 0.18%[39m
[titan] 2026-09-13 07:40:34,617 - root - INFO - [31mstep: 16  [32mloss:  3.04115  [38;2;180;60;0mgrad_norm:  2.9219  [38;2;54;234;195mmemory:  7.75GiB(9.79%)  [34mtps: 396  [36mtflops: 1.38  [35mmfu: 0.18%[39m
[titan] 2026-09-13 07:40:34,617 - root - INFO - [31mstep: 16  [32mloss:  3.04115  [38;2;180;60;0mgrad_norm:  2.9219  [38;2;54;234;195mmemory:  7.75GiB(9.79%)  [34mtps: 396  [36mtflops: 1.38  [35mmfu: 0.18%[39m
[titan] 2026-09-13 07:40:35,912 - root - INFO - [31mstep: 17  [32mloss: -2.00000  [38;2;180;60;0mgrad_norm:  2.3125  [38;2;54;234;195mmemory:  6.37GiB(8.05%)  [34mtps: 395  [36mtflops: 1.38  [35mmfu: 0.18%[39m
[titan] 2026-09-13 07:40:35,912 - root - INFO - [31mstep: 17  [32mloss: -2.00000  [38;2;180;60;0mgrad_norm:  2.3125  [38;2;54;234;195mmemory:  6.37GiB(8.05%)  [34mtps: 395  [36mtflops: 1.38  [35mmfu: 0.18%[39m
[titan] 2026-09-13 07:40:35,913 - root - INFO - [31mstep: 17  [32mloss:  2.94070  [38;2;180;60;0mgrad_norm:  2.3125  [38;2;54;234;195mmemory:  7.75GiB(9.79%)  [34mtps: 395  [36mtflops: 1.38  [35mmfu: 0.18%[39m
[titan] 2026-09-13 07:40:35,913 - root - INFO - [31mstep: 17  [32mloss:  2.94070  [38;2;180;60;0mgrad_norm:  2.3125  [38;2;54;234;195mmemory:  7.75GiB(9.79%)  [34mtps: 395  [36mtflops: 1.38  [35mmfu: 0.18%[39m
[titan] 2026-09-13 07:40:37,208 - root - INFO - [31mstep: 18  [32mloss: -2.00000  [38;2;180;60;0mgrad_norm:  2.9531  [38;2;54;234;195mmemory:  6.37GiB(8.05%)  [34mtps: 395  [36mtflops: 1.38  [35mmfu: 0.18%[39m
[titan] 2026-09-13 07:40:37,208 - root - INFO - [31mstep: 18  [32mloss: -2.00000  [38;2;180;60;0mgrad_norm:  2.9531  [38;2;54;234;195mmemory:  6.37GiB(8.05%)  [34mtps: 395  [36mtflops: 1.38  [35mmfu: 0.18%[39m
[titan] 2026-09-13 07:40:37,209 - root - INFO - [31mstep: 18  [32mloss:  3.00494  [38;2;180;60;0mgrad_norm:  2.9531  [38;2;54;234;195mmemory:  7.75GiB(9.79%)  [34mtps: 395  [36mtflops: 1.38  [35mmfu: 0.18%[39m
[titan] 2026-09-13 07:40:37,209 - root - INFO - [31mstep: 18  [32mloss:  3.00494  [38;2;180;60;0mgrad_norm:  2.9531  [38;2;54;234;195mmemory:  7.75GiB(9.79%)  [34mtps: 395  [36mtflops: 1.38  [35mmfu: 0.18%[39m
[titan] 2026-09-13 07:40:38,503 - root - INFO - [31mstep: 19  [32mloss: -2.00000  [38;2;180;60;0mgrad_norm:  2.8750  [38;2;54;234;195mmemory:  6.37GiB(8.05%)  [34mtps: 396  [36mtflops: 1.38  [35mmfu: 0.18%[39m
[titan] 2026-09-13 07:40:38,503 - root - INFO - [31mstep: 19  [32mloss: -2.00000  [38;2;180;60;0mgrad_norm:  2.8750  [38;2;54;234;195mmemory:  6.37GiB(8.05%)  [34mtps: 396  [36mtflops: 1.38  [35mmfu: 0.18%[39m
[titan] 2026-09-13 07:40:38,503 - root - INFO - [31mstep: 19  [32mloss:  3.11812  [38;2;180;60;0mgrad_norm:  2.8750  [38;2;54;234;195mmemory:  7.75GiB(9.79%)  [34mtps: 396  [36mtflops: 1.38  [35mmfu: 0.18%[39m
[titan] 2026-09-13 07:40:38,504 - root - INFO - [31mstep: 19  [32mloss:  3.11812  [38;2;180;60;0mgrad_norm:  2.8750  [38;2;54;234;195mmemory:  7.75GiB(9.79%)  [34mtps: 396  [36mtflops: 1.38  [35mmfu: 0.18%[39m
[titan] 2026-09-13 07:40:39,790 - root - INFO - [31mstep: 20  [32mloss: -2.00000  [38;2;180;60;0mgrad_norm:  2.4375  [38;2;54;234;195mmemory:  6.37GiB(8.05%)  [34mtps: 398  [36mtflops: 1.39  [35mmfu: 0.18%[39m
[titan] 2026-09-13 07:40:39,790 - root - INFO - [31mstep: 20  [32mloss: -2.00000  [38;2;180;60;0mgrad_norm:  2.4375  [38;2;54;234;195mmemory:  6.37GiB(8.05%)  [34mtps: 398  [36mtflops: 1.39  [35mmfu: 0.18%[39m
[titan] 2026-09-13 07:40:39,791 - root - INFO - [31mstep: 20  [32mloss:  2.97848  [38;2;180;60;0mgrad_norm:  2.4375  [38;2;54;234;195mmemory:  7.75GiB(9.79%)  [34mtps: 398  [36mtflops: 1.39  [35mmfu: 0.18%[39m
[titan] 2026-09-13 07:40:39,791 - root - INFO - [31mstep: 20  [32mloss:  2.97848  [38;2;180;60;0mgrad_norm:  2.4375  [38;2;54;234;195mmemory:  7.75GiB(9.79%)  [34mtps: 398  [36mtflops: 1.39  [35mmfu: 0.18%[39m
[titan] 2026-09-13 07:40:41,083 - root - INFO - [31mstep: 21  [32mloss: -2.00000  [38;2;180;60;0mgrad_norm:  1.4922  [38;2;54;234;195mmemory:  6.37GiB(8.05%)  [34mtps: 396  [36mtflops: 1.38  [35mmfu: 0.18%[39m
[titan] 2026-09-13 07:40:41,083 - root - INFO - [31mstep: 21  [32mloss:  3.00669  [38;2;180;60;0mgrad_norm:  1.4922  [38;2;54;234;195mmemory:  7.75GiB(9.79%)  [34mtps: 396  [36mtflops: 1.38  [35mmfu: 0.18%[39m
[titan] 2026-09-13 07:40:41,083 - root - INFO - [31mstep: 21  [32mloss:  3.00669  [38;2;180;60;0mgrad_norm:  1.4922  [38;2;54;234;195mmemory:  7.75GiB(9.79%)  [34mtps: 396  [36mtflops: 1.38  [35mmfu: 0.18%[39m
[titan] 2026-09-13 07:40:41,083 - root - INFO - [31mstep: 21  [32mloss: -2.00000  [38;2;180;60;0mgrad_norm:  1.4922  [38;2;54;234;195mmemory:  6.37GiB(8.05%)  [34mtps: 396  [36mtflops: 1.38  [35mmfu: 0.18%[39m
[titan] 2026-09-13 07:40:42,377 - root - INFO - [31mstep: 22  [32mloss: -2.00000  [38;2;180;60;0mgrad_norm:  2.6250  [38;2;54;234;195mmemory:  6.37GiB(8.05%)  [34mtps: 396  [36mtflops: 1.38  [35mmfu: 0.18%[39m
[titan] 2026-09-13 07:40:42,377 - root - INFO - [31mstep: 22  [32mloss: -2.00000  [38;2;180;60;0mgrad_norm:  2.6250  [38;2;54;234;195mmemory:  6.37GiB(8.05%)  [34mtps: 396  [36mtflops: 1.38  [35mmfu: 0.18%[39m
[titan] 2026-09-13 07:40:42,377 - root - INFO - [31mstep: 22  [32mloss:  2.89792  [38;2;180;60;0mgrad_norm:  2.6250  [38;2;54;234;195mmemory:  7.75GiB(9.79%)  [34mtps: 396  [36mtflops: 1.38  [35mmfu: 0.18%[39m
[titan] 2026-09-13 07:40:42,377 - root - INFO - [31mstep: 22  [32mloss:  2.89792  [38;2;180;60;0mgrad_norm:  2.6250  [38;2;54;234;195mmemory:  7.75GiB(9.79%)  [34mtps: 396  [36mtflops: 1.38  [35mmfu: 0.18%[39m
[titan] 2026-09-13 07:40:43,670 - root - INFO - [31mstep: 23  [32mloss: -2.00000  [38;2;180;60;0mgrad_norm:  2.6562  [38;2;54;234;195mmemory:  6.37GiB(8.05%)  [34mtps: 396  [36mtflops: 1.38  [35mmfu: 0.18%[39m
[titan] 2026-09-13 07:40:43,670 - root - INFO - [31mstep: 23  [32mloss: -2.00000  [38;2;180;60;0mgrad_norm:  2.6562  [38;2;54;234;195mmemory:  6.37GiB(8.05%)  [34mtps: 396  [36mtflops: 1.38  [35mmfu: 0.18%[39m
[titan] 2026-09-13 07:40:43,671 - root - INFO - [31mstep: 23  [32mloss:  2.82490  [38;2;180;60;0mgrad_norm:  2.6562  [38;2;54;234;195mmemory:  7.75GiB(9.79%)  [34mtps: 396  [36mtflops: 1.38  [35mmfu: 0.18%[39m
[titan] 2026-09-13 07:40:43,671 - root - INFO - [31mstep: 23  [32mloss:  2.82490  [38;2;180;60;0mgrad_norm:  2.6562  [38;2;54;234;195mmemory:  7.75GiB(9.79%)  [34mtps: 396  [36mtflops: 1.38  [35mmfu: 0.18%[39m
[titan] 2026-09-13 07:40:44,968 - root - INFO - [31mstep: 24  [32mloss: -2.00000  [38;2;180;60;0mgrad_norm:  1.9453  [38;2;54;234;195mmemory:  6.37GiB(8.05%)  [34mtps: 395  [36mtflops: 1.38  [35mmfu: 0.18%[39m
[titan] 2026-09-13 07:40:44,968 - root - INFO - [31mstep: 24  [32mloss: -2.00000  [38;2;180;60;0mgrad_norm:  1.9453  [38;2;54;234;195mmemory:  6.37GiB(8.05%)  [34mtps: 394  [36mtflops: 1.38  [35mmfu: 0.18%[39m
[titan] 2026-09-13 07:40:44,969 - root - INFO - [31mstep: 24  [32mloss:  2.89950  [38;2;180;60;0mgrad_norm:  1.9453  [38;2;54;234;195mmemory:  7.75GiB(9.79%)  [34mtps: 395  [36mtflops: 1.38  [35mmfu: 0.18%[39m
[titan] 2026-09-13 07:40:44,969 - root - INFO - [31mstep: 24  [32mloss:  2.89950  [38;2;180;60;0mgrad_norm:  1.9453  [38;2;54;234;195mmemory:  7.75GiB(9.79%)  [34mtps: 395  [36mtflops: 1.38  [35mmfu: 0.18%[39m
[titan] 2026-09-13 07:40:46,256 - root - INFO - [31mstep: 25  [32mloss: -2.00000  [38;2;180;60;0mgrad_norm:  2.3438  [38;2;54;234;195mmemory:  6.37GiB(8.05%)  [34mtps: 398  [36mtflops: 1.39  [35mmfu: 0.18%[39m
[titan] 2026-09-13 07:40:46,256 - root - INFO - [31mstep: 25  [32mloss: -2.00000  [38;2;180;60;0mgrad_norm:  2.3438  [38;2;54;234;195mmemory:  6.37GiB(8.05%)  [34mtps: 398  [36mtflops: 1.39  [35mmfu: 0.18%[39m
[titan] 2026-09-13 07:40:46,256 - root - INFO - [31mstep: 25  [32mloss:  3.10360  [38;2;180;60;0mgrad_norm:  2.3438  [38;2;54;234;195mmemory:  7.75GiB(9.79%)  [34mtps: 398  [36mtflops: 1.39  [35mmfu: 0.18%[39m
[titan] 2026-09-13 07:40:46,256 - root - INFO - [31mstep: 25  [32mloss:  3.10360  [38;2;180;60;0mgrad_norm:  2.3438  [38;2;54;234;195mmemory:  7.75GiB(9.79%)  [34mtps: 398  [36mtflops: 1.39  [35mmfu: 0.18%[39m
[titan] 2026-09-13 07:40:47,551 - root - INFO - [31mstep: 26  [32mloss: -2.00000  [38;2;180;60;0mgrad_norm:  2.3750  [38;2;54;234;195mmemory:  6.37GiB(8.05%)  [34mtps: 395  [36mtflops: 1.38  [35mmfu: 0.18%[39m
[titan] 2026-09-13 07:40:47,551 - root - INFO - [31mstep: 26  [32mloss: -2.00000  [38;2;180;60;0mgrad_norm:  2.3750  [38;2;54;234;195mmemory:  6.37GiB(8.05%)  [34mtps: 395  [36mtflops: 1.38  [35mmfu: 0.18%[39m
[titan] 2026-09-13 07:40:47,552 - root - INFO - [31mstep: 26  [32mloss:  2.79262  [38;2;180;60;0mgrad_norm:  2.3750  [38;2;54;234;195mmemory:  7.75GiB(9.79%)  [34mtps: 395  [36mtflops: 1.38  [35mmfu: 0.18%[39m
[titan] 2026-09-13 07:40:47,552 - root - INFO - [31mstep: 26  [32mloss:  2.79262  [38;2;180;60;0mgrad_norm:  2.3750  [38;2;54;234;195mmemory:  7.75GiB(9.79%)  [34mtps: 395  [36mtflops: 1.38  [35mmfu: 0.18%[39m
[titan] 2026-09-13 07:40:48,843 - root - INFO - [31mstep: 27  [32mloss: -2.00000  [38;2;180;60;0mgrad_norm:  2.0156  [38;2;54;234;195mmemory:  6.37GiB(8.05%)  [34mtps: 396  [36mtflops: 1.38  [35mmfu: 0.18%[39m
[titan] 2026-09-13 07:40:48,843 - root - INFO - [31mstep: 27  [32mloss: -2.00000  [38;2;180;60;0mgrad_norm:  2.0156  [38;2;54;234;195mmemory:  6.37GiB(8.05%)  [34mtps: 396  [36mtflops: 1.38  [35mmfu: 0.18%[39m
[titan] 2026-09-13 07:40:48,844 - root - INFO - [31mstep: 27  [32mloss:  2.90912  [38;2;180;60;0mgrad_norm:  2.0156  [38;2;54;234;195mmemory:  7.75GiB(9.79%)  [34mtps: 396  [36mtflops: 1.38  [35mmfu: 0.18%[39m
[titan] 2026-09-13 07:40:48,844 - root - INFO - [31mstep: 27  [32mloss:  2.90912  [38;2;180;60;0mgrad_norm:  2.0156  [38;2;54;234;195mmemory:  7.75GiB(9.79%)  [34mtps: 396  [36mtflops: 1.38  [35mmfu: 0.18%[39m
[titan] 2026-09-13 07:40:50,137 - root - INFO - [31mstep: 28  [32mloss: -2.00000  [38;2;180;60;0mgrad_norm:  1.9375  [38;2;54;234;195mmemory:  6.37GiB(8.05%)  [34mtps: 396  [36mtflops: 1.38  [35mmfu: 0.18%[39m
[titan] 2026-09-13 07:40:50,137 - root - INFO - [31mstep: 28  [32mloss: -2.00000  [38;2;180;60;0mgrad_norm:  1.9375  [38;2;54;234;195mmemory:  6.37GiB(8.05%)  [34mtps: 396  [36mtflops: 1.38  [35mmfu: 0.18%[39m
[titan] 2026-09-13 07:40:50,138 - root - INFO - [31mstep: 28  [32mloss:  2.92848  [38;2;180;60;0mgrad_norm:  1.9375  [38;2;54;234;195mmemory:  7.75GiB(9.79%)  [34mtps: 396  [36mtflops: 1.38  [35mmfu: 0.18%[39m
[titan] 2026-09-13 07:40:50,138 - root - INFO - [31mstep: 28  [32mloss:  2.92848  [38;2;180;60;0mgrad_norm:  1.9375  [38;2;54;234;195mmemory:  7.75GiB(9.79%)  [34mtps: 396  [36mtflops: 1.38  [35mmfu: 0.18%[39m
[titan] 2026-09-13 07:40:51,432 - root - INFO - [31mstep: 29  [32mloss: -2.00000  [38;2;180;60;0mgrad_norm:  1.6719  [38;2;54;234;195mmemory:  6.37GiB(8.05%)  [34mtps: 396  [36mtflops: 1.38  [35mmfu: 0.18%[39m
[titan] 2026-09-13 07:40:51,432 - root - INFO - [31mstep: 29  [32mloss: -2.00000  [38;2;180;60;0mgrad_norm:  1.6719  [38;2;54;234;195mmemory:  6.37GiB(8.05%)  [34mtps: 396  [36mtflops: 1.38  [35mmfu: 0.18%[39m
[titan] 2026-09-13 07:40:51,432 - root - INFO - [31mstep: 29  [32mloss:  2.70848  [38;2;180;60;0mgrad_norm:  1.6719  [38;2;54;234;195mmemory:  7.75GiB(9.79%)  [34mtps: 396  [36mtflops: 1.38  [35mmfu: 0.18%[39m
[titan] 2026-09-13 07:40:51,432 - root - INFO - [31mstep: 29  [32mloss:  2.70848  [38;2;180;60;0mgrad_norm:  1.6719  [38;2;54;234;195mmemory:  7.75GiB(9.79%)  [34mtps: 396  [36mtflops: 1.38  [35mmfu: 0.18%[39m
[titan] 2026-09-13 07:40:52,726 - root - INFO - [31mstep: 30  [32mloss: -2.00000  [38;2;180;60;0mgrad_norm:  2.5938  [38;2;54;234;195mmemory:  6.37GiB(8.05%)  [34mtps: 396  [36mtflops: 1.38  [35mmfu: 0.18%[39m
[titan] 2026-09-13 07:40:52,726 - root - INFO - [31mstep: 30  [32mloss: -2.00000  [38;2;180;60;0mgrad_norm:  2.5938  [38;2;54;234;195mmemory:  6.37GiB(8.05%)  [34mtps: 396  [36mtflops: 1.38  [35mmfu: 0.18%[39m
[titan] 2026-09-13 07:40:52,726 - root - INFO - [31mstep: 30  [32mloss:  2.90313  [38;2;180;60;0mgrad_norm:  2.5938  [38;2;54;234;195mmemory:  7.75GiB(9.79%)  [34mtps: 396  [36mtflops: 1.38  [35mmfu: 0.18%[39m
[titan] 2026-09-13 07:40:52,726 - root - INFO - [31mstep: 30  [32mloss:  2.90313  [38;2;180;60;0mgrad_norm:  2.5938  [38;2;54;234;195mmemory:  7.75GiB(9.79%)  [34mtps: 396  [36mtflops: 1.38  [35mmfu: 0.18%[39m
[titan] 2026-09-13 07:40:54,014 - root - INFO - [31mstep: 31  [32mloss: -2.00000  [38;2;180;60;0mgrad_norm:  1.6953  [38;2;54;234;195mmemory:  6.37GiB(8.05%)  [34mtps: 397  [36mtflops: 1.39  [35mmfu: 0.18%[39m
[titan] 2026-09-13 07:40:54,014 - root - INFO - [31mstep: 31  [32mloss: -2.00000  [38;2;180;60;0mgrad_norm:  1.6953  [38;2;54;234;195mmemory:  6.37GiB(8.05%)  [34mtps: 397  [36mtflops: 1.39  [35mmfu: 0.18%[39m
[titan] 2026-09-13 07:40:54,015 - root - INFO - [31mstep: 31  [32mloss:  2.84095  [38;2;180;60;0mgrad_norm:  1.6953  [38;2;54;234;195mmemory:  7.75GiB(9.79%)  [34mtps: 397  [36mtflops: 1.39  [35mmfu: 0.18%[39m
[titan] 2026-09-13 07:40:54,015 - root - INFO - [31mstep: 31  [32mloss:  2.84095  [38;2;180;60;0mgrad_norm:  1.6953  [38;2;54;234;195mmemory:  7.75GiB(9.79%)  [34mtps: 397  [36mtflops: 1.39  [35mmfu: 0.18%[39m
[titan] 2026-09-13 07:40:55,303 - root - INFO - [31mstep: 32  [32mloss: -2.00000  [38;2;180;60;0mgrad_norm:  1.5000  [38;2;54;234;195mmemory:  6.37GiB(8.05%)  [34mtps: 397  [36mtflops: 1.39  [35mmfu: 0.18%[39m
[titan] 2026-09-13 07:40:55,303 - root - INFO - [31mstep: 32  [32mloss: -2.00000  [38;2;180;60;0mgrad_norm:  1.5000  [38;2;54;234;195mmemory:  6.37GiB(8.05%)  [34mtps: 397  [36mtflops: 1.39  [35mmfu: 0.18%[39m
[titan] 2026-09-13 07:40:55,304 - root - INFO - [31mstep: 32  [32mloss:  2.80726  [38;2;180;60;0mgrad_norm:  1.5000  [38;2;54;234;195mmemory:  7.75GiB(9.79%)  [34mtps: 397  [36mtflops: 1.39  [35mmfu: 0.18%[39m
[titan] 2026-09-13 07:40:55,304 - root - INFO - [31mstep: 32  [32mloss:  2.80726  [38;2;180;60;0mgrad_norm:  1.5000  [38;2;54;234;195mmemory:  7.75GiB(9.79%)  [34mtps: 397  [36mtflops: 1.39  [35mmfu: 0.18%[39m
[titan] 2026-09-13 07:40:56,596 - root - INFO - [31mstep: 33  [32mloss: -2.00000  [38;2;180;60;0mgrad_norm:  1.6406  [38;2;54;234;195mmemory:  6.37GiB(8.05%)  [34mtps: 396  [36mtflops: 1.38  [35mmfu: 0.18%[39m
[titan] 2026-09-13 07:40:56,596 - root - INFO - [31mstep: 33  [32mloss: -2.00000  [38;2;180;60;0mgrad_norm:  1.6406  [38;2;54;234;195mmemory:  6.37GiB(8.05%)  [34mtps: 396  [36mtflops: 1.38  [35mmfu: 0.18%[39m
[titan] 2026-09-13 07:40:56,597 - root - INFO - [31mstep: 33  [32mloss:  2.67825  [38;2;180;60;0mgrad_norm:  1.6406  [38;2;54;234;195mmemory:  7.75GiB(9.79%)  [34mtps: 396  [36mtflops: 1.38  [35mmfu: 0.18%[39m
[titan] 2026-09-13 07:40:56,597 - root - INFO - [31mstep: 33  [32mloss:  2.67825  [38;2;180;60;0mgrad_norm:  1.6406  [38;2;54;234;195mmemory:  7.75GiB(9.79%)  [34mtps: 396  [36mtflops: 1.38  [35mmfu: 0.18%[39m
[titan] 2026-09-13 07:40:57,894 - root - INFO - [31mstep: 34  [32mloss: -2.00000  [38;2;180;60;0mgrad_norm:  1.8672  [38;2;54;234;195mmemory:  6.37GiB(8.05%)  [34mtps: 395  [36mtflops: 1.38  [35mmfu: 0.18%[39m
[titan] 2026-09-13 07:40:57,894 - root - INFO - [31mstep: 34  [32mloss: -2.00000  [38;2;180;60;0mgrad_norm:  1.8672  [38;2;54;234;195mmemory:  6.37GiB(8.05%)  [34mtps: 395  [36mtflops: 1.38  [35mmfu: 0.18%[39m
[titan] 2026-09-13 07:40:57,895 - root - INFO - [31mstep: 34  [32mloss:  2.67336  [38;2;180;60;0mgrad_norm:  1.8672  [38;2;54;234;195mmemory:  7.75GiB(9.79%)  [34mtps: 395  [36mtflops: 1.38  [35mmfu: 0.18%[39m
[titan] 2026-09-13 07:40:57,895 - root - INFO - [31mstep: 34  [32mloss:  2.67336  [38;2;180;60;0mgrad_norm:  1.8672  [38;2;54;234;195mmemory:  7.75GiB(9.79%)  [34mtps: 395  [36mtflops: 1.38  [35mmfu: 0.18%[39m
[titan] 2026-09-13 07:40:59,192 - root - INFO - [31mstep: 35  [32mloss: -2.00000  [38;2;180;60;0mgrad_norm:  1.1719  [38;2;54;234;195mmemory:  6.37GiB(8.05%)  [34mtps: 395  [36mtflops: 1.38  [35mmfu: 0.18%[39m
[titan] 2026-09-13 07:40:59,192 - root - INFO - [31mstep: 35  [32mloss: -2.00000  [38;2;180;60;0mgrad_norm:  1.1719  [38;2;54;234;195mmemory:  6.37GiB(8.05%)  [34mtps: 395  [36mtflops: 1.38  [35mmfu: 0.18%[39m
[titan] 2026-09-13 07:40:59,192 - root - INFO - [31mstep: 35  [32mloss:  2.79853  [38;2;180;60;0mgrad_norm:  1.1719  [38;2;54;234;195mmemory:  7.75GiB(9.79%)  [34mtps: 395  [36mtflops: 1.38  [35mmfu: 0.18%[39m
[titan] 2026-09-13 07:40:59,192 - root - INFO - [31mstep: 35  [32mloss:  2.79853  [38;2;180;60;0mgrad_norm:  1.1719  [38;2;54;234;195mmemory:  7.75GiB(9.79%)  [34mtps: 395  [36mtflops: 1.38  [35mmfu: 0.18%[39m
[titan] 2026-09-13 07:41:00,487 - root - INFO - [31mstep: 36  [32mloss: -2.00000  [38;2;180;60;0mgrad_norm:  1.4219  [38;2;54;234;195mmemory:  6.37GiB(8.05%)  [34mtps: 396  [36mtflops: 1.38  [35mmfu: 0.18%[39m
[titan] 2026-09-13 07:41:00,487 - root - INFO - [31mstep: 36  [32mloss: -2.00000  [38;2;180;60;0mgrad_norm:  1.4219  [38;2;54;234;195mmemory:  6.37GiB(8.05%)  [34mtps: 396  [36mtflops: 1.38  [35mmfu: 0.18%[39m
[titan] 2026-09-13 07:41:00,487 - root - INFO - [31mstep: 36  [32mloss:  2.64154  [38;2;180;60;0mgrad_norm:  1.4219  [38;2;54;234;195mmemory:  7.75GiB(9.79%)  [34mtps: 396  [36mtflops: 1.38  [35mmfu: 0.18%[39m
[titan] 2026-09-13 07:41:00,487 - root - INFO - [31mstep: 36  [32mloss:  2.64154  [38;2;180;60;0mgrad_norm:  1.4219  [38;2;54;234;195mmemory:  7.75GiB(9.79%)  [34mtps: 396  [36mtflops: 1.38  [35mmfu: 0.18%[39m
[titan] 2026-09-13 07:41:01,785 - root - INFO - [31mstep: 37  [32mloss: -2.00000  [38;2;180;60;0mgrad_norm:  1.4453  [38;2;54;234;195mmemory:  6.37GiB(8.05%)  [34mtps: 394  [36mtflops: 1.38  [35mmfu: 0.18%[39m
[titan] 2026-09-13 07:41:01,785 - root - INFO - [31mstep: 37  [32mloss: -2.00000  [38;2;180;60;0mgrad_norm:  1.4453  [38;2;54;234;195mmemory:  6.37GiB(8.05%)  [34mtps: 394  [36mtflops: 1.38  [35mmfu: 0.18%[39m
[titan] 2026-09-13 07:41:01,786 - root - INFO - [31mstep: 37  [32mloss:  2.78250  [38;2;180;60;0mgrad_norm:  1.4453  [38;2;54;234;195mmemory:  7.75GiB(9.79%)  [34mtps: 394  [36mtflops: 1.38  [35mmfu: 0.18%[39m
[titan] 2026-09-13 07:41:01,786 - root - INFO - [31mstep: 37  [32mloss:  2.78250  [38;2;180;60;0mgrad_norm:  1.4453  [38;2;54;234;195mmemory:  7.75GiB(9.79%)  [34mtps: 394  [36mtflops: 1.38  [35mmfu: 0.18%[39m
[titan] 2026-09-13 07:41:03,083 - root - INFO - [31mstep: 38  [32mloss: -2.00000  [38;2;180;60;0mgrad_norm:  1.9141  [38;2;54;234;195mmemory:  6.37GiB(8.05%)  [34mtps: 395  [36mtflops: 1.38  [35mmfu: 0.18%[39m
[titan] 2026-09-13 07:41:03,083 - root - INFO - [31mstep: 38  [32mloss: -2.00000  [38;2;180;60;0mgrad_norm:  1.9141  [38;2;54;234;195mmemory:  6.37GiB(8.05%)  [34mtps: 395  [36mtflops: 1.38  [35mmfu: 0.18%[39m
[titan] 2026-09-13 07:41:03,083 - root - INFO - [31mstep: 38  [32mloss:  2.70336  [38;2;180;60;0mgrad_norm:  1.9141  [38;2;54;234;195mmemory:  7.75GiB(9.79%)  [34mtps: 395  [36mtflops: 1.38  [35mmfu: 0.18%[39m
[titan] 2026-09-13 07:41:03,083 - root - INFO - [31mstep: 38  [32mloss:  2.70336  [38;2;180;60;0mgrad_norm:  1.9141  [38;2;54;234;195mmemory:  7.75GiB(9.79%)  [34mtps: 395  [36mtflops: 1.38  [35mmfu: 0.18%[39m
[titan] 2026-09-13 07:41:04,375 - root - INFO - [31mstep: 39  [32mloss: -2.00000  [38;2;180;60;0mgrad_norm:  1.7109  [38;2;54;234;195mmemory:  6.37GiB(8.05%)  [34mtps: 396  [36mtflops: 1.38  [35mmfu: 0.18%[39m
[titan] 2026-09-13 07:41:04,375 - root - INFO - [31mstep: 39  [32mloss: -2.00000  [38;2;180;60;0mgrad_norm:  1.7109  [38;2;54;234;195mmemory:  6.37GiB(8.05%)  [34mtps: 396  [36mtflops: 1.38  [35mmfu: 0.18%[39m
[titan] 2026-09-13 07:41:04,375 - root - INFO - [31mstep: 39  [32mloss:  2.74122  [38;2;180;60;0mgrad_norm:  1.7109  [38;2;54;234;195mmemory:  7.75GiB(9.79%)  [34mtps: 396  [36mtflops: 1.38  [35mmfu: 0.18%[39m
[titan] 2026-09-13 07:41:04,375 - root - INFO - [31mstep: 39  [32mloss:  2.74122  [38;2;180;60;0mgrad_norm:  1.7109  [38;2;54;234;195mmemory:  7.75GiB(9.79%)  [34mtps: 396  [36mtflops: 1.38  [35mmfu: 0.18%[39m
[titan] 2026-09-13 07:41:05,664 - root - INFO - [31mstep: 40  [32mloss: -2.00000  [38;2;180;60;0mgrad_norm:  1.4766  [38;2;54;234;195mmemory:  6.37GiB(8.05%)  [34mtps: 397  [36mtflops: 1.39  [35mmfu: 0.18%[39m
[titan] 2026-09-13 07:41:05,664 - root - INFO - [31mstep: 40  [32mloss: -2.00000  [38;2;180;60;0mgrad_norm:  1.4766  [38;2;54;234;195mmemory:  6.37GiB(8.05%)  [34mtps: 397  [36mtflops: 1.39  [35mmfu: 0.18%[39m
[titan] 2026-09-13 07:41:05,665 - root - INFO - [31mstep: 40  [32mloss:  2.76323  [38;2;180;60;0mgrad_norm:  1.4766  [38;2;54;234;195mmemory:  7.75GiB(9.79%)  [34mtps: 397  [36mtflops: 1.39  [35mmfu: 0.18%[39m
[titan] 2026-09-13 07:41:05,665 - root - INFO - [31mstep: 40  [32mloss:  2.76323  [38;2;180;60;0mgrad_norm:  1.4766  [38;2;54;234;195mmemory:  7.75GiB(9.79%)  [34mtps: 397  [36mtflops: 1.39  [35mmfu: 0.18%[39m
[titan] 2026-09-13 07:41:06,952 - root - INFO - [31mstep: 41  [32mloss: -2.00000  [38;2;180;60;0mgrad_norm:  1.2188  [38;2;54;234;195mmemory:  6.37GiB(8.05%)  [34mtps: 398  [36mtflops: 1.39  [35mmfu: 0.18%[39m
[titan] 2026-09-13 07:41:06,952 - root - INFO - [31mstep: 41  [32mloss: -2.00000  [38;2;180;60;0mgrad_norm:  1.2188  [38;2;54;234;195mmemory:  6.37GiB(8.05%)  [34mtps: 398  [36mtflops: 1.39  [35mmfu: 0.18%[39m
[titan] 2026-09-13 07:41:06,952 - root - INFO - [31mstep: 41  [32mloss:  2.79588  [38;2;180;60;0mgrad_norm:  1.2188  [38;2;54;234;195mmemory:  7.75GiB(9.79%)  [34mtps: 398  [36mtflops: 1.39  [35mmfu: 0.18%[39m
[titan] 2026-09-13 07:41:06,952 - root - INFO - [31mstep: 41  [32mloss:  2.79588  [38;2;180;60;0mgrad_norm:  1.2188  [38;2;54;234;195mmemory:  7.75GiB(9.79%)  [34mtps: 398  [36mtflops: 1.39  [35mmfu: 0.18%[39m
[titan] 2026-09-13 07:41:08,245 - root - INFO - [31mstep: 42  [32mloss: -2.00000  [38;2;180;60;0mgrad_norm:  1.5547  [38;2;54;234;195mmemory:  6.37GiB(8.05%)  [34mtps: 396  [36mtflops: 1.38  [35mmfu: 0.18%[39m
[titan] 2026-09-13 07:41:08,245 - root - INFO - [31mstep: 42  [32mloss: -2.00000  [38;2;180;60;0mgrad_norm:  1.5547  [38;2;54;234;195mmemory:  6.37GiB(8.05%)  [34mtps: 396  [36mtflops: 1.38  [35mmfu: 0.18%[39m
[titan] 2026-09-13 07:41:08,245 - root - INFO - [31mstep: 42  [32mloss:  2.73259  [38;2;180;60;0mgrad_norm:  1.5547  [38;2;54;234;195mmemory:  7.75GiB(9.79%)  [34mtps: 396  [36mtflops: 1.38  [35mmfu: 0.18%[39m
[titan] 2026-09-13 07:41:08,245 - root - INFO - [31mstep: 42  [32mloss:  2.73259  [38;2;180;60;0mgrad_norm:  1.5547  [38;2;54;234;195mmemory:  7.75GiB(9.79%)  [34mtps: 396  [36mtflops: 1.38  [35mmfu: 0.18%[39m
[titan] 2026-09-13 07:41:09,536 - root - INFO - [31mstep: 43  [32mloss: -2.00000  [38;2;180;60;0mgrad_norm:  1.3125  [38;2;54;234;195mmemory:  6.37GiB(8.05%)  [34mtps: 397  [36mtflops: 1.38  [35mmfu: 0.18%[39m
[titan] 2026-09-13 07:41:09,536 - root - INFO - [31mstep: 43  [32mloss: -2.00000  [38;2;180;60;0mgrad_norm:  1.3125  [38;2;54;234;195mmemory:  6.37GiB(8.05%)  [34mtps: 397  [36mtflops: 1.38  [35mmfu: 0.18%[39m
[titan] 2026-09-13 07:41:09,537 - root - INFO - [31mstep: 43  [32mloss:  2.68327  [38;2;180;60;0mgrad_norm:  1.3125  [38;2;54;234;195mmemory:  7.75GiB(9.79%)  [34mtps: 397  [36mtflops: 1.38  [35mmfu: 0.18%[39m
[titan] 2026-09-13 07:41:09,537 - root - INFO - [31mstep: 43  [32mloss:  2.68327  [38;2;180;60;0mgrad_norm:  1.3125  [38;2;54;234;195mmemory:  7.75GiB(9.79%)  [34mtps: 396  [36mtflops: 1.38  [35mmfu: 0.18%[39m
[titan] 2026-09-13 07:41:10,824 - root - INFO - [31mstep: 44  [32mloss: -2.00000  [38;2;180;60;0mgrad_norm:  1.0156  [38;2;54;234;195mmemory:  6.37GiB(8.05%)  [34mtps: 398  [36mtflops: 1.39  [35mmfu: 0.18%[39m
[titan] 2026-09-13 07:41:10,824 - root - INFO - [31mstep: 44  [32mloss: -2.00000  [38;2;180;60;0mgrad_norm:  1.0156  [38;2;54;234;195mmemory:  6.37GiB(8.05%)  [34mtps: 398  [36mtflops: 1.39  [35mmfu: 0.18%[39m
[titan] 2026-09-13 07:41:10,824 - root - INFO - [31mstep: 44  [32mloss:  2.62084  [38;2;180;60;0mgrad_norm:  1.0156  [38;2;54;234;195mmemory:  7.75GiB(9.79%)  [34mtps: 398  [36mtflops: 1.39  [35mmfu: 0.18%[39m
[titan] 2026-09-13 07:41:10,824 - root - INFO - [31mstep: 44  [32mloss:  2.62084  [38;2;180;60;0mgrad_norm:  1.0156  [38;2;54;234;195mmemory:  7.75GiB(9.79%)  [34mtps: 398  [36mtflops: 1.39  [35mmfu: 0.18%[39m
[titan] 2026-09-13 07:41:12,116 - root - INFO - [31mstep: 45  [32mloss: -2.00000  [38;2;180;60;0mgrad_norm:  1.1641  [38;2;54;234;195mmemory:  6.37GiB(8.05%)  [34mtps: 396  [36mtflops: 1.38  [35mmfu: 0.18%[39m
[titan] 2026-09-13 07:41:12,116 - root - INFO - [31mstep: 45  [32mloss: -2.00000  [38;2;180;60;0mgrad_norm:  1.1641  [38;2;54;234;195mmemory:  6.37GiB(8.05%)  [34mtps: 396  [36mtflops: 1.38  [35mmfu: 0.18%[39m
[titan] 2026-09-13 07:41:12,117 - root - INFO - [31mstep: 45  [32mloss:  2.74506  [38;2;180;60;0mgrad_norm:  1.1641  [38;2;54;234;195mmemory:  7.75GiB(9.79%)  [34mtps: 396  [36mtflops: 1.38  [35mmfu: 0.18%[39m
[titan] 2026-09-13 07:41:12,117 - root - INFO - [31mstep: 45  [32mloss:  2.74506  [38;2;180;60;0mgrad_norm:  1.1641  [38;2;54;234;195mmemory:  7.75GiB(9.79%)  [34mtps: 396  [36mtflops: 1.38  [35mmfu: 0.18%[39m
[titan] 2026-09-13 07:41:13,413 - root - INFO - [31mstep: 46  [32mloss: -2.00000  [38;2;180;60;0mgrad_norm:  1.1953  [38;2;54;234;195mmemory:  6.37GiB(8.05%)  [34mtps: 395  [36mtflops: 1.38  [35mmfu: 0.18%[39m
[titan] 2026-09-13 07:41:13,413 - root - INFO - [31mstep: 46  [32mloss: -2.00000  [38;2;180;60;0mgrad_norm:  1.1953  [38;2;54;234;195mmemory:  6.37GiB(8.05%)  [34mtps: 395  [36mtflops: 1.38  [35mmfu: 0.18%[39m
[titan] 2026-09-13 07:41:13,414 - root - INFO - [31mstep: 46  [32mloss:  2.65290  [38;2;180;60;0mgrad_norm:  1.1953  [38;2;54;234;195mmemory:  7.75GiB(9.79%)  [34mtps: 395  [36mtflops: 1.38  [35mmfu: 0.18%[39m
[titan] 2026-09-13 07:41:13,414 - root - INFO - [31mstep: 46  [32mloss:  2.65290  [38;2;180;60;0mgrad_norm:  1.1953  [38;2;54;234;195mmemory:  7.75GiB(9.79%)  [34mtps: 395  [36mtflops: 1.38  [35mmfu: 0.18%[39m
[titan] 2026-09-13 07:41:14,707 - root - INFO - [31mstep: 47  [32mloss: -2.00000  [38;2;180;60;0mgrad_norm:  1.7344  [38;2;54;234;195mmemory:  6.37GiB(8.05%)  [34mtps: 396  [36mtflops: 1.38  [35mmfu: 0.18%[39m
[titan] 2026-09-13 07:41:14,707 - root - INFO - [31mstep: 47  [32mloss: -2.00000  [38;2;180;60;0mgrad_norm:  1.7344  [38;2;54;234;195mmemory:  6.37GiB(8.05%)  [34mtps: 396  [36mtflops: 1.38  [35mmfu: 0.18%[39m
[titan] 2026-09-13 07:41:14,708 - root - INFO - [31mstep: 47  [32mloss:  2.73262  [38;2;180;60;0mgrad_norm:  1.7344  [38;2;54;234;195mmemory:  7.75GiB(9.79%)  [34mtps: 396  [36mtflops: 1.38  [35mmfu: 0.18%[39m
[titan] 2026-09-13 07:41:14,708 - root - INFO - [31mstep: 47  [32mloss:  2.73262  [38;2;180;60;0mgrad_norm:  1.7344  [38;2;54;234;195mmemory:  7.75GiB(9.79%)  [34mtps: 396  [36mtflops: 1.38  [35mmfu: 0.18%[39m
[titan] 2026-09-13 07:41:15,997 - root - INFO - [31mstep: 48  [32mloss: -2.00000  [38;2;180;60;0mgrad_norm:  1.4453  [38;2;54;234;195mmemory:  6.37GiB(8.05%)  [34mtps: 397  [36mtflops: 1.39  [35mmfu: 0.18%[39m
[titan] 2026-09-13 07:41:15,997 - root - INFO - [31mstep: 48  [32mloss: -2.00000  [38;2;180;60;0mgrad_norm:  1.4453  [38;2;54;234;195mmemory:  6.37GiB(8.05%)  [34mtps: 397  [36mtflops: 1.39  [35mmfu: 0.18%[39m
[titan] 2026-09-13 07:41:15,997 - root - INFO - [31mstep: 48  [32mloss:  2.72175  [38;2;180;60;0mgrad_norm:  1.4453  [38;2;54;234;195mmemory:  7.75GiB(9.79%)  [34mtps: 397  [36mtflops: 1.39  [35mmfu: 0.18%[39m
[titan] 2026-09-13 07:41:15,997 - root - INFO - [31mstep: 48  [32mloss:  2.72175  [38;2;180;60;0mgrad_norm:  1.4453  [38;2;54;234;195mmemory:  7.75GiB(9.79%)  [34mtps: 397  [36mtflops: 1.39  [35mmfu: 0.18%[39m
[titan] 2026-09-13 07:41:17,291 - root - INFO - [31mstep: 49  [32mloss: -2.00000  [38;2;180;60;0mgrad_norm:  1.2344  [38;2;54;234;195mmemory:  6.37GiB(8.05%)  [34mtps: 396  [36mtflops: 1.38  [35mmfu: 0.18%[39m
[titan] 2026-09-13 07:41:17,291 - root - INFO - [31mstep: 49  [32mloss: -2.00000  [38;2;180;60;0mgrad_norm:  1.2344  [38;2;54;234;195mmemory:  6.37GiB(8.05%)  [34mtps: 396  [36mtflops: 1.38  [35mmfu: 0.18%[39m
[titan] 2026-09-13 07:41:17,291 - root - INFO - [31mstep: 49  [32mloss:  2.71473  [38;2;180;60;0mgrad_norm:  1.2344  [38;2;54;234;195mmemory:  7.75GiB(9.79%)  [34mtps: 396  [36mtflops: 1.38  [35mmfu: 0.18%[39m
[titan] 2026-09-13 07:41:17,291 - root - INFO - [31mstep: 49  [32mloss:  2.71473  [38;2;180;60;0mgrad_norm:  1.2344  [38;2;54;234;195mmemory:  7.75GiB(9.79%)  [34mtps: 396  [36mtflops: 1.38  [35mmfu: 0.18%[39m
[titan] 2026-09-13 07:41:17,482 - root - INFO - [GC] Performing periodic GC collection took 0.19 seconds
[titan] 2026-09-13 07:41:17,487 - root - INFO - [GC] Performing periodic GC collection took 0.20 seconds
[titan] 2026-09-13 07:41:17,488 - root - INFO - [GC] Performing periodic GC collection took 0.20 seconds
[titan] 2026-09-13 07:41:17,490 - root - INFO - [GC] Performing periodic GC collection took 0.20 seconds
[titan] 2026-09-13 07:41:18,773 - root - INFO - [31mstep: 50  [32mloss: -2.00000  [38;2;180;60;0mgrad_norm:  1.8828  [38;2;54;234;195mmemory:  6.37GiB(8.05%)  [34mtps: 345  [36mtflops: 1.21  [35mmfu: 0.16%[39m
[titan] 2026-09-13 07:41:18,773 - root - INFO - [31mstep: 50  [32mloss: -2.00000  [38;2;180;60;0mgrad_norm:  1.8828  [38;2;54;234;195mmemory:  6.37GiB(8.05%)  [34mtps: 345  [36mtflops: 1.21  [35mmfu: 0.16%[39m
[titan] 2026-09-13 07:41:18,774 - root - INFO - [31mstep: 50  [32mloss:  2.67731  [38;2;180;60;0mgrad_norm:  1.8828  [38;2;54;234;195mmemory:  7.75GiB(9.79%)  [34mtps: 345  [36mtflops: 1.21  [35mmfu: 0.16%[39m
[titan] 2026-09-13 07:41:18,774 - root - INFO - [31mstep: 50  [32mloss:  2.67731  [38;2;180;60;0mgrad_norm:  1.8828  [38;2;54;234;195mmemory:  7.75GiB(9.79%)  [34mtps: 345  [36mtflops: 1.21  [35mmfu: 0.16%[39m
[titan] 2026-09-13 07:41:20,060 - root - INFO - [31mstep: 51  [32mloss: -2.00000  [38;2;180;60;0mgrad_norm:  1.8281  [38;2;54;234;195mmemory:  6.37GiB(8.05%)  [34mtps: 398  [36mtflops: 1.39  [35mmfu: 0.18%[39m
[titan] 2026-09-13 07:41:20,060 - root - INFO - [31mstep: 51  [32mloss: -2.00000  [38;2;180;60;0mgrad_norm:  1.8281  [38;2;54;234;195mmemory:  6.37GiB(8.05%)  [34mtps: 398  [36mtflops: 1.39  [35mmfu: 0.18%[39m
[titan] 2026-09-13 07:41:20,061 - root - INFO - [31mstep: 51  [32mloss:  2.67060  [38;2;180;60;0mgrad_norm:  1.8281  [38;2;54;234;195mmemory:  7.75GiB(9.79%)  [34mtps: 398  [36mtflops: 1.39  [35mmfu: 0.18%[39m
[titan] 2026-09-13 07:41:20,061 - root - INFO - [31mstep: 51  [32mloss:  2.67060  [38;2;180;60;0mgrad_norm:  1.8281  [38;2;54;234;195mmemory:  7.75GiB(9.79%)  [34mtps: 398  [36mtflops: 1.39  [35mmfu: 0.18%[39m
[titan] 2026-09-13 07:41:21,353 - root - INFO - [31mstep: 52  [32mloss: -2.00000  [38;2;180;60;0mgrad_norm:  1.2188  [38;2;54;234;195mmemory:  6.37GiB(8.05%)  [34mtps: 396  [36mtflops: 1.38  [35mmfu: 0.18%[39m
[titan] 2026-09-13 07:41:21,353 - root - INFO - [31mstep: 52  [32mloss: -2.00000  [38;2;180;60;0mgrad_norm:  1.2188  [38;2;54;234;195mmemory:  6.37GiB(8.05%)  [34mtps: 396  [36mtflops: 1.38  [35mmfu: 0.18%[39m
[titan] 2026-09-13 07:41:21,353 - root - INFO - [31mstep: 52  [32mloss:  2.59136  [38;2;180;60;0mgrad_norm:  1.2188  [38;2;54;234;195mmemory:  7.75GiB(9.79%)  [34mtps: 396  [36mtflops: 1.38  [35mmfu: 0.18%[39m
[titan] 2026-09-13 07:41:21,353 - root - INFO - [31mstep: 52  [32mloss:  2.59136  [38;2;180;60;0mgrad_norm:  1.2188  [38;2;54;234;195mmemory:  7.75GiB(9.79%)  [34mtps: 396  [36mtflops: 1.38  [35mmfu: 0.18%[39m
[titan] 2026-09-13 07:41:22,642 - root - INFO - [31mstep: 53  [32mloss: -2.00000  [38;2;180;60;0mgrad_norm:  1.7266  [38;2;54;234;195mmemory:  6.37GiB(8.05%)  [34mtps: 397  [36mtflops: 1.39  [35mmfu: 0.18%[39m
[titan] 2026-09-13 07:41:22,642 - root - INFO - [31mstep: 53  [32mloss: -2.00000  [38;2;180;60;0mgrad_norm:  1.7266  [38;2;54;234;195mmemory:  6.37GiB(8.05%)  [34mtps: 397  [36mtflops: 1.39  [35mmfu: 0.18%[39m
[titan] 2026-09-13 07:41:22,643 - root - INFO - [31mstep: 53  [32mloss:  2.72800  [38;2;180;60;0mgrad_norm:  1.7266  [38;2;54;234;195mmemory:  7.75GiB(9.79%)  [34mtps: 397  [36mtflops: 1.39  [35mmfu: 0.18%[39m
[titan] 2026-09-13 07:41:22,643 - root - INFO - [31mstep: 53  [32mloss:  2.72800  [38;2;180;60;0mgrad_norm:  1.7266  [38;2;54;234;195mmemory:  7.75GiB(9.79%)  [34mtps: 397  [36mtflops: 1.39  [35mmfu: 0.18%[39m
[titan] 2026-09-13 07:41:23,933 - root - INFO - [31mstep: 54  [32mloss: -2.00000  [38;2;180;60;0mgrad_norm:  1.9062  [38;2;54;234;195mmemory:  6.37GiB(8.05%)  [34mtps: 397  [36mtflops: 1.38  [35mmfu: 0.18%[39m
[titan] 2026-09-13 07:41:23,933 - root - INFO - [31mstep: 54  [32mloss: -2.00000  [38;2;180;60;0mgrad_norm:  1.9062  [38;2;54;234;195mmemory:  6.37GiB(8.05%)  [34mtps: 397  [36mtflops: 1.38  [35mmfu: 0.18%[39m
[titan] 2026-09-13 07:41:23,933 - root - INFO - [31mstep: 54  [32mloss:  2.81573  [38;2;180;60;0mgrad_norm:  1.9062  [38;2;54;234;195mmemory:  7.75GiB(9.79%)  [34mtps: 397  [36mtflops: 1.38  [35mmfu: 0.18%[39m
[titan] 2026-09-13 07:41:23,933 - root - INFO - [31mstep: 54  [32mloss:  2.81573  [38;2;180;60;0mgrad_norm:  1.9062  [38;2;54;234;195mmemory:  7.75GiB(9.79%)  [34mtps: 397  [36mtflops: 1.38  [35mmfu: 0.18%[39m
[titan] 2026-09-13 07:41:25,223 - root - INFO - [31mstep: 55  [32mloss: -2.00000  [38;2;180;60;0mgrad_norm:  1.5312  [38;2;54;234;195mmemory:  6.37GiB(8.05%)  [34mtps: 397  [36mtflops: 1.38  [35mmfu: 0.18%[39m
[titan] 2026-09-13 07:41:25,223 - root - INFO - [31mstep: 55  [32mloss: -2.00000  [38;2;180;60;0mgrad_norm:  1.5312  [38;2;54;234;195mmemory:  6.37GiB(8.05%)  [34mtps: 397  [36mtflops: 1.38  [35mmfu: 0.18%[39m
[titan] 2026-09-13 07:41:25,224 - root - INFO - [31mstep: 55  [32mloss:  2.86374  [38;2;180;60;0mgrad_norm:  1.5312  [38;2;54;234;195mmemory:  7.75GiB(9.79%)  [34mtps: 397  [36mtflops: 1.38  [35mmfu: 0.18%[39m
[titan] 2026-09-13 07:41:25,224 - root - INFO - [31mstep: 55  [32mloss:  2.86374  [38;2;180;60;0mgrad_norm:  1.5312  [38;2;54;234;195mmemory:  7.75GiB(9.79%)  [34mtps: 397  [36mtflops: 1.38  [35mmfu: 0.18%[39m
[titan] 2026-09-13 07:41:26,514 - root - INFO - [31mstep: 56  [32mloss: -2.00000  [38;2;180;60;0mgrad_norm:  1.4922  [38;2;54;234;195mmemory:  6.37GiB(8.05%)  [34mtps: 397  [36mtflops: 1.38  [35mmfu: 0.18%[39m
[titan] 2026-09-13 07:41:26,514 - root - INFO - [31mstep: 56  [32mloss: -2.00000  [38;2;180;60;0mgrad_norm:  1.4922  [38;2;54;234;195mmemory:  6.37GiB(8.05%)  [34mtps: 397  [36mtflops: 1.38  [35mmfu: 0.18%[39m
[titan] 2026-09-13 07:41:26,514 - root - INFO - [31mstep: 56  [32mloss:  2.55069  [38;2;180;60;0mgrad_norm:  1.4922  [38;2;54;234;195mmemory:  7.75GiB(9.79%)  [34mtps: 397  [36mtflops: 1.38  [35mmfu: 0.18%[39m
[titan] 2026-09-13 07:41:26,514 - root - INFO - [31mstep: 56  [32mloss:  2.55069  [38;2;180;60;0mgrad_norm:  1.4922  [38;2;54;234;195mmemory:  7.75GiB(9.79%)  [34mtps: 397  [36mtflops: 1.38  [35mmfu: 0.18%[39m
[titan] 2026-09-13 07:41:27,804 - root - INFO - [31mstep: 57  [32mloss: -2.00000  [38;2;180;60;0mgrad_norm:  1.6250  [38;2;54;234;195mmemory:  6.37GiB(8.05%)  [34mtps: 397  [36mtflops: 1.39  [35mmfu: 0.18%[39m
[titan] 2026-09-13 07:41:27,804 - root - INFO - [31mstep: 57  [32mloss: -2.00000  [38;2;180;60;0mgrad_norm:  1.6250  [38;2;54;234;195mmemory:  6.37GiB(8.05%)  [34mtps: 397  [36mtflops: 1.39  [35mmfu: 0.18%[39m
[titan] 2026-09-13 07:41:27,805 - root - INFO - [31mstep: 57  [32mloss:  2.64067  [38;2;180;60;0mgrad_norm:  1.6250  [38;2;54;234;195mmemory:  7.75GiB(9.79%)  [34mtps: 397  [36mtflops: 1.38  [35mmfu: 0.18%[39m
[titan] 2026-09-13 07:41:27,805 - root - INFO - [31mstep: 57  [32mloss:  2.64067  [38;2;180;60;0mgrad_norm:  1.6250  [38;2;54;234;195mmemory:  7.75GiB(9.79%)  [34mtps: 397  [36mtflops: 1.38  [35mmfu: 0.18%[39m
[titan] 2026-09-13 07:41:29,097 - root - INFO - [31mstep: 58  [32mloss: -2.00000  [38;2;180;60;0mgrad_norm:  1.6797  [38;2;54;234;195mmemory:  6.37GiB(8.05%)  [34mtps: 396  [36mtflops: 1.38  [35mmfu: 0.18%[39m
[titan] 2026-09-13 07:41:29,097 - root - INFO - [31mstep: 58  [32mloss: -2.00000  [38;2;180;60;0mgrad_norm:  1.6797  [38;2;54;234;195mmemory:  6.37GiB(8.05%)  [34mtps: 396  [36mtflops: 1.38  [35mmfu: 0.18%[39m
[titan] 2026-09-13 07:41:29,097 - root - INFO - [31mstep: 58  [32mloss:  2.59413  [38;2;180;60;0mgrad_norm:  1.6797  [38;2;54;234;195mmemory:  7.75GiB(9.79%)  [34mtps: 396  [36mtflops: 1.38  [35mmfu: 0.18%[39m
[titan] 2026-09-13 07:41:29,097 - root - INFO - [31mstep: 58  [32mloss:  2.59413  [38;2;180;60;0mgrad_norm:  1.6797  [38;2;54;234;195mmemory:  7.75GiB(9.79%)  [34mtps: 396  [36mtflops: 1.38  [35mmfu: 0.18%[39m
[titan] 2026-09-13 07:41:30,385 - root - INFO - [31mstep: 59  [32mloss: -2.00000  [38;2;180;60;0mgrad_norm:  1.3125  [38;2;54;234;195mmemory:  6.37GiB(8.05%)  [34mtps: 397  [36mtflops: 1.39  [35mmfu: 0.18%[39m
[titan] 2026-09-13 07:41:30,385 - root - INFO - [31mstep: 59  [32mloss: -2.00000  [38;2;180;60;0mgrad_norm:  1.3125  [38;2;54;234;195mmemory:  6.37GiB(8.05%)  [34mtps: 397  [36mtflops: 1.39  [35mmfu: 0.18%[39m
[titan] 2026-09-13 07:41:30,386 - root - INFO - [31mstep: 59  [32mloss:  2.57783  [38;2;180;60;0mgrad_norm:  1.3125  [38;2;54;234;195mmemory:  7.75GiB(9.79%)  [34mtps: 397  [36mtflops: 1.39  [35mmfu: 0.18%[39m
[titan] 2026-09-13 07:41:30,386 - root - INFO - [31mstep: 59  [32mloss:  2.57783  [38;2;180;60;0mgrad_norm:  1.3125  [38;2;54;234;195mmemory:  7.75GiB(9.79%)  [34mtps: 397  [36mtflops: 1.39  [35mmfu: 0.18%[39m
[titan] 2026-09-13 07:41:31,673 - root - INFO - [31mstep: 60  [32mloss: -2.00000  [38;2;180;60;0mgrad_norm:  1.7812  [38;2;54;234;195mmemory:  6.37GiB(8.05%)  [34mtps: 398  [36mtflops: 1.39  [35mmfu: 0.18%[39m
[titan] 2026-09-13 07:41:31,673 - root - INFO - [31mstep: 60  [32mloss: -2.00000  [38;2;180;60;0mgrad_norm:  1.7812  [38;2;54;234;195mmemory:  6.37GiB(8.05%)  [34mtps: 398  [36mtflops: 1.39  [35mmfu: 0.18%[39m
[titan] 2026-09-13 07:41:31,673 - root - INFO - [31mstep: 60  [32mloss:  2.53487  [38;2;180;60;0mgrad_norm:  1.7812  [38;2;54;234;195mmemory:  7.75GiB(9.79%)  [34mtps: 398  [36mtflops: 1.39  [35mmfu: 0.18%[39m
[titan] 2026-09-13 07:41:31,673 - root - INFO - [31mstep: 60  [32mloss:  2.53487  [38;2;180;60;0mgrad_norm:  1.7812  [38;2;54;234;195mmemory:  7.75GiB(9.79%)  [34mtps: 398  [36mtflops: 1.39  [35mmfu: 0.18%[39m
[titan] 2026-09-13 07:41:32,958 - root - INFO - [31mstep: 61  [32mloss: -2.00000  [38;2;180;60;0mgrad_norm:  1.8828  [38;2;54;234;195mmemory:  6.37GiB(8.05%)  [34mtps: 398  [36mtflops: 1.39  [35mmfu: 0.18%[39m
[titan] 2026-09-13 07:41:32,958 - root - INFO - [31mstep: 61  [32mloss: -2.00000  [38;2;180;60;0mgrad_norm:  1.8828  [38;2;54;234;195mmemory:  6.37GiB(8.05%)  [34mtps: 398  [36mtflops: 1.39  [35mmfu: 0.18%[39m
[titan] 2026-09-13 07:41:32,959 - root - INFO - [31mstep: 61  [32mloss:  2.58949  [38;2;180;60;0mgrad_norm:  1.8828  [38;2;54;234;195mmemory:  7.75GiB(9.79%)  [34mtps: 398  [36mtflops: 1.39  [35mmfu: 0.18%[39m
[titan] 2026-09-13 07:41:32,959 - root - INFO - [31mstep: 61  [32mloss:  2.58949  [38;2;180;60;0mgrad_norm:  1.8828  [38;2;54;234;195mmemory:  7.75GiB(9.79%)  [34mtps: 398  [36mtflops: 1.39  [35mmfu: 0.18%[39m
[titan] 2026-09-13 07:41:34,245 - root - INFO - [31mstep: 62  [32mloss: -2.00000  [38;2;180;60;0mgrad_norm:  1.4844  [38;2;54;234;195mmemory:  6.37GiB(8.05%)  [34mtps: 398  [36mtflops: 1.39  [35mmfu: 0.18%[39m
[titan] 2026-09-13 07:41:34,245 - root - INFO - [31mstep: 62  [32mloss: -2.00000  [38;2;180;60;0mgrad_norm:  1.4844  [38;2;54;234;195mmemory:  6.37GiB(8.05%)  [34mtps: 398  [36mtflops: 1.39  [35mmfu: 0.18%[39m
[titan] 2026-09-13 07:41:34,246 - root - INFO - [31mstep: 62  [32mloss:  2.70568  [38;2;180;60;0mgrad_norm:  1.4844  [38;2;54;234;195mmemory:  7.75GiB(9.79%)  [34mtps: 398  [36mtflops: 1.39  [35mmfu: 0.18%[39m
[titan] 2026-09-13 07:41:34,246 - root - INFO - [31mstep: 62  [32mloss:  2.70568  [38;2;180;60;0mgrad_norm:  1.4844  [38;2;54;234;195mmemory:  7.75GiB(9.79%)  [34mtps: 398  [36mtflops: 1.39  [35mmfu: 0.18%[39m
[titan] 2026-09-13 07:41:35,534 - root - INFO - [31mstep: 63  [32mloss: -2.00000  [38;2;180;60;0mgrad_norm:  1.3047  [38;2;54;234;195mmemory:  6.37GiB(8.05%)  [34mtps: 397  [36mtflops: 1.39  [35mmfu: 0.18%[39m
[titan] 2026-09-13 07:41:35,534 - root - INFO - [31mstep: 63  [32mloss: -2.00000  [38;2;180;60;0mgrad_norm:  1.3047  [38;2;54;234;195mmemory:  6.37GiB(8.05%)  [34mtps: 397  [36mtflops: 1.39  [35mmfu: 0.18%[39m
[titan] 2026-09-13 07:41:35,535 - root - INFO - [31mstep: 63  [32mloss:  2.67090  [38;2;180;60;0mgrad_norm:  1.3047  [38;2;54;234;195mmemory:  7.75GiB(9.79%)  [34mtps: 397  [36mtflops: 1.39  [35mmfu: 0.18%[39m
[titan] 2026-09-13 07:41:35,535 - root - INFO - [31mstep: 63  [32mloss:  2.67090  [38;2;180;60;0mgrad_norm:  1.3047  [38;2;54;234;195mmemory:  7.75GiB(9.79%)  [34mtps: 397  [36mtflops: 1.39  [35mmfu: 0.18%[39m
[titan] 2026-09-13 07:41:36,831 - root - INFO - [31mstep: 64  [32mloss: -2.00000  [38;2;180;60;0mgrad_norm:  1.6562  [38;2;54;234;195mmemory:  6.37GiB(8.05%)  [34mtps: 395  [36mtflops: 1.38  [35mmfu: 0.18%[39m
[titan] 2026-09-13 07:41:36,831 - root - INFO - [31mstep: 64  [32mloss: -2.00000  [38;2;180;60;0mgrad_norm:  1.6562  [38;2;54;234;195mmemory:  6.37GiB(8.05%)  [34mtps: 395  [36mtflops: 1.38  [35mmfu: 0.18%[39m
[titan] 2026-09-13 07:41:36,831 - root - INFO - [31mstep: 64  [32mloss:  2.65450  [38;2;180;60;0mgrad_norm:  1.6562  [38;2;54;234;195mmemory:  7.75GiB(9.79%)  [34mtps: 395  [36mtflops: 1.38  [35mmfu: 0.18%[39m
[titan] 2026-09-13 07:41:36,831 - root - INFO - [31mstep: 64  [32mloss:  2.65450  [38;2;180;60;0mgrad_norm:  1.6562  [38;2;54;234;195mmemory:  7.75GiB(9.79%)  [34mtps: 395  [36mtflops: 1.38  [35mmfu: 0.18%[39m
[titan] 2026-09-13 07:41:38,121 - root - INFO - [31mstep: 65  [32mloss: -2.00000  [38;2;180;60;0mgrad_norm:  1.5859  [38;2;54;234;195mmemory:  6.37GiB(8.05%)  [34mtps: 397  [36mtflops: 1.38  [35mmfu: 0.18%[39m
[titan] 2026-09-13 07:41:38,121 - root - INFO - [31mstep: 65  [32mloss: -2.00000  [38;2;180;60;0mgrad_norm:  1.5859  [38;2;54;234;195mmemory:  6.37GiB(8.05%)  [34mtps: 397  [36mtflops: 1.38  [35mmfu: 0.18%[39m
[titan] 2026-09-13 07:41:38,122 - root - INFO - [31mstep: 65  [32mloss:  2.68771  [38;2;180;60;0mgrad_norm:  1.5859  [38;2;54;234;195mmemory:  7.75GiB(9.79%)  [34mtps: 397  [36mtflops: 1.38  [35mmfu: 0.18%[39m
[titan] 2026-09-13 07:41:38,122 - root - INFO - [31mstep: 65  [32mloss:  2.68771  [38;2;180;60;0mgrad_norm:  1.5859  [38;2;54;234;195mmemory:  7.75GiB(9.79%)  [34mtps: 397  [36mtflops: 1.38  [35mmfu: 0.18%[39m
[titan] 2026-09-13 07:41:39,412 - root - INFO - [31mstep: 66  [32mloss: -2.00000  [38;2;180;60;0mgrad_norm:  1.2266  [38;2;54;234;195mmemory:  6.37GiB(8.05%)  [34mtps: 397  [36mtflops: 1.38  [35mmfu: 0.18%[39m
[titan] 2026-09-13 07:41:39,412 - root - INFO - [31mstep: 66  [32mloss: -2.00000  [38;2;180;60;0mgrad_norm:  1.2266  [38;2;54;234;195mmemory:  6.37GiB(8.05%)  [34mtps: 397  [36mtflops: 1.38  [35mmfu: 0.18%[39m
[titan] 2026-09-13 07:41:39,412 - root - INFO - [31mstep: 66  [32mloss:  2.56735  [38;2;180;60;0mgrad_norm:  1.2266  [38;2;54;234;195mmemory:  7.75GiB(9.79%)  [34mtps: 397  [36mtflops: 1.38  [35mmfu: 0.18%[39m
[titan] 2026-09-13 07:41:39,412 - root - INFO - [31mstep: 66  [32mloss:  2.56735  [38;2;180;60;0mgrad_norm:  1.2266  [38;2;54;234;195mmemory:  7.75GiB(9.79%)  [34mtps: 397  [36mtflops: 1.38  [35mmfu: 0.18%[39m
[titan] 2026-09-13 07:41:40,706 - root - INFO - [31mstep: 67  [32mloss: -2.00000  [38;2;180;60;0mgrad_norm:  1.4453  [38;2;54;234;195mmemory:  6.37GiB(8.05%)  [34mtps: 396  [36mtflops: 1.38  [35mmfu: 0.18%[39m
[titan] 2026-09-13 07:41:40,706 - root - INFO - [31mstep: 67  [32mloss:  2.49936  [38;2;180;60;0mgrad_norm:  1.4453  [38;2;54;234;195mmemory:  7.75GiB(9.79%)  [34mtps: 396  [36mtflops: 1.38  [35mmfu: 0.18%[39m
[titan] 2026-09-13 07:41:40,706 - root - INFO - [31mstep: 67  [32mloss: -2.00000  [38;2;180;60;0mgrad_norm:  1.4453  [38;2;54;234;195mmemory:  6.37GiB(8.05%)  [34mtps: 396  [36mtflops: 1.38  [35mmfu: 0.18%[39m
[titan] 2026-09-13 07:41:40,706 - root - INFO - [31mstep: 67  [32mloss:  2.49936  [38;2;180;60;0mgrad_norm:  1.4453  [38;2;54;234;195mmemory:  7.75GiB(9.79%)  [34mtps: 396  [36mtflops: 1.38  [35mmfu: 0.18%[39m
[titan] 2026-09-13 07:41:41,999 - root - INFO - [31mstep: 68  [32mloss: -2.00000  [38;2;180;60;0mgrad_norm:  1.6172  [38;2;54;234;195mmemory:  6.37GiB(8.05%)  [34mtps: 396  [36mtflops: 1.38  [35mmfu: 0.18%[39m
[titan] 2026-09-13 07:41:41,999 - root - INFO - [31mstep: 68  [32mloss: -2.00000  [38;2;180;60;0mgrad_norm:  1.6172  [38;2;54;234;195mmemory:  6.37GiB(8.05%)  [34mtps: 396  [36mtflops: 1.38  [35mmfu: 0.18%[39m
[titan] 2026-09-13 07:41:41,999 - root - INFO - [31mstep: 68  [32mloss:  2.55022  [38;2;180;60;0mgrad_norm:  1.6172  [38;2;54;234;195mmemory:  7.75GiB(9.79%)  [34mtps: 396  [36mtflops: 1.38  [35mmfu: 0.18%[39m
[titan] 2026-09-13 07:41:41,999 - root - INFO - [31mstep: 68  [32mloss:  2.55022  [38;2;180;60;0mgrad_norm:  1.6172  [38;2;54;234;195mmemory:  7.75GiB(9.79%)  [34mtps: 396  [36mtflops: 1.38  [35mmfu: 0.18%[39m
[titan] 2026-09-13 07:41:43,295 - root - INFO - [31mstep: 69  [32mloss: -2.00000  [38;2;180;60;0mgrad_norm:  1.5938  [38;2;54;234;195mmemory:  6.37GiB(8.05%)  [34mtps: 395  [36mtflops: 1.38  [35mmfu: 0.18%[39m
[titan] 2026-09-13 07:41:43,295 - root - INFO - [31mstep: 69  [32mloss: -2.00000  [38;2;180;60;0mgrad_norm:  1.5938  [38;2;54;234;195mmemory:  6.37GiB(8.05%)  [34mtps: 395  [36mtflops: 1.38  [35mmfu: 0.18%[39m
[titan] 2026-09-13 07:41:43,295 - root - INFO - [31mstep: 69  [32mloss:  2.72500  [38;2;180;60;0mgrad_norm:  1.5938  [38;2;54;234;195mmemory:  7.75GiB(9.79%)  [34mtps: 395  [36mtflops: 1.38  [35mmfu: 0.18%[39m
[titan] 2026-09-13 07:41:43,295 - root - INFO - [31mstep: 69  [32mloss:  2.72500  [38;2;180;60;0mgrad_norm:  1.5938  [38;2;54;234;195mmemory:  7.75GiB(9.79%)  [34mtps: 395  [36mtflops: 1.38  [35mmfu: 0.18%[39m
[titan] 2026-09-13 07:41:44,586 - root - INFO - [31mstep: 70  [32mloss: -2.00000  [38;2;180;60;0mgrad_norm:  1.6016  [38;2;54;234;195mmemory:  6.37GiB(8.05%)  [34mtps: 397  [36mtflops: 1.38  [35mmfu: 0.18%[39m
[titan] 2026-09-13 07:41:44,586 - root - INFO - [31mstep: 70  [32mloss: -2.00000  [38;2;180;60;0mgrad_norm:  1.6016  [38;2;54;234;195mmemory:  6.37GiB(8.05%)  [34mtps: 397  [36mtflops: 1.38  [35mmfu: 0.18%[39m
[titan] 2026-09-13 07:41:44,587 - root - INFO - [31mstep: 70  [32mloss:  2.69826  [38;2;180;60;0mgrad_norm:  1.6016  [38;2;54;234;195mmemory:  7.75GiB(9.79%)  [34mtps: 396  [36mtflops: 1.38  [35mmfu: 0.18%[39m
[titan] 2026-09-13 07:41:44,587 - root - INFO - [31mstep: 70  [32mloss:  2.69826  [38;2;180;60;0mgrad_norm:  1.6016  [38;2;54;234;195mmemory:  7.75GiB(9.79%)  [34mtps: 396  [36mtflops: 1.38  [35mmfu: 0.18%[39m
[titan] 2026-09-13 07:41:45,881 - root - INFO - [31mstep: 71  [32mloss: -2.00000  [38;2;180;60;0mgrad_norm:  1.5078  [38;2;54;234;195mmemory:  6.37GiB(8.05%)  [34mtps: 396  [36mtflops: 1.38  [35mmfu: 0.18%[39m
[titan] 2026-09-13 07:41:45,881 - root - INFO - [31mstep: 71  [32mloss: -2.00000  [38;2;180;60;0mgrad_norm:  1.5078  [38;2;54;234;195mmemory:  6.37GiB(8.05%)  [34mtps: 396  [36mtflops: 1.38  [35mmfu: 0.18%[39m
[titan] 2026-09-13 07:41:45,881 - root - INFO - [31mstep: 71  [32mloss:  2.46042  [38;2;180;60;0mgrad_norm:  1.5078  [38;2;54;234;195mmemory:  7.75GiB(9.79%)  [34mtps: 396  [36mtflops: 1.38  [35mmfu: 0.18%[39m
[titan] 2026-09-13 07:41:45,881 - root - INFO - [31mstep: 71  [32mloss:  2.46042  [38;2;180;60;0mgrad_norm:  1.5078  [38;2;54;234;195mmemory:  7.75GiB(9.79%)  [34mtps: 396  [36mtflops: 1.38  [35mmfu: 0.18%[39m
[titan] 2026-09-13 07:41:47,180 - root - INFO - [31mstep: 72  [32mloss: -2.00000  [38;2;180;60;0mgrad_norm:  1.5312  [38;2;54;234;195mmemory:  6.37GiB(8.05%)  [34mtps: 394  [36mtflops: 1.38  [35mmfu: 0.18%[39m
[titan] 2026-09-13 07:41:47,180 - root - INFO - [31mstep: 72  [32mloss: -2.00000  [38;2;180;60;0mgrad_norm:  1.5312  [38;2;54;234;195mmemory:  6.37GiB(8.05%)  [34mtps: 394  [36mtflops: 1.38  [35mmfu: 0.18%[39m
[titan] 2026-09-13 07:41:47,180 - root - INFO - [31mstep: 72  [32mloss:  2.51809  [38;2;180;60;0mgrad_norm:  1.5312  [38;2;54;234;195mmemory:  7.75GiB(9.79%)  [34mtps: 394  [36mtflops: 1.38  [35mmfu: 0.18%[39m
[titan] 2026-09-13 07:41:47,180 - root - INFO - [31mstep: 72  [32mloss:  2.51809  [38;2;180;60;0mgrad_norm:  1.5312  [38;2;54;234;195mmemory:  7.75GiB(9.79%)  [34mtps: 394  [36mtflops: 1.38  [35mmfu: 0.18%[39m
[titan] 2026-09-13 07:41:48,470 - root - INFO - [31mstep: 73  [32mloss: -2.00000  [38;2;180;60;0mgrad_norm:  1.5547  [38;2;54;234;195mmemory:  6.37GiB(8.05%)  [34mtps: 397  [36mtflops: 1.38  [35mmfu: 0.18%[39m
[titan] 2026-09-13 07:41:48,470 - root - INFO - [31mstep: 73  [32mloss: -2.00000  [38;2;180;60;0mgrad_norm:  1.5547  [38;2;54;234;195mmemory:  6.37GiB(8.05%)  [34mtps: 397  [36mtflops: 1.38  [35mmfu: 0.18%[39m
[titan] 2026-09-13 07:41:48,471 - root - INFO - [31mstep: 73  [32mloss:  2.48673  [38;2;180;60;0mgrad_norm:  1.5547  [38;2;54;234;195mmemory:  7.75GiB(9.79%)  [34mtps: 397  [36mtflops: 1.38  [35mmfu: 0.18%[39m
[titan] 2026-09-13 07:41:48,471 - root - INFO - [31mstep: 73  [32mloss:  2.48673  [38;2;180;60;0mgrad_norm:  1.5547  [38;2;54;234;195mmemory:  7.75GiB(9.79%)  [34mtps: 397  [36mtflops: 1.38  [35mmfu: 0.18%[39m
[titan] 2026-09-13 07:41:49,766 - root - INFO - [31mstep: 74  [32mloss: -2.00000  [38;2;180;60;0mgrad_norm:  0.9844  [38;2;54;234;195mmemory:  6.37GiB(8.05%)  [34mtps: 395  [36mtflops: 1.38  [35mmfu: 0.18%[39m
[titan] 2026-09-13 07:41:49,766 - root - INFO - [31mstep: 74  [32mloss: -2.00000  [38;2;180;60;0mgrad_norm:  0.9844  [38;2;54;234;195mmemory:  6.37GiB(8.05%)  [34mtps: 395  [36mtflops: 1.38  [35mmfu: 0.18%[39m
[titan] 2026-09-13 07:41:49,766 - root - INFO - [31mstep: 74  [32mloss:  2.49399  [38;2;180;60;0mgrad_norm:  0.9844  [38;2;54;234;195mmemory:  7.75GiB(9.79%)  [34mtps: 395  [36mtflops: 1.38  [35mmfu: 0.18%[39m
[titan] 2026-09-13 07:41:49,766 - root - INFO - [31mstep: 74  [32mloss:  2.49399  [38;2;180;60;0mgrad_norm:  0.9844  [38;2;54;234;195mmemory:  7.75GiB(9.79%)  [34mtps: 395  [36mtflops: 1.38  [35mmfu: 0.18%[39m
[titan] 2026-09-13 07:41:51,057 - root - INFO - [31mstep: 75  [32mloss: -2.00000  [38;2;180;60;0mgrad_norm:  1.5469  [38;2;54;234;195mmemory:  6.37GiB(8.05%)  [34mtps: 397  [36mtflops: 1.38  [35mmfu: 0.18%[39m
[titan] 2026-09-13 07:41:51,057 - root - INFO - [31mstep: 75  [32mloss: -2.00000  [38;2;180;60;0mgrad_norm:  1.5469  [38;2;54;234;195mmemory:  6.37GiB(8.05%)  [34mtps: 397  [36mtflops: 1.38  [35mmfu: 0.18%[39m
[titan] 2026-09-13 07:41:51,058 - root - INFO - [31mstep: 75  [32mloss:  2.61546  [38;2;180;60;0mgrad_norm:  1.5469  [38;2;54;234;195mmemory:  7.75GiB(9.79%)  [34mtps: 397  [36mtflops: 1.38  [35mmfu: 0.18%[39m
[titan] 2026-09-13 07:41:51,058 - root - INFO - [31mstep: 75  [32mloss:  2.61546  [38;2;180;60;0mgrad_norm:  1.5469  [38;2;54;234;195mmemory:  7.75GiB(9.79%)  [34mtps: 397  [36mtflops: 1.38  [35mmfu: 0.18%[39m
[titan] 2026-09-13 07:41:52,350 - root - INFO - [31mstep: 76  [32mloss: -2.00000  [38;2;180;60;0mgrad_norm:  1.1094  [38;2;54;234;195mmemory:  6.37GiB(8.05%)  [34mtps: 396  [36mtflops: 1.38  [35mmfu: 0.18%[39m
[titan] 2026-09-13 07:41:52,350 - root - INFO - [31mstep: 76  [32mloss: -2.00000  [38;2;180;60;0mgrad_norm:  1.1094  [38;2;54;234;195mmemory:  6.37GiB(8.05%)  [34mtps: 396  [36mtflops: 1.38  [35mmfu: 0.18%[39m
[titan] 2026-09-13 07:41:52,351 - root - INFO - [31mstep: 76  [32mloss:  2.42555  [38;2;180;60;0mgrad_norm:  1.1094  [38;2;54;234;195mmemory:  7.75GiB(9.79%)  [34mtps: 396  [36mtflops: 1.38  [35mmfu: 0.18%[39m
[titan] 2026-09-13 07:41:52,351 - root - INFO - [31mstep: 76  [32mloss:  2.42555  [38;2;180;60;0mgrad_norm:  1.1094  [38;2;54;234;195mmemory:  7.75GiB(9.79%)  [34mtps: 396  [36mtflops: 1.38  [35mmfu: 0.18%[39m
[titan] 2026-09-13 07:41:53,642 - root - INFO - [31mstep: 77  [32mloss:  2.52337  [38;2;180;60;0mgrad_norm:  1.0312  [38;2;54;234;195mmemory:  7.75GiB(9.79%)  [34mtps: 397  [36mtflops: 1.38  [35mmfu: 0.18%[39m
[titan] 2026-09-13 07:41:53,642 - root - INFO - [31mstep: 77  [32mloss:  2.52337  [38;2;180;60;0mgrad_norm:  1.0312  [38;2;54;234;195mmemory:  7.75GiB(9.79%)  [34mtps: 397  [36mtflops: 1.38  [35mmfu: 0.18%[39m
[titan] 2026-09-13 07:41:53,642 - root - INFO - [31mstep: 77  [32mloss: -2.00000  [38;2;180;60;0mgrad_norm:  1.0312  [38;2;54;234;195mmemory:  6.37GiB(8.05%)  [34mtps: 396  [36mtflops: 1.38  [35mmfu: 0.18%[39m
[titan] 2026-09-13 07:41:53,642 - root - INFO - [31mstep: 77  [32mloss: -2.00000  [38;2;180;60;0mgrad_norm:  1.0312  [38;2;54;234;195mmemory:  6.37GiB(8.05%)  [34mtps: 396  [36mtflops: 1.38  [35mmfu: 0.18%[39m
[titan] 2026-09-13 07:41:54,946 - root - INFO - [31mstep: 78  [32mloss: -2.00000  [38;2;180;60;0mgrad_norm:  1.2969  [38;2;54;234;195mmemory:  6.37GiB(8.05%)  [34mtps: 393  [36mtflops: 1.37  [35mmfu: 0.18%[39m
[titan] 2026-09-13 07:41:54,946 - root - INFO - [31mstep: 78  [32mloss: -2.00000  [38;2;180;60;0mgrad_norm:  1.2969  [38;2;54;234;195mmemory:  6.37GiB(8.05%)  [34mtps: 393  [36mtflops: 1.37  [35mmfu: 0.18%[39m
[titan] 2026-09-13 07:41:54,946 - root - INFO - [31mstep: 78  [32mloss:  2.47566  [38;2;180;60;0mgrad_norm:  1.2969  [38;2;54;234;195mmemory:  7.75GiB(9.79%)  [34mtps: 393  [36mtflops: 1.37  [35mmfu: 0.18%[39m
[titan] 2026-09-13 07:41:54,946 - root - INFO - [31mstep: 78  [32mloss:  2.47566  [38;2;180;60;0mgrad_norm:  1.2969  [38;2;54;234;195mmemory:  7.75GiB(9.79%)  [34mtps: 393  [36mtflops: 1.37  [35mmfu: 0.18%[39m
[titan] 2026-09-13 07:41:56,239 - root - INFO - [31mstep: 79  [32mloss: -2.00000  [38;2;180;60;0mgrad_norm:  1.2266  [38;2;54;234;195mmemory:  6.37GiB(8.05%)  [34mtps: 396  [36mtflops: 1.38  [35mmfu: 0.18%[39m
[titan] 2026-09-13 07:41:56,239 - root - INFO - [31mstep: 79  [32mloss: -2.00000  [38;2;180;60;0mgrad_norm:  1.2266  [38;2;54;234;195mmemory:  6.37GiB(8.05%)  [34mtps: 396  [36mtflops: 1.38  [35mmfu: 0.18%[39m
[titan] 2026-09-13 07:41:56,239 - root - INFO - [31mstep: 79  [32mloss:  2.49604  [38;2;180;60;0mgrad_norm:  1.2266  [38;2;54;234;195mmemory:  7.75GiB(9.79%)  [34mtps: 396  [36mtflops: 1.38  [35mmfu: 0.18%[39m
[titan] 2026-09-13 07:41:56,239 - root - INFO - [31mstep: 79  [32mloss:  2.49604  [38;2;180;60;0mgrad_norm:  1.2266  [38;2;54;234;195mmemory:  7.75GiB(9.79%)  [34mtps: 396  [36mtflops: 1.38  [35mmfu: 0.18%[39m
[titan] 2026-09-13 07:41:57,531 - root - INFO - [31mstep: 80  [32mloss: -2.00000  [38;2;180;60;0mgrad_norm:  1.1250  [38;2;54;234;195mmemory:  6.37GiB(8.05%)  [34mtps: 396  [36mtflops: 1.38  [35mmfu: 0.18%[39m
[titan] 2026-09-13 07:41:57,531 - root - INFO - [31mstep: 80  [32mloss: -2.00000  [38;2;180;60;0mgrad_norm:  1.1250  [38;2;54;234;195mmemory:  6.37GiB(8.05%)  [34mtps: 396  [36mtflops: 1.38  [35mmfu: 0.18%[39m
[titan] 2026-09-13 07:41:57,532 - root - INFO - [31mstep: 80  [32mloss:  2.54454  [38;2;180;60;0mgrad_norm:  1.1250  [38;2;54;234;195mmemory:  7.75GiB(9.79%)  [34mtps: 396  [36mtflops: 1.38  [35mmfu: 0.18%[39m
[titan] 2026-09-13 07:41:57,532 - root - INFO - [31mstep: 80  [32mloss:  2.54454  [38;2;180;60;0mgrad_norm:  1.1250  [38;2;54;234;195mmemory:  7.75GiB(9.79%)  [34mtps: 396  [36mtflops: 1.38  [35mmfu: 0.18%[39m
[titan] 2026-09-13 07:41:58,824 - root - INFO - [31mstep: 81  [32mloss: -2.00000  [38;2;180;60;0mgrad_norm:  1.1641  [38;2;54;234;195mmemory:  6.37GiB(8.05%)  [34mtps: 396  [36mtflops: 1.38  [35mmfu: 0.18%[39m
[titan] 2026-09-13 07:41:58,824 - root - INFO - [31mstep: 81  [32mloss: -2.00000  [38;2;180;60;0mgrad_norm:  1.1641  [38;2;54;234;195mmemory:  6.37GiB(8.05%)  [34mtps: 396  [36mtflops: 1.38  [35mmfu: 0.18%[39m
[titan] 2026-09-13 07:41:58,825 - root - INFO - [31mstep: 81  [32mloss:  2.49673  [38;2;180;60;0mgrad_norm:  1.1641  [38;2;54;234;195mmemory:  7.75GiB(9.79%)  [34mtps: 396  [36mtflops: 1.38  [35mmfu: 0.18%[39m
[titan] 2026-09-13 07:41:58,825 - root - INFO - [31mstep: 81  [32mloss:  2.49673  [38;2;180;60;0mgrad_norm:  1.1641  [38;2;54;234;195mmemory:  7.75GiB(9.79%)  [34mtps: 396  [36mtflops: 1.38  [35mmfu: 0.18%[39m
[titan] 2026-09-13 07:42:00,121 - root - INFO - [31mstep: 82  [32mloss: -2.00000  [38;2;180;60;0mgrad_norm:  1.1875  [38;2;54;234;195mmemory:  6.37GiB(8.05%)  [34mtps: 395  [36mtflops: 1.38  [35mmfu: 0.18%[39m
[titan] 2026-09-13 07:42:00,121 - root - INFO - [31mstep: 82  [32mloss: -2.00000  [38;2;180;60;0mgrad_norm:  1.1875  [38;2;54;234;195mmemory:  6.37GiB(8.05%)  [34mtps: 395  [36mtflops: 1.38  [35mmfu: 0.18%[39m
[titan] 2026-09-13 07:42:00,122 - root - INFO - [31mstep: 82  [32mloss:  2.47608  [38;2;180;60;0mgrad_norm:  1.1875  [38;2;54;234;195mmemory:  7.75GiB(9.79%)  [34mtps: 395  [36mtflops: 1.38  [35mmfu: 0.18%[39m
[titan] 2026-09-13 07:42:00,122 - root - INFO - [31mstep: 82  [32mloss:  2.47608  [38;2;180;60;0mgrad_norm:  1.1875  [38;2;54;234;195mmemory:  7.75GiB(9.79%)  [34mtps: 395  [36mtflops: 1.38  [35mmfu: 0.18%[39m
[titan] 2026-09-13 07:42:01,414 - root - INFO - [31mstep: 83  [32mloss: -2.00000  [38;2;180;60;0mgrad_norm:  0.9570  [38;2;54;234;195mmemory:  6.37GiB(8.05%)  [34mtps: 396  [36mtflops: 1.38  [35mmfu: 0.18%[39m
[titan] 2026-09-13 07:42:01,414 - root - INFO - [31mstep: 83  [32mloss: -2.00000  [38;2;180;60;0mgrad_norm:  0.9570  [38;2;54;234;195mmemory:  6.37GiB(8.05%)  [34mtps: 396  [36mtflops: 1.38  [35mmfu: 0.18%[39m
[titan] 2026-09-13 07:42:01,415 - root - INFO - [31mstep: 83  [32mloss:  2.47744  [38;2;180;60;0mgrad_norm:  0.9570  [38;2;54;234;195mmemory:  7.75GiB(9.79%)  [34mtps: 396  [36mtflops: 1.38  [35mmfu: 0.18%[39m
[titan] 2026-09-13 07:42:01,415 - root - INFO - [31mstep: 83  [32mloss:  2.47744  [38;2;180;60;0mgrad_norm:  0.9570  [38;2;54;234;195mmemory:  7.75GiB(9.79%)  [34mtps: 396  [36mtflops: 1.38  [35mmfu: 0.18%[39m
[titan] 2026-09-13 07:42:02,703 - root - INFO - [31mstep: 84  [32mloss: -2.00000  [38;2;180;60;0mgrad_norm:  0.9492  [38;2;54;234;195mmemory:  6.37GiB(8.05%)  [34mtps: 397  [36mtflops: 1.39  [35mmfu: 0.18%[39m
[titan] 2026-09-13 07:42:02,703 - root - INFO - [31mstep: 84  [32mloss: -2.00000  [38;2;180;60;0mgrad_norm:  0.9492  [38;2;54;234;195mmemory:  6.37GiB(8.05%)  [34mtps: 397  [36mtflops: 1.39  [35mmfu: 0.18%[39m
[titan] 2026-09-13 07:42:02,703 - root - INFO - [31mstep: 84  [32mloss:  2.46891  [38;2;180;60;0mgrad_norm:  0.9492  [38;2;54;234;195mmemory:  7.75GiB(9.79%)  [34mtps: 397  [36mtflops: 1.39  [35mmfu: 0.18%[39m
[titan] 2026-09-13 07:42:02,703 - root - INFO - [31mstep: 84  [32mloss:  2.46891  [38;2;180;60;0mgrad_norm:  0.9492  [38;2;54;234;195mmemory:  7.75GiB(9.79%)  [34mtps: 397  [36mtflops: 1.39  [35mmfu: 0.18%[39m
[titan] 2026-09-13 07:42:03,997 - root - INFO - [31mstep: 85  [32mloss: -2.00000  [38;2;180;60;0mgrad_norm:  1.0156  [38;2;54;234;195mmemory:  6.37GiB(8.05%)  [34mtps: 396  [36mtflops: 1.38  [35mmfu: 0.18%[39m
[titan] 2026-09-13 07:42:03,997 - root - INFO - [31mstep: 85  [32mloss: -2.00000  [38;2;180;60;0mgrad_norm:  1.0156  [38;2;54;234;195mmemory:  6.37GiB(8.05%)  [34mtps: 396  [36mtflops: 1.38  [35mmfu: 0.18%[39m
[titan] 2026-09-13 07:42:03,998 - root - INFO - [31mstep: 85  [32mloss:  2.53004  [38;2;180;60;0mgrad_norm:  1.0156  [38;2;54;234;195mmemory:  7.75GiB(9.79%)  [34mtps: 396  [36mtflops: 1.38  [35mmfu: 0.18%[39m
[titan] 2026-09-13 07:42:03,998 - root - INFO - [31mstep: 85  [32mloss:  2.53004  [38;2;180;60;0mgrad_norm:  1.0156  [38;2;54;234;195mmemory:  7.75GiB(9.79%)  [34mtps: 396  [36mtflops: 1.38  [35mmfu: 0.18%[39m
[titan] 2026-09-13 07:42:05,289 - root - INFO - [31mstep: 86  [32mloss: -2.00000  [38;2;180;60;0mgrad_norm:  1.0938  [38;2;54;234;195mmemory:  6.37GiB(8.05%)  [34mtps: 397  [36mtflops: 1.38  [35mmfu: 0.18%[39m
[titan] 2026-09-13 07:42:05,289 - root - INFO - [31mstep: 86  [32mloss: -2.00000  [38;2;180;60;0mgrad_norm:  1.0938  [38;2;54;234;195mmemory:  6.37GiB(8.05%)  [34mtps: 397  [36mtflops: 1.38  [35mmfu: 0.18%[39m
[titan] 2026-09-13 07:42:05,289 - root - INFO - [31mstep: 86  [32mloss:  2.43570  [38;2;180;60;0mgrad_norm:  1.0938  [38;2;54;234;195mmemory:  7.75GiB(9.79%)  [34mtps: 397  [36mtflops: 1.38  [35mmfu: 0.18%[39m
[titan] 2026-09-13 07:42:05,289 - root - INFO - [31mstep: 86  [32mloss:  2.43570  [38;2;180;60;0mgrad_norm:  1.0938  [38;2;54;234;195mmemory:  7.75GiB(9.79%)  [34mtps: 397  [36mtflops: 1.38  [35mmfu: 0.18%[39m
[titan] 2026-09-13 07:42:06,582 - root - INFO - [31mstep: 87  [32mloss: -2.00000  [38;2;180;60;0mgrad_norm:  1.0000  [38;2;54;234;195mmemory:  6.37GiB(8.05%)  [34mtps: 396  [36mtflops: 1.38  [35mmfu: 0.18%[39m
[titan] 2026-09-13 07:42:06,582 - root - INFO - [31mstep: 87  [32mloss: -2.00000  [38;2;180;60;0mgrad_norm:  1.0000  [38;2;54;234;195mmemory:  6.37GiB(8.05%)  [34mtps: 396  [36mtflops: 1.38  [35mmfu: 0.18%[39m
[titan] 2026-09-13 07:42:06,583 - root - INFO - [31mstep: 87  [32mloss:  2.53000  [38;2;180;60;0mgrad_norm:  1.0000  [38;2;54;234;195mmemory:  7.75GiB(9.79%)  [34mtps: 396  [36mtflops: 1.38  [35mmfu: 0.18%[39m
[titan] 2026-09-13 07:42:06,583 - root - INFO - [31mstep: 87  [32mloss:  2.53000  [38;2;180;60;0mgrad_norm:  1.0000  [38;2;54;234;195mmemory:  7.75GiB(9.79%)  [34mtps: 396  [36mtflops: 1.38  [35mmfu: 0.18%[39m
[titan] 2026-09-13 07:42:07,878 - root - INFO - [31mstep: 88  [32mloss: -2.00000  [38;2;180;60;0mgrad_norm:  0.7227  [38;2;54;234;195mmemory:  6.37GiB(8.05%)  [34mtps: 395  [36mtflops: 1.38  [35mmfu: 0.18%[39m
[titan] 2026-09-13 07:42:07,878 - root - INFO - [31mstep: 88  [32mloss: -2.00000  [38;2;180;60;0mgrad_norm:  0.7227  [38;2;54;234;195mmemory:  6.37GiB(8.05%)  [34mtps: 395  [36mtflops: 1.38  [35mmfu: 0.18%[39m
[titan] 2026-09-13 07:42:07,879 - root - INFO - [31mstep: 88  [32mloss:  2.55816  [38;2;180;60;0mgrad_norm:  0.7227  [38;2;54;234;195mmemory:  7.75GiB(9.79%)  [34mtps: 395  [36mtflops: 1.38  [35mmfu: 0.18%[39m
[titan] 2026-09-13 07:42:07,879 - root - INFO - [31mstep: 88  [32mloss:  2.55816  [38;2;180;60;0mgrad_norm:  0.7227  [38;2;54;234;195mmemory:  7.75GiB(9.79%)  [34mtps: 395  [36mtflops: 1.38  [35mmfu: 0.18%[39m
[titan] 2026-09-13 07:42:09,171 - root - INFO - [31mstep: 89  [32mloss: -2.00000  [38;2;180;60;0mgrad_norm:  1.5312  [38;2;54;234;195mmemory:  6.37GiB(8.05%)  [34mtps: 396  [36mtflops: 1.38  [35mmfu: 0.18%[39m
[titan] 2026-09-13 07:42:09,171 - root - INFO - [31mstep: 89  [32mloss: -2.00000  [38;2;180;60;0mgrad_norm:  1.5312  [38;2;54;234;195mmemory:  6.37GiB(8.05%)  [34mtps: 396  [36mtflops: 1.38  [35mmfu: 0.18%[39m
[titan] 2026-09-13 07:42:09,172 - root - INFO - [31mstep: 89  [32mloss:  2.51291  [38;2;180;60;0mgrad_norm:  1.5312  [38;2;54;234;195mmemory:  7.75GiB(9.79%)  [34mtps: 396  [36mtflops: 1.38  [35mmfu: 0.18%[39m
[titan] 2026-09-13 07:42:09,172 - root - INFO - [31mstep: 89  [32mloss:  2.51291  [38;2;180;60;0mgrad_norm:  1.5312  [38;2;54;234;195mmemory:  7.75GiB(9.79%)  [34mtps: 396  [36mtflops: 1.38  [35mmfu: 0.18%[39m
[titan] 2026-09-13 07:42:10,463 - root - INFO - [31mstep: 90  [32mloss: -2.00000  [38;2;180;60;0mgrad_norm:  1.0781  [38;2;54;234;195mmemory:  6.37GiB(8.05%)  [34mtps: 396  [36mtflops: 1.38  [35mmfu: 0.18%[39m
[titan] 2026-09-13 07:42:10,464 - root - INFO - [31mstep: 90  [32mloss: -2.00000  [38;2;180;60;0mgrad_norm:  1.0781  [38;2;54;234;195mmemory:  6.37GiB(8.05%)  [34mtps: 396  [36mtflops: 1.38  [35mmfu: 0.18%[39m
[titan] 2026-09-13 07:42:10,464 - root - INFO - [31mstep: 90  [32mloss:  2.42022  [38;2;180;60;0mgrad_norm:  1.0781  [38;2;54;234;195mmemory:  7.75GiB(9.79%)  [34mtps: 396  [36mtflops: 1.38  [35mmfu: 0.18%[39m
[titan] 2026-09-13 07:42:10,464 - root - INFO - [31mstep: 90  [32mloss:  2.42022  [38;2;180;60;0mgrad_norm:  1.0781  [38;2;54;234;195mmemory:  7.75GiB(9.79%)  [34mtps: 396  [36mtflops: 1.38  [35mmfu: 0.18%[39m
[titan] 2026-09-13 07:42:11,758 - root - INFO - [31mstep: 91  [32mloss: -2.00000  [38;2;180;60;0mgrad_norm:  1.2188  [38;2;54;234;195mmemory:  6.37GiB(8.05%)  [34mtps: 396  [36mtflops: 1.38  [35mmfu: 0.18%[39m
[titan] 2026-09-13 07:42:11,758 - root - INFO - [31mstep: 91  [32mloss: -2.00000  [38;2;180;60;0mgrad_norm:  1.2188  [38;2;54;234;195mmemory:  6.37GiB(8.05%)  [34mtps: 396  [36mtflops: 1.38  [35mmfu: 0.18%[39m
[titan] 2026-09-13 07:42:11,759 - root - INFO - [31mstep: 91  [32mloss:  2.56151  [38;2;180;60;0mgrad_norm:  1.2188  [38;2;54;234;195mmemory:  7.75GiB(9.79%)  [34mtps: 396  [36mtflops: 1.38  [35mmfu: 0.18%[39m
[titan] 2026-09-13 07:42:11,759 - root - INFO - [31mstep: 91  [32mloss:  2.56151  [38;2;180;60;0mgrad_norm:  1.2188  [38;2;54;234;195mmemory:  7.75GiB(9.79%)  [34mtps: 396  [36mtflops: 1.38  [35mmfu: 0.18%[39m
[titan] 2026-09-13 07:42:13,049 - root - INFO - [31mstep: 92  [32mloss: -2.00000  [38;2;180;60;0mgrad_norm:  1.1172  [38;2;54;234;195mmemory:  6.37GiB(8.05%)  [34mtps: 397  [36mtflops: 1.38  [35mmfu: 0.18%[39m
[titan] 2026-09-13 07:42:13,049 - root - INFO - [31mstep: 92  [32mloss: -2.00000  [38;2;180;60;0mgrad_norm:  1.1172  [38;2;54;234;195mmemory:  6.37GiB(8.05%)  [34mtps: 397  [36mtflops: 1.38  [35mmfu: 0.18%[39m
[titan] 2026-09-13 07:42:13,049 - root - INFO - [31mstep: 92  [32mloss:  2.48834  [38;2;180;60;0mgrad_norm:  1.1172  [38;2;54;234;195mmemory:  7.75GiB(9.79%)  [34mtps: 397  [36mtflops: 1.38  [35mmfu: 0.18%[39m
[titan] 2026-09-13 07:42:13,049 - root - INFO - [31mstep: 92  [32mloss:  2.48834  [38;2;180;60;0mgrad_norm:  1.1172  [38;2;54;234;195mmemory:  7.75GiB(9.79%)  [34mtps: 397  [36mtflops: 1.38  [35mmfu: 0.18%[39m
[titan] 2026-09-13 07:42:14,336 - root - INFO - [31mstep: 93  [32mloss: -2.00000  [38;2;180;60;0mgrad_norm:  0.9844  [38;2;54;234;195mmemory:  6.37GiB(8.05%)  [34mtps: 398  [36mtflops: 1.39  [35mmfu: 0.18%[39m
[titan] 2026-09-13 07:42:14,336 - root - INFO - [31mstep: 93  [32mloss: -2.00000  [38;2;180;60;0mgrad_norm:  0.9844  [38;2;54;234;195mmemory:  6.37GiB(8.05%)  [34mtps: 398  [36mtflops: 1.39  [35mmfu: 0.18%[39m
[titan] 2026-09-13 07:42:14,336 - root - INFO - [31mstep: 93  [32mloss:  2.58547  [38;2;180;60;0mgrad_norm:  0.9844  [38;2;54;234;195mmemory:  7.75GiB(9.79%)  [34mtps: 398  [36mtflops: 1.39  [35mmfu: 0.18%[39m
[titan] 2026-09-13 07:42:14,336 - root - INFO - [31mstep: 93  [32mloss:  2.58547  [38;2;180;60;0mgrad_norm:  0.9844  [38;2;54;234;195mmemory:  7.75GiB(9.79%)  [34mtps: 398  [36mtflops: 1.39  [35mmfu: 0.18%[39m
[titan] 2026-09-13 07:42:15,627 - root - INFO - [31mstep: 94  [32mloss: -2.00000  [38;2;180;60;0mgrad_norm:  0.9609  [38;2;54;234;195mmemory:  6.37GiB(8.05%)  [34mtps: 397  [36mtflops: 1.38  [35mmfu: 0.18%[39m
[titan] 2026-09-13 07:42:15,627 - root - INFO - [31mstep: 94  [32mloss: -2.00000  [38;2;180;60;0mgrad_norm:  0.9609  [38;2;54;234;195mmemory:  6.37GiB(8.05%)  [34mtps: 397  [36mtflops: 1.38  [35mmfu: 0.18%[39m
[titan] 2026-09-13 07:42:15,627 - root - INFO - [31mstep: 94  [32mloss:  2.41558  [38;2;180;60;0mgrad_norm:  0.9609  [38;2;54;234;195mmemory:  7.75GiB(9.79%)  [34mtps: 397  [36mtflops: 1.38  [35mmfu: 0.18%[39m
[titan] 2026-09-13 07:42:15,627 - root - INFO - [31mstep: 94  [32mloss:  2.41558  [38;2;180;60;0mgrad_norm:  0.9609  [38;2;54;234;195mmemory:  7.75GiB(9.79%)  [34mtps: 397  [36mtflops: 1.38  [35mmfu: 0.18%[39m
[titan] 2026-09-13 07:42:16,921 - root - INFO - [31mstep: 95  [32mloss: -2.00000  [38;2;180;60;0mgrad_norm:  0.8945  [38;2;54;234;195mmemory:  6.37GiB(8.05%)  [34mtps: 396  [36mtflops: 1.38  [35mmfu: 0.18%[39m
[titan] 2026-09-13 07:42:16,921 - root - INFO - [31mstep: 95  [32mloss: -2.00000  [38;2;180;60;0mgrad_norm:  0.8945  [38;2;54;234;195mmemory:  6.37GiB(8.05%)  [34mtps: 396  [36mtflops: 1.38  [35mmfu: 0.18%[39m
[titan] 2026-09-13 07:42:16,922 - root - INFO - [31mstep: 95  [32mloss:  2.53699  [38;2;180;60;0mgrad_norm:  0.8945  [38;2;54;234;195mmemory:  7.75GiB(9.79%)  [34mtps: 396  [36mtflops: 1.38  [35mmfu: 0.18%[39m
[titan] 2026-09-13 07:42:16,922 - root - INFO - [31mstep: 95  [32mloss:  2.53699  [38;2;180;60;0mgrad_norm:  0.8945  [38;2;54;234;195mmemory:  7.75GiB(9.79%)  [34mtps: 395  [36mtflops: 1.38  [35mmfu: 0.18%[39m
[titan] 2026-09-13 07:42:18,209 - root - INFO - [31mstep: 96  [32mloss: -2.00000  [38;2;180;60;0mgrad_norm:  0.8555  [38;2;54;234;195mmemory:  6.37GiB(8.05%)  [34mtps: 398  [36mtflops: 1.39  [35mmfu: 0.18%[39m
[titan] 2026-09-13 07:42:18,209 - root - INFO - [31mstep: 96  [32mloss: -2.00000  [38;2;180;60;0mgrad_norm:  0.8555  [38;2;54;234;195mmemory:  6.37GiB(8.05%)  [34mtps: 398  [36mtflops: 1.39  [35mmfu: 0.18%[39m
[titan] 2026-09-13 07:42:18,210 - root - INFO - [31mstep: 96  [32mloss:  2.48413  [38;2;180;60;0mgrad_norm:  0.8555  [38;2;54;234;195mmemory:  7.75GiB(9.79%)  [34mtps: 398  [36mtflops: 1.39  [35mmfu: 0.18%[39m
[titan] 2026-09-13 07:42:18,210 - root - INFO - [31mstep: 96  [32mloss:  2.48413  [38;2;180;60;0mgrad_norm:  0.8555  [38;2;54;234;195mmemory:  7.75GiB(9.79%)  [34mtps: 398  [36mtflops: 1.39  [35mmfu: 0.18%[39m
[titan] 2026-09-13 07:42:19,498 - root - INFO - [31mstep: 97  [32mloss: -2.00000  [38;2;180;60;0mgrad_norm:  1.1172  [38;2;54;234;195mmemory:  6.37GiB(8.05%)  [34mtps: 398  [36mtflops: 1.39  [35mmfu: 0.18%[39m
[titan] 2026-09-13 07:42:19,498 - root - INFO - [31mstep: 97  [32mloss: -2.00000  [38;2;180;60;0mgrad_norm:  1.1172  [38;2;54;234;195mmemory:  6.37GiB(8.05%)  [34mtps: 398  [36mtflops: 1.39  [35mmfu: 0.18%[39m
[titan] 2026-09-13 07:42:19,498 - root - INFO - [31mstep: 97  [32mloss:  2.41315  [38;2;180;60;0mgrad_norm:  1.1172  [38;2;54;234;195mmemory:  7.75GiB(9.79%)  [34mtps: 398  [36mtflops: 1.39  [35mmfu: 0.18%[39m
[titan] 2026-09-13 07:42:19,498 - root - INFO - [31mstep: 97  [32mloss:  2.41315  [38;2;180;60;0mgrad_norm:  1.1172  [38;2;54;234;195mmemory:  7.75GiB(9.79%)  [34mtps: 398  [36mtflops: 1.39  [35mmfu: 0.18%[39m
[titan] 2026-09-13 07:42:20,795 - root - INFO - [31mstep: 98  [32mloss: -2.00000  [38;2;180;60;0mgrad_norm:  0.9805  [38;2;54;234;195mmemory:  6.37GiB(8.05%)  [34mtps: 395  [36mtflops: 1.38  [35mmfu: 0.18%[39m
[titan] 2026-09-13 07:42:20,795 - root - INFO - [31mstep: 98  [32mloss: -2.00000  [38;2;180;60;0mgrad_norm:  0.9805  [38;2;54;234;195mmemory:  6.37GiB(8.05%)  [34mtps: 395  [36mtflops: 1.38  [35mmfu: 0.18%[39m
[titan] 2026-09-13 07:42:20,796 - root - INFO - [31mstep: 98  [32mloss:  2.55554  [38;2;180;60;0mgrad_norm:  0.9805  [38;2;54;234;195mmemory:  7.75GiB(9.79%)  [34mtps: 395  [36mtflops: 1.38  [35mmfu: 0.18%[39m
[titan] 2026-09-13 07:42:20,796 - root - INFO - [31mstep: 98  [32mloss:  2.55554  [38;2;180;60;0mgrad_norm:  0.9805  [38;2;54;234;195mmemory:  7.75GiB(9.79%)  [34mtps: 395  [36mtflops: 1.38  [35mmfu: 0.18%[39m
[titan] 2026-09-13 07:42:22,089 - root - INFO - [31mstep: 99  [32mloss: -2.00000  [38;2;180;60;0mgrad_norm:  0.7617  [38;2;54;234;195mmemory:  6.37GiB(8.05%)  [34mtps: 396  [36mtflops: 1.38  [35mmfu: 0.18%[39m
[titan] 2026-09-13 07:42:22,089 - root - INFO - [31mstep: 99  [32mloss: -2.00000  [38;2;180;60;0mgrad_norm:  0.7617  [38;2;54;234;195mmemory:  6.37GiB(8.05%)  [34mtps: 396  [36mtflops: 1.38  [35mmfu: 0.18%[39m
[titan] 2026-09-13 07:42:22,090 - root - INFO - [31mstep: 99  [32mloss:  2.54807  [38;2;180;60;0mgrad_norm:  0.7617  [38;2;54;234;195mmemory:  7.75GiB(9.79%)  [34mtps: 396  [36mtflops: 1.38  [35mmfu: 0.18%[39m
[titan] 2026-09-13 07:42:22,090 - root - INFO - [31mstep: 99  [32mloss:  2.54807  [38;2;180;60;0mgrad_norm:  0.7617  [38;2;54;234;195mmemory:  7.75GiB(9.79%)  [34mtps: 396  [36mtflops: 1.38  [35mmfu: 0.18%[39m
[titan] 2026-09-13 07:42:22,251 - root - INFO - [GC] Performing periodic GC collection took 0.16 seconds
[titan] 2026-09-13 07:42:22,259 - root - INFO - [GC] Performing periodic GC collection took 0.17 seconds
[titan] 2026-09-13 07:42:22,259 - root - INFO - [GC] Performing periodic GC collection took 0.17 seconds
[titan] 2026-09-13 07:42:22,260 - root - INFO - [GC] Performing periodic GC collection took 0.17 seconds
[titan] 2026-09-13 07:42:23,551 - root - INFO - [31mstep: 100  [32mloss: -2.00000  [38;2;180;60;0mgrad_norm:  0.9609  [38;2;54;234;195mmemory:  6.37GiB(8.05%)  [34mtps: 350  [36mtflops: 1.22  [35mmfu: 0.16%[39m
[titan] 2026-09-13 07:42:23,551 - root - INFO - [31mstep: 100  [32mloss: -2.00000  [38;2;180;60;0mgrad_norm:  0.9609  [38;2;54;234;195mmemory:  6.37GiB(8.05%)  [34mtps: 350  [36mtflops: 1.22  [35mmfu: 0.16%[39m
[titan] 2026-09-13 07:42:23,551 - root - INFO - Saving the checkpoint.
[titan] 2026-09-13 07:42:23,551 - root - INFO - Saving a full checkpoint at last step, step 100.
[titan] 2026-09-13 07:42:23,551 - root - INFO - Saving the checkpoint.
[titan] 2026-09-13 07:42:23,551 - root - INFO - Saving a full checkpoint at last step, step 100.
[titan] 2026-09-13 07:42:23,551 - root - INFO - [31mstep: 100  [32mloss:  2.43160  [38;2;180;60;0mgrad_norm:  0.9609  [38;2;54;234;195mmemory:  7.75GiB(9.79%)  [34mtps: 350  [36mtflops: 1.22  [35mmfu: 0.16%[39m
[titan] 2026-09-13 07:42:23,551 - root - INFO - [31mstep: 100  [32mloss:  2.43160  [38;2;180;60;0mgrad_norm:  0.9609  [38;2;54;234;195mmemory:  7.75GiB(9.79%)  [34mtps: 350  [36mtflops: 1.22  [35mmfu: 0.16%[39m
[titan] 2026-09-13 07:42:23,551 - root - INFO - Saving the checkpoint.
[titan] 2026-09-13 07:42:23,551 - root - INFO - Saving the checkpoint.
[titan] 2026-09-13 07:42:23,551 - root - INFO - Saving a full checkpoint at last step, step 100.
[titan] 2026-09-13 07:42:23,551 - root - INFO - Saving a full checkpoint at last step, step 100.
[titan] 2026-09-13 07:42:29,933 - root - INFO - [GC] GC collection invoked by checkpointer. took 0.03 seconds
[titan] 2026-09-13 07:42:29,939 - root - INFO - Last step checkpoint completed in 6.39s
[titan] 2026-09-13 07:42:29,940 - root - INFO - Sleeping 2 seconds for other ranks to complete
[titan] 2026-09-13 07:42:29,951 - root - INFO - [GC] GC collection invoked by checkpointer. took 0.02 seconds
[titan] 2026-09-13 07:42:29,956 - root - INFO - Last step checkpoint completed in 6.40s
[titan] 2026-09-13 07:42:29,956 - root - INFO - Training completed
[titan] 2026-09-13 07:42:29,963 - root - INFO - Destroying the purge thread.
[titan] 2026-09-13 07:42:30,018 - root - INFO - [GC] GC collection invoked by checkpointer. took 0.08 seconds
[titan] 2026-09-13 07:42:30,021 - root - INFO - [GC] GC collection invoked by checkpointer. took 0.08 seconds
[titan] 2026-09-13 07:42:30,024 - root - INFO - Last step checkpoint completed in 6.47s
[titan] 2026-09-13 07:42:30,025 - root - INFO - Training completed
[titan] 2026-09-13 07:42:30,027 - root - INFO - Last step checkpoint completed in 6.48s
[titan] 2026-09-13 07:42:30,028 - root - INFO - Training completed
[titan] 2026-09-13 07:42:30,031 - root - INFO - Destroying the purge thread.
[titan] 2026-09-13 07:42:30,034 - root - INFO - Destroying the purge thread.
[titan] 2026-09-13 07:42:31,940 - root - INFO - Training completed
[titan] 2026-09-13 07:42:31,947 - root - INFO - Destroying the purge thread.
[titan] 2026-09-13 07:42:33,974 - root - INFO - Process group destroyed
[titan] 2026-09-13 07:42:33,977 - root - INFO - Process group destroyed
[titan] 2026-09-13 07:42:34,048 - root - INFO - Process group destroyed
[titan] 2026-09-13 07:42:34,053 - root - INFO - Process group destroyed
