W0913 08:36:10.664000 27345 torch/distributed/run.py:982] 
W0913 08:36:10.664000 27345 torch/distributed/run.py:982] *****************************************
W0913 08:36:10.664000 27345 torch/distributed/run.py:982] Setting OMP_NUM_THREADS environment variable for each process to be 1 in default, to avoid your system being overloaded, please further tune the variable for optimal performance in your application as needed. 
W0913 08:36:10.664000 27345 torch/distributed/run.py:982] *****************************************
WARNING:absl:Failed to load jax profiler: No module named 'jax'
WARNING:absl:Failed to load jax profiler: No module named 'jax'
WARNING:absl:Failed to load jax profiler: No module named 'jax'
WARNING:absl:Failed to load jax profiler: No module named 'jax'
[titan] 2026-09-13 08:36:15,667 - root - INFO - torchtitan version: 0.0.0+unknown (0.0.0 means __version__ is not defined correctly).
[titan] 2026-09-13 08:36:15,708 - root - INFO - torchtitan version: 0.0.0+unknown (0.0.0 means __version__ is not defined correctly).
[titan] 2026-09-13 08:36:15,855 - root - INFO - torchtitan version: 0.0.0+unknown (0.0.0 means __version__ is not defined correctly).
[titan] 2026-09-13 08:36:15,890 - root - INFO - torchtitan version: 0.0.0+unknown (0.0.0 means __version__ is not defined correctly).
[titan] 2026-09-13 08:36:16,304 - root - WARNING - initial_load_model_only=True has no effect without an initial_load_path.
[titan] 2026-09-13 08:36:16,357 - root - WARNING - initial_load_model_only=True has no effect without an initial_load_path.
[titan] 2026-09-13 08:36:16,377 - root - WARNING - initial_load_model_only=True has no effect without an initial_load_path.
[titan] 2026-09-13 08:36:16,378 - torchtitan.observability.structured_logger.jsonl_handler - INFO - Structured logging -> JSONL: /workspace/out_c4/c4_w1_pp4vp4c/structured_logs/training.global_rank_0.20260913-083616-G2X7KN.jsonl
[titan] 2026-09-13 08:36:16,431 - root - WARNING - initial_load_model_only=True has no effect without an initial_load_path.
[titan] 2026-09-13 08:36:16,432 - torchtitan.observability.structured_logger.jsonl_handler - INFO - Structured logging -> JSONL: /workspace/out_c4/c4_w1_pp4vp4c/structured_logs/training.global_rank_3.20260913-083616-8C5LOR.jsonl
[titan] 2026-09-13 08:36:16,541 - root - WARNING - initial_load_model_only=True has no effect without an initial_load_path.
[titan] 2026-09-13 08:36:16,614 - root - WARNING - initial_load_model_only=True has no effect without an initial_load_path.
[titan] 2026-09-13 08:36:16,615 - torchtitan.observability.structured_logger.jsonl_handler - INFO - Structured logging -> JSONL: /workspace/out_c4/c4_w1_pp4vp4c/structured_logs/training.global_rank_1.20260913-083616-MITH6C.jsonl
[titan] 2026-09-13 08:36:16,620 - root - WARNING - initial_load_model_only=True has no effect without an initial_load_path.
[titan] 2026-09-13 08:36:16,698 - root - WARNING - initial_load_model_only=True has no effect without an initial_load_path.
[titan] 2026-09-13 08:36:16,698 - root - WARNING - ENV[TORCH_NCCL_ASYNC_ERROR_HANDLING] = 1 will be overridden to 3 based on job config
[titan] 2026-09-13 08:36:16,700 - torchtitan.observability.structured_logger.jsonl_handler - INFO - Structured logging -> JSONL: /workspace/out_c4/c4_w1_pp4vp4c/structured_logs/training.global_rank_2.20260913-083616-B999U7.jsonl
[titan] 2026-09-13 08:36:16,774 - root - WARNING - ENV[TORCH_NCCL_ASYNC_ERROR_HANDLING] = 1 will be overridden to 3 based on job config
[titan] 2026-09-13 08:36:16,939 - root - WARNING - ENV[TORCH_NCCL_ASYNC_ERROR_HANDLING] = 1 will be overridden to 3 based on job config
[titan] 2026-09-13 08:36:17,014 - root - WARNING - ENV[TORCH_NCCL_ASYNC_ERROR_HANDLING] = 1 will be overridden to 3 based on job config
[titan] 2026-09-13 08:36:17,296 - root - INFO - [GC] Initial GC collection took 0.00 seconds
[titan] 2026-09-13 08:36:17,296 - root - INFO - Deterministic algorithm enabled (expect perf degradation).
[titan] 2026-09-13 08:36:17,296 - root - INFO - [GC] Initial GC collection took 0.00 seconds
[titan] 2026-09-13 08:36:17,296 - root - INFO - Deterministic algorithm enabled (expect perf degradation).
[titan] 2026-09-13 08:36:17,303 - root - INFO - [GC] Initial GC collection took 0.00 seconds
[titan] 2026-09-13 08:36:17,303 - root - INFO - Deterministic algorithm enabled (expect perf degradation).
[titan] 2026-09-13 08:36:17,305 - root - INFO - [GC] Initial GC collection took 0.00 seconds
[titan] 2026-09-13 08:36:17,305 - root - INFO - Deterministic algorithm enabled (expect perf degradation).
[titan] 2026-09-13 08:36:17,306 - root - INFO - Building device mesh with parallelism: pp=4, dp_replicate=1, dp_shard=1, cp=1, tp=1, ep=1
[titan] 2026-09-13 08:36:17,307 - root - INFO - Building device mesh with parallelism: pp=4, dp_replicate=1, dp_shard=1, cp=1, tp=1, ep=1
[titan] 2026-09-13 08:36:17,317 - root - INFO - Building device mesh with parallelism: pp=4, dp_replicate=1, dp_shard=1, cp=1, tp=1, ep=1
[titan] 2026-09-13 08:36:17,319 - root - INFO - Building device mesh with parallelism: pp=4, dp_replicate=1, dp_shard=1, cp=1, tp=1, ep=1
[titan] 2026-09-13 08:36:17,927 - root - INFO - Successfully created meshes with active dimensions: ['pp']
[titan] 2026-09-13 08:36:17,927 - root - INFO - Successfully created meshes with active dimensions: ['pp']
[titan] 2026-09-13 08:36:17,927 - root - INFO - Successfully created meshes with active dimensions: ['pp']
[titan] 2026-09-13 08:36:17,927 - root - INFO - Successfully created meshes with active dimensions: ['pp']
[titan] 2026-09-13 08:36:17,934 - root - INFO - Building kimi_k3 debugmodel
[titan] 2026-09-13 08:36:17,934 - root - INFO - Building kimi_k3 debugmodel
[titan] 2026-09-13 08:36:17,935 - root - INFO - Building kimi_k3 debugmodel
[titan] 2026-09-13 08:36:17,937 - root - INFO - Building kimi_k3 debugmodel
[titan] 2026-09-13 08:36:18,083 - root - INFO - CUDA capacity: NVIDIA H100 PCIe with 79.18GiB memory
[titan] 2026-09-13 08:36:18,084 - root - WARNING - Error running lspci: [Errno 2] No such file or directory: 'lspci', fallback to use device_name
[titan] 2026-09-13 08:36:18,088 - root - INFO - CUDA capacity: NVIDIA H100 PCIe with 79.18GiB memory
[titan] 2026-09-13 08:36:18,089 - root - INFO - Total parameter count: 1,119,984,672, active parameters: 535,879,200
[titan] 2026-09-13 08:36:18,089 - root - INFO - [34mModel kimi_k3 debugmodel [31msize: 1,119,984,672 total parameters[39m
[titan] 2026-09-13 08:36:18,089 - root - INFO - CUDA capacity: NVIDIA H100 PCIe with 79.18GiB memory
[titan] 2026-09-13 08:36:18,089 - root - WARNING - Error running lspci: [Errno 2] No such file or directory: 'lspci', fallback to use device_name
[titan] 2026-09-13 08:36:18,090 - root - INFO - CUDA capacity: NVIDIA H100 PCIe with 79.18GiB memory
[titan] 2026-09-13 08:36:18,091 - root - WARNING - Error running lspci: [Errno 2] No such file or directory: 'lspci', fallback to use device_name
[titan] 2026-09-13 08:36:18,091 - root - WARNING - Error running lspci: [Errno 2] No such file or directory: 'lspci', fallback to use device_name
[titan] 2026-09-13 08:36:18,095 - root - INFO - Total parameter count: 1,119,984,672, active parameters: 535,879,200
[titan] 2026-09-13 08:36:18,095 - root - INFO - [34mModel kimi_k3 debugmodel [31msize: 1,119,984,672 total parameters[39m
[titan] 2026-09-13 08:36:18,095 - root - INFO - Total parameter count: 1,119,984,672, active parameters: 535,879,200
[titan] 2026-09-13 08:36:18,096 - root - INFO - [34mModel kimi_k3 debugmodel [31msize: 1,119,984,672 total parameters[39m
[titan] 2026-09-13 08:36:18,096 - root - INFO - Total parameter count: 1,119,984,672, active parameters: 535,879,200
[titan] 2026-09-13 08:36:18,096 - root - INFO - [34mModel kimi_k3 debugmodel [31msize: 1,119,984,672 total parameters[39m
[rank3]:W0913 08:36:18.172000 27415 torch/_logging/_internal.py:1394] Pipeline parallelism is using an eager NCCL communicator. Consider creating its process group with backend="nccl-lazy" so peer communicators are initialized lazily and traffic to different peers can overlap.
[titan] 2026-09-13 08:36:18,173 - root - INFO - PP rank 3 is building stage_idx 3 with modules ['layers.5', 'layers.6']
[rank1]:W0913 08:36:18.178000 27413 torch/_logging/_internal.py:1394] Pipeline parallelism is using an eager NCCL communicator. Consider creating its process group with backend="nccl-lazy" so peer communicators are initialized lazily and traffic to different peers can overlap.
[titan] 2026-09-13 08:36:18,179 - root - INFO - PP rank 1 is building stage_idx 1 with modules ['layers.1', 'layers.2']
[rank2]:W0913 08:36:18.180000 27414 torch/_logging/_internal.py:1394] Pipeline parallelism is using an eager NCCL communicator. Consider creating its process group with backend="nccl-lazy" so peer communicators are initialized lazily and traffic to different peers can overlap.
[titan] 2026-09-13 08:36:18,180 - root - INFO - PP rank 2 is building stage_idx 2 with modules ['layers.3', 'layers.4']
[rank0]:W0913 08:36:18.180000 27412 torch/_logging/_internal.py:1394] Pipeline parallelism is using an eager NCCL communicator. Consider creating its process group with backend="nccl-lazy" so peer communicators are initialized lazily and traffic to different peers can overlap.
[titan] 2026-09-13 08:36:18,181 - root - INFO - PP rank 0 is building stage_idx 0 with modules ['vision_encoder', 'tok_embeddings', 'layers.0']
[titan] 2026-09-13 08:36:18,253 - root - INFO - PP rank 3 is building stage_idx 7 with modules ['layers.13', 'layers.14']
[titan] 2026-09-13 08:36:18,259 - root - INFO - PP rank 1 is building stage_idx 5 with modules ['layers.9', 'layers.10']
[titan] 2026-09-13 08:36:18,262 - root - INFO - PP rank 0 is building stage_idx 4 with modules ['layers.7', 'layers.8']
[titan] 2026-09-13 08:36:18,262 - root - INFO - PP rank 2 is building stage_idx 6 with modules ['layers.11', 'layers.12']
[titan] 2026-09-13 08:36:18,333 - root - INFO - PP rank 3 is building stage_idx 11 with modules ['layers.20']
[titan] 2026-09-13 08:36:18,339 - root - INFO - PP rank 1 is building stage_idx 9 with modules ['layers.17', 'layers.18']
[titan] 2026-09-13 08:36:18,342 - root - INFO - PP rank 2 is building stage_idx 10 with modules ['layers.19']
[titan] 2026-09-13 08:36:18,345 - root - INFO - PP rank 0 is building stage_idx 8 with modules ['layers.15', 'layers.16']
[titan] 2026-09-13 08:36:18,413 - root - INFO - PP rank 3 is building stage_idx 15 with modules ['norm', 'lm_head', 'output_res_proj', 'output_res_norm']
[titan] 2026-09-13 08:36:18,419 - root - INFO - PP rank 1 is building stage_idx 13 with modules ['layers.22']
[titan] 2026-09-13 08:36:18,422 - root - INFO - Applied SelectiveAC activation checkpointing to the model
[titan] 2026-09-13 08:36:18,422 - root - INFO - PP rank 2 is building stage_idx 14 with modules ['layers.23']
[titan] 2026-09-13 08:36:18,425 - root - INFO - PP rank 0 is building stage_idx 12 with modules ['layers.21']
[titan] 2026-09-13 08:36:18,434 - root - INFO - Applied SelectiveAC activation checkpointing to the model
[titan] 2026-09-13 08:36:18,436 - root - INFO - Applied SelectiveAC activation checkpointing to the model
[titan] 2026-09-13 08:36:18,437 - root - INFO - Applied SelectiveAC activation checkpointing to the model
[titan] 2026-09-13 08:36:18,437 - root - INFO - Applied SelectiveAC activation checkpointing to the model
[titan] 2026-09-13 08:36:18,459 - root - INFO - Applied FSDP to the model
[titan] 2026-09-13 08:36:18,462 - root - INFO - Applied SelectiveAC activation checkpointing to the model
[titan] 2026-09-13 08:36:18,469 - root - INFO - Applied FSDP to the model
[titan] 2026-09-13 08:36:18,471 - root - INFO - Applied SelectiveAC activation checkpointing to the model
[titan] 2026-09-13 08:36:18,473 - root - INFO - Applied FSDP to the model
[titan] 2026-09-13 08:36:18,475 - root - INFO - Applied FSDP to the model
[titan] 2026-09-13 08:36:18,475 - root - INFO - Applied SelectiveAC activation checkpointing to the model
[titan] 2026-09-13 08:36:18,476 - root - INFO - Applied SelectiveAC activation checkpointing to the model
[titan] 2026-09-13 08:36:18,477 - root - INFO - Applied FSDP to the model
[titan] 2026-09-13 08:36:18,477 - root - WARNING - Number of microbatches (8) is less than the total number of stages (16) which may result in a bubble in the pipeline.
[titan] 2026-09-13 08:36:18,479 - root - INFO - Using pipeline schedule Interleaved1F1B with 8 microbatches and 16 stages.
[titan] 2026-09-13 08:36:18,479 - root - INFO - Kimi K3 pipeline: 4 stage(s) on this rank [3, 7, 11, 15], block transport delta with rank store
[titan] 2026-09-13 08:36:18,482 - root - INFO - Applied FSDP to the model
[titan] 2026-09-13 08:36:18,484 - root - INFO - Applied FSDP to the model
[titan] 2026-09-13 08:36:18,484 - root - INFO - Applied FSDP to the model
[titan] 2026-09-13 08:36:18,485 - root - INFO - Applied SelectiveAC activation checkpointing to the model
[titan] 2026-09-13 08:36:18,487 - root - INFO - Applied SelectiveAC activation checkpointing to the model
[titan] 2026-09-13 08:36:18,487 - root - INFO - Applied SelectiveAC activation checkpointing to the model
[titan] 2026-09-13 08:36:18,492 - root - INFO - Applied FSDP to the model
[titan] 2026-09-13 08:36:18,494 - root - INFO - Applied SelectiveAC activation checkpointing to the model
[titan] 2026-09-13 08:36:18,494 - root - INFO - Applied FSDP to the model
[titan] 2026-09-13 08:36:18,496 - root - INFO - Applied SelectiveAC activation checkpointing to the model
[titan] 2026-09-13 08:36:18,497 - root - INFO - Applied FSDP to the model
[titan] 2026-09-13 08:36:18,499 - root - INFO - Applied SelectiveAC activation checkpointing to the model
[titan] 2026-09-13 08:36:18,500 - root - INFO - Applied FSDP to the model
[titan] 2026-09-13 08:36:18,500 - root - WARNING - Number of microbatches (8) is less than the total number of stages (16) which may result in a bubble in the pipeline.
[titan] 2026-09-13 08:36:18,502 - root - INFO - Using pipeline schedule Interleaved1F1B with 8 microbatches and 16 stages.
[titan] 2026-09-13 08:36:18,502 - root - INFO - Kimi K3 pipeline: 4 stage(s) on this rank [1, 5, 9, 13], block transport delta with rank store
[titan] 2026-09-13 08:36:18,502 - root - INFO - Applied FSDP to the model
[titan] 2026-09-13 08:36:18,502 - root - WARNING - Number of microbatches (8) is less than the total number of stages (16) which may result in a bubble in the pipeline.
[titan] 2026-09-13 08:36:18,504 - root - INFO - Using pipeline schedule Interleaved1F1B with 8 microbatches and 16 stages.
[titan] 2026-09-13 08:36:18,504 - root - INFO - Kimi K3 pipeline: 4 stage(s) on this rank [2, 6, 10, 14], block transport delta with rank store
[titan] 2026-09-13 08:36:18,511 - root - INFO - Applied FSDP to the model
[titan] 2026-09-13 08:36:18,514 - root - INFO - Applied SelectiveAC activation checkpointing to the model
[titan] 2026-09-13 08:36:18,521 - root - INFO - Applied FSDP to the model
[titan] 2026-09-13 08:36:18,522 - root - INFO - Applied SelectiveAC activation checkpointing to the model
[titan] 2026-09-13 08:36:18,526 - root - INFO - Applied FSDP to the model
[titan] 2026-09-13 08:36:18,526 - root - WARNING - Number of microbatches (8) is less than the total number of stages (16) which may result in a bubble in the pipeline.
[titan] 2026-09-13 08:36:18,528 - root - INFO - Using pipeline schedule Interleaved1F1B with 8 microbatches and 16 stages.
[titan] 2026-09-13 08:36:18,528 - root - INFO - Kimi K3 pipeline: 4 stage(s) on this rank [0, 4, 8, 12], block transport delta with rank store
[rank2]:W0913 08:36:18.628000 27414 torch/distributed/tensor/_random.py:215] DTensor is synchronizing RNG states of every rank with the state from rank 0. This behavior is deprecated. Please call `torch.manual_seed()` on every rank that participates in SPMD DTensor Operations with the same seed. If using Pipeline Parallelism, each pipeline state would use a different seed, but all ranks belonging to one pipeline stage would use the same seed.
[rank3]:W0913 08:36:18.628000 27415 torch/distributed/tensor/_random.py:215] DTensor is synchronizing RNG states of every rank with the state from rank 0. This behavior is deprecated. Please call `torch.manual_seed()` on every rank that participates in SPMD DTensor Operations with the same seed. If using Pipeline Parallelism, each pipeline state would use a different seed, but all ranks belonging to one pipeline stage would use the same seed.
[rank1]:W0913 08:36:18.630000 27413 torch/distributed/tensor/_random.py:215] DTensor is synchronizing RNG states of every rank with the state from rank 0. This behavior is deprecated. Please call `torch.manual_seed()` on every rank that participates in SPMD DTensor Operations with the same seed. If using Pipeline Parallelism, each pipeline state would use a different seed, but all ranks belonging to one pipeline stage would use the same seed.
[titan] 2026-09-13 08:36:18,828 - root - WARNING - [31mPipeline Parallel loss is not visible. Please add [33mrank 3[31m to LOG_RANK environment variable in run_train.sh.[39m
[titan] 2026-09-13 08:36:18,829 - root - WARNING - [31mPipeline Parallel loss is not visible. Please add [33mrank 3[31m to LOG_RANK environment variable in run_train.sh.[39m
[titan] 2026-09-13 08:36:18,829 - root - WARNING - Error running lspci: [Errno 2] No such file or directory: 'lspci', fallback to use device_name
[titan] 2026-09-13 08:36:18,829 - root - INFO - Peak FLOPS used for computing MFU: 7.560e+14
[titan] 2026-09-13 08:36:18,829 - root - INFO - CUDA memory usage for model: 0.48GiB(0.60%)
[titan] 2026-09-13 08:36:18,830 - root - INFO - Optimizer AdamW (model_part=0): 60 params [.*] {'fused': True, 'foreach': False, 'lr': 0.0008, 'betas': (0.9, 0.95), 'eps': 1e-08, 'weight_decay': 0.1}
[titan] 2026-09-13 08:36:18,830 - root - WARNING - Error running lspci: [Errno 2] No such file or directory: 'lspci', fallback to use device_name
[titan] 2026-09-13 08:36:18,830 - root - INFO - Peak FLOPS used for computing MFU: 7.560e+14
[titan] 2026-09-13 08:36:18,830 - root - INFO - CUDA memory usage for model: 2.37GiB(2.99%)
[titan] 2026-09-13 08:36:18,830 - root - INFO - Optimizer AdamW (model_part=1): 60 params [.*] {'fused': True, 'foreach': False, 'lr': 0.0008, 'betas': (0.9, 0.95), 'eps': 1e-08, 'weight_decay': 0.1}
[titan] 2026-09-13 08:36:18,831 - root - INFO - Optimizer AdamW (model_part=2): 60 params [.*] {'fused': True, 'foreach': False, 'lr': 0.0008, 'betas': (0.9, 0.95), 'eps': 1e-08, 'weight_decay': 0.1}
[titan] 2026-09-13 08:36:18,831 - root - INFO - Optimizer AdamW (model_part=3): 30 params [.*] {'fused': True, 'foreach': False, 'lr': 0.0008, 'betas': (0.9, 0.95), 'eps': 1e-08, 'weight_decay': 0.1}
[titan] 2026-09-13 08:36:18,831 - root - INFO - Optimizer AdamW (model_part=0): 60 params [.*] {'fused': True, 'foreach': False, 'lr': 0.0008, 'betas': (0.9, 0.95), 'eps': 1e-08, 'weight_decay': 0.1}
[titan] 2026-09-13 08:36:18,831 - root - INFO - Optimizer AdamW (model_part=1): 60 params [.*] {'fused': True, 'foreach': False, 'lr': 0.0008, 'betas': (0.9, 0.95), 'eps': 1e-08, 'weight_decay': 0.1}
[titan] 2026-09-13 08:36:18,831 - root - INFO - Optimizer AdamW (model_part=2): 30 params [.*] {'fused': True, 'foreach': False, 'lr': 0.0008, 'betas': (0.9, 0.95), 'eps': 1e-08, 'weight_decay': 0.1}
[titan] 2026-09-13 08:36:18,832 - root - INFO - Optimizer AdamW (model_part=3): 4 params [.*] {'fused': True, 'foreach': False, 'lr': 0.0008, 'betas': (0.9, 0.95), 'eps': 1e-08, 'weight_decay': 0.1}
[titan] 2026-09-13 08:36:18,832 - root - INFO - Loading tokenizer from tokenizer.json
[titan] 2026-09-13 08:36:18,832 - root - INFO - Loading tokenizer from tokenizer.json
[titan] 2026-09-13 08:36:18,835 - root - WARNING - [31mPipeline Parallel loss is not visible. Please add [33mrank 3[31m to LOG_RANK environment variable in run_train.sh.[39m
[titan] 2026-09-13 08:36:18,837 - root - WARNING - Error running lspci: [Errno 2] No such file or directory: 'lspci', fallback to use device_name
[titan] 2026-09-13 08:36:18,837 - root - INFO - Peak FLOPS used for computing MFU: 7.560e+14
[titan] 2026-09-13 08:36:18,837 - root - INFO - CUDA memory usage for model: 0.37GiB(0.46%)
[titan] 2026-09-13 08:36:18,837 - root - INFO - Optimizer AdamW (model_part=0): 54 params [.*] {'fused': True, 'foreach': False, 'lr': 0.0008, 'betas': (0.9, 0.95), 'eps': 1e-08, 'weight_decay': 0.1}
[titan] 2026-09-13 08:36:18,838 - root - INFO - Optimizer AdamW (model_part=1): 54 params [.*] {'fused': True, 'foreach': False, 'lr': 0.0008, 'betas': (0.9, 0.95), 'eps': 1e-08, 'weight_decay': 0.1}
[titan] 2026-09-13 08:36:18,838 - root - INFO - Optimizer AdamW (model_part=2): 24 params [.*] {'fused': True, 'foreach': False, 'lr': 0.0008, 'betas': (0.9, 0.95), 'eps': 1e-08, 'weight_decay': 0.1}
[titan] 2026-09-13 08:36:18,838 - root - INFO - Optimizer AdamW (model_part=3): 24 params [.*] {'fused': True, 'foreach': False, 'lr': 0.0008, 'betas': (0.9, 0.95), 'eps': 1e-08, 'weight_decay': 0.1}
[titan] 2026-09-13 08:36:18,839 - root - INFO - Loading tokenizer from tokenizer.json
[titan] 2026-09-13 08:36:18,952 - root - WARNING - [31mPipeline Parallel loss is not visible. Please add [33mrank 3[31m to LOG_RANK environment variable in run_train.sh.[39m
[titan] 2026-09-13 08:36:18,954 - root - WARNING - Error running lspci: [Errno 2] No such file or directory: 'lspci', fallback to use device_name
[titan] 2026-09-13 08:36:18,954 - root - INFO - Peak FLOPS used for computing MFU: 7.560e+14
[titan] 2026-09-13 08:36:18,954 - root - INFO - CUDA memory usage for model: 0.74GiB(0.94%)
[titan] 2026-09-13 08:36:18,955 - root - INFO - Optimizer AdamW (model_part=0): 92 params [.*] {'fused': True, 'foreach': False, 'lr': 0.0008, 'betas': (0.9, 0.95), 'eps': 1e-08, 'weight_decay': 0.1}
[titan] 2026-09-13 08:36:18,955 - root - INFO - Optimizer AdamW (model_part=1): 54 params [.*] {'fused': True, 'foreach': False, 'lr': 0.0008, 'betas': (0.9, 0.95), 'eps': 1e-08, 'weight_decay': 0.1}
[titan] 2026-09-13 08:36:18,956 - root - INFO - Optimizer AdamW (model_part=2): 54 params [.*] {'fused': True, 'foreach': False, 'lr': 0.0008, 'betas': (0.9, 0.95), 'eps': 1e-08, 'weight_decay': 0.1}
[titan] 2026-09-13 08:36:18,956 - root - INFO - Optimizer AdamW (model_part=3): 30 params [.*] {'fused': True, 'foreach': False, 'lr': 0.0008, 'betas': (0.9, 0.95), 'eps': 1e-08, 'weight_decay': 0.1}
[titan] 2026-09-13 08:36:18,957 - root - INFO - Loading tokenizer from tokenizer.json
[titan] 2026-09-13 08:36:19,136 - httpx - INFO - HTTP Request: HEAD https://s3.amazonaws.com/datasets.huggingface.co/datasets/datasets/json/json.py "HTTP/1.1 200 OK"
[titan] 2026-09-13 08:36:19,138 - httpx - INFO - HTTP Request: HEAD https://s3.amazonaws.com/datasets.huggingface.co/datasets/datasets/json/json.py "HTTP/1.1 200 OK"
[titan] 2026-09-13 08:36:19,150 - httpx - INFO - HTTP Request: HEAD https://s3.amazonaws.com/datasets.huggingface.co/datasets/datasets/json/json.py "HTTP/1.1 200 OK"
[titan] 2026-09-13 08:36:19,200 - root - WARNING - model.safetensors.index.json not found at hf_assets_path: ./tests/assets/tokenizer/model.safetensors.index.json.                     Defaulting to saving a single safetensors file if checkpoint is saved in HF format
[titan] 2026-09-13 08:36:19,200 - root - WARNING - initial_load_model_only=True has no effect without an initial_load_path.
[titan] 2026-09-13 08:36:19,203 - root - INFO - Checkpointing active. Checkpoints will be loaded from and saved to /workspace/out_c4/c4_w1_pp4vp4c/checkpoint
[titan] 2026-09-13 08:36:19,203 - root - INFO - Trainer is initialized with 2048 tokens per DP rank, 2048 tokens per train step, gradient accumulation steps 1, maximum context length 2048, total steps 100 (warmup 2)
[titan] 2026-09-13 08:36:19,203 - root - INFO - Loading the checkpoint from /workspace/out_c4/c4_w1_pp4vp4c/checkpoint/step-0.
[titan] 2026-09-13 08:36:19,210 - root - WARNING - model.safetensors.index.json not found at hf_assets_path: ./tests/assets/tokenizer/model.safetensors.index.json.                     Defaulting to saving a single safetensors file if checkpoint is saved in HF format
[titan] 2026-09-13 08:36:19,210 - root - WARNING - initial_load_model_only=True has no effect without an initial_load_path.
[titan] 2026-09-13 08:36:19,213 - root - INFO - Checkpointing active. Checkpoints will be loaded from and saved to /workspace/out_c4/c4_w1_pp4vp4c/checkpoint
[titan] 2026-09-13 08:36:19,213 - root - INFO - Trainer is initialized with 2048 tokens per DP rank, 2048 tokens per train step, gradient accumulation steps 1, maximum context length 2048, total steps 100 (warmup 2)
[titan] 2026-09-13 08:36:19,214 - root - INFO - Loading the checkpoint from /workspace/out_c4/c4_w1_pp4vp4c/checkpoint/step-0.
[titan] 2026-09-13 08:36:19,222 - root - WARNING - model.safetensors.index.json not found at hf_assets_path: ./tests/assets/tokenizer/model.safetensors.index.json.                     Defaulting to saving a single safetensors file if checkpoint is saved in HF format
[titan] 2026-09-13 08:36:19,222 - root - WARNING - initial_load_model_only=True has no effect without an initial_load_path.
[titan] 2026-09-13 08:36:19,224 - root - INFO - Checkpointing active. Checkpoints will be loaded from and saved to /workspace/out_c4/c4_w1_pp4vp4c/checkpoint
[titan] 2026-09-13 08:36:19,225 - root - INFO - Trainer is initialized with 2048 tokens per DP rank, 2048 tokens per train step, gradient accumulation steps 1, maximum context length 2048, total steps 100 (warmup 2)
[titan] 2026-09-13 08:36:19,225 - root - INFO - Loading the checkpoint from /workspace/out_c4/c4_w1_pp4vp4c/checkpoint/step-0.
[titan] 2026-09-13 08:36:19,269 - httpx - INFO - HTTP Request: HEAD https://s3.amazonaws.com/datasets.huggingface.co/datasets/datasets/json/json.py "HTTP/1.1 200 OK"
[titan] 2026-09-13 08:36:19,338 - root - WARNING - model.safetensors.index.json not found at hf_assets_path: ./tests/assets/tokenizer/model.safetensors.index.json.                     Defaulting to saving a single safetensors file if checkpoint is saved in HF format
[titan] 2026-09-13 08:36:19,338 - root - WARNING - initial_load_model_only=True has no effect without an initial_load_path.
[titan] 2026-09-13 08:36:19,342 - root - INFO - Checkpointing active. Checkpoints will be loaded from and saved to /workspace/out_c4/c4_w1_pp4vp4c/checkpoint
[titan] 2026-09-13 08:36:19,342 - root - INFO - Trainer is initialized with 2048 tokens per DP rank, 2048 tokens per train step, gradient accumulation steps 1, maximum context length 2048, total steps 100 (warmup 2)
[titan] 2026-09-13 08:36:19,343 - root - INFO - Loading the checkpoint from /workspace/out_c4/c4_w1_pp4vp4c/checkpoint/step-0.
[titan] 2026-09-13 08:36:20,229 - root - INFO - [GC] GC collection for checkpoint loading. took 0.01 seconds
[titan] 2026-09-13 08:36:20,229 - root - INFO - Finished loading the checkpoint in 1.01 seconds.
[titan] 2026-09-13 08:36:20,229 - root - INFO - Training starts at step 1
[titan] 2026-09-13 08:36:20,229 - root - INFO - [GC] GC collection for checkpoint loading. took 0.02 seconds
[titan] 2026-09-13 08:36:20,229 - root - INFO - Finished loading the checkpoint in 1.03 seconds.
[titan] 2026-09-13 08:36:20,229 - root - INFO - Training starts at step 1
[titan] 2026-09-13 08:36:20,234 - root - INFO - [GC] GC collection for checkpoint loading. took 0.02 seconds
[titan] 2026-09-13 08:36:20,234 - root - INFO - Finished loading the checkpoint in 1.01 seconds.
[titan] 2026-09-13 08:36:20,234 - root - INFO - Training starts at step 1
[titan] 2026-09-13 08:36:20,247 - root - INFO - [GC] GC collection for checkpoint loading. took 0.02 seconds
[titan] 2026-09-13 08:36:20,247 - root - INFO - Finished loading the checkpoint in 0.90 seconds.
[titan] 2026-09-13 08:36:20,247 - root - INFO - Training starts at step 1
/workspace/venv_pp/lib/python3.12/site-packages/torch/distributed/fsdp/_fully_shard/_fsdp_state.py:336: UserWarning: FSDP2-wrapped module (FSDPCheckpointWrapper) returned a view tensor. An in-place op on this view (e.g., `x += y`) will silently drop the pre-backward hook and skip the all-gather, which can cause backward to fail or produce wrong gradients. Use out-of-place ops (`out = out + y`, not `out += y`) or `.clone()` the output before any in-place op.
  output = self._register_pre_backward_hook(output)
/workspace/venv_pp/lib/python3.12/site-packages/torch/distributed/fsdp/_fully_shard/_fsdp_state.py:336: UserWarning: FSDP2-wrapped module (FSDPKimiK3Model) returned a view tensor. An in-place op on this view (e.g., `x += y`) will silently drop the pre-backward hook and skip the all-gather, which can cause backward to fail or produce wrong gradients. Use out-of-place ops (`out = out + y`, not `out += y`) or `.clone()` the output before any in-place op.
  output = self._register_pre_backward_hook(output)
/workspace/venv_pp/lib/python3.12/site-packages/torch/distributed/fsdp/_fully_shard/_fsdp_state.py:336: UserWarning: FSDP2-wrapped module (FSDPCheckpointWrapper) returned a view tensor. An in-place op on this view (e.g., `x += y`) will silently drop the pre-backward hook and skip the all-gather, which can cause backward to fail or produce wrong gradients. Use out-of-place ops (`out = out + y`, not `out += y`) or `.clone()` the output before any in-place op.
  output = self._register_pre_backward_hook(output)
/workspace/venv_pp/lib/python3.12/site-packages/torch/distributed/fsdp/_fully_shard/_fsdp_state.py:336: UserWarning: FSDP2-wrapped module (FSDPKimiK3Model) returned a view tensor. An in-place op on this view (e.g., `x += y`) will silently drop the pre-backward hook and skip the all-gather, which can cause backward to fail or produce wrong gradients. Use out-of-place ops (`out = out + y`, not `out += y`) or `.clone()` the output before any in-place op.
  output = self._register_pre_backward_hook(output)
/workspace/venv_pp/lib/python3.12/site-packages/torch/distributed/fsdp/_fully_shard/_fsdp_state.py:336: UserWarning: FSDP2-wrapped module (FSDPCheckpointWrapper) returned a view tensor. An in-place op on this view (e.g., `x += y`) will silently drop the pre-backward hook and skip the all-gather, which can cause backward to fail or produce wrong gradients. Use out-of-place ops (`out = out + y`, not `out += y`) or `.clone()` the output before any in-place op.
  output = self._register_pre_backward_hook(output)
/workspace/venv_pp/lib/python3.12/site-packages/torch/distributed/fsdp/_fully_shard/_fsdp_state.py:336: UserWarning: FSDP2-wrapped module (FSDPKimiK3Model) returned a view tensor. An in-place op on this view (e.g., `x += y`) will silently drop the pre-backward hook and skip the all-gather, which can cause backward to fail or produce wrong gradients. Use out-of-place ops (`out = out + y`, not `out += y`) or `.clone()` the output before any in-place op.
  output = self._register_pre_backward_hook(output)
/workspace/venv_pp/lib/python3.12/site-packages/torch/distributed/fsdp/_fully_shard/_fsdp_state.py:336: UserWarning: FSDP2-wrapped module (FSDPCheckpointWrapper) returned a view tensor. An in-place op on this view (e.g., `x += y`) will silently drop the pre-backward hook and skip the all-gather, which can cause backward to fail or produce wrong gradients. Use out-of-place ops (`out = out + y`, not `out += y`) or `.clone()` the output before any in-place op.
  output = self._register_pre_backward_hook(output)
/workspace/venv_pp/lib/python3.12/site-packages/torch/distributed/fsdp/_fully_shard/_fsdp_state.py:336: UserWarning: FSDP2-wrapped module (FSDPKimiK3Model) returned a view tensor. An in-place op on this view (e.g., `x += y`) will silently drop the pre-backward hook and skip the all-gather, which can cause backward to fail or produce wrong gradients. Use out-of-place ops (`out = out + y`, not `out += y`) or `.clone()` the output before any in-place op.
  output = self._register_pre_backward_hook(output)
[titan] 2026-09-13 08:36:52,492 - root - INFO - [31mstep:  1  [32mloss: -1.00000  [38;2;180;60;0mgrad_norm: 14.5625  [38;2;54;234;195mmemory:  3.12GiB(3.93%)  [34mtps: 15  [36mtflops: 0.05  [35mmfu: 0.01%[39m
[titan] 2026-09-13 08:36:52,493 - root - INFO - Synchronizing and adjusting timeout for all ProcessGroups to 0:01:40
[titan] 2026-09-13 08:36:52,507 - root - INFO - [31mstep:  1  [32mloss: 12.57826  [38;2;180;60;0mgrad_norm: 14.5625  [38;2;54;234;195mmemory:  7.99GiB(10.10%)  [34mtps: 15  [36mtflops: 0.05  [35mmfu: 0.01%[39m
[titan] 2026-09-13 08:36:52,507 - root - INFO - Synchronizing and adjusting timeout for all ProcessGroups to 0:01:40
[titan] 2026-09-13 08:36:52,530 - root - INFO - [31mstep:  1  [32mloss: -1.00000  [38;2;180;60;0mgrad_norm: 14.5625  [38;2;54;234;195mmemory:  6.21GiB(7.84%)  [34mtps: 15  [36mtflops: 0.05  [35mmfu: 0.01%[39m
[titan] 2026-09-13 08:36:52,530 - root - INFO - Synchronizing and adjusting timeout for all ProcessGroups to 0:01:40
[titan] 2026-09-13 08:36:52,539 - root - INFO - [31mstep:  1  [32mloss: -1.00000  [38;2;180;60;0mgrad_norm: 14.5625  [38;2;54;234;195mmemory:  3.41GiB(4.31%)  [34mtps: 15  [36mtflops: 0.05  [35mmfu: 0.01%[39m
[titan] 2026-09-13 08:36:52,540 - root - INFO - Synchronizing and adjusting timeout for all ProcessGroups to 0:01:40
[titan] 2026-09-13 08:36:53,849 - root - INFO - [31mstep:  2  [32mloss: -1.00000  [38;2;180;60;0mgrad_norm: 14.4375  [38;2;54;234;195mmemory:  3.77GiB(4.76%)  [34mtps: 378  [36mtflops: 1.32  [35mmfu: 0.17%[39m
[titan] 2026-09-13 08:36:53,850 - root - INFO - [31mstep:  2  [32mloss: 10.02062  [38;2;180;60;0mgrad_norm: 14.4375  [38;2;54;234;195mmemory:  8.65GiB(10.92%)  [34mtps: 381  [36mtflops: 1.33  [35mmfu: 0.18%[39m
[titan] 2026-09-13 08:36:53,850 - root - INFO - [31mstep:  2  [32mloss: -1.00000  [38;2;180;60;0mgrad_norm: 14.4375  [38;2;54;234;195mmemory:  6.87GiB(8.68%)  [34mtps: 388  [36mtflops: 1.35  [35mmfu: 0.18%[39m
[titan] 2026-09-13 08:36:53,851 - root - INFO - [31mstep:  2  [32mloss: -1.00000  [38;2;180;60;0mgrad_norm: 14.4375  [38;2;54;234;195mmemory:  4.27GiB(5.39%)  [34mtps: 390  [36mtflops: 1.36  [35mmfu: 0.18%[39m
[titan] 2026-09-13 08:36:55,139 - root - INFO - [31mstep:  3  [32mloss: -1.00000  [38;2;180;60;0mgrad_norm: 13.8125  [38;2;54;234;195mmemory:  3.77GiB(4.76%)  [34mtps: 397  [36mtflops: 1.38  [35mmfu: 0.18%[39m
[titan] 2026-09-13 08:36:55,140 - root - INFO - [31mstep:  3  [32mloss:  7.47926  [38;2;180;60;0mgrad_norm: 13.8125  [38;2;54;234;195mmemory:  8.65GiB(10.92%)  [34mtps: 397  [36mtflops: 1.38  [35mmfu: 0.18%[39m
[titan] 2026-09-13 08:36:55,141 - root - INFO - [31mstep:  3  [32mloss: -1.00000  [38;2;180;60;0mgrad_norm: 13.8125  [38;2;54;234;195mmemory:  6.87GiB(8.68%)  [34mtps: 397  [36mtflops: 1.38  [35mmfu: 0.18%[39m
[titan] 2026-09-13 08:36:55,142 - root - INFO - [31mstep:  3  [32mloss: -1.00000  [38;2;180;60;0mgrad_norm: 13.8125  [38;2;54;234;195mmemory:  4.27GiB(5.39%)  [34mtps: 397  [36mtflops: 1.38  [35mmfu: 0.18%[39m
[titan] 2026-09-13 08:36:56,438 - root - INFO - [31mstep:  4  [32mloss: -1.00000  [38;2;180;60;0mgrad_norm:  7.2188  [38;2;54;234;195mmemory:  3.77GiB(4.76%)  [34mtps: 394  [36mtflops: 1.38  [35mmfu: 0.18%[39m
[titan] 2026-09-13 08:36:56,439 - root - INFO - [31mstep:  4  [32mloss:  6.89444  [38;2;180;60;0mgrad_norm:  7.2188  [38;2;54;234;195mmemory:  8.65GiB(10.92%)  [34mtps: 394  [36mtflops: 1.38  [35mmfu: 0.18%[39m
[titan] 2026-09-13 08:36:56,439 - root - INFO - [31mstep:  4  [32mloss: -1.00000  [38;2;180;60;0mgrad_norm:  7.2188  [38;2;54;234;195mmemory:  6.87GiB(8.68%)  [34mtps: 394  [36mtflops: 1.38  [35mmfu: 0.18%[39m
[titan] 2026-09-13 08:36:56,440 - root - INFO - [31mstep:  4  [32mloss: -1.00000  [38;2;180;60;0mgrad_norm:  7.2188  [38;2;54;234;195mmemory:  4.27GiB(5.39%)  [34mtps: 394  [36mtflops: 1.38  [35mmfu: 0.18%[39m
[titan] 2026-09-13 08:36:57,725 - root - INFO - [31mstep:  5  [32mloss: -1.00000  [38;2;180;60;0mgrad_norm:  9.5625  [38;2;54;234;195mmemory:  3.77GiB(4.76%)  [34mtps: 398  [36mtflops: 1.39  [35mmfu: 0.18%[39m
[titan] 2026-09-13 08:36:57,726 - root - INFO - [31mstep:  5  [32mloss:  5.62806  [38;2;180;60;0mgrad_norm:  9.5625  [38;2;54;234;195mmemory:  8.65GiB(10.92%)  [34mtps: 398  [36mtflops: 1.39  [35mmfu: 0.18%[39m
[titan] 2026-09-13 08:36:57,726 - root - INFO - [31mstep:  5  [32mloss: -1.00000  [38;2;180;60;0mgrad_norm:  9.5625  [38;2;54;234;195mmemory:  6.87GiB(8.68%)  [34mtps: 398  [36mtflops: 1.39  [35mmfu: 0.18%[39m
[titan] 2026-09-13 08:36:57,727 - root - INFO - [31mstep:  5  [32mloss: -1.00000  [38;2;180;60;0mgrad_norm:  9.5625  [38;2;54;234;195mmemory:  4.27GiB(5.39%)  [34mtps: 398  [36mtflops: 1.39  [35mmfu: 0.18%[39m
[titan] 2026-09-13 08:36:59,014 - root - INFO - [31mstep:  6  [32mloss: -1.00000  [38;2;180;60;0mgrad_norm:  5.2188  [38;2;54;234;195mmemory:  3.77GiB(4.76%)  [34mtps: 397  [36mtflops: 1.39  [35mmfu: 0.18%[39m
[titan] 2026-09-13 08:36:59,015 - root - INFO - [31mstep:  6  [32mloss:  5.07266  [38;2;180;60;0mgrad_norm:  5.2188  [38;2;54;234;195mmemory:  8.65GiB(10.92%)  [34mtps: 397  [36mtflops: 1.39  [35mmfu: 0.18%[39m
[titan] 2026-09-13 08:36:59,015 - root - INFO - [31mstep:  6  [32mloss: -1.00000  [38;2;180;60;0mgrad_norm:  5.2188  [38;2;54;234;195mmemory:  6.87GiB(8.68%)  [34mtps: 397  [36mtflops: 1.39  [35mmfu: 0.18%[39m
[titan] 2026-09-13 08:36:59,016 - root - INFO - [31mstep:  6  [32mloss: -1.00000  [38;2;180;60;0mgrad_norm:  5.2188  [38;2;54;234;195mmemory:  4.27GiB(5.39%)  [34mtps: 397  [36mtflops: 1.39  [35mmfu: 0.18%[39m
[titan] 2026-09-13 08:37:00,299 - root - INFO - [31mstep:  7  [32mloss: -1.00000  [38;2;180;60;0mgrad_norm:  5.4688  [38;2;54;234;195mmemory:  3.77GiB(4.76%)  [34mtps: 398  [36mtflops: 1.39  [35mmfu: 0.18%[39m
[titan] 2026-09-13 08:37:00,300 - root - INFO - [31mstep:  7  [32mloss:  4.43203  [38;2;180;60;0mgrad_norm:  5.4688  [38;2;54;234;195mmemory:  8.65GiB(10.92%)  [34mtps: 398  [36mtflops: 1.39  [35mmfu: 0.18%[39m
[titan] 2026-09-13 08:37:00,301 - root - INFO - [31mstep:  7  [32mloss: -1.00000  [38;2;180;60;0mgrad_norm:  5.4688  [38;2;54;234;195mmemory:  6.87GiB(8.68%)  [34mtps: 398  [36mtflops: 1.39  [35mmfu: 0.18%[39m
[titan] 2026-09-13 08:37:00,301 - root - INFO - [31mstep:  7  [32mloss: -1.00000  [38;2;180;60;0mgrad_norm:  5.4688  [38;2;54;234;195mmemory:  4.27GiB(5.39%)  [34mtps: 398  [36mtflops: 1.39  [35mmfu: 0.18%[39m
[titan] 2026-09-13 08:37:01,591 - root - INFO - [31mstep:  8  [32mloss: -1.00000  [38;2;180;60;0mgrad_norm:  5.1250  [38;2;54;234;195mmemory:  3.77GiB(4.76%)  [34mtps: 396  [36mtflops: 1.38  [35mmfu: 0.18%[39m
[titan] 2026-09-13 08:37:01,593 - root - INFO - [31mstep:  8  [32mloss:  3.80848  [38;2;180;60;0mgrad_norm:  5.1250  [38;2;54;234;195mmemory:  8.65GiB(10.92%)  [34mtps: 396  [36mtflops: 1.38  [35mmfu: 0.18%[39m
[titan] 2026-09-13 08:37:01,593 - root - INFO - [31mstep:  8  [32mloss: -1.00000  [38;2;180;60;0mgrad_norm:  5.1250  [38;2;54;234;195mmemory:  6.87GiB(8.68%)  [34mtps: 396  [36mtflops: 1.38  [35mmfu: 0.18%[39m
[titan] 2026-09-13 08:37:01,593 - root - INFO - [31mstep:  8  [32mloss: -1.00000  [38;2;180;60;0mgrad_norm:  5.1250  [38;2;54;234;195mmemory:  4.27GiB(5.39%)  [34mtps: 396  [36mtflops: 1.38  [35mmfu: 0.18%[39m
[titan] 2026-09-13 08:37:02,891 - root - INFO - [31mstep:  9  [32mloss: -1.00000  [38;2;180;60;0mgrad_norm:  4.3125  [38;2;54;234;195mmemory:  3.77GiB(4.76%)  [34mtps: 394  [36mtflops: 1.37  [35mmfu: 0.18%[39m
[titan] 2026-09-13 08:37:02,893 - root - INFO - [31mstep:  9  [32mloss:  3.54310  [38;2;180;60;0mgrad_norm:  4.3125  [38;2;54;234;195mmemory:  8.65GiB(10.92%)  [34mtps: 394  [36mtflops: 1.37  [35mmfu: 0.18%[39m
[titan] 2026-09-13 08:37:02,893 - root - INFO - [31mstep:  9  [32mloss: -1.00000  [38;2;180;60;0mgrad_norm:  4.3125  [38;2;54;234;195mmemory:  6.87GiB(8.68%)  [34mtps: 394  [36mtflops: 1.37  [35mmfu: 0.18%[39m
[titan] 2026-09-13 08:37:02,894 - root - INFO - [31mstep:  9  [32mloss: -1.00000  [38;2;180;60;0mgrad_norm:  4.3125  [38;2;54;234;195mmemory:  4.27GiB(5.39%)  [34mtps: 394  [36mtflops: 1.37  [35mmfu: 0.18%[39m
[titan] 2026-09-13 08:37:04,193 - root - INFO - [31mstep: 10  [32mloss: -1.00000  [38;2;180;60;0mgrad_norm:  3.9375  [38;2;54;234;195mmemory:  3.77GiB(4.76%)  [34mtps: 393  [36mtflops: 1.37  [35mmfu: 0.18%[39m
[titan] 2026-09-13 08:37:04,194 - root - INFO - [31mstep: 10  [32mloss:  3.13173  [38;2;180;60;0mgrad_norm:  3.9375  [38;2;54;234;195mmemory:  8.65GiB(10.92%)  [34mtps: 393  [36mtflops: 1.37  [35mmfu: 0.18%[39m
[titan] 2026-09-13 08:37:04,194 - root - INFO - [31mstep: 10  [32mloss: -1.00000  [38;2;180;60;0mgrad_norm:  3.9375  [38;2;54;234;195mmemory:  6.87GiB(8.68%)  [34mtps: 393  [36mtflops: 1.37  [35mmfu: 0.18%[39m
[titan] 2026-09-13 08:37:04,195 - root - INFO - [31mstep: 10  [32mloss: -1.00000  [38;2;180;60;0mgrad_norm:  3.9375  [38;2;54;234;195mmemory:  4.27GiB(5.39%)  [34mtps: 393  [36mtflops: 1.37  [35mmfu: 0.18%[39m
[titan] 2026-09-13 08:37:05,489 - root - INFO - [31mstep: 11  [32mloss: -1.00000  [38;2;180;60;0mgrad_norm:  2.4375  [38;2;54;234;195mmemory:  3.77GiB(4.76%)  [34mtps: 395  [36mtflops: 1.38  [35mmfu: 0.18%[39m
[titan] 2026-09-13 08:37:05,491 - root - INFO - [31mstep: 11  [32mloss:  3.20741  [38;2;180;60;0mgrad_norm:  2.4375  [38;2;54;234;195mmemory:  8.65GiB(10.92%)  [34mtps: 395  [36mtflops: 1.38  [35mmfu: 0.18%[39m
[titan] 2026-09-13 08:37:05,491 - root - INFO - [31mstep: 11  [32mloss: -1.00000  [38;2;180;60;0mgrad_norm:  2.4375  [38;2;54;234;195mmemory:  6.87GiB(8.68%)  [34mtps: 395  [36mtflops: 1.38  [35mmfu: 0.18%[39m
[titan] 2026-09-13 08:37:05,492 - root - INFO - [31mstep: 11  [32mloss: -1.00000  [38;2;180;60;0mgrad_norm:  2.4375  [38;2;54;234;195mmemory:  4.27GiB(5.39%)  [34mtps: 395  [36mtflops: 1.38  [35mmfu: 0.18%[39m
[titan] 2026-09-13 08:37:06,783 - root - INFO - [31mstep: 12  [32mloss: -1.00000  [38;2;180;60;0mgrad_norm:  2.0781  [38;2;54;234;195mmemory:  3.77GiB(4.76%)  [34mtps: 396  [36mtflops: 1.38  [35mmfu: 0.18%[39m
[titan] 2026-09-13 08:37:06,785 - root - INFO - [31mstep: 12  [32mloss: -1.00000  [38;2;180;60;0mgrad_norm:  2.0781  [38;2;54;234;195mmemory:  6.87GiB(8.68%)  [34mtps: 396  [36mtflops: 1.38  [35mmfu: 0.18%[39m
[titan] 2026-09-13 08:37:06,785 - root - INFO - [31mstep: 12  [32mloss:  2.97445  [38;2;180;60;0mgrad_norm:  2.0781  [38;2;54;234;195mmemory:  8.65GiB(10.92%)  [34mtps: 396  [36mtflops: 1.38  [35mmfu: 0.18%[39m
[titan] 2026-09-13 08:37:06,786 - root - INFO - [31mstep: 12  [32mloss: -1.00000  [38;2;180;60;0mgrad_norm:  2.0781  [38;2;54;234;195mmemory:  4.27GiB(5.39%)  [34mtps: 396  [36mtflops: 1.38  [35mmfu: 0.18%[39m
[titan] 2026-09-13 08:37:08,073 - root - INFO - [31mstep: 13  [32mloss: -1.00000  [38;2;180;60;0mgrad_norm:  2.3750  [38;2;54;234;195mmemory:  3.77GiB(4.76%)  [34mtps: 397  [36mtflops: 1.39  [35mmfu: 0.18%[39m
[titan] 2026-09-13 08:37:08,074 - root - INFO - [31mstep: 13  [32mloss:  3.12091  [38;2;180;60;0mgrad_norm:  2.3750  [38;2;54;234;195mmemory:  8.65GiB(10.92%)  [34mtps: 397  [36mtflops: 1.39  [35mmfu: 0.18%[39m
[titan] 2026-09-13 08:37:08,075 - root - INFO - [31mstep: 13  [32mloss: -1.00000  [38;2;180;60;0mgrad_norm:  2.3750  [38;2;54;234;195mmemory:  6.87GiB(8.68%)  [34mtps: 397  [36mtflops: 1.39  [35mmfu: 0.18%[39m
[titan] 2026-09-13 08:37:08,075 - root - INFO - [31mstep: 13  [32mloss: -1.00000  [38;2;180;60;0mgrad_norm:  2.3750  [38;2;54;234;195mmemory:  4.27GiB(5.39%)  [34mtps: 397  [36mtflops: 1.39  [35mmfu: 0.18%[39m
[titan] 2026-09-13 08:37:09,371 - root - INFO - [31mstep: 14  [32mloss: -1.00000  [38;2;180;60;0mgrad_norm:  2.4688  [38;2;54;234;195mmemory:  3.77GiB(4.76%)  [34mtps: 395  [36mtflops: 1.38  [35mmfu: 0.18%[39m
[titan] 2026-09-13 08:37:09,372 - root - INFO - [31mstep: 14  [32mloss:  3.05316  [38;2;180;60;0mgrad_norm:  2.4688  [38;2;54;234;195mmemory:  8.65GiB(10.92%)  [34mtps: 395  [36mtflops: 1.38  [35mmfu: 0.18%[39m
[titan] 2026-09-13 08:37:09,372 - root - INFO - [31mstep: 14  [32mloss: -1.00000  [38;2;180;60;0mgrad_norm:  2.4688  [38;2;54;234;195mmemory:  6.87GiB(8.68%)  [34mtps: 395  [36mtflops: 1.38  [35mmfu: 0.18%[39m
[titan] 2026-09-13 08:37:09,373 - root - INFO - [31mstep: 14  [32mloss: -1.00000  [38;2;180;60;0mgrad_norm:  2.4688  [38;2;54;234;195mmemory:  4.27GiB(5.39%)  [34mtps: 395  [36mtflops: 1.38  [35mmfu: 0.18%[39m
[titan] 2026-09-13 08:37:10,675 - root - INFO - [31mstep: 15  [32mloss: -1.00000  [38;2;180;60;0mgrad_norm:  1.9219  [38;2;54;234;195mmemory:  3.77GiB(4.76%)  [34mtps: 393  [36mtflops: 1.37  [35mmfu: 0.18%[39m
[titan] 2026-09-13 08:37:10,676 - root - INFO - [31mstep: 15  [32mloss:  2.93513  [38;2;180;60;0mgrad_norm:  1.9219  [38;2;54;234;195mmemory:  8.65GiB(10.92%)  [34mtps: 393  [36mtflops: 1.37  [35mmfu: 0.18%[39m
[titan] 2026-09-13 08:37:10,677 - root - INFO - [31mstep: 15  [32mloss: -1.00000  [38;2;180;60;0mgrad_norm:  1.9219  [38;2;54;234;195mmemory:  6.87GiB(8.68%)  [34mtps: 393  [36mtflops: 1.37  [35mmfu: 0.18%[39m
[titan] 2026-09-13 08:37:10,678 - root - INFO - [31mstep: 15  [32mloss: -1.00000  [38;2;180;60;0mgrad_norm:  1.9219  [38;2;54;234;195mmemory:  4.27GiB(5.39%)  [34mtps: 392  [36mtflops: 1.37  [35mmfu: 0.18%[39m
[titan] 2026-09-13 08:37:11,972 - root - INFO - [31mstep: 16  [32mloss: -1.00000  [38;2;180;60;0mgrad_norm:  1.8047  [38;2;54;234;195mmemory:  3.77GiB(4.76%)  [34mtps: 395  [36mtflops: 1.38  [35mmfu: 0.18%[39m
[titan] 2026-09-13 08:37:11,973 - root - INFO - [31mstep: 16  [32mloss:  2.91402  [38;2;180;60;0mgrad_norm:  1.8047  [38;2;54;234;195mmemory:  8.65GiB(10.92%)  [34mtps: 395  [36mtflops: 1.38  [35mmfu: 0.18%[39m
[titan] 2026-09-13 08:37:11,974 - root - INFO - [31mstep: 16  [32mloss: -1.00000  [38;2;180;60;0mgrad_norm:  1.8047  [38;2;54;234;195mmemory:  6.87GiB(8.68%)  [34mtps: 395  [36mtflops: 1.38  [35mmfu: 0.18%[39m
[titan] 2026-09-13 08:37:11,975 - root - INFO - [31mstep: 16  [32mloss: -1.00000  [38;2;180;60;0mgrad_norm:  1.8047  [38;2;54;234;195mmemory:  4.27GiB(5.39%)  [34mtps: 395  [36mtflops: 1.38  [35mmfu: 0.18%[39m
[titan] 2026-09-13 08:37:13,263 - root - INFO - [31mstep: 17  [32mloss: -1.00000  [38;2;180;60;0mgrad_norm:  2.0469  [38;2;54;234;195mmemory:  3.77GiB(4.76%)  [34mtps: 397  [36mtflops: 1.38  [35mmfu: 0.18%[39m
[titan] 2026-09-13 08:37:13,264 - root - INFO - [31mstep: 17  [32mloss:  2.75764  [38;2;180;60;0mgrad_norm:  2.0469  [38;2;54;234;195mmemory:  8.65GiB(10.92%)  [34mtps: 397  [36mtflops: 1.38  [35mmfu: 0.18%[39m
[titan] 2026-09-13 08:37:13,264 - root - INFO - [31mstep: 17  [32mloss: -1.00000  [38;2;180;60;0mgrad_norm:  2.0469  [38;2;54;234;195mmemory:  6.87GiB(8.68%)  [34mtps: 397  [36mtflops: 1.38  [35mmfu: 0.18%[39m
[titan] 2026-09-13 08:37:13,265 - root - INFO - [31mstep: 17  [32mloss: -1.00000  [38;2;180;60;0mgrad_norm:  2.0469  [38;2;54;234;195mmemory:  4.27GiB(5.39%)  [34mtps: 397  [36mtflops: 1.38  [35mmfu: 0.18%[39m
[titan] 2026-09-13 08:37:14,561 - root - INFO - [31mstep: 18  [32mloss: -1.00000  [38;2;180;60;0mgrad_norm:  1.5078  [38;2;54;234;195mmemory:  3.77GiB(4.76%)  [34mtps: 394  [36mtflops: 1.38  [35mmfu: 0.18%[39m
[titan] 2026-09-13 08:37:14,562 - root - INFO - [31mstep: 18  [32mloss:  2.79754  [38;2;180;60;0mgrad_norm:  1.5078  [38;2;54;234;195mmemory:  8.65GiB(10.92%)  [34mtps: 394  [36mtflops: 1.38  [35mmfu: 0.18%[39m
[titan] 2026-09-13 08:37:14,562 - root - INFO - [31mstep: 18  [32mloss: -1.00000  [38;2;180;60;0mgrad_norm:  1.5078  [38;2;54;234;195mmemory:  6.87GiB(8.68%)  [34mtps: 394  [36mtflops: 1.38  [35mmfu: 0.18%[39m
[titan] 2026-09-13 08:37:14,563 - root - INFO - [31mstep: 18  [32mloss: -1.00000  [38;2;180;60;0mgrad_norm:  1.5078  [38;2;54;234;195mmemory:  4.27GiB(5.39%)  [34mtps: 394  [36mtflops: 1.38  [35mmfu: 0.18%[39m
[titan] 2026-09-13 08:37:15,856 - root - INFO - [31mstep: 19  [32mloss: -1.00000  [38;2;180;60;0mgrad_norm:  1.8438  [38;2;54;234;195mmemory:  3.77GiB(4.76%)  [34mtps: 395  [36mtflops: 1.38  [35mmfu: 0.18%[39m
[titan] 2026-09-13 08:37:15,858 - root - INFO - [31mstep: 19  [32mloss:  2.97887  [38;2;180;60;0mgrad_norm:  1.8438  [38;2;54;234;195mmemory:  8.65GiB(10.92%)  [34mtps: 395  [36mtflops: 1.38  [35mmfu: 0.18%[39m
[titan] 2026-09-13 08:37:15,858 - root - INFO - [31mstep: 19  [32mloss: -1.00000  [38;2;180;60;0mgrad_norm:  1.8438  [38;2;54;234;195mmemory:  6.87GiB(8.68%)  [34mtps: 395  [36mtflops: 1.38  [35mmfu: 0.18%[39m
[titan] 2026-09-13 08:37:15,859 - root - INFO - [31mstep: 19  [32mloss: -1.00000  [38;2;180;60;0mgrad_norm:  1.8438  [38;2;54;234;195mmemory:  4.27GiB(5.39%)  [34mtps: 395  [36mtflops: 1.38  [35mmfu: 0.18%[39m
[titan] 2026-09-13 08:37:17,153 - root - INFO - [31mstep: 20  [32mloss: -1.00000  [38;2;180;60;0mgrad_norm:  2.5312  [38;2;54;234;195mmemory:  3.77GiB(4.76%)  [34mtps: 395  [36mtflops: 1.38  [35mmfu: 0.18%[39m
[titan] 2026-09-13 08:37:17,154 - root - INFO - [31mstep: 20  [32mloss:  2.89877  [38;2;180;60;0mgrad_norm:  2.5312  [38;2;54;234;195mmemory:  8.65GiB(10.92%)  [34mtps: 395  [36mtflops: 1.38  [35mmfu: 0.18%[39m
[titan] 2026-09-13 08:37:17,154 - root - INFO - [31mstep: 20  [32mloss: -1.00000  [38;2;180;60;0mgrad_norm:  2.5312  [38;2;54;234;195mmemory:  6.87GiB(8.68%)  [34mtps: 395  [36mtflops: 1.38  [35mmfu: 0.18%[39m
[titan] 2026-09-13 08:37:17,155 - root - INFO - [31mstep: 20  [32mloss: -1.00000  [38;2;180;60;0mgrad_norm:  2.5312  [38;2;54;234;195mmemory:  4.27GiB(5.39%)  [34mtps: 395  [36mtflops: 1.38  [35mmfu: 0.18%[39m
[titan] 2026-09-13 08:37:18,462 - root - INFO - [31mstep: 21  [32mloss: -1.00000  [38;2;180;60;0mgrad_norm:  1.7812  [38;2;54;234;195mmemory:  3.77GiB(4.76%)  [34mtps: 391  [36mtflops: 1.36  [35mmfu: 0.18%[39m
[titan] 2026-09-13 08:37:18,464 - root - INFO - [31mstep: 21  [32mloss:  2.73342  [38;2;180;60;0mgrad_norm:  1.7812  [38;2;54;234;195mmemory:  8.65GiB(10.92%)  [34mtps: 391  [36mtflops: 1.36  [35mmfu: 0.18%[39m
[titan] 2026-09-13 08:37:18,464 - root - INFO - [31mstep: 21  [32mloss: -1.00000  [38;2;180;60;0mgrad_norm:  1.7812  [38;2;54;234;195mmemory:  6.87GiB(8.68%)  [34mtps: 391  [36mtflops: 1.36  [35mmfu: 0.18%[39m
[titan] 2026-09-13 08:37:18,465 - root - INFO - [31mstep: 21  [32mloss: -1.00000  [38;2;180;60;0mgrad_norm:  1.7812  [38;2;54;234;195mmemory:  4.27GiB(5.39%)  [34mtps: 391  [36mtflops: 1.36  [35mmfu: 0.18%[39m
[titan] 2026-09-13 08:37:19,765 - root - INFO - [31mstep: 22  [32mloss: -1.00000  [38;2;180;60;0mgrad_norm:  2.0469  [38;2;54;234;195mmemory:  3.77GiB(4.76%)  [34mtps: 393  [36mtflops: 1.37  [35mmfu: 0.18%[39m
[titan] 2026-09-13 08:37:19,766 - root - INFO - [31mstep: 22  [32mloss:  2.76108  [38;2;180;60;0mgrad_norm:  2.0469  [38;2;54;234;195mmemory:  8.65GiB(10.92%)  [34mtps: 393  [36mtflops: 1.37  [35mmfu: 0.18%[39m
[titan] 2026-09-13 08:37:19,766 - root - INFO - [31mstep: 22  [32mloss: -1.00000  [38;2;180;60;0mgrad_norm:  2.0469  [38;2;54;234;195mmemory:  6.87GiB(8.68%)  [34mtps: 393  [36mtflops: 1.37  [35mmfu: 0.18%[39m
[titan] 2026-09-13 08:37:19,767 - root - INFO - [31mstep: 22  [32mloss: -1.00000  [38;2;180;60;0mgrad_norm:  2.0469  [38;2;54;234;195mmemory:  4.27GiB(5.39%)  [34mtps: 393  [36mtflops: 1.37  [35mmfu: 0.18%[39m
[titan] 2026-09-13 08:37:21,061 - root - INFO - [31mstep: 23  [32mloss: -1.00000  [38;2;180;60;0mgrad_norm:  2.1875  [38;2;54;234;195mmemory:  3.77GiB(4.76%)  [34mtps: 395  [36mtflops: 1.38  [35mmfu: 0.18%[39m
[titan] 2026-09-13 08:37:21,062 - root - INFO - [31mstep: 23  [32mloss:  2.79399  [38;2;180;60;0mgrad_norm:  2.1875  [38;2;54;234;195mmemory:  8.65GiB(10.92%)  [34mtps: 395  [36mtflops: 1.38  [35mmfu: 0.18%[39m
[titan] 2026-09-13 08:37:21,062 - root - INFO - [31mstep: 23  [32mloss: -1.00000  [38;2;180;60;0mgrad_norm:  2.1875  [38;2;54;234;195mmemory:  6.87GiB(8.68%)  [34mtps: 395  [36mtflops: 1.38  [35mmfu: 0.18%[39m
[titan] 2026-09-13 08:37:21,063 - root - INFO - [31mstep: 23  [32mloss: -1.00000  [38;2;180;60;0mgrad_norm:  2.1875  [38;2;54;234;195mmemory:  4.27GiB(5.39%)  [34mtps: 395  [36mtflops: 1.38  [35mmfu: 0.18%[39m
[titan] 2026-09-13 08:37:22,356 - root - INFO - [31mstep: 24  [32mloss: -1.00000  [38;2;180;60;0mgrad_norm:  1.9688  [38;2;54;234;195mmemory:  3.77GiB(4.76%)  [34mtps: 395  [36mtflops: 1.38  [35mmfu: 0.18%[39m
[titan] 2026-09-13 08:37:22,357 - root - INFO - [31mstep: 24  [32mloss:  2.89885  [38;2;180;60;0mgrad_norm:  1.9688  [38;2;54;234;195mmemory:  8.65GiB(10.92%)  [34mtps: 395  [36mtflops: 1.38  [35mmfu: 0.18%[39m
[titan] 2026-09-13 08:37:22,358 - root - INFO - [31mstep: 24  [32mloss: -1.00000  [38;2;180;60;0mgrad_norm:  1.9688  [38;2;54;234;195mmemory:  6.87GiB(8.68%)  [34mtps: 395  [36mtflops: 1.38  [35mmfu: 0.18%[39m
[titan] 2026-09-13 08:37:22,358 - root - INFO - [31mstep: 24  [32mloss: -1.00000  [38;2;180;60;0mgrad_norm:  1.9688  [38;2;54;234;195mmemory:  4.27GiB(5.39%)  [34mtps: 395  [36mtflops: 1.38  [35mmfu: 0.18%[39m
[titan] 2026-09-13 08:37:23,657 - root - INFO - [31mstep: 25  [32mloss: -1.00000  [38;2;180;60;0mgrad_norm:  1.9375  [38;2;54;234;195mmemory:  3.77GiB(4.76%)  [34mtps: 394  [36mtflops: 1.37  [35mmfu: 0.18%[39m
[titan] 2026-09-13 08:37:23,658 - root - INFO - [31mstep: 25  [32mloss: -1.00000  [38;2;180;60;0mgrad_norm:  1.9375  [38;2;54;234;195mmemory:  6.87GiB(8.68%)  [34mtps: 394  [36mtflops: 1.37  [35mmfu: 0.18%[39m
[titan] 2026-09-13 08:37:23,658 - root - INFO - [31mstep: 25  [32mloss:  2.82959  [38;2;180;60;0mgrad_norm:  1.9375  [38;2;54;234;195mmemory:  8.65GiB(10.92%)  [34mtps: 394  [36mtflops: 1.37  [35mmfu: 0.18%[39m
[titan] 2026-09-13 08:37:23,659 - root - INFO - [31mstep: 25  [32mloss: -1.00000  [38;2;180;60;0mgrad_norm:  1.9375  [38;2;54;234;195mmemory:  4.27GiB(5.39%)  [34mtps: 394  [36mtflops: 1.37  [35mmfu: 0.18%[39m
[titan] 2026-09-13 08:37:24,957 - root - INFO - [31mstep: 26  [32mloss: -1.00000  [38;2;180;60;0mgrad_norm:  2.0000  [38;2;54;234;195mmemory:  3.77GiB(4.76%)  [34mtps: 394  [36mtflops: 1.37  [35mmfu: 0.18%[39m
[titan] 2026-09-13 08:37:24,958 - root - INFO - [31mstep: 26  [32mloss:  2.77248  [38;2;180;60;0mgrad_norm:  2.0000  [38;2;54;234;195mmemory:  8.65GiB(10.92%)  [34mtps: 394  [36mtflops: 1.37  [35mmfu: 0.18%[39m
[titan] 2026-09-13 08:37:24,958 - root - INFO - [31mstep: 26  [32mloss: -1.00000  [38;2;180;60;0mgrad_norm:  2.0000  [38;2;54;234;195mmemory:  6.87GiB(8.68%)  [34mtps: 394  [36mtflops: 1.37  [35mmfu: 0.18%[39m
[titan] 2026-09-13 08:37:24,959 - root - INFO - [31mstep: 26  [32mloss: -1.00000  [38;2;180;60;0mgrad_norm:  2.0000  [38;2;54;234;195mmemory:  4.27GiB(5.39%)  [34mtps: 394  [36mtflops: 1.37  [35mmfu: 0.18%[39m
[titan] 2026-09-13 08:37:26,258 - root - INFO - [31mstep: 27  [32mloss: -1.00000  [38;2;180;60;0mgrad_norm:  1.5938  [38;2;54;234;195mmemory:  3.77GiB(4.76%)  [34mtps: 394  [36mtflops: 1.37  [35mmfu: 0.18%[39m
[titan] 2026-09-13 08:37:26,259 - root - INFO - [31mstep: 27  [32mloss:  3.09748  [38;2;180;60;0mgrad_norm:  1.5938  [38;2;54;234;195mmemory:  8.65GiB(10.92%)  [34mtps: 394  [36mtflops: 1.37  [35mmfu: 0.18%[39m
[titan] 2026-09-13 08:37:26,260 - root - INFO - [31mstep: 27  [32mloss: -1.00000  [38;2;180;60;0mgrad_norm:  1.5938  [38;2;54;234;195mmemory:  6.87GiB(8.68%)  [34mtps: 394  [36mtflops: 1.37  [35mmfu: 0.18%[39m
[titan] 2026-09-13 08:37:26,261 - root - INFO - [31mstep: 27  [32mloss: -1.00000  [38;2;180;60;0mgrad_norm:  1.5938  [38;2;54;234;195mmemory:  4.27GiB(5.39%)  [34mtps: 393  [36mtflops: 1.37  [35mmfu: 0.18%[39m
[titan] 2026-09-13 08:37:27,556 - root - INFO - [31mstep: 28  [32mloss: -1.00000  [38;2;180;60;0mgrad_norm:  1.5078  [38;2;54;234;195mmemory:  3.77GiB(4.76%)  [34mtps: 395  [36mtflops: 1.38  [35mmfu: 0.18%[39m
[titan] 2026-09-13 08:37:27,557 - root - INFO - [31mstep: 28  [32mloss:  2.83523  [38;2;180;60;0mgrad_norm:  1.5078  [38;2;54;234;195mmemory:  8.65GiB(10.92%)  [34mtps: 395  [36mtflops: 1.38  [35mmfu: 0.18%[39m
[titan] 2026-09-13 08:37:27,557 - root - INFO - [31mstep: 28  [32mloss: -1.00000  [38;2;180;60;0mgrad_norm:  1.5078  [38;2;54;234;195mmemory:  6.87GiB(8.68%)  [34mtps: 395  [36mtflops: 1.38  [35mmfu: 0.18%[39m
[titan] 2026-09-13 08:37:27,558 - root - INFO - [31mstep: 28  [32mloss: -1.00000  [38;2;180;60;0mgrad_norm:  1.5078  [38;2;54;234;195mmemory:  4.27GiB(5.39%)  [34mtps: 395  [36mtflops: 1.38  [35mmfu: 0.18%[39m
[titan] 2026-09-13 08:37:28,860 - root - INFO - [31mstep: 29  [32mloss: -1.00000  [38;2;180;60;0mgrad_norm:  2.5781  [38;2;54;234;195mmemory:  3.77GiB(4.76%)  [34mtps: 393  [36mtflops: 1.37  [35mmfu: 0.18%[39m
[titan] 2026-09-13 08:37:28,861 - root - INFO - [31mstep: 29  [32mloss:  2.75731  [38;2;180;60;0mgrad_norm:  2.5781  [38;2;54;234;195mmemory:  8.65GiB(10.92%)  [34mtps: 393  [36mtflops: 1.37  [35mmfu: 0.18%[39m
[titan] 2026-09-13 08:37:28,861 - root - INFO - [31mstep: 29  [32mloss: -1.00000  [38;2;180;60;0mgrad_norm:  2.5781  [38;2;54;234;195mmemory:  6.87GiB(8.68%)  [34mtps: 393  [36mtflops: 1.37  [35mmfu: 0.18%[39m
[titan] 2026-09-13 08:37:28,862 - root - INFO - [31mstep: 29  [32mloss: -1.00000  [38;2;180;60;0mgrad_norm:  2.5781  [38;2;54;234;195mmemory:  4.27GiB(5.39%)  [34mtps: 393  [36mtflops: 1.37  [35mmfu: 0.18%[39m
[titan] 2026-09-13 08:37:30,168 - root - INFO - [31mstep: 30  [32mloss: -1.00000  [38;2;180;60;0mgrad_norm:  2.1719  [38;2;54;234;195mmemory:  3.77GiB(4.76%)  [34mtps: 391  [36mtflops: 1.37  [35mmfu: 0.18%[39m
[titan] 2026-09-13 08:37:30,170 - root - INFO - [31mstep: 30  [32mloss:  2.79769  [38;2;180;60;0mgrad_norm:  2.1719  [38;2;54;234;195mmemory:  8.65GiB(10.92%)  [34mtps: 391  [36mtflops: 1.37  [35mmfu: 0.18%[39m
[titan] 2026-09-13 08:37:30,170 - root - INFO - [31mstep: 30  [32mloss: -1.00000  [38;2;180;60;0mgrad_norm:  2.1719  [38;2;54;234;195mmemory:  6.87GiB(8.68%)  [34mtps: 391  [36mtflops: 1.37  [35mmfu: 0.18%[39m
[titan] 2026-09-13 08:37:30,171 - root - INFO - [31mstep: 30  [32mloss: -1.00000  [38;2;180;60;0mgrad_norm:  2.1719  [38;2;54;234;195mmemory:  4.27GiB(5.39%)  [34mtps: 391  [36mtflops: 1.36  [35mmfu: 0.18%[39m
[titan] 2026-09-13 08:37:31,472 - root - INFO - [31mstep: 31  [32mloss: -1.00000  [38;2;180;60;0mgrad_norm:  1.6094  [38;2;54;234;195mmemory:  3.77GiB(4.76%)  [34mtps: 393  [36mtflops: 1.37  [35mmfu: 0.18%[39m
[titan] 2026-09-13 08:37:31,473 - root - INFO - [31mstep: 31  [32mloss:  2.78022  [38;2;180;60;0mgrad_norm:  1.6094  [38;2;54;234;195mmemory:  8.65GiB(10.92%)  [34mtps: 393  [36mtflops: 1.37  [35mmfu: 0.18%[39m
[titan] 2026-09-13 08:37:31,473 - root - INFO - [31mstep: 31  [32mloss: -1.00000  [38;2;180;60;0mgrad_norm:  1.6094  [38;2;54;234;195mmemory:  6.87GiB(8.68%)  [34mtps: 393  [36mtflops: 1.37  [35mmfu: 0.18%[39m
[titan] 2026-09-13 08:37:31,474 - root - INFO - [31mstep: 31  [32mloss: -1.00000  [38;2;180;60;0mgrad_norm:  1.6094  [38;2;54;234;195mmemory:  4.27GiB(5.39%)  [34mtps: 393  [36mtflops: 1.37  [35mmfu: 0.18%[39m
[titan] 2026-09-13 08:37:32,772 - root - INFO - [31mstep: 32  [32mloss: -1.00000  [38;2;180;60;0mgrad_norm:  1.5938  [38;2;54;234;195mmemory:  3.77GiB(4.76%)  [34mtps: 394  [36mtflops: 1.37  [35mmfu: 0.18%[39m
[titan] 2026-09-13 08:37:32,774 - root - INFO - [31mstep: 32  [32mloss:  2.77334  [38;2;180;60;0mgrad_norm:  1.5938  [38;2;54;234;195mmemory:  8.65GiB(10.92%)  [34mtps: 394  [36mtflops: 1.37  [35mmfu: 0.18%[39m
[titan] 2026-09-13 08:37:32,774 - root - INFO - [31mstep: 32  [32mloss: -1.00000  [38;2;180;60;0mgrad_norm:  1.5938  [38;2;54;234;195mmemory:  6.87GiB(8.68%)  [34mtps: 394  [36mtflops: 1.37  [35mmfu: 0.18%[39m
[titan] 2026-09-13 08:37:32,775 - root - INFO - [31mstep: 32  [32mloss: -1.00000  [38;2;180;60;0mgrad_norm:  1.5938  [38;2;54;234;195mmemory:  4.27GiB(5.39%)  [34mtps: 394  [36mtflops: 1.37  [35mmfu: 0.18%[39m
[titan] 2026-09-13 08:37:34,062 - root - INFO - [31mstep: 33  [32mloss: -1.00000  [38;2;180;60;0mgrad_norm:  1.9609  [38;2;54;234;195mmemory:  3.77GiB(4.76%)  [34mtps: 397  [36mtflops: 1.39  [35mmfu: 0.18%[39m
[titan] 2026-09-13 08:37:34,063 - root - INFO - [31mstep: 33  [32mloss:  2.77759  [38;2;180;60;0mgrad_norm:  1.9609  [38;2;54;234;195mmemory:  8.65GiB(10.92%)  [34mtps: 397  [36mtflops: 1.39  [35mmfu: 0.18%[39m
[titan] 2026-09-13 08:37:34,064 - root - INFO - [31mstep: 33  [32mloss: -1.00000  [38;2;180;60;0mgrad_norm:  1.9609  [38;2;54;234;195mmemory:  6.87GiB(8.68%)  [34mtps: 397  [36mtflops: 1.39  [35mmfu: 0.18%[39m
[titan] 2026-09-13 08:37:34,064 - root - INFO - [31mstep: 33  [32mloss: -1.00000  [38;2;180;60;0mgrad_norm:  1.9609  [38;2;54;234;195mmemory:  4.27GiB(5.39%)  [34mtps: 397  [36mtflops: 1.39  [35mmfu: 0.18%[39m
[titan] 2026-09-13 08:37:35,362 - root - INFO - [31mstep: 34  [32mloss: -1.00000  [38;2;180;60;0mgrad_norm:  1.8203  [38;2;54;234;195mmemory:  3.77GiB(4.76%)  [34mtps: 394  [36mtflops: 1.37  [35mmfu: 0.18%[39m
[titan] 2026-09-13 08:37:35,364 - root - INFO - [31mstep: 34  [32mloss:  2.72820  [38;2;180;60;0mgrad_norm:  1.8203  [38;2;54;234;195mmemory:  8.65GiB(10.92%)  [34mtps: 394  [36mtflops: 1.37  [35mmfu: 0.18%[39m
[titan] 2026-09-13 08:37:35,364 - root - INFO - [31mstep: 34  [32mloss: -1.00000  [38;2;180;60;0mgrad_norm:  1.8203  [38;2;54;234;195mmemory:  6.87GiB(8.68%)  [34mtps: 394  [36mtflops: 1.37  [35mmfu: 0.18%[39m
[titan] 2026-09-13 08:37:35,365 - root - INFO - [31mstep: 34  [32mloss: -1.00000  [38;2;180;60;0mgrad_norm:  1.8203  [38;2;54;234;195mmemory:  4.27GiB(5.39%)  [34mtps: 394  [36mtflops: 1.37  [35mmfu: 0.18%[39m
[titan] 2026-09-13 08:37:36,654 - root - INFO - [31mstep: 35  [32mloss: -1.00000  [38;2;180;60;0mgrad_norm:  1.8281  [38;2;54;234;195mmemory:  3.77GiB(4.76%)  [34mtps: 396  [36mtflops: 1.38  [35mmfu: 0.18%[39m
[titan] 2026-09-13 08:37:36,655 - root - INFO - [31mstep: 35  [32mloss:  2.90904  [38;2;180;60;0mgrad_norm:  1.8281  [38;2;54;234;195mmemory:  8.65GiB(10.92%)  [34mtps: 396  [36mtflops: 1.38  [35mmfu: 0.18%[39m
[titan] 2026-09-13 08:37:36,656 - root - INFO - [31mstep: 35  [32mloss: -1.00000  [38;2;180;60;0mgrad_norm:  1.8281  [38;2;54;234;195mmemory:  6.87GiB(8.68%)  [34mtps: 396  [36mtflops: 1.38  [35mmfu: 0.18%[39m
[titan] 2026-09-13 08:37:36,656 - root - INFO - [31mstep: 35  [32mloss: -1.00000  [38;2;180;60;0mgrad_norm:  1.8281  [38;2;54;234;195mmemory:  4.27GiB(5.39%)  [34mtps: 396  [36mtflops: 1.38  [35mmfu: 0.18%[39m
[titan] 2026-09-13 08:37:37,947 - root - INFO - [31mstep: 36  [32mloss: -1.00000  [38;2;180;60;0mgrad_norm:  1.7266  [38;2;54;234;195mmemory:  3.77GiB(4.76%)  [34mtps: 396  [36mtflops: 1.38  [35mmfu: 0.18%[39m
[titan] 2026-09-13 08:37:37,949 - root - INFO - [31mstep: 36  [32mloss:  2.72626  [38;2;180;60;0mgrad_norm:  1.7266  [38;2;54;234;195mmemory:  8.65GiB(10.92%)  [34mtps: 396  [36mtflops: 1.38  [35mmfu: 0.18%[39m
[titan] 2026-09-13 08:37:37,949 - root - INFO - [31mstep: 36  [32mloss: -1.00000  [38;2;180;60;0mgrad_norm:  1.7266  [38;2;54;234;195mmemory:  6.87GiB(8.68%)  [34mtps: 396  [36mtflops: 1.38  [35mmfu: 0.18%[39m
[titan] 2026-09-13 08:37:37,949 - root - INFO - [31mstep: 36  [32mloss: -1.00000  [38;2;180;60;0mgrad_norm:  1.7266  [38;2;54;234;195mmemory:  4.27GiB(5.39%)  [34mtps: 396  [36mtflops: 1.38  [35mmfu: 0.18%[39m
[titan] 2026-09-13 08:37:39,245 - root - INFO - [31mstep: 37  [32mloss: -1.00000  [38;2;180;60;0mgrad_norm:  1.9688  [38;2;54;234;195mmemory:  3.77GiB(4.76%)  [34mtps: 395  [36mtflops: 1.38  [35mmfu: 0.18%[39m
[titan] 2026-09-13 08:37:39,246 - root - INFO - [31mstep: 37  [32mloss:  2.66617  [38;2;180;60;0mgrad_norm:  1.9688  [38;2;54;234;195mmemory:  8.65GiB(10.92%)  [34mtps: 395  [36mtflops: 1.38  [35mmfu: 0.18%[39m
[titan] 2026-09-13 08:37:39,247 - root - INFO - [31mstep: 37  [32mloss: -1.00000  [38;2;180;60;0mgrad_norm:  1.9688  [38;2;54;234;195mmemory:  6.87GiB(8.68%)  [34mtps: 395  [36mtflops: 1.38  [35mmfu: 0.18%[39m
[titan] 2026-09-13 08:37:39,247 - root - INFO - [31mstep: 37  [32mloss: -1.00000  [38;2;180;60;0mgrad_norm:  1.9688  [38;2;54;234;195mmemory:  4.27GiB(5.39%)  [34mtps: 395  [36mtflops: 1.38  [35mmfu: 0.18%[39m
[titan] 2026-09-13 08:37:40,545 - root - INFO - [31mstep: 38  [32mloss: -1.00000  [38;2;180;60;0mgrad_norm:  1.5078  [38;2;54;234;195mmemory:  3.77GiB(4.76%)  [34mtps: 394  [36mtflops: 1.37  [35mmfu: 0.18%[39m
[titan] 2026-09-13 08:37:40,546 - root - INFO - [31mstep: 38  [32mloss:  2.67481  [38;2;180;60;0mgrad_norm:  1.5078  [38;2;54;234;195mmemory:  8.65GiB(10.92%)  [34mtps: 394  [36mtflops: 1.37  [35mmfu: 0.18%[39m
[titan] 2026-09-13 08:37:40,546 - root - INFO - [31mstep: 38  [32mloss: -1.00000  [38;2;180;60;0mgrad_norm:  1.5078  [38;2;54;234;195mmemory:  6.87GiB(8.68%)  [34mtps: 394  [36mtflops: 1.37  [35mmfu: 0.18%[39m
[titan] 2026-09-13 08:37:40,547 - root - INFO - [31mstep: 38  [32mloss: -1.00000  [38;2;180;60;0mgrad_norm:  1.5078  [38;2;54;234;195mmemory:  4.27GiB(5.39%)  [34mtps: 394  [36mtflops: 1.37  [35mmfu: 0.18%[39m
[titan] 2026-09-13 08:37:41,852 - root - INFO - [31mstep: 39  [32mloss: -1.00000  [38;2;180;60;0mgrad_norm:  1.4922  [38;2;54;234;195mmemory:  3.77GiB(4.76%)  [34mtps: 392  [36mtflops: 1.37  [35mmfu: 0.18%[39m
[titan] 2026-09-13 08:37:41,854 - root - INFO - [31mstep: 39  [32mloss:  2.63487  [38;2;180;60;0mgrad_norm:  1.4922  [38;2;54;234;195mmemory:  8.65GiB(10.92%)  [34mtps: 392  [36mtflops: 1.37  [35mmfu: 0.18%[39m
[titan] 2026-09-13 08:37:41,854 - root - INFO - [31mstep: 39  [32mloss: -1.00000  [38;2;180;60;0mgrad_norm:  1.4922  [38;2;54;234;195mmemory:  6.87GiB(8.68%)  [34mtps: 392  [36mtflops: 1.37  [35mmfu: 0.18%[39m
[titan] 2026-09-13 08:37:41,855 - root - INFO - [31mstep: 39  [32mloss: -1.00000  [38;2;180;60;0mgrad_norm:  1.4922  [38;2;54;234;195mmemory:  4.27GiB(5.39%)  [34mtps: 392  [36mtflops: 1.37  [35mmfu: 0.18%[39m
[titan] 2026-09-13 08:37:43,157 - root - INFO - [31mstep: 40  [32mloss: -1.00000  [38;2;180;60;0mgrad_norm:  1.6719  [38;2;54;234;195mmemory:  3.77GiB(4.76%)  [34mtps: 392  [36mtflops: 1.37  [35mmfu: 0.18%[39m
[titan] 2026-09-13 08:37:43,159 - root - INFO - [31mstep: 40  [32mloss:  2.70736  [38;2;180;60;0mgrad_norm:  1.6719  [38;2;54;234;195mmemory:  8.65GiB(10.92%)  [34mtps: 392  [36mtflops: 1.37  [35mmfu: 0.18%[39m
[titan] 2026-09-13 08:37:43,159 - root - INFO - [31mstep: 40  [32mloss: -1.00000  [38;2;180;60;0mgrad_norm:  1.6719  [38;2;54;234;195mmemory:  6.87GiB(8.68%)  [34mtps: 392  [36mtflops: 1.37  [35mmfu: 0.18%[39m
[titan] 2026-09-13 08:37:43,160 - root - INFO - [31mstep: 40  [32mloss: -1.00000  [38;2;180;60;0mgrad_norm:  1.6719  [38;2;54;234;195mmemory:  4.27GiB(5.39%)  [34mtps: 392  [36mtflops: 1.37  [35mmfu: 0.18%[39m
[titan] 2026-09-13 08:37:44,459 - root - INFO - [31mstep: 41  [32mloss: -1.00000  [38;2;180;60;0mgrad_norm:  1.0859  [38;2;54;234;195mmemory:  3.77GiB(4.76%)  [34mtps: 393  [36mtflops: 1.37  [35mmfu: 0.18%[39m
[titan] 2026-09-13 08:37:44,461 - root - INFO - [31mstep: 41  [32mloss:  2.61923  [38;2;180;60;0mgrad_norm:  1.0859  [38;2;54;234;195mmemory:  8.65GiB(10.92%)  [34mtps: 393  [36mtflops: 1.37  [35mmfu: 0.18%[39m
[titan] 2026-09-13 08:37:44,461 - root - INFO - [31mstep: 41  [32mloss: -1.00000  [38;2;180;60;0mgrad_norm:  1.0859  [38;2;54;234;195mmemory:  6.87GiB(8.68%)  [34mtps: 393  [36mtflops: 1.37  [35mmfu: 0.18%[39m
[titan] 2026-09-13 08:37:44,462 - root - INFO - [31mstep: 41  [32mloss: -1.00000  [38;2;180;60;0mgrad_norm:  1.0859  [38;2;54;234;195mmemory:  4.27GiB(5.39%)  [34mtps: 393  [36mtflops: 1.37  [35mmfu: 0.18%[39m
[titan] 2026-09-13 08:37:45,771 - root - INFO - [31mstep: 42  [32mloss: -1.00000  [38;2;180;60;0mgrad_norm:  1.2109  [38;2;54;234;195mmemory:  3.77GiB(4.76%)  [34mtps: 390  [36mtflops: 1.36  [35mmfu: 0.18%[39m
[titan] 2026-09-13 08:37:45,773 - root - INFO - [31mstep: 42  [32mloss:  2.65301  [38;2;180;60;0mgrad_norm:  1.2109  [38;2;54;234;195mmemory:  8.65GiB(10.92%)  [34mtps: 390  [36mtflops: 1.36  [35mmfu: 0.18%[39m
[titan] 2026-09-13 08:37:45,773 - root - INFO - [31mstep: 42  [32mloss: -1.00000  [38;2;180;60;0mgrad_norm:  1.2109  [38;2;54;234;195mmemory:  6.87GiB(8.68%)  [34mtps: 390  [36mtflops: 1.36  [35mmfu: 0.18%[39m
[titan] 2026-09-13 08:37:45,774 - root - INFO - [31mstep: 42  [32mloss: -1.00000  [38;2;180;60;0mgrad_norm:  1.2109  [38;2;54;234;195mmemory:  4.27GiB(5.39%)  [34mtps: 390  [36mtflops: 1.36  [35mmfu: 0.18%[39m
[titan] 2026-09-13 08:37:47,071 - root - INFO - [31mstep: 43  [32mloss: -1.00000  [38;2;180;60;0mgrad_norm:  1.7109  [38;2;54;234;195mmemory:  3.77GiB(4.76%)  [34mtps: 394  [36mtflops: 1.38  [35mmfu: 0.18%[39m
[titan] 2026-09-13 08:37:47,072 - root - INFO - [31mstep: 43  [32mloss:  2.62079  [38;2;180;60;0mgrad_norm:  1.7109  [38;2;54;234;195mmemory:  8.65GiB(10.92%)  [34mtps: 394  [36mtflops: 1.38  [35mmfu: 0.18%[39m
[titan] 2026-09-13 08:37:47,072 - root - INFO - [31mstep: 43  [32mloss: -1.00000  [38;2;180;60;0mgrad_norm:  1.7109  [38;2;54;234;195mmemory:  6.87GiB(8.68%)  [34mtps: 394  [36mtflops: 1.38  [35mmfu: 0.18%[39m
[titan] 2026-09-13 08:37:47,073 - root - INFO - [31mstep: 43  [32mloss: -1.00000  [38;2;180;60;0mgrad_norm:  1.7109  [38;2;54;234;195mmemory:  4.27GiB(5.39%)  [34mtps: 394  [36mtflops: 1.38  [35mmfu: 0.18%[39m
[titan] 2026-09-13 08:37:48,375 - root - INFO - [31mstep: 44  [32mloss: -1.00000  [38;2;180;60;0mgrad_norm:  1.5781  [38;2;54;234;195mmemory:  3.77GiB(4.76%)  [34mtps: 393  [36mtflops: 1.37  [35mmfu: 0.18%[39m
[titan] 2026-09-13 08:37:48,377 - root - INFO - [31mstep: 44  [32mloss:  2.69209  [38;2;180;60;0mgrad_norm:  1.5781  [38;2;54;234;195mmemory:  8.65GiB(10.92%)  [34mtps: 393  [36mtflops: 1.37  [35mmfu: 0.18%[39m
[titan] 2026-09-13 08:37:48,377 - root - INFO - [31mstep: 44  [32mloss: -1.00000  [38;2;180;60;0mgrad_norm:  1.5781  [38;2;54;234;195mmemory:  6.87GiB(8.68%)  [34mtps: 393  [36mtflops: 1.37  [35mmfu: 0.18%[39m
[titan] 2026-09-13 08:37:48,377 - root - INFO - [31mstep: 44  [32mloss: -1.00000  [38;2;180;60;0mgrad_norm:  1.5781  [38;2;54;234;195mmemory:  4.27GiB(5.39%)  [34mtps: 393  [36mtflops: 1.37  [35mmfu: 0.18%[39m
[titan] 2026-09-13 08:37:49,679 - root - INFO - [31mstep: 45  [32mloss: -1.00000  [38;2;180;60;0mgrad_norm:  1.8828  [38;2;54;234;195mmemory:  3.77GiB(4.76%)  [34mtps: 393  [36mtflops: 1.37  [35mmfu: 0.18%[39m
[titan] 2026-09-13 08:37:49,680 - root - INFO - [31mstep: 45  [32mloss:  2.67288  [38;2;180;60;0mgrad_norm:  1.8828  [38;2;54;234;195mmemory:  8.65GiB(10.92%)  [34mtps: 393  [36mtflops: 1.37  [35mmfu: 0.18%[39m
[titan] 2026-09-13 08:37:49,680 - root - INFO - [31mstep: 45  [32mloss: -1.00000  [38;2;180;60;0mgrad_norm:  1.8828  [38;2;54;234;195mmemory:  6.87GiB(8.68%)  [34mtps: 393  [36mtflops: 1.37  [35mmfu: 0.18%[39m
[titan] 2026-09-13 08:37:49,681 - root - INFO - [31mstep: 45  [32mloss: -1.00000  [38;2;180;60;0mgrad_norm:  1.8828  [38;2;54;234;195mmemory:  4.27GiB(5.39%)  [34mtps: 393  [36mtflops: 1.37  [35mmfu: 0.18%[39m
[titan] 2026-09-13 08:37:50,972 - root - INFO - [31mstep: 46  [32mloss: -1.00000  [38;2;180;60;0mgrad_norm:  1.7109  [38;2;54;234;195mmemory:  3.77GiB(4.76%)  [34mtps: 396  [36mtflops: 1.38  [35mmfu: 0.18%[39m
[titan] 2026-09-13 08:37:50,974 - root - INFO - [31mstep: 46  [32mloss:  2.70084  [38;2;180;60;0mgrad_norm:  1.7109  [38;2;54;234;195mmemory:  8.65GiB(10.92%)  [34mtps: 396  [36mtflops: 1.38  [35mmfu: 0.18%[39m
[titan] 2026-09-13 08:37:50,974 - root - INFO - [31mstep: 46  [32mloss: -1.00000  [38;2;180;60;0mgrad_norm:  1.7109  [38;2;54;234;195mmemory:  6.87GiB(8.68%)  [34mtps: 396  [36mtflops: 1.38  [35mmfu: 0.18%[39m
[titan] 2026-09-13 08:37:50,975 - root - INFO - [31mstep: 46  [32mloss: -1.00000  [38;2;180;60;0mgrad_norm:  1.7109  [38;2;54;234;195mmemory:  4.27GiB(5.39%)  [34mtps: 396  [36mtflops: 1.38  [35mmfu: 0.18%[39m
[titan] 2026-09-13 08:37:52,264 - root - INFO - [31mstep: 47  [32mloss: -1.00000  [38;2;180;60;0mgrad_norm:  1.4297  [38;2;54;234;195mmemory:  3.77GiB(4.76%)  [34mtps: 397  [36mtflops: 1.38  [35mmfu: 0.18%[39m
[titan] 2026-09-13 08:37:52,265 - root - INFO - [31mstep: 47  [32mloss:  2.71876  [38;2;180;60;0mgrad_norm:  1.4297  [38;2;54;234;195mmemory:  8.65GiB(10.92%)  [34mtps: 397  [36mtflops: 1.38  [35mmfu: 0.18%[39m
[titan] 2026-09-13 08:37:52,265 - root - INFO - [31mstep: 47  [32mloss: -1.00000  [38;2;180;60;0mgrad_norm:  1.4297  [38;2;54;234;195mmemory:  6.87GiB(8.68%)  [34mtps: 397  [36mtflops: 1.38  [35mmfu: 0.18%[39m
[titan] 2026-09-13 08:37:52,266 - root - INFO - [31mstep: 47  [32mloss: -1.00000  [38;2;180;60;0mgrad_norm:  1.4297  [38;2;54;234;195mmemory:  4.27GiB(5.39%)  [34mtps: 396  [36mtflops: 1.38  [35mmfu: 0.18%[39m
[titan] 2026-09-13 08:37:53,564 - root - INFO - [31mstep: 48  [32mloss: -1.00000  [38;2;180;60;0mgrad_norm:  1.5547  [38;2;54;234;195mmemory:  3.77GiB(4.76%)  [34mtps: 394  [36mtflops: 1.37  [35mmfu: 0.18%[39m
[titan] 2026-09-13 08:37:53,566 - root - INFO - [31mstep: 48  [32mloss:  2.61100  [38;2;180;60;0mgrad_norm:  1.5547  [38;2;54;234;195mmemory:  8.65GiB(10.92%)  [34mtps: 394  [36mtflops: 1.37  [35mmfu: 0.18%[39m
[titan] 2026-09-13 08:37:53,566 - root - INFO - [31mstep: 48  [32mloss: -1.00000  [38;2;180;60;0mgrad_norm:  1.5547  [38;2;54;234;195mmemory:  6.87GiB(8.68%)  [34mtps: 394  [36mtflops: 1.37  [35mmfu: 0.18%[39m
[titan] 2026-09-13 08:37:53,567 - root - INFO - [31mstep: 48  [32mloss: -1.00000  [38;2;180;60;0mgrad_norm:  1.5547  [38;2;54;234;195mmemory:  4.27GiB(5.39%)  [34mtps: 394  [36mtflops: 1.37  [35mmfu: 0.18%[39m
[titan] 2026-09-13 08:37:54,864 - root - INFO - [31mstep: 49  [32mloss: -1.00000  [38;2;180;60;0mgrad_norm:  1.2500  [38;2;54;234;195mmemory:  3.77GiB(4.76%)  [34mtps: 394  [36mtflops: 1.38  [35mmfu: 0.18%[39m
[titan] 2026-09-13 08:37:54,865 - root - INFO - [31mstep: 49  [32mloss:  2.49990  [38;2;180;60;0mgrad_norm:  1.2500  [38;2;54;234;195mmemory:  8.65GiB(10.92%)  [34mtps: 394  [36mtflops: 1.38  [35mmfu: 0.18%[39m
[titan] 2026-09-13 08:37:54,865 - root - INFO - [31mstep: 49  [32mloss: -1.00000  [38;2;180;60;0mgrad_norm:  1.2500  [38;2;54;234;195mmemory:  6.87GiB(8.68%)  [34mtps: 394  [36mtflops: 1.38  [35mmfu: 0.18%[39m
[titan] 2026-09-13 08:37:54,866 - root - INFO - [31mstep: 49  [32mloss: -1.00000  [38;2;180;60;0mgrad_norm:  1.2500  [38;2;54;234;195mmemory:  4.27GiB(5.39%)  [34mtps: 394  [36mtflops: 1.38  [35mmfu: 0.18%[39m
[titan] 2026-09-13 08:37:55,039 - root - INFO - [GC] Performing periodic GC collection took 0.17 seconds
[titan] 2026-09-13 08:37:55,081 - root - INFO - [GC] Performing periodic GC collection took 0.21 seconds
[titan] 2026-09-13 08:37:55,098 - root - INFO - [GC] Performing periodic GC collection took 0.23 seconds
[titan] 2026-09-13 08:37:55,290 - root - INFO - [GC] Performing periodic GC collection took 0.42 seconds
[titan] 2026-09-13 08:37:56,630 - root - INFO - [31mstep: 50  [32mloss: -1.00000  [38;2;180;60;0mgrad_norm:  1.3047  [38;2;54;234;195mmemory:  3.77GiB(4.76%)  [34mtps: 290  [36mtflops: 1.01  [35mmfu: 0.13%[39m
[titan] 2026-09-13 08:37:56,632 - root - INFO - [31mstep: 50  [32mloss:  2.68382  [38;2;180;60;0mgrad_norm:  1.3047  [38;2;54;234;195mmemory:  8.65GiB(10.92%)  [34mtps: 290  [36mtflops: 1.01  [35mmfu: 0.13%[39m
[titan] 2026-09-13 08:37:56,632 - root - INFO - [31mstep: 50  [32mloss: -1.00000  [38;2;180;60;0mgrad_norm:  1.3047  [38;2;54;234;195mmemory:  6.87GiB(8.68%)  [34mtps: 290  [36mtflops: 1.01  [35mmfu: 0.13%[39m
[titan] 2026-09-13 08:37:56,633 - root - INFO - [31mstep: 50  [32mloss: -1.00000  [38;2;180;60;0mgrad_norm:  1.3047  [38;2;54;234;195mmemory:  4.27GiB(5.39%)  [34mtps: 290  [36mtflops: 1.01  [35mmfu: 0.13%[39m
[titan] 2026-09-13 08:37:57,966 - root - INFO - [31mstep: 51  [32mloss: -1.00000  [38;2;180;60;0mgrad_norm:  2.2500  [38;2;54;234;195mmemory:  3.77GiB(4.76%)  [34mtps: 383  [36mtflops: 1.34  [35mmfu: 0.18%[39m
[titan] 2026-09-13 08:37:57,967 - root - INFO - [31mstep: 51  [32mloss:  2.77639  [38;2;180;60;0mgrad_norm:  2.2500  [38;2;54;234;195mmemory:  8.65GiB(10.92%)  [34mtps: 383  [36mtflops: 1.34  [35mmfu: 0.18%[39m
[titan] 2026-09-13 08:37:57,967 - root - INFO - [31mstep: 51  [32mloss: -1.00000  [38;2;180;60;0mgrad_norm:  2.2500  [38;2;54;234;195mmemory:  6.87GiB(8.68%)  [34mtps: 383  [36mtflops: 1.34  [35mmfu: 0.18%[39m
[titan] 2026-09-13 08:37:57,969 - root - INFO - [31mstep: 51  [32mloss: -1.00000  [38;2;180;60;0mgrad_norm:  2.2500  [38;2;54;234;195mmemory:  4.27GiB(5.39%)  [34mtps: 383  [36mtflops: 1.34  [35mmfu: 0.18%[39m
[titan] 2026-09-13 08:37:59,297 - root - INFO - [31mstep: 52  [32mloss: -1.00000  [38;2;180;60;0mgrad_norm:  1.7969  [38;2;54;234;195mmemory:  3.77GiB(4.76%)  [34mtps: 385  [36mtflops: 1.34  [35mmfu: 0.18%[39m
[titan] 2026-09-13 08:37:59,298 - root - INFO - [31mstep: 52  [32mloss:  2.87372  [38;2;180;60;0mgrad_norm:  1.7969  [38;2;54;234;195mmemory:  8.65GiB(10.92%)  [34mtps: 385  [36mtflops: 1.34  [35mmfu: 0.18%[39m
[titan] 2026-09-13 08:37:59,298 - root - INFO - [31mstep: 52  [32mloss: -1.00000  [38;2;180;60;0mgrad_norm:  1.7969  [38;2;54;234;195mmemory:  6.87GiB(8.68%)  [34mtps: 385  [36mtflops: 1.34  [35mmfu: 0.18%[39m
[titan] 2026-09-13 08:37:59,300 - root - INFO - [31mstep: 52  [32mloss: -1.00000  [38;2;180;60;0mgrad_norm:  1.7969  [38;2;54;234;195mmemory:  4.27GiB(5.39%)  [34mtps: 385  [36mtflops: 1.34  [35mmfu: 0.18%[39m
[titan] 2026-09-13 08:38:00,625 - root - INFO - [31mstep: 53  [32mloss: -1.00000  [38;2;180;60;0mgrad_norm:  1.3438  [38;2;54;234;195mmemory:  3.77GiB(4.76%)  [34mtps: 385  [36mtflops: 1.34  [35mmfu: 0.18%[39m
[titan] 2026-09-13 08:38:00,627 - root - INFO - [31mstep: 53  [32mloss:  2.64421  [38;2;180;60;0mgrad_norm:  1.3438  [38;2;54;234;195mmemory:  8.65GiB(10.92%)  [34mtps: 385  [36mtflops: 1.34  [35mmfu: 0.18%[39m
[titan] 2026-09-13 08:38:00,627 - root - INFO - [31mstep: 53  [32mloss: -1.00000  [38;2;180;60;0mgrad_norm:  1.3438  [38;2;54;234;195mmemory:  6.87GiB(8.68%)  [34mtps: 385  [36mtflops: 1.34  [35mmfu: 0.18%[39m
[titan] 2026-09-13 08:38:00,628 - root - INFO - [31mstep: 53  [32mloss: -1.00000  [38;2;180;60;0mgrad_norm:  1.3438  [38;2;54;234;195mmemory:  4.27GiB(5.39%)  [34mtps: 386  [36mtflops: 1.35  [35mmfu: 0.18%[39m
[titan] 2026-09-13 08:38:01,970 - root - INFO - [31mstep: 54  [32mloss: -1.00000  [38;2;180;60;0mgrad_norm:  1.1406  [38;2;54;234;195mmemory:  3.77GiB(4.76%)  [34mtps: 381  [36mtflops: 1.33  [35mmfu: 0.18%[39m
[titan] 2026-09-13 08:38:01,971 - root - INFO - [31mstep: 54  [32mloss:  2.57905  [38;2;180;60;0mgrad_norm:  1.1406  [38;2;54;234;195mmemory:  8.65GiB(10.92%)  [34mtps: 381  [36mtflops: 1.33  [35mmfu: 0.18%[39m
[titan] 2026-09-13 08:38:01,971 - root - INFO - [31mstep: 54  [32mloss: -1.00000  [38;2;180;60;0mgrad_norm:  1.1406  [38;2;54;234;195mmemory:  6.87GiB(8.68%)  [34mtps: 381  [36mtflops: 1.33  [35mmfu: 0.18%[39m
[titan] 2026-09-13 08:38:01,972 - root - INFO - [31mstep: 54  [32mloss: -1.00000  [38;2;180;60;0mgrad_norm:  1.1406  [38;2;54;234;195mmemory:  4.27GiB(5.39%)  [34mtps: 381  [36mtflops: 1.33  [35mmfu: 0.18%[39m
[titan] 2026-09-13 08:38:03,316 - root - INFO - [31mstep: 55  [32mloss: -1.00000  [38;2;180;60;0mgrad_norm:  1.3438  [38;2;54;234;195mmemory:  3.77GiB(4.76%)  [34mtps: 380  [36mtflops: 1.33  [35mmfu: 0.18%[39m
[titan] 2026-09-13 08:38:03,318 - root - INFO - [31mstep: 55  [32mloss:  2.70803  [38;2;180;60;0mgrad_norm:  1.3438  [38;2;54;234;195mmemory:  8.65GiB(10.92%)  [34mtps: 380  [36mtflops: 1.33  [35mmfu: 0.18%[39m
[titan] 2026-09-13 08:38:03,318 - root - INFO - [31mstep: 55  [32mloss: -1.00000  [38;2;180;60;0mgrad_norm:  1.3438  [38;2;54;234;195mmemory:  6.87GiB(8.68%)  [34mtps: 380  [36mtflops: 1.33  [35mmfu: 0.18%[39m
[titan] 2026-09-13 08:38:03,319 - root - INFO - [31mstep: 55  [32mloss: -1.00000  [38;2;180;60;0mgrad_norm:  1.3438  [38;2;54;234;195mmemory:  4.27GiB(5.39%)  [34mtps: 380  [36mtflops: 1.33  [35mmfu: 0.18%[39m
[titan] 2026-09-13 08:38:04,649 - root - INFO - [31mstep: 56  [32mloss: -1.00000  [38;2;180;60;0mgrad_norm:  1.4219  [38;2;54;234;195mmemory:  3.77GiB(4.76%)  [34mtps: 384  [36mtflops: 1.34  [35mmfu: 0.18%[39m
[titan] 2026-09-13 08:38:04,650 - root - INFO - [31mstep: 56  [32mloss:  2.61099  [38;2;180;60;0mgrad_norm:  1.4219  [38;2;54;234;195mmemory:  8.65GiB(10.92%)  [34mtps: 384  [36mtflops: 1.34  [35mmfu: 0.18%[39m
[titan] 2026-09-13 08:38:04,651 - root - INFO - [31mstep: 56  [32mloss: -1.00000  [38;2;180;60;0mgrad_norm:  1.4219  [38;2;54;234;195mmemory:  6.87GiB(8.68%)  [34mtps: 384  [36mtflops: 1.34  [35mmfu: 0.18%[39m
[titan] 2026-09-13 08:38:04,651 - root - INFO - [31mstep: 56  [32mloss: -1.00000  [38;2;180;60;0mgrad_norm:  1.4219  [38;2;54;234;195mmemory:  4.27GiB(5.39%)  [34mtps: 384  [36mtflops: 1.34  [35mmfu: 0.18%[39m
[titan] 2026-09-13 08:38:05,983 - root - INFO - [31mstep: 57  [32mloss: -1.00000  [38;2;180;60;0mgrad_norm:  1.4297  [38;2;54;234;195mmemory:  3.77GiB(4.76%)  [34mtps: 384  [36mtflops: 1.34  [35mmfu: 0.18%[39m
[titan] 2026-09-13 08:38:05,984 - root - INFO - [31mstep: 57  [32mloss:  2.56014  [38;2;180;60;0mgrad_norm:  1.4297  [38;2;54;234;195mmemory:  8.65GiB(10.92%)  [34mtps: 384  [36mtflops: 1.34  [35mmfu: 0.18%[39m
[titan] 2026-09-13 08:38:05,984 - root - INFO - [31mstep: 57  [32mloss: -1.00000  [38;2;180;60;0mgrad_norm:  1.4297  [38;2;54;234;195mmemory:  6.87GiB(8.68%)  [34mtps: 384  [36mtflops: 1.34  [35mmfu: 0.18%[39m
[titan] 2026-09-13 08:38:05,985 - root - INFO - [31mstep: 57  [32mloss: -1.00000  [38;2;180;60;0mgrad_norm:  1.4297  [38;2;54;234;195mmemory:  4.27GiB(5.39%)  [34mtps: 384  [36mtflops: 1.34  [35mmfu: 0.18%[39m
[titan] 2026-09-13 08:38:07,306 - root - INFO - [31mstep: 58  [32mloss: -1.00000  [38;2;180;60;0mgrad_norm:  1.5312  [38;2;54;234;195mmemory:  3.77GiB(4.76%)  [34mtps: 387  [36mtflops: 1.35  [35mmfu: 0.18%[39m
[titan] 2026-09-13 08:38:07,307 - root - INFO - [31mstep: 58  [32mloss:  2.51754  [38;2;180;60;0mgrad_norm:  1.5312  [38;2;54;234;195mmemory:  8.65GiB(10.92%)  [34mtps: 387  [36mtflops: 1.35  [35mmfu: 0.18%[39m
[titan] 2026-09-13 08:38:07,307 - root - INFO - [31mstep: 58  [32mloss: -1.00000  [38;2;180;60;0mgrad_norm:  1.5312  [38;2;54;234;195mmemory:  6.87GiB(8.68%)  [34mtps: 387  [36mtflops: 1.35  [35mmfu: 0.18%[39m
[titan] 2026-09-13 08:38:07,308 - root - INFO - [31mstep: 58  [32mloss: -1.00000  [38;2;180;60;0mgrad_norm:  1.5312  [38;2;54;234;195mmemory:  4.27GiB(5.39%)  [34mtps: 387  [36mtflops: 1.35  [35mmfu: 0.18%[39m
[titan] 2026-09-13 08:38:08,628 - root - INFO - [31mstep: 59  [32mloss: -1.00000  [38;2;180;60;0mgrad_norm:  1.4609  [38;2;54;234;195mmemory:  3.77GiB(4.76%)  [34mtps: 387  [36mtflops: 1.35  [35mmfu: 0.18%[39m
[titan] 2026-09-13 08:38:08,630 - root - INFO - [31mstep: 59  [32mloss:  2.46446  [38;2;180;60;0mgrad_norm:  1.4609  [38;2;54;234;195mmemory:  8.65GiB(10.92%)  [34mtps: 387  [36mtflops: 1.35  [35mmfu: 0.18%[39m
[titan] 2026-09-13 08:38:08,630 - root - INFO - [31mstep: 59  [32mloss: -1.00000  [38;2;180;60;0mgrad_norm:  1.4609  [38;2;54;234;195mmemory:  6.87GiB(8.68%)  [34mtps: 387  [36mtflops: 1.35  [35mmfu: 0.18%[39m
[titan] 2026-09-13 08:38:08,630 - root - INFO - [31mstep: 59  [32mloss: -1.00000  [38;2;180;60;0mgrad_norm:  1.4609  [38;2;54;234;195mmemory:  4.27GiB(5.39%)  [34mtps: 387  [36mtflops: 1.35  [35mmfu: 0.18%[39m
[titan] 2026-09-13 08:38:09,954 - root - INFO - [31mstep: 60  [32mloss: -1.00000  [38;2;180;60;0mgrad_norm:  1.4062  [38;2;54;234;195mmemory:  3.77GiB(4.76%)  [34mtps: 386  [36mtflops: 1.35  [35mmfu: 0.18%[39m
[titan] 2026-09-13 08:38:09,956 - root - INFO - [31mstep: 60  [32mloss:  2.72897  [38;2;180;60;0mgrad_norm:  1.4062  [38;2;54;234;195mmemory:  8.65GiB(10.92%)  [34mtps: 386  [36mtflops: 1.35  [35mmfu: 0.18%[39m
[titan] 2026-09-13 08:38:09,956 - root - INFO - [31mstep: 60  [32mloss: -1.00000  [38;2;180;60;0mgrad_norm:  1.4062  [38;2;54;234;195mmemory:  6.87GiB(8.68%)  [34mtps: 386  [36mtflops: 1.35  [35mmfu: 0.18%[39m
[titan] 2026-09-13 08:38:09,957 - root - INFO - [31mstep: 60  [32mloss: -1.00000  [38;2;180;60;0mgrad_norm:  1.4062  [38;2;54;234;195mmemory:  4.27GiB(5.39%)  [34mtps: 386  [36mtflops: 1.35  [35mmfu: 0.18%[39m
[titan] 2026-09-13 08:38:11,276 - root - INFO - [31mstep: 61  [32mloss: -1.00000  [38;2;180;60;0mgrad_norm:  1.3047  [38;2;54;234;195mmemory:  3.77GiB(4.76%)  [34mtps: 387  [36mtflops: 1.35  [35mmfu: 0.18%[39m
[titan] 2026-09-13 08:38:11,278 - root - INFO - [31mstep: 61  [32mloss:  2.59240  [38;2;180;60;0mgrad_norm:  1.3047  [38;2;54;234;195mmemory:  8.65GiB(10.92%)  [34mtps: 387  [36mtflops: 1.35  [35mmfu: 0.18%[39m
[titan] 2026-09-13 08:38:11,278 - root - INFO - [31mstep: 61  [32mloss: -1.00000  [38;2;180;60;0mgrad_norm:  1.3047  [38;2;54;234;195mmemory:  6.87GiB(8.68%)  [34mtps: 387  [36mtflops: 1.35  [35mmfu: 0.18%[39m
[titan] 2026-09-13 08:38:11,279 - root - INFO - [31mstep: 61  [32mloss: -1.00000  [38;2;180;60;0mgrad_norm:  1.3047  [38;2;54;234;195mmemory:  4.27GiB(5.39%)  [34mtps: 387  [36mtflops: 1.35  [35mmfu: 0.18%[39m
[titan] 2026-09-13 08:38:12,599 - root - INFO - [31mstep: 62  [32mloss: -1.00000  [38;2;180;60;0mgrad_norm:  1.3672  [38;2;54;234;195mmemory:  3.77GiB(4.76%)  [34mtps: 387  [36mtflops: 1.35  [35mmfu: 0.18%[39m
[titan] 2026-09-13 08:38:12,601 - root - INFO - [31mstep: 62  [32mloss:  2.47676  [38;2;180;60;0mgrad_norm:  1.3672  [38;2;54;234;195mmemory:  8.65GiB(10.92%)  [34mtps: 387  [36mtflops: 1.35  [35mmfu: 0.18%[39m
[titan] 2026-09-13 08:38:12,601 - root - INFO - [31mstep: 62  [32mloss: -1.00000  [38;2;180;60;0mgrad_norm:  1.3672  [38;2;54;234;195mmemory:  6.87GiB(8.68%)  [34mtps: 387  [36mtflops: 1.35  [35mmfu: 0.18%[39m
[titan] 2026-09-13 08:38:12,602 - root - INFO - [31mstep: 62  [32mloss: -1.00000  [38;2;180;60;0mgrad_norm:  1.3672  [38;2;54;234;195mmemory:  4.27GiB(5.39%)  [34mtps: 387  [36mtflops: 1.35  [35mmfu: 0.18%[39m
[titan] 2026-09-13 08:38:13,923 - root - INFO - [31mstep: 63  [32mloss: -1.00000  [38;2;180;60;0mgrad_norm:  1.2578  [38;2;54;234;195mmemory:  3.77GiB(4.76%)  [34mtps: 387  [36mtflops: 1.35  [35mmfu: 0.18%[39m
[titan] 2026-09-13 08:38:13,924 - root - INFO - [31mstep: 63  [32mloss:  2.47217  [38;2;180;60;0mgrad_norm:  1.2578  [38;2;54;234;195mmemory:  8.65GiB(10.92%)  [34mtps: 387  [36mtflops: 1.35  [35mmfu: 0.18%[39m
[titan] 2026-09-13 08:38:13,924 - root - INFO - [31mstep: 63  [32mloss: -1.00000  [38;2;180;60;0mgrad_norm:  1.2578  [38;2;54;234;195mmemory:  6.87GiB(8.68%)  [34mtps: 387  [36mtflops: 1.35  [35mmfu: 0.18%[39m
[titan] 2026-09-13 08:38:13,925 - root - INFO - [31mstep: 63  [32mloss: -1.00000  [38;2;180;60;0mgrad_norm:  1.2578  [38;2;54;234;195mmemory:  4.27GiB(5.39%)  [34mtps: 387  [36mtflops: 1.35  [35mmfu: 0.18%[39m
[titan] 2026-09-13 08:38:15,251 - root - INFO - [31mstep: 64  [32mloss: -1.00000  [38;2;180;60;0mgrad_norm:  1.1250  [38;2;54;234;195mmemory:  3.77GiB(4.76%)  [34mtps: 385  [36mtflops: 1.34  [35mmfu: 0.18%[39m
[titan] 2026-09-13 08:38:15,253 - root - INFO - [31mstep: 64  [32mloss:  2.61205  [38;2;180;60;0mgrad_norm:  1.1250  [38;2;54;234;195mmemory:  8.65GiB(10.92%)  [34mtps: 385  [36mtflops: 1.34  [35mmfu: 0.18%[39m
[titan] 2026-09-13 08:38:15,253 - root - INFO - [31mstep: 64  [32mloss: -1.00000  [38;2;180;60;0mgrad_norm:  1.1250  [38;2;54;234;195mmemory:  6.87GiB(8.68%)  [34mtps: 385  [36mtflops: 1.34  [35mmfu: 0.18%[39m
[titan] 2026-09-13 08:38:15,254 - root - INFO - [31mstep: 64  [32mloss: -1.00000  [38;2;180;60;0mgrad_norm:  1.1250  [38;2;54;234;195mmemory:  4.27GiB(5.39%)  [34mtps: 385  [36mtflops: 1.34  [35mmfu: 0.18%[39m
[titan] 2026-09-13 08:38:16,583 - root - INFO - [31mstep: 65  [32mloss: -1.00000  [38;2;180;60;0mgrad_norm:  1.1484  [38;2;54;234;195mmemory:  3.77GiB(4.76%)  [34mtps: 385  [36mtflops: 1.34  [35mmfu: 0.18%[39m
[titan] 2026-09-13 08:38:16,584 - root - INFO - [31mstep: 65  [32mloss:  2.54423  [38;2;180;60;0mgrad_norm:  1.1484  [38;2;54;234;195mmemory:  8.65GiB(10.92%)  [34mtps: 385  [36mtflops: 1.34  [35mmfu: 0.18%[39m
[titan] 2026-09-13 08:38:16,585 - root - INFO - [31mstep: 65  [32mloss: -1.00000  [38;2;180;60;0mgrad_norm:  1.1484  [38;2;54;234;195mmemory:  6.87GiB(8.68%)  [34mtps: 385  [36mtflops: 1.34  [35mmfu: 0.18%[39m
[titan] 2026-09-13 08:38:16,586 - root - INFO - [31mstep: 65  [32mloss: -1.00000  [38;2;180;60;0mgrad_norm:  1.1484  [38;2;54;234;195mmemory:  4.27GiB(5.39%)  [34mtps: 385  [36mtflops: 1.34  [35mmfu: 0.18%[39m
[titan] 2026-09-13 08:38:17,923 - root - INFO - [31mstep: 66  [32mloss: -1.00000  [38;2;180;60;0mgrad_norm:  1.1641  [38;2;54;234;195mmemory:  3.77GiB(4.76%)  [34mtps: 382  [36mtflops: 1.33  [35mmfu: 0.18%[39m
[titan] 2026-09-13 08:38:17,925 - root - INFO - [31mstep: 66  [32mloss: -1.00000  [38;2;180;60;0mgrad_norm:  1.1641  [38;2;54;234;195mmemory:  6.87GiB(8.68%)  [34mtps: 382  [36mtflops: 1.33  [35mmfu: 0.18%[39m
[titan] 2026-09-13 08:38:17,925 - root - INFO - [31mstep: 66  [32mloss:  2.55344  [38;2;180;60;0mgrad_norm:  1.1641  [38;2;54;234;195mmemory:  8.65GiB(10.92%)  [34mtps: 382  [36mtflops: 1.33  [35mmfu: 0.18%[39m
[titan] 2026-09-13 08:38:17,926 - root - INFO - [31mstep: 66  [32mloss: -1.00000  [38;2;180;60;0mgrad_norm:  1.1641  [38;2;54;234;195mmemory:  4.27GiB(5.39%)  [34mtps: 382  [36mtflops: 1.33  [35mmfu: 0.18%[39m
[titan] 2026-09-13 08:38:19,257 - root - INFO - [31mstep: 67  [32mloss: -1.00000  [38;2;180;60;0mgrad_norm:  1.0781  [38;2;54;234;195mmemory:  3.77GiB(4.76%)  [34mtps: 384  [36mtflops: 1.34  [35mmfu: 0.18%[39m
[titan] 2026-09-13 08:38:19,258 - root - INFO - [31mstep: 67  [32mloss:  2.54359  [38;2;180;60;0mgrad_norm:  1.0781  [38;2;54;234;195mmemory:  8.65GiB(10.92%)  [34mtps: 384  [36mtflops: 1.34  [35mmfu: 0.18%[39m
[titan] 2026-09-13 08:38:19,259 - root - INFO - [31mstep: 67  [32mloss: -1.00000  [38;2;180;60;0mgrad_norm:  1.0781  [38;2;54;234;195mmemory:  6.87GiB(8.68%)  [34mtps: 384  [36mtflops: 1.34  [35mmfu: 0.18%[39m
[titan] 2026-09-13 08:38:19,259 - root - INFO - [31mstep: 67  [32mloss: -1.00000  [38;2;180;60;0mgrad_norm:  1.0781  [38;2;54;234;195mmemory:  4.27GiB(5.39%)  [34mtps: 384  [36mtflops: 1.34  [35mmfu: 0.18%[39m
[titan] 2026-09-13 08:38:20,582 - root - INFO - [31mstep: 68  [32mloss: -1.00000  [38;2;180;60;0mgrad_norm:  1.1250  [38;2;54;234;195mmemory:  3.77GiB(4.76%)  [34mtps: 387  [36mtflops: 1.35  [35mmfu: 0.18%[39m
[titan] 2026-09-13 08:38:20,583 - root - INFO - [31mstep: 68  [32mloss:  2.57466  [38;2;180;60;0mgrad_norm:  1.1250  [38;2;54;234;195mmemory:  8.65GiB(10.92%)  [34mtps: 387  [36mtflops: 1.35  [35mmfu: 0.18%[39m
[titan] 2026-09-13 08:38:20,584 - root - INFO - [31mstep: 68  [32mloss: -1.00000  [38;2;180;60;0mgrad_norm:  1.1250  [38;2;54;234;195mmemory:  6.87GiB(8.68%)  [34mtps: 387  [36mtflops: 1.35  [35mmfu: 0.18%[39m
[titan] 2026-09-13 08:38:20,584 - root - INFO - [31mstep: 68  [32mloss: -1.00000  [38;2;180;60;0mgrad_norm:  1.1250  [38;2;54;234;195mmemory:  4.27GiB(5.39%)  [34mtps: 386  [36mtflops: 1.35  [35mmfu: 0.18%[39m
[titan] 2026-09-13 08:38:21,938 - root - INFO - [31mstep: 69  [32mloss: -1.00000  [38;2;180;60;0mgrad_norm:  0.9844  [38;2;54;234;195mmemory:  3.77GiB(4.76%)  [34mtps: 378  [36mtflops: 1.32  [35mmfu: 0.17%[39m
[titan] 2026-09-13 08:38:21,939 - root - INFO - [31mstep: 69  [32mloss:  2.54990  [38;2;180;60;0mgrad_norm:  0.9844  [38;2;54;234;195mmemory:  8.65GiB(10.92%)  [34mtps: 378  [36mtflops: 1.32  [35mmfu: 0.17%[39m
[titan] 2026-09-13 08:38:21,939 - root - INFO - [31mstep: 69  [32mloss: -1.00000  [38;2;180;60;0mgrad_norm:  0.9844  [38;2;54;234;195mmemory:  6.87GiB(8.68%)  [34mtps: 378  [36mtflops: 1.32  [35mmfu: 0.17%[39m
[titan] 2026-09-13 08:38:21,940 - root - INFO - [31mstep: 69  [32mloss: -1.00000  [38;2;180;60;0mgrad_norm:  0.9844  [38;2;54;234;195mmemory:  4.27GiB(5.39%)  [34mtps: 378  [36mtflops: 1.32  [35mmfu: 0.17%[39m
[titan] 2026-09-13 08:38:23,274 - root - INFO - [31mstep: 70  [32mloss: -1.00000  [38;2;180;60;0mgrad_norm:  0.9844  [38;2;54;234;195mmemory:  3.77GiB(4.76%)  [34mtps: 383  [36mtflops: 1.34  [35mmfu: 0.18%[39m
[titan] 2026-09-13 08:38:23,276 - root - INFO - [31mstep: 70  [32mloss:  2.61546  [38;2;180;60;0mgrad_norm:  0.9844  [38;2;54;234;195mmemory:  8.65GiB(10.92%)  [34mtps: 383  [36mtflops: 1.34  [35mmfu: 0.18%[39m
[titan] 2026-09-13 08:38:23,276 - root - INFO - [31mstep: 70  [32mloss: -1.00000  [38;2;180;60;0mgrad_norm:  0.9844  [38;2;54;234;195mmemory:  6.87GiB(8.68%)  [34mtps: 383  [36mtflops: 1.34  [35mmfu: 0.18%[39m
[titan] 2026-09-13 08:38:23,277 - root - INFO - [31mstep: 70  [32mloss: -1.00000  [38;2;180;60;0mgrad_norm:  0.9844  [38;2;54;234;195mmemory:  4.27GiB(5.39%)  [34mtps: 383  [36mtflops: 1.34  [35mmfu: 0.18%[39m
[titan] 2026-09-13 08:38:24,611 - root - INFO - [31mstep: 71  [32mloss: -1.00000  [38;2;180;60;0mgrad_norm:  1.2031  [38;2;54;234;195mmemory:  3.77GiB(4.76%)  [34mtps: 383  [36mtflops: 1.34  [35mmfu: 0.18%[39m
[titan] 2026-09-13 08:38:24,612 - root - INFO - [31mstep: 71  [32mloss:  2.46318  [38;2;180;60;0mgrad_norm:  1.2031  [38;2;54;234;195mmemory:  8.65GiB(10.92%)  [34mtps: 383  [36mtflops: 1.34  [35mmfu: 0.18%[39m
[titan] 2026-09-13 08:38:24,613 - root - INFO - [31mstep: 71  [32mloss: -1.00000  [38;2;180;60;0mgrad_norm:  1.2031  [38;2;54;234;195mmemory:  6.87GiB(8.68%)  [34mtps: 383  [36mtflops: 1.34  [35mmfu: 0.18%[39m
[titan] 2026-09-13 08:38:24,614 - root - INFO - [31mstep: 71  [32mloss: -1.00000  [38;2;180;60;0mgrad_norm:  1.2031  [38;2;54;234;195mmemory:  4.27GiB(5.39%)  [34mtps: 383  [36mtflops: 1.34  [35mmfu: 0.18%[39m
[titan] 2026-09-13 08:38:25,943 - root - INFO - [31mstep: 72  [32mloss: -1.00000  [38;2;180;60;0mgrad_norm:  1.1641  [38;2;54;234;195mmemory:  3.77GiB(4.76%)  [34mtps: 384  [36mtflops: 1.34  [35mmfu: 0.18%[39m
[titan] 2026-09-13 08:38:25,945 - root - INFO - [31mstep: 72  [32mloss:  2.42326  [38;2;180;60;0mgrad_norm:  1.1641  [38;2;54;234;195mmemory:  8.65GiB(10.92%)  [34mtps: 384  [36mtflops: 1.34  [35mmfu: 0.18%[39m
[titan] 2026-09-13 08:38:25,945 - root - INFO - [31mstep: 72  [32mloss: -1.00000  [38;2;180;60;0mgrad_norm:  1.1641  [38;2;54;234;195mmemory:  6.87GiB(8.68%)  [34mtps: 384  [36mtflops: 1.34  [35mmfu: 0.18%[39m
[titan] 2026-09-13 08:38:25,946 - root - INFO - [31mstep: 72  [32mloss: -1.00000  [38;2;180;60;0mgrad_norm:  1.1641  [38;2;54;234;195mmemory:  4.27GiB(5.39%)  [34mtps: 384  [36mtflops: 1.34  [35mmfu: 0.18%[39m
[titan] 2026-09-13 08:38:27,265 - root - INFO - [31mstep: 73  [32mloss: -1.00000  [38;2;180;60;0mgrad_norm:  1.1953  [38;2;54;234;195mmemory:  3.77GiB(4.76%)  [34mtps: 387  [36mtflops: 1.35  [35mmfu: 0.18%[39m
[titan] 2026-09-13 08:38:27,266 - root - INFO - [31mstep: 73  [32mloss:  2.53819  [38;2;180;60;0mgrad_norm:  1.1953  [38;2;54;234;195mmemory:  8.65GiB(10.92%)  [34mtps: 387  [36mtflops: 1.35  [35mmfu: 0.18%[39m
[titan] 2026-09-13 08:38:27,267 - root - INFO - [31mstep: 73  [32mloss: -1.00000  [38;2;180;60;0mgrad_norm:  1.1953  [38;2;54;234;195mmemory:  6.87GiB(8.68%)  [34mtps: 387  [36mtflops: 1.35  [35mmfu: 0.18%[39m
[titan] 2026-09-13 08:38:27,268 - root - INFO - [31mstep: 73  [32mloss: -1.00000  [38;2;180;60;0mgrad_norm:  1.1953  [38;2;54;234;195mmemory:  4.27GiB(5.39%)  [34mtps: 387  [36mtflops: 1.35  [35mmfu: 0.18%[39m
[titan] 2026-09-13 08:38:28,588 - root - INFO - [31mstep: 74  [32mloss: -1.00000  [38;2;180;60;0mgrad_norm:  0.9805  [38;2;54;234;195mmemory:  3.77GiB(4.76%)  [34mtps: 387  [36mtflops: 1.35  [35mmfu: 0.18%[39m
[titan] 2026-09-13 08:38:28,589 - root - INFO - [31mstep: 74  [32mloss:  2.54046  [38;2;180;60;0mgrad_norm:  0.9805  [38;2;54;234;195mmemory:  8.65GiB(10.92%)  [34mtps: 387  [36mtflops: 1.35  [35mmfu: 0.18%[39m
[titan] 2026-09-13 08:38:28,589 - root - INFO - [31mstep: 74  [32mloss: -1.00000  [38;2;180;60;0mgrad_norm:  0.9805  [38;2;54;234;195mmemory:  6.87GiB(8.68%)  [34mtps: 387  [36mtflops: 1.35  [35mmfu: 0.18%[39m
[titan] 2026-09-13 08:38:28,590 - root - INFO - [31mstep: 74  [32mloss: -1.00000  [38;2;180;60;0mgrad_norm:  0.9805  [38;2;54;234;195mmemory:  4.27GiB(5.39%)  [34mtps: 387  [36mtflops: 1.35  [35mmfu: 0.18%[39m
[titan] 2026-09-13 08:38:29,919 - root - INFO - [31mstep: 75  [32mloss: -1.00000  [38;2;180;60;0mgrad_norm:  1.0078  [38;2;54;234;195mmemory:  3.77GiB(4.76%)  [34mtps: 385  [36mtflops: 1.34  [35mmfu: 0.18%[39m
[titan] 2026-09-13 08:38:29,921 - root - INFO - [31mstep: 75  [32mloss:  2.42260  [38;2;180;60;0mgrad_norm:  1.0078  [38;2;54;234;195mmemory:  8.65GiB(10.92%)  [34mtps: 385  [36mtflops: 1.34  [35mmfu: 0.18%[39m
[titan] 2026-09-13 08:38:29,921 - root - INFO - [31mstep: 75  [32mloss: -1.00000  [38;2;180;60;0mgrad_norm:  1.0078  [38;2;54;234;195mmemory:  6.87GiB(8.68%)  [34mtps: 385  [36mtflops: 1.34  [35mmfu: 0.18%[39m
[titan] 2026-09-13 08:38:29,922 - root - INFO - [31mstep: 75  [32mloss: -1.00000  [38;2;180;60;0mgrad_norm:  1.0078  [38;2;54;234;195mmemory:  4.27GiB(5.39%)  [34mtps: 385  [36mtflops: 1.34  [35mmfu: 0.18%[39m
[titan] 2026-09-13 08:38:31,254 - root - INFO - [31mstep: 76  [32mloss: -1.00000  [38;2;180;60;0mgrad_norm:  1.3047  [38;2;54;234;195mmemory:  3.77GiB(4.76%)  [34mtps: 384  [36mtflops: 1.34  [35mmfu: 0.18%[39m
[titan] 2026-09-13 08:38:31,255 - root - INFO - [31mstep: 76  [32mloss:  2.51874  [38;2;180;60;0mgrad_norm:  1.3047  [38;2;54;234;195mmemory:  8.65GiB(10.92%)  [34mtps: 384  [36mtflops: 1.34  [35mmfu: 0.18%[39m
[titan] 2026-09-13 08:38:31,255 - root - INFO - [31mstep: 76  [32mloss: -1.00000  [38;2;180;60;0mgrad_norm:  1.3047  [38;2;54;234;195mmemory:  6.87GiB(8.68%)  [34mtps: 384  [36mtflops: 1.34  [35mmfu: 0.18%[39m
[titan] 2026-09-13 08:38:31,256 - root - INFO - [31mstep: 76  [32mloss: -1.00000  [38;2;180;60;0mgrad_norm:  1.3047  [38;2;54;234;195mmemory:  4.27GiB(5.39%)  [34mtps: 384  [36mtflops: 1.34  [35mmfu: 0.18%[39m
[titan] 2026-09-13 08:38:32,577 - root - INFO - [31mstep: 77  [32mloss: -1.00000  [38;2;180;60;0mgrad_norm:  0.9844  [38;2;54;234;195mmemory:  3.77GiB(4.76%)  [34mtps: 387  [36mtflops: 1.35  [35mmfu: 0.18%[39m
[titan] 2026-09-13 08:38:32,578 - root - INFO - [31mstep: 77  [32mloss:  2.45660  [38;2;180;60;0mgrad_norm:  0.9844  [38;2;54;234;195mmemory:  8.65GiB(10.92%)  [34mtps: 387  [36mtflops: 1.35  [35mmfu: 0.18%[39m
[titan] 2026-09-13 08:38:32,579 - root - INFO - [31mstep: 77  [32mloss: -1.00000  [38;2;180;60;0mgrad_norm:  0.9844  [38;2;54;234;195mmemory:  6.87GiB(8.68%)  [34mtps: 387  [36mtflops: 1.35  [35mmfu: 0.18%[39m
[titan] 2026-09-13 08:38:32,579 - root - INFO - [31mstep: 77  [32mloss: -1.00000  [38;2;180;60;0mgrad_norm:  0.9844  [38;2;54;234;195mmemory:  4.27GiB(5.39%)  [34mtps: 387  [36mtflops: 1.35  [35mmfu: 0.18%[39m
[titan] 2026-09-13 08:38:33,903 - root - INFO - [31mstep: 78  [32mloss: -1.00000  [38;2;180;60;0mgrad_norm:  1.3984  [38;2;54;234;195mmemory:  3.77GiB(4.76%)  [34mtps: 386  [36mtflops: 1.35  [35mmfu: 0.18%[39m
[titan] 2026-09-13 08:38:33,904 - root - INFO - [31mstep: 78  [32mloss:  2.52769  [38;2;180;60;0mgrad_norm:  1.3984  [38;2;54;234;195mmemory:  8.65GiB(10.92%)  [34mtps: 386  [36mtflops: 1.35  [35mmfu: 0.18%[39m
[titan] 2026-09-13 08:38:33,904 - root - INFO - [31mstep: 78  [32mloss: -1.00000  [38;2;180;60;0mgrad_norm:  1.3984  [38;2;54;234;195mmemory:  6.87GiB(8.68%)  [34mtps: 386  [36mtflops: 1.35  [35mmfu: 0.18%[39m
[titan] 2026-09-13 08:38:33,905 - root - INFO - [31mstep: 78  [32mloss: -1.00000  [38;2;180;60;0mgrad_norm:  1.3984  [38;2;54;234;195mmemory:  4.27GiB(5.39%)  [34mtps: 386  [36mtflops: 1.35  [35mmfu: 0.18%[39m
[titan] 2026-09-13 08:38:35,236 - root - INFO - [31mstep: 79  [32mloss: -1.00000  [38;2;180;60;0mgrad_norm:  1.3750  [38;2;54;234;195mmemory:  3.77GiB(4.76%)  [34mtps: 384  [36mtflops: 1.34  [35mmfu: 0.18%[39m
[titan] 2026-09-13 08:38:35,238 - root - INFO - [31mstep: 79  [32mloss:  2.43085  [38;2;180;60;0mgrad_norm:  1.3750  [38;2;54;234;195mmemory:  8.65GiB(10.92%)  [34mtps: 384  [36mtflops: 1.34  [35mmfu: 0.18%[39m
[titan] 2026-09-13 08:38:35,238 - root - INFO - [31mstep: 79  [32mloss: -1.00000  [38;2;180;60;0mgrad_norm:  1.3750  [38;2;54;234;195mmemory:  6.87GiB(8.68%)  [34mtps: 384  [36mtflops: 1.34  [35mmfu: 0.18%[39m
[titan] 2026-09-13 08:38:35,239 - root - INFO - [31mstep: 79  [32mloss: -1.00000  [38;2;180;60;0mgrad_norm:  1.3750  [38;2;54;234;195mmemory:  4.27GiB(5.39%)  [34mtps: 384  [36mtflops: 1.34  [35mmfu: 0.18%[39m
[titan] 2026-09-13 08:38:36,563 - root - INFO - [31mstep: 80  [32mloss: -1.00000  [38;2;180;60;0mgrad_norm:  1.3438  [38;2;54;234;195mmemory:  3.77GiB(4.76%)  [34mtps: 386  [36mtflops: 1.35  [35mmfu: 0.18%[39m
[titan] 2026-09-13 08:38:36,565 - root - INFO - [31mstep: 80  [32mloss:  2.44243  [38;2;180;60;0mgrad_norm:  1.3438  [38;2;54;234;195mmemory:  8.65GiB(10.92%)  [34mtps: 386  [36mtflops: 1.35  [35mmfu: 0.18%[39m
[titan] 2026-09-13 08:38:36,565 - root - INFO - [31mstep: 80  [32mloss: -1.00000  [38;2;180;60;0mgrad_norm:  1.3438  [38;2;54;234;195mmemory:  6.87GiB(8.68%)  [34mtps: 386  [36mtflops: 1.35  [35mmfu: 0.18%[39m
[titan] 2026-09-13 08:38:36,566 - root - INFO - [31mstep: 80  [32mloss: -1.00000  [38;2;180;60;0mgrad_norm:  1.3438  [38;2;54;234;195mmemory:  4.27GiB(5.39%)  [34mtps: 386  [36mtflops: 1.35  [35mmfu: 0.18%[39m
[titan] 2026-09-13 08:38:37,897 - root - INFO - [31mstep: 81  [32mloss: -1.00000  [38;2;180;60;0mgrad_norm:  0.8906  [38;2;54;234;195mmemory:  3.77GiB(4.76%)  [34mtps: 384  [36mtflops: 1.34  [35mmfu: 0.18%[39m
[titan] 2026-09-13 08:38:37,898 - root - INFO - [31mstep: 81  [32mloss:  2.43080  [38;2;180;60;0mgrad_norm:  0.8906  [38;2;54;234;195mmemory:  8.65GiB(10.92%)  [34mtps: 384  [36mtflops: 1.34  [35mmfu: 0.18%[39m
[titan] 2026-09-13 08:38:37,898 - root - INFO - [31mstep: 81  [32mloss: -1.00000  [38;2;180;60;0mgrad_norm:  0.8906  [38;2;54;234;195mmemory:  6.87GiB(8.68%)  [34mtps: 384  [36mtflops: 1.34  [35mmfu: 0.18%[39m
[titan] 2026-09-13 08:38:37,899 - root - INFO - [31mstep: 81  [32mloss: -1.00000  [38;2;180;60;0mgrad_norm:  0.8906  [38;2;54;234;195mmemory:  4.27GiB(5.39%)  [34mtps: 384  [36mtflops: 1.34  [35mmfu: 0.18%[39m
[titan] 2026-09-13 08:38:39,226 - root - INFO - [31mstep: 82  [32mloss: -1.00000  [38;2;180;60;0mgrad_norm:  0.9492  [38;2;54;234;195mmemory:  3.77GiB(4.76%)  [34mtps: 385  [36mtflops: 1.34  [35mmfu: 0.18%[39m
[titan] 2026-09-13 08:38:39,228 - root - INFO - [31mstep: 82  [32mloss:  2.35681  [38;2;180;60;0mgrad_norm:  0.9492  [38;2;54;234;195mmemory:  8.65GiB(10.92%)  [34mtps: 385  [36mtflops: 1.34  [35mmfu: 0.18%[39m
[titan] 2026-09-13 08:38:39,228 - root - INFO - [31mstep: 82  [32mloss: -1.00000  [38;2;180;60;0mgrad_norm:  0.9492  [38;2;54;234;195mmemory:  6.87GiB(8.68%)  [34mtps: 385  [36mtflops: 1.34  [35mmfu: 0.18%[39m
[titan] 2026-09-13 08:38:39,229 - root - INFO - [31mstep: 82  [32mloss: -1.00000  [38;2;180;60;0mgrad_norm:  0.9492  [38;2;54;234;195mmemory:  4.27GiB(5.39%)  [34mtps: 385  [36mtflops: 1.34  [35mmfu: 0.18%[39m
[titan] 2026-09-13 08:38:40,558 - root - INFO - [31mstep: 83  [32mloss: -1.00000  [38;2;180;60;0mgrad_norm:  1.1406  [38;2;54;234;195mmemory:  3.77GiB(4.76%)  [34mtps: 384  [36mtflops: 1.34  [35mmfu: 0.18%[39m
[titan] 2026-09-13 08:38:40,560 - root - INFO - [31mstep: 83  [32mloss:  2.41609  [38;2;180;60;0mgrad_norm:  1.1406  [38;2;54;234;195mmemory:  8.65GiB(10.92%)  [34mtps: 384  [36mtflops: 1.34  [35mmfu: 0.18%[39m
[titan] 2026-09-13 08:38:40,560 - root - INFO - [31mstep: 83  [32mloss: -1.00000  [38;2;180;60;0mgrad_norm:  1.1406  [38;2;54;234;195mmemory:  6.87GiB(8.68%)  [34mtps: 384  [36mtflops: 1.34  [35mmfu: 0.18%[39m
[titan] 2026-09-13 08:38:40,561 - root - INFO - [31mstep: 83  [32mloss: -1.00000  [38;2;180;60;0mgrad_norm:  1.1406  [38;2;54;234;195mmemory:  4.27GiB(5.39%)  [34mtps: 384  [36mtflops: 1.34  [35mmfu: 0.18%[39m
[titan] 2026-09-13 08:38:41,887 - root - INFO - [31mstep: 84  [32mloss: -1.00000  [38;2;180;60;0mgrad_norm:  1.0312  [38;2;54;234;195mmemory:  3.77GiB(4.76%)  [34mtps: 385  [36mtflops: 1.34  [35mmfu: 0.18%[39m
[titan] 2026-09-13 08:38:41,889 - root - INFO - [31mstep: 84  [32mloss:  2.49636  [38;2;180;60;0mgrad_norm:  1.0312  [38;2;54;234;195mmemory:  8.65GiB(10.92%)  [34mtps: 385  [36mtflops: 1.34  [35mmfu: 0.18%[39m
[titan] 2026-09-13 08:38:41,889 - root - INFO - [31mstep: 84  [32mloss: -1.00000  [38;2;180;60;0mgrad_norm:  1.0312  [38;2;54;234;195mmemory:  6.87GiB(8.68%)  [34mtps: 385  [36mtflops: 1.34  [35mmfu: 0.18%[39m
[titan] 2026-09-13 08:38:41,890 - root - INFO - [31mstep: 84  [32mloss: -1.00000  [38;2;180;60;0mgrad_norm:  1.0312  [38;2;54;234;195mmemory:  4.27GiB(5.39%)  [34mtps: 385  [36mtflops: 1.34  [35mmfu: 0.18%[39m
[titan] 2026-09-13 08:38:43,232 - root - INFO - [31mstep: 85  [32mloss: -1.00000  [38;2;180;60;0mgrad_norm:  1.4609  [38;2;54;234;195mmemory:  3.77GiB(4.76%)  [34mtps: 381  [36mtflops: 1.33  [35mmfu: 0.18%[39m
[titan] 2026-09-13 08:38:43,234 - root - INFO - [31mstep: 85  [32mloss:  2.59954  [38;2;180;60;0mgrad_norm:  1.4609  [38;2;54;234;195mmemory:  8.65GiB(10.92%)  [34mtps: 381  [36mtflops: 1.33  [35mmfu: 0.18%[39m
[titan] 2026-09-13 08:38:43,234 - root - INFO - [31mstep: 85  [32mloss: -1.00000  [38;2;180;60;0mgrad_norm:  1.4609  [38;2;54;234;195mmemory:  6.87GiB(8.68%)  [34mtps: 381  [36mtflops: 1.33  [35mmfu: 0.18%[39m
[titan] 2026-09-13 08:38:43,235 - root - INFO - [31mstep: 85  [32mloss: -1.00000  [38;2;180;60;0mgrad_norm:  1.4609  [38;2;54;234;195mmemory:  4.27GiB(5.39%)  [34mtps: 381  [36mtflops: 1.33  [35mmfu: 0.18%[39m
[titan] 2026-09-13 08:38:44,572 - root - INFO - [31mstep: 86  [32mloss: -1.00000  [38;2;180;60;0mgrad_norm:  1.0078  [38;2;54;234;195mmemory:  3.77GiB(4.76%)  [34mtps: 382  [36mtflops: 1.33  [35mmfu: 0.18%[39m
[titan] 2026-09-13 08:38:44,573 - root - INFO - [31mstep: 86  [32mloss:  2.40468  [38;2;180;60;0mgrad_norm:  1.0078  [38;2;54;234;195mmemory:  8.65GiB(10.92%)  [34mtps: 382  [36mtflops: 1.33  [35mmfu: 0.18%[39m
[titan] 2026-09-13 08:38:44,574 - root - INFO - [31mstep: 86  [32mloss: -1.00000  [38;2;180;60;0mgrad_norm:  1.0078  [38;2;54;234;195mmemory:  6.87GiB(8.68%)  [34mtps: 382  [36mtflops: 1.33  [35mmfu: 0.18%[39m
[titan] 2026-09-13 08:38:44,575 - root - INFO - [31mstep: 86  [32mloss: -1.00000  [38;2;180;60;0mgrad_norm:  1.0078  [38;2;54;234;195mmemory:  4.27GiB(5.39%)  [34mtps: 382  [36mtflops: 1.33  [35mmfu: 0.18%[39m
[titan] 2026-09-13 08:38:45,901 - root - INFO - [31mstep: 87  [32mloss: -1.00000  [38;2;180;60;0mgrad_norm:  0.9453  [38;2;54;234;195mmemory:  3.77GiB(4.76%)  [34mtps: 385  [36mtflops: 1.34  [35mmfu: 0.18%[39m
[titan] 2026-09-13 08:38:45,902 - root - INFO - [31mstep: 87  [32mloss:  2.38713  [38;2;180;60;0mgrad_norm:  0.9453  [38;2;54;234;195mmemory:  8.65GiB(10.92%)  [34mtps: 385  [36mtflops: 1.34  [35mmfu: 0.18%[39m
[titan] 2026-09-13 08:38:45,902 - root - INFO - [31mstep: 87  [32mloss: -1.00000  [38;2;180;60;0mgrad_norm:  0.9453  [38;2;54;234;195mmemory:  6.87GiB(8.68%)  [34mtps: 385  [36mtflops: 1.34  [35mmfu: 0.18%[39m
[titan] 2026-09-13 08:38:45,903 - root - INFO - [31mstep: 87  [32mloss: -1.00000  [38;2;180;60;0mgrad_norm:  0.9453  [38;2;54;234;195mmemory:  4.27GiB(5.39%)  [34mtps: 385  [36mtflops: 1.34  [35mmfu: 0.18%[39m
[titan] 2026-09-13 08:38:47,254 - root - INFO - [31mstep: 88  [32mloss: -1.00000  [38;2;180;60;0mgrad_norm:  0.8398  [38;2;54;234;195mmemory:  3.77GiB(4.76%)  [34mtps: 378  [36mtflops: 1.32  [35mmfu: 0.17%[39m
[titan] 2026-09-13 08:38:47,255 - root - INFO - [31mstep: 88  [32mloss:  2.52537  [38;2;180;60;0mgrad_norm:  0.8398  [38;2;54;234;195mmemory:  8.65GiB(10.92%)  [34mtps: 378  [36mtflops: 1.32  [35mmfu: 0.17%[39m
[titan] 2026-09-13 08:38:47,256 - root - INFO - [31mstep: 88  [32mloss: -1.00000  [38;2;180;60;0mgrad_norm:  0.8398  [38;2;54;234;195mmemory:  6.87GiB(8.68%)  [34mtps: 378  [36mtflops: 1.32  [35mmfu: 0.17%[39m
[titan] 2026-09-13 08:38:47,256 - root - INFO - [31mstep: 88  [32mloss: -1.00000  [38;2;180;60;0mgrad_norm:  0.8398  [38;2;54;234;195mmemory:  4.27GiB(5.39%)  [34mtps: 378  [36mtflops: 1.32  [35mmfu: 0.17%[39m
[titan] 2026-09-13 08:38:48,591 - root - INFO - [31mstep: 89  [32mloss: -1.00000  [38;2;180;60;0mgrad_norm:  0.9531  [38;2;54;234;195mmemory:  3.77GiB(4.76%)  [34mtps: 383  [36mtflops: 1.34  [35mmfu: 0.18%[39m
[titan] 2026-09-13 08:38:48,593 - root - INFO - [31mstep: 89  [32mloss:  2.43871  [38;2;180;60;0mgrad_norm:  0.9531  [38;2;54;234;195mmemory:  8.65GiB(10.92%)  [34mtps: 383  [36mtflops: 1.34  [35mmfu: 0.18%[39m
[titan] 2026-09-13 08:38:48,593 - root - INFO - [31mstep: 89  [32mloss: -1.00000  [38;2;180;60;0mgrad_norm:  0.9531  [38;2;54;234;195mmemory:  6.87GiB(8.68%)  [34mtps: 383  [36mtflops: 1.34  [35mmfu: 0.18%[39m
[titan] 2026-09-13 08:38:48,594 - root - INFO - [31mstep: 89  [32mloss: -1.00000  [38;2;180;60;0mgrad_norm:  0.9531  [38;2;54;234;195mmemory:  4.27GiB(5.39%)  [34mtps: 383  [36mtflops: 1.34  [35mmfu: 0.18%[39m
[titan] 2026-09-13 08:38:49,928 - root - INFO - [31mstep: 90  [32mloss: -1.00000  [38;2;180;60;0mgrad_norm:  0.8477  [38;2;54;234;195mmemory:  3.77GiB(4.76%)  [34mtps: 383  [36mtflops: 1.34  [35mmfu: 0.18%[39m
[titan] 2026-09-13 08:38:49,929 - root - INFO - [31mstep: 90  [32mloss:  2.35849  [38;2;180;60;0mgrad_norm:  0.8477  [38;2;54;234;195mmemory:  8.65GiB(10.92%)  [34mtps: 383  [36mtflops: 1.34  [35mmfu: 0.18%[39m
[titan] 2026-09-13 08:38:49,930 - root - INFO - [31mstep: 90  [32mloss: -1.00000  [38;2;180;60;0mgrad_norm:  0.8477  [38;2;54;234;195mmemory:  6.87GiB(8.68%)  [34mtps: 383  [36mtflops: 1.34  [35mmfu: 0.18%[39m
[titan] 2026-09-13 08:38:49,930 - root - INFO - [31mstep: 90  [32mloss: -1.00000  [38;2;180;60;0mgrad_norm:  0.8477  [38;2;54;234;195mmemory:  4.27GiB(5.39%)  [34mtps: 383  [36mtflops: 1.34  [35mmfu: 0.18%[39m
[titan] 2026-09-13 08:38:51,255 - root - INFO - [31mstep: 91  [32mloss: -1.00000  [38;2;180;60;0mgrad_norm:  1.0078  [38;2;54;234;195mmemory:  3.77GiB(4.76%)  [34mtps: 386  [36mtflops: 1.35  [35mmfu: 0.18%[39m
[titan] 2026-09-13 08:38:51,257 - root - INFO - [31mstep: 91  [32mloss:  2.46381  [38;2;180;60;0mgrad_norm:  1.0078  [38;2;54;234;195mmemory:  8.65GiB(10.92%)  [34mtps: 386  [36mtflops: 1.35  [35mmfu: 0.18%[39m
[titan] 2026-09-13 08:38:51,257 - root - INFO - [31mstep: 91  [32mloss: -1.00000  [38;2;180;60;0mgrad_norm:  1.0078  [38;2;54;234;195mmemory:  6.87GiB(8.68%)  [34mtps: 386  [36mtflops: 1.35  [35mmfu: 0.18%[39m
[titan] 2026-09-13 08:38:51,258 - root - INFO - [31mstep: 91  [32mloss: -1.00000  [38;2;180;60;0mgrad_norm:  1.0078  [38;2;54;234;195mmemory:  4.27GiB(5.39%)  [34mtps: 386  [36mtflops: 1.35  [35mmfu: 0.18%[39m
[titan] 2026-09-13 08:38:52,580 - root - INFO - [31mstep: 92  [32mloss: -1.00000  [38;2;180;60;0mgrad_norm:  1.1250  [38;2;54;234;195mmemory:  3.77GiB(4.76%)  [34mtps: 387  [36mtflops: 1.35  [35mmfu: 0.18%[39m
[titan] 2026-09-13 08:38:52,581 - root - INFO - [31mstep: 92  [32mloss:  2.60897  [38;2;180;60;0mgrad_norm:  1.1250  [38;2;54;234;195mmemory:  8.65GiB(10.92%)  [34mtps: 387  [36mtflops: 1.35  [35mmfu: 0.18%[39m
[titan] 2026-09-13 08:38:52,581 - root - INFO - [31mstep: 92  [32mloss: -1.00000  [38;2;180;60;0mgrad_norm:  1.1250  [38;2;54;234;195mmemory:  6.87GiB(8.68%)  [34mtps: 387  [36mtflops: 1.35  [35mmfu: 0.18%[39m
[titan] 2026-09-13 08:38:52,582 - root - INFO - [31mstep: 92  [32mloss: -1.00000  [38;2;180;60;0mgrad_norm:  1.1250  [38;2;54;234;195mmemory:  4.27GiB(5.39%)  [34mtps: 387  [36mtflops: 1.35  [35mmfu: 0.18%[39m
[titan] 2026-09-13 08:38:53,923 - root - INFO - [31mstep: 93  [32mloss: -1.00000  [38;2;180;60;0mgrad_norm:  0.9336  [38;2;54;234;195mmemory:  3.77GiB(4.76%)  [34mtps: 381  [36mtflops: 1.33  [35mmfu: 0.18%[39m
[titan] 2026-09-13 08:38:53,924 - root - INFO - [31mstep: 93  [32mloss:  2.38927  [38;2;180;60;0mgrad_norm:  0.9336  [38;2;54;234;195mmemory:  8.65GiB(10.92%)  [34mtps: 381  [36mtflops: 1.33  [35mmfu: 0.18%[39m
[titan] 2026-09-13 08:38:53,924 - root - INFO - [31mstep: 93  [32mloss: -1.00000  [38;2;180;60;0mgrad_norm:  0.9336  [38;2;54;234;195mmemory:  6.87GiB(8.68%)  [34mtps: 381  [36mtflops: 1.33  [35mmfu: 0.18%[39m
[titan] 2026-09-13 08:38:53,925 - root - INFO - [31mstep: 93  [32mloss: -1.00000  [38;2;180;60;0mgrad_norm:  0.9336  [38;2;54;234;195mmemory:  4.27GiB(5.39%)  [34mtps: 381  [36mtflops: 1.33  [35mmfu: 0.18%[39m
[titan] 2026-09-13 08:38:55,247 - root - INFO - [31mstep: 94  [32mloss: -1.00000  [38;2;180;60;0mgrad_norm:  1.0859  [38;2;54;234;195mmemory:  3.77GiB(4.76%)  [34mtps: 387  [36mtflops: 1.35  [35mmfu: 0.18%[39m
[titan] 2026-09-13 08:38:55,248 - root - INFO - [31mstep: 94  [32mloss:  2.42968  [38;2;180;60;0mgrad_norm:  1.0859  [38;2;54;234;195mmemory:  8.65GiB(10.92%)  [34mtps: 387  [36mtflops: 1.35  [35mmfu: 0.18%[39m
[titan] 2026-09-13 08:38:55,248 - root - INFO - [31mstep: 94  [32mloss: -1.00000  [38;2;180;60;0mgrad_norm:  1.0859  [38;2;54;234;195mmemory:  6.87GiB(8.68%)  [34mtps: 387  [36mtflops: 1.35  [35mmfu: 0.18%[39m
[titan] 2026-09-13 08:38:55,249 - root - INFO - [31mstep: 94  [32mloss: -1.00000  [38;2;180;60;0mgrad_norm:  1.0859  [38;2;54;234;195mmemory:  4.27GiB(5.39%)  [34mtps: 387  [36mtflops: 1.35  [35mmfu: 0.18%[39m
[titan] 2026-09-13 08:38:56,576 - root - INFO - [31mstep: 95  [32mloss: -1.00000  [38;2;180;60;0mgrad_norm:  0.9297  [38;2;54;234;195mmemory:  3.77GiB(4.76%)  [34mtps: 385  [36mtflops: 1.34  [35mmfu: 0.18%[39m
[titan] 2026-09-13 08:38:56,577 - root - INFO - [31mstep: 95  [32mloss:  2.39542  [38;2;180;60;0mgrad_norm:  0.9297  [38;2;54;234;195mmemory:  8.65GiB(10.92%)  [34mtps: 385  [36mtflops: 1.34  [35mmfu: 0.18%[39m
[titan] 2026-09-13 08:38:56,578 - root - INFO - [31mstep: 95  [32mloss: -1.00000  [38;2;180;60;0mgrad_norm:  0.9297  [38;2;54;234;195mmemory:  6.87GiB(8.68%)  [34mtps: 385  [36mtflops: 1.34  [35mmfu: 0.18%[39m
[titan] 2026-09-13 08:38:56,578 - root - INFO - [31mstep: 95  [32mloss: -1.00000  [38;2;180;60;0mgrad_norm:  0.9297  [38;2;54;234;195mmemory:  4.27GiB(5.39%)  [34mtps: 385  [36mtflops: 1.34  [35mmfu: 0.18%[39m
[titan] 2026-09-13 08:38:57,903 - root - INFO - [31mstep: 96  [32mloss: -1.00000  [38;2;180;60;0mgrad_norm:  0.9336  [38;2;54;234;195mmemory:  3.77GiB(4.76%)  [34mtps: 386  [36mtflops: 1.35  [35mmfu: 0.18%[39m
[titan] 2026-09-13 08:38:57,904 - root - INFO - [31mstep: 96  [32mloss:  2.49741  [38;2;180;60;0mgrad_norm:  0.9336  [38;2;54;234;195mmemory:  8.65GiB(10.92%)  [34mtps: 386  [36mtflops: 1.35  [35mmfu: 0.18%[39m
[titan] 2026-09-13 08:38:57,905 - root - INFO - [31mstep: 96  [32mloss: -1.00000  [38;2;180;60;0mgrad_norm:  0.9336  [38;2;54;234;195mmemory:  6.87GiB(8.68%)  [34mtps: 386  [36mtflops: 1.35  [35mmfu: 0.18%[39m
[titan] 2026-09-13 08:38:57,905 - root - INFO - [31mstep: 96  [32mloss: -1.00000  [38;2;180;60;0mgrad_norm:  0.9336  [38;2;54;234;195mmemory:  4.27GiB(5.39%)  [34mtps: 386  [36mtflops: 1.35  [35mmfu: 0.18%[39m
[titan] 2026-09-13 08:38:59,229 - root - INFO - [31mstep: 97  [32mloss: -1.00000  [38;2;180;60;0mgrad_norm:  1.1016  [38;2;54;234;195mmemory:  3.77GiB(4.76%)  [34mtps: 386  [36mtflops: 1.35  [35mmfu: 0.18%[39m
[titan] 2026-09-13 08:38:59,230 - root - INFO - [31mstep: 97  [32mloss:  2.27744  [38;2;180;60;0mgrad_norm:  1.1016  [38;2;54;234;195mmemory:  8.65GiB(10.92%)  [34mtps: 386  [36mtflops: 1.35  [35mmfu: 0.18%[39m
[titan] 2026-09-13 08:38:59,230 - root - INFO - [31mstep: 97  [32mloss: -1.00000  [38;2;180;60;0mgrad_norm:  1.1016  [38;2;54;234;195mmemory:  6.87GiB(8.68%)  [34mtps: 386  [36mtflops: 1.35  [35mmfu: 0.18%[39m
[titan] 2026-09-13 08:38:59,231 - root - INFO - [31mstep: 97  [32mloss: -1.00000  [38;2;180;60;0mgrad_norm:  1.1016  [38;2;54;234;195mmemory:  4.27GiB(5.39%)  [34mtps: 386  [36mtflops: 1.35  [35mmfu: 0.18%[39m
[titan] 2026-09-13 08:39:00,565 - root - INFO - [31mstep: 98  [32mloss: -1.00000  [38;2;180;60;0mgrad_norm:  0.8633  [38;2;54;234;195mmemory:  3.77GiB(4.76%)  [34mtps: 383  [36mtflops: 1.34  [35mmfu: 0.18%[39m
[titan] 2026-09-13 08:39:00,566 - root - INFO - [31mstep: 98  [32mloss:  2.37596  [38;2;180;60;0mgrad_norm:  0.8633  [38;2;54;234;195mmemory:  8.65GiB(10.92%)  [34mtps: 383  [36mtflops: 1.34  [35mmfu: 0.18%[39m
[titan] 2026-09-13 08:39:00,566 - root - INFO - [31mstep: 98  [32mloss: -1.00000  [38;2;180;60;0mgrad_norm:  0.8633  [38;2;54;234;195mmemory:  6.87GiB(8.68%)  [34mtps: 383  [36mtflops: 1.34  [35mmfu: 0.18%[39m
[titan] 2026-09-13 08:39:00,567 - root - INFO - [31mstep: 98  [32mloss: -1.00000  [38;2;180;60;0mgrad_norm:  0.8633  [38;2;54;234;195mmemory:  4.27GiB(5.39%)  [34mtps: 383  [36mtflops: 1.34  [35mmfu: 0.18%[39m
[titan] 2026-09-13 08:39:01,892 - root - INFO - [31mstep: 99  [32mloss: -1.00000  [38;2;180;60;0mgrad_norm:  0.8281  [38;2;54;234;195mmemory:  3.77GiB(4.76%)  [34mtps: 386  [36mtflops: 1.35  [35mmfu: 0.18%[39m
[titan] 2026-09-13 08:39:01,893 - root - INFO - [31mstep: 99  [32mloss:  2.44486  [38;2;180;60;0mgrad_norm:  0.8281  [38;2;54;234;195mmemory:  8.65GiB(10.92%)  [34mtps: 386  [36mtflops: 1.35  [35mmfu: 0.18%[39m
[titan] 2026-09-13 08:39:01,893 - root - INFO - [31mstep: 99  [32mloss: -1.00000  [38;2;180;60;0mgrad_norm:  0.8281  [38;2;54;234;195mmemory:  6.87GiB(8.68%)  [34mtps: 386  [36mtflops: 1.35  [35mmfu: 0.18%[39m
[titan] 2026-09-13 08:39:01,894 - root - INFO - [31mstep: 99  [32mloss: -1.00000  [38;2;180;60;0mgrad_norm:  0.8281  [38;2;54;234;195mmemory:  4.27GiB(5.39%)  [34mtps: 386  [36mtflops: 1.35  [35mmfu: 0.18%[39m
[titan] 2026-09-13 08:39:02,030 - root - INFO - [GC] Performing periodic GC collection took 0.14 seconds
[titan] 2026-09-13 08:39:02,075 - root - INFO - [GC] Performing periodic GC collection took 0.18 seconds
[titan] 2026-09-13 08:39:02,082 - root - INFO - [GC] Performing periodic GC collection took 0.19 seconds
[titan] 2026-09-13 08:39:02,184 - root - INFO - [GC] Performing periodic GC collection took 0.29 seconds
[titan] 2026-09-13 08:39:03,511 - root - INFO - [31mstep: 100  [32mloss: -1.00000  [38;2;180;60;0mgrad_norm:  0.8828  [38;2;54;234;195mmemory:  3.77GiB(4.76%)  [34mtps: 316  [36mtflops: 1.10  [35mmfu: 0.15%[39m
[titan] 2026-09-13 08:39:03,512 - root - INFO - Saving the checkpoint.
[titan] 2026-09-13 08:39:03,512 - root - INFO - Saving a full checkpoint at last step, step 100.
[titan] 2026-09-13 08:39:03,513 - root - INFO - [31mstep: 100  [32mloss:  2.46780  [38;2;180;60;0mgrad_norm:  0.8828  [38;2;54;234;195mmemory:  8.65GiB(10.92%)  [34mtps: 316  [36mtflops: 1.10  [35mmfu: 0.15%[39m
[titan] 2026-09-13 08:39:03,513 - root - INFO - [31mstep: 100  [32mloss: -1.00000  [38;2;180;60;0mgrad_norm:  0.8828  [38;2;54;234;195mmemory:  6.87GiB(8.68%)  [34mtps: 316  [36mtflops: 1.10  [35mmfu: 0.15%[39m
[titan] 2026-09-13 08:39:03,513 - root - INFO - Saving the checkpoint.
[titan] 2026-09-13 08:39:03,513 - root - INFO - Saving a full checkpoint at last step, step 100.
[titan] 2026-09-13 08:39:03,514 - root - INFO - Saving the checkpoint.
[titan] 2026-09-13 08:39:03,514 - root - INFO - Saving a full checkpoint at last step, step 100.
[titan] 2026-09-13 08:39:03,514 - root - INFO - [31mstep: 100  [32mloss: -1.00000  [38;2;180;60;0mgrad_norm:  0.8828  [38;2;54;234;195mmemory:  4.27GiB(5.39%)  [34mtps: 316  [36mtflops: 1.10  [35mmfu: 0.15%[39m
[titan] 2026-09-13 08:39:03,514 - root - INFO - Saving the checkpoint.
[titan] 2026-09-13 08:39:03,514 - root - INFO - Saving a full checkpoint at last step, step 100.
[titan] 2026-09-13 08:39:08,747 - root - INFO - [GC] GC collection invoked by checkpointer. took 0.05 seconds
[titan] 2026-09-13 08:39:08,752 - root - INFO - [GC] GC collection invoked by checkpointer. took 0.04 seconds
[titan] 2026-09-13 08:39:08,753 - root - INFO - Last step checkpoint completed in 5.24s
[titan] 2026-09-13 08:39:08,753 - root - INFO - Sleeping 2 seconds for other ranks to complete
[titan] 2026-09-13 08:39:08,757 - root - INFO - Last step checkpoint completed in 5.24s
[titan] 2026-09-13 08:39:08,757 - root - INFO - Training completed
[titan] 2026-09-13 08:39:08,761 - root - INFO - [GC] GC collection invoked by checkpointer. took 0.05 seconds
[titan] 2026-09-13 08:39:08,763 - root - INFO - Destroying the purge thread.
[titan] 2026-09-13 08:39:08,764 - root - INFO - [GC] GC collection invoked by checkpointer. took 0.04 seconds
[titan] 2026-09-13 08:39:08,767 - root - INFO - Last step checkpoint completed in 5.25s
[titan] 2026-09-13 08:39:08,767 - root - INFO - Training completed
[titan] 2026-09-13 08:39:08,769 - root - INFO - Last step checkpoint completed in 5.26s
[titan] 2026-09-13 08:39:08,769 - root - INFO - Training completed
[titan] 2026-09-13 08:39:08,773 - root - INFO - Destroying the purge thread.
[titan] 2026-09-13 08:39:08,778 - root - INFO - Destroying the purge thread.
[titan] 2026-09-13 08:39:10,753 - root - INFO - Training completed
[titan] 2026-09-13 08:39:10,761 - root - INFO - Destroying the purge thread.
[titan] 2026-09-13 08:39:11,043 - root - INFO - Process group destroyed
[titan] 2026-09-13 08:39:11,045 - root - INFO - Process group destroyed
[titan] 2026-09-13 08:39:11,046 - root - INFO - Process group destroyed
[titan] 2026-09-13 08:39:11,132 - root - INFO - Process group destroyed
