W0913 19:28:13.218000 1530401 torch/distributed/run.py:982] 
W0913 19:28:13.218000 1530401 torch/distributed/run.py:982] *****************************************
W0913 19:28:13.218000 1530401 torch/distributed/run.py:982] Setting OMP_NUM_THREADS environment variable for each process to be 1 in default, to avoid your system being overloaded, please further tune the variable for optimal performance in your application as needed. 
W0913 19:28:13.218000 1530401 torch/distributed/run.py:982] *****************************************
WARNING:absl:Failed to load jax profiler: No module named 'jax'
WARNING:absl:Failed to load jax profiler: No module named 'jax'
WARNING:absl:Failed to load jax profiler: No module named 'jax'
WARNING:absl:Failed to load jax profiler: No module named 'jax'
WARNING:absl:Failed to load jax profiler: No module named 'jax'
WARNING:absl:Failed to load jax profiler: No module named 'jax'
WARNING:absl:Failed to load jax profiler: No module named 'jax'
WARNING:absl:Failed to load jax profiler: No module named 'jax'
W0913 19:28:20.727000 1530474 torch/utils/_pytree.py:630] <enum 'KernelPreference'> is an Enum subclass and is now natively supported by torch.compile as an opaque value type. Calling register_constant() on Enum subclasses is deprecated and will be an error in a future release.
W0913 19:28:20.761000 1530474 torch/utils/_pytree.py:630] <enum 'ScaleCalculationMode'> is an Enum subclass and is now natively supported by torch.compile as an opaque value type. Calling register_constant() on Enum subclasses is deprecated and will be an error in a future release.
[titan] 2026-09-13 19:28:21,605 - root - INFO - torchtitan version: 0.0.0+unknown (0.0.0 means __version__ is not defined correctly).
W0913 19:28:21.768000 1530475 torch/utils/_pytree.py:630] <enum 'KernelPreference'> is an Enum subclass and is now natively supported by torch.compile as an opaque value type. Calling register_constant() on Enum subclasses is deprecated and will be an error in a future release.
W0913 19:28:21.802000 1530475 torch/utils/_pytree.py:630] <enum 'ScaleCalculationMode'> is an Enum subclass and is now natively supported by torch.compile as an opaque value type. Calling register_constant() on Enum subclasses is deprecated and will be an error in a future release.
[titan] 2026-09-13 19:28:22,192 - root - WARNING - initial_load_model_only=True has no effect without an initial_load_path.
W0913 19:28:22.241000 1530468 torch/utils/_pytree.py:630] <enum 'KernelPreference'> is an Enum subclass and is now natively supported by torch.compile as an opaque value type. Calling register_constant() on Enum subclasses is deprecated and will be an error in a future release.
W0913 19:28:22.277000 1530468 torch/utils/_pytree.py:630] <enum 'ScaleCalculationMode'> is an Enum subclass and is now natively supported by torch.compile as an opaque value type. Calling register_constant() on Enum subclasses is deprecated and will be an error in a future release.
[titan] 2026-09-13 19:28:22,286 - root - WARNING - initial_load_model_only=True has no effect without an initial_load_path.
[titan] 2026-09-13 19:28:22,287 - torchtitan.observability.structured_logger.jsonl_handler - INFO - Structured logging -> JSONL: /workspace/pp_gradprobe_warm/tri_bf16_c/structured_logs/training.global_rank_6.20260913-192822-UEQT9B.jsonl
W0913 19:28:22.336000 1530473 torch/utils/_pytree.py:630] <enum 'KernelPreference'> is an Enum subclass and is now natively supported by torch.compile as an opaque value type. Calling register_constant() on Enum subclasses is deprecated and will be an error in a future release.
W0913 19:28:22.371000 1530473 torch/utils/_pytree.py:630] <enum 'ScaleCalculationMode'> is an Enum subclass and is now natively supported by torch.compile as an opaque value type. Calling register_constant() on Enum subclasses is deprecated and will be an error in a future release.
W0913 19:28:22.438000 1530471 torch/utils/_pytree.py:630] <enum 'KernelPreference'> is an Enum subclass and is now natively supported by torch.compile as an opaque value type. Calling register_constant() on Enum subclasses is deprecated and will be an error in a future release.
W0913 19:28:22.479000 1530471 torch/utils/_pytree.py:630] <enum 'ScaleCalculationMode'> is an Enum subclass and is now natively supported by torch.compile as an opaque value type. Calling register_constant() on Enum subclasses is deprecated and will be an error in a future release.
[titan] 2026-09-13 19:28:22,502 - root - INFO - torchtitan version: 0.0.0+unknown (0.0.0 means __version__ is not defined correctly).
[titan] 2026-09-13 19:28:22,513 - root - INFO - Enabled BF16x9 emulation for FP32 CUDA matmuls
[titan] 2026-09-13 19:28:22,513 - root - WARNING - ENV[TORCH_NCCL_ASYNC_ERROR_HANDLING] = 1 will be overridden to 3 based on job config
W0913 19:28:22.527000 1530472 torch/utils/_pytree.py:630] <enum 'KernelPreference'> is an Enum subclass and is now natively supported by torch.compile as an opaque value type. Calling register_constant() on Enum subclasses is deprecated and will be an error in a future release.
W0913 19:28:22.542000 1530470 torch/utils/_pytree.py:630] <enum 'KernelPreference'> is an Enum subclass and is now natively supported by torch.compile as an opaque value type. Calling register_constant() on Enum subclasses is deprecated and will be an error in a future release.
W0913 19:28:22.554000 1530469 torch/utils/_pytree.py:630] <enum 'KernelPreference'> is an Enum subclass and is now natively supported by torch.compile as an opaque value type. Calling register_constant() on Enum subclasses is deprecated and will be an error in a future release.
W0913 19:28:22.561000 1530472 torch/utils/_pytree.py:630] <enum 'ScaleCalculationMode'> is an Enum subclass and is now natively supported by torch.compile as an opaque value type. Calling register_constant() on Enum subclasses is deprecated and will be an error in a future release.
W0913 19:28:22.576000 1530470 torch/utils/_pytree.py:630] <enum 'ScaleCalculationMode'> is an Enum subclass and is now natively supported by torch.compile as an opaque value type. Calling register_constant() on Enum subclasses is deprecated and will be an error in a future release.
W0913 19:28:22.588000 1530469 torch/utils/_pytree.py:630] <enum 'ScaleCalculationMode'> is an Enum subclass and is now natively supported by torch.compile as an opaque value type. Calling register_constant() on Enum subclasses is deprecated and will be an error in a future release.
[titan] 2026-09-13 19:28:23,036 - root - INFO - torchtitan version: 0.0.0+unknown (0.0.0 means __version__ is not defined correctly).
[titan] 2026-09-13 19:28:23,070 - root - INFO - torchtitan version: 0.0.0+unknown (0.0.0 means __version__ is not defined correctly).
[titan] 2026-09-13 19:28:23,084 - root - WARNING - initial_load_model_only=True has no effect without an initial_load_path.
[titan] 2026-09-13 19:28:23,132 - root - INFO - torchtitan version: 0.0.0+unknown (0.0.0 means __version__ is not defined correctly).
[titan] 2026-09-13 19:28:23,177 - root - WARNING - initial_load_model_only=True has no effect without an initial_load_path.
[titan] 2026-09-13 19:28:23,178 - torchtitan.observability.structured_logger.jsonl_handler - INFO - Structured logging -> JSONL: /workspace/pp_gradprobe_warm/tri_bf16_c/structured_logs/training.global_rank_7.20260913-192823-IYVOV5.jsonl
[titan] 2026-09-13 19:28:23,194 - root - INFO - torchtitan version: 0.0.0+unknown (0.0.0 means __version__ is not defined correctly).
[titan] 2026-09-13 19:28:23,209 - root - INFO - torchtitan version: 0.0.0+unknown (0.0.0 means __version__ is not defined correctly).
[titan] 2026-09-13 19:28:23,243 - root - INFO - torchtitan version: 0.0.0+unknown (0.0.0 means __version__ is not defined correctly).
[titan] 2026-09-13 19:28:23,323 - root - INFO - Enabled BF16x9 emulation for FP32 CUDA matmuls
[titan] 2026-09-13 19:28:23,323 - root - WARNING - ENV[TORCH_NCCL_ASYNC_ERROR_HANDLING] = 1 will be overridden to 3 based on job config
[titan] 2026-09-13 19:28:23,624 - root - WARNING - initial_load_model_only=True has no effect without an initial_load_path.
[titan] 2026-09-13 19:28:23,661 - root - WARNING - initial_load_model_only=True has no effect without an initial_load_path.
[titan] 2026-09-13 19:28:23,717 - root - WARNING - initial_load_model_only=True has no effect without an initial_load_path.
[titan] 2026-09-13 19:28:23,718 - torchtitan.observability.structured_logger.jsonl_handler - INFO - Structured logging -> JSONL: /workspace/pp_gradprobe_warm/tri_bf16_c/structured_logs/training.global_rank_0.20260913-192823-NHDEJ7.jsonl
[titan] 2026-09-13 19:28:23,718 - root - WARNING - initial_load_model_only=True has no effect without an initial_load_path.
[titan] 2026-09-13 19:28:23,754 - root - WARNING - initial_load_model_only=True has no effect without an initial_load_path.
[titan] 2026-09-13 19:28:23,755 - torchtitan.observability.structured_logger.jsonl_handler - INFO - Structured logging -> JSONL: /workspace/pp_gradprobe_warm/tri_bf16_c/structured_logs/training.global_rank_5.20260913-192823-DMW2SF.jsonl
[titan] 2026-09-13 19:28:23,773 - root - WARNING - initial_load_model_only=True has no effect without an initial_load_path.
[titan] 2026-09-13 19:28:23,796 - root - WARNING - initial_load_model_only=True has no effect without an initial_load_path.
[titan] 2026-09-13 19:28:23,811 - root - WARNING - initial_load_model_only=True has no effect without an initial_load_path.
[titan] 2026-09-13 19:28:23,813 - torchtitan.observability.structured_logger.jsonl_handler - INFO - Structured logging -> JSONL: /workspace/pp_gradprobe_warm/tri_bf16_c/structured_logs/training.global_rank_3.20260913-192823-ZEU824.jsonl
[titan] 2026-09-13 19:28:23,827 - root - WARNING - initial_load_model_only=True has no effect without an initial_load_path.
[titan] 2026-09-13 19:28:23,866 - root - WARNING - initial_load_model_only=True has no effect without an initial_load_path.
[titan] 2026-09-13 19:28:23,867 - torchtitan.observability.structured_logger.jsonl_handler - INFO - Structured logging -> JSONL: /workspace/pp_gradprobe_warm/tri_bf16_c/structured_logs/training.global_rank_4.20260913-192823-VXLPFD.jsonl
[titan] 2026-09-13 19:28:23,889 - root - WARNING - initial_load_model_only=True has no effect without an initial_load_path.
[titan] 2026-09-13 19:28:23,891 - torchtitan.observability.structured_logger.jsonl_handler - INFO - Structured logging -> JSONL: /workspace/pp_gradprobe_warm/tri_bf16_c/structured_logs/training.global_rank_2.20260913-192823-M6OF24.jsonl
[titan] 2026-09-13 19:28:23,920 - root - WARNING - initial_load_model_only=True has no effect without an initial_load_path.
[titan] 2026-09-13 19:28:23,921 - torchtitan.observability.structured_logger.jsonl_handler - INFO - Structured logging -> JSONL: /workspace/pp_gradprobe_warm/tri_bf16_c/structured_logs/training.global_rank_1.20260913-192823-LPFM7M.jsonl
[titan] 2026-09-13 19:28:24,294 - root - INFO - Enabled BF16x9 emulation for FP32 CUDA matmuls
[titan] 2026-09-13 19:28:24,294 - root - WARNING - ENV[TORCH_NCCL_ASYNC_ERROR_HANDLING] = 1 will be overridden to 3 based on job config
[titan] 2026-09-13 19:28:24,350 - root - INFO - Enabled BF16x9 emulation for FP32 CUDA matmuls
[titan] 2026-09-13 19:28:24,350 - root - WARNING - ENV[TORCH_NCCL_ASYNC_ERROR_HANDLING] = 1 will be overridden to 3 based on job config
[titan] 2026-09-13 19:28:24,435 - root - INFO - Enabled BF16x9 emulation for FP32 CUDA matmuls
[titan] 2026-09-13 19:28:24,436 - root - WARNING - ENV[TORCH_NCCL_ASYNC_ERROR_HANDLING] = 1 will be overridden to 3 based on job config
[titan] 2026-09-13 19:28:24,443 - root - INFO - Enabled BF16x9 emulation for FP32 CUDA matmuls
[titan] 2026-09-13 19:28:24,443 - root - WARNING - ENV[TORCH_NCCL_ASYNC_ERROR_HANDLING] = 1 will be overridden to 3 based on job config
[titan] 2026-09-13 19:28:24,450 - root - INFO - Enabled BF16x9 emulation for FP32 CUDA matmuls
[titan] 2026-09-13 19:28:24,450 - root - WARNING - ENV[TORCH_NCCL_ASYNC_ERROR_HANDLING] = 1 will be overridden to 3 based on job config
[titan] 2026-09-13 19:28:24,459 - root - INFO - Enabled BF16x9 emulation for FP32 CUDA matmuls
[titan] 2026-09-13 19:28:24,459 - root - WARNING - ENV[TORCH_NCCL_ASYNC_ERROR_HANDLING] = 1 will be overridden to 3 based on job config
[titan] 2026-09-13 19:28:24,978 - root - INFO - [GC] Initial GC collection took 0.00 seconds
[titan] 2026-09-13 19:28:24,978 - root - INFO - Deterministic algorithm enabled (expect perf degradation).
[titan] 2026-09-13 19:28:24,979 - root - INFO - [GC] Initial GC collection took 0.00 seconds
[titan] 2026-09-13 19:28:24,979 - root - INFO - Deterministic algorithm enabled (expect perf degradation).
[titan] 2026-09-13 19:28:24,982 - root - INFO - [GC] Initial GC collection took 0.00 seconds
[titan] 2026-09-13 19:28:24,982 - root - INFO - Deterministic algorithm enabled (expect perf degradation).
[titan] 2026-09-13 19:28:24,982 - root - INFO - [GC] Initial GC collection took 0.00 seconds
[titan] 2026-09-13 19:28:24,982 - root - INFO - Deterministic algorithm enabled (expect perf degradation).
[titan] 2026-09-13 19:28:24,985 - root - INFO - [GC] Initial GC collection took 0.00 seconds
[titan] 2026-09-13 19:28:24,985 - root - INFO - Deterministic algorithm enabled (expect perf degradation).
[titan] 2026-09-13 19:28:24,985 - root - INFO - [GC] Initial GC collection took 0.00 seconds
[titan] 2026-09-13 19:28:24,986 - root - INFO - Deterministic algorithm enabled (expect perf degradation).
[titan] 2026-09-13 19:28:24,986 - root - INFO - [GC] Initial GC collection took 0.00 seconds
[titan] 2026-09-13 19:28:24,986 - root - INFO - Deterministic algorithm enabled (expect perf degradation).
[titan] 2026-09-13 19:28:24,989 - root - INFO - [GC] Initial GC collection took 0.00 seconds
[titan] 2026-09-13 19:28:24,989 - root - INFO - Deterministic algorithm enabled (expect perf degradation).
[titan] 2026-09-13 19:28:24,993 - root - INFO - Building device mesh with parallelism: pp=8, dp_replicate=1, dp_shard=1, cp=1, tp=1, ep=1
[titan] 2026-09-13 19:28:24,993 - root - INFO - Building device mesh with parallelism: pp=8, dp_replicate=1, dp_shard=1, cp=1, tp=1, ep=1
[titan] 2026-09-13 19:28:24,997 - root - INFO - Building device mesh with parallelism: pp=8, dp_replicate=1, dp_shard=1, cp=1, tp=1, ep=1
[titan] 2026-09-13 19:28:25,000 - root - INFO - Building device mesh with parallelism: pp=8, dp_replicate=1, dp_shard=1, cp=1, tp=1, ep=1
[titan] 2026-09-13 19:28:25,001 - root - INFO - Building device mesh with parallelism: pp=8, dp_replicate=1, dp_shard=1, cp=1, tp=1, ep=1
[titan] 2026-09-13 19:28:25,004 - root - INFO - Building device mesh with parallelism: pp=8, dp_replicate=1, dp_shard=1, cp=1, tp=1, ep=1
[titan] 2026-09-13 19:28:25,011 - root - INFO - Building device mesh with parallelism: pp=8, dp_replicate=1, dp_shard=1, cp=1, tp=1, ep=1
[titan] 2026-09-13 19:28:25,014 - root - INFO - Building device mesh with parallelism: pp=8, dp_replicate=1, dp_shard=1, cp=1, tp=1, ep=1
[titan] 2026-09-13 19:28:26,879 - root - INFO - Successfully created meshes with active dimensions: ['pp']
[titan] 2026-09-13 19:28:26,879 - root - INFO - Successfully created meshes with active dimensions: ['pp']
[titan] 2026-09-13 19:28:26,879 - root - INFO - Successfully created meshes with active dimensions: ['pp']
[titan] 2026-09-13 19:28:26,879 - root - INFO - Successfully created meshes with active dimensions: ['pp']
[titan] 2026-09-13 19:28:26,879 - root - INFO - Successfully created meshes with active dimensions: ['pp']
[titan] 2026-09-13 19:28:26,880 - root - INFO - Successfully created meshes with active dimensions: ['pp']
[titan] 2026-09-13 19:28:26,883 - root - INFO - Successfully created meshes with active dimensions: ['pp']
[titan] 2026-09-13 19:28:26,883 - root - INFO - Successfully created meshes with active dimensions: ['pp']
[titan] 2026-09-13 19:28:26,889 - root - INFO - Building kimi_k3 debugmodel
[titan] 2026-09-13 19:28:26,889 - root - INFO - Building kimi_k3 debugmodel
[titan] 2026-09-13 19:28:26,889 - root - INFO - Building kimi_k3 debugmodel
[titan] 2026-09-13 19:28:26,889 - root - INFO - Building kimi_k3 debugmodel
[titan] 2026-09-13 19:28:26,890 - root - INFO - Building kimi_k3 debugmodel
[titan] 2026-09-13 19:28:26,890 - root - INFO - Building kimi_k3 debugmodel
[titan] 2026-09-13 19:28:26,899 - root - INFO - Building kimi_k3 debugmodel
[titan] 2026-09-13 19:28:26,899 - root - INFO - Building kimi_k3 debugmodel
[titan] 2026-09-13 19:28:27,098 - root - INFO - CUDA capacity: NVIDIA GeForce RTX 5060 Ti with 15.48GiB memory
[titan] 2026-09-13 19:28:27,098 - root - INFO - CUDA capacity: NVIDIA GeForce RTX 5060 Ti with 15.48GiB memory
[titan] 2026-09-13 19:28:27,103 - root - WARNING - Error running lspci: [Errno 2] No such file or directory: 'lspci', fallback to use device_name
[titan] 2026-09-13 19:28:27,103 - root - WARNING - Peak flops undefined for: NVIDIA GeForce RTX 5060 Ti, fallback to A100
[titan] 2026-09-13 19:28:27,103 - root - WARNING - Error running lspci: [Errno 2] No such file or directory: 'lspci', fallback to use device_name
[titan] 2026-09-13 19:28:27,103 - root - WARNING - Peak flops undefined for: NVIDIA GeForce RTX 5060 Ti, fallback to A100
[titan] 2026-09-13 19:28:27,103 - root - INFO - CUDA capacity: NVIDIA GeForce RTX 5060 Ti with 15.48GiB memory
[titan] 2026-09-13 19:28:27,107 - root - WARNING - Error running lspci: [Errno 2] No such file or directory: 'lspci', fallback to use device_name
[titan] 2026-09-13 19:28:27,107 - root - WARNING - Peak flops undefined for: NVIDIA GeForce RTX 5060 Ti, fallback to A100
[titan] 2026-09-13 19:28:27,108 - root - INFO - CUDA capacity: NVIDIA GeForce RTX 5060 Ti with 15.48GiB memory
[titan] 2026-09-13 19:28:27,109 - root - INFO - CUDA capacity: NVIDIA GeForce RTX 5060 Ti with 15.48GiB memory
[titan] 2026-09-13 19:28:27,109 - root - INFO - Total parameter count: 1,119,984,672, active parameters: 535,879,200
[titan] 2026-09-13 19:28:27,109 - root - INFO - [34mModel kimi_k3 debugmodel [31msize: 1,119,984,672 total parameters[39m
[titan] 2026-09-13 19:28:27,109 - root - INFO - Total parameter count: 1,119,984,672, active parameters: 535,879,200
[titan] 2026-09-13 19:28:27,109 - root - INFO - [34mModel kimi_k3 debugmodel [31msize: 1,119,984,672 total parameters[39m
[titan] 2026-09-13 19:28:27,111 - root - INFO - CUDA capacity: NVIDIA GeForce RTX 5060 Ti with 15.48GiB memory
[titan] 2026-09-13 19:28:27,111 - root - WARNING - Error running lspci: [Errno 2] No such file or directory: 'lspci', fallback to use device_name
[titan] 2026-09-13 19:28:27,111 - root - WARNING - Peak flops undefined for: NVIDIA GeForce RTX 5060 Ti, fallback to A100
[titan] 2026-09-13 19:28:27,111 - root - WARNING - Error running lspci: [Errno 2] No such file or directory: 'lspci', fallback to use device_name
[titan] 2026-09-13 19:28:27,111 - root - WARNING - Peak flops undefined for: NVIDIA GeForce RTX 5060 Ti, fallback to A100
[titan] 2026-09-13 19:28:27,114 - root - INFO - Total parameter count: 1,119,984,672, active parameters: 535,879,200
[titan] 2026-09-13 19:28:27,114 - root - INFO - [34mModel kimi_k3 debugmodel [31msize: 1,119,984,672 total parameters[39m
[titan] 2026-09-13 19:28:27,115 - root - WARNING - Error running lspci: [Errno 2] No such file or directory: 'lspci', fallback to use device_name
[titan] 2026-09-13 19:28:27,115 - root - WARNING - Peak flops undefined for: NVIDIA GeForce RTX 5060 Ti, fallback to A100
[titan] 2026-09-13 19:28:27,118 - root - INFO - Total parameter count: 1,119,984,672, active parameters: 535,879,200
[titan] 2026-09-13 19:28:27,118 - root - INFO - [34mModel kimi_k3 debugmodel [31msize: 1,119,984,672 total parameters[39m
[titan] 2026-09-13 19:28:27,118 - root - INFO - Total parameter count: 1,119,984,672, active parameters: 535,879,200
[titan] 2026-09-13 19:28:27,118 - root - INFO - [34mModel kimi_k3 debugmodel [31msize: 1,119,984,672 total parameters[39m
[titan] 2026-09-13 19:28:27,121 - root - INFO - Total parameter count: 1,119,984,672, active parameters: 535,879,200
[titan] 2026-09-13 19:28:27,121 - root - INFO - [34mModel kimi_k3 debugmodel [31msize: 1,119,984,672 total parameters[39m
[titan] 2026-09-13 19:28:27,138 - root - INFO - CUDA capacity: NVIDIA GeForce RTX 5060 Ti with 15.48GiB memory
[titan] 2026-09-13 19:28:27,139 - root - INFO - CUDA capacity: NVIDIA GeForce RTX 5060 Ti with 15.48GiB memory
[titan] 2026-09-13 19:28:27,142 - root - WARNING - Error running lspci: [Errno 2] No such file or directory: 'lspci', fallback to use device_name
[titan] 2026-09-13 19:28:27,142 - root - WARNING - Peak flops undefined for: NVIDIA GeForce RTX 5060 Ti, fallback to A100
[titan] 2026-09-13 19:28:27,143 - root - WARNING - Error running lspci: [Errno 2] No such file or directory: 'lspci', fallback to use device_name
[titan] 2026-09-13 19:28:27,143 - root - WARNING - Peak flops undefined for: NVIDIA GeForce RTX 5060 Ti, fallback to A100
[titan] 2026-09-13 19:28:27,149 - root - INFO - Total parameter count: 1,119,984,672, active parameters: 535,879,200
[titan] 2026-09-13 19:28:27,149 - root - INFO - [34mModel kimi_k3 debugmodel [31msize: 1,119,984,672 total parameters[39m
[titan] 2026-09-13 19:28:27,149 - root - INFO - Total parameter count: 1,119,984,672, active parameters: 535,879,200
[titan] 2026-09-13 19:28:27,149 - root - INFO - [34mModel kimi_k3 debugmodel [31msize: 1,119,984,672 total parameters[39m
[rank1]:W0913 19:28:27.221000 1530469 torch/_logging/_internal.py:1394] Pipeline parallelism is using an eager NCCL communicator. Consider creating its process group with backend="nccl-lazy" so peer communicators are initialized lazily and traffic to different peers can overlap.
[titan] 2026-09-13 19:28:27,222 - root - INFO - PP rank 1 is building stage_idx 1 with modules ['layers.1', 'layers.2']
[rank3]:W0913 19:28:27.223000 1530471 torch/_logging/_internal.py:1394] Pipeline parallelism is using an eager NCCL communicator. Consider creating its process group with backend="nccl-lazy" so peer communicators are initialized lazily and traffic to different peers can overlap.
[titan] 2026-09-13 19:28:27,224 - root - INFO - PP rank 3 is building stage_idx 3 with modules ['layers.5', 'layers.6']
[rank4]:W0913 19:28:27.228000 1530472 torch/_logging/_internal.py:1394] Pipeline parallelism is using an eager NCCL communicator. Consider creating its process group with backend="nccl-lazy" so peer communicators are initialized lazily and traffic to different peers can overlap.
[titan] 2026-09-13 19:28:27,229 - root - INFO - PP rank 4 is building stage_idx 4 with modules ['layers.7', 'layers.8']
[rank0]:W0913 19:28:27.230000 1530468 torch/_logging/_internal.py:1394] Pipeline parallelism is using an eager NCCL communicator. Consider creating its process group with backend="nccl-lazy" so peer communicators are initialized lazily and traffic to different peers can overlap.
[titan] 2026-09-13 19:28:27,231 - root - INFO - PP rank 0 is building stage_idx 0 with modules ['vision_encoder', 'tok_embeddings', 'layers.0']
[rank5]:W0913 19:28:27.231000 1530473 torch/_logging/_internal.py:1394] Pipeline parallelism is using an eager NCCL communicator. Consider creating its process group with backend="nccl-lazy" so peer communicators are initialized lazily and traffic to different peers can overlap.
[titan] 2026-09-13 19:28:27,232 - root - INFO - PP rank 5 is building stage_idx 5 with modules ['layers.9', 'layers.10']
[rank7]:W0913 19:28:27.234000 1530475 torch/_logging/_internal.py:1394] Pipeline parallelism is using an eager NCCL communicator. Consider creating its process group with backend="nccl-lazy" so peer communicators are initialized lazily and traffic to different peers can overlap.
[titan] 2026-09-13 19:28:27,235 - root - INFO - PP rank 7 is building stage_idx 7 with modules ['layers.13', 'layers.14']
[rank6]:W0913 19:28:27.260000 1530474 torch/_logging/_internal.py:1394] Pipeline parallelism is using an eager NCCL communicator. Consider creating its process group with backend="nccl-lazy" so peer communicators are initialized lazily and traffic to different peers can overlap.
[titan] 2026-09-13 19:28:27,261 - root - INFO - PP rank 6 is building stage_idx 6 with modules ['layers.11', 'layers.12']
[rank2]:W0913 19:28:27.261000 1530470 torch/_logging/_internal.py:1394] Pipeline parallelism is using an eager NCCL communicator. Consider creating its process group with backend="nccl-lazy" so peer communicators are initialized lazily and traffic to different peers can overlap.
[titan] 2026-09-13 19:28:27,262 - root - INFO - PP rank 2 is building stage_idx 2 with modules ['layers.3', 'layers.4']
[titan] 2026-09-13 19:28:27,330 - root - INFO - PP rank 1 is building stage_idx 9 with modules ['layers.17', 'layers.18']
[titan] 2026-09-13 19:28:27,337 - root - INFO - PP rank 3 is building stage_idx 11 with modules ['layers.20']
[titan] 2026-09-13 19:28:27,339 - root - INFO - PP rank 0 is building stage_idx 8 with modules ['layers.15', 'layers.16']
[titan] 2026-09-13 19:28:27,340 - root - INFO - PP rank 5 is building stage_idx 13 with modules ['layers.22']
[titan] 2026-09-13 19:28:27,342 - root - INFO - Applied SelectiveAC activation checkpointing to the model
[titan] 2026-09-13 19:28:27,342 - root - INFO - PP rank 4 is building stage_idx 12 with modules ['layers.21']
[titan] 2026-09-13 19:28:27,343 - root - INFO - PP rank 7 is building stage_idx 15 with modules ['norm', 'lm_head', 'output_res_proj', 'output_res_norm']
[titan] 2026-09-13 19:28:27,348 - root - INFO - Applied SelectiveAC activation checkpointing to the model
[titan] 2026-09-13 19:28:27,350 - root - INFO - Applied SelectiveAC activation checkpointing to the model
[titan] 2026-09-13 19:28:27,350 - root - INFO - Applied SelectiveAC activation checkpointing to the model
[titan] 2026-09-13 19:28:27,353 - root - INFO - Applied SelectiveAC activation checkpointing to the model
[titan] 2026-09-13 19:28:27,354 - root - INFO - Applied SelectiveAC activation checkpointing to the model
[titan] 2026-09-13 19:28:27,355 - root - INFO - Applied SelectiveAC activation checkpointing to the model
[titan] 2026-09-13 19:28:27,368 - root - INFO - PP rank 6 is building stage_idx 14 with modules ['layers.23']
[titan] 2026-09-13 19:28:27,369 - root - INFO - PP rank 2 is building stage_idx 10 with modules ['layers.19']
[titan] 2026-09-13 19:28:27,378 - root - INFO - Applied SelectiveAC activation checkpointing to the model
[titan] 2026-09-13 19:28:27,380 - root - INFO - Applied SelectiveAC activation checkpointing to the model
[titan] 2026-09-13 19:28:27,391 - root - INFO - Applied FSDP to the model
[titan] 2026-09-13 19:28:27,395 - root - INFO - Applied SelectiveAC activation checkpointing to the model
[titan] 2026-09-13 19:28:27,400 - root - INFO - Applied FSDP to the model
[titan] 2026-09-13 19:28:27,403 - root - INFO - Applied SelectiveAC activation checkpointing to the model
[titan] 2026-09-13 19:28:27,404 - root - INFO - Applied FSDP to the model
[titan] 2026-09-13 19:28:27,404 - root - INFO - Applied FSDP to the model
[titan] 2026-09-13 19:28:27,405 - root - INFO - Applied SelectiveAC activation checkpointing to the model
[titan] 2026-09-13 19:28:27,406 - root - INFO - Applied FSDP to the model
[titan] 2026-09-13 19:28:27,406 - root - WARNING - Number of microbatches (4) is less than the total number of stages (16) which may result in a bubble in the pipeline.
[titan] 2026-09-13 19:28:27,407 - root - INFO - Applied SelectiveAC activation checkpointing to the model
[titan] 2026-09-13 19:28:27,408 - root - INFO - Applied FSDP to the model
[titan] 2026-09-13 19:28:27,408 - root - WARNING - Number of microbatches (4) is less than the total number of stages (16) which may result in a bubble in the pipeline.
[titan] 2026-09-13 19:28:27,408 - root - INFO - Using pipeline schedule Interleaved1F1B with 4 microbatches and 16 stages.
[titan] 2026-09-13 19:28:27,408 - root - INFO - Kimi K3 pipeline: 2 stage(s) on this rank [1, 9], block transport delta with rank store
[titan] 2026-09-13 19:28:27,409 - root - INFO - Applied FSDP to the model
[titan] 2026-09-13 19:28:27,409 - root - WARNING - Number of microbatches (4) is less than the total number of stages (16) which may result in a bubble in the pipeline.
[titan] 2026-09-13 19:28:27,409 - root - INFO - Using pipeline schedule Interleaved1F1B with 4 microbatches and 16 stages.
[titan] 2026-09-13 19:28:27,409 - root - INFO - Kimi K3 pipeline: 2 stage(s) on this rank [7, 15], block transport delta with rank store
[titan] 2026-09-13 19:28:27,410 - root - INFO - Using pipeline schedule Interleaved1F1B with 4 microbatches and 16 stages.
[titan] 2026-09-13 19:28:27,410 - root - INFO - Applied FSDP to the model
[titan] 2026-09-13 19:28:27,410 - root - INFO - Kimi K3 pipeline: 2 stage(s) on this rank [3, 11], block transport delta with rank store
[titan] 2026-09-13 19:28:27,412 - root - INFO - Applied FSDP to the model
[titan] 2026-09-13 19:28:27,412 - root - INFO - Applied FSDP to the model
[titan] 2026-09-13 19:28:27,412 - root - WARNING - Number of microbatches (4) is less than the total number of stages (16) which may result in a bubble in the pipeline.
[titan] 2026-09-13 19:28:27,414 - root - INFO - Using pipeline schedule Interleaved1F1B with 4 microbatches and 16 stages.
[titan] 2026-09-13 19:28:27,414 - root - INFO - Kimi K3 pipeline: 2 stage(s) on this rank [5, 13], block transport delta with rank store
[titan] 2026-09-13 19:28:27,414 - root - INFO - Applied SelectiveAC activation checkpointing to the model
[titan] 2026-09-13 19:28:27,415 - root - INFO - Applied SelectiveAC activation checkpointing to the model
[titan] 2026-09-13 19:28:27,420 - root - INFO - Applied FSDP to the model
[titan] 2026-09-13 19:28:27,421 - root - WARNING - Number of microbatches (4) is less than the total number of stages (16) which may result in a bubble in the pipeline.
[titan] 2026-09-13 19:28:27,422 - root - INFO - Using pipeline schedule Interleaved1F1B with 4 microbatches and 16 stages.
[titan] 2026-09-13 19:28:27,422 - root - INFO - Kimi K3 pipeline: 2 stage(s) on this rank [4, 12], block transport delta with rank store
[titan] 2026-09-13 19:28:27,436 - root - INFO - Applied FSDP to the model
[titan] 2026-09-13 19:28:27,437 - root - INFO - Applied FSDP to the model
[titan] 2026-09-13 19:28:27,439 - root - INFO - Applied SelectiveAC activation checkpointing to the model
[titan] 2026-09-13 19:28:27,439 - root - INFO - Applied SelectiveAC activation checkpointing to the model
[titan] 2026-09-13 19:28:27,444 - root - INFO - Applied FSDP to the model
[titan] 2026-09-13 19:28:27,444 - root - WARNING - Number of microbatches (4) is less than the total number of stages (16) which may result in a bubble in the pipeline.
[titan] 2026-09-13 19:28:27,444 - root - INFO - Applied FSDP to the model
[titan] 2026-09-13 19:28:27,444 - root - WARNING - Number of microbatches (4) is less than the total number of stages (16) which may result in a bubble in the pipeline.
[titan] 2026-09-13 19:28:27,445 - root - INFO - Using pipeline schedule Interleaved1F1B with 4 microbatches and 16 stages.
[titan] 2026-09-13 19:28:27,445 - root - INFO - Using pipeline schedule Interleaved1F1B with 4 microbatches and 16 stages.
[titan] 2026-09-13 19:28:27,445 - root - INFO - Kimi K3 pipeline: 2 stage(s) on this rank [2, 10], block transport delta with rank store
[titan] 2026-09-13 19:28:27,445 - root - INFO - Kimi K3 pipeline: 2 stage(s) on this rank [6, 14], block transport delta with rank store
[titan] 2026-09-13 19:28:27,446 - root - INFO - Applied FSDP to the model
[titan] 2026-09-13 19:28:27,446 - root - WARNING - Number of microbatches (4) is less than the total number of stages (16) which may result in a bubble in the pipeline.
[titan] 2026-09-13 19:28:27,447 - root - INFO - Using pipeline schedule Interleaved1F1B with 4 microbatches and 16 stages.
[titan] 2026-09-13 19:28:27,447 - root - INFO - Kimi K3 pipeline: 2 stage(s) on this rank [0, 8], block transport delta with rank store
[rank2]:W0913 19:28:27.627000 1530470 torch/distributed/tensor/_random.py:215] DTensor is synchronizing RNG states of every rank with the state from rank 0. This behavior is deprecated. Please call `torch.manual_seed()` on every rank that participates in SPMD DTensor Operations with the same seed. If using Pipeline Parallelism, each pipeline state would use a different seed, but all ranks belonging to one pipeline stage would use the same seed.
[rank5]:W0913 19:28:27.627000 1530473 torch/distributed/tensor/_random.py:215] DTensor is synchronizing RNG states of every rank with the state from rank 0. This behavior is deprecated. Please call `torch.manual_seed()` on every rank that participates in SPMD DTensor Operations with the same seed. If using Pipeline Parallelism, each pipeline state would use a different seed, but all ranks belonging to one pipeline stage would use the same seed.
[rank1]:W0913 19:28:27.627000 1530469 torch/distributed/tensor/_random.py:215] DTensor is synchronizing RNG states of every rank with the state from rank 0. This behavior is deprecated. Please call `torch.manual_seed()` on every rank that participates in SPMD DTensor Operations with the same seed. If using Pipeline Parallelism, each pipeline state would use a different seed, but all ranks belonging to one pipeline stage would use the same seed.
[rank6]:W0913 19:28:27.628000 1530474 torch/distributed/tensor/_random.py:215] DTensor is synchronizing RNG states of every rank with the state from rank 0. This behavior is deprecated. Please call `torch.manual_seed()` on every rank that participates in SPMD DTensor Operations with the same seed. If using Pipeline Parallelism, each pipeline state would use a different seed, but all ranks belonging to one pipeline stage would use the same seed.
[rank3]:W0913 19:28:27.628000 1530471 torch/distributed/tensor/_random.py:215] DTensor is synchronizing RNG states of every rank with the state from rank 0. This behavior is deprecated. Please call `torch.manual_seed()` on every rank that participates in SPMD DTensor Operations with the same seed. If using Pipeline Parallelism, each pipeline state would use a different seed, but all ranks belonging to one pipeline stage would use the same seed.
[rank7]:W0913 19:28:27.628000 1530475 torch/distributed/tensor/_random.py:215] DTensor is synchronizing RNG states of every rank with the state from rank 0. This behavior is deprecated. Please call `torch.manual_seed()` on every rank that participates in SPMD DTensor Operations with the same seed. If using Pipeline Parallelism, each pipeline state would use a different seed, but all ranks belonging to one pipeline stage would use the same seed.
[rank4]:W0913 19:28:27.629000 1530472 torch/distributed/tensor/_random.py:215] DTensor is synchronizing RNG states of every rank with the state from rank 0. This behavior is deprecated. Please call `torch.manual_seed()` on every rank that participates in SPMD DTensor Operations with the same seed. If using Pipeline Parallelism, each pipeline state would use a different seed, but all ranks belonging to one pipeline stage would use the same seed.
[titan] 2026-09-13 19:28:27,844 - root - WARNING - [31mPipeline Parallel loss is not visible. Please add [33mrank 7[31m to LOG_RANK environment variable in run_train.sh.[39m
[titan] 2026-09-13 19:28:27,845 - root - WARNING - [31mPipeline Parallel loss is not visible. Please add [33mrank 7[31m to LOG_RANK environment variable in run_train.sh.[39m
[titan] 2026-09-13 19:28:27,848 - root - WARNING - Error running lspci: [Errno 2] No such file or directory: 'lspci', fallback to use device_name
[titan] 2026-09-13 19:28:27,848 - root - WARNING - Peak flops undefined for: NVIDIA GeForce RTX 5060 Ti, fallback to A100
[titan] 2026-09-13 19:28:27,848 - root - INFO - Peak FLOPS used for computing MFU: 3.120e+14
[titan] 2026-09-13 19:28:27,849 - root - INFO - CUDA memory usage for model: 0.21GiB(1.34%)
[titan] 2026-09-13 19:28:27,849 - root - INFO - Optimizer AdamW (model_part=0): 60 params [.*] {'fused': True, 'foreach': False, 'lr': 0.0008, 'betas': (0.9, 0.95), 'eps': 1e-08, 'weight_decay': 0.1}
[titan] 2026-09-13 19:28:27,850 - root - WARNING - Error running lspci: [Errno 2] No such file or directory: 'lspci', fallback to use device_name
[titan] 2026-09-13 19:28:27,850 - root - INFO - Optimizer AdamW (model_part=1): 30 params [.*] {'fused': True, 'foreach': False, 'lr': 0.0008, 'betas': (0.9, 0.95), 'eps': 1e-08, 'weight_decay': 0.1}
[titan] 2026-09-13 19:28:27,850 - root - WARNING - Peak flops undefined for: NVIDIA GeForce RTX 5060 Ti, fallback to A100
[titan] 2026-09-13 19:28:27,850 - root - INFO - Peak FLOPS used for computing MFU: 3.120e+14
[titan] 2026-09-13 19:28:27,850 - root - INFO - CUDA memory usage for model: 0.21GiB(1.34%)
[titan] 2026-09-13 19:28:27,850 - root - INFO - Loading tokenizer from tokenizer.json
[titan] 2026-09-13 19:28:27,851 - root - INFO - Optimizer AdamW (model_part=0): 60 params [.*] {'fused': True, 'foreach': False, 'lr': 0.0008, 'betas': (0.9, 0.95), 'eps': 1e-08, 'weight_decay': 0.1}
[titan] 2026-09-13 19:28:27,851 - root - INFO - Optimizer AdamW (model_part=1): 30 params [.*] {'fused': True, 'foreach': False, 'lr': 0.0008, 'betas': (0.9, 0.95), 'eps': 1e-08, 'weight_decay': 0.1}
[titan] 2026-09-13 19:28:27,852 - root - INFO - Loading tokenizer from tokenizer.json
[titan] 2026-09-13 19:28:27,856 - root - WARNING - [31mPipeline Parallel loss is not visible. Please add [33mrank 7[31m to LOG_RANK environment variable in run_train.sh.[39m
[titan] 2026-09-13 19:28:27,860 - root - WARNING - Error running lspci: [Errno 2] No such file or directory: 'lspci', fallback to use device_name
[titan] 2026-09-13 19:28:27,860 - root - WARNING - Peak flops undefined for: NVIDIA GeForce RTX 5060 Ti, fallback to A100
[titan] 2026-09-13 19:28:27,860 - root - INFO - Peak FLOPS used for computing MFU: 3.120e+14
[titan] 2026-09-13 19:28:27,860 - root - INFO - CUDA memory usage for model: 0.27GiB(1.73%)
[titan] 2026-09-13 19:28:27,861 - root - INFO - Optimizer AdamW (model_part=0): 60 params [.*] {'fused': True, 'foreach': False, 'lr': 0.0008, 'betas': (0.9, 0.95), 'eps': 1e-08, 'weight_decay': 0.1}
[titan] 2026-09-13 19:28:27,861 - root - INFO - Optimizer AdamW (model_part=1): 60 params [.*] {'fused': True, 'foreach': False, 'lr': 0.0008, 'betas': (0.9, 0.95), 'eps': 1e-08, 'weight_decay': 0.1}
[titan] 2026-09-13 19:28:27,862 - root - INFO - Loading tokenizer from tokenizer.json
[titan] 2026-09-13 19:28:27,862 - root - WARNING - [31mPipeline Parallel loss is not visible. Please add [33mrank 7[31m to LOG_RANK environment variable in run_train.sh.[39m
[titan] 2026-09-13 19:28:27,864 - root - WARNING - [31mPipeline Parallel loss is not visible. Please add [33mrank 7[31m to LOG_RANK environment variable in run_train.sh.[39m
[titan] 2026-09-13 19:28:27,866 - root - WARNING - Error running lspci: [Errno 2] No such file or directory: 'lspci', fallback to use device_name
[titan] 2026-09-13 19:28:27,867 - root - WARNING - Peak flops undefined for: NVIDIA GeForce RTX 5060 Ti, fallback to A100
[titan] 2026-09-13 19:28:27,867 - root - INFO - Peak FLOPS used for computing MFU: 3.120e+14
[titan] 2026-09-13 19:28:27,867 - root - INFO - CUDA memory usage for model: 0.19GiB(1.24%)
[titan] 2026-09-13 19:28:27,867 - root - INFO - Optimizer AdamW (model_part=0): 54 params [.*] {'fused': True, 'foreach': False, 'lr': 0.0008, 'betas': (0.9, 0.95), 'eps': 1e-08, 'weight_decay': 0.1}
[titan] 2026-09-13 19:28:27,868 - root - INFO - Optimizer AdamW (model_part=1): 24 params [.*] {'fused': True, 'foreach': False, 'lr': 0.0008, 'betas': (0.9, 0.95), 'eps': 1e-08, 'weight_decay': 0.1}
[titan] 2026-09-13 19:28:27,868 - root - WARNING - Error running lspci: [Errno 2] No such file or directory: 'lspci', fallback to use device_name
[titan] 2026-09-13 19:28:27,868 - root - WARNING - Peak flops undefined for: NVIDIA GeForce RTX 5060 Ti, fallback to A100
[titan] 2026-09-13 19:28:27,868 - root - INFO - Peak FLOPS used for computing MFU: 3.120e+14
[titan] 2026-09-13 19:28:27,868 - root - INFO - CUDA memory usage for model: 0.19GiB(1.24%)
[titan] 2026-09-13 19:28:27,868 - root - WARNING - [31mPipeline Parallel loss is not visible. Please add [33mrank 7[31m to LOG_RANK environment variable in run_train.sh.[39m
[titan] 2026-09-13 19:28:27,868 - root - INFO - Loading tokenizer from tokenizer.json
[titan] 2026-09-13 19:28:27,869 - root - INFO - Optimizer AdamW (model_part=0): 54 params [.*] {'fused': True, 'foreach': False, 'lr': 0.0008, 'betas': (0.9, 0.95), 'eps': 1e-08, 'weight_decay': 0.1}
[titan] 2026-09-13 19:28:27,869 - root - INFO - Optimizer AdamW (model_part=1): 24 params [.*] {'fused': True, 'foreach': False, 'lr': 0.0008, 'betas': (0.9, 0.95), 'eps': 1e-08, 'weight_decay': 0.1}
[titan] 2026-09-13 19:28:27,870 - root - INFO - Loading tokenizer from tokenizer.json
[titan] 2026-09-13 19:28:27,871 - root - WARNING - Error running lspci: [Errno 2] No such file or directory: 'lspci', fallback to use device_name
[titan] 2026-09-13 19:28:27,871 - root - WARNING - Peak flops undefined for: NVIDIA GeForce RTX 5060 Ti, fallback to A100
[titan] 2026-09-13 19:28:27,871 - root - INFO - Peak FLOPS used for computing MFU: 3.120e+14
[titan] 2026-09-13 19:28:27,871 - root - INFO - CUDA memory usage for model: 0.21GiB(1.35%)
[titan] 2026-09-13 19:28:27,872 - root - INFO - Optimizer AdamW (model_part=0): 54 params [.*] {'fused': True, 'foreach': False, 'lr': 0.0008, 'betas': (0.9, 0.95), 'eps': 1e-08, 'weight_decay': 0.1}
[titan] 2026-09-13 19:28:27,872 - root - INFO - Optimizer AdamW (model_part=1): 30 params [.*] {'fused': True, 'foreach': False, 'lr': 0.0008, 'betas': (0.9, 0.95), 'eps': 1e-08, 'weight_decay': 0.1}
[titan] 2026-09-13 19:28:27,873 - root - INFO - Loading tokenizer from tokenizer.json
[titan] 2026-09-13 19:28:27,896 - root - WARNING - [31mPipeline Parallel loss is not visible. Please add [33mrank 7[31m to LOG_RANK environment variable in run_train.sh.[39m
[titan] 2026-09-13 19:28:27,900 - root - WARNING - Error running lspci: [Errno 2] No such file or directory: 'lspci', fallback to use device_name
[titan] 2026-09-13 19:28:27,900 - root - WARNING - Peak flops undefined for: NVIDIA GeForce RTX 5060 Ti, fallback to A100
[titan] 2026-09-13 19:28:27,900 - root - INFO - Peak FLOPS used for computing MFU: 3.120e+14
[titan] 2026-09-13 19:28:27,900 - root - INFO - CUDA memory usage for model: 1.71GiB(11.04%)
[titan] 2026-09-13 19:28:27,901 - root - INFO - Optimizer AdamW (model_part=0): 60 params [.*] {'fused': True, 'foreach': False, 'lr': 0.0008, 'betas': (0.9, 0.95), 'eps': 1e-08, 'weight_decay': 0.1}
[titan] 2026-09-13 19:28:27,901 - root - INFO - Optimizer AdamW (model_part=1): 4 params [.*] {'fused': True, 'foreach': False, 'lr': 0.0008, 'betas': (0.9, 0.95), 'eps': 1e-08, 'weight_decay': 0.1}
[titan] 2026-09-13 19:28:27,902 - root - INFO - Loading tokenizer from tokenizer.json
[titan] 2026-09-13 19:28:28,056 - root - WARNING - [31mPipeline Parallel loss is not visible. Please add [33mrank 7[31m to LOG_RANK environment variable in run_train.sh.[39m
[titan] 2026-09-13 19:28:28,060 - root - WARNING - Error running lspci: [Errno 2] No such file or directory: 'lspci', fallback to use device_name
[titan] 2026-09-13 19:28:28,060 - root - WARNING - Peak flops undefined for: NVIDIA GeForce RTX 5060 Ti, fallback to A100
[titan] 2026-09-13 19:28:28,060 - root - INFO - Peak FLOPS used for computing MFU: 3.120e+14
[titan] 2026-09-13 19:28:28,060 - root - INFO - CUDA memory usage for model: 0.56GiB(3.65%)
[titan] 2026-09-13 19:28:28,061 - root - INFO - Optimizer AdamW (model_part=0): 92 params [.*] {'fused': True, 'foreach': False, 'lr': 0.0008, 'betas': (0.9, 0.95), 'eps': 1e-08, 'weight_decay': 0.1}
[titan] 2026-09-13 19:28:28,061 - root - INFO - Optimizer AdamW (model_part=1): 54 params [.*] {'fused': True, 'foreach': False, 'lr': 0.0008, 'betas': (0.9, 0.95), 'eps': 1e-08, 'weight_decay': 0.1}
[titan] 2026-09-13 19:28:28,063 - root - INFO - Loading tokenizer from tokenizer.json
[titan] 2026-09-13 19:28:28,574 - httpx - INFO - HTTP Request: HEAD https://s3.amazonaws.com/datasets.huggingface.co/datasets/datasets/json/json.py "HTTP/1.1 200 OK"
[titan] 2026-09-13 19:28:28,586 - root - WARNING - model.safetensors.index.json not found at hf_assets_path: ./tests/assets/tokenizer/model.safetensors.index.json.                     Defaulting to saving a single safetensors file if checkpoint is saved in HF format
[titan] 2026-09-13 19:28:28,586 - root - WARNING - initial_load_model_only=True has no effect without an initial_load_path.
[titan] 2026-09-13 19:28:28,590 - root - INFO - Checkpointing active. Checkpoints will be loaded from and saved to /workspace/pp_gradprobe_warm/tri_bf16_c/checkpoint
[titan] 2026-09-13 19:28:28,591 - root - INFO - Trainer is initialized with 256 tokens per DP rank, 256 tokens per train step, gradient accumulation steps 1, maximum context length 2048, total steps 100 (warmup 2)
[titan] 2026-09-13 19:28:28,591 - root - INFO - Loading the checkpoint from /workspace/pp_gradprobe_warm/tri_bf16_c/checkpoint/step-0.
[titan] 2026-09-13 19:28:28,612 - httpx - INFO - HTTP Request: HEAD https://s3.amazonaws.com/datasets.huggingface.co/datasets/datasets/json/json.py "HTTP/1.1 200 OK"
[titan] 2026-09-13 19:28:28,625 - root - WARNING - model.safetensors.index.json not found at hf_assets_path: ./tests/assets/tokenizer/model.safetensors.index.json.                     Defaulting to saving a single safetensors file if checkpoint is saved in HF format
[titan] 2026-09-13 19:28:28,625 - root - WARNING - initial_load_model_only=True has no effect without an initial_load_path.
[titan] 2026-09-13 19:28:28,628 - root - INFO - Checkpointing active. Checkpoints will be loaded from and saved to /workspace/pp_gradprobe_warm/tri_bf16_c/checkpoint
[titan] 2026-09-13 19:28:28,628 - root - INFO - Trainer is initialized with 256 tokens per DP rank, 256 tokens per train step, gradient accumulation steps 1, maximum context length 2048, total steps 100 (warmup 2)
[titan] 2026-09-13 19:28:28,629 - root - INFO - Loading the checkpoint from /workspace/pp_gradprobe_warm/tri_bf16_c/checkpoint/step-0.
[titan] 2026-09-13 19:28:28,637 - httpx - INFO - HTTP Request: HEAD https://s3.amazonaws.com/datasets.huggingface.co/datasets/datasets/json/json.py "HTTP/1.1 200 OK"
[titan] 2026-09-13 19:28:28,653 - root - WARNING - model.safetensors.index.json not found at hf_assets_path: ./tests/assets/tokenizer/model.safetensors.index.json.                     Defaulting to saving a single safetensors file if checkpoint is saved in HF format
[titan] 2026-09-13 19:28:28,653 - root - WARNING - initial_load_model_only=True has no effect without an initial_load_path.
[titan] 2026-09-13 19:28:28,656 - root - INFO - Checkpointing active. Checkpoints will be loaded from and saved to /workspace/pp_gradprobe_warm/tri_bf16_c/checkpoint
[titan] 2026-09-13 19:28:28,657 - root - INFO - Trainer is initialized with 256 tokens per DP rank, 256 tokens per train step, gradient accumulation steps 1, maximum context length 2048, total steps 100 (warmup 2)
[titan] 2026-09-13 19:28:28,658 - root - INFO - Loading the checkpoint from /workspace/pp_gradprobe_warm/tri_bf16_c/checkpoint/step-0.
[titan] 2026-09-13 19:28:29,093 - httpx - INFO - HTTP Request: HEAD https://s3.amazonaws.com/datasets.huggingface.co/datasets/datasets/json/json.py "HTTP/1.1 200 OK"
[titan] 2026-09-13 19:28:29,109 - root - WARNING - model.safetensors.index.json not found at hf_assets_path: ./tests/assets/tokenizer/model.safetensors.index.json.                     Defaulting to saving a single safetensors file if checkpoint is saved in HF format
[titan] 2026-09-13 19:28:29,109 - root - WARNING - initial_load_model_only=True has no effect without an initial_load_path.
[titan] 2026-09-13 19:28:29,113 - root - INFO - Checkpointing active. Checkpoints will be loaded from and saved to /workspace/pp_gradprobe_warm/tri_bf16_c/checkpoint
[titan] 2026-09-13 19:28:29,113 - root - INFO - Trainer is initialized with 256 tokens per DP rank, 256 tokens per train step, gradient accumulation steps 1, maximum context length 2048, total steps 100 (warmup 2)
[titan] 2026-09-13 19:28:29,114 - root - INFO - Loading the checkpoint from /workspace/pp_gradprobe_warm/tri_bf16_c/checkpoint/step-0.
[titan] 2026-09-13 19:28:29,129 - httpx - INFO - HTTP Request: HEAD https://s3.amazonaws.com/datasets.huggingface.co/datasets/datasets/json/json.py "HTTP/1.1 200 OK"
[titan] 2026-09-13 19:28:29,141 - root - WARNING - model.safetensors.index.json not found at hf_assets_path: ./tests/assets/tokenizer/model.safetensors.index.json.                     Defaulting to saving a single safetensors file if checkpoint is saved in HF format
[titan] 2026-09-13 19:28:29,141 - root - WARNING - initial_load_model_only=True has no effect without an initial_load_path.
[titan] 2026-09-13 19:28:29,144 - root - INFO - Checkpointing active. Checkpoints will be loaded from and saved to /workspace/pp_gradprobe_warm/tri_bf16_c/checkpoint
[titan] 2026-09-13 19:28:29,145 - root - INFO - Trainer is initialized with 256 tokens per DP rank, 256 tokens per train step, gradient accumulation steps 1, maximum context length 2048, total steps 100 (warmup 2)
[titan] 2026-09-13 19:28:29,145 - root - INFO - Loading the checkpoint from /workspace/pp_gradprobe_warm/tri_bf16_c/checkpoint/step-0.
[titan] 2026-09-13 19:28:29,332 - httpx - INFO - HTTP Request: HEAD https://s3.amazonaws.com/datasets.huggingface.co/datasets/datasets/json/json.py "HTTP/1.1 200 OK"
[titan] 2026-09-13 19:28:29,333 - httpx - INFO - HTTP Request: HEAD https://s3.amazonaws.com/datasets.huggingface.co/datasets/datasets/json/json.py "HTTP/1.1 200 OK"
[titan] 2026-09-13 19:28:29,348 - root - WARNING - model.safetensors.index.json not found at hf_assets_path: ./tests/assets/tokenizer/model.safetensors.index.json.                     Defaulting to saving a single safetensors file if checkpoint is saved in HF format
[titan] 2026-09-13 19:28:29,349 - root - WARNING - initial_load_model_only=True has no effect without an initial_load_path.
[titan] 2026-09-13 19:28:29,349 - root - WARNING - model.safetensors.index.json not found at hf_assets_path: ./tests/assets/tokenizer/model.safetensors.index.json.                     Defaulting to saving a single safetensors file if checkpoint is saved in HF format
[titan] 2026-09-13 19:28:29,349 - root - WARNING - initial_load_model_only=True has no effect without an initial_load_path.
[titan] 2026-09-13 19:28:29,352 - root - INFO - Checkpointing active. Checkpoints will be loaded from and saved to /workspace/pp_gradprobe_warm/tri_bf16_c/checkpoint
[titan] 2026-09-13 19:28:29,353 - root - INFO - Trainer is initialized with 256 tokens per DP rank, 256 tokens per train step, gradient accumulation steps 1, maximum context length 2048, total steps 100 (warmup 2)
[titan] 2026-09-13 19:28:29,353 - root - INFO - Checkpointing active. Checkpoints will be loaded from and saved to /workspace/pp_gradprobe_warm/tri_bf16_c/checkpoint
[titan] 2026-09-13 19:28:29,354 - root - INFO - Trainer is initialized with 256 tokens per DP rank, 256 tokens per train step, gradient accumulation steps 1, maximum context length 2048, total steps 100 (warmup 2)
[titan] 2026-09-13 19:28:29,354 - root - INFO - Loading the checkpoint from /workspace/pp_gradprobe_warm/tri_bf16_c/checkpoint/step-0.
[titan] 2026-09-13 19:28:29,355 - root - INFO - Loading the checkpoint from /workspace/pp_gradprobe_warm/tri_bf16_c/checkpoint/step-0.
[titan] 2026-09-13 19:28:29,539 - httpx - INFO - HTTP Request: HEAD https://s3.amazonaws.com/datasets.huggingface.co/datasets/datasets/json/json.py "HTTP/1.1 200 OK"
[titan] 2026-09-13 19:28:29,555 - root - WARNING - model.safetensors.index.json not found at hf_assets_path: ./tests/assets/tokenizer/model.safetensors.index.json.                     Defaulting to saving a single safetensors file if checkpoint is saved in HF format
[titan] 2026-09-13 19:28:29,555 - root - WARNING - initial_load_model_only=True has no effect without an initial_load_path.
[titan] 2026-09-13 19:28:29,561 - root - INFO - Checkpointing active. Checkpoints will be loaded from and saved to /workspace/pp_gradprobe_warm/tri_bf16_c/checkpoint
[titan] 2026-09-13 19:28:29,562 - root - INFO - Trainer is initialized with 256 tokens per DP rank, 256 tokens per train step, gradient accumulation steps 1, maximum context length 2048, total steps 100 (warmup 2)
[titan] 2026-09-13 19:28:29,563 - root - INFO - Loading the checkpoint from /workspace/pp_gradprobe_warm/tri_bf16_c/checkpoint/step-0.
[titan] 2026-09-13 19:28:30,410 - root - INFO - [GC] GC collection for checkpoint loading. took 0.01 seconds
[titan] 2026-09-13 19:28:30,411 - root - INFO - Finished loading the checkpoint in 1.75 seconds.
[titan] 2026-09-13 19:28:30,411 - root - INFO - Training starts at step 1
[titan] 2026-09-13 19:28:30,412 - root - INFO - [GC] GC collection for checkpoint loading. took 0.01 seconds
[titan] 2026-09-13 19:28:30,412 - root - INFO - [GC] GC collection for checkpoint loading. took 0.01 seconds
[titan] 2026-09-13 19:28:30,412 - root - INFO - Finished loading the checkpoint in 1.06 seconds.
[titan] 2026-09-13 19:28:30,412 - root - INFO - Finished loading the checkpoint in 1.30 seconds.
[titan] 2026-09-13 19:28:30,412 - root - INFO - Training starts at step 1
[titan] 2026-09-13 19:28:30,412 - root - INFO - Training starts at step 1
[titan] 2026-09-13 19:28:30,415 - root - INFO - [GC] GC collection for checkpoint loading. took 0.01 seconds
[titan] 2026-09-13 19:28:30,415 - root - INFO - Finished loading the checkpoint in 1.82 seconds.
[titan] 2026-09-13 19:28:30,415 - root - INFO - Training starts at step 1
[titan] 2026-09-13 19:28:30,418 - root - INFO - [GC] GC collection for checkpoint loading. took 0.01 seconds
[titan] 2026-09-13 19:28:30,419 - root - INFO - Finished loading the checkpoint in 1.27 seconds.
[titan] 2026-09-13 19:28:30,419 - root - INFO - Training starts at step 1
[titan] 2026-09-13 19:28:30,419 - root - INFO - [GC] GC collection for checkpoint loading. took 0.01 seconds
[titan] 2026-09-13 19:28:30,419 - root - INFO - [GC] GC collection for checkpoint loading. took 0.01 seconds
[titan] 2026-09-13 19:28:30,420 - root - INFO - Finished loading the checkpoint in 1.79 seconds.
[titan] 2026-09-13 19:28:30,420 - root - INFO - Finished loading the checkpoint in 1.07 seconds.
[titan] 2026-09-13 19:28:30,420 - root - INFO - Training starts at step 1
[titan] 2026-09-13 19:28:30,420 - root - INFO - Training starts at step 1
[titan] 2026-09-13 19:28:30,441 - root - INFO - [GC] GC collection for checkpoint loading. took 0.02 seconds
[titan] 2026-09-13 19:28:30,441 - root - INFO - Finished loading the checkpoint in 0.88 seconds.
[titan] 2026-09-13 19:28:30,441 - root - INFO - Training starts at step 1
[titan] 2026-09-13 19:28:34,358 - attn_gym.linear.kda.utils - INFO - Blackwell detected: registering default global_scratch allocator.
[titan] 2026-09-13 19:28:35,119 - attn_gym.linear.kda.utils - INFO - Blackwell detected: registering default global_scratch allocator.
/workspace/venv_bfx9/lib/python3.12/site-packages/torch/distributed/fsdp/_fully_shard/_fsdp_state.py:336: UserWarning: FSDP2-wrapped module (FSDPCheckpointWrapper) returned a view tensor. An in-place op on this view (e.g., `x += y`) will silently drop the pre-backward hook and skip the all-gather, which can cause backward to fail or produce wrong gradients. Use out-of-place ops (`out = out + y`, not `out += y`) or `.clone()` the output before any in-place op.
  output = self._register_pre_backward_hook(output)
/workspace/venv_bfx9/lib/python3.12/site-packages/torch/distributed/fsdp/_fully_shard/_fsdp_state.py:336: UserWarning: FSDP2-wrapped module (FSDPKimiK3Model) returned a view tensor. An in-place op on this view (e.g., `x += y`) will silently drop the pre-backward hook and skip the all-gather, which can cause backward to fail or produce wrong gradients. Use out-of-place ops (`out = out + y`, not `out += y`) or `.clone()` the output before any in-place op.
  output = self._register_pre_backward_hook(output)
/workspace/venv_bfx9/lib/python3.12/site-packages/torch/distributed/fsdp/_fully_shard/_fsdp_state.py:336: UserWarning: FSDP2-wrapped module (FSDPCheckpointWrapper) returned a view tensor. An in-place op on this view (e.g., `x += y`) will silently drop the pre-backward hook and skip the all-gather, which can cause backward to fail or produce wrong gradients. Use out-of-place ops (`out = out + y`, not `out += y`) or `.clone()` the output before any in-place op.
  output = self._register_pre_backward_hook(output)
[titan] 2026-09-13 19:28:36,362 - attn_gym.linear.kda.utils - INFO - Blackwell detected: registering default global_scratch allocator.
/workspace/venv_bfx9/lib/python3.12/site-packages/torch/distributed/fsdp/_fully_shard/_fsdp_state.py:336: UserWarning: FSDP2-wrapped module (FSDPKimiK3Model) returned a view tensor. An in-place op on this view (e.g., `x += y`) will silently drop the pre-backward hook and skip the all-gather, which can cause backward to fail or produce wrong gradients. Use out-of-place ops (`out = out + y`, not `out += y`) or `.clone()` the output before any in-place op.
  output = self._register_pre_backward_hook(output)
[titan] 2026-09-13 19:28:36,943 - attn_gym.linear.kda.utils - INFO - Blackwell detected: registering default global_scratch allocator.
/workspace/venv_bfx9/lib/python3.12/site-packages/torch/distributed/fsdp/_fully_shard/_fsdp_state.py:336: UserWarning: FSDP2-wrapped module (FSDPCheckpointWrapper) returned a view tensor. An in-place op on this view (e.g., `x += y`) will silently drop the pre-backward hook and skip the all-gather, which can cause backward to fail or produce wrong gradients. Use out-of-place ops (`out = out + y`, not `out += y`) or `.clone()` the output before any in-place op.
  output = self._register_pre_backward_hook(output)
/workspace/venv_bfx9/lib/python3.12/site-packages/torch/distributed/fsdp/_fully_shard/_fsdp_state.py:336: UserWarning: FSDP2-wrapped module (FSDPKimiK3Model) returned a view tensor. An in-place op on this view (e.g., `x += y`) will silently drop the pre-backward hook and skip the all-gather, which can cause backward to fail or produce wrong gradients. Use out-of-place ops (`out = out + y`, not `out += y`) or `.clone()` the output before any in-place op.
  output = self._register_pre_backward_hook(output)
/workspace/venv_bfx9/lib/python3.12/site-packages/torch/distributed/fsdp/_fully_shard/_fsdp_state.py:336: UserWarning: FSDP2-wrapped module (FSDPCheckpointWrapper) returned a view tensor. An in-place op on this view (e.g., `x += y`) will silently drop the pre-backward hook and skip the all-gather, which can cause backward to fail or produce wrong gradients. Use out-of-place ops (`out = out + y`, not `out += y`) or `.clone()` the output before any in-place op.
  output = self._register_pre_backward_hook(output)
[titan] 2026-09-13 19:28:38,185 - attn_gym.linear.kda.utils - INFO - Blackwell detected: registering default global_scratch allocator.
/workspace/venv_bfx9/lib/python3.12/site-packages/torch/distributed/fsdp/_fully_shard/_fsdp_state.py:336: UserWarning: FSDP2-wrapped module (FSDPKimiK3Model) returned a view tensor. An in-place op on this view (e.g., `x += y`) will silently drop the pre-backward hook and skip the all-gather, which can cause backward to fail or produce wrong gradients. Use out-of-place ops (`out = out + y`, not `out += y`) or `.clone()` the output before any in-place op.
  output = self._register_pre_backward_hook(output)
[titan] 2026-09-13 19:28:38,764 - attn_gym.linear.kda.utils - INFO - Blackwell detected: registering default global_scratch allocator.
/workspace/venv_bfx9/lib/python3.12/site-packages/torch/distributed/fsdp/_fully_shard/_fsdp_state.py:336: UserWarning: FSDP2-wrapped module (FSDPCheckpointWrapper) returned a view tensor. An in-place op on this view (e.g., `x += y`) will silently drop the pre-backward hook and skip the all-gather, which can cause backward to fail or produce wrong gradients. Use out-of-place ops (`out = out + y`, not `out += y`) or `.clone()` the output before any in-place op.
  output = self._register_pre_backward_hook(output)
/workspace/venv_bfx9/lib/python3.12/site-packages/torch/distributed/fsdp/_fully_shard/_fsdp_state.py:336: UserWarning: FSDP2-wrapped module (FSDPKimiK3Model) returned a view tensor. An in-place op on this view (e.g., `x += y`) will silently drop the pre-backward hook and skip the all-gather, which can cause backward to fail or produce wrong gradients. Use out-of-place ops (`out = out + y`, not `out += y`) or `.clone()` the output before any in-place op.
  output = self._register_pre_backward_hook(output)
/workspace/venv_bfx9/lib/python3.12/site-packages/torch/distributed/fsdp/_fully_shard/_fsdp_state.py:336: UserWarning: FSDP2-wrapped module (FSDPCheckpointWrapper) returned a view tensor. An in-place op on this view (e.g., `x += y`) will silently drop the pre-backward hook and skip the all-gather, which can cause backward to fail or produce wrong gradients. Use out-of-place ops (`out = out + y`, not `out += y`) or `.clone()` the output before any in-place op.
  output = self._register_pre_backward_hook(output)
[titan] 2026-09-13 19:28:39,987 - attn_gym.linear.kda.utils - INFO - Blackwell detected: registering default global_scratch allocator.
[titan] 2026-09-13 19:28:40,565 - attn_gym.linear.kda.utils - INFO - Blackwell detected: registering default global_scratch allocator.
/workspace/venv_bfx9/lib/python3.12/site-packages/torch/distributed/fsdp/_fully_shard/_fsdp_state.py:336: UserWarning: FSDP2-wrapped module (FSDPCheckpointWrapper) returned a view tensor. An in-place op on this view (e.g., `x += y`) will silently drop the pre-backward hook and skip the all-gather, which can cause backward to fail or produce wrong gradients. Use out-of-place ops (`out = out + y`, not `out += y`) or `.clone()` the output before any in-place op.
  output = self._register_pre_backward_hook(output)
/workspace/venv_bfx9/lib/python3.12/site-packages/torch/distributed/fsdp/_fully_shard/_fsdp_state.py:336: UserWarning: FSDP2-wrapped module (FSDPKimiK3Model) returned a view tensor. An in-place op on this view (e.g., `x += y`) will silently drop the pre-backward hook and skip the all-gather, which can cause backward to fail or produce wrong gradients. Use out-of-place ops (`out = out + y`, not `out += y`) or `.clone()` the output before any in-place op.
  output = self._register_pre_backward_hook(output)
/workspace/venv_bfx9/lib/python3.12/site-packages/torch/distributed/fsdp/_fully_shard/_fsdp_state.py:336: UserWarning: FSDP2-wrapped module (FSDPCheckpointWrapper) returned a view tensor. An in-place op on this view (e.g., `x += y`) will silently drop the pre-backward hook and skip the all-gather, which can cause backward to fail or produce wrong gradients. Use out-of-place ops (`out = out + y`, not `out += y`) or `.clone()` the output before any in-place op.
  output = self._register_pre_backward_hook(output)
/workspace/venv_bfx9/lib/python3.12/site-packages/torch/distributed/fsdp/_fully_shard/_fsdp_state.py:336: UserWarning: FSDP2-wrapped module (FSDPKimiK3Model) returned a view tensor. An in-place op on this view (e.g., `x += y`) will silently drop the pre-backward hook and skip the all-gather, which can cause backward to fail or produce wrong gradients. Use out-of-place ops (`out = out + y`, not `out += y`) or `.clone()` the output before any in-place op.
  output = self._register_pre_backward_hook(output)
/workspace/venv_bfx9/lib/python3.12/site-packages/torch/distributed/fsdp/_fully_shard/_fsdp_state.py:336: UserWarning: FSDP2-wrapped module (FSDPKimiK3Model) returned a view tensor. An in-place op on this view (e.g., `x += y`) will silently drop the pre-backward hook and skip the all-gather, which can cause backward to fail or produce wrong gradients. Use out-of-place ops (`out = out + y`, not `out += y`) or `.clone()` the output before any in-place op.
  output = self._register_pre_backward_hook(output)
REPR 1 rank7 loss 1.26087541580200195e+01 gn 2.27500000000000000e+01
[titan] 2026-09-13 19:28:45,222 - root - INFO - [31mstep:  1  [32mloss: 12.60875  [38;2;180;60;0mgrad_norm: 22.7500  [38;2;54;234;195mmemory:  5.04GiB(32.56%)  [34mtps: 2  [36mtflops: 0.01  [35mmfu: 0.00%[39m
[titan] 2026-09-13 19:28:45,222 - root - INFO - Synchronizing and adjusting timeout for all ProcessGroups to 0:01:40
REPR 1 rank6 loss -1.00000000000000000e+00 gn 2.27500000000000000e+01
[titan] 2026-09-13 19:28:45,237 - root - INFO - [31mstep:  1  [32mloss: -1.00000  [38;2;180;60;0mgrad_norm: 22.7500  [38;2;54;234;195mmemory:  1.30GiB(8.42%)  [34mtps: 2  [36mtflops: 0.01  [35mmfu: 0.00%[39m
[titan] 2026-09-13 19:28:45,238 - root - INFO - Synchronizing and adjusting timeout for all ProcessGroups to 0:01:40
REPR 1 rank2 loss -1.00000000000000000e+00 gn 2.27500000000000000e+01
[titan] 2026-09-13 19:28:45,241 - root - INFO - [31mstep:  1  [32mloss: -1.00000  [38;2;180;60;0mgrad_norm: 22.7500  [38;2;54;234;195mmemory:  1.30GiB(8.42%)  [34mtps: 2  [36mtflops: 0.01  [35mmfu: 0.00%[39m
[titan] 2026-09-13 19:28:45,242 - root - INFO - Synchronizing and adjusting timeout for all ProcessGroups to 0:01:40
REPR 1 rank4 loss -1.00000000000000000e+00 gn 2.27500000000000000e+01
REPR 1 rank0 loss -1.00000000000000000e+00 gn 2.27500000000000000e+01
[titan] 2026-09-13 19:28:45,250 - root - INFO - [31mstep:  1  [32mloss: -1.00000  [38;2;180;60;0mgrad_norm: 22.7500  [38;2;54;234;195mmemory:  1.36GiB(8.80%)  [34mtps: 2  [36mtflops: 0.01  [35mmfu: 0.00%[39m
[titan] 2026-09-13 19:28:45,251 - root - INFO - [31mstep:  1  [32mloss: -1.00000  [38;2;180;60;0mgrad_norm: 22.7500  [38;2;54;234;195mmemory:  4.35GiB(28.10%)  [34mtps: 2  [36mtflops: 0.01  [35mmfu: 0.00%[39m
[titan] 2026-09-13 19:28:45,251 - root - INFO - Synchronizing and adjusting timeout for all ProcessGroups to 0:01:40
[titan] 2026-09-13 19:28:45,251 - root - INFO - Synchronizing and adjusting timeout for all ProcessGroups to 0:01:40
REPR 1 rank5 loss -1.00000000000000000e+00 gn 2.27500000000000000e+01
[titan] 2026-09-13 19:28:45,259 - root - INFO - [31mstep:  1  [32mloss: -1.00000  [38;2;180;60;0mgrad_norm: 22.7500  [38;2;54;234;195mmemory:  1.34GiB(8.63%)  [34mtps: 2  [36mtflops: 0.01  [35mmfu: 0.00%[39m
[titan] 2026-09-13 19:28:45,259 - root - INFO - Synchronizing and adjusting timeout for all ProcessGroups to 0:01:40
REPR 1 rank3 loss -1.00000000000000000e+00 gn 2.27500000000000000e+01
[titan] 2026-09-13 19:28:45,262 - root - INFO - [31mstep:  1  [32mloss: -1.00000  [38;2;180;60;0mgrad_norm: 22.7500  [38;2;54;234;195mmemory:  1.34GiB(8.63%)  [34mtps: 2  [36mtflops: 0.01  [35mmfu: 0.00%[39m
[titan] 2026-09-13 19:28:45,262 - root - INFO - Synchronizing and adjusting timeout for all ProcessGroups to 0:01:40
REPR 1 rank1 loss -1.00000000000000000e+00 gn 2.27500000000000000e+01
[titan] 2026-09-13 19:28:45,273 - root - INFO - [31mstep:  1  [32mloss: -1.00000  [38;2;180;60;0mgrad_norm: 22.7500  [38;2;54;234;195mmemory:  1.58GiB(10.22%)  [34mtps: 2  [36mtflops: 0.01  [35mmfu: 0.00%[39m
[titan] 2026-09-13 19:28:45,273 - root - INFO - Synchronizing and adjusting timeout for all ProcessGroups to 0:01:40
REPR 2 rank2 loss -1.00000000000000000e+00 gn 1.96250000000000000e+01
REPR 2 rank6 loss -1.00000000000000000e+00 gn 1.96250000000000000e+01
REPR 2 rank4 loss -1.00000000000000000e+00 gn 1.96250000000000000e+01
[titan] 2026-09-13 19:28:46,573 - root - INFO - [31mstep:  2  [32mloss: -1.00000  [38;2;180;60;0mgrad_norm: 19.6250  [38;2;54;234;195mmemory:  1.64GiB(10.59%)  [34mtps: 24  [36mtflops: 0.08  [35mmfu: 0.03%[39m
[titan] 2026-09-13 19:28:46,574 - root - INFO - [31mstep:  2  [32mloss: -1.00000  [38;2;180;60;0mgrad_norm: 19.6250  [38;2;54;234;195mmemory:  1.64GiB(10.59%)  [34mtps: 24  [36mtflops: 0.08  [35mmfu: 0.03%[39m
REPR 2 rank3 loss -1.00000000000000000e+00 gn 1.96250000000000000e+01
[titan] 2026-09-13 19:28:46,574 - root - INFO - [31mstep:  2  [32mloss: -1.00000  [38;2;180;60;0mgrad_norm: 19.6250  [38;2;54;234;195mmemory:  1.71GiB(11.08%)  [34mtps: 24  [36mtflops: 0.08  [35mmfu: 0.03%[39m
REPR 2 rank5 loss -1.00000000000000000e+00 gn 1.96250000000000000e+01
[titan] 2026-09-13 19:28:46,574 - root - INFO - [31mstep:  2  [32mloss: -1.00000  [38;2;180;60;0mgrad_norm: 19.6250  [38;2;54;234;195mmemory:  1.71GiB(11.02%)  [34mtps: 24  [36mtflops: 0.09  [35mmfu: 0.03%[39m
[titan] 2026-09-13 19:28:46,574 - root - INFO - [31mstep:  2  [32mloss: -1.00000  [38;2;180;60;0mgrad_norm: 19.6250  [38;2;54;234;195mmemory:  1.70GiB(11.00%)  [34mtps: 24  [36mtflops: 0.08  [35mmfu: 0.03%[39m
REPR 2 rank1 loss -1.00000000000000000e+00 gn 1.96250000000000000e+01
[titan] 2026-09-13 19:28:46,575 - root - INFO - [31mstep:  2  [32mloss: -1.00000  [38;2;180;60;0mgrad_norm: 19.6250  [38;2;54;234;195mmemory:  2.07GiB(13.40%)  [34mtps: 25  [36mtflops: 0.09  [35mmfu: 0.03%[39m
REPR 2 rank7 loss 1.03945407867431641e+01 gn 1.96250000000000000e+01
[titan] 2026-09-13 19:28:46,579 - root - INFO - [31mstep:  2  [32mloss: 10.39454  [38;2;180;60;0mgrad_norm: 19.6250  [38;2;54;234;195mmemory:  5.93GiB(38.31%)  [34mtps: 24  [36mtflops: 0.08  [35mmfu: 0.03%[39m
REPR 2 rank0 loss -1.00000000000000000e+00 gn 1.96250000000000000e+01
[titan] 2026-09-13 19:28:46,579 - root - INFO - [31mstep:  2  [32mloss: -1.00000  [38;2;180;60;0mgrad_norm: 19.6250  [38;2;54;234;195mmemory:  5.28GiB(34.14%)  [34mtps: 24  [36mtflops: 0.08  [35mmfu: 0.03%[39m
REPR 3 rank2 loss -1.00000000000000000e+00 gn 1.31250000000000000e+01
REPR 3 rank6 loss -1.00000000000000000e+00 gn 1.31250000000000000e+01
[titan] 2026-09-13 19:28:47,870 - root - INFO - [31mstep:  3  [32mloss: -1.00000  [38;2;180;60;0mgrad_norm: 13.1250  [38;2;54;234;195mmemory:  1.64GiB(10.59%)  [34mtps: 25  [36mtflops: 0.09  [35mmfu: 0.03%[39m
[titan] 2026-09-13 19:28:47,870 - root - INFO - [31mstep:  3  [32mloss: -1.00000  [38;2;180;60;0mgrad_norm: 13.1250  [38;2;54;234;195mmemory:  1.64GiB(10.59%)  [34mtps: 25  [36mtflops: 0.09  [35mmfu: 0.03%[39m
REPR 3 rank4 loss -1.00000000000000000e+00 gn 1.31250000000000000e+01
REPR 3 rank3 loss -1.00000000000000000e+00 gn 1.31250000000000000e+01
REPR 3 rank5 loss -1.00000000000000000e+00 gn 1.31250000000000000e+01
[titan] 2026-09-13 19:28:47,870 - root - INFO - [31mstep:  3  [32mloss: -1.00000  [38;2;180;60;0mgrad_norm: 13.1250  [38;2;54;234;195mmemory:  1.71GiB(11.02%)  [34mtps: 25  [36mtflops: 0.09  [35mmfu: 0.03%[39m
[titan] 2026-09-13 19:28:47,870 - root - INFO - [31mstep:  3  [32mloss: -1.00000  [38;2;180;60;0mgrad_norm: 13.1250  [38;2;54;234;195mmemory:  1.71GiB(11.08%)  [34mtps: 25  [36mtflops: 0.09  [35mmfu: 0.03%[39m
[titan] 2026-09-13 19:28:47,870 - root - INFO - [31mstep:  3  [32mloss: -1.00000  [38;2;180;60;0mgrad_norm: 13.1250  [38;2;54;234;195mmemory:  1.70GiB(11.00%)  [34mtps: 25  [36mtflops: 0.09  [35mmfu: 0.03%[39m
REPR 3 rank1 loss -1.00000000000000000e+00 gn 1.31250000000000000e+01
[titan] 2026-09-13 19:28:47,871 - root - INFO - [31mstep:  3  [32mloss: -1.00000  [38;2;180;60;0mgrad_norm: 13.1250  [38;2;54;234;195mmemory:  2.07GiB(13.40%)  [34mtps: 25  [36mtflops: 0.09  [35mmfu: 0.03%[39m
REPR 3 rank7 loss 9.62921619415283203e+00 gn 1.31250000000000000e+01
[titan] 2026-09-13 19:28:47,875 - root - INFO - [31mstep:  3  [32mloss:  9.62922  [38;2;180;60;0mgrad_norm: 13.1250  [38;2;54;234;195mmemory:  5.93GiB(38.31%)  [34mtps: 25  [36mtflops: 0.09  [35mmfu: 0.03%[39m
REPR 3 rank0 loss -1.00000000000000000e+00 gn 1.31250000000000000e+01
[titan] 2026-09-13 19:28:47,876 - root - INFO - [31mstep:  3  [32mloss: -1.00000  [38;2;180;60;0mgrad_norm: 13.1250  [38;2;54;234;195mmemory:  5.28GiB(34.14%)  [34mtps: 25  [36mtflops: 0.09  [35mmfu: 0.03%[39m
REPR 4 rank2 loss -1.00000000000000000e+00 gn 1.18125000000000000e+01REPR 4 rank6 loss -1.00000000000000000e+00 gn 1.18125000000000000e+01

REPR 4 rank4 loss -1.00000000000000000e+00 gn 1.18125000000000000e+01
[titan] 2026-09-13 19:28:49,166 - root - INFO - [31mstep:  4  [32mloss: -1.00000  [38;2;180;60;0mgrad_norm: 11.8125  [38;2;54;234;195mmemory:  1.64GiB(10.59%)  [34mtps: 25  [36mtflops: 0.09  [35mmfu: 0.03%[39m
[titan] 2026-09-13 19:28:49,166 - root - INFO - [31mstep:  4  [32mloss: -1.00000  [38;2;180;60;0mgrad_norm: 11.8125  [38;2;54;234;195mmemory:  1.64GiB(10.59%)  [34mtps: 25  [36mtflops: 0.09  [35mmfu: 0.03%[39m
REPR 4 rank5 loss -1.00000000000000000e+00 gn 1.18125000000000000e+01REPR 4 rank3 loss -1.00000000000000000e+00 gn 1.18125000000000000e+01

[titan] 2026-09-13 19:28:49,166 - root - INFO - [31mstep:  4  [32mloss: -1.00000  [38;2;180;60;0mgrad_norm: 11.8125  [38;2;54;234;195mmemory:  1.71GiB(11.08%)  [34mtps: 25  [36mtflops: 0.09  [35mmfu: 0.03%[39m
[titan] 2026-09-13 19:28:49,167 - root - INFO - [31mstep:  4  [32mloss: -1.00000  [38;2;180;60;0mgrad_norm: 11.8125  [38;2;54;234;195mmemory:  1.70GiB(11.00%)  [34mtps: 25  [36mtflops: 0.09  [35mmfu: 0.03%[39m
[titan] 2026-09-13 19:28:49,167 - root - INFO - [31mstep:  4  [32mloss: -1.00000  [38;2;180;60;0mgrad_norm: 11.8125  [38;2;54;234;195mmemory:  1.71GiB(11.02%)  [34mtps: 25  [36mtflops: 0.09  [35mmfu: 0.03%[39m
REPR 4 rank1 loss -1.00000000000000000e+00 gn 1.18125000000000000e+01
[titan] 2026-09-13 19:28:49,168 - root - INFO - [31mstep:  4  [32mloss: -1.00000  [38;2;180;60;0mgrad_norm: 11.8125  [38;2;54;234;195mmemory:  2.07GiB(13.40%)  [34mtps: 25  [36mtflops: 0.09  [35mmfu: 0.03%[39m
REPR 4 rank7 loss 8.79770469665527344e+00 gn 1.18125000000000000e+01
[titan] 2026-09-13 19:28:49,171 - root - INFO - [31mstep:  4  [32mloss:  8.79770  [38;2;180;60;0mgrad_norm: 11.8125  [38;2;54;234;195mmemory:  5.93GiB(38.31%)  [34mtps: 25  [36mtflops: 0.09  [35mmfu: 0.03%[39m
REPR 4 rank0 loss -1.00000000000000000e+00 gn 1.18125000000000000e+01
[titan] 2026-09-13 19:28:49,172 - root - INFO - [31mstep:  4  [32mloss: -1.00000  [38;2;180;60;0mgrad_norm: 11.8125  [38;2;54;234;195mmemory:  5.28GiB(34.14%)  [34mtps: 25  [36mtflops: 0.09  [35mmfu: 0.03%[39m
REPR 5 rank2 loss -1.00000000000000000e+00 gn 8.00000000000000000e+00REPR 5 rank6 loss -1.00000000000000000e+00 gn 8.00000000000000000e+00

REPR 5 rank4 loss -1.00000000000000000e+00 gn 8.00000000000000000e+00
[titan] 2026-09-13 19:28:50,446 - root - INFO - [31mstep:  5  [32mloss: -1.00000  [38;2;180;60;0mgrad_norm:  8.0000  [38;2;54;234;195mmemory:  1.64GiB(10.59%)  [34mtps: 25  [36mtflops: 0.09  [35mmfu: 0.03%[39m
[titan] 2026-09-13 19:28:50,446 - root - INFO - [31mstep:  5  [32mloss: -1.00000  [38;2;180;60;0mgrad_norm:  8.0000  [38;2;54;234;195mmemory:  1.64GiB(10.59%)  [34mtps: 25  [36mtflops: 0.09  [35mmfu: 0.03%[39m
REPR 5 rank5 loss -1.00000000000000000e+00 gn 8.00000000000000000e+00
REPR 5 rank3 loss -1.00000000000000000e+00 gn 8.00000000000000000e+00
[titan] 2026-09-13 19:28:50,446 - root - INFO - [31mstep:  5  [32mloss: -1.00000  [38;2;180;60;0mgrad_norm:  8.0000  [38;2;54;234;195mmemory:  1.71GiB(11.08%)  [34mtps: 25  [36mtflops: 0.09  [35mmfu: 0.03%[39m
[titan] 2026-09-13 19:28:50,447 - root - INFO - [31mstep:  5  [32mloss: -1.00000  [38;2;180;60;0mgrad_norm:  8.0000  [38;2;54;234;195mmemory:  1.70GiB(11.00%)  [34mtps: 25  [36mtflops: 0.09  [35mmfu: 0.03%[39m
[titan] 2026-09-13 19:28:50,447 - root - INFO - [31mstep:  5  [32mloss: -1.00000  [38;2;180;60;0mgrad_norm:  8.0000  [38;2;54;234;195mmemory:  1.71GiB(11.02%)  [34mtps: 25  [36mtflops: 0.09  [35mmfu: 0.03%[39m
REPR 5 rank1 loss -1.00000000000000000e+00 gn 8.00000000000000000e+00
[titan] 2026-09-13 19:28:50,448 - root - INFO - [31mstep:  5  [32mloss: -1.00000  [38;2;180;60;0mgrad_norm:  8.0000  [38;2;54;234;195mmemory:  2.07GiB(13.40%)  [34mtps: 25  [36mtflops: 0.09  [35mmfu: 0.03%[39m
REPR 5 rank7 loss 6.15493345260620117e+00 gn 8.00000000000000000e+00
[titan] 2026-09-13 19:28:50,451 - root - INFO - [31mstep:  5  [32mloss:  6.15493  [38;2;180;60;0mgrad_norm:  8.0000  [38;2;54;234;195mmemory:  5.93GiB(38.31%)  [34mtps: 25  [36mtflops: 0.09  [35mmfu: 0.03%[39m
REPR 5 rank0 loss -1.00000000000000000e+00 gn 8.00000000000000000e+00
[titan] 2026-09-13 19:28:50,452 - root - INFO - [31mstep:  5  [32mloss: -1.00000  [38;2;180;60;0mgrad_norm:  8.0000  [38;2;54;234;195mmemory:  5.28GiB(34.14%)  [34mtps: 25  [36mtflops: 0.09  [35mmfu: 0.03%[39m
REPR 6 rank6 loss -1.00000000000000000e+00 gn 7.40625000000000000e+00
REPR 6 rank4 loss -1.00000000000000000e+00 gn 7.40625000000000000e+00
[titan] 2026-09-13 19:28:51,729 - root - INFO - [31mstep:  6  [32mloss: -1.00000  [38;2;180;60;0mgrad_norm:  7.4062  [38;2;54;234;195mmemory:  1.64GiB(10.59%)  [34mtps: 25  [36mtflops: 0.09  [35mmfu: 0.03%[39m
REPR 6 rank2 loss -1.00000000000000000e+00 gn 7.40625000000000000e+00
REPR 6 rank5 loss -1.00000000000000000e+00 gn 7.40625000000000000e+00REPR 6 rank3 loss -1.00000000000000000e+00 gn 7.40625000000000000e+00

[titan] 2026-09-13 19:28:51,729 - root - INFO - [31mstep:  6  [32mloss: -1.00000  [38;2;180;60;0mgrad_norm:  7.4062  [38;2;54;234;195mmemory:  1.71GiB(11.08%)  [34mtps: 25  [36mtflops: 0.09  [35mmfu: 0.03%[39m
[titan] 2026-09-13 19:28:51,729 - root - INFO - [31mstep:  6  [32mloss: -1.00000  [38;2;180;60;0mgrad_norm:  7.4062  [38;2;54;234;195mmemory:  1.64GiB(10.59%)  [34mtps: 25  [36mtflops: 0.09  [35mmfu: 0.03%[39m
[titan] 2026-09-13 19:28:51,729 - root - INFO - [31mstep:  6  [32mloss: -1.00000  [38;2;180;60;0mgrad_norm:  7.4062  [38;2;54;234;195mmemory:  1.70GiB(11.00%)  [34mtps: 25  [36mtflops: 0.09  [35mmfu: 0.03%[39m
[titan] 2026-09-13 19:28:51,729 - root - INFO - [31mstep:  6  [32mloss: -1.00000  [38;2;180;60;0mgrad_norm:  7.4062  [38;2;54;234;195mmemory:  1.71GiB(11.02%)  [34mtps: 25  [36mtflops: 0.09  [35mmfu: 0.03%[39m
REPR 6 rank1 loss -1.00000000000000000e+00 gn 7.40625000000000000e+00
[titan] 2026-09-13 19:28:51,731 - root - INFO - [31mstep:  6  [32mloss: -1.00000  [38;2;180;60;0mgrad_norm:  7.4062  [38;2;54;234;195mmemory:  2.07GiB(13.40%)  [34mtps: 25  [36mtflops: 0.09  [35mmfu: 0.03%[39m
REPR 6 rank7 loss 5.07963943481445312e+00 gn 7.40625000000000000e+00
[titan] 2026-09-13 19:28:51,734 - root - INFO - [31mstep:  6  [32mloss:  5.07964  [38;2;180;60;0mgrad_norm:  7.4062  [38;2;54;234;195mmemory:  5.93GiB(38.31%)  [34mtps: 25  [36mtflops: 0.09  [35mmfu: 0.03%[39m
REPR 6 rank0 loss -1.00000000000000000e+00 gn 7.40625000000000000e+00
[titan] 2026-09-13 19:28:51,735 - root - INFO - [31mstep:  6  [32mloss: -1.00000  [38;2;180;60;0mgrad_norm:  7.4062  [38;2;54;234;195mmemory:  5.28GiB(34.14%)  [34mtps: 25  [36mtflops: 0.09  [35mmfu: 0.03%[39m
REPR 7 rank2 loss -1.00000000000000000e+00 gn 4.15625000000000000e+00
[titan] 2026-09-13 19:28:53,003 - root - INFO - [31mstep:  7  [32mloss: -1.00000  [38;2;180;60;0mgrad_norm:  4.1562  [38;2;54;234;195mmemory:  1.64GiB(10.59%)  [34mtps: 25  [36mtflops: 0.09  [35mmfu: 0.03%[39m
REPR 7 rank6 loss -1.00000000000000000e+00 gn 4.15625000000000000e+00
REPR 7 rank3 loss -1.00000000000000000e+00 gn 4.15625000000000000e+00
REPR 7 rank5 loss -1.00000000000000000e+00 gn 4.15625000000000000e+00
REPR 7 rank4 loss -1.00000000000000000e+00 gn 4.15625000000000000e+00
[titan] 2026-09-13 19:28:53,004 - root - INFO - [31mstep:  7  [32mloss: -1.00000  [38;2;180;60;0mgrad_norm:  4.1562  [38;2;54;234;195mmemory:  1.64GiB(10.59%)  [34mtps: 25  [36mtflops: 0.09  [35mmfu: 0.03%[39m
[titan] 2026-09-13 19:28:53,004 - root - INFO - [31mstep:  7  [32mloss: -1.00000  [38;2;180;60;0mgrad_norm:  4.1562  [38;2;54;234;195mmemory:  1.71GiB(11.02%)  [34mtps: 25  [36mtflops: 0.09  [35mmfu: 0.03%[39m
[titan] 2026-09-13 19:28:53,004 - root - INFO - [31mstep:  7  [32mloss: -1.00000  [38;2;180;60;0mgrad_norm:  4.1562  [38;2;54;234;195mmemory:  1.70GiB(11.00%)  [34mtps: 25  [36mtflops: 0.09  [35mmfu: 0.03%[39m
[titan] 2026-09-13 19:28:53,004 - root - INFO - [31mstep:  7  [32mloss: -1.00000  [38;2;180;60;0mgrad_norm:  4.1562  [38;2;54;234;195mmemory:  1.71GiB(11.08%)  [34mtps: 25  [36mtflops: 0.09  [35mmfu: 0.03%[39m
REPR 7 rank1 loss -1.00000000000000000e+00 gn 4.15625000000000000e+00
[titan] 2026-09-13 19:28:53,005 - root - INFO - [31mstep:  7  [32mloss: -1.00000  [38;2;180;60;0mgrad_norm:  4.1562  [38;2;54;234;195mmemory:  2.07GiB(13.40%)  [34mtps: 25  [36mtflops: 0.09  [35mmfu: 0.03%[39m
REPR 7 rank7 loss 4.77330207824707031e+00 gn 4.15625000000000000e+00
[titan] 2026-09-13 19:28:53,009 - root - INFO - [31mstep:  7  [32mloss:  4.77330  [38;2;180;60;0mgrad_norm:  4.1562  [38;2;54;234;195mmemory:  5.93GiB(38.31%)  [34mtps: 25  [36mtflops: 0.09  [35mmfu: 0.03%[39m
REPR 7 rank0 loss -1.00000000000000000e+00 gn 4.15625000000000000e+00
[titan] 2026-09-13 19:28:53,009 - root - INFO - [31mstep:  7  [32mloss: -1.00000  [38;2;180;60;0mgrad_norm:  4.1562  [38;2;54;234;195mmemory:  5.28GiB(34.14%)  [34mtps: 25  [36mtflops: 0.09  [35mmfu: 0.03%[39m
REPR 8 rank2 loss -1.00000000000000000e+00 gn 1.45000000000000000e+01
REPR 8 rank6 loss -1.00000000000000000e+00 gn 1.45000000000000000e+01
[titan] 2026-09-13 19:28:54,303 - root - INFO - [31mstep:  8  [32mloss: -1.00000  [38;2;180;60;0mgrad_norm: 14.5000  [38;2;54;234;195mmemory:  1.64GiB(10.59%)  [34mtps: 25  [36mtflops: 0.09  [35mmfu: 0.03%[39m
[titan] 2026-09-13 19:28:54,303 - root - INFO - [31mstep:  8  [32mloss: -1.00000  [38;2;180;60;0mgrad_norm: 14.5000  [38;2;54;234;195mmemory:  1.64GiB(10.59%)  [34mtps: 25  [36mtflops: 0.09  [35mmfu: 0.03%[39m
REPR 8 rank5 loss -1.00000000000000000e+00 gn 1.45000000000000000e+01
REPR 8 rank3 loss -1.00000000000000000e+00 gn 1.45000000000000000e+01
REPR 8 rank4 loss -1.00000000000000000e+00 gn 1.45000000000000000e+01
[titan] 2026-09-13 19:28:54,304 - root - INFO - [31mstep:  8  [32mloss: -1.00000  [38;2;180;60;0mgrad_norm: 14.5000  [38;2;54;234;195mmemory:  1.70GiB(11.00%)  [34mtps: 25  [36mtflops: 0.09  [35mmfu: 0.03%[39m
[titan] 2026-09-13 19:28:54,304 - root - INFO - [31mstep:  8  [32mloss: -1.00000  [38;2;180;60;0mgrad_norm: 14.5000  [38;2;54;234;195mmemory:  1.71GiB(11.02%)  [34mtps: 25  [36mtflops: 0.09  [35mmfu: 0.03%[39m
[titan] 2026-09-13 19:28:54,304 - root - INFO - [31mstep:  8  [32mloss: -1.00000  [38;2;180;60;0mgrad_norm: 14.5000  [38;2;54;234;195mmemory:  1.71GiB(11.08%)  [34mtps: 25  [36mtflops: 0.09  [35mmfu: 0.03%[39m
REPR 8 rank1 loss -1.00000000000000000e+00 gn 1.45000000000000000e+01
[titan] 2026-09-13 19:28:54,305 - root - INFO - [31mstep:  8  [32mloss: -1.00000  [38;2;180;60;0mgrad_norm: 14.5000  [38;2;54;234;195mmemory:  2.07GiB(13.40%)  [34mtps: 25  [36mtflops: 0.09  [35mmfu: 0.03%[39m
REPR 8 rank7 loss 4.72363376617431641e+00 gn 1.45000000000000000e+01
[titan] 2026-09-13 19:28:54,308 - root - INFO - [31mstep:  8  [32mloss:  4.72363  [38;2;180;60;0mgrad_norm: 14.5000  [38;2;54;234;195mmemory:  5.93GiB(38.31%)  [34mtps: 25  [36mtflops: 0.09  [35mmfu: 0.03%[39m
REPR 8 rank0 loss -1.00000000000000000e+00 gn 1.45000000000000000e+01
[titan] 2026-09-13 19:28:54,309 - root - INFO - [31mstep:  8  [32mloss: -1.00000  [38;2;180;60;0mgrad_norm: 14.5000  [38;2;54;234;195mmemory:  5.28GiB(34.14%)  [34mtps: 25  [36mtflops: 0.09  [35mmfu: 0.03%[39m
REPR 9 rank2 loss -1.00000000000000000e+00 gn 6.28125000000000000e+00
REPR 9 rank6 loss -1.00000000000000000e+00 gn 6.28125000000000000e+00
[titan] 2026-09-13 19:28:55,582 - root - INFO - [31mstep:  9  [32mloss: -1.00000  [38;2;180;60;0mgrad_norm:  6.2812  [38;2;54;234;195mmemory:  1.64GiB(10.59%)  [34mtps: 25  [36mtflops: 0.09  [35mmfu: 0.03%[39m
[titan] 2026-09-13 19:28:55,582 - root - INFO - [31mstep:  9  [32mloss: -1.00000  [38;2;180;60;0mgrad_norm:  6.2812  [38;2;54;234;195mmemory:  1.64GiB(10.59%)  [34mtps: 25  [36mtflops: 0.09  [35mmfu: 0.03%[39m
REPR 9 rank3 loss -1.00000000000000000e+00 gn 6.28125000000000000e+00
REPR 9 rank5 loss -1.00000000000000000e+00 gn 6.28125000000000000e+00
REPR 9 rank4 loss -1.00000000000000000e+00 gn 6.28125000000000000e+00
[titan] 2026-09-13 19:28:55,583 - root - INFO - [31mstep:  9  [32mloss: -1.00000  [38;2;180;60;0mgrad_norm:  6.2812  [38;2;54;234;195mmemory:  1.71GiB(11.02%)  [34mtps: 25  [36mtflops: 0.09  [35mmfu: 0.03%[39m
[titan] 2026-09-13 19:28:55,583 - root - INFO - [31mstep:  9  [32mloss: -1.00000  [38;2;180;60;0mgrad_norm:  6.2812  [38;2;54;234;195mmemory:  1.70GiB(11.00%)  [34mtps: 25  [36mtflops: 0.09  [35mmfu: 0.03%[39m
[titan] 2026-09-13 19:28:55,583 - root - INFO - [31mstep:  9  [32mloss: -1.00000  [38;2;180;60;0mgrad_norm:  6.2812  [38;2;54;234;195mmemory:  1.71GiB(11.08%)  [34mtps: 25  [36mtflops: 0.09  [35mmfu: 0.03%[39m
REPR 9 rank1 loss -1.00000000000000000e+00 gn 6.28125000000000000e+00
[titan] 2026-09-13 19:28:55,584 - root - INFO - [31mstep:  9  [32mloss: -1.00000  [38;2;180;60;0mgrad_norm:  6.2812  [38;2;54;234;195mmemory:  2.07GiB(13.40%)  [34mtps: 25  [36mtflops: 0.09  [35mmfu: 0.03%[39m
REPR 9 rank7 loss 4.48262596130371094e+00 gn 6.28125000000000000e+00
[titan] 2026-09-13 19:28:55,588 - root - INFO - [31mstep:  9  [32mloss:  4.48263  [38;2;180;60;0mgrad_norm:  6.2812  [38;2;54;234;195mmemory:  5.93GiB(38.31%)  [34mtps: 25  [36mtflops: 0.09  [35mmfu: 0.03%[39m
REPR 9 rank0 loss -1.00000000000000000e+00 gn 6.28125000000000000e+00
[titan] 2026-09-13 19:28:55,588 - root - INFO - [31mstep:  9  [32mloss: -1.00000  [38;2;180;60;0mgrad_norm:  6.2812  [38;2;54;234;195mmemory:  5.28GiB(34.14%)  [34mtps: 25  [36mtflops: 0.09  [35mmfu: 0.03%[39m
REPR 10 rank2 loss -1.00000000000000000e+00 gn 6.84375000000000000e+00
REPR 10 rank6 loss -1.00000000000000000e+00 gn 6.84375000000000000e+00
[titan] 2026-09-13 19:28:56,871 - root - INFO - [31mstep: 10  [32mloss: -1.00000  [38;2;180;60;0mgrad_norm:  6.8438  [38;2;54;234;195mmemory:  1.64GiB(10.59%)  [34mtps: 25  [36mtflops: 0.09  [35mmfu: 0.03%[39m
[titan] 2026-09-13 19:28:56,871 - root - INFO - [31mstep: 10  [32mloss: -1.00000  [38;2;180;60;0mgrad_norm:  6.8438  [38;2;54;234;195mmemory:  1.64GiB(10.59%)  [34mtps: 25  [36mtflops: 0.09  [35mmfu: 0.03%[39m
REPR 10 rank4 loss -1.00000000000000000e+00 gn 6.84375000000000000e+00
REPR 10 rank5 loss -1.00000000000000000e+00 gn 6.84375000000000000e+00
REPR 10 rank3 loss -1.00000000000000000e+00 gn 6.84375000000000000e+00
[titan] 2026-09-13 19:28:56,871 - root - INFO - [31mstep: 10  [32mloss: -1.00000  [38;2;180;60;0mgrad_norm:  6.8438  [38;2;54;234;195mmemory:  1.70GiB(11.00%)  [34mtps: 25  [36mtflops: 0.09  [35mmfu: 0.03%[39m
[titan] 2026-09-13 19:28:56,871 - root - INFO - [31mstep: 10  [32mloss: -1.00000  [38;2;180;60;0mgrad_norm:  6.8438  [38;2;54;234;195mmemory:  1.71GiB(11.02%)  [34mtps: 25  [36mtflops: 0.09  [35mmfu: 0.03%[39m
[titan] 2026-09-13 19:28:56,871 - root - INFO - [31mstep: 10  [32mloss: -1.00000  [38;2;180;60;0mgrad_norm:  6.8438  [38;2;54;234;195mmemory:  1.71GiB(11.08%)  [34mtps: 25  [36mtflops: 0.09  [35mmfu: 0.03%[39m
REPR 10 rank1 loss -1.00000000000000000e+00 gn 6.84375000000000000e+00
[titan] 2026-09-13 19:28:56,872 - root - INFO - [31mstep: 10  [32mloss: -1.00000  [38;2;180;60;0mgrad_norm:  6.8438  [38;2;54;234;195mmemory:  2.07GiB(13.40%)  [34mtps: 25  [36mtflops: 0.09  [35mmfu: 0.03%[39m
REPR 10 rank7 loss 3.70753931999206543e+00 gn 6.84375000000000000e+00
[titan] 2026-09-13 19:28:56,876 - root - INFO - [31mstep: 10  [32mloss:  3.70754  [38;2;180;60;0mgrad_norm:  6.8438  [38;2;54;234;195mmemory:  5.93GiB(38.31%)  [34mtps: 25  [36mtflops: 0.09  [35mmfu: 0.03%[39m
REPR 10 rank0 loss -1.00000000000000000e+00 gn 6.84375000000000000e+00
[titan] 2026-09-13 19:28:56,877 - root - INFO - [31mstep: 10  [32mloss: -1.00000  [38;2;180;60;0mgrad_norm:  6.8438  [38;2;54;234;195mmemory:  5.28GiB(34.14%)  [34mtps: 25  [36mtflops: 0.09  [35mmfu: 0.03%[39m
REPR 11 rank2 loss -1.00000000000000000e+00 gn 4.53125000000000000e+00
REPR 11 rank6 loss -1.00000000000000000e+00 gn 4.53125000000000000e+00
REPR 11 rank4 loss -1.00000000000000000e+00 gn 4.53125000000000000e+00[titan] 2026-09-13 19:28:58,143 - root - INFO - [31mstep: 11  [32mloss: -1.00000  [38;2;180;60;0mgrad_norm:  4.5312  [38;2;54;234;195mmemory:  1.64GiB(10.59%)  [34mtps: 25  [36mtflops: 0.09  [35mmfu: 0.03%[39m

[titan] 2026-09-13 19:28:58,143 - root - INFO - [31mstep: 11  [32mloss: -1.00000  [38;2;180;60;0mgrad_norm:  4.5312  [38;2;54;234;195mmemory:  1.64GiB(10.59%)  [34mtps: 25  [36mtflops: 0.09  [35mmfu: 0.03%[39m
REPR 11 rank3 loss -1.00000000000000000e+00 gn 4.53125000000000000e+00
REPR 11 rank5 loss -1.00000000000000000e+00 gn 4.53125000000000000e+00[titan] 2026-09-13 19:28:58,143 - root - INFO - [31mstep: 11  [32mloss: -1.00000  [38;2;180;60;0mgrad_norm:  4.5312  [38;2;54;234;195mmemory:  1.71GiB(11.08%)  [34mtps: 25  [36mtflops: 0.09  [35mmfu: 0.03%[39m

[titan] 2026-09-13 19:28:58,143 - root - INFO - [31mstep: 11  [32mloss: -1.00000  [38;2;180;60;0mgrad_norm:  4.5312  [38;2;54;234;195mmemory:  1.71GiB(11.02%)  [34mtps: 25  [36mtflops: 0.09  [35mmfu: 0.03%[39m
[titan] 2026-09-13 19:28:58,144 - root - INFO - [31mstep: 11  [32mloss: -1.00000  [38;2;180;60;0mgrad_norm:  4.5312  [38;2;54;234;195mmemory:  1.70GiB(11.00%)  [34mtps: 25  [36mtflops: 0.09  [35mmfu: 0.03%[39m
REPR 11 rank1 loss -1.00000000000000000e+00 gn 4.53125000000000000e+00
[titan] 2026-09-13 19:28:58,145 - root - INFO - [31mstep: 11  [32mloss: -1.00000  [38;2;180;60;0mgrad_norm:  4.5312  [38;2;54;234;195mmemory:  2.07GiB(13.40%)  [34mtps: 25  [36mtflops: 0.09  [35mmfu: 0.03%[39m
REPR 11 rank7 loss 3.46042871475219727e+00 gn 4.53125000000000000e+00
[titan] 2026-09-13 19:28:58,148 - root - INFO - [31mstep: 11  [32mloss:  3.46043  [38;2;180;60;0mgrad_norm:  4.5312  [38;2;54;234;195mmemory:  5.93GiB(38.31%)  [34mtps: 25  [36mtflops: 0.09  [35mmfu: 0.03%[39m
REPR 11 rank0 loss -1.00000000000000000e+00 gn 4.53125000000000000e+00
[titan] 2026-09-13 19:28:58,149 - root - INFO - [31mstep: 11  [32mloss: -1.00000  [38;2;180;60;0mgrad_norm:  4.5312  [38;2;54;234;195mmemory:  5.28GiB(34.14%)  [34mtps: 25  [36mtflops: 0.09  [35mmfu: 0.03%[39m
REPR 12 rank2 loss -1.00000000000000000e+00 gn 4.21875000000000000e+00
REPR 12 rank6 loss -1.00000000000000000e+00 gn 4.21875000000000000e+00
REPR 12 rank4 loss -1.00000000000000000e+00 gn 4.21875000000000000e+00[titan] 2026-09-13 19:28:59,414 - root - INFO - [31mstep: 12  [32mloss: -1.00000  [38;2;180;60;0mgrad_norm:  4.2188  [38;2;54;234;195mmemory:  1.64GiB(10.59%)  [34mtps: 25  [36mtflops: 0.09  [35mmfu: 0.03%[39m

[titan] 2026-09-13 19:28:59,414 - root - INFO - [31mstep: 12  [32mloss: -1.00000  [38;2;180;60;0mgrad_norm:  4.2188  [38;2;54;234;195mmemory:  1.64GiB(10.59%)  [34mtps: 25  [36mtflops: 0.09  [35mmfu: 0.03%[39m
REPR 12 rank5 loss -1.00000000000000000e+00 gn 4.21875000000000000e+00REPR 12 rank3 loss -1.00000000000000000e+00 gn 4.21875000000000000e+00

[titan] 2026-09-13 19:28:59,414 - root - INFO - [31mstep: 12  [32mloss: -1.00000  [38;2;180;60;0mgrad_norm:  4.2188  [38;2;54;234;195mmemory:  1.71GiB(11.08%)  [34mtps: 25  [36mtflops: 0.09  [35mmfu: 0.03%[39m
[titan] 2026-09-13 19:28:59,414 - root - INFO - [31mstep: 12  [32mloss: -1.00000  [38;2;180;60;0mgrad_norm:  4.2188  [38;2;54;234;195mmemory:  1.71GiB(11.02%)  [34mtps: 25  [36mtflops: 0.09  [35mmfu: 0.03%[39m
[titan] 2026-09-13 19:28:59,414 - root - INFO - [31mstep: 12  [32mloss: -1.00000  [38;2;180;60;0mgrad_norm:  4.2188  [38;2;54;234;195mmemory:  1.70GiB(11.00%)  [34mtps: 25  [36mtflops: 0.09  [35mmfu: 0.03%[39m
REPR 12 rank1 loss -1.00000000000000000e+00 gn 4.21875000000000000e+00
[titan] 2026-09-13 19:28:59,415 - root - INFO - [31mstep: 12  [32mloss: -1.00000  [38;2;180;60;0mgrad_norm:  4.2188  [38;2;54;234;195mmemory:  2.07GiB(13.40%)  [34mtps: 25  [36mtflops: 0.09  [35mmfu: 0.03%[39m
REPR 12 rank7 loss 3.79905414581298828e+00 gn 4.21875000000000000e+00
[titan] 2026-09-13 19:28:59,419 - root - INFO - [31mstep: 12  [32mloss:  3.79905  [38;2;180;60;0mgrad_norm:  4.2188  [38;2;54;234;195mmemory:  5.93GiB(38.31%)  [34mtps: 25  [36mtflops: 0.09  [35mmfu: 0.03%[39m
REPR 12 rank0 loss -1.00000000000000000e+00 gn 4.21875000000000000e+00
[titan] 2026-09-13 19:28:59,420 - root - INFO - [31mstep: 12  [32mloss: -1.00000  [38;2;180;60;0mgrad_norm:  4.2188  [38;2;54;234;195mmemory:  5.28GiB(34.14%)  [34mtps: 25  [36mtflops: 0.09  [35mmfu: 0.03%[39m
REPR 13 rank2 loss -1.00000000000000000e+00 gn 4.71875000000000000e+00
REPR 13 rank6 loss -1.00000000000000000e+00 gn 4.71875000000000000e+00
REPR 13 rank4 loss -1.00000000000000000e+00 gn 4.71875000000000000e+00
[titan] 2026-09-13 19:29:00,684 - root - INFO - [31mstep: 13  [32mloss: -1.00000  [38;2;180;60;0mgrad_norm:  4.7188  [38;2;54;234;195mmemory:  1.64GiB(10.59%)  [34mtps: 25  [36mtflops: 0.09  [35mmfu: 0.03%[39m
[titan] 2026-09-13 19:29:00,684 - root - INFO - [31mstep: 13  [32mloss: -1.00000  [38;2;180;60;0mgrad_norm:  4.7188  [38;2;54;234;195mmemory:  1.64GiB(10.59%)  [34mtps: 25  [36mtflops: 0.09  [35mmfu: 0.03%[39m
REPR 13 rank5 loss -1.00000000000000000e+00 gn 4.71875000000000000e+00REPR 13 rank3 loss -1.00000000000000000e+00 gn 4.71875000000000000e+00

[titan] 2026-09-13 19:29:00,684 - root - INFO - [31mstep: 13  [32mloss: -1.00000  [38;2;180;60;0mgrad_norm:  4.7188  [38;2;54;234;195mmemory:  1.71GiB(11.08%)  [34mtps: 25  [36mtflops: 0.09  [35mmfu: 0.03%[39m
[titan] 2026-09-13 19:29:00,684 - root - INFO - [31mstep: 13  [32mloss: -1.00000  [38;2;180;60;0mgrad_norm:  4.7188  [38;2;54;234;195mmemory:  1.71GiB(11.02%)  [34mtps: 25  [36mtflops: 0.09  [35mmfu: 0.03%[39m
[titan] 2026-09-13 19:29:00,684 - root - INFO - [31mstep: 13  [32mloss: -1.00000  [38;2;180;60;0mgrad_norm:  4.7188  [38;2;54;234;195mmemory:  1.70GiB(11.00%)  [34mtps: 25  [36mtflops: 0.09  [35mmfu: 0.03%[39m
REPR 13 rank1 loss -1.00000000000000000e+00 gn 4.71875000000000000e+00
[titan] 2026-09-13 19:29:00,685 - root - INFO - [31mstep: 13  [32mloss: -1.00000  [38;2;180;60;0mgrad_norm:  4.7188  [38;2;54;234;195mmemory:  2.07GiB(13.40%)  [34mtps: 25  [36mtflops: 0.09  [35mmfu: 0.03%[39m
REPR 13 rank7 loss 3.13147306442260742e+00 gn 4.71875000000000000e+00
[titan] 2026-09-13 19:29:00,689 - root - INFO - [31mstep: 13  [32mloss:  3.13147  [38;2;180;60;0mgrad_norm:  4.7188  [38;2;54;234;195mmemory:  5.93GiB(38.31%)  [34mtps: 25  [36mtflops: 0.09  [35mmfu: 0.03%[39m
REPR 13 rank0 loss -1.00000000000000000e+00 gn 4.71875000000000000e+00
[titan] 2026-09-13 19:29:00,690 - root - INFO - [31mstep: 13  [32mloss: -1.00000  [38;2;180;60;0mgrad_norm:  4.7188  [38;2;54;234;195mmemory:  5.28GiB(34.14%)  [34mtps: 25  [36mtflops: 0.09  [35mmfu: 0.03%[39m
REPR 14 rank2 loss -1.00000000000000000e+00 gn 4.71875000000000000e+00
[titan] 2026-09-13 19:29:01,983 - root - INFO - [31mstep: 14  [32mloss: -1.00000  [38;2;180;60;0mgrad_norm:  4.7188  [38;2;54;234;195mmemory:  1.64GiB(10.59%)  [34mtps: 25  [36mtflops: 0.09  [35mmfu: 0.03%[39m
REPR 14 rank6 loss -1.00000000000000000e+00 gn 4.71875000000000000e+00
REPR 14 rank3 loss -1.00000000000000000e+00 gn 4.71875000000000000e+00
REPR 14 rank5 loss -1.00000000000000000e+00 gn 4.71875000000000000e+00
REPR 14 rank4 loss -1.00000000000000000e+00 gn 4.71875000000000000e+00
[titan] 2026-09-13 19:29:01,983 - root - INFO - [31mstep: 14  [32mloss: -1.00000  [38;2;180;60;0mgrad_norm:  4.7188  [38;2;54;234;195mmemory:  1.64GiB(10.59%)  [34mtps: 25  [36mtflops: 0.09  [35mmfu: 0.03%[39m
[titan] 2026-09-13 19:29:01,983 - root - INFO - [31mstep: 14  [32mloss: -1.00000  [38;2;180;60;0mgrad_norm:  4.7188  [38;2;54;234;195mmemory:  1.71GiB(11.02%)  [34mtps: 25  [36mtflops: 0.09  [35mmfu: 0.03%[39m
[titan] 2026-09-13 19:29:01,983 - root - INFO - [31mstep: 14  [32mloss: -1.00000  [38;2;180;60;0mgrad_norm:  4.7188  [38;2;54;234;195mmemory:  1.70GiB(11.00%)  [34mtps: 25  [36mtflops: 0.09  [35mmfu: 0.03%[39m
[titan] 2026-09-13 19:29:01,983 - root - INFO - [31mstep: 14  [32mloss: -1.00000  [38;2;180;60;0mgrad_norm:  4.7188  [38;2;54;234;195mmemory:  1.71GiB(11.08%)  [34mtps: 25  [36mtflops: 0.09  [35mmfu: 0.03%[39m
REPR 14 rank1 loss -1.00000000000000000e+00 gn 4.71875000000000000e+00
[titan] 2026-09-13 19:29:01,985 - root - INFO - [31mstep: 14  [32mloss: -1.00000  [38;2;180;60;0mgrad_norm:  4.7188  [38;2;54;234;195mmemory:  2.07GiB(13.40%)  [34mtps: 25  [36mtflops: 0.09  [35mmfu: 0.03%[39m
REPR 14 rank7 loss 3.43587684631347656e+00 gn 4.71875000000000000e+00
REPR 14 rank0 loss -1.00000000000000000e+00 gn 4.71875000000000000e+00
[titan] 2026-09-13 19:29:01,989 - root - INFO - [31mstep: 14  [32mloss:  3.43588  [38;2;180;60;0mgrad_norm:  4.7188  [38;2;54;234;195mmemory:  5.93GiB(38.31%)  [34mtps: 25  [36mtflops: 0.09  [35mmfu: 0.03%[39m
[titan] 2026-09-13 19:29:01,989 - root - INFO - [31mstep: 14  [32mloss: -1.00000  [38;2;180;60;0mgrad_norm:  4.7188  [38;2;54;234;195mmemory:  5.28GiB(34.14%)  [34mtps: 25  [36mtflops: 0.09  [35mmfu: 0.03%[39m
REPR 15 rank2 loss -1.00000000000000000e+00 gn 3.12500000000000000e+00
REPR 15 rank6 loss -1.00000000000000000e+00 gn 3.12500000000000000e+00
[titan] 2026-09-13 19:29:03,288 - root - INFO - [31mstep: 15  [32mloss: -1.00000  [38;2;180;60;0mgrad_norm:  3.1250  [38;2;54;234;195mmemory:  1.64GiB(10.59%)  [34mtps: 25  [36mtflops: 0.09  [35mmfu: 0.03%[39m
[titan] 2026-09-13 19:29:03,288 - root - INFO - [31mstep: 15  [32mloss: -1.00000  [38;2;180;60;0mgrad_norm:  3.1250  [38;2;54;234;195mmemory:  1.64GiB(10.59%)  [34mtps: 25  [36mtflops: 0.09  [35mmfu: 0.03%[39m
REPR 15 rank5 loss -1.00000000000000000e+00 gn 3.12500000000000000e+00
REPR 15 rank4 loss -1.00000000000000000e+00 gn 3.12500000000000000e+00
[titan] 2026-09-13 19:29:03,288 - root - INFO - [31mstep: 15  [32mloss: -1.00000  [38;2;180;60;0mgrad_norm:  3.1250  [38;2;54;234;195mmemory:  1.70GiB(11.00%)  [34mtps: 25  [36mtflops: 0.09  [35mmfu: 0.03%[39m
REPR 15 rank3 loss -1.00000000000000000e+00 gn 3.12500000000000000e+00
[titan] 2026-09-13 19:29:03,288 - root - INFO - [31mstep: 15  [32mloss: -1.00000  [38;2;180;60;0mgrad_norm:  3.1250  [38;2;54;234;195mmemory:  1.71GiB(11.08%)  [34mtps: 25  [36mtflops: 0.09  [35mmfu: 0.03%[39m
[titan] 2026-09-13 19:29:03,289 - root - INFO - [31mstep: 15  [32mloss: -1.00000  [38;2;180;60;0mgrad_norm:  3.1250  [38;2;54;234;195mmemory:  1.71GiB(11.02%)  [34mtps: 25  [36mtflops: 0.09  [35mmfu: 0.03%[39m
REPR 15 rank1 loss -1.00000000000000000e+00 gn 3.12500000000000000e+00
[titan] 2026-09-13 19:29:03,289 - root - INFO - [31mstep: 15  [32mloss: -1.00000  [38;2;180;60;0mgrad_norm:  3.1250  [38;2;54;234;195mmemory:  2.07GiB(13.40%)  [34mtps: 25  [36mtflops: 0.09  [35mmfu: 0.03%[39m
REPR 15 rank7 loss 2.95246505737304688e+00 gn 3.12500000000000000e+00
[titan] 2026-09-13 19:29:03,293 - root - INFO - [31mstep: 15  [32mloss:  2.95247  [38;2;180;60;0mgrad_norm:  3.1250  [38;2;54;234;195mmemory:  5.93GiB(38.31%)  [34mtps: 25  [36mtflops: 0.09  [35mmfu: 0.03%[39m
REPR 15 rank0 loss -1.00000000000000000e+00 gn 3.12500000000000000e+00
[titan] 2026-09-13 19:29:03,294 - root - INFO - [31mstep: 15  [32mloss: -1.00000  [38;2;180;60;0mgrad_norm:  3.1250  [38;2;54;234;195mmemory:  5.28GiB(34.14%)  [34mtps: 25  [36mtflops: 0.09  [35mmfu: 0.03%[39m
REPR 16 rank2 loss -1.00000000000000000e+00 gn 4.25000000000000000e+00
REPR 16 rank4 loss -1.00000000000000000e+00 gn 4.25000000000000000e+00
[titan] 2026-09-13 19:29:04,615 - root - INFO - [31mstep: 16  [32mloss: -1.00000  [38;2;180;60;0mgrad_norm:  4.2500  [38;2;54;234;195mmemory:  1.64GiB(10.59%)  [34mtps: 24  [36mtflops: 0.08  [35mmfu: 0.03%[39m
REPR 16 rank6 loss -1.00000000000000000e+00 gn 4.25000000000000000e+00
REPR 16 rank5 loss -1.00000000000000000e+00 gn 4.25000000000000000e+00
[titan] 2026-09-13 19:29:04,615 - root - INFO - [31mstep: 16  [32mloss: -1.00000  [38;2;180;60;0mgrad_norm:  4.2500  [38;2;54;234;195mmemory:  1.71GiB(11.08%)  [34mtps: 24  [36mtflops: 0.08  [35mmfu: 0.03%[39m
REPR 16 rank3 loss -1.00000000000000000e+00 gn 4.25000000000000000e+00
[titan] 2026-09-13 19:29:04,615 - root - INFO - [31mstep: 16  [32mloss: -1.00000  [38;2;180;60;0mgrad_norm:  4.2500  [38;2;54;234;195mmemory:  1.64GiB(10.59%)  [34mtps: 24  [36mtflops: 0.08  [35mmfu: 0.03%[39m
[titan] 2026-09-13 19:29:04,615 - root - INFO - [31mstep: 16  [32mloss: -1.00000  [38;2;180;60;0mgrad_norm:  4.2500  [38;2;54;234;195mmemory:  1.70GiB(11.00%)  [34mtps: 24  [36mtflops: 0.08  [35mmfu: 0.03%[39m
[titan] 2026-09-13 19:29:04,616 - root - INFO - [31mstep: 16  [32mloss: -1.00000  [38;2;180;60;0mgrad_norm:  4.2500  [38;2;54;234;195mmemory:  1.71GiB(11.02%)  [34mtps: 24  [36mtflops: 0.08  [35mmfu: 0.03%[39m
REPR 16 rank1 loss -1.00000000000000000e+00 gn 4.25000000000000000e+00
[titan] 2026-09-13 19:29:04,617 - root - INFO - [31mstep: 16  [32mloss: -1.00000  [38;2;180;60;0mgrad_norm:  4.2500  [38;2;54;234;195mmemory:  2.07GiB(13.40%)  [34mtps: 24  [36mtflops: 0.08  [35mmfu: 0.03%[39m
REPR 16 rank7 loss 3.33156490325927734e+00 gn 4.25000000000000000e+00
[titan] 2026-09-13 19:29:04,620 - root - INFO - [31mstep: 16  [32mloss:  3.33156  [38;2;180;60;0mgrad_norm:  4.2500  [38;2;54;234;195mmemory:  5.93GiB(38.31%)  [34mtps: 24  [36mtflops: 0.08  [35mmfu: 0.03%[39m
REPR 16 rank0 loss -1.00000000000000000e+00 gn 4.25000000000000000e+00
[titan] 2026-09-13 19:29:04,621 - root - INFO - [31mstep: 16  [32mloss: -1.00000  [38;2;180;60;0mgrad_norm:  4.2500  [38;2;54;234;195mmemory:  5.28GiB(34.14%)  [34mtps: 24  [36mtflops: 0.08  [35mmfu: 0.03%[39m
REPR 17 rank2 loss -1.00000000000000000e+00 gn 3.28125000000000000e+00
REPR 17 rank6 loss -1.00000000000000000e+00 gn 3.28125000000000000e+00
[titan] 2026-09-13 19:29:05,934 - root - INFO - [31mstep: 17  [32mloss: -1.00000  [38;2;180;60;0mgrad_norm:  3.2812  [38;2;54;234;195mmemory:  1.64GiB(10.59%)  [34mtps: 24  [36mtflops: 0.08  [35mmfu: 0.03%[39m
[titan] 2026-09-13 19:29:05,934 - root - INFO - [31mstep: 17  [32mloss: -1.00000  [38;2;180;60;0mgrad_norm:  3.2812  [38;2;54;234;195mmemory:  1.64GiB(10.59%)  [34mtps: 24  [36mtflops: 0.08  [35mmfu: 0.03%[39m
REPR 17 rank4 loss -1.00000000000000000e+00 gn 3.28125000000000000e+00
REPR 17 rank5 loss -1.00000000000000000e+00 gn 3.28125000000000000e+00REPR 17 rank3 loss -1.00000000000000000e+00 gn 3.28125000000000000e+00

[titan] 2026-09-13 19:29:05,934 - root - INFO - [31mstep: 17  [32mloss: -1.00000  [38;2;180;60;0mgrad_norm:  3.2812  [38;2;54;234;195mmemory:  1.71GiB(11.02%)  [34mtps: 24  [36mtflops: 0.08  [35mmfu: 0.03%[39m
[titan] 2026-09-13 19:29:05,934 - root - INFO - [31mstep: 17  [32mloss: -1.00000  [38;2;180;60;0mgrad_norm:  3.2812  [38;2;54;234;195mmemory:  1.70GiB(11.00%)  [34mtps: 24  [36mtflops: 0.08  [35mmfu: 0.03%[39m
[titan] 2026-09-13 19:29:05,934 - root - INFO - [31mstep: 17  [32mloss: -1.00000  [38;2;180;60;0mgrad_norm:  3.2812  [38;2;54;234;195mmemory:  1.71GiB(11.08%)  [34mtps: 24  [36mtflops: 0.08  [35mmfu: 0.03%[39m
REPR 17 rank1 loss -1.00000000000000000e+00 gn 3.28125000000000000e+00
[titan] 2026-09-13 19:29:05,935 - root - INFO - [31mstep: 17  [32mloss: -1.00000  [38;2;180;60;0mgrad_norm:  3.2812  [38;2;54;234;195mmemory:  2.07GiB(13.40%)  [34mtps: 24  [36mtflops: 0.08  [35mmfu: 0.03%[39m
REPR 17 rank7 loss 3.23325252532958984e+00 gn 3.28125000000000000e+00
[titan] 2026-09-13 19:29:05,939 - root - INFO - [31mstep: 17  [32mloss:  3.23325  [38;2;180;60;0mgrad_norm:  3.2812  [38;2;54;234;195mmemory:  5.93GiB(38.31%)  [34mtps: 24  [36mtflops: 0.08  [35mmfu: 0.03%[39m
REPR 17 rank0 loss -1.00000000000000000e+00 gn 3.28125000000000000e+00
[titan] 2026-09-13 19:29:05,940 - root - INFO - [31mstep: 17  [32mloss: -1.00000  [38;2;180;60;0mgrad_norm:  3.2812  [38;2;54;234;195mmemory:  5.28GiB(34.14%)  [34mtps: 24  [36mtflops: 0.08  [35mmfu: 0.03%[39m
REPR 18 rank6 loss -1.00000000000000000e+00 gn 3.42187500000000000e+00
REPR 18 rank2 loss -1.00000000000000000e+00 gn 3.42187500000000000e+00
REPR 18 rank4 loss -1.00000000000000000e+00 gn 3.42187500000000000e+00
[titan] 2026-09-13 19:29:07,211 - root - INFO - [31mstep: 18  [32mloss: -1.00000  [38;2;180;60;0mgrad_norm:  3.4219  [38;2;54;234;195mmemory:  1.64GiB(10.59%)  [34mtps: 25  [36mtflops: 0.09  [35mmfu: 0.03%[39m
[titan] 2026-09-13 19:29:07,211 - root - INFO - [31mstep: 18  [32mloss: -1.00000  [38;2;180;60;0mgrad_norm:  3.4219  [38;2;54;234;195mmemory:  1.64GiB(10.59%)  [34mtps: 25  [36mtflops: 0.09  [35mmfu: 0.03%[39m
REPR 18 rank3 loss -1.00000000000000000e+00 gn 3.42187500000000000e+00
[titan] 2026-09-13 19:29:07,211 - root - INFO - [31mstep: 18  [32mloss: -1.00000  [38;2;180;60;0mgrad_norm:  3.4219  [38;2;54;234;195mmemory:  1.71GiB(11.08%)  [34mtps: 25  [36mtflops: 0.09  [35mmfu: 0.03%[39m
REPR 18 rank5 loss -1.00000000000000000e+00 gn 3.42187500000000000e+00
[titan] 2026-09-13 19:29:07,211 - root - INFO - [31mstep: 18  [32mloss: -1.00000  [38;2;180;60;0mgrad_norm:  3.4219  [38;2;54;234;195mmemory:  1.71GiB(11.02%)  [34mtps: 25  [36mtflops: 0.09  [35mmfu: 0.03%[39m
[titan] 2026-09-13 19:29:07,212 - root - INFO - [31mstep: 18  [32mloss: -1.00000  [38;2;180;60;0mgrad_norm:  3.4219  [38;2;54;234;195mmemory:  1.70GiB(11.00%)  [34mtps: 25  [36mtflops: 0.09  [35mmfu: 0.03%[39m
REPR 18 rank1 loss -1.00000000000000000e+00 gn 3.42187500000000000e+00
[titan] 2026-09-13 19:29:07,212 - root - INFO - [31mstep: 18  [32mloss: -1.00000  [38;2;180;60;0mgrad_norm:  3.4219  [38;2;54;234;195mmemory:  2.07GiB(13.40%)  [34mtps: 25  [36mtflops: 0.09  [35mmfu: 0.03%[39m
REPR 18 rank7 loss 3.49865651130676270e+00 gn 3.42187500000000000e+00
[titan] 2026-09-13 19:29:07,216 - root - INFO - [31mstep: 18  [32mloss:  3.49866  [38;2;180;60;0mgrad_norm:  3.4219  [38;2;54;234;195mmemory:  5.93GiB(38.31%)  [34mtps: 25  [36mtflops: 0.09  [35mmfu: 0.03%[39m
REPR 18 rank0 loss -1.00000000000000000e+00 gn 3.42187500000000000e+00
[titan] 2026-09-13 19:29:07,217 - root - INFO - [31mstep: 18  [32mloss: -1.00000  [38;2;180;60;0mgrad_norm:  3.4219  [38;2;54;234;195mmemory:  5.28GiB(34.14%)  [34mtps: 25  [36mtflops: 0.09  [35mmfu: 0.03%[39m
REPR 19 rank2 loss -1.00000000000000000e+00 gn 2.14062500000000000e+00
REPR 19 rank6 loss -1.00000000000000000e+00 gn 2.14062500000000000e+00
REPR 19 rank4 loss -1.00000000000000000e+00 gn 2.14062500000000000e+00
[titan] 2026-09-13 19:29:08,519 - root - INFO - [31mstep: 19  [32mloss: -1.00000  [38;2;180;60;0mgrad_norm:  2.1406  [38;2;54;234;195mmemory:  1.64GiB(10.59%)  [34mtps: 24  [36mtflops: 0.09  [35mmfu: 0.03%[39m
[titan] 2026-09-13 19:29:08,519 - root - INFO - [31mstep: 19  [32mloss: -1.00000  [38;2;180;60;0mgrad_norm:  2.1406  [38;2;54;234;195mmemory:  1.64GiB(10.59%)  [34mtps: 24  [36mtflops: 0.09  [35mmfu: 0.03%[39m
REPR 19 rank3 loss -1.00000000000000000e+00 gn 2.14062500000000000e+00
REPR 19 rank5 loss -1.00000000000000000e+00 gn 2.14062500000000000e+00
[titan] 2026-09-13 19:29:08,519 - root - INFO - [31mstep: 19  [32mloss: -1.00000  [38;2;180;60;0mgrad_norm:  2.1406  [38;2;54;234;195mmemory:  1.71GiB(11.08%)  [34mtps: 24  [36mtflops: 0.09  [35mmfu: 0.03%[39m
[titan] 2026-09-13 19:29:08,519 - root - INFO - [31mstep: 19  [32mloss: -1.00000  [38;2;180;60;0mgrad_norm:  2.1406  [38;2;54;234;195mmemory:  1.71GiB(11.02%)  [34mtps: 24  [36mtflops: 0.09  [35mmfu: 0.03%[39m
[titan] 2026-09-13 19:29:08,519 - root - INFO - [31mstep: 19  [32mloss: -1.00000  [38;2;180;60;0mgrad_norm:  2.1406  [38;2;54;234;195mmemory:  1.70GiB(11.00%)  [34mtps: 24  [36mtflops: 0.09  [35mmfu: 0.03%[39m
REPR 19 rank1 loss -1.00000000000000000e+00 gn 2.14062500000000000e+00
[titan] 2026-09-13 19:29:08,520 - root - INFO - [31mstep: 19  [32mloss: -1.00000  [38;2;180;60;0mgrad_norm:  2.1406  [38;2;54;234;195mmemory:  2.07GiB(13.40%)  [34mtps: 24  [36mtflops: 0.09  [35mmfu: 0.03%[39m
REPR 19 rank7 loss 2.82540369033813477e+00 gn 2.14062500000000000e+00
[titan] 2026-09-13 19:29:08,524 - root - INFO - [31mstep: 19  [32mloss:  2.82540  [38;2;180;60;0mgrad_norm:  2.1406  [38;2;54;234;195mmemory:  5.93GiB(38.31%)  [34mtps: 24  [36mtflops: 0.09  [35mmfu: 0.03%[39m
REPR 19 rank0 loss -1.00000000000000000e+00 gn 2.14062500000000000e+00
[titan] 2026-09-13 19:29:08,525 - root - INFO - [31mstep: 19  [32mloss: -1.00000  [38;2;180;60;0mgrad_norm:  2.1406  [38;2;54;234;195mmemory:  5.28GiB(34.14%)  [34mtps: 24  [36mtflops: 0.09  [35mmfu: 0.03%[39m
REPR 20 rank2 loss -1.00000000000000000e+00 gn 3.00000000000000000e+00
REPR 20 rank4 loss -1.00000000000000000e+00 gn 3.00000000000000000e+00
[titan] 2026-09-13 19:29:09,828 - root - INFO - [31mstep: 20  [32mloss: -1.00000  [38;2;180;60;0mgrad_norm:  3.0000  [38;2;54;234;195mmemory:  1.64GiB(10.59%)  [34mtps: 24  [36mtflops: 0.09  [35mmfu: 0.03%[39m
REPR 20 rank6 loss -1.00000000000000000e+00 gn 3.00000000000000000e+00
REPR 20 rank3 loss -1.00000000000000000e+00 gn 3.00000000000000000e+00
REPR 20 rank5 loss -1.00000000000000000e+00 gn 3.00000000000000000e+00
[titan] 2026-09-13 19:29:09,829 - root - INFO - [31mstep: 20  [32mloss: -1.00000  [38;2;180;60;0mgrad_norm:  3.0000  [38;2;54;234;195mmemory:  1.71GiB(11.08%)  [34mtps: 24  [36mtflops: 0.09  [35mmfu: 0.03%[39m
[titan] 2026-09-13 19:29:09,829 - root - INFO - [31mstep: 20  [32mloss: -1.00000  [38;2;180;60;0mgrad_norm:  3.0000  [38;2;54;234;195mmemory:  1.64GiB(10.59%)  [34mtps: 24  [36mtflops: 0.09  [35mmfu: 0.03%[39m
[titan] 2026-09-13 19:29:09,829 - root - INFO - [31mstep: 20  [32mloss: -1.00000  [38;2;180;60;0mgrad_norm:  3.0000  [38;2;54;234;195mmemory:  1.71GiB(11.02%)  [34mtps: 24  [36mtflops: 0.09  [35mmfu: 0.03%[39m
[titan] 2026-09-13 19:29:09,829 - root - INFO - [31mstep: 20  [32mloss: -1.00000  [38;2;180;60;0mgrad_norm:  3.0000  [38;2;54;234;195mmemory:  1.70GiB(11.00%)  [34mtps: 24  [36mtflops: 0.09  [35mmfu: 0.03%[39m
REPR 20 rank1 loss -1.00000000000000000e+00 gn 3.00000000000000000e+00
[titan] 2026-09-13 19:29:09,830 - root - INFO - [31mstep: 20  [32mloss: -1.00000  [38;2;180;60;0mgrad_norm:  3.0000  [38;2;54;234;195mmemory:  2.07GiB(13.40%)  [34mtps: 24  [36mtflops: 0.09  [35mmfu: 0.03%[39m
REPR 20 rank7 loss 3.20383620262145996e+00 gn 3.00000000000000000e+00
[titan] 2026-09-13 19:29:09,834 - root - INFO - [31mstep: 20  [32mloss:  3.20384  [38;2;180;60;0mgrad_norm:  3.0000  [38;2;54;234;195mmemory:  5.93GiB(38.31%)  [34mtps: 24  [36mtflops: 0.09  [35mmfu: 0.03%[39m
REPR 20 rank0 loss -1.00000000000000000e+00 gn 3.00000000000000000e+00
[titan] 2026-09-13 19:29:09,835 - root - INFO - [31mstep: 20  [32mloss: -1.00000  [38;2;180;60;0mgrad_norm:  3.0000  [38;2;54;234;195mmemory:  5.28GiB(34.14%)  [34mtps: 24  [36mtflops: 0.09  [35mmfu: 0.03%[39m
REPR 21 rank6 loss -1.00000000000000000e+00 gn 6.90625000000000000e+00
REPR 21 rank2 loss -1.00000000000000000e+00 gn 6.90625000000000000e+00REPR 21 rank4 loss -1.00000000000000000e+00 gn 6.90625000000000000e+00

[titan] 2026-09-13 19:29:11,149 - root - INFO - [31mstep: 21  [32mloss: -1.00000  [38;2;180;60;0mgrad_norm:  6.9062  [38;2;54;234;195mmemory:  1.64GiB(10.59%)  [34mtps: 24  [36mtflops: 0.08  [35mmfu: 0.03%[39m
REPR 21 rank5 loss -1.00000000000000000e+00 gn 6.90625000000000000e+00
[titan] 2026-09-13 19:29:11,149 - root - INFO - [31mstep: 21  [32mloss: -1.00000  [38;2;180;60;0mgrad_norm:  6.9062  [38;2;54;234;195mmemory:  1.71GiB(11.08%)  [34mtps: 24  [36mtflops: 0.08  [35mmfu: 0.03%[39m
[titan] 2026-09-13 19:29:11,149 - root - INFO - [31mstep: 21  [32mloss: -1.00000  [38;2;180;60;0mgrad_norm:  6.9062  [38;2;54;234;195mmemory:  1.64GiB(10.59%)  [34mtps: 24  [36mtflops: 0.08  [35mmfu: 0.03%[39m
[titan] 2026-09-13 19:29:11,150 - root - INFO - [31mstep: 21  [32mloss: -1.00000  [38;2;180;60;0mgrad_norm:  6.9062  [38;2;54;234;195mmemory:  1.70GiB(11.00%)  [34mtps: 24  [36mtflops: 0.08  [35mmfu: 0.03%[39m
REPR 21 rank3 loss -1.00000000000000000e+00 gn 6.90625000000000000e+00
[titan] 2026-09-13 19:29:11,150 - root - INFO - [31mstep: 21  [32mloss: -1.00000  [38;2;180;60;0mgrad_norm:  6.9062  [38;2;54;234;195mmemory:  1.71GiB(11.02%)  [34mtps: 24  [36mtflops: 0.08  [35mmfu: 0.03%[39m
REPR 21 rank1 loss -1.00000000000000000e+00 gn 6.90625000000000000e+00
[titan] 2026-09-13 19:29:11,151 - root - INFO - [31mstep: 21  [32mloss: -1.00000  [38;2;180;60;0mgrad_norm:  6.9062  [38;2;54;234;195mmemory:  2.07GiB(13.40%)  [34mtps: 24  [36mtflops: 0.08  [35mmfu: 0.03%[39m
REPR 21 rank7 loss 3.01051568984985352e+00 gn 6.90625000000000000e+00
REPR 21 rank0 loss -1.00000000000000000e+00 gn 6.90625000000000000e+00
[titan] 2026-09-13 19:29:11,155 - root - INFO - [31mstep: 21  [32mloss:  3.01052  [38;2;180;60;0mgrad_norm:  6.9062  [38;2;54;234;195mmemory:  5.93GiB(38.31%)  [34mtps: 24  [36mtflops: 0.08  [35mmfu: 0.03%[39m
[titan] 2026-09-13 19:29:11,155 - root - INFO - [31mstep: 21  [32mloss: -1.00000  [38;2;180;60;0mgrad_norm:  6.9062  [38;2;54;234;195mmemory:  5.28GiB(34.14%)  [34mtps: 24  [36mtflops: 0.08  [35mmfu: 0.03%[39m
REPR 22 rank2 loss -1.00000000000000000e+00 gn 3.68750000000000000e+00
REPR 22 rank6 loss -1.00000000000000000e+00 gn 3.68750000000000000e+00
[titan] 2026-09-13 19:29:12,454 - root - INFO - [31mstep: 22  [32mloss: -1.00000  [38;2;180;60;0mgrad_norm:  3.6875  [38;2;54;234;195mmemory:  1.64GiB(10.59%)  [34mtps: 25  [36mtflops: 0.09  [35mmfu: 0.03%[39m
[titan] 2026-09-13 19:29:12,454 - root - INFO - [31mstep: 22  [32mloss: -1.00000  [38;2;180;60;0mgrad_norm:  3.6875  [38;2;54;234;195mmemory:  1.64GiB(10.59%)  [34mtps: 25  [36mtflops: 0.09  [35mmfu: 0.03%[39m
REPR 22 rank4 loss -1.00000000000000000e+00 gn 3.68750000000000000e+00
REPR 22 rank5 loss -1.00000000000000000e+00 gn 3.68750000000000000e+00
REPR 22 rank3 loss -1.00000000000000000e+00 gn 3.68750000000000000e+00
[titan] 2026-09-13 19:29:12,455 - root - INFO - [31mstep: 22  [32mloss: -1.00000  [38;2;180;60;0mgrad_norm:  3.6875  [38;2;54;234;195mmemory:  1.70GiB(11.00%)  [34mtps: 25  [36mtflops: 0.09  [35mmfu: 0.03%[39m
[titan] 2026-09-13 19:29:12,455 - root - INFO - [31mstep: 22  [32mloss: -1.00000  [38;2;180;60;0mgrad_norm:  3.6875  [38;2;54;234;195mmemory:  1.71GiB(11.08%)  [34mtps: 25  [36mtflops: 0.09  [35mmfu: 0.03%[39m
[titan] 2026-09-13 19:29:12,455 - root - INFO - [31mstep: 22  [32mloss: -1.00000  [38;2;180;60;0mgrad_norm:  3.6875  [38;2;54;234;195mmemory:  1.71GiB(11.02%)  [34mtps: 25  [36mtflops: 0.09  [35mmfu: 0.03%[39m
REPR 22 rank1 loss -1.00000000000000000e+00 gn 3.68750000000000000e+00
[titan] 2026-09-13 19:29:12,456 - root - INFO - [31mstep: 22  [32mloss: -1.00000  [38;2;180;60;0mgrad_norm:  3.6875  [38;2;54;234;195mmemory:  2.07GiB(13.40%)  [34mtps: 25  [36mtflops: 0.09  [35mmfu: 0.03%[39m
REPR 22 rank7 loss 3.18869781494140625e+00 gn 3.68750000000000000e+00
REPR 22 rank0 loss -1.00000000000000000e+00 gn 3.68750000000000000e+00
[titan] 2026-09-13 19:29:12,460 - root - INFO - [31mstep: 22  [32mloss:  3.18870  [38;2;180;60;0mgrad_norm:  3.6875  [38;2;54;234;195mmemory:  5.93GiB(38.31%)  [34mtps: 25  [36mtflops: 0.09  [35mmfu: 0.03%[39m
[titan] 2026-09-13 19:29:12,460 - root - INFO - [31mstep: 22  [32mloss: -1.00000  [38;2;180;60;0mgrad_norm:  3.6875  [38;2;54;234;195mmemory:  5.28GiB(34.14%)  [34mtps: 25  [36mtflops: 0.09  [35mmfu: 0.03%[39m
REPR 23 rank2 loss -1.00000000000000000e+00 gn 2.53125000000000000e+00
REPR 23 rank6 loss -1.00000000000000000e+00 gn 2.53125000000000000e+00
REPR 23 rank4 loss -1.00000000000000000e+00 gn 2.53125000000000000e+00
[titan] 2026-09-13 19:29:13,776 - root - INFO - [31mstep: 23  [32mloss: -1.00000  [38;2;180;60;0mgrad_norm:  2.5312  [38;2;54;234;195mmemory:  1.64GiB(10.59%)  [34mtps: 24  [36mtflops: 0.08  [35mmfu: 0.03%[39m
REPR 23 rank3 loss -1.00000000000000000e+00 gn 2.53125000000000000e+00
REPR 23 rank5 loss -1.00000000000000000e+00 gn 2.53125000000000000e+00
[titan] 2026-09-13 19:29:13,777 - root - INFO - [31mstep: 23  [32mloss: -1.00000  [38;2;180;60;0mgrad_norm:  2.5312  [38;2;54;234;195mmemory:  1.64GiB(10.59%)  [34mtps: 24  [36mtflops: 0.08  [35mmfu: 0.03%[39m
[titan] 2026-09-13 19:29:13,777 - root - INFO - [31mstep: 23  [32mloss: -1.00000  [38;2;180;60;0mgrad_norm:  2.5312  [38;2;54;234;195mmemory:  1.71GiB(11.08%)  [34mtps: 24  [36mtflops: 0.08  [35mmfu: 0.03%[39m
[titan] 2026-09-13 19:29:13,777 - root - INFO - [31mstep: 23  [32mloss: -1.00000  [38;2;180;60;0mgrad_norm:  2.5312  [38;2;54;234;195mmemory:  1.71GiB(11.02%)  [34mtps: 24  [36mtflops: 0.08  [35mmfu: 0.03%[39m
[titan] 2026-09-13 19:29:13,777 - root - INFO - [31mstep: 23  [32mloss: -1.00000  [38;2;180;60;0mgrad_norm:  2.5312  [38;2;54;234;195mmemory:  1.70GiB(11.00%)  [34mtps: 24  [36mtflops: 0.08  [35mmfu: 0.03%[39m
REPR 23 rank1 loss -1.00000000000000000e+00 gn 2.53125000000000000e+00
[titan] 2026-09-13 19:29:13,778 - root - INFO - [31mstep: 23  [32mloss: -1.00000  [38;2;180;60;0mgrad_norm:  2.5312  [38;2;54;234;195mmemory:  2.07GiB(13.40%)  [34mtps: 24  [36mtflops: 0.08  [35mmfu: 0.03%[39m
REPR 23 rank7 loss 2.83224678039550781e+00 gn 2.53125000000000000e+00
[titan] 2026-09-13 19:29:13,782 - root - INFO - [31mstep: 23  [32mloss:  2.83225  [38;2;180;60;0mgrad_norm:  2.5312  [38;2;54;234;195mmemory:  5.93GiB(38.31%)  [34mtps: 24  [36mtflops: 0.08  [35mmfu: 0.03%[39m
REPR 23 rank0 loss -1.00000000000000000e+00 gn 2.53125000000000000e+00
[titan] 2026-09-13 19:29:13,782 - root - INFO - [31mstep: 23  [32mloss: -1.00000  [38;2;180;60;0mgrad_norm:  2.5312  [38;2;54;234;195mmemory:  5.28GiB(34.14%)  [34mtps: 24  [36mtflops: 0.08  [35mmfu: 0.03%[39m
REPR 24 rank2 loss -1.00000000000000000e+00 gn 3.07812500000000000e+00
REPR 24 rank6 loss -1.00000000000000000e+00 gn 3.07812500000000000e+00
REPR 24 rank4 loss -1.00000000000000000e+00 gn 3.07812500000000000e+00
[titan] 2026-09-13 19:29:15,052 - root - INFO - [31mstep: 24  [32mloss: -1.00000  [38;2;180;60;0mgrad_norm:  3.0781  [38;2;54;234;195mmemory:  1.64GiB(10.59%)  [34mtps: 25  [36mtflops: 0.09  [35mmfu: 0.03%[39m
[titan] 2026-09-13 19:29:15,052 - root - INFO - [31mstep: 24  [32mloss: -1.00000  [38;2;180;60;0mgrad_norm:  3.0781  [38;2;54;234;195mmemory:  1.64GiB(10.59%)  [34mtps: 25  [36mtflops: 0.09  [35mmfu: 0.03%[39m
REPR 24 rank5 loss -1.00000000000000000e+00 gn 3.07812500000000000e+00
REPR 24 rank3 loss -1.00000000000000000e+00 gn 3.07812500000000000e+00
[titan] 2026-09-13 19:29:15,052 - root - INFO - [31mstep: 24  [32mloss: -1.00000  [38;2;180;60;0mgrad_norm:  3.0781  [38;2;54;234;195mmemory:  1.71GiB(11.08%)  [34mtps: 25  [36mtflops: 0.09  [35mmfu: 0.03%[39m
[titan] 2026-09-13 19:29:15,052 - root - INFO - [31mstep: 24  [32mloss: -1.00000  [38;2;180;60;0mgrad_norm:  3.0781  [38;2;54;234;195mmemory:  1.70GiB(11.00%)  [34mtps: 25  [36mtflops: 0.09  [35mmfu: 0.03%[39m
[titan] 2026-09-13 19:29:15,052 - root - INFO - [31mstep: 24  [32mloss: -1.00000  [38;2;180;60;0mgrad_norm:  3.0781  [38;2;54;234;195mmemory:  1.71GiB(11.02%)  [34mtps: 25  [36mtflops: 0.09  [35mmfu: 0.03%[39m
REPR 24 rank1 loss -1.00000000000000000e+00 gn 3.07812500000000000e+00
[titan] 2026-09-13 19:29:15,053 - root - INFO - [31mstep: 24  [32mloss: -1.00000  [38;2;180;60;0mgrad_norm:  3.0781  [38;2;54;234;195mmemory:  2.07GiB(13.40%)  [34mtps: 25  [36mtflops: 0.09  [35mmfu: 0.03%[39m
REPR 24 rank7 loss 3.21827363967895508e+00 gn 3.07812500000000000e+00
[titan] 2026-09-13 19:29:15,057 - root - INFO - [31mstep: 24  [32mloss:  3.21827  [38;2;180;60;0mgrad_norm:  3.0781  [38;2;54;234;195mmemory:  5.93GiB(38.31%)  [34mtps: 25  [36mtflops: 0.09  [35mmfu: 0.03%[39m
REPR 24 rank0 loss -1.00000000000000000e+00 gn 3.07812500000000000e+00
[titan] 2026-09-13 19:29:15,058 - root - INFO - [31mstep: 24  [32mloss: -1.00000  [38;2;180;60;0mgrad_norm:  3.0781  [38;2;54;234;195mmemory:  5.28GiB(34.14%)  [34mtps: 25  [36mtflops: 0.09  [35mmfu: 0.03%[39m
REPR 25 rank2 loss -1.00000000000000000e+00 gn 4.37500000000000000e+00
REPR 25 rank6 loss -1.00000000000000000e+00 gn 4.37500000000000000e+00
REPR 25 rank4 loss -1.00000000000000000e+00 gn 4.37500000000000000e+00
[titan] 2026-09-13 19:29:16,322 - root - INFO - [31mstep: 25  [32mloss: -1.00000  [38;2;180;60;0mgrad_norm:  4.3750  [38;2;54;234;195mmemory:  1.64GiB(10.59%)  [34mtps: 25  [36mtflops: 0.09  [35mmfu: 0.03%[39m
[titan] 2026-09-13 19:29:16,322 - root - INFO - [31mstep: 25  [32mloss: -1.00000  [38;2;180;60;0mgrad_norm:  4.3750  [38;2;54;234;195mmemory:  1.64GiB(10.59%)  [34mtps: 25  [36mtflops: 0.09  [35mmfu: 0.03%[39m
REPR 25 rank3 loss -1.00000000000000000e+00 gn 4.37500000000000000e+00REPR 25 rank5 loss -1.00000000000000000e+00 gn 4.37500000000000000e+00

[titan] 2026-09-13 19:29:16,322 - root - INFO - [31mstep: 25  [32mloss: -1.00000  [38;2;180;60;0mgrad_norm:  4.3750  [38;2;54;234;195mmemory:  1.71GiB(11.08%)  [34mtps: 25  [36mtflops: 0.09  [35mmfu: 0.03%[39m
[titan] 2026-09-13 19:29:16,323 - root - INFO - [31mstep: 25  [32mloss: -1.00000  [38;2;180;60;0mgrad_norm:  4.3750  [38;2;54;234;195mmemory:  1.70GiB(11.00%)  [34mtps: 25  [36mtflops: 0.09  [35mmfu: 0.03%[39m
[titan] 2026-09-13 19:29:16,323 - root - INFO - [31mstep: 25  [32mloss: -1.00000  [38;2;180;60;0mgrad_norm:  4.3750  [38;2;54;234;195mmemory:  1.71GiB(11.02%)  [34mtps: 25  [36mtflops: 0.09  [35mmfu: 0.03%[39m
REPR 25 rank1 loss -1.00000000000000000e+00 gn 4.37500000000000000e+00
[titan] 2026-09-13 19:29:16,324 - root - INFO - [31mstep: 25  [32mloss: -1.00000  [38;2;180;60;0mgrad_norm:  4.3750  [38;2;54;234;195mmemory:  2.07GiB(13.40%)  [34mtps: 25  [36mtflops: 0.09  [35mmfu: 0.03%[39m
REPR 25 rank7 loss 3.81808519363403320e+00 gn 4.37500000000000000e+00
[titan] 2026-09-13 19:29:16,327 - root - INFO - [31mstep: 25  [32mloss:  3.81809  [38;2;180;60;0mgrad_norm:  4.3750  [38;2;54;234;195mmemory:  5.93GiB(38.31%)  [34mtps: 25  [36mtflops: 0.09  [35mmfu: 0.03%[39m
REPR 25 rank0 loss -1.00000000000000000e+00 gn 4.37500000000000000e+00
[titan] 2026-09-13 19:29:16,328 - root - INFO - [31mstep: 25  [32mloss: -1.00000  [38;2;180;60;0mgrad_norm:  4.3750  [38;2;54;234;195mmemory:  5.28GiB(34.14%)  [34mtps: 25  [36mtflops: 0.09  [35mmfu: 0.03%[39m
REPR 26 rank2 loss -1.00000000000000000e+00 gn 3.76562500000000000e+00
REPR 26 rank6 loss -1.00000000000000000e+00 gn 3.76562500000000000e+00
REPR 26 rank4 loss -1.00000000000000000e+00 gn 3.76562500000000000e+00
[titan] 2026-09-13 19:29:17,611 - root - INFO - [31mstep: 26  [32mloss: -1.00000  [38;2;180;60;0mgrad_norm:  3.7656  [38;2;54;234;195mmemory:  1.64GiB(10.59%)  [34mtps: 25  [36mtflops: 0.09  [35mmfu: 0.03%[39m
[titan] 2026-09-13 19:29:17,611 - root - INFO - [31mstep: 26  [32mloss: -1.00000  [38;2;180;60;0mgrad_norm:  3.7656  [38;2;54;234;195mmemory:  1.64GiB(10.59%)  [34mtps: 25  [36mtflops: 0.09  [35mmfu: 0.03%[39m
REPR 26 rank3 loss -1.00000000000000000e+00 gn 3.76562500000000000e+00
[titan] 2026-09-13 19:29:17,611 - root - INFO - [31mstep: 26  [32mloss: -1.00000  [38;2;180;60;0mgrad_norm:  3.7656  [38;2;54;234;195mmemory:  1.71GiB(11.08%)  [34mtps: 25  [36mtflops: 0.09  [35mmfu: 0.03%[39m
REPR 26 rank5 loss -1.00000000000000000e+00 gn 3.76562500000000000e+00
[titan] 2026-09-13 19:29:17,612 - root - INFO - [31mstep: 26  [32mloss: -1.00000  [38;2;180;60;0mgrad_norm:  3.7656  [38;2;54;234;195mmemory:  1.71GiB(11.02%)  [34mtps: 25  [36mtflops: 0.09  [35mmfu: 0.03%[39m
[titan] 2026-09-13 19:29:17,612 - root - INFO - [31mstep: 26  [32mloss: -1.00000  [38;2;180;60;0mgrad_norm:  3.7656  [38;2;54;234;195mmemory:  1.70GiB(11.00%)  [34mtps: 25  [36mtflops: 0.09  [35mmfu: 0.03%[39m
REPR 26 rank1 loss -1.00000000000000000e+00 gn 3.76562500000000000e+00
[titan] 2026-09-13 19:29:17,613 - root - INFO - [31mstep: 26  [32mloss: -1.00000  [38;2;180;60;0mgrad_norm:  3.7656  [38;2;54;234;195mmemory:  2.07GiB(13.40%)  [34mtps: 25  [36mtflops: 0.09  [35mmfu: 0.03%[39m
REPR 26 rank7 loss 3.05791139602661133e+00 gn 3.76562500000000000e+00
[titan] 2026-09-13 19:29:17,616 - root - INFO - [31mstep: 26  [32mloss:  3.05791  [38;2;180;60;0mgrad_norm:  3.7656  [38;2;54;234;195mmemory:  5.93GiB(38.31%)  [34mtps: 25  [36mtflops: 0.09  [35mmfu: 0.03%[39m
REPR 26 rank0 loss -1.00000000000000000e+00 gn 3.76562500000000000e+00
[titan] 2026-09-13 19:29:17,617 - root - INFO - [31mstep: 26  [32mloss: -1.00000  [38;2;180;60;0mgrad_norm:  3.7656  [38;2;54;234;195mmemory:  5.28GiB(34.14%)  [34mtps: 25  [36mtflops: 0.09  [35mmfu: 0.03%[39m
REPR 27 rank2 loss -1.00000000000000000e+00 gn 2.93750000000000000e+00
REPR 27 rank6 loss -1.00000000000000000e+00 gn 2.93750000000000000e+00
[titan] 2026-09-13 19:29:18,891 - root - INFO - [31mstep: 27  [32mloss: -1.00000  [38;2;180;60;0mgrad_norm:  2.9375  [38;2;54;234;195mmemory:  1.64GiB(10.59%)  [34mtps: 25  [36mtflops: 0.09  [35mmfu: 0.03%[39m
[titan] 2026-09-13 19:29:18,891 - root - INFO - [31mstep: 27  [32mloss: -1.00000  [38;2;180;60;0mgrad_norm:  2.9375  [38;2;54;234;195mmemory:  1.64GiB(10.59%)  [34mtps: 25  [36mtflops: 0.09  [35mmfu: 0.03%[39m
REPR 27 rank4 loss -1.00000000000000000e+00 gn 2.93750000000000000e+00
REPR 27 rank5 loss -1.00000000000000000e+00 gn 2.93750000000000000e+00
REPR 27 rank3 loss -1.00000000000000000e+00 gn 2.93750000000000000e+00
[titan] 2026-09-13 19:29:18,892 - root - INFO - [31mstep: 27  [32mloss: -1.00000  [38;2;180;60;0mgrad_norm:  2.9375  [38;2;54;234;195mmemory:  1.70GiB(11.00%)  [34mtps: 25  [36mtflops: 0.09  [35mmfu: 0.03%[39m
[titan] 2026-09-13 19:29:18,892 - root - INFO - [31mstep: 27  [32mloss: -1.00000  [38;2;180;60;0mgrad_norm:  2.9375  [38;2;54;234;195mmemory:  1.71GiB(11.08%)  [34mtps: 25  [36mtflops: 0.09  [35mmfu: 0.03%[39m
[titan] 2026-09-13 19:29:18,892 - root - INFO - [31mstep: 27  [32mloss: -1.00000  [38;2;180;60;0mgrad_norm:  2.9375  [38;2;54;234;195mmemory:  1.71GiB(11.02%)  [34mtps: 25  [36mtflops: 0.09  [35mmfu: 0.03%[39m
REPR 27 rank1 loss -1.00000000000000000e+00 gn 2.93750000000000000e+00
[titan] 2026-09-13 19:29:18,893 - root - INFO - [31mstep: 27  [32mloss: -1.00000  [38;2;180;60;0mgrad_norm:  2.9375  [38;2;54;234;195mmemory:  2.07GiB(13.40%)  [34mtps: 25  [36mtflops: 0.09  [35mmfu: 0.03%[39m
REPR 27 rank7 loss 3.13404178619384766e+00 gn 2.93750000000000000e+00
[titan] 2026-09-13 19:29:18,897 - root - INFO - [31mstep: 27  [32mloss:  3.13404  [38;2;180;60;0mgrad_norm:  2.9375  [38;2;54;234;195mmemory:  5.93GiB(38.31%)  [34mtps: 25  [36mtflops: 0.09  [35mmfu: 0.03%[39m
REPR 27 rank0 loss -1.00000000000000000e+00 gn 2.93750000000000000e+00
[titan] 2026-09-13 19:29:18,897 - root - INFO - [31mstep: 27  [32mloss: -1.00000  [38;2;180;60;0mgrad_norm:  2.9375  [38;2;54;234;195mmemory:  5.28GiB(34.14%)  [34mtps: 25  [36mtflops: 0.09  [35mmfu: 0.03%[39m
REPR 28 rank6 loss -1.00000000000000000e+00 gn 3.23437500000000000e+00
[titan] 2026-09-13 19:29:20,186 - root - INFO - [31mstep: 28  [32mloss: -1.00000  [38;2;180;60;0mgrad_norm:  3.2344  [38;2;54;234;195mmemory:  1.64GiB(10.59%)  [34mtps: 25  [36mtflops: 0.09  [35mmfu: 0.03%[39m
REPR 28 rank2 loss -1.00000000000000000e+00 gn 3.23437500000000000e+00
REPR 28 rank4 loss -1.00000000000000000e+00 gn 3.23437500000000000e+00
REPR 28 rank5 loss -1.00000000000000000e+00 gn 3.23437500000000000e+00
[titan] 2026-09-13 19:29:20,186 - root - INFO - [31mstep: 28  [32mloss: -1.00000  [38;2;180;60;0mgrad_norm:  3.2344  [38;2;54;234;195mmemory:  1.64GiB(10.59%)  [34mtps: 25  [36mtflops: 0.09  [35mmfu: 0.03%[39m
[titan] 2026-09-13 19:29:20,187 - root - INFO - [31mstep: 28  [32mloss: -1.00000  [38;2;180;60;0mgrad_norm:  3.2344  [38;2;54;234;195mmemory:  1.70GiB(11.00%)  [34mtps: 25  [36mtflops: 0.09  [35mmfu: 0.03%[39m
[titan] 2026-09-13 19:29:20,187 - root - INFO - [31mstep: 28  [32mloss: -1.00000  [38;2;180;60;0mgrad_norm:  3.2344  [38;2;54;234;195mmemory:  1.71GiB(11.08%)  [34mtps: 25  [36mtflops: 0.09  [35mmfu: 0.03%[39m
REPR 28 rank3 loss -1.00000000000000000e+00 gn 3.23437500000000000e+00
[titan] 2026-09-13 19:29:20,187 - root - INFO - [31mstep: 28  [32mloss: -1.00000  [38;2;180;60;0mgrad_norm:  3.2344  [38;2;54;234;195mmemory:  1.71GiB(11.02%)  [34mtps: 25  [36mtflops: 0.09  [35mmfu: 0.03%[39m
REPR 28 rank1 loss -1.00000000000000000e+00 gn 3.23437500000000000e+00
[titan] 2026-09-13 19:29:20,188 - root - INFO - [31mstep: 28  [32mloss: -1.00000  [38;2;180;60;0mgrad_norm:  3.2344  [38;2;54;234;195mmemory:  2.07GiB(13.40%)  [34mtps: 25  [36mtflops: 0.09  [35mmfu: 0.03%[39m
REPR 28 rank7 loss 3.26620292663574219e+00 gn 3.23437500000000000e+00
[titan] 2026-09-13 19:29:20,191 - root - INFO - [31mstep: 28  [32mloss:  3.26620  [38;2;180;60;0mgrad_norm:  3.2344  [38;2;54;234;195mmemory:  5.93GiB(38.31%)  [34mtps: 25  [36mtflops: 0.09  [35mmfu: 0.03%[39m
REPR 28 rank0 loss -1.00000000000000000e+00 gn 3.23437500000000000e+00
[titan] 2026-09-13 19:29:20,192 - root - INFO - [31mstep: 28  [32mloss: -1.00000  [38;2;180;60;0mgrad_norm:  3.2344  [38;2;54;234;195mmemory:  5.28GiB(34.14%)  [34mtps: 25  [36mtflops: 0.09  [35mmfu: 0.03%[39m
REPR 29 rank2 loss -1.00000000000000000e+00 gn 3.59375000000000000e+00
REPR 29 rank4 loss -1.00000000000000000e+00 gn 3.59375000000000000e+00
[titan] 2026-09-13 19:29:21,494 - root - INFO - [31mstep: 29  [32mloss: -1.00000  [38;2;180;60;0mgrad_norm:  3.5938  [38;2;54;234;195mmemory:  1.64GiB(10.59%)  [34mtps: 24  [36mtflops: 0.09  [35mmfu: 0.03%[39m
REPR 29 rank6 loss -1.00000000000000000e+00 gn 3.59375000000000000e+00
REPR 29 rank5 loss -1.00000000000000000e+00 gn 3.59375000000000000e+00REPR 29 rank3 loss -1.00000000000000000e+00 gn 3.59375000000000000e+00

[titan] 2026-09-13 19:29:21,495 - root - INFO - [31mstep: 29  [32mloss: -1.00000  [38;2;180;60;0mgrad_norm:  3.5938  [38;2;54;234;195mmemory:  1.71GiB(11.08%)  [34mtps: 24  [36mtflops: 0.09  [35mmfu: 0.03%[39m
[titan] 2026-09-13 19:29:21,495 - root - INFO - [31mstep: 29  [32mloss: -1.00000  [38;2;180;60;0mgrad_norm:  3.5938  [38;2;54;234;195mmemory:  1.64GiB(10.59%)  [34mtps: 24  [36mtflops: 0.09  [35mmfu: 0.03%[39m
[titan] 2026-09-13 19:29:21,495 - root - INFO - [31mstep: 29  [32mloss: -1.00000  [38;2;180;60;0mgrad_norm:  3.5938  [38;2;54;234;195mmemory:  1.71GiB(11.02%)  [34mtps: 24  [36mtflops: 0.09  [35mmfu: 0.03%[39m
[titan] 2026-09-13 19:29:21,495 - root - INFO - [31mstep: 29  [32mloss: -1.00000  [38;2;180;60;0mgrad_norm:  3.5938  [38;2;54;234;195mmemory:  1.70GiB(11.00%)  [34mtps: 24  [36mtflops: 0.09  [35mmfu: 0.03%[39m
REPR 29 rank1 loss -1.00000000000000000e+00 gn 3.59375000000000000e+00
[titan] 2026-09-13 19:29:21,496 - root - INFO - [31mstep: 29  [32mloss: -1.00000  [38;2;180;60;0mgrad_norm:  3.5938  [38;2;54;234;195mmemory:  2.07GiB(13.40%)  [34mtps: 24  [36mtflops: 0.09  [35mmfu: 0.03%[39m
REPR 29 rank7 loss 3.12794089317321777e+00 gn 3.59375000000000000e+00
[titan] 2026-09-13 19:29:21,500 - root - INFO - [31mstep: 29  [32mloss:  3.12794  [38;2;180;60;0mgrad_norm:  3.5938  [38;2;54;234;195mmemory:  5.93GiB(38.31%)  [34mtps: 24  [36mtflops: 0.09  [35mmfu: 0.03%[39m
REPR 29 rank0 loss -1.00000000000000000e+00 gn 3.59375000000000000e+00
[titan] 2026-09-13 19:29:21,500 - root - INFO - [31mstep: 29  [32mloss: -1.00000  [38;2;180;60;0mgrad_norm:  3.5938  [38;2;54;234;195mmemory:  5.28GiB(34.14%)  [34mtps: 24  [36mtflops: 0.09  [35mmfu: 0.03%[39m
REPR 30 rank2 loss -1.00000000000000000e+00 gn 3.23437500000000000e+00
REPR 30 rank6 loss -1.00000000000000000e+00 gn 3.23437500000000000e+00
REPR 30 rank4 loss -1.00000000000000000e+00 gn 3.23437500000000000e+00
[titan] 2026-09-13 19:29:22,793 - root - INFO - [31mstep: 30  [32mloss: -1.00000  [38;2;180;60;0mgrad_norm:  3.2344  [38;2;54;234;195mmemory:  1.64GiB(10.59%)  [34mtps: 25  [36mtflops: 0.09  [35mmfu: 0.03%[39m
[titan] 2026-09-13 19:29:22,793 - root - INFO - [31mstep: 30  [32mloss: -1.00000  [38;2;180;60;0mgrad_norm:  3.2344  [38;2;54;234;195mmemory:  1.64GiB(10.59%)  [34mtps: 25  [36mtflops: 0.09  [35mmfu: 0.03%[39m
REPR 30 rank5 loss -1.00000000000000000e+00 gn 3.23437500000000000e+00
REPR 30 rank3 loss -1.00000000000000000e+00 gn 3.23437500000000000e+00
[titan] 2026-09-13 19:29:22,793 - root - INFO - [31mstep: 30  [32mloss: -1.00000  [38;2;180;60;0mgrad_norm:  3.2344  [38;2;54;234;195mmemory:  1.71GiB(11.08%)  [34mtps: 25  [36mtflops: 0.09  [35mmfu: 0.03%[39m
[titan] 2026-09-13 19:29:22,793 - root - INFO - [31mstep: 30  [32mloss: -1.00000  [38;2;180;60;0mgrad_norm:  3.2344  [38;2;54;234;195mmemory:  1.70GiB(11.00%)  [34mtps: 25  [36mtflops: 0.09  [35mmfu: 0.03%[39m
[titan] 2026-09-13 19:29:22,793 - root - INFO - [31mstep: 30  [32mloss: -1.00000  [38;2;180;60;0mgrad_norm:  3.2344  [38;2;54;234;195mmemory:  1.71GiB(11.02%)  [34mtps: 25  [36mtflops: 0.09  [35mmfu: 0.03%[39m
REPR 30 rank1 loss -1.00000000000000000e+00 gn 3.23437500000000000e+00
[titan] 2026-09-13 19:29:22,794 - root - INFO - [31mstep: 30  [32mloss: -1.00000  [38;2;180;60;0mgrad_norm:  3.2344  [38;2;54;234;195mmemory:  2.07GiB(13.40%)  [34mtps: 25  [36mtflops: 0.09  [35mmfu: 0.03%[39m
REPR 30 rank7 loss 3.41197991371154785e+00 gn 3.23437500000000000e+00
[titan] 2026-09-13 19:29:22,798 - root - INFO - [31mstep: 30  [32mloss:  3.41198  [38;2;180;60;0mgrad_norm:  3.2344  [38;2;54;234;195mmemory:  5.93GiB(38.31%)  [34mtps: 25  [36mtflops: 0.09  [35mmfu: 0.03%[39m
REPR 30 rank0 loss -1.00000000000000000e+00 gn 3.23437500000000000e+00
[titan] 2026-09-13 19:29:22,799 - root - INFO - [31mstep: 30  [32mloss: -1.00000  [38;2;180;60;0mgrad_norm:  3.2344  [38;2;54;234;195mmemory:  5.28GiB(34.14%)  [34mtps: 25  [36mtflops: 0.09  [35mmfu: 0.03%[39m
REPR 31 rank2 loss -1.00000000000000000e+00 gn 3.62500000000000000e+00
REPR 31 rank6 loss -1.00000000000000000e+00 gn 3.62500000000000000e+00
REPR 31 rank4 loss -1.00000000000000000e+00 gn 3.62500000000000000e+00
[titan] 2026-09-13 19:29:24,068 - root - INFO - [31mstep: 31  [32mloss: -1.00000  [38;2;180;60;0mgrad_norm:  3.6250  [38;2;54;234;195mmemory:  1.64GiB(10.59%)  [34mtps: 25  [36mtflops: 0.09  [35mmfu: 0.03%[39m
[titan] 2026-09-13 19:29:24,068 - root - INFO - [31mstep: 31  [32mloss: -1.00000  [38;2;180;60;0mgrad_norm:  3.6250  [38;2;54;234;195mmemory:  1.64GiB(10.59%)  [34mtps: 25  [36mtflops: 0.09  [35mmfu: 0.03%[39m
REPR 31 rank3 loss -1.00000000000000000e+00 gn 3.62500000000000000e+00
REPR 31 rank5 loss -1.00000000000000000e+00 gn 3.62500000000000000e+00
[titan] 2026-09-13 19:29:24,068 - root - INFO - [31mstep: 31  [32mloss: -1.00000  [38;2;180;60;0mgrad_norm:  3.6250  [38;2;54;234;195mmemory:  1.71GiB(11.08%)  [34mtps: 25  [36mtflops: 0.09  [35mmfu: 0.03%[39m
[titan] 2026-09-13 19:29:24,068 - root - INFO - [31mstep: 31  [32mloss: -1.00000  [38;2;180;60;0mgrad_norm:  3.6250  [38;2;54;234;195mmemory:  1.71GiB(11.02%)  [34mtps: 25  [36mtflops: 0.09  [35mmfu: 0.03%[39m
[titan] 2026-09-13 19:29:24,068 - root - INFO - [31mstep: 31  [32mloss: -1.00000  [38;2;180;60;0mgrad_norm:  3.6250  [38;2;54;234;195mmemory:  1.70GiB(11.00%)  [34mtps: 25  [36mtflops: 0.09  [35mmfu: 0.03%[39m
REPR 31 rank1 loss -1.00000000000000000e+00 gn 3.62500000000000000e+00
[titan] 2026-09-13 19:29:24,070 - root - INFO - [31mstep: 31  [32mloss: -1.00000  [38;2;180;60;0mgrad_norm:  3.6250  [38;2;54;234;195mmemory:  2.07GiB(13.40%)  [34mtps: 25  [36mtflops: 0.09  [35mmfu: 0.03%[39m
REPR 31 rank7 loss 3.48756432533264160e+00 gn 3.62500000000000000e+00
[titan] 2026-09-13 19:29:24,073 - root - INFO - [31mstep: 31  [32mloss:  3.48756  [38;2;180;60;0mgrad_norm:  3.6250  [38;2;54;234;195mmemory:  5.93GiB(38.31%)  [34mtps: 25  [36mtflops: 0.09  [35mmfu: 0.03%[39m
REPR 31 rank0 loss -1.00000000000000000e+00 gn 3.62500000000000000e+00
[titan] 2026-09-13 19:29:24,074 - root - INFO - [31mstep: 31  [32mloss: -1.00000  [38;2;180;60;0mgrad_norm:  3.6250  [38;2;54;234;195mmemory:  5.28GiB(34.14%)  [34mtps: 25  [36mtflops: 0.09  [35mmfu: 0.03%[39m
REPR 32 rank2 loss -1.00000000000000000e+00 gn 3.07812500000000000e+00
REPR 32 rank6 loss -1.00000000000000000e+00 gn 3.07812500000000000e+00
REPR 32 rank4 loss -1.00000000000000000e+00 gn 3.07812500000000000e+00
[titan] 2026-09-13 19:29:25,339 - root - INFO - [31mstep: 32  [32mloss: -1.00000  [38;2;180;60;0mgrad_norm:  3.0781  [38;2;54;234;195mmemory:  1.64GiB(10.59%)  [34mtps: 25  [36mtflops: 0.09  [35mmfu: 0.03%[39m
[titan] 2026-09-13 19:29:25,339 - root - INFO - [31mstep: 32  [32mloss: -1.00000  [38;2;180;60;0mgrad_norm:  3.0781  [38;2;54;234;195mmemory:  1.64GiB(10.59%)  [34mtps: 25  [36mtflops: 0.09  [35mmfu: 0.03%[39m
REPR 32 rank3 loss -1.00000000000000000e+00 gn 3.07812500000000000e+00
REPR 32 rank5 loss -1.00000000000000000e+00 gn 3.07812500000000000e+00
[titan] 2026-09-13 19:29:25,339 - root - INFO - [31mstep: 32  [32mloss: -1.00000  [38;2;180;60;0mgrad_norm:  3.0781  [38;2;54;234;195mmemory:  1.71GiB(11.08%)  [34mtps: 25  [36mtflops: 0.09  [35mmfu: 0.03%[39m
[titan] 2026-09-13 19:29:25,339 - root - INFO - [31mstep: 32  [32mloss: -1.00000  [38;2;180;60;0mgrad_norm:  3.0781  [38;2;54;234;195mmemory:  1.70GiB(11.00%)  [34mtps: 25  [36mtflops: 0.09  [35mmfu: 0.03%[39m
[titan] 2026-09-13 19:29:25,339 - root - INFO - [31mstep: 32  [32mloss: -1.00000  [38;2;180;60;0mgrad_norm:  3.0781  [38;2;54;234;195mmemory:  1.71GiB(11.02%)  [34mtps: 25  [36mtflops: 0.09  [35mmfu: 0.03%[39m
REPR 32 rank1 loss -1.00000000000000000e+00 gn 3.07812500000000000e+00
[titan] 2026-09-13 19:29:25,340 - root - INFO - [31mstep: 32  [32mloss: -1.00000  [38;2;180;60;0mgrad_norm:  3.0781  [38;2;54;234;195mmemory:  2.07GiB(13.40%)  [34mtps: 25  [36mtflops: 0.09  [35mmfu: 0.03%[39m
REPR 32 rank7 loss 3.07003283500671387e+00 gn 3.07812500000000000e+00
[titan] 2026-09-13 19:29:25,344 - root - INFO - [31mstep: 32  [32mloss:  3.07003  [38;2;180;60;0mgrad_norm:  3.0781  [38;2;54;234;195mmemory:  5.93GiB(38.31%)  [34mtps: 25  [36mtflops: 0.09  [35mmfu: 0.03%[39m
REPR 32 rank0 loss -1.00000000000000000e+00 gn 3.07812500000000000e+00
[titan] 2026-09-13 19:29:25,345 - root - INFO - [31mstep: 32  [32mloss: -1.00000  [38;2;180;60;0mgrad_norm:  3.0781  [38;2;54;234;195mmemory:  5.28GiB(34.14%)  [34mtps: 25  [36mtflops: 0.09  [35mmfu: 0.03%[39m
REPR 33 rank2 loss -1.00000000000000000e+00 gn 3.04687500000000000e+00
REPR 33 rank6 loss -1.00000000000000000e+00 gn 3.04687500000000000e+00
REPR 33 rank4 loss -1.00000000000000000e+00 gn 3.04687500000000000e+00
[titan] 2026-09-13 19:29:26,615 - root - INFO - [31mstep: 33  [32mloss: -1.00000  [38;2;180;60;0mgrad_norm:  3.0469  [38;2;54;234;195mmemory:  1.64GiB(10.59%)  [34mtps: 25  [36mtflops: 0.09  [35mmfu: 0.03%[39m
[titan] 2026-09-13 19:29:26,615 - root - INFO - [31mstep: 33  [32mloss: -1.00000  [38;2;180;60;0mgrad_norm:  3.0469  [38;2;54;234;195mmemory:  1.64GiB(10.59%)  [34mtps: 25  [36mtflops: 0.09  [35mmfu: 0.03%[39m
REPR 33 rank3 loss -1.00000000000000000e+00 gn 3.04687500000000000e+00
REPR 33 rank5 loss -1.00000000000000000e+00 gn 3.04687500000000000e+00
[titan] 2026-09-13 19:29:26,616 - root - INFO - [31mstep: 33  [32mloss: -1.00000  [38;2;180;60;0mgrad_norm:  3.0469  [38;2;54;234;195mmemory:  1.71GiB(11.08%)  [34mtps: 25  [36mtflops: 0.09  [35mmfu: 0.03%[39m
[titan] 2026-09-13 19:29:26,616 - root - INFO - [31mstep: 33  [32mloss: -1.00000  [38;2;180;60;0mgrad_norm:  3.0469  [38;2;54;234;195mmemory:  1.70GiB(11.00%)  [34mtps: 25  [36mtflops: 0.09  [35mmfu: 0.03%[39m
[titan] 2026-09-13 19:29:26,616 - root - INFO - [31mstep: 33  [32mloss: -1.00000  [38;2;180;60;0mgrad_norm:  3.0469  [38;2;54;234;195mmemory:  1.71GiB(11.02%)  [34mtps: 25  [36mtflops: 0.09  [35mmfu: 0.03%[39m
REPR 33 rank1 loss -1.00000000000000000e+00 gn 3.04687500000000000e+00
[titan] 2026-09-13 19:29:26,617 - root - INFO - [31mstep: 33  [32mloss: -1.00000  [38;2;180;60;0mgrad_norm:  3.0469  [38;2;54;234;195mmemory:  2.07GiB(13.40%)  [34mtps: 25  [36mtflops: 0.09  [35mmfu: 0.03%[39m
REPR 33 rank7 loss 2.91185307502746582e+00 gn 3.04687500000000000e+00
[titan] 2026-09-13 19:29:26,621 - root - INFO - [31mstep: 33  [32mloss:  2.91185  [38;2;180;60;0mgrad_norm:  3.0469  [38;2;54;234;195mmemory:  5.93GiB(38.31%)  [34mtps: 25  [36mtflops: 0.09  [35mmfu: 0.03%[39m
REPR 33 rank0 loss -1.00000000000000000e+00 gn 3.04687500000000000e+00
[titan] 2026-09-13 19:29:26,621 - root - INFO - [31mstep: 33  [32mloss: -1.00000  [38;2;180;60;0mgrad_norm:  3.0469  [38;2;54;234;195mmemory:  5.28GiB(34.14%)  [34mtps: 25  [36mtflops: 0.09  [35mmfu: 0.03%[39m
REPR 34 rank2 loss -1.00000000000000000e+00 gn 3.26562500000000000e+00
REPR 34 rank6 loss -1.00000000000000000e+00 gn 3.26562500000000000e+00
REPR 34 rank3 loss -1.00000000000000000e+00 gn 3.26562500000000000e+00
[titan] 2026-09-13 19:29:27,911 - root - INFO - [31mstep: 34  [32mloss: -1.00000  [38;2;180;60;0mgrad_norm:  3.2656  [38;2;54;234;195mmemory:  1.64GiB(10.59%)  [34mtps: 25  [36mtflops: 0.09  [35mmfu: 0.03%[39m
REPR 34 rank5 loss -1.00000000000000000e+00 gn 3.26562500000000000e+00
REPR 34 rank4 loss -1.00000000000000000e+00 gn 3.26562500000000000e+00
[titan] 2026-09-13 19:29:27,912 - root - INFO - [31mstep: 34  [32mloss: -1.00000  [38;2;180;60;0mgrad_norm:  3.2656  [38;2;54;234;195mmemory:  1.64GiB(10.59%)  [34mtps: 25  [36mtflops: 0.09  [35mmfu: 0.03%[39m
[titan] 2026-09-13 19:29:27,912 - root - INFO - [31mstep: 34  [32mloss: -1.00000  [38;2;180;60;0mgrad_norm:  3.2656  [38;2;54;234;195mmemory:  1.71GiB(11.02%)  [34mtps: 25  [36mtflops: 0.09  [35mmfu: 0.03%[39m
[titan] 2026-09-13 19:29:27,912 - root - INFO - [31mstep: 34  [32mloss: -1.00000  [38;2;180;60;0mgrad_norm:  3.2656  [38;2;54;234;195mmemory:  1.70GiB(11.00%)  [34mtps: 25  [36mtflops: 0.09  [35mmfu: 0.03%[39m
[titan] 2026-09-13 19:29:27,912 - root - INFO - [31mstep: 34  [32mloss: -1.00000  [38;2;180;60;0mgrad_norm:  3.2656  [38;2;54;234;195mmemory:  1.71GiB(11.08%)  [34mtps: 25  [36mtflops: 0.09  [35mmfu: 0.03%[39m
REPR 34 rank1 loss -1.00000000000000000e+00 gn 3.26562500000000000e+00
[titan] 2026-09-13 19:29:27,913 - root - INFO - [31mstep: 34  [32mloss: -1.00000  [38;2;180;60;0mgrad_norm:  3.2656  [38;2;54;234;195mmemory:  2.07GiB(13.40%)  [34mtps: 25  [36mtflops: 0.09  [35mmfu: 0.03%[39m
REPR 34 rank7 loss 2.81761574745178223e+00 gn 3.26562500000000000e+00
[titan] 2026-09-13 19:29:27,916 - root - INFO - [31mstep: 34  [32mloss:  2.81762  [38;2;180;60;0mgrad_norm:  3.2656  [38;2;54;234;195mmemory:  5.93GiB(38.31%)  [34mtps: 25  [36mtflops: 0.09  [35mmfu: 0.03%[39m
REPR 34 rank0 loss -1.00000000000000000e+00 gn 3.26562500000000000e+00
[titan] 2026-09-13 19:29:27,917 - root - INFO - [31mstep: 34  [32mloss: -1.00000  [38;2;180;60;0mgrad_norm:  3.2656  [38;2;54;234;195mmemory:  5.28GiB(34.14%)  [34mtps: 25  [36mtflops: 0.09  [35mmfu: 0.03%[39m
REPR 35 rank6 loss -1.00000000000000000e+00 gn 3.57812500000000000e+00
REPR 35 rank4 loss -1.00000000000000000e+00 gn 3.57812500000000000e+00
[titan] 2026-09-13 19:29:29,222 - root - INFO - [31mstep: 35  [32mloss: -1.00000  [38;2;180;60;0mgrad_norm:  3.5781  [38;2;54;234;195mmemory:  1.64GiB(10.59%)  [34mtps: 24  [36mtflops: 0.09  [35mmfu: 0.03%[39m
REPR 35 rank2 loss -1.00000000000000000e+00 gn 3.57812500000000000e+00
REPR 35 rank5 loss -1.00000000000000000e+00 gn 3.57812500000000000e+00
[titan] 2026-09-13 19:29:29,222 - root - INFO - [31mstep: 35  [32mloss: -1.00000  [38;2;180;60;0mgrad_norm:  3.5781  [38;2;54;234;195mmemory:  1.71GiB(11.08%)  [34mtps: 24  [36mtflops: 0.09  [35mmfu: 0.03%[39m
[titan] 2026-09-13 19:29:29,222 - root - INFO - [31mstep: 35  [32mloss: -1.00000  [38;2;180;60;0mgrad_norm:  3.5781  [38;2;54;234;195mmemory:  1.64GiB(10.59%)  [34mtps: 24  [36mtflops: 0.09  [35mmfu: 0.03%[39m
[titan] 2026-09-13 19:29:29,222 - root - INFO - [31mstep: 35  [32mloss: -1.00000  [38;2;180;60;0mgrad_norm:  3.5781  [38;2;54;234;195mmemory:  1.70GiB(11.00%)  [34mtps: 24  [36mtflops: 0.09  [35mmfu: 0.03%[39m
REPR 35 rank3 loss -1.00000000000000000e+00 gn 3.57812500000000000e+00
[titan] 2026-09-13 19:29:29,222 - root - INFO - [31mstep: 35  [32mloss: -1.00000  [38;2;180;60;0mgrad_norm:  3.5781  [38;2;54;234;195mmemory:  1.71GiB(11.02%)  [34mtps: 24  [36mtflops: 0.09  [35mmfu: 0.03%[39m
REPR 35 rank1 loss -1.00000000000000000e+00 gn 3.57812500000000000e+00
[titan] 2026-09-13 19:29:29,223 - root - INFO - [31mstep: 35  [32mloss: -1.00000  [38;2;180;60;0mgrad_norm:  3.5781  [38;2;54;234;195mmemory:  2.07GiB(13.40%)  [34mtps: 24  [36mtflops: 0.09  [35mmfu: 0.03%[39m
REPR 35 rank7 loss 3.15311622619628906e+00 gn 3.57812500000000000e+00
[titan] 2026-09-13 19:29:29,227 - root - INFO - [31mstep: 35  [32mloss:  3.15312  [38;2;180;60;0mgrad_norm:  3.5781  [38;2;54;234;195mmemory:  5.93GiB(38.31%)  [34mtps: 24  [36mtflops: 0.09  [35mmfu: 0.03%[39m
REPR 35 rank0 loss -1.00000000000000000e+00 gn 3.57812500000000000e+00
[titan] 2026-09-13 19:29:29,228 - root - INFO - [31mstep: 35  [32mloss: -1.00000  [38;2;180;60;0mgrad_norm:  3.5781  [38;2;54;234;195mmemory:  5.28GiB(34.14%)  [34mtps: 24  [36mtflops: 0.09  [35mmfu: 0.03%[39m
REPR 36 rank2 loss -1.00000000000000000e+00 gn 3.31250000000000000e+00REPR 36 rank6 loss -1.00000000000000000e+00 gn 3.31250000000000000e+00

REPR 36 rank4 loss -1.00000000000000000e+00 gn 3.31250000000000000e+00
[titan] 2026-09-13 19:29:30,530 - root - INFO - [31mstep: 36  [32mloss: -1.00000  [38;2;180;60;0mgrad_norm:  3.3125  [38;2;54;234;195mmemory:  1.64GiB(10.59%)  [34mtps: 24  [36mtflops: 0.09  [35mmfu: 0.03%[39m
[titan] 2026-09-13 19:29:30,530 - root - INFO - [31mstep: 36  [32mloss: -1.00000  [38;2;180;60;0mgrad_norm:  3.3125  [38;2;54;234;195mmemory:  1.64GiB(10.59%)  [34mtps: 24  [36mtflops: 0.09  [35mmfu: 0.03%[39m
REPR 36 rank5 loss -1.00000000000000000e+00 gn 3.31250000000000000e+00
[titan] 2026-09-13 19:29:30,531 - root - INFO - [31mstep: 36  [32mloss: -1.00000  [38;2;180;60;0mgrad_norm:  3.3125  [38;2;54;234;195mmemory:  1.71GiB(11.08%)  [34mtps: 24  [36mtflops: 0.09  [35mmfu: 0.03%[39m
[titan] 2026-09-13 19:29:30,531 - root - INFO - [31mstep: 36  [32mloss: -1.00000  [38;2;180;60;0mgrad_norm:  3.3125  [38;2;54;234;195mmemory:  1.70GiB(11.00%)  [34mtps: 24  [36mtflops: 0.09  [35mmfu: 0.03%[39m
REPR 36 rank3 loss -1.00000000000000000e+00 gn 3.31250000000000000e+00
[titan] 2026-09-13 19:29:30,531 - root - INFO - [31mstep: 36  [32mloss: -1.00000  [38;2;180;60;0mgrad_norm:  3.3125  [38;2;54;234;195mmemory:  1.71GiB(11.02%)  [34mtps: 24  [36mtflops: 0.09  [35mmfu: 0.03%[39m
REPR 36 rank1 loss -1.00000000000000000e+00 gn 3.31250000000000000e+00
[titan] 2026-09-13 19:29:30,532 - root - INFO - [31mstep: 36  [32mloss: -1.00000  [38;2;180;60;0mgrad_norm:  3.3125  [38;2;54;234;195mmemory:  2.07GiB(13.40%)  [34mtps: 24  [36mtflops: 0.09  [35mmfu: 0.03%[39m
REPR 36 rank7 loss 2.90631532669067383e+00 gn 3.31250000000000000e+00
[titan] 2026-09-13 19:29:30,536 - root - INFO - [31mstep: 36  [32mloss:  2.90632  [38;2;180;60;0mgrad_norm:  3.3125  [38;2;54;234;195mmemory:  5.93GiB(38.31%)  [34mtps: 24  [36mtflops: 0.09  [35mmfu: 0.03%[39m
REPR 36 rank0 loss -1.00000000000000000e+00 gn 3.31250000000000000e+00
[titan] 2026-09-13 19:29:30,536 - root - INFO - [31mstep: 36  [32mloss: -1.00000  [38;2;180;60;0mgrad_norm:  3.3125  [38;2;54;234;195mmemory:  5.28GiB(34.14%)  [34mtps: 24  [36mtflops: 0.09  [35mmfu: 0.03%[39m
REPR 37 rank2 loss -1.00000000000000000e+00 gn 3.57812500000000000e+00REPR 37 rank6 loss -1.00000000000000000e+00 gn 3.57812500000000000e+00

REPR 37 rank4 loss -1.00000000000000000e+00 gn 3.57812500000000000e+00
[titan] 2026-09-13 19:29:31,835 - root - INFO - [31mstep: 37  [32mloss: -1.00000  [38;2;180;60;0mgrad_norm:  3.5781  [38;2;54;234;195mmemory:  1.64GiB(10.59%)  [34mtps: 25  [36mtflops: 0.09  [35mmfu: 0.03%[39m
[titan] 2026-09-13 19:29:31,835 - root - INFO - [31mstep: 37  [32mloss: -1.00000  [38;2;180;60;0mgrad_norm:  3.5781  [38;2;54;234;195mmemory:  1.64GiB(10.59%)  [34mtps: 25  [36mtflops: 0.09  [35mmfu: 0.03%[39m
REPR 37 rank3 loss -1.00000000000000000e+00 gn 3.57812500000000000e+00
[titan] 2026-09-13 19:29:31,835 - root - INFO - [31mstep: 37  [32mloss: -1.00000  [38;2;180;60;0mgrad_norm:  3.5781  [38;2;54;234;195mmemory:  1.71GiB(11.08%)  [34mtps: 25  [36mtflops: 0.09  [35mmfu: 0.03%[39m
REPR 37 rank5 loss -1.00000000000000000e+00 gn 3.57812500000000000e+00
[titan] 2026-09-13 19:29:31,835 - root - INFO - [31mstep: 37  [32mloss: -1.00000  [38;2;180;60;0mgrad_norm:  3.5781  [38;2;54;234;195mmemory:  1.71GiB(11.02%)  [34mtps: 25  [36mtflops: 0.09  [35mmfu: 0.03%[39m
[titan] 2026-09-13 19:29:31,836 - root - INFO - [31mstep: 37  [32mloss: -1.00000  [38;2;180;60;0mgrad_norm:  3.5781  [38;2;54;234;195mmemory:  1.70GiB(11.00%)  [34mtps: 25  [36mtflops: 0.09  [35mmfu: 0.03%[39m
REPR 37 rank1 loss -1.00000000000000000e+00 gn 3.57812500000000000e+00
[titan] 2026-09-13 19:29:31,837 - root - INFO - [31mstep: 37  [32mloss: -1.00000  [38;2;180;60;0mgrad_norm:  3.5781  [38;2;54;234;195mmemory:  2.07GiB(13.40%)  [34mtps: 25  [36mtflops: 0.09  [35mmfu: 0.03%[39m
REPR 37 rank7 loss 3.24717187881469727e+00 gn 3.57812500000000000e+00
[titan] 2026-09-13 19:29:31,840 - root - INFO - [31mstep: 37  [32mloss:  3.24717  [38;2;180;60;0mgrad_norm:  3.5781  [38;2;54;234;195mmemory:  5.93GiB(38.31%)  [34mtps: 25  [36mtflops: 0.09  [35mmfu: 0.03%[39m
REPR 37 rank0 loss -1.00000000000000000e+00 gn 3.57812500000000000e+00
[titan] 2026-09-13 19:29:31,841 - root - INFO - [31mstep: 37  [32mloss: -1.00000  [38;2;180;60;0mgrad_norm:  3.5781  [38;2;54;234;195mmemory:  5.28GiB(34.14%)  [34mtps: 25  [36mtflops: 0.09  [35mmfu: 0.03%[39m
REPR 38 rank6 loss -1.00000000000000000e+00 gn 3.15625000000000000e+00REPR 38 rank2 loss -1.00000000000000000e+00 gn 3.15625000000000000e+00

REPR 38 rank4 loss -1.00000000000000000e+00 gn 3.15625000000000000e+00
[titan] 2026-09-13 19:29:33,146 - root - INFO - [31mstep: 38  [32mloss: -1.00000  [38;2;180;60;0mgrad_norm:  3.1562  [38;2;54;234;195mmemory:  1.64GiB(10.59%)  [34mtps: 24  [36mtflops: 0.09  [35mmfu: 0.03%[39m
[titan] 2026-09-13 19:29:33,146 - root - INFO - [31mstep: 38  [32mloss: -1.00000  [38;2;180;60;0mgrad_norm:  3.1562  [38;2;54;234;195mmemory:  1.64GiB(10.59%)  [34mtps: 24  [36mtflops: 0.09  [35mmfu: 0.03%[39m
REPR 38 rank3 loss -1.00000000000000000e+00 gn 3.15625000000000000e+00REPR 38 rank5 loss -1.00000000000000000e+00 gn 3.15625000000000000e+00

[titan] 2026-09-13 19:29:33,146 - root - INFO - [31mstep: 38  [32mloss: -1.00000  [38;2;180;60;0mgrad_norm:  3.1562  [38;2;54;234;195mmemory:  1.71GiB(11.08%)  [34mtps: 24  [36mtflops: 0.09  [35mmfu: 0.03%[39m
[titan] 2026-09-13 19:29:33,146 - root - INFO - [31mstep: 38  [32mloss: -1.00000  [38;2;180;60;0mgrad_norm:  3.1562  [38;2;54;234;195mmemory:  1.71GiB(11.02%)  [34mtps: 24  [36mtflops: 0.09  [35mmfu: 0.03%[39m
[titan] 2026-09-13 19:29:33,146 - root - INFO - [31mstep: 38  [32mloss: -1.00000  [38;2;180;60;0mgrad_norm:  3.1562  [38;2;54;234;195mmemory:  1.70GiB(11.00%)  [34mtps: 24  [36mtflops: 0.09  [35mmfu: 0.03%[39m
REPR 38 rank1 loss -1.00000000000000000e+00 gn 3.15625000000000000e+00
[titan] 2026-09-13 19:29:33,147 - root - INFO - [31mstep: 38  [32mloss: -1.00000  [38;2;180;60;0mgrad_norm:  3.1562  [38;2;54;234;195mmemory:  2.07GiB(13.40%)  [34mtps: 24  [36mtflops: 0.09  [35mmfu: 0.03%[39m
REPR 38 rank7 loss 3.13149905204772949e+00 gn 3.15625000000000000e+00
[titan] 2026-09-13 19:29:33,151 - root - INFO - [31mstep: 38  [32mloss:  3.13150  [38;2;180;60;0mgrad_norm:  3.1562  [38;2;54;234;195mmemory:  5.93GiB(38.31%)  [34mtps: 24  [36mtflops: 0.09  [35mmfu: 0.03%[39m
REPR 38 rank0 loss -1.00000000000000000e+00 gn 3.15625000000000000e+00
[titan] 2026-09-13 19:29:33,152 - root - INFO - [31mstep: 38  [32mloss: -1.00000  [38;2;180;60;0mgrad_norm:  3.1562  [38;2;54;234;195mmemory:  5.28GiB(34.14%)  [34mtps: 24  [36mtflops: 0.09  [35mmfu: 0.03%[39m
REPR 39 rank2 loss -1.00000000000000000e+00 gn 3.57812500000000000e+00REPR 39 rank6 loss -1.00000000000000000e+00 gn 3.57812500000000000e+00

REPR 39 rank4 loss -1.00000000000000000e+00 gn 3.57812500000000000e+00
[titan] 2026-09-13 19:29:34,442 - root - INFO - [31mstep: 39  [32mloss: -1.00000  [38;2;180;60;0mgrad_norm:  3.5781  [38;2;54;234;195mmemory:  1.64GiB(10.59%)  [34mtps: 25  [36mtflops: 0.09  [35mmfu: 0.03%[39m
[titan] 2026-09-13 19:29:34,442 - root - INFO - [31mstep: 39  [32mloss: -1.00000  [38;2;180;60;0mgrad_norm:  3.5781  [38;2;54;234;195mmemory:  1.64GiB(10.59%)  [34mtps: 25  [36mtflops: 0.09  [35mmfu: 0.03%[39m
REPR 39 rank5 loss -1.00000000000000000e+00 gn 3.57812500000000000e+00
REPR 39 rank3 loss -1.00000000000000000e+00 gn 3.57812500000000000e+00
[titan] 2026-09-13 19:29:34,442 - root - INFO - [31mstep: 39  [32mloss: -1.00000  [38;2;180;60;0mgrad_norm:  3.5781  [38;2;54;234;195mmemory:  1.71GiB(11.08%)  [34mtps: 25  [36mtflops: 0.09  [35mmfu: 0.03%[39m
[titan] 2026-09-13 19:29:34,442 - root - INFO - [31mstep: 39  [32mloss: -1.00000  [38;2;180;60;0mgrad_norm:  3.5781  [38;2;54;234;195mmemory:  1.70GiB(11.00%)  [34mtps: 25  [36mtflops: 0.09  [35mmfu: 0.03%[39m
[titan] 2026-09-13 19:29:34,442 - root - INFO - [31mstep: 39  [32mloss: -1.00000  [38;2;180;60;0mgrad_norm:  3.5781  [38;2;54;234;195mmemory:  1.71GiB(11.02%)  [34mtps: 25  [36mtflops: 0.09  [35mmfu: 0.03%[39m
REPR 39 rank1 loss -1.00000000000000000e+00 gn 3.57812500000000000e+00
[titan] 2026-09-13 19:29:34,444 - root - INFO - [31mstep: 39  [32mloss: -1.00000  [38;2;180;60;0mgrad_norm:  3.5781  [38;2;54;234;195mmemory:  2.07GiB(13.40%)  [34mtps: 25  [36mtflops: 0.09  [35mmfu: 0.03%[39m
REPR 39 rank7 loss 3.11949706077575684e+00 gn 3.57812500000000000e+00
[titan] 2026-09-13 19:29:34,447 - root - INFO - [31mstep: 39  [32mloss:  3.11950  [38;2;180;60;0mgrad_norm:  3.5781  [38;2;54;234;195mmemory:  5.93GiB(38.31%)  [34mtps: 25  [36mtflops: 0.09  [35mmfu: 0.03%[39m
REPR 39 rank0 loss -1.00000000000000000e+00 gn 3.57812500000000000e+00
[titan] 2026-09-13 19:29:34,448 - root - INFO - [31mstep: 39  [32mloss: -1.00000  [38;2;180;60;0mgrad_norm:  3.5781  [38;2;54;234;195mmemory:  5.28GiB(34.14%)  [34mtps: 25  [36mtflops: 0.09  [35mmfu: 0.03%[39m
REPR 40 rank2 loss -1.00000000000000000e+00 gn 3.90625000000000000e+00
REPR 40 rank6 loss -1.00000000000000000e+00 gn 3.90625000000000000e+00
REPR 40 rank4 loss -1.00000000000000000e+00 gn 3.90625000000000000e+00
[titan] 2026-09-13 19:29:35,744 - root - INFO - [31mstep: 40  [32mloss: -1.00000  [38;2;180;60;0mgrad_norm:  3.9062  [38;2;54;234;195mmemory:  1.64GiB(10.59%)  [34mtps: 25  [36mtflops: 0.09  [35mmfu: 0.03%[39m
[titan] 2026-09-13 19:29:35,744 - root - INFO - [31mstep: 40  [32mloss: -1.00000  [38;2;180;60;0mgrad_norm:  3.9062  [38;2;54;234;195mmemory:  1.64GiB(10.59%)  [34mtps: 25  [36mtflops: 0.09  [35mmfu: 0.03%[39m
REPR 40 rank3 loss -1.00000000000000000e+00 gn 3.90625000000000000e+00
REPR 40 rank5 loss -1.00000000000000000e+00 gn 3.90625000000000000e+00
[titan] 2026-09-13 19:29:35,744 - root - INFO - [31mstep: 40  [32mloss: -1.00000  [38;2;180;60;0mgrad_norm:  3.9062  [38;2;54;234;195mmemory:  1.71GiB(11.08%)  [34mtps: 25  [36mtflops: 0.09  [35mmfu: 0.03%[39m
[titan] 2026-09-13 19:29:35,744 - root - INFO - [31mstep: 40  [32mloss: -1.00000  [38;2;180;60;0mgrad_norm:  3.9062  [38;2;54;234;195mmemory:  1.71GiB(11.02%)  [34mtps: 25  [36mtflops: 0.09  [35mmfu: 0.03%[39m
[titan] 2026-09-13 19:29:35,744 - root - INFO - [31mstep: 40  [32mloss: -1.00000  [38;2;180;60;0mgrad_norm:  3.9062  [38;2;54;234;195mmemory:  1.70GiB(11.00%)  [34mtps: 25  [36mtflops: 0.09  [35mmfu: 0.03%[39m
REPR 40 rank1 loss -1.00000000000000000e+00 gn 3.90625000000000000e+00
[titan] 2026-09-13 19:29:35,746 - root - INFO - [31mstep: 40  [32mloss: -1.00000  [38;2;180;60;0mgrad_norm:  3.9062  [38;2;54;234;195mmemory:  2.07GiB(13.40%)  [34mtps: 25  [36mtflops: 0.09  [35mmfu: 0.03%[39m
REPR 40 rank7 loss 3.02284955978393555e+00 gn 3.90625000000000000e+00
[titan] 2026-09-13 19:29:35,749 - root - INFO - [31mstep: 40  [32mloss:  3.02285  [38;2;180;60;0mgrad_norm:  3.9062  [38;2;54;234;195mmemory:  5.93GiB(38.31%)  [34mtps: 25  [36mtflops: 0.09  [35mmfu: 0.03%[39m
REPR 40 rank0 loss -1.00000000000000000e+00 gn 3.90625000000000000e+00
[titan] 2026-09-13 19:29:35,750 - root - INFO - [31mstep: 40  [32mloss: -1.00000  [38;2;180;60;0mgrad_norm:  3.9062  [38;2;54;234;195mmemory:  5.28GiB(34.14%)  [34mtps: 25  [36mtflops: 0.09  [35mmfu: 0.03%[39m
REPR 41 rank2 loss -1.00000000000000000e+00 gn 3.62500000000000000e+00
[titan] 2026-09-13 19:29:37,077 - root - INFO - [31mstep: 41  [32mloss: -1.00000  [38;2;180;60;0mgrad_norm:  3.6250  [38;2;54;234;195mmemory:  1.64GiB(10.59%)  [34mtps: 24  [36mtflops: 0.08  [35mmfu: 0.03%[39m
REPR 41 rank6 loss -1.00000000000000000e+00 gn 3.62500000000000000e+00
REPR 41 rank3 loss -1.00000000000000000e+00 gn 3.62500000000000000e+00
REPR 41 rank4 loss -1.00000000000000000e+00 gn 3.62500000000000000e+00
[titan] 2026-09-13 19:29:37,077 - root - INFO - [31mstep: 41  [32mloss: -1.00000  [38;2;180;60;0mgrad_norm:  3.6250  [38;2;54;234;195mmemory:  1.71GiB(11.02%)  [34mtps: 24  [36mtflops: 0.08  [35mmfu: 0.03%[39m
[titan] 2026-09-13 19:29:37,077 - root - INFO - [31mstep: 41  [32mloss: -1.00000  [38;2;180;60;0mgrad_norm:  3.6250  [38;2;54;234;195mmemory:  1.64GiB(10.59%)  [34mtps: 24  [36mtflops: 0.08  [35mmfu: 0.03%[39m
REPR 41 rank5 loss -1.00000000000000000e+00 gn 3.62500000000000000e+00
[titan] 2026-09-13 19:29:37,077 - root - INFO - [31mstep: 41  [32mloss: -1.00000  [38;2;180;60;0mgrad_norm:  3.6250  [38;2;54;234;195mmemory:  1.71GiB(11.08%)  [34mtps: 24  [36mtflops: 0.08  [35mmfu: 0.03%[39m
[titan] 2026-09-13 19:29:37,078 - root - INFO - [31mstep: 41  [32mloss: -1.00000  [38;2;180;60;0mgrad_norm:  3.6250  [38;2;54;234;195mmemory:  1.70GiB(11.00%)  [34mtps: 24  [36mtflops: 0.08  [35mmfu: 0.03%[39m
REPR 41 rank1 loss -1.00000000000000000e+00 gn 3.62500000000000000e+00
[titan] 2026-09-13 19:29:37,079 - root - INFO - [31mstep: 41  [32mloss: -1.00000  [38;2;180;60;0mgrad_norm:  3.6250  [38;2;54;234;195mmemory:  2.07GiB(13.40%)  [34mtps: 24  [36mtflops: 0.08  [35mmfu: 0.03%[39m
REPR 41 rank7 loss 2.98958659172058105e+00 gn 3.62500000000000000e+00
[titan] 2026-09-13 19:29:37,083 - root - INFO - [31mstep: 41  [32mloss:  2.98959  [38;2;180;60;0mgrad_norm:  3.6250  [38;2;54;234;195mmemory:  5.93GiB(38.31%)  [34mtps: 24  [36mtflops: 0.08  [35mmfu: 0.03%[39m
REPR 41 rank0 loss -1.00000000000000000e+00 gn 3.62500000000000000e+00
[titan] 2026-09-13 19:29:37,083 - root - INFO - [31mstep: 41  [32mloss: -1.00000  [38;2;180;60;0mgrad_norm:  3.6250  [38;2;54;234;195mmemory:  5.28GiB(34.14%)  [34mtps: 24  [36mtflops: 0.08  [35mmfu: 0.03%[39m
REPR 42 rank2 loss -1.00000000000000000e+00 gn 2.87500000000000000e+00
REPR 42 rank6 loss -1.00000000000000000e+00 gn 2.87500000000000000e+00
REPR 42 rank4 loss -1.00000000000000000e+00 gn 2.87500000000000000e+00
[titan] 2026-09-13 19:29:38,412 - root - INFO - [31mstep: 42  [32mloss: -1.00000  [38;2;180;60;0mgrad_norm:  2.8750  [38;2;54;234;195mmemory:  1.64GiB(10.59%)  [34mtps: 24  [36mtflops: 0.08  [35mmfu: 0.03%[39m
[titan] 2026-09-13 19:29:38,412 - root - INFO - [31mstep: 42  [32mloss: -1.00000  [38;2;180;60;0mgrad_norm:  2.8750  [38;2;54;234;195mmemory:  1.64GiB(10.59%)  [34mtps: 24  [36mtflops: 0.08  [35mmfu: 0.03%[39m
REPR 42 rank3 loss -1.00000000000000000e+00 gn 2.87500000000000000e+00
REPR 42 rank5 loss -1.00000000000000000e+00 gn 2.87500000000000000e+00
[titan] 2026-09-13 19:29:38,412 - root - INFO - [31mstep: 42  [32mloss: -1.00000  [38;2;180;60;0mgrad_norm:  2.8750  [38;2;54;234;195mmemory:  1.71GiB(11.08%)  [34mtps: 24  [36mtflops: 0.08  [35mmfu: 0.03%[39m
[titan] 2026-09-13 19:29:38,413 - root - INFO - [31mstep: 42  [32mloss: -1.00000  [38;2;180;60;0mgrad_norm:  2.8750  [38;2;54;234;195mmemory:  1.71GiB(11.02%)  [34mtps: 24  [36mtflops: 0.08  [35mmfu: 0.03%[39m
[titan] 2026-09-13 19:29:38,413 - root - INFO - [31mstep: 42  [32mloss: -1.00000  [38;2;180;60;0mgrad_norm:  2.8750  [38;2;54;234;195mmemory:  1.70GiB(11.00%)  [34mtps: 24  [36mtflops: 0.08  [35mmfu: 0.03%[39m
REPR 42 rank1 loss -1.00000000000000000e+00 gn 2.87500000000000000e+00
[titan] 2026-09-13 19:29:38,414 - root - INFO - [31mstep: 42  [32mloss: -1.00000  [38;2;180;60;0mgrad_norm:  2.8750  [38;2;54;234;195mmemory:  2.07GiB(13.40%)  [34mtps: 24  [36mtflops: 0.08  [35mmfu: 0.03%[39m
REPR 42 rank7 loss 2.94002771377563477e+00 gn 2.87500000000000000e+00
REPR 42 rank0 loss -1.00000000000000000e+00 gn 2.87500000000000000e+00
[titan] 2026-09-13 19:29:38,418 - root - INFO - [31mstep: 42  [32mloss:  2.94003  [38;2;180;60;0mgrad_norm:  2.8750  [38;2;54;234;195mmemory:  5.93GiB(38.31%)  [34mtps: 24  [36mtflops: 0.08  [35mmfu: 0.03%[39m
[titan] 2026-09-13 19:29:38,418 - root - INFO - [31mstep: 42  [32mloss: -1.00000  [38;2;180;60;0mgrad_norm:  2.8750  [38;2;54;234;195mmemory:  5.28GiB(34.14%)  [34mtps: 24  [36mtflops: 0.08  [35mmfu: 0.03%[39m
REPR 43 rank2 loss -1.00000000000000000e+00 gn 3.90625000000000000e+00
REPR 43 rank6 loss -1.00000000000000000e+00 gn 3.90625000000000000e+00
REPR 43 rank4 loss -1.00000000000000000e+00 gn 3.90625000000000000e+00
[titan] 2026-09-13 19:29:39,712 - root - INFO - [31mstep: 43  [32mloss: -1.00000  [38;2;180;60;0mgrad_norm:  3.9062  [38;2;54;234;195mmemory:  1.64GiB(10.59%)  [34mtps: 25  [36mtflops: 0.09  [35mmfu: 0.03%[39m
[titan] 2026-09-13 19:29:39,712 - root - INFO - [31mstep: 43  [32mloss: -1.00000  [38;2;180;60;0mgrad_norm:  3.9062  [38;2;54;234;195mmemory:  1.64GiB(10.59%)  [34mtps: 25  [36mtflops: 0.09  [35mmfu: 0.03%[39m
REPR 43 rank3 loss -1.00000000000000000e+00 gn 3.90625000000000000e+00
REPR 43 rank5 loss -1.00000000000000000e+00 gn 3.90625000000000000e+00
[titan] 2026-09-13 19:29:39,712 - root - INFO - [31mstep: 43  [32mloss: -1.00000  [38;2;180;60;0mgrad_norm:  3.9062  [38;2;54;234;195mmemory:  1.71GiB(11.08%)  [34mtps: 25  [36mtflops: 0.09  [35mmfu: 0.03%[39m
[titan] 2026-09-13 19:29:39,713 - root - INFO - [31mstep: 43  [32mloss: -1.00000  [38;2;180;60;0mgrad_norm:  3.9062  [38;2;54;234;195mmemory:  1.71GiB(11.02%)  [34mtps: 25  [36mtflops: 0.09  [35mmfu: 0.03%[39m
[titan] 2026-09-13 19:29:39,713 - root - INFO - [31mstep: 43  [32mloss: -1.00000  [38;2;180;60;0mgrad_norm:  3.9062  [38;2;54;234;195mmemory:  1.70GiB(11.00%)  [34mtps: 25  [36mtflops: 0.09  [35mmfu: 0.03%[39m
REPR 43 rank1 loss -1.00000000000000000e+00 gn 3.90625000000000000e+00
[titan] 2026-09-13 19:29:39,714 - root - INFO - [31mstep: 43  [32mloss: -1.00000  [38;2;180;60;0mgrad_norm:  3.9062  [38;2;54;234;195mmemory:  2.07GiB(13.40%)  [34mtps: 25  [36mtflops: 0.09  [35mmfu: 0.03%[39m
REPR 43 rank7 loss 3.19845962524414062e+00 gn 3.90625000000000000e+00
[titan] 2026-09-13 19:29:39,718 - root - INFO - [31mstep: 43  [32mloss:  3.19846  [38;2;180;60;0mgrad_norm:  3.9062  [38;2;54;234;195mmemory:  5.93GiB(38.31%)  [34mtps: 25  [36mtflops: 0.09  [35mmfu: 0.03%[39m
REPR 43 rank0 loss -1.00000000000000000e+00 gn 3.90625000000000000e+00
[titan] 2026-09-13 19:29:39,718 - root - INFO - [31mstep: 43  [32mloss: -1.00000  [38;2;180;60;0mgrad_norm:  3.9062  [38;2;54;234;195mmemory:  5.28GiB(34.14%)  [34mtps: 25  [36mtflops: 0.09  [35mmfu: 0.03%[39m
REPR 44 rank2 loss -1.00000000000000000e+00 gn 2.79687500000000000e+00
REPR 44 rank6 loss -1.00000000000000000e+00 gn 2.79687500000000000e+00
[titan] 2026-09-13 19:29:41,035 - root - INFO - [31mstep: 44  [32mloss: -1.00000  [38;2;180;60;0mgrad_norm:  2.7969  [38;2;54;234;195mmemory:  1.64GiB(10.59%)  [34mtps: 24  [36mtflops: 0.08  [35mmfu: 0.03%[39m
REPR 44 rank4 loss -1.00000000000000000e+00 gn 2.79687500000000000e+00
[titan] 2026-09-13 19:29:41,035 - root - INFO - [31mstep: 44  [32mloss: -1.00000  [38;2;180;60;0mgrad_norm:  2.7969  [38;2;54;234;195mmemory:  1.64GiB(10.59%)  [34mtps: 24  [36mtflops: 0.08  [35mmfu: 0.03%[39m
REPR 44 rank3 loss -1.00000000000000000e+00 gn 2.79687500000000000e+00
REPR 44 rank5 loss -1.00000000000000000e+00 gn 2.79687500000000000e+00
[titan] 2026-09-13 19:29:41,035 - root - INFO - [31mstep: 44  [32mloss: -1.00000  [38;2;180;60;0mgrad_norm:  2.7969  [38;2;54;234;195mmemory:  1.71GiB(11.08%)  [34mtps: 24  [36mtflops: 0.08  [35mmfu: 0.03%[39m
[titan] 2026-09-13 19:29:41,036 - root - INFO - [31mstep: 44  [32mloss: -1.00000  [38;2;180;60;0mgrad_norm:  2.7969  [38;2;54;234;195mmemory:  1.71GiB(11.02%)  [34mtps: 24  [36mtflops: 0.08  [35mmfu: 0.03%[39m
[titan] 2026-09-13 19:29:41,036 - root - INFO - [31mstep: 44  [32mloss: -1.00000  [38;2;180;60;0mgrad_norm:  2.7969  [38;2;54;234;195mmemory:  1.70GiB(11.00%)  [34mtps: 24  [36mtflops: 0.08  [35mmfu: 0.03%[39m
REPR 44 rank1 loss -1.00000000000000000e+00 gn 2.79687500000000000e+00
[titan] 2026-09-13 19:29:41,037 - root - INFO - [31mstep: 44  [32mloss: -1.00000  [38;2;180;60;0mgrad_norm:  2.7969  [38;2;54;234;195mmemory:  2.07GiB(13.40%)  [34mtps: 24  [36mtflops: 0.08  [35mmfu: 0.03%[39m
REPR 44 rank7 loss 2.77114105224609375e+00 gn 2.79687500000000000e+00
[titan] 2026-09-13 19:29:41,041 - root - INFO - [31mstep: 44  [32mloss:  2.77114  [38;2;180;60;0mgrad_norm:  2.7969  [38;2;54;234;195mmemory:  5.93GiB(38.31%)  [34mtps: 24  [36mtflops: 0.08  [35mmfu: 0.03%[39m
REPR 44 rank0 loss -1.00000000000000000e+00 gn 2.79687500000000000e+00
[titan] 2026-09-13 19:29:41,042 - root - INFO - [31mstep: 44  [32mloss: -1.00000  [38;2;180;60;0mgrad_norm:  2.7969  [38;2;54;234;195mmemory:  5.28GiB(34.14%)  [34mtps: 24  [36mtflops: 0.08  [35mmfu: 0.03%[39m
REPR 45 rank2 loss -1.00000000000000000e+00 gn 3.01562500000000000e+00
REPR 45 rank6 loss -1.00000000000000000e+00 gn 3.01562500000000000e+00
[titan] 2026-09-13 19:29:42,334 - root - INFO - [31mstep: 45  [32mloss: -1.00000  [38;2;180;60;0mgrad_norm:  3.0156  [38;2;54;234;195mmemory:  1.64GiB(10.59%)  [34mtps: 25  [36mtflops: 0.09  [35mmfu: 0.03%[39m
[titan] 2026-09-13 19:29:42,334 - root - INFO - [31mstep: 45  [32mloss: -1.00000  [38;2;180;60;0mgrad_norm:  3.0156  [38;2;54;234;195mmemory:  1.64GiB(10.59%)  [34mtps: 25  [36mtflops: 0.09  [35mmfu: 0.03%[39m
REPR 45 rank4 loss -1.00000000000000000e+00 gn 3.01562500000000000e+00
REPR 45 rank3 loss -1.00000000000000000e+00 gn 3.01562500000000000e+00
REPR 45 rank5 loss -1.00000000000000000e+00 gn 3.01562500000000000e+00
[titan] 2026-09-13 19:29:42,335 - root - INFO - [31mstep: 45  [32mloss: -1.00000  [38;2;180;60;0mgrad_norm:  3.0156  [38;2;54;234;195mmemory:  1.71GiB(11.08%)  [34mtps: 25  [36mtflops: 0.09  [35mmfu: 0.03%[39m
[titan] 2026-09-13 19:29:42,335 - root - INFO - [31mstep: 45  [32mloss: -1.00000  [38;2;180;60;0mgrad_norm:  3.0156  [38;2;54;234;195mmemory:  1.71GiB(11.02%)  [34mtps: 25  [36mtflops: 0.09  [35mmfu: 0.03%[39m
[titan] 2026-09-13 19:29:42,335 - root - INFO - [31mstep: 45  [32mloss: -1.00000  [38;2;180;60;0mgrad_norm:  3.0156  [38;2;54;234;195mmemory:  1.70GiB(11.00%)  [34mtps: 25  [36mtflops: 0.09  [35mmfu: 0.03%[39m
REPR 45 rank1 loss -1.00000000000000000e+00 gn 3.01562500000000000e+00
[titan] 2026-09-13 19:29:42,336 - root - INFO - [31mstep: 45  [32mloss: -1.00000  [38;2;180;60;0mgrad_norm:  3.0156  [38;2;54;234;195mmemory:  2.07GiB(13.40%)  [34mtps: 25  [36mtflops: 0.09  [35mmfu: 0.03%[39m
REPR 45 rank7 loss 2.92484641075134277e+00 gn 3.01562500000000000e+00
[titan] 2026-09-13 19:29:42,340 - root - INFO - [31mstep: 45  [32mloss:  2.92485  [38;2;180;60;0mgrad_norm:  3.0156  [38;2;54;234;195mmemory:  5.93GiB(38.31%)  [34mtps: 25  [36mtflops: 0.09  [35mmfu: 0.03%[39m
REPR 45 rank0 loss -1.00000000000000000e+00 gn 3.01562500000000000e+00
[titan] 2026-09-13 19:29:42,340 - root - INFO - [31mstep: 45  [32mloss: -1.00000  [38;2;180;60;0mgrad_norm:  3.0156  [38;2;54;234;195mmemory:  5.28GiB(34.14%)  [34mtps: 25  [36mtflops: 0.09  [35mmfu: 0.03%[39m
REPR 46 rank2 loss -1.00000000000000000e+00 gn 2.73437500000000000e+00
REPR 46 rank6 loss -1.00000000000000000e+00 gn 2.73437500000000000e+00
[titan] 2026-09-13 19:29:43,621 - root - INFO - [31mstep: 46  [32mloss: -1.00000  [38;2;180;60;0mgrad_norm:  2.7344  [38;2;54;234;195mmemory:  1.64GiB(10.59%)  [34mtps: 25  [36mtflops: 0.09  [35mmfu: 0.03%[39m
[titan] 2026-09-13 19:29:43,621 - root - INFO - [31mstep: 46  [32mloss: -1.00000  [38;2;180;60;0mgrad_norm:  2.7344  [38;2;54;234;195mmemory:  1.64GiB(10.59%)  [34mtps: 25  [36mtflops: 0.09  [35mmfu: 0.03%[39m
REPR 46 rank4 loss -1.00000000000000000e+00 gn 2.73437500000000000e+00
REPR 46 rank3 loss -1.00000000000000000e+00 gn 2.73437500000000000e+00REPR 46 rank5 loss -1.00000000000000000e+00 gn 2.73437500000000000e+00

[titan] 2026-09-13 19:29:43,622 - root - INFO - [31mstep: 46  [32mloss: -1.00000  [38;2;180;60;0mgrad_norm:  2.7344  [38;2;54;234;195mmemory:  1.71GiB(11.02%)  [34mtps: 25  [36mtflops: 0.09  [35mmfu: 0.03%[39m
[titan] 2026-09-13 19:29:43,622 - root - INFO - [31mstep: 46  [32mloss: -1.00000  [38;2;180;60;0mgrad_norm:  2.7344  [38;2;54;234;195mmemory:  1.70GiB(11.00%)  [34mtps: 25  [36mtflops: 0.09  [35mmfu: 0.03%[39m
[titan] 2026-09-13 19:29:43,622 - root - INFO - [31mstep: 46  [32mloss: -1.00000  [38;2;180;60;0mgrad_norm:  2.7344  [38;2;54;234;195mmemory:  1.71GiB(11.08%)  [34mtps: 25  [36mtflops: 0.09  [35mmfu: 0.03%[39m
REPR 46 rank1 loss -1.00000000000000000e+00 gn 2.73437500000000000e+00
[titan] 2026-09-13 19:29:43,623 - root - INFO - [31mstep: 46  [32mloss: -1.00000  [38;2;180;60;0mgrad_norm:  2.7344  [38;2;54;234;195mmemory:  2.07GiB(13.40%)  [34mtps: 25  [36mtflops: 0.09  [35mmfu: 0.03%[39m
REPR 46 rank7 loss 2.92255640029907227e+00 gn 2.73437500000000000e+00
REPR 46 rank0 loss -1.00000000000000000e+00 gn 2.73437500000000000e+00
[titan] 2026-09-13 19:29:43,627 - root - INFO - [31mstep: 46  [32mloss:  2.92256  [38;2;180;60;0mgrad_norm:  2.7344  [38;2;54;234;195mmemory:  5.93GiB(38.31%)  [34mtps: 25  [36mtflops: 0.09  [35mmfu: 0.03%[39m
[titan] 2026-09-13 19:29:43,628 - root - INFO - [31mstep: 46  [32mloss: -1.00000  [38;2;180;60;0mgrad_norm:  2.7344  [38;2;54;234;195mmemory:  5.28GiB(34.14%)  [34mtps: 25  [36mtflops: 0.09  [35mmfu: 0.03%[39m
REPR 47 rank2 loss -1.00000000000000000e+00 gn 3.65625000000000000e+00
REPR 47 rank6 loss -1.00000000000000000e+00 gn 3.65625000000000000e+00
REPR 47 rank4 loss -1.00000000000000000e+00 gn 3.65625000000000000e+00
[titan] 2026-09-13 19:29:44,920 - root - INFO - [31mstep: 47  [32mloss: -1.00000  [38;2;180;60;0mgrad_norm:  3.6562  [38;2;54;234;195mmemory:  1.64GiB(10.59%)  [34mtps: 25  [36mtflops: 0.09  [35mmfu: 0.03%[39m
[titan] 2026-09-13 19:29:44,920 - root - INFO - [31mstep: 47  [32mloss: -1.00000  [38;2;180;60;0mgrad_norm:  3.6562  [38;2;54;234;195mmemory:  1.64GiB(10.59%)  [34mtps: 25  [36mtflops: 0.09  [35mmfu: 0.03%[39m
REPR 47 rank5 loss -1.00000000000000000e+00 gn 3.65625000000000000e+00
REPR 47 rank3 loss -1.00000000000000000e+00 gn 3.65625000000000000e+00
[titan] 2026-09-13 19:29:44,921 - root - INFO - [31mstep: 47  [32mloss: -1.00000  [38;2;180;60;0mgrad_norm:  3.6562  [38;2;54;234;195mmemory:  1.71GiB(11.08%)  [34mtps: 25  [36mtflops: 0.09  [35mmfu: 0.03%[39m
[titan] 2026-09-13 19:29:44,921 - root - INFO - [31mstep: 47  [32mloss: -1.00000  [38;2;180;60;0mgrad_norm:  3.6562  [38;2;54;234;195mmemory:  1.70GiB(11.00%)  [34mtps: 25  [36mtflops: 0.09  [35mmfu: 0.03%[39m
[titan] 2026-09-13 19:29:44,921 - root - INFO - [31mstep: 47  [32mloss: -1.00000  [38;2;180;60;0mgrad_norm:  3.6562  [38;2;54;234;195mmemory:  1.71GiB(11.02%)  [34mtps: 25  [36mtflops: 0.09  [35mmfu: 0.03%[39m
REPR 47 rank1 loss -1.00000000000000000e+00 gn 3.65625000000000000e+00
[titan] 2026-09-13 19:29:44,922 - root - INFO - [31mstep: 47  [32mloss: -1.00000  [38;2;180;60;0mgrad_norm:  3.6562  [38;2;54;234;195mmemory:  2.07GiB(13.40%)  [34mtps: 25  [36mtflops: 0.09  [35mmfu: 0.03%[39m
REPR 47 rank7 loss 3.09850645065307617e+00 gn 3.65625000000000000e+00
[titan] 2026-09-13 19:29:44,926 - root - INFO - [31mstep: 47  [32mloss:  3.09851  [38;2;180;60;0mgrad_norm:  3.6562  [38;2;54;234;195mmemory:  5.93GiB(38.31%)  [34mtps: 25  [36mtflops: 0.09  [35mmfu: 0.03%[39m
REPR 47 rank0 loss -1.00000000000000000e+00 gn 3.65625000000000000e+00
[titan] 2026-09-13 19:29:44,927 - root - INFO - [31mstep: 47  [32mloss: -1.00000  [38;2;180;60;0mgrad_norm:  3.6562  [38;2;54;234;195mmemory:  5.28GiB(34.14%)  [34mtps: 25  [36mtflops: 0.09  [35mmfu: 0.03%[39m
REPR 48 rank2 loss -1.00000000000000000e+00 gn 4.09375000000000000e+00
REPR 48 rank6 loss -1.00000000000000000e+00 gn 4.09375000000000000e+00
[titan] 2026-09-13 19:29:46,256 - root - INFO - [31mstep: 48  [32mloss: -1.00000  [38;2;180;60;0mgrad_norm:  4.0938  [38;2;54;234;195mmemory:  1.64GiB(10.59%)  [34mtps: 24  [36mtflops: 0.08  [35mmfu: 0.03%[39m
REPR 48 rank4 loss -1.00000000000000000e+00 gn 4.09375000000000000e+00
REPR 48 rank3 loss -1.00000000000000000e+00 gn 4.09375000000000000e+00REPR 48 rank5 loss -1.00000000000000000e+00 gn 4.09375000000000000e+00

[titan] 2026-09-13 19:29:46,257 - root - INFO - [31mstep: 48  [32mloss: -1.00000  [38;2;180;60;0mgrad_norm:  4.0938  [38;2;54;234;195mmemory:  1.64GiB(10.59%)  [34mtps: 24  [36mtflops: 0.08  [35mmfu: 0.03%[39m
[titan] 2026-09-13 19:29:46,257 - root - INFO - [31mstep: 48  [32mloss: -1.00000  [38;2;180;60;0mgrad_norm:  4.0938  [38;2;54;234;195mmemory:  1.71GiB(11.08%)  [34mtps: 24  [36mtflops: 0.08  [35mmfu: 0.03%[39m
[titan] 2026-09-13 19:29:46,257 - root - INFO - [31mstep: 48  [32mloss: -1.00000  [38;2;180;60;0mgrad_norm:  4.0938  [38;2;54;234;195mmemory:  1.71GiB(11.02%)  [34mtps: 24  [36mtflops: 0.08  [35mmfu: 0.03%[39m
[titan] 2026-09-13 19:29:46,257 - root - INFO - [31mstep: 48  [32mloss: -1.00000  [38;2;180;60;0mgrad_norm:  4.0938  [38;2;54;234;195mmemory:  1.70GiB(11.00%)  [34mtps: 24  [36mtflops: 0.08  [35mmfu: 0.03%[39m
REPR 48 rank1 loss -1.00000000000000000e+00 gn 4.09375000000000000e+00
[titan] 2026-09-13 19:29:46,258 - root - INFO - [31mstep: 48  [32mloss: -1.00000  [38;2;180;60;0mgrad_norm:  4.0938  [38;2;54;234;195mmemory:  2.07GiB(13.40%)  [34mtps: 24  [36mtflops: 0.08  [35mmfu: 0.03%[39m
REPR 48 rank7 loss 3.34738254547119141e+00 gn 4.09375000000000000e+00
REPR 48 rank0 loss -1.00000000000000000e+00 gn 4.09375000000000000e+00[titan] 2026-09-13 19:29:46,262 - root - INFO - [31mstep: 48  [32mloss:  3.34738  [38;2;180;60;0mgrad_norm:  4.0938  [38;2;54;234;195mmemory:  5.93GiB(38.31%)  [34mtps: 24  [36mtflops: 0.08  [35mmfu: 0.03%[39m

[titan] 2026-09-13 19:29:46,262 - root - INFO - [31mstep: 48  [32mloss: -1.00000  [38;2;180;60;0mgrad_norm:  4.0938  [38;2;54;234;195mmemory:  5.28GiB(34.14%)  [34mtps: 24  [36mtflops: 0.08  [35mmfu: 0.03%[39m
REPR 49 rank2 loss -1.00000000000000000e+00 gn 2.32812500000000000e+00
REPR 49 rank6 loss -1.00000000000000000e+00 gn 2.32812500000000000e+00
[titan] 2026-09-13 19:29:47,614 - root - INFO - [31mstep: 49  [32mloss: -1.00000  [38;2;180;60;0mgrad_norm:  2.3281  [38;2;54;234;195mmemory:  1.64GiB(10.59%)  [34mtps: 24  [36mtflops: 0.08  [35mmfu: 0.03%[39m
REPR 49 rank3 loss -1.00000000000000000e+00 gn 2.32812500000000000e+00
REPR 49 rank5 loss -1.00000000000000000e+00 gn 2.32812500000000000e+00
[titan] 2026-09-13 19:29:47,615 - root - INFO - [31mstep: 49  [32mloss: -1.00000  [38;2;180;60;0mgrad_norm:  2.3281  [38;2;54;234;195mmemory:  1.64GiB(10.59%)  [34mtps: 24  [36mtflops: 0.08  [35mmfu: 0.03%[39m
REPR 49 rank4 loss -1.00000000000000000e+00 gn 2.32812500000000000e+00
[titan] 2026-09-13 19:29:47,615 - root - INFO - [31mstep: 49  [32mloss: -1.00000  [38;2;180;60;0mgrad_norm:  2.3281  [38;2;54;234;195mmemory:  1.71GiB(11.02%)  [34mtps: 24  [36mtflops: 0.08  [35mmfu: 0.03%[39m
[titan] 2026-09-13 19:29:47,615 - root - INFO - [31mstep: 49  [32mloss: -1.00000  [38;2;180;60;0mgrad_norm:  2.3281  [38;2;54;234;195mmemory:  1.70GiB(11.00%)  [34mtps: 24  [36mtflops: 0.08  [35mmfu: 0.03%[39m
[titan] 2026-09-13 19:29:47,615 - root - INFO - [31mstep: 49  [32mloss: -1.00000  [38;2;180;60;0mgrad_norm:  2.3281  [38;2;54;234;195mmemory:  1.71GiB(11.08%)  [34mtps: 24  [36mtflops: 0.08  [35mmfu: 0.03%[39m
REPR 49 rank1 loss -1.00000000000000000e+00 gn 2.32812500000000000e+00
[titan] 2026-09-13 19:29:47,616 - root - INFO - [31mstep: 49  [32mloss: -1.00000  [38;2;180;60;0mgrad_norm:  2.3281  [38;2;54;234;195mmemory:  2.07GiB(13.40%)  [34mtps: 24  [36mtflops: 0.08  [35mmfu: 0.03%[39m
REPR 49 rank7 loss 2.87380933761596680e+00 gn 2.32812500000000000e+00
[titan] 2026-09-13 19:29:47,620 - root - INFO - [31mstep: 49  [32mloss:  2.87381  [38;2;180;60;0mgrad_norm:  2.3281  [38;2;54;234;195mmemory:  5.93GiB(38.31%)  [34mtps: 24  [36mtflops: 0.08  [35mmfu: 0.03%[39m
REPR 49 rank0 loss -1.00000000000000000e+00 gn 2.32812500000000000e+00
[titan] 2026-09-13 19:29:47,620 - root - INFO - [31mstep: 49  [32mloss: -1.00000  [38;2;180;60;0mgrad_norm:  2.3281  [38;2;54;234;195mmemory:  5.28GiB(34.14%)  [34mtps: 24  [36mtflops: 0.08  [35mmfu: 0.03%[39m
[titan] 2026-09-13 19:29:47,658 - root - INFO - [GC] Performing periodic GC collection took 0.04 seconds
[titan] 2026-09-13 19:29:47,658 - root - INFO - [GC] Performing periodic GC collection took 0.04 seconds
[titan] 2026-09-13 19:29:47,659 - root - INFO - [GC] Performing periodic GC collection took 0.04 seconds
[titan] 2026-09-13 19:29:47,665 - root - INFO - [GC] Performing periodic GC collection took 0.05 seconds
[titan] 2026-09-13 19:29:47,669 - root - INFO - [GC] Performing periodic GC collection took 0.05 seconds
[titan] 2026-09-13 19:29:47,678 - root - INFO - [GC] Performing periodic GC collection took 0.06 seconds
[titan] 2026-09-13 19:29:47,711 - root - INFO - [GC] Performing periodic GC collection took 0.09 seconds
[titan] 2026-09-13 19:29:47,717 - root - INFO - [GC] Performing periodic GC collection took 0.10 seconds
REPR 50 rank2 loss -1.00000000000000000e+00 gn 2.68750000000000000e+00
REPR 50 rank6 loss -1.00000000000000000e+00 gn 2.68750000000000000e+00
REPR 50 rank4 loss -1.00000000000000000e+00 gn 2.68750000000000000e+00
[titan] 2026-09-13 19:29:49,025 - root - INFO - [31mstep: 50  [32mloss: -1.00000  [38;2;180;60;0mgrad_norm:  2.6875  [38;2;54;234;195mmemory:  1.64GiB(10.59%)  [34mtps: 23  [36mtflops: 0.08  [35mmfu: 0.03%[39m
REPR 50 rank5 loss -1.00000000000000000e+00 gn 2.68750000000000000e+00
[titan] 2026-09-13 19:29:49,025 - root - INFO - [31mstep: 50  [32mloss: -1.00000  [38;2;180;60;0mgrad_norm:  2.6875  [38;2;54;234;195mmemory:  1.71GiB(11.08%)  [34mtps: 23  [36mtflops: 0.08  [35mmfu: 0.03%[39m
[titan] 2026-09-13 19:29:49,025 - root - INFO - [31mstep: 50  [32mloss: -1.00000  [38;2;180;60;0mgrad_norm:  2.6875  [38;2;54;234;195mmemory:  1.64GiB(10.59%)  [34mtps: 23  [36mtflops: 0.08  [35mmfu: 0.03%[39m
[titan] 2026-09-13 19:29:49,026 - root - INFO - [31mstep: 50  [32mloss: -1.00000  [38;2;180;60;0mgrad_norm:  2.6875  [38;2;54;234;195mmemory:  1.70GiB(11.00%)  [34mtps: 23  [36mtflops: 0.08  [35mmfu: 0.03%[39m
REPR 50 rank3 loss -1.00000000000000000e+00 gn 2.68750000000000000e+00
[titan] 2026-09-13 19:29:49,026 - root - INFO - [31mstep: 50  [32mloss: -1.00000  [38;2;180;60;0mgrad_norm:  2.6875  [38;2;54;234;195mmemory:  1.71GiB(11.02%)  [34mtps: 23  [36mtflops: 0.08  [35mmfu: 0.03%[39m
REPR 50 rank1 loss -1.00000000000000000e+00 gn 2.68750000000000000e+00
[titan] 2026-09-13 19:29:49,027 - root - INFO - [31mstep: 50  [32mloss: -1.00000  [38;2;180;60;0mgrad_norm:  2.6875  [38;2;54;234;195mmemory:  2.07GiB(13.40%)  [34mtps: 23  [36mtflops: 0.08  [35mmfu: 0.03%[39m
REPR 50 rank7 loss 3.00642228126525879e+00 gn 2.68750000000000000e+00
[titan] 2026-09-13 19:29:49,031 - root - INFO - [31mstep: 50  [32mloss:  3.00642  [38;2;180;60;0mgrad_norm:  2.6875  [38;2;54;234;195mmemory:  5.93GiB(38.31%)  [34mtps: 23  [36mtflops: 0.08  [35mmfu: 0.03%[39m
REPR 50 rank0 loss -1.00000000000000000e+00 gn 2.68750000000000000e+00
[titan] 2026-09-13 19:29:49,031 - root - INFO - [31mstep: 50  [32mloss: -1.00000  [38;2;180;60;0mgrad_norm:  2.6875  [38;2;54;234;195mmemory:  5.28GiB(34.14%)  [34mtps: 23  [36mtflops: 0.08  [35mmfu: 0.03%[39m
REPR 51 rank2 loss -1.00000000000000000e+00 gn 2.93750000000000000e+00
REPR 51 rank6 loss -1.00000000000000000e+00 gn 2.93750000000000000e+00
REPR 51 rank4 loss -1.00000000000000000e+00 gn 2.93750000000000000e+00
[titan] 2026-09-13 19:29:50,347 - root - INFO - [31mstep: 51  [32mloss: -1.00000  [38;2;180;60;0mgrad_norm:  2.9375  [38;2;54;234;195mmemory:  1.64GiB(10.59%)  [34mtps: 24  [36mtflops: 0.08  [35mmfu: 0.03%[39m
[titan] 2026-09-13 19:29:50,347 - root - INFO - [31mstep: 51  [32mloss: -1.00000  [38;2;180;60;0mgrad_norm:  2.9375  [38;2;54;234;195mmemory:  1.64GiB(10.59%)  [34mtps: 24  [36mtflops: 0.08  [35mmfu: 0.03%[39m
REPR 51 rank3 loss -1.00000000000000000e+00 gn 2.93750000000000000e+00REPR 51 rank5 loss -1.00000000000000000e+00 gn 2.93750000000000000e+00

[titan] 2026-09-13 19:29:50,348 - root - INFO - [31mstep: 51  [32mloss: -1.00000  [38;2;180;60;0mgrad_norm:  2.9375  [38;2;54;234;195mmemory:  1.71GiB(11.08%)  [34mtps: 24  [36mtflops: 0.08  [35mmfu: 0.03%[39m
[titan] 2026-09-13 19:29:50,348 - root - INFO - [31mstep: 51  [32mloss: -1.00000  [38;2;180;60;0mgrad_norm:  2.9375  [38;2;54;234;195mmemory:  1.71GiB(11.02%)  [34mtps: 24  [36mtflops: 0.08  [35mmfu: 0.03%[39m
[titan] 2026-09-13 19:29:50,348 - root - INFO - [31mstep: 51  [32mloss: -1.00000  [38;2;180;60;0mgrad_norm:  2.9375  [38;2;54;234;195mmemory:  1.70GiB(11.00%)  [34mtps: 24  [36mtflops: 0.08  [35mmfu: 0.03%[39m
REPR 51 rank1 loss -1.00000000000000000e+00 gn 2.93750000000000000e+00
[titan] 2026-09-13 19:29:50,349 - root - INFO - [31mstep: 51  [32mloss: -1.00000  [38;2;180;60;0mgrad_norm:  2.9375  [38;2;54;234;195mmemory:  2.07GiB(13.40%)  [34mtps: 24  [36mtflops: 0.08  [35mmfu: 0.03%[39m
REPR 51 rank7 loss 2.95578479766845703e+00 gn 2.93750000000000000e+00
[titan] 2026-09-13 19:29:50,353 - root - INFO - [31mstep: 51  [32mloss:  2.95578  [38;2;180;60;0mgrad_norm:  2.9375  [38;2;54;234;195mmemory:  5.93GiB(38.31%)  [34mtps: 24  [36mtflops: 0.08  [35mmfu: 0.03%[39m
REPR 51 rank0 loss -1.00000000000000000e+00 gn 2.93750000000000000e+00
[titan] 2026-09-13 19:29:50,354 - root - INFO - [31mstep: 51  [32mloss: -1.00000  [38;2;180;60;0mgrad_norm:  2.9375  [38;2;54;234;195mmemory:  5.28GiB(34.14%)  [34mtps: 24  [36mtflops: 0.08  [35mmfu: 0.03%[39m
REPR 52 rank2 loss -1.00000000000000000e+00 gn 2.56250000000000000e+00
REPR 52 rank6 loss -1.00000000000000000e+00 gn 2.56250000000000000e+00
REPR 52 rank4 loss -1.00000000000000000e+00 gn 2.56250000000000000e+00
[titan] 2026-09-13 19:29:51,660 - root - INFO - [31mstep: 52  [32mloss: -1.00000  [38;2;180;60;0mgrad_norm:  2.5625  [38;2;54;234;195mmemory:  1.64GiB(10.59%)  [34mtps: 24  [36mtflops: 0.09  [35mmfu: 0.03%[39m
[titan] 2026-09-13 19:29:51,660 - root - INFO - [31mstep: 52  [32mloss: -1.00000  [38;2;180;60;0mgrad_norm:  2.5625  [38;2;54;234;195mmemory:  1.64GiB(10.59%)  [34mtps: 24  [36mtflops: 0.09  [35mmfu: 0.03%[39m
REPR 52 rank3 loss -1.00000000000000000e+00 gn 2.56250000000000000e+00
REPR 52 rank5 loss -1.00000000000000000e+00 gn 2.56250000000000000e+00
[titan] 2026-09-13 19:29:51,660 - root - INFO - [31mstep: 52  [32mloss: -1.00000  [38;2;180;60;0mgrad_norm:  2.5625  [38;2;54;234;195mmemory:  1.71GiB(11.08%)  [34mtps: 24  [36mtflops: 0.09  [35mmfu: 0.03%[39m
[titan] 2026-09-13 19:29:51,661 - root - INFO - [31mstep: 52  [32mloss: -1.00000  [38;2;180;60;0mgrad_norm:  2.5625  [38;2;54;234;195mmemory:  1.71GiB(11.02%)  [34mtps: 24  [36mtflops: 0.09  [35mmfu: 0.03%[39m
[titan] 2026-09-13 19:29:51,661 - root - INFO - [31mstep: 52  [32mloss: -1.00000  [38;2;180;60;0mgrad_norm:  2.5625  [38;2;54;234;195mmemory:  1.70GiB(11.00%)  [34mtps: 24  [36mtflops: 0.09  [35mmfu: 0.03%[39m
REPR 52 rank1 loss -1.00000000000000000e+00 gn 2.56250000000000000e+00
[titan] 2026-09-13 19:29:51,662 - root - INFO - [31mstep: 52  [32mloss: -1.00000  [38;2;180;60;0mgrad_norm:  2.5625  [38;2;54;234;195mmemory:  2.07GiB(13.40%)  [34mtps: 24  [36mtflops: 0.09  [35mmfu: 0.03%[39m
REPR 52 rank7 loss 2.91910672187805176e+00 gn 2.56250000000000000e+00
[titan] 2026-09-13 19:29:51,665 - root - INFO - [31mstep: 52  [32mloss:  2.91911  [38;2;180;60;0mgrad_norm:  2.5625  [38;2;54;234;195mmemory:  5.93GiB(38.31%)  [34mtps: 24  [36mtflops: 0.09  [35mmfu: 0.03%[39m
REPR 52 rank0 loss -1.00000000000000000e+00 gn 2.56250000000000000e+00
[titan] 2026-09-13 19:29:51,666 - root - INFO - [31mstep: 52  [32mloss: -1.00000  [38;2;180;60;0mgrad_norm:  2.5625  [38;2;54;234;195mmemory:  5.28GiB(34.14%)  [34mtps: 24  [36mtflops: 0.09  [35mmfu: 0.03%[39m
REPR 53 rank2 loss -1.00000000000000000e+00 gn 3.53125000000000000e+00
REPR 53 rank6 loss -1.00000000000000000e+00 gn 3.53125000000000000e+00
REPR 53 rank4 loss -1.00000000000000000e+00 gn 3.53125000000000000e+00
[titan] 2026-09-13 19:29:53,001 - root - INFO - [31mstep: 53  [32mloss: -1.00000  [38;2;180;60;0mgrad_norm:  3.5312  [38;2;54;234;195mmemory:  1.64GiB(10.59%)  [34mtps: 24  [36mtflops: 0.08  [35mmfu: 0.03%[39m
[titan] 2026-09-13 19:29:53,001 - root - INFO - [31mstep: 53  [32mloss: -1.00000  [38;2;180;60;0mgrad_norm:  3.5312  [38;2;54;234;195mmemory:  1.64GiB(10.59%)  [34mtps: 24  [36mtflops: 0.08  [35mmfu: 0.03%[39m
REPR 53 rank3 loss -1.00000000000000000e+00 gn 3.53125000000000000e+00
REPR 53 rank5 loss -1.00000000000000000e+00 gn 3.53125000000000000e+00
[titan] 2026-09-13 19:29:53,001 - root - INFO - [31mstep: 53  [32mloss: -1.00000  [38;2;180;60;0mgrad_norm:  3.5312  [38;2;54;234;195mmemory:  1.71GiB(11.08%)  [34mtps: 24  [36mtflops: 0.08  [35mmfu: 0.03%[39m
[titan] 2026-09-13 19:29:53,001 - root - INFO - [31mstep: 53  [32mloss: -1.00000  [38;2;180;60;0mgrad_norm:  3.5312  [38;2;54;234;195mmemory:  1.71GiB(11.02%)  [34mtps: 24  [36mtflops: 0.08  [35mmfu: 0.03%[39m
[titan] 2026-09-13 19:29:53,001 - root - INFO - [31mstep: 53  [32mloss: -1.00000  [38;2;180;60;0mgrad_norm:  3.5312  [38;2;54;234;195mmemory:  1.70GiB(11.00%)  [34mtps: 24  [36mtflops: 0.08  [35mmfu: 0.03%[39m
REPR 53 rank1 loss -1.00000000000000000e+00 gn 3.53125000000000000e+00
[titan] 2026-09-13 19:29:53,003 - root - INFO - [31mstep: 53  [32mloss: -1.00000  [38;2;180;60;0mgrad_norm:  3.5312  [38;2;54;234;195mmemory:  2.07GiB(13.40%)  [34mtps: 24  [36mtflops: 0.08  [35mmfu: 0.03%[39m
REPR 53 rank7 loss 3.60531949996948242e+00 gn 3.53125000000000000e+00
[titan] 2026-09-13 19:29:53,006 - root - INFO - [31mstep: 53  [32mloss:  3.60532  [38;2;180;60;0mgrad_norm:  3.5312  [38;2;54;234;195mmemory:  5.93GiB(38.31%)  [34mtps: 24  [36mtflops: 0.08  [35mmfu: 0.03%[39m
REPR 53 rank0 loss -1.00000000000000000e+00 gn 3.53125000000000000e+00
[titan] 2026-09-13 19:29:53,007 - root - INFO - [31mstep: 53  [32mloss: -1.00000  [38;2;180;60;0mgrad_norm:  3.5312  [38;2;54;234;195mmemory:  5.28GiB(34.14%)  [34mtps: 24  [36mtflops: 0.08  [35mmfu: 0.03%[39m
REPR 54 rank2 loss -1.00000000000000000e+00 gn 4.18750000000000000e+00REPR 54 rank6 loss -1.00000000000000000e+00 gn 4.18750000000000000e+00

[titan] 2026-09-13 19:29:54,300 - root - INFO - [31mstep: 54  [32mloss: -1.00000  [38;2;180;60;0mgrad_norm:  4.1875  [38;2;54;234;195mmemory:  1.64GiB(10.59%)  [34mtps: 25  [36mtflops: 0.09  [35mmfu: 0.03%[39m
[titan] 2026-09-13 19:29:54,300 - root - INFO - [31mstep: 54  [32mloss: -1.00000  [38;2;180;60;0mgrad_norm:  4.1875  [38;2;54;234;195mmemory:  1.64GiB(10.59%)  [34mtps: 25  [36mtflops: 0.09  [35mmfu: 0.03%[39m
REPR 54 rank3 loss -1.00000000000000000e+00 gn 4.18750000000000000e+00
REPR 54 rank5 loss -1.00000000000000000e+00 gn 4.18750000000000000e+00
REPR 54 rank4 loss -1.00000000000000000e+00 gn 4.18750000000000000e+00
[titan] 2026-09-13 19:29:54,301 - root - INFO - [31mstep: 54  [32mloss: -1.00000  [38;2;180;60;0mgrad_norm:  4.1875  [38;2;54;234;195mmemory:  1.71GiB(11.02%)  [34mtps: 25  [36mtflops: 0.09  [35mmfu: 0.03%[39m
[titan] 2026-09-13 19:29:54,301 - root - INFO - [31mstep: 54  [32mloss: -1.00000  [38;2;180;60;0mgrad_norm:  4.1875  [38;2;54;234;195mmemory:  1.70GiB(11.00%)  [34mtps: 25  [36mtflops: 0.09  [35mmfu: 0.03%[39m
[titan] 2026-09-13 19:29:54,301 - root - INFO - [31mstep: 54  [32mloss: -1.00000  [38;2;180;60;0mgrad_norm:  4.1875  [38;2;54;234;195mmemory:  1.71GiB(11.08%)  [34mtps: 25  [36mtflops: 0.09  [35mmfu: 0.03%[39m
REPR 54 rank1 loss -1.00000000000000000e+00 gn 4.18750000000000000e+00
[titan] 2026-09-13 19:29:54,302 - root - INFO - [31mstep: 54  [32mloss: -1.00000  [38;2;180;60;0mgrad_norm:  4.1875  [38;2;54;234;195mmemory:  2.07GiB(13.40%)  [34mtps: 25  [36mtflops: 0.09  [35mmfu: 0.03%[39m
REPR 54 rank7 loss 3.56932878494262695e+00 gn 4.18750000000000000e+00
[titan] 2026-09-13 19:29:54,306 - root - INFO - [31mstep: 54  [32mloss:  3.56933  [38;2;180;60;0mgrad_norm:  4.1875  [38;2;54;234;195mmemory:  5.93GiB(38.31%)  [34mtps: 25  [36mtflops: 0.09  [35mmfu: 0.03%[39m
REPR 54 rank0 loss -1.00000000000000000e+00 gn 4.18750000000000000e+00
[titan] 2026-09-13 19:29:54,306 - root - INFO - [31mstep: 54  [32mloss: -1.00000  [38;2;180;60;0mgrad_norm:  4.1875  [38;2;54;234;195mmemory:  5.28GiB(34.14%)  [34mtps: 25  [36mtflops: 0.09  [35mmfu: 0.03%[39m
REPR 55 rank2 loss -1.00000000000000000e+00 gn 3.53125000000000000e+00REPR 55 rank6 loss -1.00000000000000000e+00 gn 3.53125000000000000e+00

REPR 55 rank4 loss -1.00000000000000000e+00 gn 3.53125000000000000e+00
[titan] 2026-09-13 19:29:55,626 - root - INFO - [31mstep: 55  [32mloss: -1.00000  [38;2;180;60;0mgrad_norm:  3.5312  [38;2;54;234;195mmemory:  1.64GiB(10.59%)  [34mtps: 24  [36mtflops: 0.08  [35mmfu: 0.03%[39m
[titan] 2026-09-13 19:29:55,626 - root - INFO - [31mstep: 55  [32mloss: -1.00000  [38;2;180;60;0mgrad_norm:  3.5312  [38;2;54;234;195mmemory:  1.64GiB(10.59%)  [34mtps: 24  [36mtflops: 0.08  [35mmfu: 0.03%[39m
REPR 55 rank3 loss -1.00000000000000000e+00 gn 3.53125000000000000e+00
REPR 55 rank5 loss -1.00000000000000000e+00 gn 3.53125000000000000e+00
[titan] 2026-09-13 19:29:55,626 - root - INFO - [31mstep: 55  [32mloss: -1.00000  [38;2;180;60;0mgrad_norm:  3.5312  [38;2;54;234;195mmemory:  1.71GiB(11.08%)  [34mtps: 24  [36mtflops: 0.08  [35mmfu: 0.03%[39m
[titan] 2026-09-13 19:29:55,626 - root - INFO - [31mstep: 55  [32mloss: -1.00000  [38;2;180;60;0mgrad_norm:  3.5312  [38;2;54;234;195mmemory:  1.71GiB(11.02%)  [34mtps: 24  [36mtflops: 0.08  [35mmfu: 0.03%[39m
[titan] 2026-09-13 19:29:55,626 - root - INFO - [31mstep: 55  [32mloss: -1.00000  [38;2;180;60;0mgrad_norm:  3.5312  [38;2;54;234;195mmemory:  1.70GiB(11.00%)  [34mtps: 24  [36mtflops: 0.08  [35mmfu: 0.03%[39m
REPR 55 rank1 loss -1.00000000000000000e+00 gn 3.53125000000000000e+00
[titan] 2026-09-13 19:29:55,628 - root - INFO - [31mstep: 55  [32mloss: -1.00000  [38;2;180;60;0mgrad_norm:  3.5312  [38;2;54;234;195mmemory:  2.07GiB(13.40%)  [34mtps: 24  [36mtflops: 0.08  [35mmfu: 0.03%[39m
REPR 55 rank7 loss 3.36049103736877441e+00 gn 3.53125000000000000e+00
REPR 55 rank0 loss -1.00000000000000000e+00 gn 3.53125000000000000e+00
[titan] 2026-09-13 19:29:55,632 - root - INFO - [31mstep: 55  [32mloss:  3.36049  [38;2;180;60;0mgrad_norm:  3.5312  [38;2;54;234;195mmemory:  5.93GiB(38.31%)  [34mtps: 24  [36mtflops: 0.08  [35mmfu: 0.03%[39m
[titan] 2026-09-13 19:29:55,632 - root - INFO - [31mstep: 55  [32mloss: -1.00000  [38;2;180;60;0mgrad_norm:  3.5312  [38;2;54;234;195mmemory:  5.28GiB(34.14%)  [34mtps: 24  [36mtflops: 0.08  [35mmfu: 0.03%[39m
REPR 56 rank2 loss -1.00000000000000000e+00 gn 3.42187500000000000e+00REPR 56 rank6 loss -1.00000000000000000e+00 gn 3.42187500000000000e+00

REPR 56 rank4 loss -1.00000000000000000e+00 gn 3.42187500000000000e+00
[titan] 2026-09-13 19:29:56,944 - root - INFO - [31mstep: 56  [32mloss: -1.00000  [38;2;180;60;0mgrad_norm:  3.4219  [38;2;54;234;195mmemory:  1.64GiB(10.59%)  [34mtps: 24  [36mtflops: 0.08  [35mmfu: 0.03%[39m
[titan] 2026-09-13 19:29:56,944 - root - INFO - [31mstep: 56  [32mloss: -1.00000  [38;2;180;60;0mgrad_norm:  3.4219  [38;2;54;234;195mmemory:  1.64GiB(10.59%)  [34mtps: 24  [36mtflops: 0.08  [35mmfu: 0.03%[39m
REPR 56 rank3 loss -1.00000000000000000e+00 gn 3.42187500000000000e+00
[titan] 2026-09-13 19:29:56,944 - root - INFO - [31mstep: 56  [32mloss: -1.00000  [38;2;180;60;0mgrad_norm:  3.4219  [38;2;54;234;195mmemory:  1.71GiB(11.08%)  [34mtps: 24  [36mtflops: 0.08  [35mmfu: 0.03%[39m
REPR 56 rank5 loss -1.00000000000000000e+00 gn 3.42187500000000000e+00
[titan] 2026-09-13 19:29:56,944 - root - INFO - [31mstep: 56  [32mloss: -1.00000  [38;2;180;60;0mgrad_norm:  3.4219  [38;2;54;234;195mmemory:  1.71GiB(11.02%)  [34mtps: 24  [36mtflops: 0.08  [35mmfu: 0.03%[39m
[titan] 2026-09-13 19:29:56,944 - root - INFO - [31mstep: 56  [32mloss: -1.00000  [38;2;180;60;0mgrad_norm:  3.4219  [38;2;54;234;195mmemory:  1.70GiB(11.00%)  [34mtps: 24  [36mtflops: 0.08  [35mmfu: 0.03%[39m
REPR 56 rank1 loss -1.00000000000000000e+00 gn 3.42187500000000000e+00
[titan] 2026-09-13 19:29:56,946 - root - INFO - [31mstep: 56  [32mloss: -1.00000  [38;2;180;60;0mgrad_norm:  3.4219  [38;2;54;234;195mmemory:  2.07GiB(13.40%)  [34mtps: 24  [36mtflops: 0.08  [35mmfu: 0.03%[39m
REPR 56 rank7 loss 2.83136987686157227e+00 gn 3.42187500000000000e+00
[titan] 2026-09-13 19:29:56,949 - root - INFO - [31mstep: 56  [32mloss:  2.83137  [38;2;180;60;0mgrad_norm:  3.4219  [38;2;54;234;195mmemory:  5.93GiB(38.31%)  [34mtps: 24  [36mtflops: 0.08  [35mmfu: 0.03%[39m
REPR 56 rank0 loss -1.00000000000000000e+00 gn 3.42187500000000000e+00
[titan] 2026-09-13 19:29:56,950 - root - INFO - [31mstep: 56  [32mloss: -1.00000  [38;2;180;60;0mgrad_norm:  3.4219  [38;2;54;234;195mmemory:  5.28GiB(34.14%)  [34mtps: 24  [36mtflops: 0.08  [35mmfu: 0.03%[39m
REPR 57 rank2 loss -1.00000000000000000e+00 gn 3.35937500000000000e+00
[titan] 2026-09-13 19:29:58,290 - root - INFO - [31mstep: 57  [32mloss: -1.00000  [38;2;180;60;0mgrad_norm:  3.3594  [38;2;54;234;195mmemory:  1.64GiB(10.59%)  [34mtps: 24  [36mtflops: 0.08  [35mmfu: 0.03%[39m
REPR 57 rank6 loss -1.00000000000000000e+00 gn 3.35937500000000000e+00
REPR 57 rank4 loss -1.00000000000000000e+00 gn 3.35937500000000000e+00
[titan] 2026-09-13 19:29:58,290 - root - INFO - [31mstep: 57  [32mloss: -1.00000  [38;2;180;60;0mgrad_norm:  3.3594  [38;2;54;234;195mmemory:  1.64GiB(10.59%)  [34mtps: 24  [36mtflops: 0.08  [35mmfu: 0.03%[39m
REPR 57 rank3 loss -1.00000000000000000e+00 gn 3.35937500000000000e+00
REPR 57 rank5 loss -1.00000000000000000e+00 gn 3.35937500000000000e+00
[titan] 2026-09-13 19:29:58,290 - root - INFO - [31mstep: 57  [32mloss: -1.00000  [38;2;180;60;0mgrad_norm:  3.3594  [38;2;54;234;195mmemory:  1.71GiB(11.08%)  [34mtps: 24  [36mtflops: 0.08  [35mmfu: 0.03%[39m
[titan] 2026-09-13 19:29:58,290 - root - INFO - [31mstep: 57  [32mloss: -1.00000  [38;2;180;60;0mgrad_norm:  3.3594  [38;2;54;234;195mmemory:  1.71GiB(11.02%)  [34mtps: 24  [36mtflops: 0.08  [35mmfu: 0.03%[39m
[titan] 2026-09-13 19:29:58,290 - root - INFO - [31mstep: 57  [32mloss: -1.00000  [38;2;180;60;0mgrad_norm:  3.3594  [38;2;54;234;195mmemory:  1.70GiB(11.00%)  [34mtps: 24  [36mtflops: 0.08  [35mmfu: 0.03%[39m
REPR 57 rank1 loss -1.00000000000000000e+00 gn 3.35937500000000000e+00
[titan] 2026-09-13 19:29:58,291 - root - INFO - [31mstep: 57  [32mloss: -1.00000  [38;2;180;60;0mgrad_norm:  3.3594  [38;2;54;234;195mmemory:  2.07GiB(13.40%)  [34mtps: 24  [36mtflops: 0.08  [35mmfu: 0.03%[39m
REPR 57 rank7 loss 2.80716896057128906e+00 gn 3.35937500000000000e+00
[titan] 2026-09-13 19:29:58,295 - root - INFO - [31mstep: 57  [32mloss:  2.80717  [38;2;180;60;0mgrad_norm:  3.3594  [38;2;54;234;195mmemory:  5.93GiB(38.31%)  [34mtps: 24  [36mtflops: 0.08  [35mmfu: 0.03%[39m
REPR 57 rank0 loss -1.00000000000000000e+00 gn 3.35937500000000000e+00
[titan] 2026-09-13 19:29:58,296 - root - INFO - [31mstep: 57  [32mloss: -1.00000  [38;2;180;60;0mgrad_norm:  3.3594  [38;2;54;234;195mmemory:  5.28GiB(34.14%)  [34mtps: 24  [36mtflops: 0.08  [35mmfu: 0.03%[39m
REPR 58 rank2 loss -1.00000000000000000e+00 gn 3.17187500000000000e+00REPR 58 rank6 loss -1.00000000000000000e+00 gn 3.17187500000000000e+00

[titan] 2026-09-13 19:29:59,599 - root - INFO - [31mstep: 58  [32mloss: -1.00000  [38;2;180;60;0mgrad_norm:  3.1719  [38;2;54;234;195mmemory:  1.64GiB(10.59%)  [34mtps: 24  [36mtflops: 0.09  [35mmfu: 0.03%[39m
[titan] 2026-09-13 19:29:59,599 - root - INFO - [31mstep: 58  [32mloss: -1.00000  [38;2;180;60;0mgrad_norm:  3.1719  [38;2;54;234;195mmemory:  1.64GiB(10.59%)  [34mtps: 24  [36mtflops: 0.09  [35mmfu: 0.03%[39m
REPR 58 rank3 loss -1.00000000000000000e+00 gn 3.17187500000000000e+00
REPR 58 rank5 loss -1.00000000000000000e+00 gn 3.17187500000000000e+00
REPR 58 rank4 loss -1.00000000000000000e+00 gn 3.17187500000000000e+00
[titan] 2026-09-13 19:29:59,600 - root - INFO - [31mstep: 58  [32mloss: -1.00000  [38;2;180;60;0mgrad_norm:  3.1719  [38;2;54;234;195mmemory:  1.70GiB(11.00%)  [34mtps: 24  [36mtflops: 0.09  [35mmfu: 0.03%[39m
[titan] 2026-09-13 19:29:59,600 - root - INFO - [31mstep: 58  [32mloss: -1.00000  [38;2;180;60;0mgrad_norm:  3.1719  [38;2;54;234;195mmemory:  1.71GiB(11.02%)  [34mtps: 24  [36mtflops: 0.09  [35mmfu: 0.03%[39m
[titan] 2026-09-13 19:29:59,600 - root - INFO - [31mstep: 58  [32mloss: -1.00000  [38;2;180;60;0mgrad_norm:  3.1719  [38;2;54;234;195mmemory:  1.71GiB(11.08%)  [34mtps: 24  [36mtflops: 0.09  [35mmfu: 0.03%[39m
REPR 58 rank1 loss -1.00000000000000000e+00 gn 3.17187500000000000e+00
[titan] 2026-09-13 19:29:59,601 - root - INFO - [31mstep: 58  [32mloss: -1.00000  [38;2;180;60;0mgrad_norm:  3.1719  [38;2;54;234;195mmemory:  2.07GiB(13.40%)  [34mtps: 24  [36mtflops: 0.09  [35mmfu: 0.03%[39m
REPR 58 rank7 loss 2.80812740325927734e+00 gn 3.17187500000000000e+00
[titan] 2026-09-13 19:29:59,605 - root - INFO - [31mstep: 58  [32mloss:  2.80813  [38;2;180;60;0mgrad_norm:  3.1719  [38;2;54;234;195mmemory:  5.93GiB(38.31%)  [34mtps: 24  [36mtflops: 0.09  [35mmfu: 0.03%[39m
REPR 58 rank0 loss -1.00000000000000000e+00 gn 3.17187500000000000e+00
[titan] 2026-09-13 19:29:59,605 - root - INFO - [31mstep: 58  [32mloss: -1.00000  [38;2;180;60;0mgrad_norm:  3.1719  [38;2;54;234;195mmemory:  5.28GiB(34.14%)  [34mtps: 24  [36mtflops: 0.09  [35mmfu: 0.03%[39m
REPR 59 rank2 loss -1.00000000000000000e+00 gn 2.90625000000000000e+00REPR 59 rank6 loss -1.00000000000000000e+00 gn 2.90625000000000000e+00

REPR 59 rank4 loss -1.00000000000000000e+00 gn 2.90625000000000000e+00
[titan] 2026-09-13 19:30:00,903 - root - INFO - [31mstep: 59  [32mloss: -1.00000  [38;2;180;60;0mgrad_norm:  2.9062  [38;2;54;234;195mmemory:  1.64GiB(10.59%)  [34mtps: 25  [36mtflops: 0.09  [35mmfu: 0.03%[39m
[titan] 2026-09-13 19:30:00,903 - root - INFO - [31mstep: 59  [32mloss: -1.00000  [38;2;180;60;0mgrad_norm:  2.9062  [38;2;54;234;195mmemory:  1.64GiB(10.59%)  [34mtps: 25  [36mtflops: 0.09  [35mmfu: 0.03%[39m
REPR 59 rank5 loss -1.00000000000000000e+00 gn 2.90625000000000000e+00
[titan] 2026-09-13 19:30:00,903 - root - INFO - [31mstep: 59  [32mloss: -1.00000  [38;2;180;60;0mgrad_norm:  2.9062  [38;2;54;234;195mmemory:  1.71GiB(11.08%)  [34mtps: 25  [36mtflops: 0.09  [35mmfu: 0.03%[39m
REPR 59 rank3 loss -1.00000000000000000e+00 gn 2.90625000000000000e+00
[titan] 2026-09-13 19:30:00,903 - root - INFO - [31mstep: 59  [32mloss: -1.00000  [38;2;180;60;0mgrad_norm:  2.9062  [38;2;54;234;195mmemory:  1.70GiB(11.00%)  [34mtps: 25  [36mtflops: 0.09  [35mmfu: 0.03%[39m
[titan] 2026-09-13 19:30:00,903 - root - INFO - [31mstep: 59  [32mloss: -1.00000  [38;2;180;60;0mgrad_norm:  2.9062  [38;2;54;234;195mmemory:  1.71GiB(11.02%)  [34mtps: 25  [36mtflops: 0.09  [35mmfu: 0.03%[39m
REPR 59 rank1 loss -1.00000000000000000e+00 gn 2.90625000000000000e+00
[titan] 2026-09-13 19:30:00,905 - root - INFO - [31mstep: 59  [32mloss: -1.00000  [38;2;180;60;0mgrad_norm:  2.9062  [38;2;54;234;195mmemory:  2.07GiB(13.40%)  [34mtps: 25  [36mtflops: 0.09  [35mmfu: 0.03%[39m
REPR 59 rank7 loss 2.96650266647338867e+00 gn 2.90625000000000000e+00
[titan] 2026-09-13 19:30:00,908 - root - INFO - [31mstep: 59  [32mloss:  2.96650  [38;2;180;60;0mgrad_norm:  2.9062  [38;2;54;234;195mmemory:  5.93GiB(38.31%)  [34mtps: 25  [36mtflops: 0.09  [35mmfu: 0.03%[39m
REPR 59 rank0 loss -1.00000000000000000e+00 gn 2.90625000000000000e+00
[titan] 2026-09-13 19:30:00,909 - root - INFO - [31mstep: 59  [32mloss: -1.00000  [38;2;180;60;0mgrad_norm:  2.9062  [38;2;54;234;195mmemory:  5.28GiB(34.14%)  [34mtps: 25  [36mtflops: 0.09  [35mmfu: 0.03%[39m
REPR 60 rank2 loss -1.00000000000000000e+00 gn 2.62500000000000000e+00
REPR 60 rank6 loss -1.00000000000000000e+00 gn 2.62500000000000000e+00
[titan] 2026-09-13 19:30:02,225 - root - INFO - [31mstep: 60  [32mloss: -1.00000  [38;2;180;60;0mgrad_norm:  2.6250  [38;2;54;234;195mmemory:  1.64GiB(10.59%)  [34mtps: 24  [36mtflops: 0.08  [35mmfu: 0.03%[39m
[titan] 2026-09-13 19:30:02,226 - root - INFO - [31mstep: 60  [32mloss: -1.00000  [38;2;180;60;0mgrad_norm:  2.6250  [38;2;54;234;195mmemory:  1.64GiB(10.59%)  [34mtps: 24  [36mtflops: 0.08  [35mmfu: 0.03%[39m
REPR 60 rank4 loss -1.00000000000000000e+00 gn 2.62500000000000000e+00
REPR 60 rank3 loss -1.00000000000000000e+00 gn 2.62500000000000000e+00
REPR 60 rank5 loss -1.00000000000000000e+00 gn 2.62500000000000000e+00
[titan] 2026-09-13 19:30:02,226 - root - INFO - [31mstep: 60  [32mloss: -1.00000  [38;2;180;60;0mgrad_norm:  2.6250  [38;2;54;234;195mmemory:  1.71GiB(11.08%)  [34mtps: 24  [36mtflops: 0.08  [35mmfu: 0.03%[39m
[titan] 2026-09-13 19:30:02,226 - root - INFO - [31mstep: 60  [32mloss: -1.00000  [38;2;180;60;0mgrad_norm:  2.6250  [38;2;54;234;195mmemory:  1.71GiB(11.02%)  [34mtps: 24  [36mtflops: 0.08  [35mmfu: 0.03%[39m
[titan] 2026-09-13 19:30:02,226 - root - INFO - [31mstep: 60  [32mloss: -1.00000  [38;2;180;60;0mgrad_norm:  2.6250  [38;2;54;234;195mmemory:  1.70GiB(11.00%)  [34mtps: 24  [36mtflops: 0.08  [35mmfu: 0.03%[39m
REPR 60 rank1 loss -1.00000000000000000e+00 gn 2.62500000000000000e+00
[titan] 2026-09-13 19:30:02,227 - root - INFO - [31mstep: 60  [32mloss: -1.00000  [38;2;180;60;0mgrad_norm:  2.6250  [38;2;54;234;195mmemory:  2.07GiB(13.40%)  [34mtps: 24  [36mtflops: 0.08  [35mmfu: 0.03%[39m
REPR 60 rank7 loss 2.95801854133605957e+00 gn 2.62500000000000000e+00
[titan] 2026-09-13 19:30:02,231 - root - INFO - [31mstep: 60  [32mloss:  2.95802  [38;2;180;60;0mgrad_norm:  2.6250  [38;2;54;234;195mmemory:  5.93GiB(38.31%)  [34mtps: 24  [36mtflops: 0.08  [35mmfu: 0.03%[39m
REPR 60 rank0 loss -1.00000000000000000e+00 gn 2.62500000000000000e+00
[titan] 2026-09-13 19:30:02,232 - root - INFO - [31mstep: 60  [32mloss: -1.00000  [38;2;180;60;0mgrad_norm:  2.6250  [38;2;54;234;195mmemory:  5.28GiB(34.14%)  [34mtps: 24  [36mtflops: 0.08  [35mmfu: 0.03%[39m
REPR 61 rank2 loss -1.00000000000000000e+00 gn 2.46875000000000000e+00REPR 61 rank6 loss -1.00000000000000000e+00 gn 2.46875000000000000e+00

REPR 61 rank4 loss -1.00000000000000000e+00 gn 2.46875000000000000e+00
[titan] 2026-09-13 19:30:03,555 - root - INFO - [31mstep: 61  [32mloss: -1.00000  [38;2;180;60;0mgrad_norm:  2.4688  [38;2;54;234;195mmemory:  1.64GiB(10.59%)  [34mtps: 24  [36mtflops: 0.08  [35mmfu: 0.03%[39m
[titan] 2026-09-13 19:30:03,555 - root - INFO - [31mstep: 61  [32mloss: -1.00000  [38;2;180;60;0mgrad_norm:  2.4688  [38;2;54;234;195mmemory:  1.64GiB(10.59%)  [34mtps: 24  [36mtflops: 0.08  [35mmfu: 0.03%[39m
REPR 61 rank3 loss -1.00000000000000000e+00 gn 2.46875000000000000e+00
REPR 61 rank5 loss -1.00000000000000000e+00 gn 2.46875000000000000e+00
[titan] 2026-09-13 19:30:03,555 - root - INFO - [31mstep: 61  [32mloss: -1.00000  [38;2;180;60;0mgrad_norm:  2.4688  [38;2;54;234;195mmemory:  1.71GiB(11.08%)  [34mtps: 24  [36mtflops: 0.08  [35mmfu: 0.03%[39m
[titan] 2026-09-13 19:30:03,555 - root - INFO - [31mstep: 61  [32mloss: -1.00000  [38;2;180;60;0mgrad_norm:  2.4688  [38;2;54;234;195mmemory:  1.71GiB(11.02%)  [34mtps: 24  [36mtflops: 0.08  [35mmfu: 0.03%[39m
[titan] 2026-09-13 19:30:03,555 - root - INFO - [31mstep: 61  [32mloss: -1.00000  [38;2;180;60;0mgrad_norm:  2.4688  [38;2;54;234;195mmemory:  1.70GiB(11.00%)  [34mtps: 24  [36mtflops: 0.08  [35mmfu: 0.03%[39m
REPR 61 rank1 loss -1.00000000000000000e+00 gn 2.46875000000000000e+00
[titan] 2026-09-13 19:30:03,557 - root - INFO - [31mstep: 61  [32mloss: -1.00000  [38;2;180;60;0mgrad_norm:  2.4688  [38;2;54;234;195mmemory:  2.07GiB(13.40%)  [34mtps: 24  [36mtflops: 0.08  [35mmfu: 0.03%[39m
REPR 61 rank7 loss 2.74862432479858398e+00 gn 2.46875000000000000e+00
[titan] 2026-09-13 19:30:03,560 - root - INFO - [31mstep: 61  [32mloss:  2.74862  [38;2;180;60;0mgrad_norm:  2.4688  [38;2;54;234;195mmemory:  5.93GiB(38.31%)  [34mtps: 24  [36mtflops: 0.08  [35mmfu: 0.03%[39m
REPR 61 rank0 loss -1.00000000000000000e+00 gn 2.46875000000000000e+00
[titan] 2026-09-13 19:30:03,561 - root - INFO - [31mstep: 61  [32mloss: -1.00000  [38;2;180;60;0mgrad_norm:  2.4688  [38;2;54;234;195mmemory:  5.28GiB(34.14%)  [34mtps: 24  [36mtflops: 0.08  [35mmfu: 0.03%[39m
REPR 62 rank6 loss -1.00000000000000000e+00 gn 3.07812500000000000e+00
REPR 62 rank2 loss -1.00000000000000000e+00 gn 3.07812500000000000e+00
REPR 62 rank4 loss -1.00000000000000000e+00 gn 3.07812500000000000e+00
[titan] 2026-09-13 19:30:04,861 - root - INFO - [31mstep: 62  [32mloss: -1.00000  [38;2;180;60;0mgrad_norm:  3.0781  [38;2;54;234;195mmemory:  1.64GiB(10.59%)  [34mtps: 24  [36mtflops: 0.09  [35mmfu: 0.03%[39m
[titan] 2026-09-13 19:30:04,861 - root - INFO - [31mstep: 62  [32mloss: -1.00000  [38;2;180;60;0mgrad_norm:  3.0781  [38;2;54;234;195mmemory:  1.64GiB(10.59%)  [34mtps: 24  [36mtflops: 0.09  [35mmfu: 0.03%[39m
REPR 62 rank3 loss -1.00000000000000000e+00 gn 3.07812500000000000e+00
REPR 62 rank5 loss -1.00000000000000000e+00 gn 3.07812500000000000e+00
[titan] 2026-09-13 19:30:04,862 - root - INFO - [31mstep: 62  [32mloss: -1.00000  [38;2;180;60;0mgrad_norm:  3.0781  [38;2;54;234;195mmemory:  1.71GiB(11.08%)  [34mtps: 24  [36mtflops: 0.09  [35mmfu: 0.03%[39m
[titan] 2026-09-13 19:30:04,862 - root - INFO - [31mstep: 62  [32mloss: -1.00000  [38;2;180;60;0mgrad_norm:  3.0781  [38;2;54;234;195mmemory:  1.71GiB(11.02%)  [34mtps: 24  [36mtflops: 0.09  [35mmfu: 0.03%[39m
[titan] 2026-09-13 19:30:04,862 - root - INFO - [31mstep: 62  [32mloss: -1.00000  [38;2;180;60;0mgrad_norm:  3.0781  [38;2;54;234;195mmemory:  1.70GiB(11.00%)  [34mtps: 24  [36mtflops: 0.09  [35mmfu: 0.03%[39m
REPR 62 rank1 loss -1.00000000000000000e+00 gn 3.07812500000000000e+00
[titan] 2026-09-13 19:30:04,863 - root - INFO - [31mstep: 62  [32mloss: -1.00000  [38;2;180;60;0mgrad_norm:  3.0781  [38;2;54;234;195mmemory:  2.07GiB(13.40%)  [34mtps: 24  [36mtflops: 0.09  [35mmfu: 0.03%[39m
REPR 62 rank7 loss 3.01365542411804199e+00 gn 3.07812500000000000e+00
[titan] 2026-09-13 19:30:04,867 - root - INFO - [31mstep: 62  [32mloss:  3.01366  [38;2;180;60;0mgrad_norm:  3.0781  [38;2;54;234;195mmemory:  5.93GiB(38.31%)  [34mtps: 24  [36mtflops: 0.09  [35mmfu: 0.03%[39m
REPR 62 rank0 loss -1.00000000000000000e+00 gn 3.07812500000000000e+00
[titan] 2026-09-13 19:30:04,868 - root - INFO - [31mstep: 62  [32mloss: -1.00000  [38;2;180;60;0mgrad_norm:  3.0781  [38;2;54;234;195mmemory:  5.28GiB(34.14%)  [34mtps: 24  [36mtflops: 0.09  [35mmfu: 0.03%[39m
REPR 63 rank2 loss -1.00000000000000000e+00 gn 3.23437500000000000e+00
REPR 63 rank6 loss -1.00000000000000000e+00 gn 3.23437500000000000e+00
REPR 63 rank4 loss -1.00000000000000000e+00 gn 3.23437500000000000e+00[titan] 2026-09-13 19:30:06,183 - root - INFO - [31mstep: 63  [32mloss: -1.00000  [38;2;180;60;0mgrad_norm:  3.2344  [38;2;54;234;195mmemory:  1.64GiB(10.59%)  [34mtps: 24  [36mtflops: 0.08  [35mmfu: 0.03%[39m

[titan] 2026-09-13 19:30:06,183 - root - INFO - [31mstep: 63  [32mloss: -1.00000  [38;2;180;60;0mgrad_norm:  3.2344  [38;2;54;234;195mmemory:  1.64GiB(10.59%)  [34mtps: 24  [36mtflops: 0.08  [35mmfu: 0.03%[39m
REPR 63 rank3 loss -1.00000000000000000e+00 gn 3.23437500000000000e+00
[titan] 2026-09-13 19:30:06,183 - root - INFO - [31mstep: 63  [32mloss: -1.00000  [38;2;180;60;0mgrad_norm:  3.2344  [38;2;54;234;195mmemory:  1.71GiB(11.08%)  [34mtps: 24  [36mtflops: 0.08  [35mmfu: 0.03%[39m
REPR 63 rank5 loss -1.00000000000000000e+00 gn 3.23437500000000000e+00
[titan] 2026-09-13 19:30:06,184 - root - INFO - [31mstep: 63  [32mloss: -1.00000  [38;2;180;60;0mgrad_norm:  3.2344  [38;2;54;234;195mmemory:  1.71GiB(11.02%)  [34mtps: 24  [36mtflops: 0.08  [35mmfu: 0.03%[39m
[titan] 2026-09-13 19:30:06,184 - root - INFO - [31mstep: 63  [32mloss: -1.00000  [38;2;180;60;0mgrad_norm:  3.2344  [38;2;54;234;195mmemory:  1.70GiB(11.00%)  [34mtps: 24  [36mtflops: 0.08  [35mmfu: 0.03%[39m
REPR 63 rank1 loss -1.00000000000000000e+00 gn 3.23437500000000000e+00
[titan] 2026-09-13 19:30:06,185 - root - INFO - [31mstep: 63  [32mloss: -1.00000  [38;2;180;60;0mgrad_norm:  3.2344  [38;2;54;234;195mmemory:  2.07GiB(13.40%)  [34mtps: 24  [36mtflops: 0.08  [35mmfu: 0.03%[39m
REPR 63 rank7 loss 2.99438333511352539e+00 gn 3.23437500000000000e+00
[titan] 2026-09-13 19:30:06,188 - root - INFO - [31mstep: 63  [32mloss:  2.99438  [38;2;180;60;0mgrad_norm:  3.2344  [38;2;54;234;195mmemory:  5.93GiB(38.31%)  [34mtps: 24  [36mtflops: 0.08  [35mmfu: 0.03%[39m
REPR 63 rank0 loss -1.00000000000000000e+00 gn 3.23437500000000000e+00
[titan] 2026-09-13 19:30:06,189 - root - INFO - [31mstep: 63  [32mloss: -1.00000  [38;2;180;60;0mgrad_norm:  3.2344  [38;2;54;234;195mmemory:  5.28GiB(34.14%)  [34mtps: 24  [36mtflops: 0.08  [35mmfu: 0.03%[39m
REPR 64 rank2 loss -1.00000000000000000e+00 gn 1.82031250000000000e+00
REPR 64 rank6 loss -1.00000000000000000e+00 gn 1.82031250000000000e+00
REPR 64 rank4 loss -1.00000000000000000e+00 gn 1.82031250000000000e+00
[titan] 2026-09-13 19:30:07,493 - root - INFO - [31mstep: 64  [32mloss: -1.00000  [38;2;180;60;0mgrad_norm:  1.8203  [38;2;54;234;195mmemory:  1.64GiB(10.59%)  [34mtps: 24  [36mtflops: 0.09  [35mmfu: 0.03%[39m
[titan] 2026-09-13 19:30:07,493 - root - INFO - [31mstep: 64  [32mloss: -1.00000  [38;2;180;60;0mgrad_norm:  1.8203  [38;2;54;234;195mmemory:  1.64GiB(10.59%)  [34mtps: 24  [36mtflops: 0.09  [35mmfu: 0.03%[39m
REPR 64 rank3 loss -1.00000000000000000e+00 gn 1.82031250000000000e+00
REPR 64 rank5 loss -1.00000000000000000e+00 gn 1.82031250000000000e+00
[titan] 2026-09-13 19:30:07,493 - root - INFO - [31mstep: 64  [32mloss: -1.00000  [38;2;180;60;0mgrad_norm:  1.8203  [38;2;54;234;195mmemory:  1.71GiB(11.08%)  [34mtps: 24  [36mtflops: 0.09  [35mmfu: 0.03%[39m
[titan] 2026-09-13 19:30:07,494 - root - INFO - [31mstep: 64  [32mloss: -1.00000  [38;2;180;60;0mgrad_norm:  1.8203  [38;2;54;234;195mmemory:  1.71GiB(11.02%)  [34mtps: 24  [36mtflops: 0.09  [35mmfu: 0.03%[39m
[titan] 2026-09-13 19:30:07,494 - root - INFO - [31mstep: 64  [32mloss: -1.00000  [38;2;180;60;0mgrad_norm:  1.8203  [38;2;54;234;195mmemory:  1.70GiB(11.00%)  [34mtps: 24  [36mtflops: 0.09  [35mmfu: 0.03%[39m
REPR 64 rank1 loss -1.00000000000000000e+00 gn 1.82031250000000000e+00
[titan] 2026-09-13 19:30:07,495 - root - INFO - [31mstep: 64  [32mloss: -1.00000  [38;2;180;60;0mgrad_norm:  1.8203  [38;2;54;234;195mmemory:  2.07GiB(13.40%)  [34mtps: 24  [36mtflops: 0.09  [35mmfu: 0.03%[39m
REPR 64 rank7 loss 2.70285367965698242e+00 gn 1.82031250000000000e+00
REPR 64 rank0 loss -1.00000000000000000e+00 gn 1.82031250000000000e+00
[titan] 2026-09-13 19:30:07,499 - root - INFO - [31mstep: 64  [32mloss:  2.70285  [38;2;180;60;0mgrad_norm:  1.8203  [38;2;54;234;195mmemory:  5.93GiB(38.31%)  [34mtps: 24  [36mtflops: 0.09  [35mmfu: 0.03%[39m
[titan] 2026-09-13 19:30:07,499 - root - INFO - [31mstep: 64  [32mloss: -1.00000  [38;2;180;60;0mgrad_norm:  1.8203  [38;2;54;234;195mmemory:  5.28GiB(34.14%)  [34mtps: 24  [36mtflops: 0.09  [35mmfu: 0.03%[39m
REPR 65 rank2 loss -1.00000000000000000e+00 gn 2.82812500000000000e+00
REPR 65 rank6 loss -1.00000000000000000e+00 gn 2.82812500000000000e+00
REPR 65 rank4 loss -1.00000000000000000e+00 gn 2.82812500000000000e+00
[titan] 2026-09-13 19:30:08,765 - root - INFO - [31mstep: 65  [32mloss: -1.00000  [38;2;180;60;0mgrad_norm:  2.8281  [38;2;54;234;195mmemory:  1.64GiB(10.59%)  [34mtps: 25  [36mtflops: 0.09  [35mmfu: 0.03%[39m
[titan] 2026-09-13 19:30:08,765 - root - INFO - [31mstep: 65  [32mloss: -1.00000  [38;2;180;60;0mgrad_norm:  2.8281  [38;2;54;234;195mmemory:  1.64GiB(10.59%)  [34mtps: 25  [36mtflops: 0.09  [35mmfu: 0.03%[39m
REPR 65 rank3 loss -1.00000000000000000e+00 gn 2.82812500000000000e+00
REPR 65 rank5 loss -1.00000000000000000e+00 gn 2.82812500000000000e+00
[titan] 2026-09-13 19:30:08,765 - root - INFO - [31mstep: 65  [32mloss: -1.00000  [38;2;180;60;0mgrad_norm:  2.8281  [38;2;54;234;195mmemory:  1.71GiB(11.08%)  [34mtps: 25  [36mtflops: 0.09  [35mmfu: 0.03%[39m
[titan] 2026-09-13 19:30:08,765 - root - INFO - [31mstep: 65  [32mloss: -1.00000  [38;2;180;60;0mgrad_norm:  2.8281  [38;2;54;234;195mmemory:  1.71GiB(11.02%)  [34mtps: 25  [36mtflops: 0.09  [35mmfu: 0.03%[39m
[titan] 2026-09-13 19:30:08,765 - root - INFO - [31mstep: 65  [32mloss: -1.00000  [38;2;180;60;0mgrad_norm:  2.8281  [38;2;54;234;195mmemory:  1.70GiB(11.00%)  [34mtps: 25  [36mtflops: 0.09  [35mmfu: 0.03%[39m
REPR 65 rank1 loss -1.00000000000000000e+00 gn 2.82812500000000000e+00
[titan] 2026-09-13 19:30:08,767 - root - INFO - [31mstep: 65  [32mloss: -1.00000  [38;2;180;60;0mgrad_norm:  2.8281  [38;2;54;234;195mmemory:  2.07GiB(13.40%)  [34mtps: 25  [36mtflops: 0.09  [35mmfu: 0.03%[39m
REPR 65 rank7 loss 2.92736005783081055e+00 gn 2.82812500000000000e+00
[titan] 2026-09-13 19:30:08,770 - root - INFO - [31mstep: 65  [32mloss:  2.92736  [38;2;180;60;0mgrad_norm:  2.8281  [38;2;54;234;195mmemory:  5.93GiB(38.31%)  [34mtps: 25  [36mtflops: 0.09  [35mmfu: 0.03%[39m
REPR 65 rank0 loss -1.00000000000000000e+00 gn 2.82812500000000000e+00
[titan] 2026-09-13 19:30:08,771 - root - INFO - [31mstep: 65  [32mloss: -1.00000  [38;2;180;60;0mgrad_norm:  2.8281  [38;2;54;234;195mmemory:  5.28GiB(34.14%)  [34mtps: 25  [36mtflops: 0.09  [35mmfu: 0.03%[39m
REPR 66 rank6 loss -1.00000000000000000e+00 gn 2.65625000000000000e+00REPR 66 rank2 loss -1.00000000000000000e+00 gn 2.65625000000000000e+00

REPR 66 rank4 loss -1.00000000000000000e+00 gn 2.65625000000000000e+00
REPR 66 rank3 loss -1.00000000000000000e+00 gn 2.65625000000000000e+00
REPR 66 rank5 loss -1.00000000000000000e+00 gn 2.65625000000000000e+00
[titan] 2026-09-13 19:30:10,066 - root - INFO - [31mstep: 66  [32mloss: -1.00000  [38;2;180;60;0mgrad_norm:  2.6562  [38;2;54;234;195mmemory:  1.71GiB(11.08%)  [34mtps: 25  [36mtflops: 0.09  [35mmfu: 0.03%[39m
[titan] 2026-09-13 19:30:10,066 - root - INFO - [31mstep: 66  [32mloss: -1.00000  [38;2;180;60;0mgrad_norm:  2.6562  [38;2;54;234;195mmemory:  1.64GiB(10.59%)  [34mtps: 25  [36mtflops: 0.09  [35mmfu: 0.03%[39m
[titan] 2026-09-13 19:30:10,066 - root - INFO - [31mstep: 66  [32mloss: -1.00000  [38;2;180;60;0mgrad_norm:  2.6562  [38;2;54;234;195mmemory:  1.64GiB(10.59%)  [34mtps: 25  [36mtflops: 0.09  [35mmfu: 0.03%[39m
[titan] 2026-09-13 19:30:10,067 - root - INFO - [31mstep: 66  [32mloss: -1.00000  [38;2;180;60;0mgrad_norm:  2.6562  [38;2;54;234;195mmemory:  1.71GiB(11.02%)  [34mtps: 25  [36mtflops: 0.09  [35mmfu: 0.03%[39m
[titan] 2026-09-13 19:30:10,067 - root - INFO - [31mstep: 66  [32mloss: -1.00000  [38;2;180;60;0mgrad_norm:  2.6562  [38;2;54;234;195mmemory:  1.70GiB(11.00%)  [34mtps: 25  [36mtflops: 0.09  [35mmfu: 0.03%[39m
REPR 66 rank1 loss -1.00000000000000000e+00 gn 2.65625000000000000e+00
[titan] 2026-09-13 19:30:10,068 - root - INFO - [31mstep: 66  [32mloss: -1.00000  [38;2;180;60;0mgrad_norm:  2.6562  [38;2;54;234;195mmemory:  2.07GiB(13.40%)  [34mtps: 25  [36mtflops: 0.09  [35mmfu: 0.03%[39m
REPR 66 rank7 loss 2.98143863677978516e+00 gn 2.65625000000000000e+00
[titan] 2026-09-13 19:30:10,071 - root - INFO - [31mstep: 66  [32mloss:  2.98144  [38;2;180;60;0mgrad_norm:  2.6562  [38;2;54;234;195mmemory:  5.93GiB(38.31%)  [34mtps: 25  [36mtflops: 0.09  [35mmfu: 0.03%[39m
REPR 66 rank0 loss -1.00000000000000000e+00 gn 2.65625000000000000e+00
[titan] 2026-09-13 19:30:10,073 - root - INFO - [31mstep: 66  [32mloss: -1.00000  [38;2;180;60;0mgrad_norm:  2.6562  [38;2;54;234;195mmemory:  5.28GiB(34.14%)  [34mtps: 25  [36mtflops: 0.09  [35mmfu: 0.03%[39m
REPR 67 rank2 loss -1.00000000000000000e+00 gn 2.48437500000000000e+00
REPR 67 rank6 loss -1.00000000000000000e+00 gn 2.48437500000000000e+00
REPR 67 rank4 loss -1.00000000000000000e+00 gn 2.48437500000000000e+00
[titan] 2026-09-13 19:30:11,381 - root - INFO - [31mstep: 67  [32mloss: -1.00000  [38;2;180;60;0mgrad_norm:  2.4844  [38;2;54;234;195mmemory:  1.64GiB(10.59%)  [34mtps: 24  [36mtflops: 0.08  [35mmfu: 0.03%[39m
REPR 67 rank3 loss -1.00000000000000000e+00 gn 2.48437500000000000e+00
REPR 67 rank5 loss -1.00000000000000000e+00 gn 2.48437500000000000e+00
[titan] 2026-09-13 19:30:11,381 - root - INFO - [31mstep: 67  [32mloss: -1.00000  [38;2;180;60;0mgrad_norm:  2.4844  [38;2;54;234;195mmemory:  1.71GiB(11.08%)  [34mtps: 24  [36mtflops: 0.08  [35mmfu: 0.03%[39m
[titan] 2026-09-13 19:30:11,381 - root - INFO - [31mstep: 67  [32mloss: -1.00000  [38;2;180;60;0mgrad_norm:  2.4844  [38;2;54;234;195mmemory:  1.64GiB(10.59%)  [34mtps: 24  [36mtflops: 0.08  [35mmfu: 0.03%[39m
[titan] 2026-09-13 19:30:11,382 - root - INFO - [31mstep: 67  [32mloss: -1.00000  [38;2;180;60;0mgrad_norm:  2.4844  [38;2;54;234;195mmemory:  1.71GiB(11.02%)  [34mtps: 24  [36mtflops: 0.08  [35mmfu: 0.03%[39m
[titan] 2026-09-13 19:30:11,382 - root - INFO - [31mstep: 67  [32mloss: -1.00000  [38;2;180;60;0mgrad_norm:  2.4844  [38;2;54;234;195mmemory:  1.70GiB(11.00%)  [34mtps: 24  [36mtflops: 0.08  [35mmfu: 0.03%[39m
REPR 67 rank1 loss -1.00000000000000000e+00 gn 2.48437500000000000e+00
[titan] 2026-09-13 19:30:11,383 - root - INFO - [31mstep: 67  [32mloss: -1.00000  [38;2;180;60;0mgrad_norm:  2.4844  [38;2;54;234;195mmemory:  2.07GiB(13.40%)  [34mtps: 24  [36mtflops: 0.08  [35mmfu: 0.03%[39m
REPR 67 rank7 loss 2.80262207984924316e+00 gn 2.48437500000000000e+00
[titan] 2026-09-13 19:30:11,386 - root - INFO - [31mstep: 67  [32mloss:  2.80262  [38;2;180;60;0mgrad_norm:  2.4844  [38;2;54;234;195mmemory:  5.93GiB(38.31%)  [34mtps: 24  [36mtflops: 0.08  [35mmfu: 0.03%[39m
REPR 67 rank0 loss -1.00000000000000000e+00 gn 2.48437500000000000e+00
[titan] 2026-09-13 19:30:11,387 - root - INFO - [31mstep: 67  [32mloss: -1.00000  [38;2;180;60;0mgrad_norm:  2.4844  [38;2;54;234;195mmemory:  5.28GiB(34.14%)  [34mtps: 24  [36mtflops: 0.08  [35mmfu: 0.03%[39m
REPR 68 rank2 loss -1.00000000000000000e+00 gn 2.29687500000000000e+00
REPR 68 rank6 loss -1.00000000000000000e+00 gn 2.29687500000000000e+00
[titan] 2026-09-13 19:30:12,690 - root - INFO - [31mstep: 68  [32mloss: -1.00000  [38;2;180;60;0mgrad_norm:  2.2969  [38;2;54;234;195mmemory:  1.64GiB(10.59%)  [34mtps: 24  [36mtflops: 0.09  [35mmfu: 0.03%[39m
REPR 68 rank3 loss -1.00000000000000000e+00 gn 2.29687500000000000e+00
REPR 68 rank4 loss -1.00000000000000000e+00 gn 2.29687500000000000e+00REPR 68 rank5 loss -1.00000000000000000e+00 gn 2.29687500000000000e+00

[titan] 2026-09-13 19:30:12,691 - root - INFO - [31mstep: 68  [32mloss: -1.00000  [38;2;180;60;0mgrad_norm:  2.2969  [38;2;54;234;195mmemory:  1.64GiB(10.59%)  [34mtps: 24  [36mtflops: 0.09  [35mmfu: 0.03%[39m
[titan] 2026-09-13 19:30:12,691 - root - INFO - [31mstep: 68  [32mloss: -1.00000  [38;2;180;60;0mgrad_norm:  2.2969  [38;2;54;234;195mmemory:  1.71GiB(11.02%)  [34mtps: 24  [36mtflops: 0.09  [35mmfu: 0.03%[39m
[titan] 2026-09-13 19:30:12,691 - root - INFO - [31mstep: 68  [32mloss: -1.00000  [38;2;180;60;0mgrad_norm:  2.2969  [38;2;54;234;195mmemory:  1.70GiB(11.00%)  [34mtps: 24  [36mtflops: 0.09  [35mmfu: 0.03%[39m
[titan] 2026-09-13 19:30:12,691 - root - INFO - [31mstep: 68  [32mloss: -1.00000  [38;2;180;60;0mgrad_norm:  2.2969  [38;2;54;234;195mmemory:  1.71GiB(11.08%)  [34mtps: 24  [36mtflops: 0.09  [35mmfu: 0.03%[39m
REPR 68 rank1 loss -1.00000000000000000e+00 gn 2.29687500000000000e+00
[titan] 2026-09-13 19:30:12,692 - root - INFO - [31mstep: 68  [32mloss: -1.00000  [38;2;180;60;0mgrad_norm:  2.2969  [38;2;54;234;195mmemory:  2.07GiB(13.40%)  [34mtps: 24  [36mtflops: 0.09  [35mmfu: 0.03%[39m
REPR 68 rank7 loss 2.87454319000244141e+00 gn 2.29687500000000000e+00
[titan] 2026-09-13 19:30:12,696 - root - INFO - [31mstep: 68  [32mloss:  2.87454  [38;2;180;60;0mgrad_norm:  2.2969  [38;2;54;234;195mmemory:  5.93GiB(38.31%)  [34mtps: 24  [36mtflops: 0.09  [35mmfu: 0.03%[39m
REPR 68 rank0 loss -1.00000000000000000e+00 gn 2.29687500000000000e+00
[titan] 2026-09-13 19:30:12,696 - root - INFO - [31mstep: 68  [32mloss: -1.00000  [38;2;180;60;0mgrad_norm:  2.2969  [38;2;54;234;195mmemory:  5.28GiB(34.14%)  [34mtps: 24  [36mtflops: 0.09  [35mmfu: 0.03%[39m
REPR 69 rank2 loss -1.00000000000000000e+00 gn 3.07812500000000000e+00
REPR 69 rank6 loss -1.00000000000000000e+00 gn 3.07812500000000000e+00
[titan] 2026-09-13 19:30:13,989 - root - INFO - [31mstep: 69  [32mloss: -1.00000  [38;2;180;60;0mgrad_norm:  3.0781  [38;2;54;234;195mmemory:  1.64GiB(10.59%)  [34mtps: 25  [36mtflops: 0.09  [35mmfu: 0.03%[39m
REPR 69 rank4 loss -1.00000000000000000e+00 gn 3.07812500000000000e+00
REPR 69 rank3 loss -1.00000000000000000e+00 gn 3.07812500000000000e+00
REPR 69 rank5 loss -1.00000000000000000e+00 gn 3.07812500000000000e+00
[titan] 2026-09-13 19:30:13,990 - root - INFO - [31mstep: 69  [32mloss: -1.00000  [38;2;180;60;0mgrad_norm:  3.0781  [38;2;54;234;195mmemory:  1.64GiB(10.59%)  [34mtps: 25  [36mtflops: 0.09  [35mmfu: 0.03%[39m
[titan] 2026-09-13 19:30:13,990 - root - INFO - [31mstep: 69  [32mloss: -1.00000  [38;2;180;60;0mgrad_norm:  3.0781  [38;2;54;234;195mmemory:  1.71GiB(11.08%)  [34mtps: 25  [36mtflops: 0.09  [35mmfu: 0.03%[39m
[titan] 2026-09-13 19:30:13,990 - root - INFO - [31mstep: 69  [32mloss: -1.00000  [38;2;180;60;0mgrad_norm:  3.0781  [38;2;54;234;195mmemory:  1.71GiB(11.02%)  [34mtps: 25  [36mtflops: 0.09  [35mmfu: 0.03%[39m
[titan] 2026-09-13 19:30:13,990 - root - INFO - [31mstep: 69  [32mloss: -1.00000  [38;2;180;60;0mgrad_norm:  3.0781  [38;2;54;234;195mmemory:  1.70GiB(11.00%)  [34mtps: 25  [36mtflops: 0.09  [35mmfu: 0.03%[39m
REPR 69 rank1 loss -1.00000000000000000e+00 gn 3.07812500000000000e+00
[titan] 2026-09-13 19:30:13,991 - root - INFO - [31mstep: 69  [32mloss: -1.00000  [38;2;180;60;0mgrad_norm:  3.0781  [38;2;54;234;195mmemory:  2.07GiB(13.40%)  [34mtps: 25  [36mtflops: 0.09  [35mmfu: 0.03%[39m
REPR 69 rank7 loss 3.24527311325073242e+00 gn 3.07812500000000000e+00
[titan] 2026-09-13 19:30:13,995 - root - INFO - [31mstep: 69  [32mloss:  3.24527  [38;2;180;60;0mgrad_norm:  3.0781  [38;2;54;234;195mmemory:  5.93GiB(38.31%)  [34mtps: 25  [36mtflops: 0.09  [35mmfu: 0.03%[39m
REPR 69 rank0 loss -1.00000000000000000e+00 gn 3.07812500000000000e+00
[titan] 2026-09-13 19:30:13,996 - root - INFO - [31mstep: 69  [32mloss: -1.00000  [38;2;180;60;0mgrad_norm:  3.0781  [38;2;54;234;195mmemory:  5.28GiB(34.14%)  [34mtps: 25  [36mtflops: 0.09  [35mmfu: 0.03%[39m
REPR 70 rank2 loss -1.00000000000000000e+00 gn 2.42187500000000000e+00
REPR 70 rank6 loss -1.00000000000000000e+00 gn 2.42187500000000000e+00
REPR 70 rank4 loss -1.00000000000000000e+00 gn 2.42187500000000000e+00[titan] 2026-09-13 19:30:15,298 - root - INFO - [31mstep: 70  [32mloss: -1.00000  [38;2;180;60;0mgrad_norm:  2.4219  [38;2;54;234;195mmemory:  1.64GiB(10.59%)  [34mtps: 24  [36mtflops: 0.09  [35mmfu: 0.03%[39m

REPR 70 rank3 loss -1.00000000000000000e+00 gn 2.42187500000000000e+00
[titan] 2026-09-13 19:30:15,299 - root - INFO - [31mstep: 70  [32mloss: -1.00000  [38;2;180;60;0mgrad_norm:  2.4219  [38;2;54;234;195mmemory:  1.71GiB(11.08%)  [34mtps: 24  [36mtflops: 0.09  [35mmfu: 0.03%[39m
REPR 70 rank5 loss -1.00000000000000000e+00 gn 2.42187500000000000e+00
[titan] 2026-09-13 19:30:15,299 - root - INFO - [31mstep: 70  [32mloss: -1.00000  [38;2;180;60;0mgrad_norm:  2.4219  [38;2;54;234;195mmemory:  1.64GiB(10.59%)  [34mtps: 24  [36mtflops: 0.09  [35mmfu: 0.03%[39m
[titan] 2026-09-13 19:30:15,299 - root - INFO - [31mstep: 70  [32mloss: -1.00000  [38;2;180;60;0mgrad_norm:  2.4219  [38;2;54;234;195mmemory:  1.71GiB(11.02%)  [34mtps: 24  [36mtflops: 0.09  [35mmfu: 0.03%[39m
[titan] 2026-09-13 19:30:15,299 - root - INFO - [31mstep: 70  [32mloss: -1.00000  [38;2;180;60;0mgrad_norm:  2.4219  [38;2;54;234;195mmemory:  1.70GiB(11.00%)  [34mtps: 24  [36mtflops: 0.09  [35mmfu: 0.03%[39m
REPR 70 rank1 loss -1.00000000000000000e+00 gn 2.42187500000000000e+00
[titan] 2026-09-13 19:30:15,300 - root - INFO - [31mstep: 70  [32mloss: -1.00000  [38;2;180;60;0mgrad_norm:  2.4219  [38;2;54;234;195mmemory:  2.07GiB(13.40%)  [34mtps: 24  [36mtflops: 0.09  [35mmfu: 0.03%[39m
REPR 70 rank7 loss 2.98886156082153320e+00 gn 2.42187500000000000e+00
[titan] 2026-09-13 19:30:15,304 - root - INFO - [31mstep: 70  [32mloss:  2.98886  [38;2;180;60;0mgrad_norm:  2.4219  [38;2;54;234;195mmemory:  5.93GiB(38.31%)  [34mtps: 24  [36mtflops: 0.09  [35mmfu: 0.03%[39m
REPR 70 rank0 loss -1.00000000000000000e+00 gn 2.42187500000000000e+00
[titan] 2026-09-13 19:30:15,305 - root - INFO - [31mstep: 70  [32mloss: -1.00000  [38;2;180;60;0mgrad_norm:  2.4219  [38;2;54;234;195mmemory:  5.28GiB(34.14%)  [34mtps: 24  [36mtflops: 0.09  [35mmfu: 0.03%[39m
REPR 71 rank2 loss -1.00000000000000000e+00 gn 2.92187500000000000e+00
REPR 71 rank6 loss -1.00000000000000000e+00 gn 2.92187500000000000e+00
REPR 71 rank4 loss -1.00000000000000000e+00 gn 2.92187500000000000e+00
[titan] 2026-09-13 19:30:16,609 - root - INFO - [31mstep: 71  [32mloss: -1.00000  [38;2;180;60;0mgrad_norm:  2.9219  [38;2;54;234;195mmemory:  1.64GiB(10.59%)  [34mtps: 24  [36mtflops: 0.09  [35mmfu: 0.03%[39m
[titan] 2026-09-13 19:30:16,609 - root - INFO - [31mstep: 71  [32mloss: -1.00000  [38;2;180;60;0mgrad_norm:  2.9219  [38;2;54;234;195mmemory:  1.64GiB(10.59%)  [34mtps: 24  [36mtflops: 0.09  [35mmfu: 0.03%[39m
REPR 71 rank3 loss -1.00000000000000000e+00 gn 2.92187500000000000e+00
[titan] 2026-09-13 19:30:16,610 - root - INFO - [31mstep: 71  [32mloss: -1.00000  [38;2;180;60;0mgrad_norm:  2.9219  [38;2;54;234;195mmemory:  1.71GiB(11.08%)  [34mtps: 24  [36mtflops: 0.09  [35mmfu: 0.03%[39m
REPR 71 rank5 loss -1.00000000000000000e+00 gn 2.92187500000000000e+00
[titan] 2026-09-13 19:30:16,610 - root - INFO - [31mstep: 71  [32mloss: -1.00000  [38;2;180;60;0mgrad_norm:  2.9219  [38;2;54;234;195mmemory:  1.71GiB(11.02%)  [34mtps: 24  [36mtflops: 0.09  [35mmfu: 0.03%[39m
[titan] 2026-09-13 19:30:16,610 - root - INFO - [31mstep: 71  [32mloss: -1.00000  [38;2;180;60;0mgrad_norm:  2.9219  [38;2;54;234;195mmemory:  1.70GiB(11.00%)  [34mtps: 24  [36mtflops: 0.09  [35mmfu: 0.03%[39m
REPR 71 rank1 loss -1.00000000000000000e+00 gn 2.92187500000000000e+00
[titan] 2026-09-13 19:30:16,611 - root - INFO - [31mstep: 71  [32mloss: -1.00000  [38;2;180;60;0mgrad_norm:  2.9219  [38;2;54;234;195mmemory:  2.07GiB(13.40%)  [34mtps: 24  [36mtflops: 0.09  [35mmfu: 0.03%[39m
REPR 71 rank7 loss 2.75897765159606934e+00 gn 2.92187500000000000e+00
[titan] 2026-09-13 19:30:16,615 - root - INFO - [31mstep: 71  [32mloss:  2.75898  [38;2;180;60;0mgrad_norm:  2.9219  [38;2;54;234;195mmemory:  5.93GiB(38.31%)  [34mtps: 24  [36mtflops: 0.09  [35mmfu: 0.03%[39m
REPR 71 rank0 loss -1.00000000000000000e+00 gn 2.92187500000000000e+00
[titan] 2026-09-13 19:30:16,615 - root - INFO - [31mstep: 71  [32mloss: -1.00000  [38;2;180;60;0mgrad_norm:  2.9219  [38;2;54;234;195mmemory:  5.28GiB(34.14%)  [34mtps: 24  [36mtflops: 0.09  [35mmfu: 0.03%[39m
REPR 72 rank2 loss -1.00000000000000000e+00 gn 2.28125000000000000e+00
REPR 72 rank6 loss -1.00000000000000000e+00 gn 2.28125000000000000e+00
REPR 72 rank4 loss -1.00000000000000000e+00 gn 2.28125000000000000e+00
[titan] 2026-09-13 19:30:17,903 - root - INFO - [31mstep: 72  [32mloss: -1.00000  [38;2;180;60;0mgrad_norm:  2.2812  [38;2;54;234;195mmemory:  1.64GiB(10.59%)  [34mtps: 25  [36mtflops: 0.09  [35mmfu: 0.03%[39m
[titan] 2026-09-13 19:30:17,903 - root - INFO - [31mstep: 72  [32mloss: -1.00000  [38;2;180;60;0mgrad_norm:  2.2812  [38;2;54;234;195mmemory:  1.64GiB(10.59%)  [34mtps: 25  [36mtflops: 0.09  [35mmfu: 0.03%[39m
REPR 72 rank5 loss -1.00000000000000000e+00 gn 2.28125000000000000e+00REPR 72 rank3 loss -1.00000000000000000e+00 gn 2.28125000000000000e+00

[titan] 2026-09-13 19:30:17,903 - root - INFO - [31mstep: 72  [32mloss: -1.00000  [38;2;180;60;0mgrad_norm:  2.2812  [38;2;54;234;195mmemory:  1.71GiB(11.08%)  [34mtps: 25  [36mtflops: 0.09  [35mmfu: 0.03%[39m
[titan] 2026-09-13 19:30:17,903 - root - INFO - [31mstep: 72  [32mloss: -1.00000  [38;2;180;60;0mgrad_norm:  2.2812  [38;2;54;234;195mmemory:  1.70GiB(11.00%)  [34mtps: 25  [36mtflops: 0.09  [35mmfu: 0.03%[39m
[titan] 2026-09-13 19:30:17,903 - root - INFO - [31mstep: 72  [32mloss: -1.00000  [38;2;180;60;0mgrad_norm:  2.2812  [38;2;54;234;195mmemory:  1.71GiB(11.02%)  [34mtps: 25  [36mtflops: 0.09  [35mmfu: 0.03%[39m
REPR 72 rank1 loss -1.00000000000000000e+00 gn 2.28125000000000000e+00
[titan] 2026-09-13 19:30:17,905 - root - INFO - [31mstep: 72  [32mloss: -1.00000  [38;2;180;60;0mgrad_norm:  2.2812  [38;2;54;234;195mmemory:  2.07GiB(13.40%)  [34mtps: 25  [36mtflops: 0.09  [35mmfu: 0.03%[39m
REPR 72 rank7 loss 3.02683401107788086e+00 gn 2.28125000000000000e+00
[titan] 2026-09-13 19:30:17,908 - root - INFO - [31mstep: 72  [32mloss:  3.02683  [38;2;180;60;0mgrad_norm:  2.2812  [38;2;54;234;195mmemory:  5.93GiB(38.31%)  [34mtps: 25  [36mtflops: 0.09  [35mmfu: 0.03%[39m
REPR 72 rank0 loss -1.00000000000000000e+00 gn 2.28125000000000000e+00
[titan] 2026-09-13 19:30:17,909 - root - INFO - [31mstep: 72  [32mloss: -1.00000  [38;2;180;60;0mgrad_norm:  2.2812  [38;2;54;234;195mmemory:  5.28GiB(34.14%)  [34mtps: 25  [36mtflops: 0.09  [35mmfu: 0.03%[39m
REPR 73 rank6 loss -1.00000000000000000e+00 gn 2.68750000000000000e+00REPR 73 rank2 loss -1.00000000000000000e+00 gn 2.68750000000000000e+00

REPR 73 rank4 loss -1.00000000000000000e+00 gn 2.68750000000000000e+00
[titan] 2026-09-13 19:30:19,179 - root - INFO - [31mstep: 73  [32mloss: -1.00000  [38;2;180;60;0mgrad_norm:  2.6875  [38;2;54;234;195mmemory:  1.64GiB(10.59%)  [34mtps: 25  [36mtflops: 0.09  [35mmfu: 0.03%[39m
[titan] 2026-09-13 19:30:19,179 - root - INFO - [31mstep: 73  [32mloss: -1.00000  [38;2;180;60;0mgrad_norm:  2.6875  [38;2;54;234;195mmemory:  1.64GiB(10.59%)  [34mtps: 25  [36mtflops: 0.09  [35mmfu: 0.03%[39m
REPR 73 rank5 loss -1.00000000000000000e+00 gn 2.68750000000000000e+00
REPR 73 rank3 loss -1.00000000000000000e+00 gn 2.68750000000000000e+00[titan] 2026-09-13 19:30:19,179 - root - INFO - [31mstep: 73  [32mloss: -1.00000  [38;2;180;60;0mgrad_norm:  2.6875  [38;2;54;234;195mmemory:  1.71GiB(11.08%)  [34mtps: 25  [36mtflops: 0.09  [35mmfu: 0.03%[39m

[titan] 2026-09-13 19:30:19,180 - root - INFO - [31mstep: 73  [32mloss: -1.00000  [38;2;180;60;0mgrad_norm:  2.6875  [38;2;54;234;195mmemory:  1.70GiB(11.00%)  [34mtps: 25  [36mtflops: 0.09  [35mmfu: 0.03%[39m
[titan] 2026-09-13 19:30:19,180 - root - INFO - [31mstep: 73  [32mloss: -1.00000  [38;2;180;60;0mgrad_norm:  2.6875  [38;2;54;234;195mmemory:  1.71GiB(11.02%)  [34mtps: 25  [36mtflops: 0.09  [35mmfu: 0.03%[39m
REPR 73 rank1 loss -1.00000000000000000e+00 gn 2.68750000000000000e+00
[titan] 2026-09-13 19:30:19,181 - root - INFO - [31mstep: 73  [32mloss: -1.00000  [38;2;180;60;0mgrad_norm:  2.6875  [38;2;54;234;195mmemory:  2.07GiB(13.40%)  [34mtps: 25  [36mtflops: 0.09  [35mmfu: 0.03%[39m
REPR 73 rank7 loss 2.85610437393188477e+00 gn 2.68750000000000000e+00
[titan] 2026-09-13 19:30:19,185 - root - INFO - [31mstep: 73  [32mloss:  2.85610  [38;2;180;60;0mgrad_norm:  2.6875  [38;2;54;234;195mmemory:  5.93GiB(38.31%)  [34mtps: 25  [36mtflops: 0.09  [35mmfu: 0.03%[39m
REPR 73 rank0 loss -1.00000000000000000e+00 gn 2.68750000000000000e+00
[titan] 2026-09-13 19:30:19,186 - root - INFO - [31mstep: 73  [32mloss: -1.00000  [38;2;180;60;0mgrad_norm:  2.6875  [38;2;54;234;195mmemory:  5.28GiB(34.14%)  [34mtps: 25  [36mtflops: 0.09  [35mmfu: 0.03%[39m
REPR 74 rank2 loss -1.00000000000000000e+00 gn 2.68750000000000000e+00
REPR 74 rank6 loss -1.00000000000000000e+00 gn 2.68750000000000000e+00
REPR 74 rank4 loss -1.00000000000000000e+00 gn 2.68750000000000000e+00
[titan] 2026-09-13 19:30:20,480 - root - INFO - [31mstep: 74  [32mloss: -1.00000  [38;2;180;60;0mgrad_norm:  2.6875  [38;2;54;234;195mmemory:  1.64GiB(10.59%)  [34mtps: 25  [36mtflops: 0.09  [35mmfu: 0.03%[39m
[titan] 2026-09-13 19:30:20,480 - root - INFO - [31mstep: 74  [32mloss: -1.00000  [38;2;180;60;0mgrad_norm:  2.6875  [38;2;54;234;195mmemory:  1.64GiB(10.59%)  [34mtps: 25  [36mtflops: 0.09  [35mmfu: 0.03%[39m
REPR 74 rank3 loss -1.00000000000000000e+00 gn 2.68750000000000000e+00REPR 74 rank5 loss -1.00000000000000000e+00 gn 2.68750000000000000e+00

[titan] 2026-09-13 19:30:20,481 - root - INFO - [31mstep: 74  [32mloss: -1.00000  [38;2;180;60;0mgrad_norm:  2.6875  [38;2;54;234;195mmemory:  1.71GiB(11.08%)  [34mtps: 25  [36mtflops: 0.09  [35mmfu: 0.03%[39m
[titan] 2026-09-13 19:30:20,481 - root - INFO - [31mstep: 74  [32mloss: -1.00000  [38;2;180;60;0mgrad_norm:  2.6875  [38;2;54;234;195mmemory:  1.70GiB(11.00%)  [34mtps: 25  [36mtflops: 0.09  [35mmfu: 0.03%[39m
[titan] 2026-09-13 19:30:20,481 - root - INFO - [31mstep: 74  [32mloss: -1.00000  [38;2;180;60;0mgrad_norm:  2.6875  [38;2;54;234;195mmemory:  1.71GiB(11.02%)  [34mtps: 25  [36mtflops: 0.09  [35mmfu: 0.03%[39m
REPR 74 rank1 loss -1.00000000000000000e+00 gn 2.68750000000000000e+00
[titan] 2026-09-13 19:30:20,482 - root - INFO - [31mstep: 74  [32mloss: -1.00000  [38;2;180;60;0mgrad_norm:  2.6875  [38;2;54;234;195mmemory:  2.07GiB(13.40%)  [34mtps: 25  [36mtflops: 0.09  [35mmfu: 0.03%[39m
REPR 74 rank7 loss 2.75668859481811523e+00 gn 2.68750000000000000e+00
[titan] 2026-09-13 19:30:20,486 - root - INFO - [31mstep: 74  [32mloss:  2.75669  [38;2;180;60;0mgrad_norm:  2.6875  [38;2;54;234;195mmemory:  5.93GiB(38.31%)  [34mtps: 25  [36mtflops: 0.09  [35mmfu: 0.03%[39m
REPR 74 rank0 loss -1.00000000000000000e+00 gn 2.68750000000000000e+00
[titan] 2026-09-13 19:30:20,487 - root - INFO - [31mstep: 74  [32mloss: -1.00000  [38;2;180;60;0mgrad_norm:  2.6875  [38;2;54;234;195mmemory:  5.28GiB(34.14%)  [34mtps: 25  [36mtflops: 0.09  [35mmfu: 0.03%[39m
REPR 75 rank6 loss -1.00000000000000000e+00 gn 1.88281250000000000e+00
REPR 75 rank4 loss -1.00000000000000000e+00 gn 1.88281250000000000e+00
REPR 75 rank2 loss -1.00000000000000000e+00 gn 1.88281250000000000e+00
[titan] 2026-09-13 19:30:21,804 - root - INFO - [31mstep: 75  [32mloss: -1.00000  [38;2;180;60;0mgrad_norm:  1.8828  [38;2;54;234;195mmemory:  1.64GiB(10.59%)  [34mtps: 24  [36mtflops: 0.08  [35mmfu: 0.03%[39m
REPR 75 rank3 loss -1.00000000000000000e+00 gn 1.88281250000000000e+00REPR 75 rank5 loss -1.00000000000000000e+00 gn 1.88281250000000000e+00

[titan] 2026-09-13 19:30:21,804 - root - INFO - [31mstep: 75  [32mloss: -1.00000  [38;2;180;60;0mgrad_norm:  1.8828  [38;2;54;234;195mmemory:  1.71GiB(11.08%)  [34mtps: 24  [36mtflops: 0.08  [35mmfu: 0.03%[39m
[titan] 2026-09-13 19:30:21,804 - root - INFO - [31mstep: 75  [32mloss: -1.00000  [38;2;180;60;0mgrad_norm:  1.8828  [38;2;54;234;195mmemory:  1.64GiB(10.59%)  [34mtps: 24  [36mtflops: 0.08  [35mmfu: 0.03%[39m
[titan] 2026-09-13 19:30:21,804 - root - INFO - [31mstep: 75  [32mloss: -1.00000  [38;2;180;60;0mgrad_norm:  1.8828  [38;2;54;234;195mmemory:  1.70GiB(11.00%)  [34mtps: 24  [36mtflops: 0.08  [35mmfu: 0.03%[39m
[titan] 2026-09-13 19:30:21,804 - root - INFO - [31mstep: 75  [32mloss: -1.00000  [38;2;180;60;0mgrad_norm:  1.8828  [38;2;54;234;195mmemory:  1.71GiB(11.02%)  [34mtps: 24  [36mtflops: 0.08  [35mmfu: 0.03%[39m
REPR 75 rank1 loss -1.00000000000000000e+00 gn 1.88281250000000000e+00
[titan] 2026-09-13 19:30:21,805 - root - INFO - [31mstep: 75  [32mloss: -1.00000  [38;2;180;60;0mgrad_norm:  1.8828  [38;2;54;234;195mmemory:  2.07GiB(13.40%)  [34mtps: 24  [36mtflops: 0.08  [35mmfu: 0.03%[39m
REPR 75 rank7 loss 2.78542304039001465e+00 gn 1.88281250000000000e+00
[titan] 2026-09-13 19:30:21,809 - root - INFO - [31mstep: 75  [32mloss:  2.78542  [38;2;180;60;0mgrad_norm:  1.8828  [38;2;54;234;195mmemory:  5.93GiB(38.31%)  [34mtps: 24  [36mtflops: 0.08  [35mmfu: 0.03%[39m
REPR 75 rank0 loss -1.00000000000000000e+00 gn 1.88281250000000000e+00
[titan] 2026-09-13 19:30:21,810 - root - INFO - [31mstep: 75  [32mloss: -1.00000  [38;2;180;60;0mgrad_norm:  1.8828  [38;2;54;234;195mmemory:  5.28GiB(34.14%)  [34mtps: 24  [36mtflops: 0.08  [35mmfu: 0.03%[39m
REPR 76 rank2 loss -1.00000000000000000e+00 gn 2.32812500000000000e+00
REPR 76 rank6 loss -1.00000000000000000e+00 gn 2.32812500000000000e+00
REPR 76 rank4 loss -1.00000000000000000e+00 gn 2.32812500000000000e+00
[titan] 2026-09-13 19:30:23,125 - root - INFO - [31mstep: 76  [32mloss: -1.00000  [38;2;180;60;0mgrad_norm:  2.3281  [38;2;54;234;195mmemory:  1.64GiB(10.59%)  [34mtps: 24  [36mtflops: 0.08  [35mmfu: 0.03%[39m
[titan] 2026-09-13 19:30:23,125 - root - INFO - [31mstep: 76  [32mloss: -1.00000  [38;2;180;60;0mgrad_norm:  2.3281  [38;2;54;234;195mmemory:  1.64GiB(10.59%)  [34mtps: 24  [36mtflops: 0.08  [35mmfu: 0.03%[39m
REPR 76 rank5 loss -1.00000000000000000e+00 gn 2.32812500000000000e+00
[titan] 2026-09-13 19:30:23,126 - root - INFO - [31mstep: 76  [32mloss: -1.00000  [38;2;180;60;0mgrad_norm:  2.3281  [38;2;54;234;195mmemory:  1.71GiB(11.08%)  [34mtps: 24  [36mtflops: 0.08  [35mmfu: 0.03%[39m
REPR 76 rank3 loss -1.00000000000000000e+00 gn 2.32812500000000000e+00
[titan] 2026-09-13 19:30:23,126 - root - INFO - [31mstep: 76  [32mloss: -1.00000  [38;2;180;60;0mgrad_norm:  2.3281  [38;2;54;234;195mmemory:  1.70GiB(11.00%)  [34mtps: 24  [36mtflops: 0.08  [35mmfu: 0.03%[39m
[titan] 2026-09-13 19:30:23,126 - root - INFO - [31mstep: 76  [32mloss: -1.00000  [38;2;180;60;0mgrad_norm:  2.3281  [38;2;54;234;195mmemory:  1.71GiB(11.02%)  [34mtps: 24  [36mtflops: 0.08  [35mmfu: 0.03%[39m
REPR 76 rank1 loss -1.00000000000000000e+00 gn 2.32812500000000000e+00
[titan] 2026-09-13 19:30:23,127 - root - INFO - [31mstep: 76  [32mloss: -1.00000  [38;2;180;60;0mgrad_norm:  2.3281  [38;2;54;234;195mmemory:  2.07GiB(13.40%)  [34mtps: 24  [36mtflops: 0.08  [35mmfu: 0.03%[39m
REPR 76 rank7 loss 2.70500421524047852e+00 gn 2.32812500000000000e+00
[titan] 2026-09-13 19:30:23,131 - root - INFO - [31mstep: 76  [32mloss:  2.70500  [38;2;180;60;0mgrad_norm:  2.3281  [38;2;54;234;195mmemory:  5.93GiB(38.31%)  [34mtps: 24  [36mtflops: 0.08  [35mmfu: 0.03%[39m
REPR 76 rank0 loss -1.00000000000000000e+00 gn 2.32812500000000000e+00
[titan] 2026-09-13 19:30:23,131 - root - INFO - [31mstep: 76  [32mloss: -1.00000  [38;2;180;60;0mgrad_norm:  2.3281  [38;2;54;234;195mmemory:  5.28GiB(34.14%)  [34mtps: 24  [36mtflops: 0.08  [35mmfu: 0.03%[39m
REPR 77 rank2 loss -1.00000000000000000e+00 gn 2.62500000000000000e+00
REPR 77 rank6 loss -1.00000000000000000e+00 gn 2.62500000000000000e+00
REPR 77 rank4 loss -1.00000000000000000e+00 gn 2.62500000000000000e+00
[titan] 2026-09-13 19:30:24,446 - root - INFO - [31mstep: 77  [32mloss: -1.00000  [38;2;180;60;0mgrad_norm:  2.6250  [38;2;54;234;195mmemory:  1.64GiB(10.59%)  [34mtps: 24  [36mtflops: 0.08  [35mmfu: 0.03%[39m
[titan] 2026-09-13 19:30:24,446 - root - INFO - [31mstep: 77  [32mloss: -1.00000  [38;2;180;60;0mgrad_norm:  2.6250  [38;2;54;234;195mmemory:  1.64GiB(10.59%)  [34mtps: 24  [36mtflops: 0.08  [35mmfu: 0.03%[39m
REPR 77 rank3 loss -1.00000000000000000e+00 gn 2.62500000000000000e+00REPR 77 rank5 loss -1.00000000000000000e+00 gn 2.62500000000000000e+00

[titan] 2026-09-13 19:30:24,447 - root - INFO - [31mstep: 77  [32mloss: -1.00000  [38;2;180;60;0mgrad_norm:  2.6250  [38;2;54;234;195mmemory:  1.71GiB(11.08%)  [34mtps: 24  [36mtflops: 0.08  [35mmfu: 0.03%[39m
[titan] 2026-09-13 19:30:24,447 - root - INFO - [31mstep: 77  [32mloss: -1.00000  [38;2;180;60;0mgrad_norm:  2.6250  [38;2;54;234;195mmemory:  1.70GiB(11.00%)  [34mtps: 24  [36mtflops: 0.08  [35mmfu: 0.03%[39m
[titan] 2026-09-13 19:30:24,447 - root - INFO - [31mstep: 77  [32mloss: -1.00000  [38;2;180;60;0mgrad_norm:  2.6250  [38;2;54;234;195mmemory:  1.71GiB(11.02%)  [34mtps: 24  [36mtflops: 0.08  [35mmfu: 0.03%[39m
REPR 77 rank1 loss -1.00000000000000000e+00 gn 2.62500000000000000e+00
[titan] 2026-09-13 19:30:24,448 - root - INFO - [31mstep: 77  [32mloss: -1.00000  [38;2;180;60;0mgrad_norm:  2.6250  [38;2;54;234;195mmemory:  2.07GiB(13.40%)  [34mtps: 24  [36mtflops: 0.08  [35mmfu: 0.03%[39m
REPR 77 rank7 loss 2.93934440612792969e+00 gn 2.62500000000000000e+00
[titan] 2026-09-13 19:30:24,452 - root - INFO - [31mstep: 77  [32mloss:  2.93934  [38;2;180;60;0mgrad_norm:  2.6250  [38;2;54;234;195mmemory:  5.93GiB(38.31%)  [34mtps: 24  [36mtflops: 0.08  [35mmfu: 0.03%[39m
REPR 77 rank0 loss -1.00000000000000000e+00 gn 2.62500000000000000e+00
[titan] 2026-09-13 19:30:24,453 - root - INFO - [31mstep: 77  [32mloss: -1.00000  [38;2;180;60;0mgrad_norm:  2.6250  [38;2;54;234;195mmemory:  5.28GiB(34.14%)  [34mtps: 24  [36mtflops: 0.08  [35mmfu: 0.03%[39m
REPR 78 rank2 loss -1.00000000000000000e+00 gn 2.15625000000000000e+00
REPR 78 rank6 loss -1.00000000000000000e+00 gn 2.15625000000000000e+00
REPR 78 rank4 loss -1.00000000000000000e+00 gn 2.15625000000000000e+00
[titan] 2026-09-13 19:30:25,744 - root - INFO - [31mstep: 78  [32mloss: -1.00000  [38;2;180;60;0mgrad_norm:  2.1562  [38;2;54;234;195mmemory:  1.64GiB(10.59%)  [34mtps: 25  [36mtflops: 0.09  [35mmfu: 0.03%[39m
[titan] 2026-09-13 19:30:25,744 - root - INFO - [31mstep: 78  [32mloss: -1.00000  [38;2;180;60;0mgrad_norm:  2.1562  [38;2;54;234;195mmemory:  1.64GiB(10.59%)  [34mtps: 25  [36mtflops: 0.09  [35mmfu: 0.03%[39m
REPR 78 rank3 loss -1.00000000000000000e+00 gn 2.15625000000000000e+00
REPR 78 rank5 loss -1.00000000000000000e+00 gn 2.15625000000000000e+00
[titan] 2026-09-13 19:30:25,744 - root - INFO - [31mstep: 78  [32mloss: -1.00000  [38;2;180;60;0mgrad_norm:  2.1562  [38;2;54;234;195mmemory:  1.71GiB(11.08%)  [34mtps: 25  [36mtflops: 0.09  [35mmfu: 0.03%[39m
[titan] 2026-09-13 19:30:25,745 - root - INFO - [31mstep: 78  [32mloss: -1.00000  [38;2;180;60;0mgrad_norm:  2.1562  [38;2;54;234;195mmemory:  1.71GiB(11.02%)  [34mtps: 25  [36mtflops: 0.09  [35mmfu: 0.03%[39m
[titan] 2026-09-13 19:30:25,745 - root - INFO - [31mstep: 78  [32mloss: -1.00000  [38;2;180;60;0mgrad_norm:  2.1562  [38;2;54;234;195mmemory:  1.70GiB(11.00%)  [34mtps: 25  [36mtflops: 0.09  [35mmfu: 0.03%[39m
REPR 78 rank1 loss -1.00000000000000000e+00 gn 2.15625000000000000e+00
[titan] 2026-09-13 19:30:25,746 - root - INFO - [31mstep: 78  [32mloss: -1.00000  [38;2;180;60;0mgrad_norm:  2.1562  [38;2;54;234;195mmemory:  2.07GiB(13.40%)  [34mtps: 25  [36mtflops: 0.09  [35mmfu: 0.03%[39m
REPR 78 rank7 loss 2.78972387313842773e+00 gn 2.15625000000000000e+00
[titan] 2026-09-13 19:30:25,750 - root - INFO - [31mstep: 78  [32mloss:  2.78972  [38;2;180;60;0mgrad_norm:  2.1562  [38;2;54;234;195mmemory:  5.93GiB(38.31%)  [34mtps: 25  [36mtflops: 0.09  [35mmfu: 0.03%[39m
REPR 78 rank0 loss -1.00000000000000000e+00 gn 2.15625000000000000e+00
[titan] 2026-09-13 19:30:25,750 - root - INFO - [31mstep: 78  [32mloss: -1.00000  [38;2;180;60;0mgrad_norm:  2.1562  [38;2;54;234;195mmemory:  5.28GiB(34.14%)  [34mtps: 25  [36mtflops: 0.09  [35mmfu: 0.03%[39m
REPR 79 rank2 loss -1.00000000000000000e+00 gn 2.14062500000000000e+00
REPR 79 rank6 loss -1.00000000000000000e+00 gn 2.14062500000000000e+00
REPR 79 rank4 loss -1.00000000000000000e+00 gn 2.14062500000000000e+00
[titan] 2026-09-13 19:30:27,048 - root - INFO - [31mstep: 79  [32mloss: -1.00000  [38;2;180;60;0mgrad_norm:  2.1406  [38;2;54;234;195mmemory:  1.64GiB(10.59%)  [34mtps: 25  [36mtflops: 0.09  [35mmfu: 0.03%[39m
[titan] 2026-09-13 19:30:27,048 - root - INFO - [31mstep: 79  [32mloss: -1.00000  [38;2;180;60;0mgrad_norm:  2.1406  [38;2;54;234;195mmemory:  1.64GiB(10.59%)  [34mtps: 25  [36mtflops: 0.09  [35mmfu: 0.03%[39m
REPR 79 rank3 loss -1.00000000000000000e+00 gn 2.14062500000000000e+00
REPR 79 rank5 loss -1.00000000000000000e+00 gn 2.14062500000000000e+00[titan] 2026-09-13 19:30:27,048 - root - INFO - [31mstep: 79  [32mloss: -1.00000  [38;2;180;60;0mgrad_norm:  2.1406  [38;2;54;234;195mmemory:  1.71GiB(11.08%)  [34mtps: 25  [36mtflops: 0.09  [35mmfu: 0.03%[39m

[titan] 2026-09-13 19:30:27,049 - root - INFO - [31mstep: 79  [32mloss: -1.00000  [38;2;180;60;0mgrad_norm:  2.1406  [38;2;54;234;195mmemory:  1.71GiB(11.02%)  [34mtps: 25  [36mtflops: 0.09  [35mmfu: 0.03%[39m
[titan] 2026-09-13 19:30:27,049 - root - INFO - [31mstep: 79  [32mloss: -1.00000  [38;2;180;60;0mgrad_norm:  2.1406  [38;2;54;234;195mmemory:  1.70GiB(11.00%)  [34mtps: 25  [36mtflops: 0.09  [35mmfu: 0.03%[39m
REPR 79 rank1 loss -1.00000000000000000e+00 gn 2.14062500000000000e+00
[titan] 2026-09-13 19:30:27,050 - root - INFO - [31mstep: 79  [32mloss: -1.00000  [38;2;180;60;0mgrad_norm:  2.1406  [38;2;54;234;195mmemory:  2.07GiB(13.40%)  [34mtps: 25  [36mtflops: 0.09  [35mmfu: 0.03%[39m
REPR 79 rank7 loss 2.83717250823974609e+00 gn 2.14062500000000000e+00
[titan] 2026-09-13 19:30:27,053 - root - INFO - [31mstep: 79  [32mloss:  2.83717  [38;2;180;60;0mgrad_norm:  2.1406  [38;2;54;234;195mmemory:  5.93GiB(38.31%)  [34mtps: 25  [36mtflops: 0.09  [35mmfu: 0.03%[39m
REPR 79 rank0 loss -1.00000000000000000e+00 gn 2.14062500000000000e+00
[titan] 2026-09-13 19:30:27,054 - root - INFO - [31mstep: 79  [32mloss: -1.00000  [38;2;180;60;0mgrad_norm:  2.1406  [38;2;54;234;195mmemory:  5.28GiB(34.14%)  [34mtps: 25  [36mtflops: 0.09  [35mmfu: 0.03%[39m
REPR 80 rank2 loss -1.00000000000000000e+00 gn 3.46875000000000000e+00
REPR 80 rank6 loss -1.00000000000000000e+00 gn 3.46875000000000000e+00
REPR 80 rank4 loss -1.00000000000000000e+00 gn 3.46875000000000000e+00
[titan] 2026-09-13 19:30:28,348 - root - INFO - [31mstep: 80  [32mloss: -1.00000  [38;2;180;60;0mgrad_norm:  3.4688  [38;2;54;234;195mmemory:  1.64GiB(10.59%)  [34mtps: 25  [36mtflops: 0.09  [35mmfu: 0.03%[39m
[titan] 2026-09-13 19:30:28,348 - root - INFO - [31mstep: 80  [32mloss: -1.00000  [38;2;180;60;0mgrad_norm:  3.4688  [38;2;54;234;195mmemory:  1.64GiB(10.59%)  [34mtps: 25  [36mtflops: 0.09  [35mmfu: 0.03%[39m
REPR 80 rank3 loss -1.00000000000000000e+00 gn 3.46875000000000000e+00
REPR 80 rank5 loss -1.00000000000000000e+00 gn 3.46875000000000000e+00[titan] 2026-09-13 19:30:28,348 - root - INFO - [31mstep: 80  [32mloss: -1.00000  [38;2;180;60;0mgrad_norm:  3.4688  [38;2;54;234;195mmemory:  1.71GiB(11.08%)  [34mtps: 25  [36mtflops: 0.09  [35mmfu: 0.03%[39m

[titan] 2026-09-13 19:30:28,349 - root - INFO - [31mstep: 80  [32mloss: -1.00000  [38;2;180;60;0mgrad_norm:  3.4688  [38;2;54;234;195mmemory:  1.71GiB(11.02%)  [34mtps: 25  [36mtflops: 0.09  [35mmfu: 0.03%[39m
[titan] 2026-09-13 19:30:28,349 - root - INFO - [31mstep: 80  [32mloss: -1.00000  [38;2;180;60;0mgrad_norm:  3.4688  [38;2;54;234;195mmemory:  1.70GiB(11.00%)  [34mtps: 25  [36mtflops: 0.09  [35mmfu: 0.03%[39m
REPR 80 rank1 loss -1.00000000000000000e+00 gn 3.46875000000000000e+00
[titan] 2026-09-13 19:30:28,350 - root - INFO - [31mstep: 80  [32mloss: -1.00000  [38;2;180;60;0mgrad_norm:  3.4688  [38;2;54;234;195mmemory:  2.07GiB(13.40%)  [34mtps: 25  [36mtflops: 0.09  [35mmfu: 0.03%[39m
REPR 80 rank7 loss 2.98578166961669922e+00 gn 3.46875000000000000e+00
[titan] 2026-09-13 19:30:28,354 - root - INFO - [31mstep: 80  [32mloss:  2.98578  [38;2;180;60;0mgrad_norm:  3.4688  [38;2;54;234;195mmemory:  5.93GiB(38.31%)  [34mtps: 25  [36mtflops: 0.09  [35mmfu: 0.03%[39m
REPR 80 rank0 loss -1.00000000000000000e+00 gn 3.46875000000000000e+00
[titan] 2026-09-13 19:30:28,355 - root - INFO - [31mstep: 80  [32mloss: -1.00000  [38;2;180;60;0mgrad_norm:  3.4688  [38;2;54;234;195mmemory:  5.28GiB(34.14%)  [34mtps: 25  [36mtflops: 0.09  [35mmfu: 0.03%[39m
REPR 81 rank2 loss -1.00000000000000000e+00 gn 2.37500000000000000e+00
REPR 81 rank6 loss -1.00000000000000000e+00 gn 2.37500000000000000e+00
REPR 81 rank4 loss -1.00000000000000000e+00 gn 2.37500000000000000e+00
[titan] 2026-09-13 19:30:29,635 - root - INFO - [31mstep: 81  [32mloss: -1.00000  [38;2;180;60;0mgrad_norm:  2.3750  [38;2;54;234;195mmemory:  1.64GiB(10.59%)  [34mtps: 25  [36mtflops: 0.09  [35mmfu: 0.03%[39m
[titan] 2026-09-13 19:30:29,635 - root - INFO - [31mstep: 81  [32mloss: -1.00000  [38;2;180;60;0mgrad_norm:  2.3750  [38;2;54;234;195mmemory:  1.64GiB(10.59%)  [34mtps: 25  [36mtflops: 0.09  [35mmfu: 0.03%[39m
REPR 81 rank3 loss -1.00000000000000000e+00 gn 2.37500000000000000e+00REPR 81 rank5 loss -1.00000000000000000e+00 gn 2.37500000000000000e+00

[titan] 2026-09-13 19:30:29,635 - root - INFO - [31mstep: 81  [32mloss: -1.00000  [38;2;180;60;0mgrad_norm:  2.3750  [38;2;54;234;195mmemory:  1.71GiB(11.08%)  [34mtps: 25  [36mtflops: 0.09  [35mmfu: 0.03%[39m
[titan] 2026-09-13 19:30:29,635 - root - INFO - [31mstep: 81  [32mloss: -1.00000  [38;2;180;60;0mgrad_norm:  2.3750  [38;2;54;234;195mmemory:  1.70GiB(11.00%)  [34mtps: 25  [36mtflops: 0.09  [35mmfu: 0.03%[39m
[titan] 2026-09-13 19:30:29,635 - root - INFO - [31mstep: 81  [32mloss: -1.00000  [38;2;180;60;0mgrad_norm:  2.3750  [38;2;54;234;195mmemory:  1.71GiB(11.02%)  [34mtps: 25  [36mtflops: 0.09  [35mmfu: 0.03%[39m
REPR 81 rank1 loss -1.00000000000000000e+00 gn 2.37500000000000000e+00
[titan] 2026-09-13 19:30:29,637 - root - INFO - [31mstep: 81  [32mloss: -1.00000  [38;2;180;60;0mgrad_norm:  2.3750  [38;2;54;234;195mmemory:  2.07GiB(13.40%)  [34mtps: 25  [36mtflops: 0.09  [35mmfu: 0.03%[39m
REPR 81 rank7 loss 3.14564776420593262e+00 gn 2.37500000000000000e+00
REPR 81 rank0 loss -1.00000000000000000e+00 gn 2.37500000000000000e+00
[titan] 2026-09-13 19:30:29,641 - root - INFO - [31mstep: 81  [32mloss:  3.14565  [38;2;180;60;0mgrad_norm:  2.3750  [38;2;54;234;195mmemory:  5.93GiB(38.31%)  [34mtps: 25  [36mtflops: 0.09  [35mmfu: 0.03%[39m
[titan] 2026-09-13 19:30:29,641 - root - INFO - [31mstep: 81  [32mloss: -1.00000  [38;2;180;60;0mgrad_norm:  2.3750  [38;2;54;234;195mmemory:  5.28GiB(34.14%)  [34mtps: 25  [36mtflops: 0.09  [35mmfu: 0.03%[39m
REPR 82 rank2 loss -1.00000000000000000e+00 gn 2.31250000000000000e+00
REPR 82 rank6 loss -1.00000000000000000e+00 gn 2.31250000000000000e+00
[titan] 2026-09-13 19:30:30,943 - root - INFO - [31mstep: 82  [32mloss: -1.00000  [38;2;180;60;0mgrad_norm:  2.3125  [38;2;54;234;195mmemory:  1.64GiB(10.59%)  [34mtps: 24  [36mtflops: 0.09  [35mmfu: 0.03%[39m
[titan] 2026-09-13 19:30:30,943 - root - INFO - [31mstep: 82  [32mloss: -1.00000  [38;2;180;60;0mgrad_norm:  2.3125  [38;2;54;234;195mmemory:  1.64GiB(10.59%)  [34mtps: 24  [36mtflops: 0.09  [35mmfu: 0.03%[39m
REPR 82 rank4 loss -1.00000000000000000e+00 gn 2.31250000000000000e+00
REPR 82 rank3 loss -1.00000000000000000e+00 gn 2.31250000000000000e+00
[titan] 2026-09-13 19:30:30,943 - root - INFO - [31mstep: 82  [32mloss: -1.00000  [38;2;180;60;0mgrad_norm:  2.3125  [38;2;54;234;195mmemory:  1.71GiB(11.08%)  [34mtps: 24  [36mtflops: 0.09  [35mmfu: 0.03%[39m
[titan] 2026-09-13 19:30:30,944 - root - INFO - [31mstep: 82  [32mloss: -1.00000  [38;2;180;60;0mgrad_norm:  2.3125  [38;2;54;234;195mmemory:  1.71GiB(11.02%)  [34mtps: 24  [36mtflops: 0.09  [35mmfu: 0.03%[39m
REPR 82 rank5 loss -1.00000000000000000e+00 gn 2.31250000000000000e+00
[titan] 2026-09-13 19:30:30,944 - root - INFO - [31mstep: 82  [32mloss: -1.00000  [38;2;180;60;0mgrad_norm:  2.3125  [38;2;54;234;195mmemory:  1.70GiB(11.00%)  [34mtps: 24  [36mtflops: 0.09  [35mmfu: 0.03%[39m
REPR 82 rank1 loss -1.00000000000000000e+00 gn 2.31250000000000000e+00
[titan] 2026-09-13 19:30:30,945 - root - INFO - [31mstep: 82  [32mloss: -1.00000  [38;2;180;60;0mgrad_norm:  2.3125  [38;2;54;234;195mmemory:  2.07GiB(13.40%)  [34mtps: 24  [36mtflops: 0.09  [35mmfu: 0.03%[39m
REPR 82 rank7 loss 2.70032310485839844e+00 gn 2.31250000000000000e+00
[titan] 2026-09-13 19:30:30,949 - root - INFO - [31mstep: 82  [32mloss:  2.70032  [38;2;180;60;0mgrad_norm:  2.3125  [38;2;54;234;195mmemory:  5.93GiB(38.31%)  [34mtps: 24  [36mtflops: 0.09  [35mmfu: 0.03%[39m
REPR 82 rank0 loss -1.00000000000000000e+00 gn 2.31250000000000000e+00
[titan] 2026-09-13 19:30:30,949 - root - INFO - [31mstep: 82  [32mloss: -1.00000  [38;2;180;60;0mgrad_norm:  2.3125  [38;2;54;234;195mmemory:  5.28GiB(34.14%)  [34mtps: 24  [36mtflops: 0.09  [35mmfu: 0.03%[39m
REPR 83 rank6 loss -1.00000000000000000e+00 gn 2.84375000000000000e+00
REPR 83 rank4 loss -1.00000000000000000e+00 gn 2.84375000000000000e+00REPR 83 rank2 loss -1.00000000000000000e+00 gn 2.84375000000000000e+00

[titan] 2026-09-13 19:30:32,237 - root - INFO - [31mstep: 83  [32mloss: -1.00000  [38;2;180;60;0mgrad_norm:  2.8438  [38;2;54;234;195mmemory:  1.64GiB(10.59%)  [34mtps: 25  [36mtflops: 0.09  [35mmfu: 0.03%[39m
REPR 83 rank5 loss -1.00000000000000000e+00 gn 2.84375000000000000e+00
REPR 83 rank3 loss -1.00000000000000000e+00 gn 2.84375000000000000e+00
[titan] 2026-09-13 19:30:32,237 - root - INFO - [31mstep: 83  [32mloss: -1.00000  [38;2;180;60;0mgrad_norm:  2.8438  [38;2;54;234;195mmemory:  1.71GiB(11.08%)  [34mtps: 25  [36mtflops: 0.09  [35mmfu: 0.03%[39m
[titan] 2026-09-13 19:30:32,237 - root - INFO - [31mstep: 83  [32mloss: -1.00000  [38;2;180;60;0mgrad_norm:  2.8438  [38;2;54;234;195mmemory:  1.64GiB(10.59%)  [34mtps: 25  [36mtflops: 0.09  [35mmfu: 0.03%[39m
[titan] 2026-09-13 19:30:32,237 - root - INFO - [31mstep: 83  [32mloss: -1.00000  [38;2;180;60;0mgrad_norm:  2.8438  [38;2;54;234;195mmemory:  1.70GiB(11.00%)  [34mtps: 25  [36mtflops: 0.09  [35mmfu: 0.03%[39m
[titan] 2026-09-13 19:30:32,237 - root - INFO - [31mstep: 83  [32mloss: -1.00000  [38;2;180;60;0mgrad_norm:  2.8438  [38;2;54;234;195mmemory:  1.71GiB(11.02%)  [34mtps: 25  [36mtflops: 0.09  [35mmfu: 0.03%[39m
REPR 83 rank1 loss -1.00000000000000000e+00 gn 2.84375000000000000e+00
[titan] 2026-09-13 19:30:32,238 - root - INFO - [31mstep: 83  [32mloss: -1.00000  [38;2;180;60;0mgrad_norm:  2.8438  [38;2;54;234;195mmemory:  2.07GiB(13.40%)  [34mtps: 25  [36mtflops: 0.09  [35mmfu: 0.03%[39m
REPR 83 rank7 loss 2.89641189575195312e+00 gn 2.84375000000000000e+00
[titan] 2026-09-13 19:30:32,242 - root - INFO - [31mstep: 83  [32mloss:  2.89641  [38;2;180;60;0mgrad_norm:  2.8438  [38;2;54;234;195mmemory:  5.93GiB(38.31%)  [34mtps: 25  [36mtflops: 0.09  [35mmfu: 0.03%[39m
REPR 83 rank0 loss -1.00000000000000000e+00 gn 2.84375000000000000e+00
[titan] 2026-09-13 19:30:32,243 - root - INFO - [31mstep: 83  [32mloss: -1.00000  [38;2;180;60;0mgrad_norm:  2.8438  [38;2;54;234;195mmemory:  5.28GiB(34.14%)  [34mtps: 25  [36mtflops: 0.09  [35mmfu: 0.03%[39m
REPR 84 rank2 loss -1.00000000000000000e+00 gn 2.31250000000000000e+00
REPR 84 rank6 loss -1.00000000000000000e+00 gn 2.31250000000000000e+00
REPR 84 rank4 loss -1.00000000000000000e+00 gn 2.31250000000000000e+00
[titan] 2026-09-13 19:30:33,544 - root - INFO - [31mstep: 84  [32mloss: -1.00000  [38;2;180;60;0mgrad_norm:  2.3125  [38;2;54;234;195mmemory:  1.64GiB(10.59%)  [34mtps: 24  [36mtflops: 0.09  [35mmfu: 0.03%[39m
[titan] 2026-09-13 19:30:33,545 - root - INFO - [31mstep: 84  [32mloss: -1.00000  [38;2;180;60;0mgrad_norm:  2.3125  [38;2;54;234;195mmemory:  1.64GiB(10.59%)  [34mtps: 24  [36mtflops: 0.09  [35mmfu: 0.03%[39m
REPR 84 rank3 loss -1.00000000000000000e+00 gn 2.31250000000000000e+00
REPR 84 rank5 loss -1.00000000000000000e+00 gn 2.31250000000000000e+00[titan] 2026-09-13 19:30:33,545 - root - INFO - [31mstep: 84  [32mloss: -1.00000  [38;2;180;60;0mgrad_norm:  2.3125  [38;2;54;234;195mmemory:  1.71GiB(11.08%)  [34mtps: 24  [36mtflops: 0.09  [35mmfu: 0.03%[39m

[titan] 2026-09-13 19:30:33,545 - root - INFO - [31mstep: 84  [32mloss: -1.00000  [38;2;180;60;0mgrad_norm:  2.3125  [38;2;54;234;195mmemory:  1.71GiB(11.02%)  [34mtps: 24  [36mtflops: 0.09  [35mmfu: 0.03%[39m
[titan] 2026-09-13 19:30:33,545 - root - INFO - [31mstep: 84  [32mloss: -1.00000  [38;2;180;60;0mgrad_norm:  2.3125  [38;2;54;234;195mmemory:  1.70GiB(11.00%)  [34mtps: 24  [36mtflops: 0.09  [35mmfu: 0.03%[39m
REPR 84 rank1 loss -1.00000000000000000e+00 gn 2.31250000000000000e+00
[titan] 2026-09-13 19:30:33,546 - root - INFO - [31mstep: 84  [32mloss: -1.00000  [38;2;180;60;0mgrad_norm:  2.3125  [38;2;54;234;195mmemory:  2.07GiB(13.40%)  [34mtps: 24  [36mtflops: 0.09  [35mmfu: 0.03%[39m
REPR 84 rank7 loss 2.72348880767822266e+00 gn 2.31250000000000000e+00
[titan] 2026-09-13 19:30:33,550 - root - INFO - [31mstep: 84  [32mloss:  2.72349  [38;2;180;60;0mgrad_norm:  2.3125  [38;2;54;234;195mmemory:  5.93GiB(38.31%)  [34mtps: 24  [36mtflops: 0.09  [35mmfu: 0.03%[39m
REPR 84 rank0 loss -1.00000000000000000e+00 gn 2.31250000000000000e+00
[titan] 2026-09-13 19:30:33,551 - root - INFO - [31mstep: 84  [32mloss: -1.00000  [38;2;180;60;0mgrad_norm:  2.3125  [38;2;54;234;195mmemory:  5.28GiB(34.14%)  [34mtps: 24  [36mtflops: 0.09  [35mmfu: 0.03%[39m
REPR 85 rank2 loss -1.00000000000000000e+00 gn 2.81250000000000000e+00
REPR 85 rank6 loss -1.00000000000000000e+00 gn 2.81250000000000000e+00
REPR 85 rank4 loss -1.00000000000000000e+00 gn 2.81250000000000000e+00
[titan] 2026-09-13 19:30:34,833 - root - INFO - [31mstep: 85  [32mloss: -1.00000  [38;2;180;60;0mgrad_norm:  2.8125  [38;2;54;234;195mmemory:  1.64GiB(10.59%)  [34mtps: 25  [36mtflops: 0.09  [35mmfu: 0.03%[39m
[titan] 2026-09-13 19:30:34,833 - root - INFO - [31mstep: 85  [32mloss: -1.00000  [38;2;180;60;0mgrad_norm:  2.8125  [38;2;54;234;195mmemory:  1.64GiB(10.59%)  [34mtps: 25  [36mtflops: 0.09  [35mmfu: 0.03%[39m
REPR 85 rank3 loss -1.00000000000000000e+00 gn 2.81250000000000000e+00REPR 85 rank5 loss -1.00000000000000000e+00 gn 2.81250000000000000e+00

[titan] 2026-09-13 19:30:34,833 - root - INFO - [31mstep: 85  [32mloss: -1.00000  [38;2;180;60;0mgrad_norm:  2.8125  [38;2;54;234;195mmemory:  1.71GiB(11.08%)  [34mtps: 25  [36mtflops: 0.09  [35mmfu: 0.03%[39m
[titan] 2026-09-13 19:30:34,834 - root - INFO - [31mstep: 85  [32mloss: -1.00000  [38;2;180;60;0mgrad_norm:  2.8125  [38;2;54;234;195mmemory:  1.71GiB(11.02%)  [34mtps: 25  [36mtflops: 0.09  [35mmfu: 0.03%[39m
[titan] 2026-09-13 19:30:34,834 - root - INFO - [31mstep: 85  [32mloss: -1.00000  [38;2;180;60;0mgrad_norm:  2.8125  [38;2;54;234;195mmemory:  1.70GiB(11.00%)  [34mtps: 25  [36mtflops: 0.09  [35mmfu: 0.03%[39m
REPR 85 rank1 loss -1.00000000000000000e+00 gn 2.81250000000000000e+00
[titan] 2026-09-13 19:30:34,835 - root - INFO - [31mstep: 85  [32mloss: -1.00000  [38;2;180;60;0mgrad_norm:  2.8125  [38;2;54;234;195mmemory:  2.07GiB(13.40%)  [34mtps: 25  [36mtflops: 0.09  [35mmfu: 0.03%[39m
REPR 85 rank7 loss 2.56009507179260254e+00 gn 2.81250000000000000e+00
[titan] 2026-09-13 19:30:34,839 - root - INFO - [31mstep: 85  [32mloss:  2.56010  [38;2;180;60;0mgrad_norm:  2.8125  [38;2;54;234;195mmemory:  5.93GiB(38.31%)  [34mtps: 25  [36mtflops: 0.09  [35mmfu: 0.03%[39m
REPR 85 rank0 loss -1.00000000000000000e+00 gn 2.81250000000000000e+00
[titan] 2026-09-13 19:30:34,839 - root - INFO - [31mstep: 85  [32mloss: -1.00000  [38;2;180;60;0mgrad_norm:  2.8125  [38;2;54;234;195mmemory:  5.28GiB(34.14%)  [34mtps: 25  [36mtflops: 0.09  [35mmfu: 0.03%[39m
REPR 86 rank2 loss -1.00000000000000000e+00 gn 2.65625000000000000e+00
REPR 86 rank6 loss -1.00000000000000000e+00 gn 2.65625000000000000e+00
REPR 86 rank4 loss -1.00000000000000000e+00 gn 2.65625000000000000e+00
[titan] 2026-09-13 19:30:36,121 - root - INFO - [31mstep: 86  [32mloss: -1.00000  [38;2;180;60;0mgrad_norm:  2.6562  [38;2;54;234;195mmemory:  1.64GiB(10.59%)  [34mtps: 25  [36mtflops: 0.09  [35mmfu: 0.03%[39m
[titan] 2026-09-13 19:30:36,121 - root - INFO - [31mstep: 86  [32mloss: -1.00000  [38;2;180;60;0mgrad_norm:  2.6562  [38;2;54;234;195mmemory:  1.64GiB(10.59%)  [34mtps: 25  [36mtflops: 0.09  [35mmfu: 0.03%[39m
[titan] 2026-09-13 19:30:36,121 - root - INFO - [31mstep: 86  [32mloss: -1.00000  [38;2;180;60;0mgrad_norm:  2.6562  [38;2;54;234;195mmemory:  1.71GiB(11.08%)  [34mtps: 25  [36mtflops: 0.09  [35mmfu: 0.03%[39m
REPR 86 rank5 loss -1.00000000000000000e+00 gn 2.65625000000000000e+00
REPR 86 rank3 loss -1.00000000000000000e+00 gn 2.65625000000000000e+00
[titan] 2026-09-13 19:30:36,122 - root - INFO - [31mstep: 86  [32mloss: -1.00000  [38;2;180;60;0mgrad_norm:  2.6562  [38;2;54;234;195mmemory:  1.70GiB(11.00%)  [34mtps: 25  [36mtflops: 0.09  [35mmfu: 0.03%[39m
[titan] 2026-09-13 19:30:36,122 - root - INFO - [31mstep: 86  [32mloss: -1.00000  [38;2;180;60;0mgrad_norm:  2.6562  [38;2;54;234;195mmemory:  1.71GiB(11.02%)  [34mtps: 25  [36mtflops: 0.09  [35mmfu: 0.03%[39m
REPR 86 rank1 loss -1.00000000000000000e+00 gn 2.65625000000000000e+00
[titan] 2026-09-13 19:30:36,123 - root - INFO - [31mstep: 86  [32mloss: -1.00000  [38;2;180;60;0mgrad_norm:  2.6562  [38;2;54;234;195mmemory:  2.07GiB(13.40%)  [34mtps: 25  [36mtflops: 0.09  [35mmfu: 0.03%[39m
REPR 86 rank7 loss 2.65648055076599121e+00 gn 2.65625000000000000e+00
[titan] 2026-09-13 19:30:36,127 - root - INFO - [31mstep: 86  [32mloss:  2.65648  [38;2;180;60;0mgrad_norm:  2.6562  [38;2;54;234;195mmemory:  5.93GiB(38.31%)  [34mtps: 25  [36mtflops: 0.09  [35mmfu: 0.03%[39m
REPR 86 rank0 loss -1.00000000000000000e+00 gn 2.65625000000000000e+00
[titan] 2026-09-13 19:30:36,127 - root - INFO - [31mstep: 86  [32mloss: -1.00000  [38;2;180;60;0mgrad_norm:  2.6562  [38;2;54;234;195mmemory:  5.28GiB(34.14%)  [34mtps: 25  [36mtflops: 0.09  [35mmfu: 0.03%[39m
REPR 87 rank2 loss -1.00000000000000000e+00 gn 2.26562500000000000e+00
REPR 87 rank6 loss -1.00000000000000000e+00 gn 2.26562500000000000e+00
REPR 87 rank4 loss -1.00000000000000000e+00 gn 2.26562500000000000e+00
[titan] 2026-09-13 19:30:37,425 - root - INFO - [31mstep: 87  [32mloss: -1.00000  [38;2;180;60;0mgrad_norm:  2.2656  [38;2;54;234;195mmemory:  1.64GiB(10.59%)  [34mtps: 25  [36mtflops: 0.09  [35mmfu: 0.03%[39m
[titan] 2026-09-13 19:30:37,425 - root - INFO - [31mstep: 87  [32mloss: -1.00000  [38;2;180;60;0mgrad_norm:  2.2656  [38;2;54;234;195mmemory:  1.64GiB(10.59%)  [34mtps: 25  [36mtflops: 0.09  [35mmfu: 0.03%[39m
REPR 87 rank3 loss -1.00000000000000000e+00 gn 2.26562500000000000e+00
REPR 87 rank5 loss -1.00000000000000000e+00 gn 2.26562500000000000e+00
[titan] 2026-09-13 19:30:37,426 - root - INFO - [31mstep: 87  [32mloss: -1.00000  [38;2;180;60;0mgrad_norm:  2.2656  [38;2;54;234;195mmemory:  1.71GiB(11.08%)  [34mtps: 25  [36mtflops: 0.09  [35mmfu: 0.03%[39m
[titan] 2026-09-13 19:30:37,426 - root - INFO - [31mstep: 87  [32mloss: -1.00000  [38;2;180;60;0mgrad_norm:  2.2656  [38;2;54;234;195mmemory:  1.71GiB(11.02%)  [34mtps: 25  [36mtflops: 0.09  [35mmfu: 0.03%[39m
[titan] 2026-09-13 19:30:37,426 - root - INFO - [31mstep: 87  [32mloss: -1.00000  [38;2;180;60;0mgrad_norm:  2.2656  [38;2;54;234;195mmemory:  1.70GiB(11.00%)  [34mtps: 25  [36mtflops: 0.09  [35mmfu: 0.03%[39m
REPR 87 rank1 loss -1.00000000000000000e+00 gn 2.26562500000000000e+00
[titan] 2026-09-13 19:30:37,427 - root - INFO - [31mstep: 87  [32mloss: -1.00000  [38;2;180;60;0mgrad_norm:  2.2656  [38;2;54;234;195mmemory:  2.07GiB(13.40%)  [34mtps: 25  [36mtflops: 0.09  [35mmfu: 0.03%[39m
REPR 87 rank7 loss 2.89568281173706055e+00 gn 2.26562500000000000e+00
[titan] 2026-09-13 19:30:37,431 - root - INFO - [31mstep: 87  [32mloss:  2.89568  [38;2;180;60;0mgrad_norm:  2.2656  [38;2;54;234;195mmemory:  5.93GiB(38.31%)  [34mtps: 25  [36mtflops: 0.09  [35mmfu: 0.03%[39m
REPR 87 rank0 loss -1.00000000000000000e+00 gn 2.26562500000000000e+00
[titan] 2026-09-13 19:30:37,432 - root - INFO - [31mstep: 87  [32mloss: -1.00000  [38;2;180;60;0mgrad_norm:  2.2656  [38;2;54;234;195mmemory:  5.28GiB(34.14%)  [34mtps: 25  [36mtflops: 0.09  [35mmfu: 0.03%[39m
REPR 88 rank2 loss -1.00000000000000000e+00 gn 2.01562500000000000e+00
REPR 88 rank6 loss -1.00000000000000000e+00 gn 2.01562500000000000e+00
REPR 88 rank4 loss -1.00000000000000000e+00 gn 2.01562500000000000e+00
[titan] 2026-09-13 19:30:38,731 - root - INFO - [31mstep: 88  [32mloss: -1.00000  [38;2;180;60;0mgrad_norm:  2.0156  [38;2;54;234;195mmemory:  1.64GiB(10.59%)  [34mtps: 25  [36mtflops: 0.09  [35mmfu: 0.03%[39m
[titan] 2026-09-13 19:30:38,731 - root - INFO - [31mstep: 88  [32mloss: -1.00000  [38;2;180;60;0mgrad_norm:  2.0156  [38;2;54;234;195mmemory:  1.64GiB(10.59%)  [34mtps: 25  [36mtflops: 0.09  [35mmfu: 0.03%[39m
REPR 88 rank3 loss -1.00000000000000000e+00 gn 2.01562500000000000e+00
[titan] 2026-09-13 19:30:38,731 - root - INFO - [31mstep: 88  [32mloss: -1.00000  [38;2;180;60;0mgrad_norm:  2.0156  [38;2;54;234;195mmemory:  1.71GiB(11.08%)  [34mtps: 25  [36mtflops: 0.09  [35mmfu: 0.03%[39m
[titan] 2026-09-13 19:30:38,731 - root - INFO - [31mstep: 88  [32mloss: -1.00000  [38;2;180;60;0mgrad_norm:  2.0156  [38;2;54;234;195mmemory:  1.71GiB(11.02%)  [34mtps: 25  [36mtflops: 0.09  [35mmfu: 0.03%[39m
REPR 88 rank5 loss -1.00000000000000000e+00 gn 2.01562500000000000e+00
[titan] 2026-09-13 19:30:38,732 - root - INFO - [31mstep: 88  [32mloss: -1.00000  [38;2;180;60;0mgrad_norm:  2.0156  [38;2;54;234;195mmemory:  1.70GiB(11.00%)  [34mtps: 25  [36mtflops: 0.09  [35mmfu: 0.03%[39m
REPR 88 rank1 loss -1.00000000000000000e+00 gn 2.01562500000000000e+00
[titan] 2026-09-13 19:30:38,733 - root - INFO - [31mstep: 88  [32mloss: -1.00000  [38;2;180;60;0mgrad_norm:  2.0156  [38;2;54;234;195mmemory:  2.07GiB(13.40%)  [34mtps: 25  [36mtflops: 0.09  [35mmfu: 0.03%[39m
REPR 88 rank7 loss 2.78788661956787109e+00 gn 2.01562500000000000e+00
[titan] 2026-09-13 19:30:38,736 - root - INFO - [31mstep: 88  [32mloss:  2.78789  [38;2;180;60;0mgrad_norm:  2.0156  [38;2;54;234;195mmemory:  5.93GiB(38.31%)  [34mtps: 25  [36mtflops: 0.09  [35mmfu: 0.03%[39m
REPR 88 rank0 loss -1.00000000000000000e+00 gn 2.01562500000000000e+00
[titan] 2026-09-13 19:30:38,737 - root - INFO - [31mstep: 88  [32mloss: -1.00000  [38;2;180;60;0mgrad_norm:  2.0156  [38;2;54;234;195mmemory:  5.28GiB(34.14%)  [34mtps: 25  [36mtflops: 0.09  [35mmfu: 0.03%[39m
REPR 89 rank2 loss -1.00000000000000000e+00 gn 3.17187500000000000e+00
REPR 89 rank4 loss -1.00000000000000000e+00 gn 3.17187500000000000e+00
[titan] 2026-09-13 19:30:40,055 - root - INFO - [31mstep: 89  [32mloss: -1.00000  [38;2;180;60;0mgrad_norm:  3.1719  [38;2;54;234;195mmemory:  1.64GiB(10.59%)  [34mtps: 24  [36mtflops: 0.08  [35mmfu: 0.03%[39m
REPR 89 rank6 loss -1.00000000000000000e+00 gn 3.17187500000000000e+00
REPR 89 rank5 loss -1.00000000000000000e+00 gn 3.17187500000000000e+00[titan] 2026-09-13 19:30:40,056 - root - INFO - [31mstep: 89  [32mloss: -1.00000  [38;2;180;60;0mgrad_norm:  3.1719  [38;2;54;234;195mmemory:  1.71GiB(11.08%)  [34mtps: 24  [36mtflops: 0.08  [35mmfu: 0.03%[39m

REPR 89 rank3 loss -1.00000000000000000e+00 gn 3.17187500000000000e+00
[titan] 2026-09-13 19:30:40,056 - root - INFO - [31mstep: 89  [32mloss: -1.00000  [38;2;180;60;0mgrad_norm:  3.1719  [38;2;54;234;195mmemory:  1.64GiB(10.59%)  [34mtps: 24  [36mtflops: 0.08  [35mmfu: 0.03%[39m
[titan] 2026-09-13 19:30:40,056 - root - INFO - [31mstep: 89  [32mloss: -1.00000  [38;2;180;60;0mgrad_norm:  3.1719  [38;2;54;234;195mmemory:  1.70GiB(11.00%)  [34mtps: 24  [36mtflops: 0.08  [35mmfu: 0.03%[39m
[titan] 2026-09-13 19:30:40,056 - root - INFO - [31mstep: 89  [32mloss: -1.00000  [38;2;180;60;0mgrad_norm:  3.1719  [38;2;54;234;195mmemory:  1.71GiB(11.02%)  [34mtps: 24  [36mtflops: 0.08  [35mmfu: 0.03%[39m
REPR 89 rank1 loss -1.00000000000000000e+00 gn 3.17187500000000000e+00
[titan] 2026-09-13 19:30:40,057 - root - INFO - [31mstep: 89  [32mloss: -1.00000  [38;2;180;60;0mgrad_norm:  3.1719  [38;2;54;234;195mmemory:  2.07GiB(13.40%)  [34mtps: 24  [36mtflops: 0.08  [35mmfu: 0.03%[39m
REPR 89 rank7 loss 2.77469539642333984e+00 gn 3.17187500000000000e+00
[titan] 2026-09-13 19:30:40,061 - root - INFO - [31mstep: 89  [32mloss:  2.77470  [38;2;180;60;0mgrad_norm:  3.1719  [38;2;54;234;195mmemory:  5.93GiB(38.31%)  [34mtps: 24  [36mtflops: 0.08  [35mmfu: 0.03%[39m
REPR 89 rank0 loss -1.00000000000000000e+00 gn 3.17187500000000000e+00
[titan] 2026-09-13 19:30:40,062 - root - INFO - [31mstep: 89  [32mloss: -1.00000  [38;2;180;60;0mgrad_norm:  3.1719  [38;2;54;234;195mmemory:  5.28GiB(34.14%)  [34mtps: 24  [36mtflops: 0.08  [35mmfu: 0.03%[39m
REPR 90 rank2 loss -1.00000000000000000e+00 gn 2.15625000000000000e+00
REPR 90 rank4 loss -1.00000000000000000e+00 gn 2.15625000000000000e+00[titan] 2026-09-13 19:30:41,382 - root - INFO - [31mstep: 90  [32mloss: -1.00000  [38;2;180;60;0mgrad_norm:  2.1562  [38;2;54;234;195mmemory:  1.64GiB(10.59%)  [34mtps: 24  [36mtflops: 0.08  [35mmfu: 0.03%[39m

REPR 90 rank6 loss -1.00000000000000000e+00 gn 2.15625000000000000e+00
REPR 90 rank3 loss -1.00000000000000000e+00 gn 2.15625000000000000e+00
REPR 90 rank5 loss -1.00000000000000000e+00 gn 2.15625000000000000e+00
[titan] 2026-09-13 19:30:41,383 - root - INFO - [31mstep: 90  [32mloss: -1.00000  [38;2;180;60;0mgrad_norm:  2.1562  [38;2;54;234;195mmemory:  1.71GiB(11.08%)  [34mtps: 24  [36mtflops: 0.08  [35mmfu: 0.03%[39m
[titan] 2026-09-13 19:30:41,383 - root - INFO - [31mstep: 90  [32mloss: -1.00000  [38;2;180;60;0mgrad_norm:  2.1562  [38;2;54;234;195mmemory:  1.64GiB(10.59%)  [34mtps: 24  [36mtflops: 0.08  [35mmfu: 0.03%[39m
[titan] 2026-09-13 19:30:41,383 - root - INFO - [31mstep: 90  [32mloss: -1.00000  [38;2;180;60;0mgrad_norm:  2.1562  [38;2;54;234;195mmemory:  1.71GiB(11.02%)  [34mtps: 24  [36mtflops: 0.08  [35mmfu: 0.03%[39m
[titan] 2026-09-13 19:30:41,383 - root - INFO - [31mstep: 90  [32mloss: -1.00000  [38;2;180;60;0mgrad_norm:  2.1562  [38;2;54;234;195mmemory:  1.70GiB(11.00%)  [34mtps: 24  [36mtflops: 0.08  [35mmfu: 0.03%[39m
REPR 90 rank1 loss -1.00000000000000000e+00 gn 2.15625000000000000e+00
[titan] 2026-09-13 19:30:41,384 - root - INFO - [31mstep: 90  [32mloss: -1.00000  [38;2;180;60;0mgrad_norm:  2.1562  [38;2;54;234;195mmemory:  2.07GiB(13.40%)  [34mtps: 24  [36mtflops: 0.08  [35mmfu: 0.03%[39m
REPR 90 rank7 loss 2.62895464897155762e+00 gn 2.15625000000000000e+00
[titan] 2026-09-13 19:30:41,388 - root - INFO - [31mstep: 90  [32mloss:  2.62895  [38;2;180;60;0mgrad_norm:  2.1562  [38;2;54;234;195mmemory:  5.93GiB(38.31%)  [34mtps: 24  [36mtflops: 0.08  [35mmfu: 0.03%[39m
REPR 90 rank0 loss -1.00000000000000000e+00 gn 2.15625000000000000e+00
[titan] 2026-09-13 19:30:41,388 - root - INFO - [31mstep: 90  [32mloss: -1.00000  [38;2;180;60;0mgrad_norm:  2.1562  [38;2;54;234;195mmemory:  5.28GiB(34.14%)  [34mtps: 24  [36mtflops: 0.08  [35mmfu: 0.03%[39m
REPR 91 rank2 loss -1.00000000000000000e+00 gn 2.43750000000000000e+00
REPR 91 rank6 loss -1.00000000000000000e+00 gn 2.43750000000000000e+00
REPR 91 rank4 loss -1.00000000000000000e+00 gn 2.43750000000000000e+00
[titan] 2026-09-13 19:30:42,701 - root - INFO - [31mstep: 91  [32mloss: -1.00000  [38;2;180;60;0mgrad_norm:  2.4375  [38;2;54;234;195mmemory:  1.64GiB(10.59%)  [34mtps: 24  [36mtflops: 0.08  [35mmfu: 0.03%[39m
[titan] 2026-09-13 19:30:42,701 - root - INFO - [31mstep: 91  [32mloss: -1.00000  [38;2;180;60;0mgrad_norm:  2.4375  [38;2;54;234;195mmemory:  1.64GiB(10.59%)  [34mtps: 24  [36mtflops: 0.08  [35mmfu: 0.03%[39m
REPR 91 rank3 loss -1.00000000000000000e+00 gn 2.43750000000000000e+00
REPR 91 rank5 loss -1.00000000000000000e+00 gn 2.43750000000000000e+00[titan] 2026-09-13 19:30:42,701 - root - INFO - [31mstep: 91  [32mloss: -1.00000  [38;2;180;60;0mgrad_norm:  2.4375  [38;2;54;234;195mmemory:  1.71GiB(11.08%)  [34mtps: 24  [36mtflops: 0.08  [35mmfu: 0.03%[39m

[titan] 2026-09-13 19:30:42,701 - root - INFO - [31mstep: 91  [32mloss: -1.00000  [38;2;180;60;0mgrad_norm:  2.4375  [38;2;54;234;195mmemory:  1.71GiB(11.02%)  [34mtps: 24  [36mtflops: 0.08  [35mmfu: 0.03%[39m
[titan] 2026-09-13 19:30:42,701 - root - INFO - [31mstep: 91  [32mloss: -1.00000  [38;2;180;60;0mgrad_norm:  2.4375  [38;2;54;234;195mmemory:  1.70GiB(11.00%)  [34mtps: 24  [36mtflops: 0.08  [35mmfu: 0.03%[39m
REPR 91 rank1 loss -1.00000000000000000e+00 gn 2.43750000000000000e+00
[titan] 2026-09-13 19:30:42,702 - root - INFO - [31mstep: 91  [32mloss: -1.00000  [38;2;180;60;0mgrad_norm:  2.4375  [38;2;54;234;195mmemory:  2.07GiB(13.40%)  [34mtps: 24  [36mtflops: 0.08  [35mmfu: 0.03%[39m
REPR 91 rank7 loss 2.95328211784362793e+00 gn 2.43750000000000000e+00
[titan] 2026-09-13 19:30:42,706 - root - INFO - [31mstep: 91  [32mloss:  2.95328  [38;2;180;60;0mgrad_norm:  2.4375  [38;2;54;234;195mmemory:  5.93GiB(38.31%)  [34mtps: 24  [36mtflops: 0.08  [35mmfu: 0.03%[39m
REPR 91 rank0 loss -1.00000000000000000e+00 gn 2.43750000000000000e+00
[titan] 2026-09-13 19:30:42,707 - root - INFO - [31mstep: 91  [32mloss: -1.00000  [38;2;180;60;0mgrad_norm:  2.4375  [38;2;54;234;195mmemory:  5.28GiB(34.14%)  [34mtps: 24  [36mtflops: 0.08  [35mmfu: 0.03%[39m
REPR 92 rank2 loss -1.00000000000000000e+00 gn 3.31250000000000000e+00
REPR 92 rank6 loss -1.00000000000000000e+00 gn 3.31250000000000000e+00
REPR 92 rank4 loss -1.00000000000000000e+00 gn 3.31250000000000000e+00
[titan] 2026-09-13 19:30:44,004 - root - INFO - [31mstep: 92  [32mloss: -1.00000  [38;2;180;60;0mgrad_norm:  3.3125  [38;2;54;234;195mmemory:  1.64GiB(10.59%)  [34mtps: 25  [36mtflops: 0.09  [35mmfu: 0.03%[39m
[titan] 2026-09-13 19:30:44,004 - root - INFO - [31mstep: 92  [32mloss: -1.00000  [38;2;180;60;0mgrad_norm:  3.3125  [38;2;54;234;195mmemory:  1.64GiB(10.59%)  [34mtps: 25  [36mtflops: 0.09  [35mmfu: 0.03%[39m
REPR 92 rank3 loss -1.00000000000000000e+00 gn 3.31250000000000000e+00
[titan] 2026-09-13 19:30:44,004 - root - INFO - [31mstep: 92  [32mloss: -1.00000  [38;2;180;60;0mgrad_norm:  3.3125  [38;2;54;234;195mmemory:  1.71GiB(11.08%)  [34mtps: 25  [36mtflops: 0.09  [35mmfu: 0.03%[39m
REPR 92 rank5 loss -1.00000000000000000e+00 gn 3.31250000000000000e+00
[titan] 2026-09-13 19:30:44,004 - root - INFO - [31mstep: 92  [32mloss: -1.00000  [38;2;180;60;0mgrad_norm:  3.3125  [38;2;54;234;195mmemory:  1.71GiB(11.02%)  [34mtps: 25  [36mtflops: 0.09  [35mmfu: 0.03%[39m
[titan] 2026-09-13 19:30:44,004 - root - INFO - [31mstep: 92  [32mloss: -1.00000  [38;2;180;60;0mgrad_norm:  3.3125  [38;2;54;234;195mmemory:  1.70GiB(11.00%)  [34mtps: 25  [36mtflops: 0.09  [35mmfu: 0.03%[39m
REPR 92 rank1 loss -1.00000000000000000e+00 gn 3.31250000000000000e+00
[titan] 2026-09-13 19:30:44,006 - root - INFO - [31mstep: 92  [32mloss: -1.00000  [38;2;180;60;0mgrad_norm:  3.3125  [38;2;54;234;195mmemory:  2.07GiB(13.40%)  [34mtps: 25  [36mtflops: 0.09  [35mmfu: 0.03%[39m
REPR 92 rank7 loss 2.99699640274047852e+00 gn 3.31250000000000000e+00
[titan] 2026-09-13 19:30:44,009 - root - INFO - [31mstep: 92  [32mloss:  2.99700  [38;2;180;60;0mgrad_norm:  3.3125  [38;2;54;234;195mmemory:  5.93GiB(38.31%)  [34mtps: 25  [36mtflops: 0.09  [35mmfu: 0.03%[39m
REPR 92 rank0 loss -1.00000000000000000e+00 gn 3.31250000000000000e+00
[titan] 2026-09-13 19:30:44,010 - root - INFO - [31mstep: 92  [32mloss: -1.00000  [38;2;180;60;0mgrad_norm:  3.3125  [38;2;54;234;195mmemory:  5.28GiB(34.14%)  [34mtps: 25  [36mtflops: 0.09  [35mmfu: 0.03%[39m
REPR 93 rank2 loss -1.00000000000000000e+00 gn 2.53125000000000000e+00
REPR 93 rank6 loss -1.00000000000000000e+00 gn 2.53125000000000000e+00
REPR 93 rank4 loss -1.00000000000000000e+00 gn 2.53125000000000000e+00
[titan] 2026-09-13 19:30:45,298 - root - INFO - [31mstep: 93  [32mloss: -1.00000  [38;2;180;60;0mgrad_norm:  2.5312  [38;2;54;234;195mmemory:  1.64GiB(10.59%)  [34mtps: 25  [36mtflops: 0.09  [35mmfu: 0.03%[39m
[titan] 2026-09-13 19:30:45,299 - root - INFO - [31mstep: 93  [32mloss: -1.00000  [38;2;180;60;0mgrad_norm:  2.5312  [38;2;54;234;195mmemory:  1.64GiB(10.59%)  [34mtps: 25  [36mtflops: 0.09  [35mmfu: 0.03%[39m
REPR 93 rank3 loss -1.00000000000000000e+00 gn 2.53125000000000000e+00
[titan] 2026-09-13 19:30:45,299 - root - INFO - [31mstep: 93  [32mloss: -1.00000  [38;2;180;60;0mgrad_norm:  2.5312  [38;2;54;234;195mmemory:  1.71GiB(11.08%)  [34mtps: 25  [36mtflops: 0.09  [35mmfu: 0.03%[39m
REPR 93 rank5 loss -1.00000000000000000e+00 gn 2.53125000000000000e+00
[titan] 2026-09-13 19:30:45,299 - root - INFO - [31mstep: 93  [32mloss: -1.00000  [38;2;180;60;0mgrad_norm:  2.5312  [38;2;54;234;195mmemory:  1.71GiB(11.02%)  [34mtps: 25  [36mtflops: 0.09  [35mmfu: 0.03%[39m
[titan] 2026-09-13 19:30:45,299 - root - INFO - [31mstep: 93  [32mloss: -1.00000  [38;2;180;60;0mgrad_norm:  2.5312  [38;2;54;234;195mmemory:  1.70GiB(11.00%)  [34mtps: 25  [36mtflops: 0.09  [35mmfu: 0.03%[39m
REPR 93 rank1 loss -1.00000000000000000e+00 gn 2.53125000000000000e+00
[titan] 2026-09-13 19:30:45,300 - root - INFO - [31mstep: 93  [32mloss: -1.00000  [38;2;180;60;0mgrad_norm:  2.5312  [38;2;54;234;195mmemory:  2.07GiB(13.40%)  [34mtps: 25  [36mtflops: 0.09  [35mmfu: 0.03%[39m
REPR 93 rank7 loss 2.96564555168151855e+00 gn 2.53125000000000000e+00
[titan] 2026-09-13 19:30:45,304 - root - INFO - [31mstep: 93  [32mloss:  2.96565  [38;2;180;60;0mgrad_norm:  2.5312  [38;2;54;234;195mmemory:  5.93GiB(38.31%)  [34mtps: 25  [36mtflops: 0.09  [35mmfu: 0.03%[39m
REPR 93 rank0 loss -1.00000000000000000e+00 gn 2.53125000000000000e+00
[titan] 2026-09-13 19:30:45,304 - root - INFO - [31mstep: 93  [32mloss: -1.00000  [38;2;180;60;0mgrad_norm:  2.5312  [38;2;54;234;195mmemory:  5.28GiB(34.14%)  [34mtps: 25  [36mtflops: 0.09  [35mmfu: 0.03%[39m
REPR 94 rank2 loss -1.00000000000000000e+00 gn 2.17187500000000000e+00
REPR 94 rank6 loss -1.00000000000000000e+00 gn 2.17187500000000000e+00
REPR 94 rank4 loss -1.00000000000000000e+00 gn 2.17187500000000000e+00
[titan] 2026-09-13 19:30:46,604 - root - INFO - [31mstep: 94  [32mloss: -1.00000  [38;2;180;60;0mgrad_norm:  2.1719  [38;2;54;234;195mmemory:  1.64GiB(10.59%)  [34mtps: 25  [36mtflops: 0.09  [35mmfu: 0.03%[39m
[titan] 2026-09-13 19:30:46,604 - root - INFO - [31mstep: 94  [32mloss: -1.00000  [38;2;180;60;0mgrad_norm:  2.1719  [38;2;54;234;195mmemory:  1.64GiB(10.59%)  [34mtps: 25  [36mtflops: 0.09  [35mmfu: 0.03%[39m
REPR 94 rank3 loss -1.00000000000000000e+00 gn 2.17187500000000000e+00
[titan] 2026-09-13 19:30:46,604 - root - INFO - [31mstep: 94  [32mloss: -1.00000  [38;2;180;60;0mgrad_norm:  2.1719  [38;2;54;234;195mmemory:  1.71GiB(11.08%)  [34mtps: 25  [36mtflops: 0.09  [35mmfu: 0.03%[39m
REPR 94 rank5 loss -1.00000000000000000e+00 gn 2.17187500000000000e+00
[titan] 2026-09-13 19:30:46,604 - root - INFO - [31mstep: 94  [32mloss: -1.00000  [38;2;180;60;0mgrad_norm:  2.1719  [38;2;54;234;195mmemory:  1.71GiB(11.02%)  [34mtps: 25  [36mtflops: 0.09  [35mmfu: 0.03%[39m
[titan] 2026-09-13 19:30:46,604 - root - INFO - [31mstep: 94  [32mloss: -1.00000  [38;2;180;60;0mgrad_norm:  2.1719  [38;2;54;234;195mmemory:  1.70GiB(11.00%)  [34mtps: 25  [36mtflops: 0.09  [35mmfu: 0.03%[39m
REPR 94 rank1 loss -1.00000000000000000e+00 gn 2.17187500000000000e+00
[titan] 2026-09-13 19:30:46,605 - root - INFO - [31mstep: 94  [32mloss: -1.00000  [38;2;180;60;0mgrad_norm:  2.1719  [38;2;54;234;195mmemory:  2.07GiB(13.40%)  [34mtps: 25  [36mtflops: 0.09  [35mmfu: 0.03%[39m
REPR 94 rank7 loss 2.72920894622802734e+00 gn 2.17187500000000000e+00
[titan] 2026-09-13 19:30:46,609 - root - INFO - [31mstep: 94  [32mloss:  2.72921  [38;2;180;60;0mgrad_norm:  2.1719  [38;2;54;234;195mmemory:  5.93GiB(38.31%)  [34mtps: 25  [36mtflops: 0.09  [35mmfu: 0.03%[39m
REPR 94 rank0 loss -1.00000000000000000e+00 gn 2.17187500000000000e+00
[titan] 2026-09-13 19:30:46,610 - root - INFO - [31mstep: 94  [32mloss: -1.00000  [38;2;180;60;0mgrad_norm:  2.1719  [38;2;54;234;195mmemory:  5.28GiB(34.14%)  [34mtps: 25  [36mtflops: 0.09  [35mmfu: 0.03%[39m
REPR 95 rank2 loss -1.00000000000000000e+00 gn 1.81250000000000000e+00
REPR 95 rank4 loss -1.00000000000000000e+00 gn 1.81250000000000000e+00
REPR 95 rank6 loss -1.00000000000000000e+00 gn 1.81250000000000000e+00
[titan] 2026-09-13 19:30:47,923 - root - INFO - [31mstep: 95  [32mloss: -1.00000  [38;2;180;60;0mgrad_norm:  1.8125  [38;2;54;234;195mmemory:  1.64GiB(10.59%)  [34mtps: 24  [36mtflops: 0.08  [35mmfu: 0.03%[39m
REPR 95 rank5 loss -1.00000000000000000e+00 gn 1.81250000000000000e+00[titan] 2026-09-13 19:30:47,923 - root - INFO - [31mstep: 95  [32mloss: -1.00000  [38;2;180;60;0mgrad_norm:  1.8125  [38;2;54;234;195mmemory:  1.71GiB(11.08%)  [34mtps: 24  [36mtflops: 0.08  [35mmfu: 0.03%[39m

[titan] 2026-09-13 19:30:47,923 - root - INFO - [31mstep: 95  [32mloss: -1.00000  [38;2;180;60;0mgrad_norm:  1.8125  [38;2;54;234;195mmemory:  1.64GiB(10.59%)  [34mtps: 24  [36mtflops: 0.08  [35mmfu: 0.03%[39m
REPR 95 rank3 loss -1.00000000000000000e+00 gn 1.81250000000000000e+00
[titan] 2026-09-13 19:30:47,924 - root - INFO - [31mstep: 95  [32mloss: -1.00000  [38;2;180;60;0mgrad_norm:  1.8125  [38;2;54;234;195mmemory:  1.70GiB(11.00%)  [34mtps: 24  [36mtflops: 0.08  [35mmfu: 0.03%[39m
[titan] 2026-09-13 19:30:47,924 - root - INFO - [31mstep: 95  [32mloss: -1.00000  [38;2;180;60;0mgrad_norm:  1.8125  [38;2;54;234;195mmemory:  1.71GiB(11.02%)  [34mtps: 24  [36mtflops: 0.08  [35mmfu: 0.03%[39m
REPR 95 rank1 loss -1.00000000000000000e+00 gn 1.81250000000000000e+00
[titan] 2026-09-13 19:30:47,925 - root - INFO - [31mstep: 95  [32mloss: -1.00000  [38;2;180;60;0mgrad_norm:  1.8125  [38;2;54;234;195mmemory:  2.07GiB(13.40%)  [34mtps: 24  [36mtflops: 0.08  [35mmfu: 0.03%[39m
REPR 95 rank7 loss 2.83876323699951172e+00 gn 1.81250000000000000e+00
[titan] 2026-09-13 19:30:47,929 - root - INFO - [31mstep: 95  [32mloss:  2.83876  [38;2;180;60;0mgrad_norm:  1.8125  [38;2;54;234;195mmemory:  5.93GiB(38.31%)  [34mtps: 24  [36mtflops: 0.08  [35mmfu: 0.03%[39m
REPR 95 rank0 loss -1.00000000000000000e+00 gn 1.81250000000000000e+00
[titan] 2026-09-13 19:30:47,929 - root - INFO - [31mstep: 95  [32mloss: -1.00000  [38;2;180;60;0mgrad_norm:  1.8125  [38;2;54;234;195mmemory:  5.28GiB(34.14%)  [34mtps: 24  [36mtflops: 0.08  [35mmfu: 0.03%[39m
REPR 96 rank2 loss -1.00000000000000000e+00 gn 2.39062500000000000e+00REPR 96 rank6 loss -1.00000000000000000e+00 gn 2.39062500000000000e+00

REPR 96 rank4 loss -1.00000000000000000e+00 gn 2.39062500000000000e+00
[titan] 2026-09-13 19:30:49,235 - root - INFO - [31mstep: 96  [32mloss: -1.00000  [38;2;180;60;0mgrad_norm:  2.3906  [38;2;54;234;195mmemory:  1.64GiB(10.59%)  [34mtps: 24  [36mtflops: 0.09  [35mmfu: 0.03%[39m
[titan] 2026-09-13 19:30:49,235 - root - INFO - [31mstep: 96  [32mloss: -1.00000  [38;2;180;60;0mgrad_norm:  2.3906  [38;2;54;234;195mmemory:  1.64GiB(10.59%)  [34mtps: 24  [36mtflops: 0.09  [35mmfu: 0.03%[39m
REPR 96 rank3 loss -1.00000000000000000e+00 gn 2.39062500000000000e+00REPR 96 rank5 loss -1.00000000000000000e+00 gn 2.39062500000000000e+00
[titan] 2026-09-13 19:30:49,235 - root - INFO - [31mstep: 96  [32mloss: -1.00000  [38;2;180;60;0mgrad_norm:  2.3906  [38;2;54;234;195mmemory:  1.71GiB(11.08%)  [34mtps: 24  [36mtflops: 0.09  [35mmfu: 0.03%[39m

[titan] 2026-09-13 19:30:49,235 - root - INFO - [31mstep: 96  [32mloss: -1.00000  [38;2;180;60;0mgrad_norm:  2.3906  [38;2;54;234;195mmemory:  1.71GiB(11.02%)  [34mtps: 24  [36mtflops: 0.09  [35mmfu: 0.03%[39m
[titan] 2026-09-13 19:30:49,235 - root - INFO - [31mstep: 96  [32mloss: -1.00000  [38;2;180;60;0mgrad_norm:  2.3906  [38;2;54;234;195mmemory:  1.70GiB(11.00%)  [34mtps: 24  [36mtflops: 0.09  [35mmfu: 0.03%[39m
REPR 96 rank1 loss -1.00000000000000000e+00 gn 2.39062500000000000e+00
[titan] 2026-09-13 19:30:49,237 - root - INFO - [31mstep: 96  [32mloss: -1.00000  [38;2;180;60;0mgrad_norm:  2.3906  [38;2;54;234;195mmemory:  2.07GiB(13.40%)  [34mtps: 24  [36mtflops: 0.09  [35mmfu: 0.03%[39m
REPR 96 rank7 loss 2.79584026336669922e+00 gn 2.39062500000000000e+00
REPR 96 rank0 loss -1.00000000000000000e+00 gn 2.39062500000000000e+00
[titan] 2026-09-13 19:30:49,241 - root - INFO - [31mstep: 96  [32mloss:  2.79584  [38;2;180;60;0mgrad_norm:  2.3906  [38;2;54;234;195mmemory:  5.93GiB(38.31%)  [34mtps: 24  [36mtflops: 0.09  [35mmfu: 0.03%[39m
[titan] 2026-09-13 19:30:49,241 - root - INFO - [31mstep: 96  [32mloss: -1.00000  [38;2;180;60;0mgrad_norm:  2.3906  [38;2;54;234;195mmemory:  5.28GiB(34.14%)  [34mtps: 24  [36mtflops: 0.09  [35mmfu: 0.03%[39m
REPR 97 rank2 loss -1.00000000000000000e+00 gn 2.48437500000000000e+00
REPR 97 rank6 loss -1.00000000000000000e+00 gn 2.48437500000000000e+00
REPR 97 rank4 loss -1.00000000000000000e+00 gn 2.48437500000000000e+00
[titan] 2026-09-13 19:30:50,556 - root - INFO - [31mstep: 97  [32mloss: -1.00000  [38;2;180;60;0mgrad_norm:  2.4844  [38;2;54;234;195mmemory:  1.64GiB(10.59%)  [34mtps: 24  [36mtflops: 0.08  [35mmfu: 0.03%[39m
[titan] 2026-09-13 19:30:50,556 - root - INFO - [31mstep: 97  [32mloss: -1.00000  [38;2;180;60;0mgrad_norm:  2.4844  [38;2;54;234;195mmemory:  1.64GiB(10.59%)  [34mtps: 24  [36mtflops: 0.08  [35mmfu: 0.03%[39m
REPR 97 rank3 loss -1.00000000000000000e+00 gn 2.48437500000000000e+00
[titan] 2026-09-13 19:30:50,557 - root - INFO - [31mstep: 97  [32mloss: -1.00000  [38;2;180;60;0mgrad_norm:  2.4844  [38;2;54;234;195mmemory:  1.71GiB(11.08%)  [34mtps: 24  [36mtflops: 0.08  [35mmfu: 0.03%[39m
REPR 97 rank5 loss -1.00000000000000000e+00 gn 2.48437500000000000e+00
[titan] 2026-09-13 19:30:50,557 - root - INFO - [31mstep: 97  [32mloss: -1.00000  [38;2;180;60;0mgrad_norm:  2.4844  [38;2;54;234;195mmemory:  1.71GiB(11.02%)  [34mtps: 24  [36mtflops: 0.08  [35mmfu: 0.03%[39m
[titan] 2026-09-13 19:30:50,557 - root - INFO - [31mstep: 97  [32mloss: -1.00000  [38;2;180;60;0mgrad_norm:  2.4844  [38;2;54;234;195mmemory:  1.70GiB(11.00%)  [34mtps: 24  [36mtflops: 0.08  [35mmfu: 0.03%[39m
REPR 97 rank1 loss -1.00000000000000000e+00 gn 2.48437500000000000e+00
[titan] 2026-09-13 19:30:50,558 - root - INFO - [31mstep: 97  [32mloss: -1.00000  [38;2;180;60;0mgrad_norm:  2.4844  [38;2;54;234;195mmemory:  2.07GiB(13.40%)  [34mtps: 24  [36mtflops: 0.08  [35mmfu: 0.03%[39m
REPR 97 rank7 loss 2.61126422882080078e+00 gn 2.48437500000000000e+00
[titan] 2026-09-13 19:30:50,562 - root - INFO - [31mstep: 97  [32mloss:  2.61126  [38;2;180;60;0mgrad_norm:  2.4844  [38;2;54;234;195mmemory:  5.93GiB(38.31%)  [34mtps: 24  [36mtflops: 0.08  [35mmfu: 0.03%[39m
REPR 97 rank0 loss -1.00000000000000000e+00 gn 2.48437500000000000e+00
[titan] 2026-09-13 19:30:50,562 - root - INFO - [31mstep: 97  [32mloss: -1.00000  [38;2;180;60;0mgrad_norm:  2.4844  [38;2;54;234;195mmemory:  5.28GiB(34.14%)  [34mtps: 24  [36mtflops: 0.08  [35mmfu: 0.03%[39m
REPR 98 rank2 loss -1.00000000000000000e+00 gn 2.31250000000000000e+00
REPR 98 rank6 loss -1.00000000000000000e+00 gn 2.31250000000000000e+00
REPR 98 rank4 loss -1.00000000000000000e+00 gn 2.31250000000000000e+00
[titan] 2026-09-13 19:30:51,887 - root - INFO - [31mstep: 98  [32mloss: -1.00000  [38;2;180;60;0mgrad_norm:  2.3125  [38;2;54;234;195mmemory:  1.64GiB(10.59%)  [34mtps: 24  [36mtflops: 0.08  [35mmfu: 0.03%[39m
REPR 98 rank3 loss -1.00000000000000000e+00 gn 2.31250000000000000e+00
[titan] 2026-09-13 19:30:51,887 - root - INFO - [31mstep: 98  [32mloss: -1.00000  [38;2;180;60;0mgrad_norm:  2.3125  [38;2;54;234;195mmemory:  1.71GiB(11.08%)  [34mtps: 24  [36mtflops: 0.08  [35mmfu: 0.03%[39m
[titan] 2026-09-13 19:30:51,887 - root - INFO - [31mstep: 98  [32mloss: -1.00000  [38;2;180;60;0mgrad_norm:  2.3125  [38;2;54;234;195mmemory:  1.64GiB(10.59%)  [34mtps: 24  [36mtflops: 0.08  [35mmfu: 0.03%[39m
[titan] 2026-09-13 19:30:51,888 - root - INFO - [31mstep: 98  [32mloss: -1.00000  [38;2;180;60;0mgrad_norm:  2.3125  [38;2;54;234;195mmemory:  1.71GiB(11.02%)  [34mtps: 24  [36mtflops: 0.08  [35mmfu: 0.03%[39m
REPR 98 rank5 loss -1.00000000000000000e+00 gn 2.31250000000000000e+00
[titan] 2026-09-13 19:30:51,888 - root - INFO - [31mstep: 98  [32mloss: -1.00000  [38;2;180;60;0mgrad_norm:  2.3125  [38;2;54;234;195mmemory:  1.70GiB(11.00%)  [34mtps: 24  [36mtflops: 0.08  [35mmfu: 0.03%[39m
REPR 98 rank1 loss -1.00000000000000000e+00 gn 2.31250000000000000e+00
[titan] 2026-09-13 19:30:51,889 - root - INFO - [31mstep: 98  [32mloss: -1.00000  [38;2;180;60;0mgrad_norm:  2.3125  [38;2;54;234;195mmemory:  2.07GiB(13.40%)  [34mtps: 24  [36mtflops: 0.08  [35mmfu: 0.03%[39m
REPR 98 rank7 loss 2.85032510757446289e+00 gn 2.31250000000000000e+00
[titan] 2026-09-13 19:30:51,892 - root - INFO - [31mstep: 98  [32mloss:  2.85033  [38;2;180;60;0mgrad_norm:  2.3125  [38;2;54;234;195mmemory:  5.93GiB(38.31%)  [34mtps: 24  [36mtflops: 0.08  [35mmfu: 0.03%[39m
REPR 98 rank0 loss -1.00000000000000000e+00 gn 2.31250000000000000e+00
[titan] 2026-09-13 19:30:51,893 - root - INFO - [31mstep: 98  [32mloss: -1.00000  [38;2;180;60;0mgrad_norm:  2.3125  [38;2;54;234;195mmemory:  5.28GiB(34.14%)  [34mtps: 24  [36mtflops: 0.08  [35mmfu: 0.03%[39m
REPR 99 rank2 loss -1.00000000000000000e+00 gn 2.32812500000000000e+00
REPR 99 rank6 loss -1.00000000000000000e+00 gn 2.32812500000000000e+00
[titan] 2026-09-13 19:30:53,206 - root - INFO - [31mstep: 99  [32mloss: -1.00000  [38;2;180;60;0mgrad_norm:  2.3281  [38;2;54;234;195mmemory:  1.64GiB(10.59%)  [34mtps: 24  [36mtflops: 0.08  [35mmfu: 0.03%[39m
[titan] 2026-09-13 19:30:53,206 - root - INFO - [31mstep: 99  [32mloss: -1.00000  [38;2;180;60;0mgrad_norm:  2.3281  [38;2;54;234;195mmemory:  1.64GiB(10.59%)  [34mtps: 24  [36mtflops: 0.08  [35mmfu: 0.03%[39m
REPR 99 rank3 loss -1.00000000000000000e+00 gn 2.32812500000000000e+00
REPR 99 rank4 loss -1.00000000000000000e+00 gn 2.32812500000000000e+00
REPR 99 rank5 loss -1.00000000000000000e+00 gn 2.32812500000000000e+00
[titan] 2026-09-13 19:30:53,207 - root - INFO - [31mstep: 99  [32mloss: -1.00000  [38;2;180;60;0mgrad_norm:  2.3281  [38;2;54;234;195mmemory:  1.71GiB(11.02%)  [34mtps: 24  [36mtflops: 0.08  [35mmfu: 0.03%[39m
[titan] 2026-09-13 19:30:53,207 - root - INFO - [31mstep: 99  [32mloss: -1.00000  [38;2;180;60;0mgrad_norm:  2.3281  [38;2;54;234;195mmemory:  1.71GiB(11.08%)  [34mtps: 24  [36mtflops: 0.08  [35mmfu: 0.03%[39m
[titan] 2026-09-13 19:30:53,207 - root - INFO - [31mstep: 99  [32mloss: -1.00000  [38;2;180;60;0mgrad_norm:  2.3281  [38;2;54;234;195mmemory:  1.70GiB(11.00%)  [34mtps: 24  [36mtflops: 0.08  [35mmfu: 0.03%[39m
REPR 99 rank1 loss -1.00000000000000000e+00 gn 2.32812500000000000e+00
[titan] 2026-09-13 19:30:53,208 - root - INFO - [31mstep: 99  [32mloss: -1.00000  [38;2;180;60;0mgrad_norm:  2.3281  [38;2;54;234;195mmemory:  2.07GiB(13.40%)  [34mtps: 24  [36mtflops: 0.08  [35mmfu: 0.03%[39m
REPR 99 rank7 loss 2.97648763656616211e+00 gn 2.32812500000000000e+00
[titan] 2026-09-13 19:30:53,212 - root - INFO - [31mstep: 99  [32mloss:  2.97649  [38;2;180;60;0mgrad_norm:  2.3281  [38;2;54;234;195mmemory:  5.93GiB(38.31%)  [34mtps: 24  [36mtflops: 0.08  [35mmfu: 0.03%[39m
REPR 99 rank0 loss -1.00000000000000000e+00 gn 2.32812500000000000e+00
[titan] 2026-09-13 19:30:53,213 - root - INFO - [31mstep: 99  [32mloss: -1.00000  [38;2;180;60;0mgrad_norm:  2.3281  [38;2;54;234;195mmemory:  5.28GiB(34.14%)  [34mtps: 24  [36mtflops: 0.08  [35mmfu: 0.03%[39m
[titan] 2026-09-13 19:30:53,232 - root - INFO - [GC] Performing periodic GC collection took 0.02 seconds
[titan] 2026-09-13 19:30:53,233 - root - INFO - [GC] Performing periodic GC collection took 0.03 seconds
[titan] 2026-09-13 19:30:53,234 - root - INFO - [GC] Performing periodic GC collection took 0.02 seconds
[titan] 2026-09-13 19:30:53,240 - root - INFO - [GC] Performing periodic GC collection took 0.03 seconds
[titan] 2026-09-13 19:30:53,242 - root - INFO - [GC] Performing periodic GC collection took 0.03 seconds
[titan] 2026-09-13 19:30:53,242 - root - INFO - [GC] Performing periodic GC collection took 0.03 seconds
[titan] 2026-09-13 19:30:53,243 - root - INFO - [GC] Performing periodic GC collection took 0.03 seconds
[titan] 2026-09-13 19:30:53,276 - root - INFO - [GC] Performing periodic GC collection took 0.07 seconds
REPR 100 rank2 loss -1.00000000000000000e+00 gn 2.60937500000000000e+00
REPR 100 rank6 loss -1.00000000000000000e+00 gn 2.60937500000000000e+00
[titan] 2026-09-13 19:30:54,582 - root - INFO - [31mstep: 100  [32mloss: -1.00000  [38;2;180;60;0mgrad_norm:  2.6094  [38;2;54;234;195mmemory:  1.64GiB(10.59%)  [34mtps: 23  [36mtflops: 0.08  [35mmfu: 0.03%[39m
[titan] 2026-09-13 19:30:54,582 - root - INFO - [31mstep: 100  [32mloss: -1.00000  [38;2;180;60;0mgrad_norm:  2.6094  [38;2;54;234;195mmemory:  1.64GiB(10.59%)  [34mtps: 23  [36mtflops: 0.08  [35mmfu: 0.03%[39m
[titan] 2026-09-13 19:30:54,582 - root - INFO - Saving the checkpoint.
REPR 100 rank3 loss -1.00000000000000000e+00 gn 2.60937500000000000e+00
[titan] 2026-09-13 19:30:54,582 - root - INFO - Saving a full checkpoint at last step, step 100.
REPR 100 rank5 loss -1.00000000000000000e+00 gn 2.60937500000000000e+00
REPR 100 rank4 loss -1.00000000000000000e+00 gn 2.60937500000000000e+00
[titan] 2026-09-13 19:30:54,582 - root - INFO - Saving the checkpoint.
[titan] 2026-09-13 19:30:54,582 - root - INFO - Saving a full checkpoint at last step, step 100.
[titan] 2026-09-13 19:30:54,582 - root - INFO - [31mstep: 100  [32mloss: -1.00000  [38;2;180;60;0mgrad_norm:  2.6094  [38;2;54;234;195mmemory:  1.71GiB(11.02%)  [34mtps: 23  [36mtflops: 0.08  [35mmfu: 0.03%[39m
[titan] 2026-09-13 19:30:54,582 - root - INFO - [31mstep: 100  [32mloss: -1.00000  [38;2;180;60;0mgrad_norm:  2.6094  [38;2;54;234;195mmemory:  1.70GiB(11.00%)  [34mtps: 23  [36mtflops: 0.08  [35mmfu: 0.03%[39m
[titan] 2026-09-13 19:30:54,582 - root - INFO - [31mstep: 100  [32mloss: -1.00000  [38;2;180;60;0mgrad_norm:  2.6094  [38;2;54;234;195mmemory:  1.71GiB(11.08%)  [34mtps: 23  [36mtflops: 0.08  [35mmfu: 0.03%[39m
[titan] 2026-09-13 19:30:54,583 - root - INFO - Saving the checkpoint.
[titan] 2026-09-13 19:30:54,583 - root - INFO - Saving a full checkpoint at last step, step 100.
[titan] 2026-09-13 19:30:54,583 - root - INFO - Saving the checkpoint.
[titan] 2026-09-13 19:30:54,583 - root - INFO - Saving a full checkpoint at last step, step 100.
[titan] 2026-09-13 19:30:54,583 - root - INFO - Saving the checkpoint.
[titan] 2026-09-13 19:30:54,583 - root - INFO - Saving a full checkpoint at last step, step 100.
REPR 100 rank1 loss -1.00000000000000000e+00 gn 2.60937500000000000e+00
[titan] 2026-09-13 19:30:54,583 - root - INFO - [31mstep: 100  [32mloss: -1.00000  [38;2;180;60;0mgrad_norm:  2.6094  [38;2;54;234;195mmemory:  2.07GiB(13.40%)  [34mtps: 23  [36mtflops: 0.08  [35mmfu: 0.03%[39m
[titan] 2026-09-13 19:30:54,584 - root - INFO - Saving the checkpoint.
[titan] 2026-09-13 19:30:54,584 - root - INFO - Saving a full checkpoint at last step, step 100.
REPR 100 rank7 loss 2.96220636367797852e+00 gn 2.60937500000000000e+00
[titan] 2026-09-13 19:30:54,587 - root - INFO - [31mstep: 100  [32mloss:  2.96221  [38;2;180;60;0mgrad_norm:  2.6094  [38;2;54;234;195mmemory:  5.93GiB(38.31%)  [34mtps: 23  [36mtflops: 0.08  [35mmfu: 0.03%[39m
REPR 100 rank0 loss -1.00000000000000000e+00 gn 2.60937500000000000e+00
[titan] 2026-09-13 19:30:54,588 - root - INFO - Saving the checkpoint.
[titan] 2026-09-13 19:30:54,588 - root - INFO - Saving a full checkpoint at last step, step 100.
[titan] 2026-09-13 19:30:54,588 - root - INFO - [31mstep: 100  [32mloss: -1.00000  [38;2;180;60;0mgrad_norm:  2.6094  [38;2;54;234;195mmemory:  5.28GiB(34.14%)  [34mtps: 23  [36mtflops: 0.08  [35mmfu: 0.03%[39m
[titan] 2026-09-13 19:30:54,588 - root - INFO - Saving the checkpoint.
[titan] 2026-09-13 19:30:54,588 - root - INFO - Saving a full checkpoint at last step, step 100.
[titan] 2026-09-13 19:30:59,732 - root - INFO - [GC] GC collection invoked by checkpointer. took 0.05 seconds
[titan] 2026-09-13 19:30:59,736 - root - INFO - [GC] GC collection invoked by checkpointer. took 0.02 seconds
[titan] 2026-09-13 19:30:59,737 - root - INFO - Last step checkpoint completed in 5.15s
[titan] 2026-09-13 19:30:59,738 - root - INFO - Sleeping 2 seconds for other ranks to complete
[titan] 2026-09-13 19:30:59,741 - root - INFO - Last step checkpoint completed in 5.15s
[titan] 2026-09-13 19:30:59,741 - root - INFO - Training completed
[titan] 2026-09-13 19:30:59,744 - root - INFO - [GC] GC collection invoked by checkpointer. took 0.02 seconds
[titan] 2026-09-13 19:30:59,747 - root - INFO - [GC] GC collection invoked by checkpointer. took 0.02 seconds
[titan] 2026-09-13 19:30:59,748 - root - INFO - Destroying the purge thread.
[titan] 2026-09-13 19:30:59,749 - root - INFO - [GC] GC collection invoked by checkpointer. took 0.02 seconds
[titan] 2026-09-13 19:30:59,749 - root - INFO - Last step checkpoint completed in 5.17s
[titan] 2026-09-13 19:30:59,749 - root - INFO - Training completed
[titan] 2026-09-13 19:30:59,751 - root - INFO - Last step checkpoint completed in 5.17s
[titan] 2026-09-13 19:30:59,751 - root - INFO - Training completed
[titan] 2026-09-13 19:30:59,752 - root - INFO - [GC] GC collection invoked by checkpointer. took 0.03 seconds
[titan] 2026-09-13 19:30:59,753 - root - INFO - Last step checkpoint completed in 5.17s
[titan] 2026-09-13 19:30:59,754 - root - INFO - Training completed
[titan] 2026-09-13 19:30:59,756 - root - INFO - [GC] GC collection invoked by checkpointer. took 0.03 seconds
[titan] 2026-09-13 19:30:59,757 - root - INFO - Destroying the purge thread.
[titan] 2026-09-13 19:30:59,758 - root - INFO - Last step checkpoint completed in 5.17s
[titan] 2026-09-13 19:30:59,758 - root - INFO - Training completed
[titan] 2026-09-13 19:30:59,759 - root - INFO - Destroying the purge thread.
[titan] 2026-09-13 19:30:59,760 - root - INFO - [GC] GC collection invoked by checkpointer. took 0.03 seconds
[titan] 2026-09-13 19:30:59,762 - root - INFO - Last step checkpoint completed in 5.18s
[titan] 2026-09-13 19:30:59,762 - root - INFO - Destroying the purge thread.
[titan] 2026-09-13 19:30:59,762 - root - INFO - Training completed
[titan] 2026-09-13 19:30:59,765 - root - INFO - Destroying the purge thread.
[titan] 2026-09-13 19:30:59,765 - root - INFO - Last step checkpoint completed in 5.18s
[titan] 2026-09-13 19:30:59,766 - root - INFO - Training completed
[titan] 2026-09-13 19:30:59,769 - root - INFO - Destroying the purge thread.
[titan] 2026-09-13 19:30:59,773 - root - INFO - Destroying the purge thread.
[titan] 2026-09-13 19:31:01,738 - root - INFO - Training completed
[titan] 2026-09-13 19:31:01,750 - root - INFO - Destroying the purge thread.
[titan] 2026-09-13 19:31:02,812 - root - INFO - Process group destroyed
[titan] 2026-09-13 19:31:02,817 - root - INFO - Process group destroyed
[titan] 2026-09-13 19:31:02,852 - root - INFO - Process group destroyed
[titan] 2026-09-13 19:31:02,853 - root - INFO - Process group destroyed
[titan] 2026-09-13 19:31:02,853 - root - INFO - Process group destroyed
[titan] 2026-09-13 19:31:02,854 - root - INFO - Process group destroyed
[titan] 2026-09-13 19:31:02,854 - root - INFO - Process group destroyed
[titan] 2026-09-13 19:31:03,138 - root - INFO - Process group destroyed
