{
  "args": {
    "model": "/root/torchtitan_attention_residual/phase11_rlhf_grpo_infra/hf_aligned_447m",
    "tp": 1,
    "prefill": 8192,
    "decode": 128,
    "warmup": 2,
    "timed": 3,
    "disable_cuda_graph": false,
    "out": "/root/torchtitan_attention_residual/phase11_rlhf_grpo_infra/bench_results/tp1_prefill8192.json"
  },
  "modes": {
    "vanilla": {
      "prefill_ttft_ms_mean": 21.36539400089532,
      "prefill_ttft_ms_stdev": 0.34653039719681067,
      "decode_tps_mean": 777.495733710986,
      "decode_tps_stdev": 1.9004861770072916,
      "prefill_ttft_raw": [
        21.751936059445143,
        21.082555991597474,
        21.261689951643348
      ],
      "decode_tps_raw": [
        779.6881541294163,
        776.4820900848017,
        776.3169569187401
      ]
    },
    "naive": {
      "prefill_ttft_ms_mean": 15.603986374723414,
      "prefill_ttft_ms_stdev": 0.24758932409726644,
      "decode_tps_mean": 673.5647233494545,
      "decode_tps_stdev": 1.1354982973931926,
      "prefill_ttft_raw": [
        15.872468007728457,
        15.384665108285844,
        15.554826008155942
      ],
      "decode_tps_raw": [
        674.7945458301668,
        672.5561004343492,
        673.3435237838474
      ]
    },
    "two-phase": {
      "prefill_ttft_ms_mean": 15.187159607497355,
      "prefill_ttft_ms_stdev": 0.3165082648505841,
      "decode_tps_mean": 516.6798573919181,
      "decode_tps_stdev": 0.7081441930904995,
      "prefill_ttft_raw": [
        15.55253192782402,
        15.011874958872795,
        14.997071935795248
      ],
      "decode_tps_raw": [
        517.485932431836,
        516.1578641208423,
        516.3957756230758
      ]
    }
  }
}