{
  "args": {
    "model": "/root/torchtitan_attention_residual/phase11_rlhf_grpo_infra/hf_aligned_447m",
    "tp": 1,
    "prefill": 16384,
    "decode": 128,
    "warmup": 2,
    "timed": 3,
    "disable_cuda_graph": false,
    "out": "/root/torchtitan_attention_residual/phase11_rlhf_grpo_infra/bench_results/tp1_prefill16384.json"
  },
  "modes": {
    "vanilla": {
      "prefill_ttft_ms_mean": 22.17024068037669,
      "prefill_ttft_ms_stdev": 0.3004549073478824,
      "decode_tps_mean": 733.0525307996455,
      "decode_tps_stdev": 0.8817616011625031,
      "prefill_ttft_raw": [
        22.486538044176996,
        22.13554293848574,
        21.88864105846733
      ],
      "decode_tps_raw": [
        733.4445381206016,
        733.6703153281468,
        732.0427389501881
      ]
    },
    "naive": {
      "prefill_ttft_ms_mean": 17.573112660708528,
      "prefill_ttft_ms_stdev": 0.25774577166220175,
      "decode_tps_mean": 639.6625417786217,
      "decode_tps_stdev": 0.2967160356623914,
      "prefill_ttft_raw": [
        17.870699986815453,
        17.428089980967343,
        17.420548014342785
      ],
      "decode_tps_raw": [
        639.5847750517723,
        639.4124534168457,
        639.9903968672473
      ]
    },
    "two-phase": {
      "prefill_ttft_ms_mean": 15.71591931860894,
      "prefill_ttft_ms_stdev": 0.2973945843017738,
      "decode_tps_mean": 497.3600608519802,
      "decode_tps_stdev": 0.4714726382484285,
      "prefill_ttft_raw": [
        16.058702021837234,
        15.526679926551878,
        15.562376007437706
      ],
      "decode_tps_raw": [
        497.8901264229058,
        496.98751380464273,
        497.2025423283922
      ]
    }
  }
}