{
  "args": {
    "model": "/root/torchtitan_attention_residual/phase11_rlhf_grpo_infra/hf_aligned_447m",
    "tp": 1,
    "prefill": 24576,
    "decode": 128,
    "warmup": 2,
    "timed": 3,
    "disable_cuda_graph": false,
    "out": "/root/torchtitan_attention_residual/phase11_rlhf_grpo_infra/bench_results/tp1_prefill24576.json"
  },
  "modes": {
    "vanilla": {
      "prefill_ttft_ms_mean": 24.527304689399898,
      "prefill_ttft_ms_stdev": 1.1179327038833566,
      "decode_tps_mean": 706.9082094326288,
      "decode_tps_stdev": 9.060503460184929,
      "prefill_ttft_raw": [
        25.81813104916364,
        23.871941026300192,
        23.891841992735863
      ],
      "decode_tps_raw": [
        696.4580706093662,
        711.6989150762868,
        712.5676426122335
      ]
    },
    "naive": {
      "prefill_ttft_ms_mean": 18.63259666909774,
      "prefill_ttft_ms_stdev": 0.22591927127119565,
      "decode_tps_mean": 624.5613271345192,
      "decode_tps_stdev": 0.07653997610774191,
      "prefill_ttft_raw": [
        18.4268809389323,
        18.874380039051175,
        18.59652902930975
      ],
      "decode_tps_raw": [
        624.5019594312799,
        624.5343102383337,
        624.6477117339438
      ]
    },
    "two-phase": {
      "prefill_ttft_ms_mean": 17.930727956506114,
      "prefill_ttft_ms_stdev": 0.31530161113710586,
      "decode_tps_mean": 487.5541215114474,
      "decode_tps_stdev": 0.6057592884130304,
      "prefill_ttft_raw": [
        18.2700619334355,
        17.87531701847911,
        17.64680491760373
      ],
      "decode_tps_raw": [
        488.2448416683129,
        487.1132440828973,
        487.304278783132
      ]
    }
  }
}