{
  "args": {
    "model": "/root/torchtitan_attention_residual/phase11/hf_aligned_447m",
    "tp": 8,
    "prefill": 24576,
    "decode": 128,
    "warmup": 2,
    "timed": 3,
    "disable_cuda_graph": false,
    "out": "/root/torchtitan_attention_residual/phase11/bench_results/tp8_prefill24576.json"
  },
  "modes": {
    "vanilla": {
      "prefill_ttft_ms_mean": 28.70265766978264,
      "prefill_ttft_ms_stdev": 0.9450791714764312,
      "decode_tps_mean": 517.6549289363791,
      "decode_tps_stdev": 4.016631245870916,
      "prefill_ttft_raw": [
        29.781720018945634,
        28.304168954491615,
        28.022084035910666
      ],
      "decode_tps_raw": [
        521.1316481596947,
        513.2580652064289,
        518.5750734430135
      ]
    },
    "naive": {
      "prefill_ttft_ms_mean": 21.492627371723454,
      "prefill_ttft_ms_stdev": 1.0167534978356645,
      "decode_tps_mean": 456.4613890634327,
      "decode_tps_stdev": 2.538806586100164,
      "prefill_ttft_raw": [
        22.645376971922815,
        20.723473047837615,
        21.10903209540993
      ],
      "decode_tps_raw": [
        458.66836016608863,
        453.68682667495546,
        457.02898034925397
      ]
    },
    "two-phase": {
      "prefill_ttft_ms_mean": 21.38038433622569,
      "prefill_ttft_ms_stdev": 0.8032590759913558,
      "decode_tps_mean": 364.3601095424274,
      "decode_tps_stdev": 2.0370673701220063,
      "prefill_ttft_raw": [
        21.96881698910147,
        20.465253037400544,
        21.707082982175052
      ],
      "decode_tps_raw": [
        364.7174181618452,
        362.1680274631466,
        366.1948830022903
      ]
    },
    "shard": {
      "prefill_ttft_ms_mean": 21.458522649481893,
      "prefill_ttft_ms_stdev": 1.016428333038721,
      "decode_tps_mean": 364.0673887644789,
      "decode_tps_stdev": 1.0164217859974807,
      "prefill_ttft_raw": [
        22.621455951593816,
        20.739883999340236,
        21.014227997511625
      ],
      "decode_tps_raw": [
        364.274938531797,
        362.9632111780971,
        364.96401658354256
      ]
    }
  }
}