{
  "args": {
    "model": "/root/torchtitan_attention_residual/phase11/hf_aligned_447m",
    "tp": 8,
    "prefill": 8192,
    "decode": 128,
    "warmup": 2,
    "timed": 3,
    "disable_cuda_graph": false,
    "out": "/root/torchtitan_attention_residual/phase11/bench_results/tp8_prefill8192.json"
  },
  "modes": {
    "vanilla": {
      "prefill_ttft_ms_mean": 25.451387007099886,
      "prefill_ttft_ms_stdev": 0.8410701569734862,
      "decode_tps_mean": 608.6892668722893,
      "decode_tps_stdev": 9.362671012281684,
      "prefill_ttft_raw": [
        26.411099010147154,
        24.842637008987367,
        25.10042500216514
      ],
      "decode_tps_raw": [
        611.3608791820712,
        598.2811691527556,
        616.4257522820409
      ]
    },
    "naive": {
      "prefill_ttft_ms_mean": 18.174649332650006,
      "prefill_ttft_ms_stdev": 0.5738258787360286,
      "decode_tps_mean": 548.6921377557809,
      "decode_tps_stdev": 2.2562515149488727,
      "prefill_ttft_raw": [
        18.780536018311977,
        17.639430006965995,
        18.103981972672045
      ],
      "decode_tps_raw": [
        546.0875355791202,
        549.9424145737178,
        550.0464631145046
      ]
    },
    "two-phase": {
      "prefill_ttft_ms_mean": 18.452088659008343,
      "prefill_ttft_ms_stdev": 1.699492328273857,
      "decode_tps_mean": 429.3433603940317,
      "decode_tps_stdev": 2.5018309200872606,
      "prefill_ttft_raw": [
        20.414143917150795,
        17.43899006396532,
        17.503131995908916
      ],
      "decode_tps_raw": [
        431.92181910419447,
        429.18232471146143,
        426.92593736643926
      ]
    },
    "shard": {
      "prefill_ttft_ms_mean": 18.299911986105144,
      "prefill_ttft_ms_stdev": 0.5956038059705944,
      "decode_tps_mean": 415.16875388124095,
      "decode_tps_stdev": 24.72940775670373,
      "prefill_ttft_raw": [
        18.905148957856,
        18.280153977684677,
        17.714433022774756
      ],
      "decode_tps_raw": [
        429.09146092823204,
        429.79819189858677,
        386.61660881690403
      ]
    }
  }
}