{
  "args": {
    "model": "/root/torchtitan_attention_residual/phase11/hf_aligned_447m",
    "tp": 8,
    "prefill": 16384,
    "decode": 128,
    "warmup": 2,
    "timed": 3,
    "disable_cuda_graph": false,
    "out": "/root/torchtitan_attention_residual/phase11/bench_results/tp8_prefill16384.json"
  },
  "modes": {
    "vanilla": {
      "prefill_ttft_ms_mean": 27.06181607209146,
      "prefill_ttft_ms_stdev": 2.110817822266713,
      "decode_tps_mean": 561.0090018084283,
      "decode_tps_stdev": 4.627135769480889,
      "prefill_ttft_raw": [
        29.379649087786674,
        26.55580802820623,
        25.249991100281477
      ],
      "decode_tps_raw": [
        565.1885093862528,
        561.8018115893943,
        556.0366844496376
      ]
    },
    "naive": {
      "prefill_ttft_ms_mean": 22.849288342210155,
      "prefill_ttft_ms_stdev": 0.9760674370730931,
      "decode_tps_mean": 482.15852764290264,
      "decode_tps_stdev": 1.683966399416535,
      "prefill_ttft_raw": [
        21.84943505562842,
        23.799689952284098,
        22.898740018717945
      ],
      "decode_tps_raw": [
        480.6874613728046,
        483.9952945660724,
        481.7928269898309
      ]
    },
    "two-phase": {
      "prefill_ttft_ms_mean": 20.44541066667686,
      "prefill_ttft_ms_stdev": 2.643660157397829,
      "decode_tps_mean": 379.280406430928,
      "decode_tps_stdev": 2.1241588211599454,
      "prefill_ttft_raw": [
        23.497947957366705,
        18.897903035394847,
        18.940381007269025
      ],
      "decode_tps_raw": [
        381.70898155606045,
        378.3637223691853,
        377.76851536753816
      ]
    },
    "shard": {
      "prefill_ttft_ms_mean": 19.860678003169596,
      "prefill_ttft_ms_stdev": 0.21676381587267327,
      "decode_tps_mean": 389.8324690313561,
      "decode_tps_stdev": 0.7579690142645157,
      "prefill_ttft_raw": [
        20.06043994333595,
        19.630191032774746,
        19.891403033398092
      ],
      "decode_tps_raw": [
        389.3460572786342,
        389.44554021442076,
        390.70580960101336
      ]
    }
  }
}