W0913 20:34:12.069000 1562026 torch/distributed/run.py:982] 
W0913 20:34:12.069000 1562026 torch/distributed/run.py:982] *****************************************
W0913 20:34:12.069000 1562026 torch/distributed/run.py:982] Setting OMP_NUM_THREADS environment variable for each process to be 1 in default, to avoid your system being overloaded, please further tune the variable for optimal performance in your application as needed. 
W0913 20:34:12.069000 1562026 torch/distributed/run.py:982] *****************************************
WARNING:absl:Failed to load jax profiler: No module named 'jax'
WARNING:absl:Failed to load jax profiler: No module named 'jax'
WARNING:absl:Failed to load jax profiler: No module named 'jax'
WARNING:absl:Failed to load jax profiler: No module named 'jax'
WARNING:absl:Failed to load jax profiler: No module named 'jax'
WARNING:absl:Failed to load jax profiler: No module named 'jax'
WARNING:absl:Failed to load jax profiler: No module named 'jax'
WARNING:absl:Failed to load jax profiler: No module named 'jax'
W0913 20:34:21.583000 1562094 torch/utils/_pytree.py:630] <enum 'KernelPreference'> is an Enum subclass and is now natively supported by torch.compile as an opaque value type. Calling register_constant() on Enum subclasses is deprecated and will be an error in a future release.
W0913 20:34:21.618000 1562094 torch/utils/_pytree.py:630] <enum 'ScaleCalculationMode'> is an Enum subclass and is now natively supported by torch.compile as an opaque value type. Calling register_constant() on Enum subclasses is deprecated and will be an error in a future release.
W0913 20:34:21.901000 1562095 torch/utils/_pytree.py:630] <enum 'KernelPreference'> is an Enum subclass and is now natively supported by torch.compile as an opaque value type. Calling register_constant() on Enum subclasses is deprecated and will be an error in a future release.
W0913 20:34:21.935000 1562095 torch/utils/_pytree.py:630] <enum 'ScaleCalculationMode'> is an Enum subclass and is now natively supported by torch.compile as an opaque value type. Calling register_constant() on Enum subclasses is deprecated and will be an error in a future release.
W0913 20:34:22.241000 1562098 torch/utils/_pytree.py:630] <enum 'KernelPreference'> is an Enum subclass and is now natively supported by torch.compile as an opaque value type. Calling register_constant() on Enum subclasses is deprecated and will be an error in a future release.
W0913 20:34:22.277000 1562098 torch/utils/_pytree.py:630] <enum 'ScaleCalculationMode'> is an Enum subclass and is now natively supported by torch.compile as an opaque value type. Calling register_constant() on Enum subclasses is deprecated and will be an error in a future release.
[titan] 2026-09-13 20:34:22,301 - root - INFO - torchtitan version: 0.0.0+unknown (0.0.0 means __version__ is not defined correctly).
W0913 20:34:22.357000 1562096 torch/utils/_pytree.py:630] <enum 'KernelPreference'> is an Enum subclass and is now natively supported by torch.compile as an opaque value type. Calling register_constant() on Enum subclasses is deprecated and will be an error in a future release.
W0913 20:34:22.398000 1562096 torch/utils/_pytree.py:630] <enum 'ScaleCalculationMode'> is an Enum subclass and is now natively supported by torch.compile as an opaque value type. Calling register_constant() on Enum subclasses is deprecated and will be an error in a future release.
W0913 20:34:22.411000 1562093 torch/utils/_pytree.py:630] <enum 'KernelPreference'> is an Enum subclass and is now natively supported by torch.compile as an opaque value type. Calling register_constant() on Enum subclasses is deprecated and will be an error in a future release.
W0913 20:34:22.447000 1562093 torch/utils/_pytree.py:630] <enum 'ScaleCalculationMode'> is an Enum subclass and is now natively supported by torch.compile as an opaque value type. Calling register_constant() on Enum subclasses is deprecated and will be an error in a future release.
W0913 20:34:22.447000 1562100 torch/utils/_pytree.py:630] <enum 'KernelPreference'> is an Enum subclass and is now natively supported by torch.compile as an opaque value type. Calling register_constant() on Enum subclasses is deprecated and will be an error in a future release.
W0913 20:34:22.465000 1562097 torch/utils/_pytree.py:630] <enum 'KernelPreference'> is an Enum subclass and is now natively supported by torch.compile as an opaque value type. Calling register_constant() on Enum subclasses is deprecated and will be an error in a future release.
W0913 20:34:22.481000 1562100 torch/utils/_pytree.py:630] <enum 'ScaleCalculationMode'> is an Enum subclass and is now natively supported by torch.compile as an opaque value type. Calling register_constant() on Enum subclasses is deprecated and will be an error in a future release.
W0913 20:34:22.495000 1562099 torch/utils/_pytree.py:630] <enum 'KernelPreference'> is an Enum subclass and is now natively supported by torch.compile as an opaque value type. Calling register_constant() on Enum subclasses is deprecated and will be an error in a future release.
W0913 20:34:22.500000 1562097 torch/utils/_pytree.py:630] <enum 'ScaleCalculationMode'> is an Enum subclass and is now natively supported by torch.compile as an opaque value type. Calling register_constant() on Enum subclasses is deprecated and will be an error in a future release.
W0913 20:34:22.529000 1562099 torch/utils/_pytree.py:630] <enum 'ScaleCalculationMode'> is an Enum subclass and is now natively supported by torch.compile as an opaque value type. Calling register_constant() on Enum subclasses is deprecated and will be an error in a future release.
[titan] 2026-09-13 20:34:22,607 - root - INFO - torchtitan version: 0.0.0+unknown (0.0.0 means __version__ is not defined correctly).
[titan] 2026-09-13 20:34:22,891 - root - WARNING - initial_load_model_only=True has no effect without an initial_load_path.
[titan] 2026-09-13 20:34:22,960 - root - INFO - torchtitan version: 0.0.0+unknown (0.0.0 means __version__ is not defined correctly).
[titan] 2026-09-13 20:34:22,986 - root - WARNING - initial_load_model_only=True has no effect without an initial_load_path.
[titan] 2026-09-13 20:34:22,987 - torchtitan.observability.structured_logger.jsonl_handler - INFO - Structured logging -> JSONL: /workspace/pp_gradprobe_warm/tri_dense_bf16_c/structured_logs/training.global_rank_1.20260913-203422-ODRF5M.jsonl
[titan] 2026-09-13 20:34:23,072 - root - INFO - torchtitan version: 0.0.0+unknown (0.0.0 means __version__ is not defined correctly).
[titan] 2026-09-13 20:34:23,142 - root - INFO - Enabled BF16x9 emulation for FP32 CUDA matmuls
[titan] 2026-09-13 20:34:23,142 - root - WARNING - ENV[TORCH_NCCL_ASYNC_ERROR_HANDLING] = 1 will be overridden to 3 based on job config
[titan] 2026-09-13 20:34:23,150 - root - INFO - torchtitan version: 0.0.0+unknown (0.0.0 means __version__ is not defined correctly).
[titan] 2026-09-13 20:34:23,194 - root - WARNING - initial_load_model_only=True has no effect without an initial_load_path.
[titan] 2026-09-13 20:34:23,195 - root - INFO - torchtitan version: 0.0.0+unknown (0.0.0 means __version__ is not defined correctly).
[titan] 2026-09-13 20:34:23,268 - root - INFO - torchtitan version: 0.0.0+unknown (0.0.0 means __version__ is not defined correctly).
[titan] 2026-09-13 20:34:23,288 - root - WARNING - initial_load_model_only=True has no effect without an initial_load_path.
[titan] 2026-09-13 20:34:23,289 - torchtitan.observability.structured_logger.jsonl_handler - INFO - Structured logging -> JSONL: /workspace/pp_gradprobe_warm/tri_dense_bf16_c/structured_logs/training.global_rank_2.20260913-203423-5H7ML0.jsonl
[titan] 2026-09-13 20:34:23,290 - root - INFO - torchtitan version: 0.0.0+unknown (0.0.0 means __version__ is not defined correctly).
[titan] 2026-09-13 20:34:23,433 - root - INFO - Enabled BF16x9 emulation for FP32 CUDA matmuls
[titan] 2026-09-13 20:34:23,433 - root - WARNING - ENV[TORCH_NCCL_ASYNC_ERROR_HANDLING] = 1 will be overridden to 3 based on job config
[titan] 2026-09-13 20:34:23,528 - root - WARNING - initial_load_model_only=True has no effect without an initial_load_path.
[titan] 2026-09-13 20:34:23,578 - root - WARNING - initial_load_model_only=True has no effect without an initial_load_path.
[titan] 2026-09-13 20:34:23,622 - root - WARNING - initial_load_model_only=True has no effect without an initial_load_path.
[titan] 2026-09-13 20:34:23,623 - torchtitan.observability.structured_logger.jsonl_handler - INFO - Structured logging -> JSONL: /workspace/pp_gradprobe_warm/tri_dense_bf16_c/structured_logs/training.global_rank_5.20260913-203423-6O16CF.jsonl
[titan] 2026-09-13 20:34:23,635 - root - WARNING - initial_load_model_only=True has no effect without an initial_load_path.
[titan] 2026-09-13 20:34:23,672 - root - WARNING - initial_load_model_only=True has no effect without an initial_load_path.
[titan] 2026-09-13 20:34:23,673 - torchtitan.observability.structured_logger.jsonl_handler - INFO - Structured logging -> JSONL: /workspace/pp_gradprobe_warm/tri_dense_bf16_c/structured_logs/training.global_rank_3.20260913-203423-QZZE4Q.jsonl
[titan] 2026-09-13 20:34:23,689 - root - WARNING - initial_load_model_only=True has no effect without an initial_load_path.
[titan] 2026-09-13 20:34:23,730 - root - WARNING - initial_load_model_only=True has no effect without an initial_load_path.
[titan] 2026-09-13 20:34:23,731 - torchtitan.observability.structured_logger.jsonl_handler - INFO - Structured logging -> JSONL: /workspace/pp_gradprobe_warm/tri_dense_bf16_c/structured_logs/training.global_rank_0.20260913-203423-IENTSF.jsonl
[titan] 2026-09-13 20:34:23,782 - root - WARNING - initial_load_model_only=True has no effect without an initial_load_path.
[titan] 2026-09-13 20:34:23,782 - root - WARNING - initial_load_model_only=True has no effect without an initial_load_path.
[titan] 2026-09-13 20:34:23,783 - torchtitan.observability.structured_logger.jsonl_handler - INFO - Structured logging -> JSONL: /workspace/pp_gradprobe_warm/tri_dense_bf16_c/structured_logs/training.global_rank_7.20260913-203423-DPUXAQ.jsonl
[titan] 2026-09-13 20:34:23,800 - root - WARNING - initial_load_model_only=True has no effect without an initial_load_path.
[titan] 2026-09-13 20:34:23,876 - root - WARNING - initial_load_model_only=True has no effect without an initial_load_path.
[titan] 2026-09-13 20:34:23,877 - torchtitan.observability.structured_logger.jsonl_handler - INFO - Structured logging -> JSONL: /workspace/pp_gradprobe_warm/tri_dense_bf16_c/structured_logs/training.global_rank_4.20260913-203423-X2TA5Z.jsonl
[titan] 2026-09-13 20:34:23,893 - root - WARNING - initial_load_model_only=True has no effect without an initial_load_path.
[titan] 2026-09-13 20:34:23,895 - torchtitan.observability.structured_logger.jsonl_handler - INFO - Structured logging -> JSONL: /workspace/pp_gradprobe_warm/tri_dense_bf16_c/structured_logs/training.global_rank_6.20260913-203423-IBAGXU.jsonl
[titan] 2026-09-13 20:34:24,165 - root - INFO - Enabled BF16x9 emulation for FP32 CUDA matmuls
[titan] 2026-09-13 20:34:24,165 - root - WARNING - ENV[TORCH_NCCL_ASYNC_ERROR_HANDLING] = 1 will be overridden to 3 based on job config
[titan] 2026-09-13 20:34:24,239 - root - INFO - Enabled BF16x9 emulation for FP32 CUDA matmuls
[titan] 2026-09-13 20:34:24,239 - root - WARNING - ENV[TORCH_NCCL_ASYNC_ERROR_HANDLING] = 1 will be overridden to 3 based on job config
[titan] 2026-09-13 20:34:24,276 - root - INFO - Enabled BF16x9 emulation for FP32 CUDA matmuls
[titan] 2026-09-13 20:34:24,276 - root - WARNING - ENV[TORCH_NCCL_ASYNC_ERROR_HANDLING] = 1 will be overridden to 3 based on job config
[titan] 2026-09-13 20:34:24,308 - root - INFO - Enabled BF16x9 emulation for FP32 CUDA matmuls
[titan] 2026-09-13 20:34:24,308 - root - WARNING - ENV[TORCH_NCCL_ASYNC_ERROR_HANDLING] = 1 will be overridden to 3 based on job config
[titan] 2026-09-13 20:34:24,310 - root - INFO - Enabled BF16x9 emulation for FP32 CUDA matmuls
[titan] 2026-09-13 20:34:24,310 - root - WARNING - ENV[TORCH_NCCL_ASYNC_ERROR_HANDLING] = 1 will be overridden to 3 based on job config
[titan] 2026-09-13 20:34:24,334 - root - INFO - Enabled BF16x9 emulation for FP32 CUDA matmuls
[titan] 2026-09-13 20:34:24,334 - root - WARNING - ENV[TORCH_NCCL_ASYNC_ERROR_HANDLING] = 1 will be overridden to 3 based on job config
[titan] 2026-09-13 20:34:24,864 - root - INFO - [GC] Initial GC collection took 0.00 seconds
[titan] 2026-09-13 20:34:24,865 - root - INFO - Deterministic algorithm enabled (expect perf degradation).
[titan] 2026-09-13 20:34:24,872 - root - INFO - [GC] Initial GC collection took 0.00 seconds
[titan] 2026-09-13 20:34:24,872 - root - INFO - Deterministic algorithm enabled (expect perf degradation).
[titan] 2026-09-13 20:34:24,872 - root - INFO - [GC] Initial GC collection took 0.00 seconds
[titan] 2026-09-13 20:34:24,872 - root - INFO - Deterministic algorithm enabled (expect perf degradation).
[titan] 2026-09-13 20:34:24,872 - root - INFO - [GC] Initial GC collection took 0.00 seconds
[titan] 2026-09-13 20:34:24,873 - root - INFO - Deterministic algorithm enabled (expect perf degradation).
[titan] 2026-09-13 20:34:24,872 - root - INFO - [GC] Initial GC collection took 0.00 seconds
[titan] 2026-09-13 20:34:24,873 - root - INFO - Deterministic algorithm enabled (expect perf degradation).
[titan] 2026-09-13 20:34:24,873 - root - INFO - [GC] Initial GC collection took 0.00 seconds
[titan] 2026-09-13 20:34:24,873 - root - INFO - Deterministic algorithm enabled (expect perf degradation).
[titan] 2026-09-13 20:34:24,874 - root - INFO - [GC] Initial GC collection took 0.00 seconds
[titan] 2026-09-13 20:34:24,874 - root - INFO - Deterministic algorithm enabled (expect perf degradation).
[titan] 2026-09-13 20:34:24,878 - root - INFO - [GC] Initial GC collection took 0.00 seconds
[titan] 2026-09-13 20:34:24,878 - root - INFO - Deterministic algorithm enabled (expect perf degradation).
[titan] 2026-09-13 20:34:24,879 - root - INFO - Building device mesh with parallelism: pp=8, dp_replicate=1, dp_shard=1, cp=1, tp=1, ep=1
[titan] 2026-09-13 20:34:24,888 - root - INFO - Building device mesh with parallelism: pp=8, dp_replicate=1, dp_shard=1, cp=1, tp=1, ep=1
[titan] 2026-09-13 20:34:24,889 - root - INFO - Building device mesh with parallelism: pp=8, dp_replicate=1, dp_shard=1, cp=1, tp=1, ep=1
[titan] 2026-09-13 20:34:24,893 - root - INFO - Building device mesh with parallelism: pp=8, dp_replicate=1, dp_shard=1, cp=1, tp=1, ep=1
[titan] 2026-09-13 20:34:24,895 - root - INFO - Building device mesh with parallelism: pp=8, dp_replicate=1, dp_shard=1, cp=1, tp=1, ep=1
[titan] 2026-09-13 20:34:24,895 - root - INFO - Building device mesh with parallelism: pp=8, dp_replicate=1, dp_shard=1, cp=1, tp=1, ep=1
[titan] 2026-09-13 20:34:24,897 - root - INFO - Building device mesh with parallelism: pp=8, dp_replicate=1, dp_shard=1, cp=1, tp=1, ep=1
[titan] 2026-09-13 20:34:24,897 - root - INFO - Building device mesh with parallelism: pp=8, dp_replicate=1, dp_shard=1, cp=1, tp=1, ep=1
[titan] 2026-09-13 20:34:26,660 - root - INFO - Successfully created meshes with active dimensions: ['pp']
[titan] 2026-09-13 20:34:26,660 - root - INFO - Successfully created meshes with active dimensions: ['pp']
[titan] 2026-09-13 20:34:26,660 - root - INFO - Successfully created meshes with active dimensions: ['pp']
[titan] 2026-09-13 20:34:26,661 - root - INFO - Successfully created meshes with active dimensions: ['pp']
[titan] 2026-09-13 20:34:26,661 - root - INFO - Successfully created meshes with active dimensions: ['pp']
[titan] 2026-09-13 20:34:26,661 - root - INFO - Successfully created meshes with active dimensions: ['pp']
[titan] 2026-09-13 20:34:26,661 - root - INFO - Successfully created meshes with active dimensions: ['pp']
[titan] 2026-09-13 20:34:26,661 - root - INFO - Successfully created meshes with active dimensions: ['pp']
[titan] 2026-09-13 20:34:26,668 - root - INFO - Building kimi_k3 debugmodel_dense
[titan] 2026-09-13 20:34:26,668 - root - INFO - Building kimi_k3 debugmodel_dense
[titan] 2026-09-13 20:34:26,669 - root - INFO - Building kimi_k3 debugmodel_dense
[titan] 2026-09-13 20:34:26,671 - root - INFO - Building kimi_k3 debugmodel_dense
[titan] 2026-09-13 20:34:26,672 - root - INFO - Building kimi_k3 debugmodel_dense
[titan] 2026-09-13 20:34:26,674 - root - INFO - Building kimi_k3 debugmodel_dense
[titan] 2026-09-13 20:34:26,674 - root - INFO - Building kimi_k3 debugmodel_dense
[titan] 2026-09-13 20:34:26,675 - root - INFO - Building kimi_k3 debugmodel_dense
[titan] 2026-09-13 20:34:26,830 - root - INFO - CUDA capacity: NVIDIA GeForce RTX 5060 Ti with 15.48GiB memory
[titan] 2026-09-13 20:34:26,830 - root - INFO - CUDA capacity: NVIDIA GeForce RTX 5060 Ti with 15.48GiB memory
[titan] 2026-09-13 20:34:26,832 - root - INFO - CUDA capacity: NVIDIA GeForce RTX 5060 Ti with 15.48GiB memory
[titan] 2026-09-13 20:34:26,834 - root - WARNING - Error running lspci: [Errno 2] No such file or directory: 'lspci', fallback to use device_name
[titan] 2026-09-13 20:34:26,834 - root - WARNING - Error running lspci: [Errno 2] No such file or directory: 'lspci', fallback to use device_name
[titan] 2026-09-13 20:34:26,834 - root - WARNING - Peak flops undefined for: NVIDIA GeForce RTX 5060 Ti, fallback to A100
[titan] 2026-09-13 20:34:26,834 - root - WARNING - Peak flops undefined for: NVIDIA GeForce RTX 5060 Ti, fallback to A100
[titan] 2026-09-13 20:34:26,836 - root - WARNING - Error running lspci: [Errno 2] No such file or directory: 'lspci', fallback to use device_name
[titan] 2026-09-13 20:34:26,836 - root - WARNING - Peak flops undefined for: NVIDIA GeForce RTX 5060 Ti, fallback to A100
[titan] 2026-09-13 20:34:26,837 - root - INFO - CUDA capacity: NVIDIA GeForce RTX 5060 Ti with 15.48GiB memory
[titan] 2026-09-13 20:34:26,838 - root - INFO - CUDA capacity: NVIDIA GeForce RTX 5060 Ti with 15.48GiB memory
[titan] 2026-09-13 20:34:26,839 - root - INFO - Total parameter count: 896,134,688, active parameters: 691,875,872
[titan] 2026-09-13 20:34:26,839 - root - INFO - CUDA capacity: NVIDIA GeForce RTX 5060 Ti with 15.48GiB memory
[titan] 2026-09-13 20:34:26,839 - root - INFO - [34mModel kimi_k3 debugmodel_dense [31msize: 896,134,688 total parameters[39m
[titan] 2026-09-13 20:34:26,839 - root - INFO - Total parameter count: 896,134,688, active parameters: 691,875,872
[titan] 2026-09-13 20:34:26,839 - root - INFO - CUDA capacity: NVIDIA GeForce RTX 5060 Ti with 15.48GiB memory
[titan] 2026-09-13 20:34:26,839 - root - INFO - [34mModel kimi_k3 debugmodel_dense [31msize: 896,134,688 total parameters[39m
[titan] 2026-09-13 20:34:26,840 - root - WARNING - Error running lspci: [Errno 2] No such file or directory: 'lspci', fallback to use device_name
[titan] 2026-09-13 20:34:26,840 - root - WARNING - Peak flops undefined for: NVIDIA GeForce RTX 5060 Ti, fallback to A100
[titan] 2026-09-13 20:34:26,840 - root - INFO - Total parameter count: 896,134,688, active parameters: 691,875,872
[titan] 2026-09-13 20:34:26,840 - root - INFO - [34mModel kimi_k3 debugmodel_dense [31msize: 896,134,688 total parameters[39m
[titan] 2026-09-13 20:34:26,841 - root - WARNING - Error running lspci: [Errno 2] No such file or directory: 'lspci', fallback to use device_name
[titan] 2026-09-13 20:34:26,841 - root - WARNING - Peak flops undefined for: NVIDIA GeForce RTX 5060 Ti, fallback to A100
[titan] 2026-09-13 20:34:26,843 - root - WARNING - Error running lspci: [Errno 2] No such file or directory: 'lspci', fallback to use device_name
[titan] 2026-09-13 20:34:26,843 - root - WARNING - Peak flops undefined for: NVIDIA GeForce RTX 5060 Ti, fallback to A100
[titan] 2026-09-13 20:34:26,843 - root - WARNING - Error running lspci: [Errno 2] No such file or directory: 'lspci', fallback to use device_name
[titan] 2026-09-13 20:34:26,843 - root - WARNING - Peak flops undefined for: NVIDIA GeForce RTX 5060 Ti, fallback to A100
[titan] 2026-09-13 20:34:26,845 - root - INFO - CUDA capacity: NVIDIA GeForce RTX 5060 Ti with 15.48GiB memory
[titan] 2026-09-13 20:34:26,845 - root - INFO - Total parameter count: 896,134,688, active parameters: 691,875,872
[titan] 2026-09-13 20:34:26,845 - root - INFO - [34mModel kimi_k3 debugmodel_dense [31msize: 896,134,688 total parameters[39m
[titan] 2026-09-13 20:34:26,846 - root - INFO - Total parameter count: 896,134,688, active parameters: 691,875,872
[titan] 2026-09-13 20:34:26,846 - root - INFO - [34mModel kimi_k3 debugmodel_dense [31msize: 896,134,688 total parameters[39m
[titan] 2026-09-13 20:34:26,848 - root - WARNING - Error running lspci: [Errno 2] No such file or directory: 'lspci', fallback to use device_name
[titan] 2026-09-13 20:34:26,848 - root - WARNING - Peak flops undefined for: NVIDIA GeForce RTX 5060 Ti, fallback to A100
[titan] 2026-09-13 20:34:26,848 - root - INFO - Total parameter count: 896,134,688, active parameters: 691,875,872
[titan] 2026-09-13 20:34:26,848 - root - INFO - Total parameter count: 896,134,688, active parameters: 691,875,872
[titan] 2026-09-13 20:34:26,848 - root - INFO - [34mModel kimi_k3 debugmodel_dense [31msize: 896,134,688 total parameters[39m
[titan] 2026-09-13 20:34:26,848 - root - INFO - [34mModel kimi_k3 debugmodel_dense [31msize: 896,134,688 total parameters[39m
[titan] 2026-09-13 20:34:26,853 - root - INFO - Total parameter count: 896,134,688, active parameters: 691,875,872
[titan] 2026-09-13 20:34:26,853 - root - INFO - [34mModel kimi_k3 debugmodel_dense [31msize: 896,134,688 total parameters[39m
[rank0]:W0913 20:34:26.911000 1562093 torch/_logging/_internal.py:1394] Pipeline parallelism is using an eager NCCL communicator. Consider creating its process group with backend="nccl-lazy" so peer communicators are initialized lazily and traffic to different peers can overlap.
[titan] 2026-09-13 20:34:26,912 - root - INFO - PP rank 0 is building stage_idx 0 with modules ['vision_encoder', 'tok_embeddings', 'layers.0']
[rank5]:W0913 20:34:26.912000 1562098 torch/_logging/_internal.py:1394] Pipeline parallelism is using an eager NCCL communicator. Consider creating its process group with backend="nccl-lazy" so peer communicators are initialized lazily and traffic to different peers can overlap.
[titan] 2026-09-13 20:34:26,913 - root - INFO - PP rank 5 is building stage_idx 5 with modules ['layers.9', 'layers.10']
[rank7]:W0913 20:34:26.913000 1562100 torch/_logging/_internal.py:1394] Pipeline parallelism is using an eager NCCL communicator. Consider creating its process group with backend="nccl-lazy" so peer communicators are initialized lazily and traffic to different peers can overlap.
[titan] 2026-09-13 20:34:26,914 - root - INFO - PP rank 7 is building stage_idx 7 with modules ['layers.13', 'layers.14']
[rank2]:W0913 20:34:26.917000 1562095 torch/_logging/_internal.py:1394] Pipeline parallelism is using an eager NCCL communicator. Consider creating its process group with backend="nccl-lazy" so peer communicators are initialized lazily and traffic to different peers can overlap.
[titan] 2026-09-13 20:34:26,918 - root - INFO - PP rank 2 is building stage_idx 2 with modules ['layers.3', 'layers.4']
[rank4]:W0913 20:34:26.919000 1562097 torch/_logging/_internal.py:1394] Pipeline parallelism is using an eager NCCL communicator. Consider creating its process group with backend="nccl-lazy" so peer communicators are initialized lazily and traffic to different peers can overlap.
[titan] 2026-09-13 20:34:26,919 - root - INFO - PP rank 4 is building stage_idx 4 with modules ['layers.7', 'layers.8']
[rank3]:W0913 20:34:26.922000 1562096 torch/_logging/_internal.py:1394] Pipeline parallelism is using an eager NCCL communicator. Consider creating its process group with backend="nccl-lazy" so peer communicators are initialized lazily and traffic to different peers can overlap.
[titan] 2026-09-13 20:34:26,923 - root - INFO - PP rank 3 is building stage_idx 3 with modules ['layers.5', 'layers.6']
[rank6]:W0913 20:34:26.924000 1562099 torch/_logging/_internal.py:1394] Pipeline parallelism is using an eager NCCL communicator. Consider creating its process group with backend="nccl-lazy" so peer communicators are initialized lazily and traffic to different peers can overlap.
[titan] 2026-09-13 20:34:26,925 - root - INFO - PP rank 6 is building stage_idx 6 with modules ['layers.11', 'layers.12']
[rank1]:W0913 20:34:26.928000 1562094 torch/_logging/_internal.py:1394] Pipeline parallelism is using an eager NCCL communicator. Consider creating its process group with backend="nccl-lazy" so peer communicators are initialized lazily and traffic to different peers can overlap.
[titan] 2026-09-13 20:34:26,928 - root - INFO - PP rank 1 is building stage_idx 1 with modules ['layers.1', 'layers.2']
[titan] 2026-09-13 20:34:26,980 - root - INFO - PP rank 0 is building stage_idx 8 with modules ['layers.15', 'layers.16']
[titan] 2026-09-13 20:34:26,983 - root - INFO - PP rank 5 is building stage_idx 13 with modules ['layers.22']
[titan] 2026-09-13 20:34:26,984 - root - INFO - PP rank 7 is building stage_idx 15 with modules ['norm', 'lm_head', 'output_res_proj', 'output_res_norm']
[titan] 2026-09-13 20:34:26,987 - root - INFO - PP rank 2 is building stage_idx 10 with modules ['layers.19']
[titan] 2026-09-13 20:34:26,989 - root - INFO - PP rank 4 is building stage_idx 12 with modules ['layers.21']
[titan] 2026-09-13 20:34:26,989 - root - INFO - Applied SelectiveAC activation checkpointing to the model
[titan] 2026-09-13 20:34:26,991 - root - INFO - Applied SelectiveAC activation checkpointing to the model
[titan] 2026-09-13 20:34:26,992 - root - INFO - Applied SelectiveAC activation checkpointing to the model
[titan] 2026-09-13 20:34:26,994 - root - INFO - Applied SelectiveAC activation checkpointing to the model
[titan] 2026-09-13 20:34:26,994 - root - INFO - PP rank 6 is building stage_idx 14 with modules ['layers.23']
[titan] 2026-09-13 20:34:26,995 - root - INFO - PP rank 3 is building stage_idx 11 with modules ['layers.20']
[titan] 2026-09-13 20:34:26,995 - root - INFO - Applied SelectiveAC activation checkpointing to the model
[titan] 2026-09-13 20:34:26,997 - root - INFO - Applied SelectiveAC activation checkpointing to the model
[titan] 2026-09-13 20:34:27,001 - root - INFO - PP rank 1 is building stage_idx 9 with modules ['layers.17', 'layers.18']
[titan] 2026-09-13 20:34:27,003 - root - INFO - Applied SelectiveAC activation checkpointing to the model
[titan] 2026-09-13 20:34:27,005 - root - INFO - Applied SelectiveAC activation checkpointing to the model
[titan] 2026-09-13 20:34:27,011 - root - INFO - Applied SelectiveAC activation checkpointing to the model
[titan] 2026-09-13 20:34:27,029 - root - INFO - Applied FSDP to the model
[titan] 2026-09-13 20:34:27,030 - root - INFO - Applied FSDP to the model
[titan] 2026-09-13 20:34:27,030 - root - INFO - Applied SelectiveAC activation checkpointing to the model
[titan] 2026-09-13 20:34:27,031 - root - INFO - Applied SelectiveAC activation checkpointing to the model
[titan] 2026-09-13 20:34:27,034 - root - INFO - Applied FSDP to the model
[titan] 2026-09-13 20:34:27,034 - root - WARNING - Number of microbatches (4) is less than the total number of stages (16) which may result in a bubble in the pipeline.
[titan] 2026-09-13 20:34:27,035 - root - INFO - Applied FSDP to the model
[titan] 2026-09-13 20:34:27,035 - root - WARNING - Number of microbatches (4) is less than the total number of stages (16) which may result in a bubble in the pipeline.
[titan] 2026-09-13 20:34:27,035 - root - INFO - Using pipeline schedule Interleaved1F1B with 4 microbatches and 16 stages.
[titan] 2026-09-13 20:34:27,035 - root - INFO - Kimi K3 pipeline: 2 stage(s) on this rank [7, 15], block transport delta with rank store
[titan] 2026-09-13 20:34:27,036 - root - INFO - Using pipeline schedule Interleaved1F1B with 4 microbatches and 16 stages.
[titan] 2026-09-13 20:34:27,036 - root - INFO - Kimi K3 pipeline: 2 stage(s) on this rank [5, 13], block transport delta with rank store
[titan] 2026-09-13 20:34:27,042 - root - INFO - Applied FSDP to the model
[titan] 2026-09-13 20:34:27,043 - root - INFO - Applied FSDP to the model
[titan] 2026-09-13 20:34:27,043 - root - INFO - Applied SelectiveAC activation checkpointing to the model
[titan] 2026-09-13 20:34:27,044 - root - INFO - Applied SelectiveAC activation checkpointing to the model
[titan] 2026-09-13 20:34:27,045 - root - INFO - Applied FSDP to the model
[titan] 2026-09-13 20:34:27,046 - root - INFO - Applied SelectiveAC activation checkpointing to the model
[titan] 2026-09-13 20:34:27,047 - root - INFO - Applied FSDP to the model
[titan] 2026-09-13 20:34:27,047 - root - INFO - Applied FSDP to the model
[titan] 2026-09-13 20:34:27,047 - root - WARNING - Number of microbatches (4) is less than the total number of stages (16) which may result in a bubble in the pipeline.
[titan] 2026-09-13 20:34:27,048 - root - INFO - Applied FSDP to the model
[titan] 2026-09-13 20:34:27,048 - root - WARNING - Number of microbatches (4) is less than the total number of stages (16) which may result in a bubble in the pipeline.
[titan] 2026-09-13 20:34:27,049 - root - INFO - Applied SelectiveAC activation checkpointing to the model
[titan] 2026-09-13 20:34:27,049 - root - INFO - Using pipeline schedule Interleaved1F1B with 4 microbatches and 16 stages.
[titan] 2026-09-13 20:34:27,049 - root - INFO - Kimi K3 pipeline: 2 stage(s) on this rank [2, 10], block transport delta with rank store
[titan] 2026-09-13 20:34:27,049 - root - INFO - Using pipeline schedule Interleaved1F1B with 4 microbatches and 16 stages.
[titan] 2026-09-13 20:34:27,049 - root - INFO - Kimi K3 pipeline: 2 stage(s) on this rank [3, 11], block transport delta with rank store
[titan] 2026-09-13 20:34:27,050 - root - INFO - Applied FSDP to the model
[titan] 2026-09-13 20:34:27,050 - root - INFO - Applied FSDP to the model
[titan] 2026-09-13 20:34:27,051 - root - WARNING - Number of microbatches (4) is less than the total number of stages (16) which may result in a bubble in the pipeline.
[titan] 2026-09-13 20:34:27,051 - root - INFO - Applied SelectiveAC activation checkpointing to the model
[titan] 2026-09-13 20:34:27,051 - root - INFO - Applied FSDP to the model
[titan] 2026-09-13 20:34:27,052 - root - INFO - Using pipeline schedule Interleaved1F1B with 4 microbatches and 16 stages.
[titan] 2026-09-13 20:34:27,052 - root - INFO - Kimi K3 pipeline: 2 stage(s) on this rank [4, 12], block transport delta with rank store
[titan] 2026-09-13 20:34:27,053 - root - INFO - Applied SelectiveAC activation checkpointing to the model
[titan] 2026-09-13 20:34:27,054 - root - INFO - Applied FSDP to the model
[titan] 2026-09-13 20:34:27,054 - root - WARNING - Number of microbatches (4) is less than the total number of stages (16) which may result in a bubble in the pipeline.
[titan] 2026-09-13 20:34:27,056 - root - INFO - Using pipeline schedule Interleaved1F1B with 4 microbatches and 16 stages.
[titan] 2026-09-13 20:34:27,056 - root - INFO - Kimi K3 pipeline: 2 stage(s) on this rank [6, 14], block transport delta with rank store
[titan] 2026-09-13 20:34:27,057 - root - INFO - Applied FSDP to the model
[titan] 2026-09-13 20:34:27,058 - root - WARNING - Number of microbatches (4) is less than the total number of stages (16) which may result in a bubble in the pipeline.
[titan] 2026-09-13 20:34:27,059 - root - INFO - Using pipeline schedule Interleaved1F1B with 4 microbatches and 16 stages.
[titan] 2026-09-13 20:34:27,059 - root - INFO - Kimi K3 pipeline: 2 stage(s) on this rank [1, 9], block transport delta with rank store
[titan] 2026-09-13 20:34:27,071 - root - INFO - Applied FSDP to the model
[titan] 2026-09-13 20:34:27,071 - root - WARNING - Number of microbatches (4) is less than the total number of stages (16) which may result in a bubble in the pipeline.
[titan] 2026-09-13 20:34:27,072 - root - INFO - Using pipeline schedule Interleaved1F1B with 4 microbatches and 16 stages.
[titan] 2026-09-13 20:34:27,072 - root - INFO - Kimi K3 pipeline: 2 stage(s) on this rank [0, 8], block transport delta with rank store
[rank3]:W0913 20:34:27.241000 1562096 torch/distributed/tensor/_random.py:215] DTensor is synchronizing RNG states of every rank with the state from rank 0. This behavior is deprecated. Please call `torch.manual_seed()` on every rank that participates in SPMD DTensor Operations with the same seed. If using Pipeline Parallelism, each pipeline state would use a different seed, but all ranks belonging to one pipeline stage would use the same seed.
[rank6]:W0913 20:34:27.241000 1562099 torch/distributed/tensor/_random.py:215] DTensor is synchronizing RNG states of every rank with the state from rank 0. This behavior is deprecated. Please call `torch.manual_seed()` on every rank that participates in SPMD DTensor Operations with the same seed. If using Pipeline Parallelism, each pipeline state would use a different seed, but all ranks belonging to one pipeline stage would use the same seed.
[rank4]:W0913 20:34:27.242000 1562097 torch/distributed/tensor/_random.py:215] DTensor is synchronizing RNG states of every rank with the state from rank 0. This behavior is deprecated. Please call `torch.manual_seed()` on every rank that participates in SPMD DTensor Operations with the same seed. If using Pipeline Parallelism, each pipeline state would use a different seed, but all ranks belonging to one pipeline stage would use the same seed.
[rank5]:W0913 20:34:27.242000 1562098 torch/distributed/tensor/_random.py:215] DTensor is synchronizing RNG states of every rank with the state from rank 0. This behavior is deprecated. Please call `torch.manual_seed()` on every rank that participates in SPMD DTensor Operations with the same seed. If using Pipeline Parallelism, each pipeline state would use a different seed, but all ranks belonging to one pipeline stage would use the same seed.
[rank2]:W0913 20:34:27.242000 1562095 torch/distributed/tensor/_random.py:215] DTensor is synchronizing RNG states of every rank with the state from rank 0. This behavior is deprecated. Please call `torch.manual_seed()` on every rank that participates in SPMD DTensor Operations with the same seed. If using Pipeline Parallelism, each pipeline state would use a different seed, but all ranks belonging to one pipeline stage would use the same seed.
[rank7]:W0913 20:34:27.242000 1562100 torch/distributed/tensor/_random.py:215] DTensor is synchronizing RNG states of every rank with the state from rank 0. This behavior is deprecated. Please call `torch.manual_seed()` on every rank that participates in SPMD DTensor Operations with the same seed. If using Pipeline Parallelism, each pipeline state would use a different seed, but all ranks belonging to one pipeline stage would use the same seed.
[rank1]:W0913 20:34:27.244000 1562094 torch/distributed/tensor/_random.py:215] DTensor is synchronizing RNG states of every rank with the state from rank 0. This behavior is deprecated. Please call `torch.manual_seed()` on every rank that participates in SPMD DTensor Operations with the same seed. If using Pipeline Parallelism, each pipeline state would use a different seed, but all ranks belonging to one pipeline stage would use the same seed.
[titan] 2026-09-13 20:34:27,411 - root - WARNING - [31mPipeline Parallel loss is not visible. Please add [33mrank 7[31m to LOG_RANK environment variable in run_train.sh.[39m
[titan] 2026-09-13 20:34:27,413 - root - WARNING - [31mPipeline Parallel loss is not visible. Please add [33mrank 7[31m to LOG_RANK environment variable in run_train.sh.[39m
[titan] 2026-09-13 20:34:27,414 - root - WARNING - Error running lspci: [Errno 2] No such file or directory: 'lspci', fallback to use device_name
[titan] 2026-09-13 20:34:27,414 - root - WARNING - Peak flops undefined for: NVIDIA GeForce RTX 5060 Ti, fallback to A100
[titan] 2026-09-13 20:34:27,414 - root - INFO - Peak FLOPS used for computing MFU: 3.120e+14
[titan] 2026-09-13 20:34:27,414 - root - INFO - CUDA memory usage for model: 0.16GiB(1.03%)
[titan] 2026-09-13 20:34:27,415 - root - INFO - Optimizer AdamW (model_part=0): 46 params [.*] {'fused': True, 'foreach': False, 'lr': 0.0008, 'betas': (0.9, 0.95), 'eps': 1e-08, 'weight_decay': 0.1}
[titan] 2026-09-13 20:34:27,415 - root - INFO - Optimizer AdamW (model_part=1): 23 params [.*] {'fused': True, 'foreach': False, 'lr': 0.0008, 'betas': (0.9, 0.95), 'eps': 1e-08, 'weight_decay': 0.1}
[titan] 2026-09-13 20:34:27,416 - root - INFO - Loading tokenizer from tokenizer.json
[titan] 2026-09-13 20:34:27,417 - root - WARNING - Error running lspci: [Errno 2] No such file or directory: 'lspci', fallback to use device_name
[titan] 2026-09-13 20:34:27,417 - root - WARNING - Peak flops undefined for: NVIDIA GeForce RTX 5060 Ti, fallback to A100
[titan] 2026-09-13 20:34:27,417 - root - INFO - Peak FLOPS used for computing MFU: 3.120e+14
[titan] 2026-09-13 20:34:27,417 - root - INFO - CUDA memory usage for model: 0.16GiB(1.03%)
[titan] 2026-09-13 20:34:27,418 - root - INFO - Optimizer AdamW (model_part=0): 46 params [.*] {'fused': True, 'foreach': False, 'lr': 0.0008, 'betas': (0.9, 0.95), 'eps': 1e-08, 'weight_decay': 0.1}
[titan] 2026-09-13 20:34:27,418 - root - INFO - Optimizer AdamW (model_part=1): 23 params [.*] {'fused': True, 'foreach': False, 'lr': 0.0008, 'betas': (0.9, 0.95), 'eps': 1e-08, 'weight_decay': 0.1}
[titan] 2026-09-13 20:34:27,419 - root - INFO - Loading tokenizer from tokenizer.json
[titan] 2026-09-13 20:34:27,430 - root - WARNING - [31mPipeline Parallel loss is not visible. Please add [33mrank 7[31m to LOG_RANK environment variable in run_train.sh.[39m
[titan] 2026-09-13 20:34:27,433 - root - WARNING - Error running lspci: [Errno 2] No such file or directory: 'lspci', fallback to use device_name
[titan] 2026-09-13 20:34:27,433 - root - WARNING - Peak flops undefined for: NVIDIA GeForce RTX 5060 Ti, fallback to A100
[titan] 2026-09-13 20:34:27,433 - root - INFO - Peak FLOPS used for computing MFU: 3.120e+14
[titan] 2026-09-13 20:34:27,434 - root - INFO - CUDA memory usage for model: 0.20GiB(1.30%)
[titan] 2026-09-13 20:34:27,434 - root - INFO - Optimizer AdamW (model_part=0): 46 params [.*] {'fused': True, 'foreach': False, 'lr': 0.0008, 'betas': (0.9, 0.95), 'eps': 1e-08, 'weight_decay': 0.1}
[titan] 2026-09-13 20:34:27,435 - root - INFO - Optimizer AdamW (model_part=1): 46 params [.*] {'fused': True, 'foreach': False, 'lr': 0.0008, 'betas': (0.9, 0.95), 'eps': 1e-08, 'weight_decay': 0.1}
[titan] 2026-09-13 20:34:27,435 - root - INFO - Loading tokenizer from tokenizer.json
[titan] 2026-09-13 20:34:27,438 - root - WARNING - [31mPipeline Parallel loss is not visible. Please add [33mrank 7[31m to LOG_RANK environment variable in run_train.sh.[39m
[titan] 2026-09-13 20:34:27,440 - root - WARNING - Error running lspci: [Errno 2] No such file or directory: 'lspci', fallback to use device_name
[titan] 2026-09-13 20:34:27,441 - root - WARNING - Peak flops undefined for: NVIDIA GeForce RTX 5060 Ti, fallback to A100
[titan] 2026-09-13 20:34:27,441 - root - INFO - Peak FLOPS used for computing MFU: 3.120e+14
[titan] 2026-09-13 20:34:27,441 - root - WARNING - [31mPipeline Parallel loss is not visible. Please add [33mrank 7[31m to LOG_RANK environment variable in run_train.sh.[39m
[titan] 2026-09-13 20:34:27,441 - root - INFO - CUDA memory usage for model: 0.13GiB(0.82%)
[titan] 2026-09-13 20:34:27,442 - root - INFO - Optimizer AdamW (model_part=0): 40 params [.*] {'fused': True, 'foreach': False, 'lr': 0.0008, 'betas': (0.9, 0.95), 'eps': 1e-08, 'weight_decay': 0.1}
[titan] 2026-09-13 20:34:27,442 - root - INFO - Optimizer AdamW (model_part=1): 17 params [.*] {'fused': True, 'foreach': False, 'lr': 0.0008, 'betas': (0.9, 0.95), 'eps': 1e-08, 'weight_decay': 0.1}
[titan] 2026-09-13 20:34:27,443 - root - INFO - Loading tokenizer from tokenizer.json
[titan] 2026-09-13 20:34:27,446 - root - WARNING - Error running lspci: [Errno 2] No such file or directory: 'lspci', fallback to use device_name
[titan] 2026-09-13 20:34:27,446 - root - WARNING - Peak flops undefined for: NVIDIA GeForce RTX 5060 Ti, fallback to A100
[titan] 2026-09-13 20:34:27,446 - root - INFO - Peak FLOPS used for computing MFU: 3.120e+14
[titan] 2026-09-13 20:34:27,446 - root - WARNING - [31mPipeline Parallel loss is not visible. Please add [33mrank 7[31m to LOG_RANK environment variable in run_train.sh.[39m
[titan] 2026-09-13 20:34:27,446 - root - INFO - CUDA memory usage for model: 0.14GiB(0.93%)
[titan] 2026-09-13 20:34:27,447 - root - INFO - Optimizer AdamW (model_part=0): 40 params [.*] {'fused': True, 'foreach': False, 'lr': 0.0008, 'betas': (0.9, 0.95), 'eps': 1e-08, 'weight_decay': 0.1}
[titan] 2026-09-13 20:34:27,447 - root - INFO - Optimizer AdamW (model_part=1): 23 params [.*] {'fused': True, 'foreach': False, 'lr': 0.0008, 'betas': (0.9, 0.95), 'eps': 1e-08, 'weight_decay': 0.1}
[titan] 2026-09-13 20:34:27,448 - root - INFO - Loading tokenizer from tokenizer.json
[titan] 2026-09-13 20:34:27,449 - root - WARNING - Error running lspci: [Errno 2] No such file or directory: 'lspci', fallback to use device_name
[titan] 2026-09-13 20:34:27,449 - root - WARNING - Peak flops undefined for: NVIDIA GeForce RTX 5060 Ti, fallback to A100
[titan] 2026-09-13 20:34:27,449 - root - INFO - Peak FLOPS used for computing MFU: 3.120e+14
[titan] 2026-09-13 20:34:27,449 - root - INFO - CUDA memory usage for model: 0.13GiB(0.82%)
[titan] 2026-09-13 20:34:27,450 - root - INFO - Optimizer AdamW (model_part=0): 40 params [.*] {'fused': True, 'foreach': False, 'lr': 0.0008, 'betas': (0.9, 0.95), 'eps': 1e-08, 'weight_decay': 0.1}
[titan] 2026-09-13 20:34:27,450 - root - INFO - Optimizer AdamW (model_part=1): 17 params [.*] {'fused': True, 'foreach': False, 'lr': 0.0008, 'betas': (0.9, 0.95), 'eps': 1e-08, 'weight_decay': 0.1}
[titan] 2026-09-13 20:34:27,450 - root - INFO - Loading tokenizer from tokenizer.json
[titan] 2026-09-13 20:34:27,466 - root - WARNING - [31mPipeline Parallel loss is not visible. Please add [33mrank 7[31m to LOG_RANK environment variable in run_train.sh.[39m
[titan] 2026-09-13 20:34:27,471 - root - WARNING - Error running lspci: [Errno 2] No such file or directory: 'lspci', fallback to use device_name
[titan] 2026-09-13 20:34:27,471 - root - WARNING - Peak flops undefined for: NVIDIA GeForce RTX 5060 Ti, fallback to A100
[titan] 2026-09-13 20:34:27,471 - root - INFO - Peak FLOPS used for computing MFU: 3.120e+14
[titan] 2026-09-13 20:34:27,471 - root - INFO - CUDA memory usage for model: 1.66GiB(10.75%)
[titan] 2026-09-13 20:34:27,472 - root - INFO - Optimizer AdamW (model_part=0): 46 params [.*] {'fused': True, 'foreach': False, 'lr': 0.0008, 'betas': (0.9, 0.95), 'eps': 1e-08, 'weight_decay': 0.1}
[titan] 2026-09-13 20:34:27,472 - root - INFO - Optimizer AdamW (model_part=1): 4 params [.*] {'fused': True, 'foreach': False, 'lr': 0.0008, 'betas': (0.9, 0.95), 'eps': 1e-08, 'weight_decay': 0.1}
[titan] 2026-09-13 20:34:27,472 - root - INFO - Loading tokenizer from tokenizer.json
[titan] 2026-09-13 20:34:27,615 - root - WARNING - [31mPipeline Parallel loss is not visible. Please add [33mrank 7[31m to LOG_RANK environment variable in run_train.sh.[39m
[titan] 2026-09-13 20:34:27,619 - root - WARNING - Error running lspci: [Errno 2] No such file or directory: 'lspci', fallback to use device_name
[titan] 2026-09-13 20:34:27,619 - root - WARNING - Peak flops undefined for: NVIDIA GeForce RTX 5060 Ti, fallback to A100
[titan] 2026-09-13 20:34:27,619 - root - INFO - Peak FLOPS used for computing MFU: 3.120e+14
[titan] 2026-09-13 20:34:27,619 - root - INFO - CUDA memory usage for model: 0.52GiB(3.37%)
[titan] 2026-09-13 20:34:27,620 - root - INFO - Optimizer AdamW (model_part=0): 92 params [.*] {'fused': True, 'foreach': False, 'lr': 0.0008, 'betas': (0.9, 0.95), 'eps': 1e-08, 'weight_decay': 0.1}
[titan] 2026-09-13 20:34:27,621 - root - INFO - Optimizer AdamW (model_part=1): 40 params [.*] {'fused': True, 'foreach': False, 'lr': 0.0008, 'betas': (0.9, 0.95), 'eps': 1e-08, 'weight_decay': 0.1}
[titan] 2026-09-13 20:34:27,622 - root - INFO - Loading tokenizer from tokenizer.json
[titan] 2026-09-13 20:34:28,144 - httpx - INFO - HTTP Request: HEAD https://s3.amazonaws.com/datasets.huggingface.co/datasets/datasets/json/json.py "HTTP/1.1 200 OK"
[titan] 2026-09-13 20:34:28,156 - root - WARNING - model.safetensors.index.json not found at hf_assets_path: ./tests/assets/tokenizer/model.safetensors.index.json.                     Defaulting to saving a single safetensors file if checkpoint is saved in HF format
[titan] 2026-09-13 20:34:28,157 - root - WARNING - initial_load_model_only=True has no effect without an initial_load_path.
[titan] 2026-09-13 20:34:28,159 - root - INFO - Checkpointing active. Checkpoints will be loaded from and saved to /workspace/pp_gradprobe_warm/tri_dense_bf16_c/checkpoint
[titan] 2026-09-13 20:34:28,160 - root - INFO - Trainer is initialized with 256 tokens per DP rank, 256 tokens per train step, gradient accumulation steps 1, maximum context length 2048, total steps 100 (warmup 2)
[titan] 2026-09-13 20:34:28,160 - root - INFO - Loading the checkpoint from /workspace/pp_gradprobe_warm/tri_dense_bf16_c/checkpoint/step-0.
[titan] 2026-09-13 20:34:28,170 - httpx - INFO - HTTP Request: HEAD https://s3.amazonaws.com/datasets.huggingface.co/datasets/datasets/json/json.py "HTTP/1.1 200 OK"
[titan] 2026-09-13 20:34:28,179 - httpx - INFO - HTTP Request: HEAD https://s3.amazonaws.com/datasets.huggingface.co/datasets/datasets/json/json.py "HTTP/1.1 200 OK"
[titan] 2026-09-13 20:34:28,186 - root - WARNING - model.safetensors.index.json not found at hf_assets_path: ./tests/assets/tokenizer/model.safetensors.index.json.                     Defaulting to saving a single safetensors file if checkpoint is saved in HF format
[titan] 2026-09-13 20:34:28,186 - root - WARNING - initial_load_model_only=True has no effect without an initial_load_path.
[titan] 2026-09-13 20:34:28,189 - root - INFO - Checkpointing active. Checkpoints will be loaded from and saved to /workspace/pp_gradprobe_warm/tri_dense_bf16_c/checkpoint
[titan] 2026-09-13 20:34:28,190 - root - INFO - Trainer is initialized with 256 tokens per DP rank, 256 tokens per train step, gradient accumulation steps 1, maximum context length 2048, total steps 100 (warmup 2)
[titan] 2026-09-13 20:34:28,191 - root - INFO - Loading the checkpoint from /workspace/pp_gradprobe_warm/tri_dense_bf16_c/checkpoint/step-0.
[titan] 2026-09-13 20:34:28,193 - root - WARNING - model.safetensors.index.json not found at hf_assets_path: ./tests/assets/tokenizer/model.safetensors.index.json.                     Defaulting to saving a single safetensors file if checkpoint is saved in HF format
[titan] 2026-09-13 20:34:28,193 - root - WARNING - initial_load_model_only=True has no effect without an initial_load_path.
[titan] 2026-09-13 20:34:28,196 - root - INFO - Checkpointing active. Checkpoints will be loaded from and saved to /workspace/pp_gradprobe_warm/tri_dense_bf16_c/checkpoint
[titan] 2026-09-13 20:34:28,196 - root - INFO - Trainer is initialized with 256 tokens per DP rank, 256 tokens per train step, gradient accumulation steps 1, maximum context length 2048, total steps 100 (warmup 2)
[titan] 2026-09-13 20:34:28,197 - root - INFO - Loading the checkpoint from /workspace/pp_gradprobe_warm/tri_dense_bf16_c/checkpoint/step-0.
[titan] 2026-09-13 20:34:28,200 - httpx - INFO - HTTP Request: HEAD https://s3.amazonaws.com/datasets.huggingface.co/datasets/datasets/json/json.py "HTTP/1.1 200 OK"
[titan] 2026-09-13 20:34:28,216 - root - WARNING - model.safetensors.index.json not found at hf_assets_path: ./tests/assets/tokenizer/model.safetensors.index.json.                     Defaulting to saving a single safetensors file if checkpoint is saved in HF format
[titan] 2026-09-13 20:34:28,216 - root - WARNING - initial_load_model_only=True has no effect without an initial_load_path.
[titan] 2026-09-13 20:34:28,219 - root - INFO - Checkpointing active. Checkpoints will be loaded from and saved to /workspace/pp_gradprobe_warm/tri_dense_bf16_c/checkpoint
[titan] 2026-09-13 20:34:28,220 - root - INFO - Trainer is initialized with 256 tokens per DP rank, 256 tokens per train step, gradient accumulation steps 1, maximum context length 2048, total steps 100 (warmup 2)
[titan] 2026-09-13 20:34:28,221 - root - INFO - Loading the checkpoint from /workspace/pp_gradprobe_warm/tri_dense_bf16_c/checkpoint/step-0.
[titan] 2026-09-13 20:34:28,691 - httpx - INFO - HTTP Request: HEAD https://s3.amazonaws.com/datasets.huggingface.co/datasets/datasets/json/json.py "HTTP/1.1 200 OK"
[titan] 2026-09-13 20:34:28,707 - root - WARNING - model.safetensors.index.json not found at hf_assets_path: ./tests/assets/tokenizer/model.safetensors.index.json.                     Defaulting to saving a single safetensors file if checkpoint is saved in HF format
[titan] 2026-09-13 20:34:28,707 - root - WARNING - initial_load_model_only=True has no effect without an initial_load_path.
[titan] 2026-09-13 20:34:28,712 - root - INFO - Checkpointing active. Checkpoints will be loaded from and saved to /workspace/pp_gradprobe_warm/tri_dense_bf16_c/checkpoint
[titan] 2026-09-13 20:34:28,712 - root - INFO - Trainer is initialized with 256 tokens per DP rank, 256 tokens per train step, gradient accumulation steps 1, maximum context length 2048, total steps 100 (warmup 2)
[titan] 2026-09-13 20:34:28,713 - root - INFO - Loading the checkpoint from /workspace/pp_gradprobe_warm/tri_dense_bf16_c/checkpoint/step-0.
[titan] 2026-09-13 20:34:28,885 - httpx - INFO - HTTP Request: HEAD https://s3.amazonaws.com/datasets.huggingface.co/datasets/datasets/json/json.py "HTTP/1.1 200 OK"
[titan] 2026-09-13 20:34:28,900 - root - WARNING - model.safetensors.index.json not found at hf_assets_path: ./tests/assets/tokenizer/model.safetensors.index.json.                     Defaulting to saving a single safetensors file if checkpoint is saved in HF format
[titan] 2026-09-13 20:34:28,900 - root - WARNING - initial_load_model_only=True has no effect without an initial_load_path.
[titan] 2026-09-13 20:34:28,904 - root - INFO - Checkpointing active. Checkpoints will be loaded from and saved to /workspace/pp_gradprobe_warm/tri_dense_bf16_c/checkpoint
[titan] 2026-09-13 20:34:28,904 - root - INFO - Trainer is initialized with 256 tokens per DP rank, 256 tokens per train step, gradient accumulation steps 1, maximum context length 2048, total steps 100 (warmup 2)
[titan] 2026-09-13 20:34:28,905 - root - INFO - Loading the checkpoint from /workspace/pp_gradprobe_warm/tri_dense_bf16_c/checkpoint/step-0.
[titan] 2026-09-13 20:34:28,938 - httpx - INFO - HTTP Request: HEAD https://s3.amazonaws.com/datasets.huggingface.co/datasets/datasets/json/json.py "HTTP/1.1 200 OK"
[titan] 2026-09-13 20:34:28,954 - root - WARNING - model.safetensors.index.json not found at hf_assets_path: ./tests/assets/tokenizer/model.safetensors.index.json.                     Defaulting to saving a single safetensors file if checkpoint is saved in HF format
[titan] 2026-09-13 20:34:28,954 - root - WARNING - initial_load_model_only=True has no effect without an initial_load_path.
[titan] 2026-09-13 20:34:28,957 - root - INFO - Checkpointing active. Checkpoints will be loaded from and saved to /workspace/pp_gradprobe_warm/tri_dense_bf16_c/checkpoint
[titan] 2026-09-13 20:34:28,958 - root - INFO - Trainer is initialized with 256 tokens per DP rank, 256 tokens per train step, gradient accumulation steps 1, maximum context length 2048, total steps 100 (warmup 2)
[titan] 2026-09-13 20:34:28,959 - root - INFO - Loading the checkpoint from /workspace/pp_gradprobe_warm/tri_dense_bf16_c/checkpoint/step-0.
[titan] 2026-09-13 20:34:29,120 - httpx - INFO - HTTP Request: HEAD https://s3.amazonaws.com/datasets.huggingface.co/datasets/datasets/json/json.py "HTTP/1.1 200 OK"
[titan] 2026-09-13 20:34:29,135 - root - WARNING - model.safetensors.index.json not found at hf_assets_path: ./tests/assets/tokenizer/model.safetensors.index.json.                     Defaulting to saving a single safetensors file if checkpoint is saved in HF format
[titan] 2026-09-13 20:34:29,135 - root - WARNING - initial_load_model_only=True has no effect without an initial_load_path.
[titan] 2026-09-13 20:34:29,142 - root - INFO - Checkpointing active. Checkpoints will be loaded from and saved to /workspace/pp_gradprobe_warm/tri_dense_bf16_c/checkpoint
[titan] 2026-09-13 20:34:29,142 - root - INFO - Trainer is initialized with 256 tokens per DP rank, 256 tokens per train step, gradient accumulation steps 1, maximum context length 2048, total steps 100 (warmup 2)
[titan] 2026-09-13 20:34:29,143 - root - INFO - Loading the checkpoint from /workspace/pp_gradprobe_warm/tri_dense_bf16_c/checkpoint/step-0.
[titan] 2026-09-13 20:34:29,960 - root - INFO - [GC] GC collection for checkpoint loading. took 0.01 seconds
[titan] 2026-09-13 20:34:29,961 - root - INFO - Finished loading the checkpoint in 1.74 seconds.
[titan] 2026-09-13 20:34:29,961 - root - INFO - Training starts at step 1
[titan] 2026-09-13 20:34:29,962 - root - INFO - [GC] GC collection for checkpoint loading. took 0.01 seconds
[titan] 2026-09-13 20:34:29,962 - root - INFO - [GC] GC collection for checkpoint loading. took 0.01 seconds
[titan] 2026-09-13 20:34:29,962 - root - INFO - Finished loading the checkpoint in 1.80 seconds.
[titan] 2026-09-13 20:34:29,962 - root - INFO - Finished loading the checkpoint in 1.06 seconds.
[titan] 2026-09-13 20:34:29,962 - root - INFO - Training starts at step 1
[titan] 2026-09-13 20:34:29,963 - root - INFO - Training starts at step 1
[titan] 2026-09-13 20:34:29,964 - root - INFO - [GC] GC collection for checkpoint loading. took 0.01 seconds
[titan] 2026-09-13 20:34:29,964 - root - INFO - Finished loading the checkpoint in 1.25 seconds.
[titan] 2026-09-13 20:34:29,965 - root - INFO - Training starts at step 1
[titan] 2026-09-13 20:34:29,971 - root - INFO - [GC] GC collection for checkpoint loading. took 0.01 seconds
[titan] 2026-09-13 20:34:29,971 - root - INFO - Finished loading the checkpoint in 1.78 seconds.
[titan] 2026-09-13 20:34:29,971 - root - INFO - Training starts at step 1
[titan] 2026-09-13 20:34:29,971 - root - INFO - [GC] GC collection for checkpoint loading. took 0.01 seconds
[titan] 2026-09-13 20:34:29,971 - root - INFO - Finished loading the checkpoint in 1.01 seconds.
[titan] 2026-09-13 20:34:29,972 - root - INFO - Training starts at step 1
[titan] 2026-09-13 20:34:29,972 - root - INFO - [GC] GC collection for checkpoint loading. took 0.01 seconds
[titan] 2026-09-13 20:34:29,972 - root - INFO - Finished loading the checkpoint in 1.78 seconds.
[titan] 2026-09-13 20:34:29,972 - root - INFO - Training starts at step 1
[titan] 2026-09-13 20:34:29,989 - root - INFO - [GC] GC collection for checkpoint loading. took 0.01 seconds
[titan] 2026-09-13 20:34:29,989 - root - INFO - Finished loading the checkpoint in 0.85 seconds.
[titan] 2026-09-13 20:34:29,989 - root - INFO - Training starts at step 1
[titan] 2026-09-13 20:34:34,056 - attn_gym.linear.kda.utils - INFO - Blackwell detected: registering default global_scratch allocator.
[titan] 2026-09-13 20:34:34,807 - attn_gym.linear.kda.utils - INFO - Blackwell detected: registering default global_scratch allocator.
/workspace/venv_bfx9/lib/python3.12/site-packages/torch/distributed/fsdp/_fully_shard/_fsdp_state.py:336: UserWarning: FSDP2-wrapped module (FSDPCheckpointWrapper) returned a view tensor. An in-place op on this view (e.g., `x += y`) will silently drop the pre-backward hook and skip the all-gather, which can cause backward to fail or produce wrong gradients. Use out-of-place ops (`out = out + y`, not `out += y`) or `.clone()` the output before any in-place op.
  output = self._register_pre_backward_hook(output)
/workspace/venv_bfx9/lib/python3.12/site-packages/torch/distributed/fsdp/_fully_shard/_fsdp_state.py:336: UserWarning: FSDP2-wrapped module (FSDPKimiK3Model) returned a view tensor. An in-place op on this view (e.g., `x += y`) will silently drop the pre-backward hook and skip the all-gather, which can cause backward to fail or produce wrong gradients. Use out-of-place ops (`out = out + y`, not `out += y`) or `.clone()` the output before any in-place op.
  output = self._register_pre_backward_hook(output)
/workspace/venv_bfx9/lib/python3.12/site-packages/torch/distributed/fsdp/_fully_shard/_fsdp_state.py:336: UserWarning: FSDP2-wrapped module (FSDPCheckpointWrapper) returned a view tensor. An in-place op on this view (e.g., `x += y`) will silently drop the pre-backward hook and skip the all-gather, which can cause backward to fail or produce wrong gradients. Use out-of-place ops (`out = out + y`, not `out += y`) or `.clone()` the output before any in-place op.
  output = self._register_pre_backward_hook(output)
[titan] 2026-09-13 20:34:35,724 - attn_gym.linear.kda.utils - INFO - Blackwell detected: registering default global_scratch allocator.
/workspace/venv_bfx9/lib/python3.12/site-packages/torch/distributed/fsdp/_fully_shard/_fsdp_state.py:336: UserWarning: FSDP2-wrapped module (FSDPKimiK3Model) returned a view tensor. An in-place op on this view (e.g., `x += y`) will silently drop the pre-backward hook and skip the all-gather, which can cause backward to fail or produce wrong gradients. Use out-of-place ops (`out = out + y`, not `out += y`) or `.clone()` the output before any in-place op.
  output = self._register_pre_backward_hook(output)
[titan] 2026-09-13 20:34:36,319 - attn_gym.linear.kda.utils - INFO - Blackwell detected: registering default global_scratch allocator.
/workspace/venv_bfx9/lib/python3.12/site-packages/torch/distributed/fsdp/_fully_shard/_fsdp_state.py:336: UserWarning: FSDP2-wrapped module (FSDPCheckpointWrapper) returned a view tensor. An in-place op on this view (e.g., `x += y`) will silently drop the pre-backward hook and skip the all-gather, which can cause backward to fail or produce wrong gradients. Use out-of-place ops (`out = out + y`, not `out += y`) or `.clone()` the output before any in-place op.
  output = self._register_pre_backward_hook(output)
/workspace/venv_bfx9/lib/python3.12/site-packages/torch/distributed/fsdp/_fully_shard/_fsdp_state.py:336: UserWarning: FSDP2-wrapped module (FSDPKimiK3Model) returned a view tensor. An in-place op on this view (e.g., `x += y`) will silently drop the pre-backward hook and skip the all-gather, which can cause backward to fail or produce wrong gradients. Use out-of-place ops (`out = out + y`, not `out += y`) or `.clone()` the output before any in-place op.
  output = self._register_pre_backward_hook(output)
/workspace/venv_bfx9/lib/python3.12/site-packages/torch/distributed/fsdp/_fully_shard/_fsdp_state.py:336: UserWarning: FSDP2-wrapped module (FSDPCheckpointWrapper) returned a view tensor. An in-place op on this view (e.g., `x += y`) will silently drop the pre-backward hook and skip the all-gather, which can cause backward to fail or produce wrong gradients. Use out-of-place ops (`out = out + y`, not `out += y`) or `.clone()` the output before any in-place op.
  output = self._register_pre_backward_hook(output)
[titan] 2026-09-13 20:34:37,237 - attn_gym.linear.kda.utils - INFO - Blackwell detected: registering default global_scratch allocator.
/workspace/venv_bfx9/lib/python3.12/site-packages/torch/distributed/fsdp/_fully_shard/_fsdp_state.py:336: UserWarning: FSDP2-wrapped module (FSDPKimiK3Model) returned a view tensor. An in-place op on this view (e.g., `x += y`) will silently drop the pre-backward hook and skip the all-gather, which can cause backward to fail or produce wrong gradients. Use out-of-place ops (`out = out + y`, not `out += y`) or `.clone()` the output before any in-place op.
  output = self._register_pre_backward_hook(output)
[titan] 2026-09-13 20:34:37,810 - attn_gym.linear.kda.utils - INFO - Blackwell detected: registering default global_scratch allocator.
/workspace/venv_bfx9/lib/python3.12/site-packages/torch/distributed/fsdp/_fully_shard/_fsdp_state.py:336: UserWarning: FSDP2-wrapped module (FSDPCheckpointWrapper) returned a view tensor. An in-place op on this view (e.g., `x += y`) will silently drop the pre-backward hook and skip the all-gather, which can cause backward to fail or produce wrong gradients. Use out-of-place ops (`out = out + y`, not `out += y`) or `.clone()` the output before any in-place op.
  output = self._register_pre_backward_hook(output)
/workspace/venv_bfx9/lib/python3.12/site-packages/torch/distributed/fsdp/_fully_shard/_fsdp_state.py:336: UserWarning: FSDP2-wrapped module (FSDPKimiK3Model) returned a view tensor. An in-place op on this view (e.g., `x += y`) will silently drop the pre-backward hook and skip the all-gather, which can cause backward to fail or produce wrong gradients. Use out-of-place ops (`out = out + y`, not `out += y`) or `.clone()` the output before any in-place op.
  output = self._register_pre_backward_hook(output)
/workspace/venv_bfx9/lib/python3.12/site-packages/torch/distributed/fsdp/_fully_shard/_fsdp_state.py:336: UserWarning: FSDP2-wrapped module (FSDPCheckpointWrapper) returned a view tensor. An in-place op on this view (e.g., `x += y`) will silently drop the pre-backward hook and skip the all-gather, which can cause backward to fail or produce wrong gradients. Use out-of-place ops (`out = out + y`, not `out += y`) or `.clone()` the output before any in-place op.
  output = self._register_pre_backward_hook(output)
[titan] 2026-09-13 20:34:38,720 - attn_gym.linear.kda.utils - INFO - Blackwell detected: registering default global_scratch allocator.
[titan] 2026-09-13 20:34:39,289 - attn_gym.linear.kda.utils - INFO - Blackwell detected: registering default global_scratch allocator.
/workspace/venv_bfx9/lib/python3.12/site-packages/torch/distributed/fsdp/_fully_shard/_fsdp_state.py:336: UserWarning: FSDP2-wrapped module (FSDPCheckpointWrapper) returned a view tensor. An in-place op on this view (e.g., `x += y`) will silently drop the pre-backward hook and skip the all-gather, which can cause backward to fail or produce wrong gradients. Use out-of-place ops (`out = out + y`, not `out += y`) or `.clone()` the output before any in-place op.
  output = self._register_pre_backward_hook(output)
/workspace/venv_bfx9/lib/python3.12/site-packages/torch/distributed/fsdp/_fully_shard/_fsdp_state.py:336: UserWarning: FSDP2-wrapped module (FSDPKimiK3Model) returned a view tensor. An in-place op on this view (e.g., `x += y`) will silently drop the pre-backward hook and skip the all-gather, which can cause backward to fail or produce wrong gradients. Use out-of-place ops (`out = out + y`, not `out += y`) or `.clone()` the output before any in-place op.
  output = self._register_pre_backward_hook(output)
/workspace/venv_bfx9/lib/python3.12/site-packages/torch/distributed/fsdp/_fully_shard/_fsdp_state.py:336: UserWarning: FSDP2-wrapped module (FSDPCheckpointWrapper) returned a view tensor. An in-place op on this view (e.g., `x += y`) will silently drop the pre-backward hook and skip the all-gather, which can cause backward to fail or produce wrong gradients. Use out-of-place ops (`out = out + y`, not `out += y`) or `.clone()` the output before any in-place op.
  output = self._register_pre_backward_hook(output)
/workspace/venv_bfx9/lib/python3.12/site-packages/torch/distributed/fsdp/_fully_shard/_fsdp_state.py:336: UserWarning: FSDP2-wrapped module (FSDPKimiK3Model) returned a view tensor. An in-place op on this view (e.g., `x += y`) will silently drop the pre-backward hook and skip the all-gather, which can cause backward to fail or produce wrong gradients. Use out-of-place ops (`out = out + y`, not `out += y`) or `.clone()` the output before any in-place op.
  output = self._register_pre_backward_hook(output)
/workspace/venv_bfx9/lib/python3.12/site-packages/torch/distributed/fsdp/_fully_shard/_fsdp_state.py:336: UserWarning: FSDP2-wrapped module (FSDPKimiK3Model) returned a view tensor. An in-place op on this view (e.g., `x += y`) will silently drop the pre-backward hook and skip the all-gather, which can cause backward to fail or produce wrong gradients. Use out-of-place ops (`out = out + y`, not `out += y`) or `.clone()` the output before any in-place op.
  output = self._register_pre_backward_hook(output)
REPR 1 rank7 loss 1.24575519561767578e+01 gn 1.53125000000000000e+01
[titan] 2026-09-13 20:34:42,468 - root - INFO - [31mstep:  1  [32mloss: 12.45755  [38;2;180;60;0mgrad_norm: 15.3125  [38;2;54;234;195mmemory:  4.90GiB(31.65%)  [34mtps: 2  [36mtflops: 0.01  [35mmfu: 0.00%[39m
[titan] 2026-09-13 20:34:42,468 - root - INFO - Synchronizing and adjusting timeout for all ProcessGroups to 0:01:40
REPR 1 rank2 loss -1.00000000000000000e+00 gn 1.53125000000000000e+01
[titan] 2026-09-13 20:34:42,475 - root - INFO - [31mstep:  1  [32mloss: -1.00000  [38;2;180;60;0mgrad_norm: 15.3125  [38;2;54;234;195mmemory:  0.91GiB(5.87%)  [34mtps: 2  [36mtflops: 0.01  [35mmfu: 0.00%[39m
[titan] 2026-09-13 20:34:42,475 - root - INFO - Synchronizing and adjusting timeout for all ProcessGroups to 0:01:40
REPR 1 rank6 loss -1.00000000000000000e+00 gn 1.53125000000000000e+01
[titan] 2026-09-13 20:34:42,486 - root - INFO - [31mstep:  1  [32mloss: -1.00000  [38;2;180;60;0mgrad_norm: 15.3125  [38;2;54;234;195mmemory:  0.90GiB(5.84%)  [34mtps: 2  [36mtflops: 0.01  [35mmfu: 0.00%[39m
REPR 1 rank0 loss -1.00000000000000000e+00 gn 1.53125000000000000e+01
[titan] 2026-09-13 20:34:42,487 - root - INFO - Synchronizing and adjusting timeout for all ProcessGroups to 0:01:40
[titan] 2026-09-13 20:34:42,487 - root - INFO - [31mstep:  1  [32mloss: -1.00000  [38;2;180;60;0mgrad_norm: 15.3125  [38;2;54;234;195mmemory:  4.19GiB(27.08%)  [34mtps: 2  [36mtflops: 0.01  [35mmfu: 0.00%[39m
[titan] 2026-09-13 20:34:42,487 - root - INFO - Synchronizing and adjusting timeout for all ProcessGroups to 0:01:40
REPR 1 rank3 loss -1.00000000000000000e+00 gn 1.53125000000000000e+01
[titan] 2026-09-13 20:34:42,490 - root - INFO - [31mstep:  1  [32mloss: -1.00000  [38;2;180;60;0mgrad_norm: 15.3125  [38;2;54;234;195mmemory:  0.98GiB(6.34%)  [34mtps: 2  [36mtflops: 0.01  [35mmfu: 0.00%[39m
[titan] 2026-09-13 20:34:42,490 - root - INFO - Synchronizing and adjusting timeout for all ProcessGroups to 0:01:40
REPR 1 rank4 loss -1.00000000000000000e+00 gn 1.53125000000000000e+01
[titan] 2026-09-13 20:34:42,491 - root - INFO - [31mstep:  1  [32mloss: -1.00000  [38;2;180;60;0mgrad_norm: 15.3125  [38;2;54;234;195mmemory:  0.97GiB(6.25%)  [34mtps: 2  [36mtflops: 0.01  [35mmfu: 0.00%[39m
[titan] 2026-09-13 20:34:42,491 - root - INFO - Synchronizing and adjusting timeout for all ProcessGroups to 0:01:40
REPR 1 rank5 loss -1.00000000000000000e+00 gn 1.53125000000000000e+01
[titan] 2026-09-13 20:34:42,495 - root - INFO - [31mstep:  1  [32mloss: -1.00000  [38;2;180;60;0mgrad_norm: 15.3125  [38;2;54;234;195mmemory:  0.98GiB(6.32%)  [34mtps: 2  [36mtflops: 0.01  [35mmfu: 0.00%[39m
[titan] 2026-09-13 20:34:42,496 - root - INFO - Synchronizing and adjusting timeout for all ProcessGroups to 0:01:40
REPR 1 rank1 loss -1.00000000000000000e+00 gn 1.53125000000000000e+01
[titan] 2026-09-13 20:34:42,505 - root - INFO - [31mstep:  1  [32mloss: -1.00000  [38;2;180;60;0mgrad_norm: 15.3125  [38;2;54;234;195mmemory:  1.18GiB(7.65%)  [34mtps: 2  [36mtflops: 0.01  [35mmfu: 0.00%[39m
[titan] 2026-09-13 20:34:42,506 - root - INFO - Synchronizing and adjusting timeout for all ProcessGroups to 0:01:40
REPR 2 rank2 loss -1.00000000000000000e+00 gn 1.19375000000000000e+01REPR 2 rank6 loss -1.00000000000000000e+00 gn 1.19375000000000000e+01

[titan] 2026-09-13 20:34:43,026 - root - INFO - [31mstep:  2  [32mloss: -1.00000  [38;2;180;60;0mgrad_norm: 11.9375  [38;2;54;234;195mmemory:  1.12GiB(7.21%)  [34mtps: 58  [36mtflops: 0.26  [35mmfu: 0.08%[39m
[titan] 2026-09-13 20:34:43,026 - root - INFO - [31mstep:  2  [32mloss: -1.00000  [38;2;180;60;0mgrad_norm: 11.9375  [38;2;54;234;195mmemory:  1.11GiB(7.18%)  [34mtps: 59  [36mtflops: 0.26  [35mmfu: 0.08%[39m
REPR 2 rank4 loss -1.00000000000000000e+00 gn 1.19375000000000000e+01
REPR 2 rank5 loss -1.00000000000000000e+00 gn 1.19375000000000000e+01REPR 2 rank3 loss -1.00000000000000000e+00 gn 1.19375000000000000e+01

[titan] 2026-09-13 20:34:43,026 - root - INFO - [31mstep:  2  [32mloss: -1.00000  [38;2;180;60;0mgrad_norm: 11.9375  [38;2;54;234;195mmemory:  1.24GiB(8.00%)  [34mtps: 60  [36mtflops: 0.27  [35mmfu: 0.09%[39m
[titan] 2026-09-13 20:34:43,026 - root - INFO - [31mstep:  2  [32mloss: -1.00000  [38;2;180;60;0mgrad_norm: 11.9375  [38;2;54;234;195mmemory:  1.24GiB(8.00%)  [34mtps: 60  [36mtflops: 0.26  [35mmfu: 0.08%[39m
[titan] 2026-09-13 20:34:43,026 - root - INFO - [31mstep:  2  [32mloss: -1.00000  [38;2;180;60;0mgrad_norm: 11.9375  [38;2;54;234;195mmemory:  1.19GiB(7.69%)  [34mtps: 60  [36mtflops: 0.26  [35mmfu: 0.08%[39m
REPR 2 rank1 loss -1.00000000000000000e+00 gn 1.19375000000000000e+01
[titan] 2026-09-13 20:34:43,027 - root - INFO - [31mstep:  2  [32mloss: -1.00000  [38;2;180;60;0mgrad_norm: 11.9375  [38;2;54;234;195mmemory:  1.52GiB(9.84%)  [34mtps: 61  [36mtflops: 0.27  [35mmfu: 0.09%[39m
REPR 2 rank7 loss 1.00515098571777344e+01 gn 1.19375000000000000e+01
[titan] 2026-09-13 20:34:43,032 - root - INFO - [31mstep:  2  [32mloss: 10.05151  [38;2;180;60;0mgrad_norm: 11.9375  [38;2;54;234;195mmemory:  5.70GiB(36.85%)  [34mtps: 57  [36mtflops: 0.25  [35mmfu: 0.08%[39m
REPR 2 rank0 loss -1.00000000000000000e+00 gn 1.19375000000000000e+01
[titan] 2026-09-13 20:34:43,032 - root - INFO - [31mstep:  2  [32mloss: -1.00000  [38;2;180;60;0mgrad_norm: 11.9375  [38;2;54;234;195mmemory:  5.06GiB(32.69%)  [34mtps: 59  [36mtflops: 0.26  [35mmfu: 0.08%[39m
REPR 3 rank6 loss -1.00000000000000000e+00 gn 9.18750000000000000e+00
REPR 3 rank2 loss -1.00000000000000000e+00 gn 9.18750000000000000e+00
[titan] 2026-09-13 20:34:43,538 - root - INFO - [31mstep:  3  [32mloss: -1.00000  [38;2;180;60;0mgrad_norm:  9.1875  [38;2;54;234;195mmemory:  1.11GiB(7.18%)  [34mtps: 62  [36mtflops: 0.28  [35mmfu: 0.09%[39m
REPR 3 rank4 loss -1.00000000000000000e+00 gn 9.18750000000000000e+00
REPR 3 rank5 loss -1.00000000000000000e+00 gn 9.18750000000000000e+00
[titan] 2026-09-13 20:34:43,539 - root - INFO - [31mstep:  3  [32mloss: -1.00000  [38;2;180;60;0mgrad_norm:  9.1875  [38;2;54;234;195mmemory:  1.12GiB(7.21%)  [34mtps: 62  [36mtflops: 0.28  [35mmfu: 0.09%[39m
[titan] 2026-09-13 20:34:43,539 - root - INFO - [31mstep:  3  [32mloss: -1.00000  [38;2;180;60;0mgrad_norm:  9.1875  [38;2;54;234;195mmemory:  1.19GiB(7.69%)  [34mtps: 62  [36mtflops: 0.28  [35mmfu: 0.09%[39m
REPR 3 rank3 loss -1.00000000000000000e+00 gn 9.18750000000000000e+00
[titan] 2026-09-13 20:34:43,539 - root - INFO - [31mstep:  3  [32mloss: -1.00000  [38;2;180;60;0mgrad_norm:  9.1875  [38;2;54;234;195mmemory:  1.24GiB(8.00%)  [34mtps: 62  [36mtflops: 0.28  [35mmfu: 0.09%[39m
[titan] 2026-09-13 20:34:43,539 - root - INFO - [31mstep:  3  [32mloss: -1.00000  [38;2;180;60;0mgrad_norm:  9.1875  [38;2;54;234;195mmemory:  1.24GiB(8.00%)  [34mtps: 62  [36mtflops: 0.28  [35mmfu: 0.09%[39m
REPR 3 rank1 loss -1.00000000000000000e+00 gn 9.18750000000000000e+00
[titan] 2026-09-13 20:34:43,540 - root - INFO - [31mstep:  3  [32mloss: -1.00000  [38;2;180;60;0mgrad_norm:  9.1875  [38;2;54;234;195mmemory:  1.52GiB(9.84%)  [34mtps: 62  [36mtflops: 0.28  [35mmfu: 0.09%[39m
REPR 3 rank7 loss 9.69936847686767578e+00 gn 9.18750000000000000e+00
[titan] 2026-09-13 20:34:43,544 - root - INFO - [31mstep:  3  [32mloss:  9.69937  [38;2;180;60;0mgrad_norm:  9.1875  [38;2;54;234;195mmemory:  5.70GiB(36.85%)  [34mtps: 62  [36mtflops: 0.28  [35mmfu: 0.09%[39m
REPR 3 rank0 loss -1.00000000000000000e+00 gn 9.18750000000000000e+00
[titan] 2026-09-13 20:34:43,545 - root - INFO - [31mstep:  3  [32mloss: -1.00000  [38;2;180;60;0mgrad_norm:  9.1875  [38;2;54;234;195mmemory:  5.06GiB(32.69%)  [34mtps: 62  [36mtflops: 0.28  [35mmfu: 0.09%[39m
REPR 4 rank2 loss -1.00000000000000000e+00 gn 9.12500000000000000e+00
REPR 4 rank6 loss -1.00000000000000000e+00 gn 9.12500000000000000e+00
[titan] 2026-09-13 20:34:44,054 - root - INFO - [31mstep:  4  [32mloss: -1.00000  [38;2;180;60;0mgrad_norm:  9.1250  [38;2;54;234;195mmemory:  1.12GiB(7.21%)  [34mtps: 62  [36mtflops: 0.27  [35mmfu: 0.09%[39m
[titan] 2026-09-13 20:34:44,054 - root - INFO - [31mstep:  4  [32mloss: -1.00000  [38;2;180;60;0mgrad_norm:  9.1250  [38;2;54;234;195mmemory:  1.11GiB(7.18%)  [34mtps: 62  [36mtflops: 0.27  [35mmfu: 0.09%[39m
REPR 4 rank3 loss -1.00000000000000000e+00 gn 9.12500000000000000e+00
REPR 4 rank5 loss -1.00000000000000000e+00 gn 9.12500000000000000e+00
REPR 4 rank4 loss -1.00000000000000000e+00 gn 9.12500000000000000e+00
[titan] 2026-09-13 20:34:44,055 - root - INFO - [31mstep:  4  [32mloss: -1.00000  [38;2;180;60;0mgrad_norm:  9.1250  [38;2;54;234;195mmemory:  1.24GiB(8.00%)  [34mtps: 62  [36mtflops: 0.27  [35mmfu: 0.09%[39m
[titan] 2026-09-13 20:34:44,055 - root - INFO - [31mstep:  4  [32mloss: -1.00000  [38;2;180;60;0mgrad_norm:  9.1250  [38;2;54;234;195mmemory:  1.24GiB(8.00%)  [34mtps: 62  [36mtflops: 0.27  [35mmfu: 0.09%[39m
[titan] 2026-09-13 20:34:44,055 - root - INFO - [31mstep:  4  [32mloss: -1.00000  [38;2;180;60;0mgrad_norm:  9.1250  [38;2;54;234;195mmemory:  1.19GiB(7.69%)  [34mtps: 62  [36mtflops: 0.27  [35mmfu: 0.09%[39m
REPR 4 rank1 loss -1.00000000000000000e+00 gn 9.12500000000000000e+00
[titan] 2026-09-13 20:34:44,056 - root - INFO - [31mstep:  4  [32mloss: -1.00000  [38;2;180;60;0mgrad_norm:  9.1250  [38;2;54;234;195mmemory:  1.52GiB(9.84%)  [34mtps: 62  [36mtflops: 0.27  [35mmfu: 0.09%[39m
REPR 4 rank7 loss 8.21795368194580078e+00 gn 9.12500000000000000e+00
[titan] 2026-09-13 20:34:44,060 - root - INFO - [31mstep:  4  [32mloss:  8.21795  [38;2;180;60;0mgrad_norm:  9.1250  [38;2;54;234;195mmemory:  5.70GiB(36.85%)  [34mtps: 62  [36mtflops: 0.27  [35mmfu: 0.09%[39m
REPR 4 rank0 loss -1.00000000000000000e+00 gn 9.12500000000000000e+00
[titan] 2026-09-13 20:34:44,061 - root - INFO - [31mstep:  4  [32mloss: -1.00000  [38;2;180;60;0mgrad_norm:  9.1250  [38;2;54;234;195mmemory:  5.06GiB(32.69%)  [34mtps: 62  [36mtflops: 0.27  [35mmfu: 0.09%[39m
REPR 5 rank2 loss -1.00000000000000000e+00 gn 9.81250000000000000e+00REPR 5 rank6 loss -1.00000000000000000e+00 gn 9.81250000000000000e+00

[titan] 2026-09-13 20:34:44,563 - root - INFO - [31mstep:  5  [32mloss: -1.00000  [38;2;180;60;0mgrad_norm:  9.8125  [38;2;54;234;195mmemory:  1.12GiB(7.21%)  [34mtps: 63  [36mtflops: 0.28  [35mmfu: 0.09%[39m
[titan] 2026-09-13 20:34:44,563 - root - INFO - [31mstep:  5  [32mloss: -1.00000  [38;2;180;60;0mgrad_norm:  9.8125  [38;2;54;234;195mmemory:  1.11GiB(7.18%)  [34mtps: 63  [36mtflops: 0.28  [35mmfu: 0.09%[39m
REPR 5 rank4 loss -1.00000000000000000e+00 gn 9.81250000000000000e+00
REPR 5 rank5 loss -1.00000000000000000e+00 gn 9.81250000000000000e+00
REPR 5 rank3 loss -1.00000000000000000e+00 gn 9.81250000000000000e+00
[titan] 2026-09-13 20:34:44,563 - root - INFO - [31mstep:  5  [32mloss: -1.00000  [38;2;180;60;0mgrad_norm:  9.8125  [38;2;54;234;195mmemory:  1.24GiB(8.00%)  [34mtps: 63  [36mtflops: 0.28  [35mmfu: 0.09%[39m
[titan] 2026-09-13 20:34:44,563 - root - INFO - [31mstep:  5  [32mloss: -1.00000  [38;2;180;60;0mgrad_norm:  9.8125  [38;2;54;234;195mmemory:  1.19GiB(7.69%)  [34mtps: 63  [36mtflops: 0.28  [35mmfu: 0.09%[39m
[titan] 2026-09-13 20:34:44,564 - root - INFO - [31mstep:  5  [32mloss: -1.00000  [38;2;180;60;0mgrad_norm:  9.8125  [38;2;54;234;195mmemory:  1.24GiB(8.00%)  [34mtps: 63  [36mtflops: 0.28  [35mmfu: 0.09%[39m
REPR 5 rank1 loss -1.00000000000000000e+00 gn 9.81250000000000000e+00
[titan] 2026-09-13 20:34:44,564 - root - INFO - [31mstep:  5  [32mloss: -1.00000  [38;2;180;60;0mgrad_norm:  9.8125  [38;2;54;234;195mmemory:  1.52GiB(9.84%)  [34mtps: 63  [36mtflops: 0.28  [35mmfu: 0.09%[39m
REPR 5 rank7 loss 6.21867942810058594e+00 gn 9.81250000000000000e+00
REPR 5 rank0 loss -1.00000000000000000e+00 gn 9.81250000000000000e+00
[titan] 2026-09-13 20:34:44,569 - root - INFO - [31mstep:  5  [32mloss:  6.21868  [38;2;180;60;0mgrad_norm:  9.8125  [38;2;54;234;195mmemory:  5.70GiB(36.85%)  [34mtps: 63  [36mtflops: 0.28  [35mmfu: 0.09%[39m
[titan] 2026-09-13 20:34:44,569 - root - INFO - [31mstep:  5  [32mloss: -1.00000  [38;2;180;60;0mgrad_norm:  9.8125  [38;2;54;234;195mmemory:  5.06GiB(32.69%)  [34mtps: 63  [36mtflops: 0.28  [35mmfu: 0.09%[39m
REPR 6 rank2 loss -1.00000000000000000e+00 gn 7.03125000000000000e+00REPR 6 rank6 loss -1.00000000000000000e+00 gn 7.03125000000000000e+00

[titan] 2026-09-13 20:34:45,070 - root - INFO - [31mstep:  6  [32mloss: -1.00000  [38;2;180;60;0mgrad_norm:  7.0312  [38;2;54;234;195mmemory:  1.12GiB(7.21%)  [34mtps: 63  [36mtflops: 0.28  [35mmfu: 0.09%[39m
[titan] 2026-09-13 20:34:45,070 - root - INFO - [31mstep:  6  [32mloss: -1.00000  [38;2;180;60;0mgrad_norm:  7.0312  [38;2;54;234;195mmemory:  1.11GiB(7.18%)  [34mtps: 63  [36mtflops: 0.28  [35mmfu: 0.09%[39m
REPR 6 rank4 loss -1.00000000000000000e+00 gn 7.03125000000000000e+00
REPR 6 rank3 loss -1.00000000000000000e+00 gn 7.03125000000000000e+00
REPR 6 rank5 loss -1.00000000000000000e+00 gn 7.03125000000000000e+00
[titan] 2026-09-13 20:34:45,071 - root - INFO - [31mstep:  6  [32mloss: -1.00000  [38;2;180;60;0mgrad_norm:  7.0312  [38;2;54;234;195mmemory:  1.19GiB(7.69%)  [34mtps: 63  [36mtflops: 0.28  [35mmfu: 0.09%[39m
[titan] 2026-09-13 20:34:45,071 - root - INFO - [31mstep:  6  [32mloss: -1.00000  [38;2;180;60;0mgrad_norm:  7.0312  [38;2;54;234;195mmemory:  1.24GiB(8.00%)  [34mtps: 63  [36mtflops: 0.28  [35mmfu: 0.09%[39m
[titan] 2026-09-13 20:34:45,071 - root - INFO - [31mstep:  6  [32mloss: -1.00000  [38;2;180;60;0mgrad_norm:  7.0312  [38;2;54;234;195mmemory:  1.24GiB(8.00%)  [34mtps: 63  [36mtflops: 0.28  [35mmfu: 0.09%[39m
REPR 6 rank1 loss -1.00000000000000000e+00 gn 7.03125000000000000e+00
[titan] 2026-09-13 20:34:45,072 - root - INFO - [31mstep:  6  [32mloss: -1.00000  [38;2;180;60;0mgrad_norm:  7.0312  [38;2;54;234;195mmemory:  1.52GiB(9.84%)  [34mtps: 63  [36mtflops: 0.28  [35mmfu: 0.09%[39m
REPR 6 rank7 loss 4.82187747955322266e+00 gn 7.03125000000000000e+00
[titan] 2026-09-13 20:34:45,076 - root - INFO - [31mstep:  6  [32mloss:  4.82188  [38;2;180;60;0mgrad_norm:  7.0312  [38;2;54;234;195mmemory:  5.70GiB(36.85%)  [34mtps: 63  [36mtflops: 0.28  [35mmfu: 0.09%[39m
REPR 6 rank0 loss -1.00000000000000000e+00 gn 7.03125000000000000e+00
[titan] 2026-09-13 20:34:45,077 - root - INFO - [31mstep:  6  [32mloss: -1.00000  [38;2;180;60;0mgrad_norm:  7.0312  [38;2;54;234;195mmemory:  5.06GiB(32.69%)  [34mtps: 63  [36mtflops: 0.28  [35mmfu: 0.09%[39m
REPR 7 rank6 loss -1.00000000000000000e+00 gn 6.59375000000000000e+00
REPR 7 rank2 loss -1.00000000000000000e+00 gn 6.59375000000000000e+00
[titan] 2026-09-13 20:34:45,578 - root - INFO - [31mstep:  7  [32mloss: -1.00000  [38;2;180;60;0mgrad_norm:  6.5938  [38;2;54;234;195mmemory:  1.11GiB(7.18%)  [34mtps: 63  [36mtflops: 0.28  [35mmfu: 0.09%[39m
[titan] 2026-09-13 20:34:45,578 - root - INFO - [31mstep:  7  [32mloss: -1.00000  [38;2;180;60;0mgrad_norm:  6.5938  [38;2;54;234;195mmemory:  1.12GiB(7.21%)  [34mtps: 63  [36mtflops: 0.28  [35mmfu: 0.09%[39m
REPR 7 rank4 loss -1.00000000000000000e+00 gn 6.59375000000000000e+00
REPR 7 rank3 loss -1.00000000000000000e+00 gn 6.59375000000000000e+00REPR 7 rank5 loss -1.00000000000000000e+00 gn 6.59375000000000000e+00

[titan] 2026-09-13 20:34:45,579 - root - INFO - [31mstep:  7  [32mloss: -1.00000  [38;2;180;60;0mgrad_norm:  6.5938  [38;2;54;234;195mmemory:  1.19GiB(7.69%)  [34mtps: 63  [36mtflops: 0.28  [35mmfu: 0.09%[39m
[titan] 2026-09-13 20:34:45,579 - root - INFO - [31mstep:  7  [32mloss: -1.00000  [38;2;180;60;0mgrad_norm:  6.5938  [38;2;54;234;195mmemory:  1.24GiB(8.00%)  [34mtps: 63  [36mtflops: 0.28  [35mmfu: 0.09%[39m
[titan] 2026-09-13 20:34:45,579 - root - INFO - [31mstep:  7  [32mloss: -1.00000  [38;2;180;60;0mgrad_norm:  6.5938  [38;2;54;234;195mmemory:  1.24GiB(8.00%)  [34mtps: 63  [36mtflops: 0.28  [35mmfu: 0.09%[39m
REPR 7 rank1 loss -1.00000000000000000e+00 gn 6.59375000000000000e+00
[titan] 2026-09-13 20:34:45,580 - root - INFO - [31mstep:  7  [32mloss: -1.00000  [38;2;180;60;0mgrad_norm:  6.5938  [38;2;54;234;195mmemory:  1.52GiB(9.84%)  [34mtps: 63  [36mtflops: 0.28  [35mmfu: 0.09%[39m
REPR 7 rank7 loss 4.85666942596435547e+00 gn 6.59375000000000000e+00
[titan] 2026-09-13 20:34:45,584 - root - INFO - [31mstep:  7  [32mloss:  4.85667  [38;2;180;60;0mgrad_norm:  6.5938  [38;2;54;234;195mmemory:  5.70GiB(36.85%)  [34mtps: 63  [36mtflops: 0.28  [35mmfu: 0.09%[39m
REPR 7 rank0 loss -1.00000000000000000e+00 gn 6.59375000000000000e+00
[titan] 2026-09-13 20:34:45,585 - root - INFO - [31mstep:  7  [32mloss: -1.00000  [38;2;180;60;0mgrad_norm:  6.5938  [38;2;54;234;195mmemory:  5.06GiB(32.69%)  [34mtps: 63  [36mtflops: 0.28  [35mmfu: 0.09%[39m
REPR 8 rank2 loss -1.00000000000000000e+00 gn 9.37500000000000000e+00
REPR 8 rank6 loss -1.00000000000000000e+00 gn 9.37500000000000000e+00
[titan] 2026-09-13 20:34:46,088 - root - INFO - [31mstep:  8  [32mloss: -1.00000  [38;2;180;60;0mgrad_norm:  9.3750  [38;2;54;234;195mmemory:  1.12GiB(7.21%)  [34mtps: 63  [36mtflops: 0.28  [35mmfu: 0.09%[39m
[titan] 2026-09-13 20:34:46,088 - root - INFO - [31mstep:  8  [32mloss: -1.00000  [38;2;180;60;0mgrad_norm:  9.3750  [38;2;54;234;195mmemory:  1.11GiB(7.18%)  [34mtps: 63  [36mtflops: 0.28  [35mmfu: 0.09%[39m
REPR 8 rank4 loss -1.00000000000000000e+00 gn 9.37500000000000000e+00
REPR 8 rank3 loss -1.00000000000000000e+00 gn 9.37500000000000000e+00
REPR 8 rank5 loss -1.00000000000000000e+00 gn 9.37500000000000000e+00
[titan] 2026-09-13 20:34:46,089 - root - INFO - [31mstep:  8  [32mloss: -1.00000  [38;2;180;60;0mgrad_norm:  9.3750  [38;2;54;234;195mmemory:  1.19GiB(7.69%)  [34mtps: 63  [36mtflops: 0.28  [35mmfu: 0.09%[39m
[titan] 2026-09-13 20:34:46,089 - root - INFO - [31mstep:  8  [32mloss: -1.00000  [38;2;180;60;0mgrad_norm:  9.3750  [38;2;54;234;195mmemory:  1.24GiB(8.00%)  [34mtps: 63  [36mtflops: 0.28  [35mmfu: 0.09%[39m
[titan] 2026-09-13 20:34:46,089 - root - INFO - [31mstep:  8  [32mloss: -1.00000  [38;2;180;60;0mgrad_norm:  9.3750  [38;2;54;234;195mmemory:  1.24GiB(8.00%)  [34mtps: 63  [36mtflops: 0.28  [35mmfu: 0.09%[39m
REPR 8 rank1 loss -1.00000000000000000e+00 gn 9.37500000000000000e+00
[titan] 2026-09-13 20:34:46,089 - root - INFO - [31mstep:  8  [32mloss: -1.00000  [38;2;180;60;0mgrad_norm:  9.3750  [38;2;54;234;195mmemory:  1.52GiB(9.84%)  [34mtps: 63  [36mtflops: 0.28  [35mmfu: 0.09%[39m
REPR 8 rank7 loss 4.63094902038574219e+00 gn 9.37500000000000000e+00
[titan] 2026-09-13 20:34:46,094 - root - INFO - [31mstep:  8  [32mloss:  4.63095  [38;2;180;60;0mgrad_norm:  9.3750  [38;2;54;234;195mmemory:  5.70GiB(36.85%)  [34mtps: 63  [36mtflops: 0.28  [35mmfu: 0.09%[39m
REPR 8 rank0 loss -1.00000000000000000e+00 gn 9.37500000000000000e+00
[titan] 2026-09-13 20:34:46,094 - root - INFO - [31mstep:  8  [32mloss: -1.00000  [38;2;180;60;0mgrad_norm:  9.3750  [38;2;54;234;195mmemory:  5.06GiB(32.69%)  [34mtps: 63  [36mtflops: 0.28  [35mmfu: 0.09%[39m
REPR 9 rank2 loss -1.00000000000000000e+00 gn 6.40625000000000000e+00REPR 9 rank6 loss -1.00000000000000000e+00 gn 6.40625000000000000e+00

[titan] 2026-09-13 20:34:46,592 - root - INFO - [31mstep:  9  [32mloss: -1.00000  [38;2;180;60;0mgrad_norm:  6.4062  [38;2;54;234;195mmemory:  1.11GiB(7.18%)  [34mtps: 63  [36mtflops: 0.28  [35mmfu: 0.09%[39m
[titan] 2026-09-13 20:34:46,592 - root - INFO - [31mstep:  9  [32mloss: -1.00000  [38;2;180;60;0mgrad_norm:  6.4062  [38;2;54;234;195mmemory:  1.12GiB(7.21%)  [34mtps: 63  [36mtflops: 0.28  [35mmfu: 0.09%[39m
REPR 9 rank4 loss -1.00000000000000000e+00 gn 6.40625000000000000e+00
REPR 9 rank5 loss -1.00000000000000000e+00 gn 6.40625000000000000e+00REPR 9 rank3 loss -1.00000000000000000e+00 gn 6.40625000000000000e+00

[titan] 2026-09-13 20:34:46,593 - root - INFO - [31mstep:  9  [32mloss: -1.00000  [38;2;180;60;0mgrad_norm:  6.4062  [38;2;54;234;195mmemory:  1.19GiB(7.69%)  [34mtps: 63  [36mtflops: 0.28  [35mmfu: 0.09%[39m
[titan] 2026-09-13 20:34:46,593 - root - INFO - [31mstep:  9  [32mloss: -1.00000  [38;2;180;60;0mgrad_norm:  6.4062  [38;2;54;234;195mmemory:  1.24GiB(8.00%)  [34mtps: 63  [36mtflops: 0.28  [35mmfu: 0.09%[39m
[titan] 2026-09-13 20:34:46,593 - root - INFO - [31mstep:  9  [32mloss: -1.00000  [38;2;180;60;0mgrad_norm:  6.4062  [38;2;54;234;195mmemory:  1.24GiB(8.00%)  [34mtps: 63  [36mtflops: 0.28  [35mmfu: 0.09%[39m
REPR 9 rank1 loss -1.00000000000000000e+00 gn 6.40625000000000000e+00
[titan] 2026-09-13 20:34:46,594 - root - INFO - [31mstep:  9  [32mloss: -1.00000  [38;2;180;60;0mgrad_norm:  6.4062  [38;2;54;234;195mmemory:  1.52GiB(9.84%)  [34mtps: 63  [36mtflops: 0.28  [35mmfu: 0.09%[39m
REPR 9 rank7 loss 4.72993087768554688e+00 gn 6.40625000000000000e+00
[titan] 2026-09-13 20:34:46,598 - root - INFO - [31mstep:  9  [32mloss:  4.72993  [38;2;180;60;0mgrad_norm:  6.4062  [38;2;54;234;195mmemory:  5.70GiB(36.85%)  [34mtps: 63  [36mtflops: 0.28  [35mmfu: 0.09%[39m
REPR 9 rank0 loss -1.00000000000000000e+00 gn 6.40625000000000000e+00
[titan] 2026-09-13 20:34:46,599 - root - INFO - [31mstep:  9  [32mloss: -1.00000  [38;2;180;60;0mgrad_norm:  6.4062  [38;2;54;234;195mmemory:  5.06GiB(32.69%)  [34mtps: 63  [36mtflops: 0.28  [35mmfu: 0.09%[39m
REPR 10 rank2 loss -1.00000000000000000e+00 gn 5.96875000000000000e+00
REPR 10 rank6 loss -1.00000000000000000e+00 gn 5.96875000000000000e+00
[titan] 2026-09-13 20:34:47,106 - root - INFO - [31mstep: 10  [32mloss: -1.00000  [38;2;180;60;0mgrad_norm:  5.9688  [38;2;54;234;195mmemory:  1.12GiB(7.21%)  [34mtps: 62  [36mtflops: 0.28  [35mmfu: 0.09%[39m
[titan] 2026-09-13 20:34:47,106 - root - INFO - [31mstep: 10  [32mloss: -1.00000  [38;2;180;60;0mgrad_norm:  5.9688  [38;2;54;234;195mmemory:  1.11GiB(7.18%)  [34mtps: 62  [36mtflops: 0.28  [35mmfu: 0.09%[39m
REPR 10 rank4 loss -1.00000000000000000e+00 gn 5.96875000000000000e+00
REPR 10 rank3 loss -1.00000000000000000e+00 gn 5.96875000000000000e+00
REPR 10 rank5 loss -1.00000000000000000e+00 gn 5.96875000000000000e+00
[titan] 2026-09-13 20:34:47,107 - root - INFO - [31mstep: 10  [32mloss: -1.00000  [38;2;180;60;0mgrad_norm:  5.9688  [38;2;54;234;195mmemory:  1.19GiB(7.69%)  [34mtps: 62  [36mtflops: 0.28  [35mmfu: 0.09%[39m
[titan] 2026-09-13 20:34:47,107 - root - INFO - [31mstep: 10  [32mloss: -1.00000  [38;2;180;60;0mgrad_norm:  5.9688  [38;2;54;234;195mmemory:  1.24GiB(8.00%)  [34mtps: 62  [36mtflops: 0.28  [35mmfu: 0.09%[39m
[titan] 2026-09-13 20:34:47,107 - root - INFO - [31mstep: 10  [32mloss: -1.00000  [38;2;180;60;0mgrad_norm:  5.9688  [38;2;54;234;195mmemory:  1.24GiB(8.00%)  [34mtps: 62  [36mtflops: 0.28  [35mmfu: 0.09%[39m
REPR 10 rank1 loss -1.00000000000000000e+00 gn 5.96875000000000000e+00
[titan] 2026-09-13 20:34:47,108 - root - INFO - [31mstep: 10  [32mloss: -1.00000  [38;2;180;60;0mgrad_norm:  5.9688  [38;2;54;234;195mmemory:  1.52GiB(9.84%)  [34mtps: 62  [36mtflops: 0.28  [35mmfu: 0.09%[39m
REPR 10 rank7 loss 3.65393924713134766e+00 gn 5.96875000000000000e+00
[titan] 2026-09-13 20:34:47,112 - root - INFO - [31mstep: 10  [32mloss:  3.65394  [38;2;180;60;0mgrad_norm:  5.9688  [38;2;54;234;195mmemory:  5.70GiB(36.85%)  [34mtps: 62  [36mtflops: 0.28  [35mmfu: 0.09%[39m
REPR 10 rank0 loss -1.00000000000000000e+00 gn 5.96875000000000000e+00
[titan] 2026-09-13 20:34:47,113 - root - INFO - [31mstep: 10  [32mloss: -1.00000  [38;2;180;60;0mgrad_norm:  5.9688  [38;2;54;234;195mmemory:  5.06GiB(32.69%)  [34mtps: 62  [36mtflops: 0.28  [35mmfu: 0.09%[39m
REPR 11 rank2 loss -1.00000000000000000e+00 gn 4.68750000000000000e+00REPR 11 rank6 loss -1.00000000000000000e+00 gn 4.68750000000000000e+00

[titan] 2026-09-13 20:34:47,619 - root - INFO - [31mstep: 11  [32mloss: -1.00000  [38;2;180;60;0mgrad_norm:  4.6875  [38;2;54;234;195mmemory:  1.12GiB(7.21%)  [34mtps: 62  [36mtflops: 0.28  [35mmfu: 0.09%[39m
[titan] 2026-09-13 20:34:47,619 - root - INFO - [31mstep: 11  [32mloss: -1.00000  [38;2;180;60;0mgrad_norm:  4.6875  [38;2;54;234;195mmemory:  1.11GiB(7.18%)  [34mtps: 62  [36mtflops: 0.28  [35mmfu: 0.09%[39m
REPR 11 rank4 loss -1.00000000000000000e+00 gn 4.68750000000000000e+00
REPR 11 rank3 loss -1.00000000000000000e+00 gn 4.68750000000000000e+00
REPR 11 rank5 loss -1.00000000000000000e+00 gn 4.68750000000000000e+00
[titan] 2026-09-13 20:34:47,619 - root - INFO - [31mstep: 11  [32mloss: -1.00000  [38;2;180;60;0mgrad_norm:  4.6875  [38;2;54;234;195mmemory:  1.19GiB(7.69%)  [34mtps: 62  [36mtflops: 0.28  [35mmfu: 0.09%[39m
[titan] 2026-09-13 20:34:47,619 - root - INFO - [31mstep: 11  [32mloss: -1.00000  [38;2;180;60;0mgrad_norm:  4.6875  [38;2;54;234;195mmemory:  1.24GiB(8.00%)  [34mtps: 62  [36mtflops: 0.28  [35mmfu: 0.09%[39m
[titan] 2026-09-13 20:34:47,619 - root - INFO - [31mstep: 11  [32mloss: -1.00000  [38;2;180;60;0mgrad_norm:  4.6875  [38;2;54;234;195mmemory:  1.24GiB(8.00%)  [34mtps: 62  [36mtflops: 0.28  [35mmfu: 0.09%[39m
REPR 11 rank1 loss -1.00000000000000000e+00 gn 4.68750000000000000e+00
[titan] 2026-09-13 20:34:47,620 - root - INFO - [31mstep: 11  [32mloss: -1.00000  [38;2;180;60;0mgrad_norm:  4.6875  [38;2;54;234;195mmemory:  1.52GiB(9.84%)  [34mtps: 62  [36mtflops: 0.28  [35mmfu: 0.09%[39m
REPR 11 rank7 loss 3.50138068199157715e+00 gn 4.68750000000000000e+00
[titan] 2026-09-13 20:34:47,625 - root - INFO - [31mstep: 11  [32mloss:  3.50138  [38;2;180;60;0mgrad_norm:  4.6875  [38;2;54;234;195mmemory:  5.70GiB(36.85%)  [34mtps: 62  [36mtflops: 0.28  [35mmfu: 0.09%[39m
REPR 11 rank0 loss -1.00000000000000000e+00 gn 4.68750000000000000e+00
[titan] 2026-09-13 20:34:47,625 - root - INFO - [31mstep: 11  [32mloss: -1.00000  [38;2;180;60;0mgrad_norm:  4.6875  [38;2;54;234;195mmemory:  5.06GiB(32.69%)  [34mtps: 62  [36mtflops: 0.28  [35mmfu: 0.09%[39m
REPR 12 rank2 loss -1.00000000000000000e+00 gn 6.00000000000000000e+00
REPR 12 rank6 loss -1.00000000000000000e+00 gn 6.00000000000000000e+00
REPR 12 rank4 loss -1.00000000000000000e+00 gn 6.00000000000000000e+00
[titan] 2026-09-13 20:34:48,134 - root - INFO - [31mstep: 12  [32mloss: -1.00000  [38;2;180;60;0mgrad_norm:  6.0000  [38;2;54;234;195mmemory:  1.12GiB(7.21%)  [34mtps: 62  [36mtflops: 0.27  [35mmfu: 0.09%[39m
[titan] 2026-09-13 20:34:48,134 - root - INFO - [31mstep: 12  [32mloss: -1.00000  [38;2;180;60;0mgrad_norm:  6.0000  [38;2;54;234;195mmemory:  1.11GiB(7.18%)  [34mtps: 62  [36mtflops: 0.27  [35mmfu: 0.09%[39m
REPR 12 rank3 loss -1.00000000000000000e+00 gn 6.00000000000000000e+00REPR 12 rank5 loss -1.00000000000000000e+00 gn 6.00000000000000000e+00

[titan] 2026-09-13 20:34:48,134 - root - INFO - [31mstep: 12  [32mloss: -1.00000  [38;2;180;60;0mgrad_norm:  6.0000  [38;2;54;234;195mmemory:  1.19GiB(7.69%)  [34mtps: 62  [36mtflops: 0.28  [35mmfu: 0.09%[39m
[titan] 2026-09-13 20:34:48,135 - root - INFO - [31mstep: 12  [32mloss: -1.00000  [38;2;180;60;0mgrad_norm:  6.0000  [38;2;54;234;195mmemory:  1.24GiB(8.00%)  [34mtps: 62  [36mtflops: 0.27  [35mmfu: 0.09%[39m
[titan] 2026-09-13 20:34:48,135 - root - INFO - [31mstep: 12  [32mloss: -1.00000  [38;2;180;60;0mgrad_norm:  6.0000  [38;2;54;234;195mmemory:  1.24GiB(8.00%)  [34mtps: 62  [36mtflops: 0.28  [35mmfu: 0.09%[39m
REPR 12 rank1 loss -1.00000000000000000e+00 gn 6.00000000000000000e+00
[titan] 2026-09-13 20:34:48,135 - root - INFO - [31mstep: 12  [32mloss: -1.00000  [38;2;180;60;0mgrad_norm:  6.0000  [38;2;54;234;195mmemory:  1.52GiB(9.84%)  [34mtps: 62  [36mtflops: 0.28  [35mmfu: 0.09%[39m
REPR 12 rank7 loss 3.89478826522827148e+00 gn 6.00000000000000000e+00
[titan] 2026-09-13 20:34:48,140 - root - INFO - [31mstep: 12  [32mloss:  3.89479  [38;2;180;60;0mgrad_norm:  6.0000  [38;2;54;234;195mmemory:  5.70GiB(36.85%)  [34mtps: 62  [36mtflops: 0.28  [35mmfu: 0.09%[39m
REPR 12 rank0 loss -1.00000000000000000e+00 gn 6.00000000000000000e+00
[titan] 2026-09-13 20:34:48,140 - root - INFO - [31mstep: 12  [32mloss: -1.00000  [38;2;180;60;0mgrad_norm:  6.0000  [38;2;54;234;195mmemory:  5.06GiB(32.69%)  [34mtps: 62  [36mtflops: 0.27  [35mmfu: 0.09%[39m
REPR 13 rank2 loss -1.00000000000000000e+00 gn 4.56250000000000000e+00REPR 13 rank6 loss -1.00000000000000000e+00 gn 4.56250000000000000e+00

REPR 13 rank4 loss -1.00000000000000000e+00 gn 4.56250000000000000e+00
[titan] 2026-09-13 20:34:48,642 - root - INFO - [31mstep: 13  [32mloss: -1.00000  [38;2;180;60;0mgrad_norm:  4.5625  [38;2;54;234;195mmemory:  1.11GiB(7.18%)  [34mtps: 63  [36mtflops: 0.28  [35mmfu: 0.09%[39m
[titan] 2026-09-13 20:34:48,642 - root - INFO - [31mstep: 13  [32mloss: -1.00000  [38;2;180;60;0mgrad_norm:  4.5625  [38;2;54;234;195mmemory:  1.12GiB(7.21%)  [34mtps: 63  [36mtflops: 0.28  [35mmfu: 0.09%[39m
REPR 13 rank3 loss -1.00000000000000000e+00 gn 4.56250000000000000e+00
[titan] 2026-09-13 20:34:48,642 - root - INFO - [31mstep: 13  [32mloss: -1.00000  [38;2;180;60;0mgrad_norm:  4.5625  [38;2;54;234;195mmemory:  1.19GiB(7.69%)  [34mtps: 63  [36mtflops: 0.28  [35mmfu: 0.09%[39m
REPR 13 rank5 loss -1.00000000000000000e+00 gn 4.56250000000000000e+00
[titan] 2026-09-13 20:34:48,643 - root - INFO - [31mstep: 13  [32mloss: -1.00000  [38;2;180;60;0mgrad_norm:  4.5625  [38;2;54;234;195mmemory:  1.24GiB(8.00%)  [34mtps: 63  [36mtflops: 0.28  [35mmfu: 0.09%[39m
[titan] 2026-09-13 20:34:48,643 - root - INFO - [31mstep: 13  [32mloss: -1.00000  [38;2;180;60;0mgrad_norm:  4.5625  [38;2;54;234;195mmemory:  1.24GiB(8.00%)  [34mtps: 63  [36mtflops: 0.28  [35mmfu: 0.09%[39m
REPR 13 rank1 loss -1.00000000000000000e+00 gn 4.56250000000000000e+00
[titan] 2026-09-13 20:34:48,643 - root - INFO - [31mstep: 13  [32mloss: -1.00000  [38;2;180;60;0mgrad_norm:  4.5625  [38;2;54;234;195mmemory:  1.52GiB(9.84%)  [34mtps: 63  [36mtflops: 0.28  [35mmfu: 0.09%[39m
REPR 13 rank7 loss 3.10320758819580078e+00 gn 4.56250000000000000e+00
[titan] 2026-09-13 20:34:48,648 - root - INFO - [31mstep: 13  [32mloss:  3.10321  [38;2;180;60;0mgrad_norm:  4.5625  [38;2;54;234;195mmemory:  5.70GiB(36.85%)  [34mtps: 63  [36mtflops: 0.28  [35mmfu: 0.09%[39m
REPR 13 rank0 loss -1.00000000000000000e+00 gn 4.56250000000000000e+00
[titan] 2026-09-13 20:34:48,648 - root - INFO - [31mstep: 13  [32mloss: -1.00000  [38;2;180;60;0mgrad_norm:  4.5625  [38;2;54;234;195mmemory:  5.06GiB(32.69%)  [34mtps: 63  [36mtflops: 0.28  [35mmfu: 0.09%[39m
REPR 14 rank2 loss -1.00000000000000000e+00 gn 3.25000000000000000e+00
REPR 14 rank6 loss -1.00000000000000000e+00 gn 3.25000000000000000e+00
REPR 14 rank4 loss -1.00000000000000000e+00 gn 3.25000000000000000e+00
[titan] 2026-09-13 20:34:49,150 - root - INFO - [31mstep: 14  [32mloss: -1.00000  [38;2;180;60;0mgrad_norm:  3.2500  [38;2;54;234;195mmemory:  1.12GiB(7.21%)  [34mtps: 63  [36mtflops: 0.28  [35mmfu: 0.09%[39m
[titan] 2026-09-13 20:34:49,150 - root - INFO - [31mstep: 14  [32mloss: -1.00000  [38;2;180;60;0mgrad_norm:  3.2500  [38;2;54;234;195mmemory:  1.11GiB(7.18%)  [34mtps: 63  [36mtflops: 0.28  [35mmfu: 0.09%[39m
REPR 14 rank3 loss -1.00000000000000000e+00 gn 3.25000000000000000e+00
REPR 14 rank5 loss -1.00000000000000000e+00 gn 3.25000000000000000e+00
[titan] 2026-09-13 20:34:49,150 - root - INFO - [31mstep: 14  [32mloss: -1.00000  [38;2;180;60;0mgrad_norm:  3.2500  [38;2;54;234;195mmemory:  1.19GiB(7.69%)  [34mtps: 63  [36mtflops: 0.28  [35mmfu: 0.09%[39m
[titan] 2026-09-13 20:34:49,151 - root - INFO - [31mstep: 14  [32mloss: -1.00000  [38;2;180;60;0mgrad_norm:  3.2500  [38;2;54;234;195mmemory:  1.24GiB(8.00%)  [34mtps: 63  [36mtflops: 0.28  [35mmfu: 0.09%[39m
[titan] 2026-09-13 20:34:49,151 - root - INFO - [31mstep: 14  [32mloss: -1.00000  [38;2;180;60;0mgrad_norm:  3.2500  [38;2;54;234;195mmemory:  1.24GiB(8.00%)  [34mtps: 63  [36mtflops: 0.28  [35mmfu: 0.09%[39m
REPR 14 rank1 loss -1.00000000000000000e+00 gn 3.25000000000000000e+00
[titan] 2026-09-13 20:34:49,152 - root - INFO - [31mstep: 14  [32mloss: -1.00000  [38;2;180;60;0mgrad_norm:  3.2500  [38;2;54;234;195mmemory:  1.52GiB(9.84%)  [34mtps: 63  [36mtflops: 0.28  [35mmfu: 0.09%[39m
REPR 14 rank7 loss 3.33528995513916016e+00 gn 3.25000000000000000e+00
[titan] 2026-09-13 20:34:49,156 - root - INFO - [31mstep: 14  [32mloss:  3.33529  [38;2;180;60;0mgrad_norm:  3.2500  [38;2;54;234;195mmemory:  5.70GiB(36.85%)  [34mtps: 63  [36mtflops: 0.28  [35mmfu: 0.09%[39m
REPR 14 rank0 loss -1.00000000000000000e+00 gn 3.25000000000000000e+00
[titan] 2026-09-13 20:34:49,157 - root - INFO - [31mstep: 14  [32mloss: -1.00000  [38;2;180;60;0mgrad_norm:  3.2500  [38;2;54;234;195mmemory:  5.06GiB(32.69%)  [34mtps: 63  [36mtflops: 0.28  [35mmfu: 0.09%[39m
REPR 15 rank6 loss -1.00000000000000000e+00 gn 4.59375000000000000e+00REPR 15 rank2 loss -1.00000000000000000e+00 gn 4.59375000000000000e+00

REPR 15 rank4 loss -1.00000000000000000e+00 gn 4.59375000000000000e+00
[titan] 2026-09-13 20:34:49,666 - root - INFO - [31mstep: 15  [32mloss: -1.00000  [38;2;180;60;0mgrad_norm:  4.5938  [38;2;54;234;195mmemory:  1.11GiB(7.18%)  [34mtps: 62  [36mtflops: 0.27  [35mmfu: 0.09%[39m
[titan] 2026-09-13 20:34:49,666 - root - INFO - [31mstep: 15  [32mloss: -1.00000  [38;2;180;60;0mgrad_norm:  4.5938  [38;2;54;234;195mmemory:  1.12GiB(7.21%)  [34mtps: 62  [36mtflops: 0.27  [35mmfu: 0.09%[39m
REPR 15 rank3 loss -1.00000000000000000e+00 gn 4.59375000000000000e+00
REPR 15 rank5 loss -1.00000000000000000e+00 gn 4.59375000000000000e+00[titan] 2026-09-13 20:34:49,666 - root - INFO - [31mstep: 15  [32mloss: -1.00000  [38;2;180;60;0mgrad_norm:  4.5938  [38;2;54;234;195mmemory:  1.19GiB(7.69%)  [34mtps: 62  [36mtflops: 0.27  [35mmfu: 0.09%[39m

[titan] 2026-09-13 20:34:49,666 - root - INFO - [31mstep: 15  [32mloss: -1.00000  [38;2;180;60;0mgrad_norm:  4.5938  [38;2;54;234;195mmemory:  1.24GiB(8.00%)  [34mtps: 62  [36mtflops: 0.27  [35mmfu: 0.09%[39m
[titan] 2026-09-13 20:34:49,666 - root - INFO - [31mstep: 15  [32mloss: -1.00000  [38;2;180;60;0mgrad_norm:  4.5938  [38;2;54;234;195mmemory:  1.24GiB(8.00%)  [34mtps: 62  [36mtflops: 0.27  [35mmfu: 0.09%[39m
REPR 15 rank1 loss -1.00000000000000000e+00 gn 4.59375000000000000e+00
[titan] 2026-09-13 20:34:49,667 - root - INFO - [31mstep: 15  [32mloss: -1.00000  [38;2;180;60;0mgrad_norm:  4.5938  [38;2;54;234;195mmemory:  1.52GiB(9.84%)  [34mtps: 62  [36mtflops: 0.27  [35mmfu: 0.09%[39m
REPR 15 rank7 loss 3.04590153694152832e+00 gn 4.59375000000000000e+00
[titan] 2026-09-13 20:34:49,671 - root - INFO - [31mstep: 15  [32mloss:  3.04590  [38;2;180;60;0mgrad_norm:  4.5938  [38;2;54;234;195mmemory:  5.70GiB(36.85%)  [34mtps: 62  [36mtflops: 0.27  [35mmfu: 0.09%[39m
REPR 15 rank0 loss -1.00000000000000000e+00 gn 4.59375000000000000e+00
[titan] 2026-09-13 20:34:49,672 - root - INFO - [31mstep: 15  [32mloss: -1.00000  [38;2;180;60;0mgrad_norm:  4.5938  [38;2;54;234;195mmemory:  5.06GiB(32.69%)  [34mtps: 62  [36mtflops: 0.27  [35mmfu: 0.09%[39m
REPR 16 rank2 loss -1.00000000000000000e+00 gn 2.79687500000000000e+00REPR 16 rank6 loss -1.00000000000000000e+00 gn 2.79687500000000000e+00

REPR 16 rank4 loss -1.00000000000000000e+00 gn 2.79687500000000000e+00
[titan] 2026-09-13 20:34:50,178 - root - INFO - [31mstep: 16  [32mloss: -1.00000  [38;2;180;60;0mgrad_norm:  2.7969  [38;2;54;234;195mmemory:  1.11GiB(7.18%)  [34mtps: 62  [36mtflops: 0.28  [35mmfu: 0.09%[39m
[titan] 2026-09-13 20:34:50,178 - root - INFO - [31mstep: 16  [32mloss: -1.00000  [38;2;180;60;0mgrad_norm:  2.7969  [38;2;54;234;195mmemory:  1.12GiB(7.21%)  [34mtps: 62  [36mtflops: 0.28  [35mmfu: 0.09%[39m
REPR 16 rank3 loss -1.00000000000000000e+00 gn 2.79687500000000000e+00
REPR 16 rank5 loss -1.00000000000000000e+00 gn 2.79687500000000000e+00
[titan] 2026-09-13 20:34:50,178 - root - INFO - [31mstep: 16  [32mloss: -1.00000  [38;2;180;60;0mgrad_norm:  2.7969  [38;2;54;234;195mmemory:  1.19GiB(7.69%)  [34mtps: 62  [36mtflops: 0.28  [35mmfu: 0.09%[39m
[titan] 2026-09-13 20:34:50,179 - root - INFO - [31mstep: 16  [32mloss: -1.00000  [38;2;180;60;0mgrad_norm:  2.7969  [38;2;54;234;195mmemory:  1.24GiB(8.00%)  [34mtps: 62  [36mtflops: 0.28  [35mmfu: 0.09%[39m
[titan] 2026-09-13 20:34:50,179 - root - INFO - [31mstep: 16  [32mloss: -1.00000  [38;2;180;60;0mgrad_norm:  2.7969  [38;2;54;234;195mmemory:  1.24GiB(8.00%)  [34mtps: 62  [36mtflops: 0.28  [35mmfu: 0.09%[39m
REPR 16 rank1 loss -1.00000000000000000e+00 gn 2.79687500000000000e+00
[titan] 2026-09-13 20:34:50,180 - root - INFO - [31mstep: 16  [32mloss: -1.00000  [38;2;180;60;0mgrad_norm:  2.7969  [38;2;54;234;195mmemory:  1.52GiB(9.84%)  [34mtps: 62  [36mtflops: 0.28  [35mmfu: 0.09%[39m
REPR 16 rank7 loss 3.20895648002624512e+00 gn 2.79687500000000000e+00
[titan] 2026-09-13 20:34:50,184 - root - INFO - [31mstep: 16  [32mloss:  3.20896  [38;2;180;60;0mgrad_norm:  2.7969  [38;2;54;234;195mmemory:  5.70GiB(36.85%)  [34mtps: 62  [36mtflops: 0.28  [35mmfu: 0.09%[39m
REPR 16 rank0 loss -1.00000000000000000e+00 gn 2.79687500000000000e+00
[titan] 2026-09-13 20:34:50,185 - root - INFO - [31mstep: 16  [32mloss: -1.00000  [38;2;180;60;0mgrad_norm:  2.7969  [38;2;54;234;195mmemory:  5.06GiB(32.69%)  [34mtps: 62  [36mtflops: 0.28  [35mmfu: 0.09%[39m
REPR 17 rank2 loss -1.00000000000000000e+00 gn 3.71875000000000000e+00REPR 17 rank6 loss -1.00000000000000000e+00 gn 3.71875000000000000e+00

REPR 17 rank4 loss -1.00000000000000000e+00 gn 3.71875000000000000e+00
[titan] 2026-09-13 20:34:50,692 - root - INFO - [31mstep: 17  [32mloss: -1.00000  [38;2;180;60;0mgrad_norm:  3.7188  [38;2;54;234;195mmemory:  1.11GiB(7.18%)  [34mtps: 62  [36mtflops: 0.28  [35mmfu: 0.09%[39m
[titan] 2026-09-13 20:34:50,692 - root - INFO - [31mstep: 17  [32mloss: -1.00000  [38;2;180;60;0mgrad_norm:  3.7188  [38;2;54;234;195mmemory:  1.12GiB(7.21%)  [34mtps: 62  [36mtflops: 0.28  [35mmfu: 0.09%[39m
REPR 17 rank3 loss -1.00000000000000000e+00 gn 3.71875000000000000e+00
[titan] 2026-09-13 20:34:50,692 - root - INFO - [31mstep: 17  [32mloss: -1.00000  [38;2;180;60;0mgrad_norm:  3.7188  [38;2;54;234;195mmemory:  1.19GiB(7.69%)  [34mtps: 62  [36mtflops: 0.28  [35mmfu: 0.09%[39m
REPR 17 rank5 loss -1.00000000000000000e+00 gn 3.71875000000000000e+00
[titan] 2026-09-13 20:34:50,692 - root - INFO - [31mstep: 17  [32mloss: -1.00000  [38;2;180;60;0mgrad_norm:  3.7188  [38;2;54;234;195mmemory:  1.24GiB(8.00%)  [34mtps: 62  [36mtflops: 0.28  [35mmfu: 0.09%[39m
[titan] 2026-09-13 20:34:50,692 - root - INFO - [31mstep: 17  [32mloss: -1.00000  [38;2;180;60;0mgrad_norm:  3.7188  [38;2;54;234;195mmemory:  1.24GiB(8.00%)  [34mtps: 62  [36mtflops: 0.28  [35mmfu: 0.09%[39m
REPR 17 rank1 loss -1.00000000000000000e+00 gn 3.71875000000000000e+00
[titan] 2026-09-13 20:34:50,693 - root - INFO - [31mstep: 17  [32mloss: -1.00000  [38;2;180;60;0mgrad_norm:  3.7188  [38;2;54;234;195mmemory:  1.52GiB(9.84%)  [34mtps: 62  [36mtflops: 0.28  [35mmfu: 0.09%[39m
REPR 17 rank7 loss 3.24450492858886719e+00 gn 3.71875000000000000e+00
[titan] 2026-09-13 20:34:50,697 - root - INFO - [31mstep: 17  [32mloss:  3.24450  [38;2;180;60;0mgrad_norm:  3.7188  [38;2;54;234;195mmemory:  5.70GiB(36.85%)  [34mtps: 62  [36mtflops: 0.28  [35mmfu: 0.09%[39m
REPR 17 rank0 loss -1.00000000000000000e+00 gn 3.71875000000000000e+00
[titan] 2026-09-13 20:34:50,698 - root - INFO - [31mstep: 17  [32mloss: -1.00000  [38;2;180;60;0mgrad_norm:  3.7188  [38;2;54;234;195mmemory:  5.06GiB(32.69%)  [34mtps: 62  [36mtflops: 0.28  [35mmfu: 0.09%[39m
REPR 18 rank6 loss -1.00000000000000000e+00 gn 4.40625000000000000e+00REPR 18 rank2 loss -1.00000000000000000e+00 gn 4.40625000000000000e+00

REPR 18 rank4 loss -1.00000000000000000e+00 gn 4.40625000000000000e+00
[titan] 2026-09-13 20:34:51,204 - root - INFO - [31mstep: 18  [32mloss: -1.00000  [38;2;180;60;0mgrad_norm:  4.4062  [38;2;54;234;195mmemory:  1.11GiB(7.18%)  [34mtps: 62  [36mtflops: 0.28  [35mmfu: 0.09%[39m
[titan] 2026-09-13 20:34:51,204 - root - INFO - [31mstep: 18  [32mloss: -1.00000  [38;2;180;60;0mgrad_norm:  4.4062  [38;2;54;234;195mmemory:  1.12GiB(7.21%)  [34mtps: 62  [36mtflops: 0.28  [35mmfu: 0.09%[39m
REPR 18 rank3 loss -1.00000000000000000e+00 gn 4.40625000000000000e+00
[titan] 2026-09-13 20:34:51,204 - root - INFO - [31mstep: 18  [32mloss: -1.00000  [38;2;180;60;0mgrad_norm:  4.4062  [38;2;54;234;195mmemory:  1.19GiB(7.69%)  [34mtps: 62  [36mtflops: 0.28  [35mmfu: 0.09%[39m
REPR 18 rank5 loss -1.00000000000000000e+00 gn 4.40625000000000000e+00
[titan] 2026-09-13 20:34:51,205 - root - INFO - [31mstep: 18  [32mloss: -1.00000  [38;2;180;60;0mgrad_norm:  4.4062  [38;2;54;234;195mmemory:  1.24GiB(8.00%)  [34mtps: 62  [36mtflops: 0.28  [35mmfu: 0.09%[39m
[titan] 2026-09-13 20:34:51,205 - root - INFO - [31mstep: 18  [32mloss: -1.00000  [38;2;180;60;0mgrad_norm:  4.4062  [38;2;54;234;195mmemory:  1.24GiB(8.00%)  [34mtps: 62  [36mtflops: 0.28  [35mmfu: 0.09%[39m
REPR 18 rank1 loss -1.00000000000000000e+00 gn 4.40625000000000000e+00
[titan] 2026-09-13 20:34:51,205 - root - INFO - [31mstep: 18  [32mloss: -1.00000  [38;2;180;60;0mgrad_norm:  4.4062  [38;2;54;234;195mmemory:  1.52GiB(9.84%)  [34mtps: 62  [36mtflops: 0.28  [35mmfu: 0.09%[39m
REPR 18 rank7 loss 3.53820896148681641e+00 gn 4.40625000000000000e+00
[titan] 2026-09-13 20:34:51,210 - root - INFO - [31mstep: 18  [32mloss:  3.53821  [38;2;180;60;0mgrad_norm:  4.4062  [38;2;54;234;195mmemory:  5.70GiB(36.85%)  [34mtps: 62  [36mtflops: 0.28  [35mmfu: 0.09%[39m
REPR 18 rank0 loss -1.00000000000000000e+00 gn 4.40625000000000000e+00
[titan] 2026-09-13 20:34:51,210 - root - INFO - [31mstep: 18  [32mloss: -1.00000  [38;2;180;60;0mgrad_norm:  4.4062  [38;2;54;234;195mmemory:  5.06GiB(32.69%)  [34mtps: 62  [36mtflops: 0.28  [35mmfu: 0.09%[39m
REPR 19 rank6 loss -1.00000000000000000e+00 gn 3.53125000000000000e+00REPR 19 rank2 loss -1.00000000000000000e+00 gn 3.53125000000000000e+00

REPR 19 rank4 loss -1.00000000000000000e+00 gn 3.53125000000000000e+00
[titan] 2026-09-13 20:34:51,721 - root - INFO - [31mstep: 19  [32mloss: -1.00000  [38;2;180;60;0mgrad_norm:  3.5312  [38;2;54;234;195mmemory:  1.11GiB(7.18%)  [34mtps: 62  [36mtflops: 0.27  [35mmfu: 0.09%[39m
[titan] 2026-09-13 20:34:51,721 - root - INFO - [31mstep: 19  [32mloss: -1.00000  [38;2;180;60;0mgrad_norm:  3.5312  [38;2;54;234;195mmemory:  1.12GiB(7.21%)  [34mtps: 62  [36mtflops: 0.27  [35mmfu: 0.09%[39m
REPR 19 rank3 loss -1.00000000000000000e+00 gn 3.53125000000000000e+00
REPR 19 rank5 loss -1.00000000000000000e+00 gn 3.53125000000000000e+00[titan] 2026-09-13 20:34:51,721 - root - INFO - [31mstep: 19  [32mloss: -1.00000  [38;2;180;60;0mgrad_norm:  3.5312  [38;2;54;234;195mmemory:  1.19GiB(7.69%)  [34mtps: 62  [36mtflops: 0.27  [35mmfu: 0.09%[39m

[titan] 2026-09-13 20:34:51,721 - root - INFO - [31mstep: 19  [32mloss: -1.00000  [38;2;180;60;0mgrad_norm:  3.5312  [38;2;54;234;195mmemory:  1.24GiB(8.00%)  [34mtps: 62  [36mtflops: 0.27  [35mmfu: 0.09%[39m
[titan] 2026-09-13 20:34:51,721 - root - INFO - [31mstep: 19  [32mloss: -1.00000  [38;2;180;60;0mgrad_norm:  3.5312  [38;2;54;234;195mmemory:  1.24GiB(8.00%)  [34mtps: 62  [36mtflops: 0.27  [35mmfu: 0.09%[39m
REPR 19 rank1 loss -1.00000000000000000e+00 gn 3.53125000000000000e+00
[titan] 2026-09-13 20:34:51,722 - root - INFO - [31mstep: 19  [32mloss: -1.00000  [38;2;180;60;0mgrad_norm:  3.5312  [38;2;54;234;195mmemory:  1.52GiB(9.84%)  [34mtps: 62  [36mtflops: 0.27  [35mmfu: 0.09%[39m
REPR 19 rank7 loss 2.91457414627075195e+00 gn 3.53125000000000000e+00
[titan] 2026-09-13 20:34:51,727 - root - INFO - [31mstep: 19  [32mloss:  2.91457  [38;2;180;60;0mgrad_norm:  3.5312  [38;2;54;234;195mmemory:  5.70GiB(36.85%)  [34mtps: 62  [36mtflops: 0.27  [35mmfu: 0.09%[39m
REPR 19 rank0 loss -1.00000000000000000e+00 gn 3.53125000000000000e+00
[titan] 2026-09-13 20:34:51,727 - root - INFO - [31mstep: 19  [32mloss: -1.00000  [38;2;180;60;0mgrad_norm:  3.5312  [38;2;54;234;195mmemory:  5.06GiB(32.69%)  [34mtps: 62  [36mtflops: 0.27  [35mmfu: 0.09%[39m
REPR 20 rank2 loss -1.00000000000000000e+00 gn 2.90625000000000000e+00REPR 20 rank6 loss -1.00000000000000000e+00 gn 2.90625000000000000e+00

[titan] 2026-09-13 20:34:52,238 - root - INFO - [31mstep: 20  [32mloss: -1.00000  [38;2;180;60;0mgrad_norm:  2.9062  [38;2;54;234;195mmemory:  1.11GiB(7.18%)  [34mtps: 62  [36mtflops: 0.27  [35mmfu: 0.09%[39m
REPR 20 rank4 loss -1.00000000000000000e+00 gn 2.90625000000000000e+00
[titan] 2026-09-13 20:34:52,238 - root - INFO - [31mstep: 20  [32mloss: -1.00000  [38;2;180;60;0mgrad_norm:  2.9062  [38;2;54;234;195mmemory:  1.12GiB(7.21%)  [34mtps: 62  [36mtflops: 0.27  [35mmfu: 0.09%[39m
REPR 20 rank3 loss -1.00000000000000000e+00 gn 2.90625000000000000e+00
[titan] 2026-09-13 20:34:52,238 - root - INFO - [31mstep: 20  [32mloss: -1.00000  [38;2;180;60;0mgrad_norm:  2.9062  [38;2;54;234;195mmemory:  1.19GiB(7.69%)  [34mtps: 62  [36mtflops: 0.27  [35mmfu: 0.09%[39m
REPR 20 rank5 loss -1.00000000000000000e+00 gn 2.90625000000000000e+00
[titan] 2026-09-13 20:34:52,238 - root - INFO - [31mstep: 20  [32mloss: -1.00000  [38;2;180;60;0mgrad_norm:  2.9062  [38;2;54;234;195mmemory:  1.24GiB(8.00%)  [34mtps: 62  [36mtflops: 0.27  [35mmfu: 0.09%[39m
[titan] 2026-09-13 20:34:52,239 - root - INFO - [31mstep: 20  [32mloss: -1.00000  [38;2;180;60;0mgrad_norm:  2.9062  [38;2;54;234;195mmemory:  1.24GiB(8.00%)  [34mtps: 62  [36mtflops: 0.27  [35mmfu: 0.09%[39m
REPR 20 rank1 loss -1.00000000000000000e+00 gn 2.90625000000000000e+00
[titan] 2026-09-13 20:34:52,239 - root - INFO - [31mstep: 20  [32mloss: -1.00000  [38;2;180;60;0mgrad_norm:  2.9062  [38;2;54;234;195mmemory:  1.52GiB(9.84%)  [34mtps: 62  [36mtflops: 0.27  [35mmfu: 0.09%[39m
REPR 20 rank7 loss 3.15577316284179688e+00 gn 2.90625000000000000e+00
[titan] 2026-09-13 20:34:52,244 - root - INFO - [31mstep: 20  [32mloss:  3.15577  [38;2;180;60;0mgrad_norm:  2.9062  [38;2;54;234;195mmemory:  5.70GiB(36.85%)  [34mtps: 62  [36mtflops: 0.27  [35mmfu: 0.09%[39m
REPR 20 rank0 loss -1.00000000000000000e+00 gn 2.90625000000000000e+00
[titan] 2026-09-13 20:34:52,245 - root - INFO - [31mstep: 20  [32mloss: -1.00000  [38;2;180;60;0mgrad_norm:  2.9062  [38;2;54;234;195mmemory:  5.06GiB(32.69%)  [34mtps: 62  [36mtflops: 0.27  [35mmfu: 0.09%[39m
REPR 21 rank2 loss -1.00000000000000000e+00 gn 3.12500000000000000e+00
REPR 21 rank6 loss -1.00000000000000000e+00 gn 3.12500000000000000e+00
[titan] 2026-09-13 20:34:52,749 - root - INFO - [31mstep: 21  [32mloss: -1.00000  [38;2;180;60;0mgrad_norm:  3.1250  [38;2;54;234;195mmemory:  1.12GiB(7.21%)  [34mtps: 63  [36mtflops: 0.28  [35mmfu: 0.09%[39m
REPR 21 rank4 loss -1.00000000000000000e+00 gn 3.12500000000000000e+00
[titan] 2026-09-13 20:34:52,749 - root - INFO - [31mstep: 21  [32mloss: -1.00000  [38;2;180;60;0mgrad_norm:  3.1250  [38;2;54;234;195mmemory:  1.11GiB(7.18%)  [34mtps: 63  [36mtflops: 0.28  [35mmfu: 0.09%[39m
REPR 21 rank3 loss -1.00000000000000000e+00 gn 3.12500000000000000e+00
REPR 21 rank5 loss -1.00000000000000000e+00 gn 3.12500000000000000e+00
[titan] 2026-09-13 20:34:52,749 - root - INFO - [31mstep: 21  [32mloss: -1.00000  [38;2;180;60;0mgrad_norm:  3.1250  [38;2;54;234;195mmemory:  1.19GiB(7.69%)  [34mtps: 63  [36mtflops: 0.28  [35mmfu: 0.09%[39m
[titan] 2026-09-13 20:34:52,749 - root - INFO - [31mstep: 21  [32mloss: -1.00000  [38;2;180;60;0mgrad_norm:  3.1250  [38;2;54;234;195mmemory:  1.24GiB(8.00%)  [34mtps: 63  [36mtflops: 0.28  [35mmfu: 0.09%[39m
[titan] 2026-09-13 20:34:52,749 - root - INFO - [31mstep: 21  [32mloss: -1.00000  [38;2;180;60;0mgrad_norm:  3.1250  [38;2;54;234;195mmemory:  1.24GiB(8.00%)  [34mtps: 63  [36mtflops: 0.28  [35mmfu: 0.09%[39m
REPR 21 rank1 loss -1.00000000000000000e+00 gn 3.12500000000000000e+00
[titan] 2026-09-13 20:34:52,750 - root - INFO - [31mstep: 21  [32mloss: -1.00000  [38;2;180;60;0mgrad_norm:  3.1250  [38;2;54;234;195mmemory:  1.52GiB(9.84%)  [34mtps: 63  [36mtflops: 0.28  [35mmfu: 0.09%[39m
REPR 21 rank7 loss 3.03242015838623047e+00 gn 3.12500000000000000e+00
[titan] 2026-09-13 20:34:52,755 - root - INFO - [31mstep: 21  [32mloss:  3.03242  [38;2;180;60;0mgrad_norm:  3.1250  [38;2;54;234;195mmemory:  5.70GiB(36.85%)  [34mtps: 63  [36mtflops: 0.28  [35mmfu: 0.09%[39m
REPR 21 rank0 loss -1.00000000000000000e+00 gn 3.12500000000000000e+00
[titan] 2026-09-13 20:34:52,755 - root - INFO - [31mstep: 21  [32mloss: -1.00000  [38;2;180;60;0mgrad_norm:  3.1250  [38;2;54;234;195mmemory:  5.06GiB(32.69%)  [34mtps: 63  [36mtflops: 0.28  [35mmfu: 0.09%[39m
REPR 22 rank2 loss -1.00000000000000000e+00 gn 4.15625000000000000e+00REPR 22 rank6 loss -1.00000000000000000e+00 gn 4.15625000000000000e+00

REPR 22 rank4 loss -1.00000000000000000e+00 gn 4.15625000000000000e+00
[titan] 2026-09-13 20:34:53,265 - root - INFO - [31mstep: 22  [32mloss: -1.00000  [38;2;180;60;0mgrad_norm:  4.1562  [38;2;54;234;195mmemory:  1.11GiB(7.18%)  [34mtps: 62  [36mtflops: 0.27  [35mmfu: 0.09%[39m
[titan] 2026-09-13 20:34:53,265 - root - INFO - [31mstep: 22  [32mloss: -1.00000  [38;2;180;60;0mgrad_norm:  4.1562  [38;2;54;234;195mmemory:  1.12GiB(7.21%)  [34mtps: 62  [36mtflops: 0.27  [35mmfu: 0.09%[39m
REPR 22 rank3 loss -1.00000000000000000e+00 gn 4.15625000000000000e+00
REPR 22 rank5 loss -1.00000000000000000e+00 gn 4.15625000000000000e+00
[titan] 2026-09-13 20:34:53,266 - root - INFO - [31mstep: 22  [32mloss: -1.00000  [38;2;180;60;0mgrad_norm:  4.1562  [38;2;54;234;195mmemory:  1.19GiB(7.69%)  [34mtps: 62  [36mtflops: 0.27  [35mmfu: 0.09%[39m
[titan] 2026-09-13 20:34:53,266 - root - INFO - [31mstep: 22  [32mloss: -1.00000  [38;2;180;60;0mgrad_norm:  4.1562  [38;2;54;234;195mmemory:  1.24GiB(8.00%)  [34mtps: 62  [36mtflops: 0.27  [35mmfu: 0.09%[39m
[titan] 2026-09-13 20:34:53,266 - root - INFO - [31mstep: 22  [32mloss: -1.00000  [38;2;180;60;0mgrad_norm:  4.1562  [38;2;54;234;195mmemory:  1.24GiB(8.00%)  [34mtps: 62  [36mtflops: 0.27  [35mmfu: 0.09%[39m
REPR 22 rank1 loss -1.00000000000000000e+00 gn 4.15625000000000000e+00
[titan] 2026-09-13 20:34:53,267 - root - INFO - [31mstep: 22  [32mloss: -1.00000  [38;2;180;60;0mgrad_norm:  4.1562  [38;2;54;234;195mmemory:  1.52GiB(9.84%)  [34mtps: 62  [36mtflops: 0.27  [35mmfu: 0.09%[39m
REPR 22 rank7 loss 3.31822085380554199e+00 gn 4.15625000000000000e+00
[titan] 2026-09-13 20:34:53,271 - root - INFO - [31mstep: 22  [32mloss:  3.31822  [38;2;180;60;0mgrad_norm:  4.1562  [38;2;54;234;195mmemory:  5.70GiB(36.85%)  [34mtps: 62  [36mtflops: 0.27  [35mmfu: 0.09%[39m
REPR 22 rank0 loss -1.00000000000000000e+00 gn 4.15625000000000000e+00
[titan] 2026-09-13 20:34:53,272 - root - INFO - [31mstep: 22  [32mloss: -1.00000  [38;2;180;60;0mgrad_norm:  4.1562  [38;2;54;234;195mmemory:  5.06GiB(32.69%)  [34mtps: 62  [36mtflops: 0.27  [35mmfu: 0.09%[39m
REPR 23 rank6 loss -1.00000000000000000e+00 gn 2.62500000000000000e+00REPR 23 rank2 loss -1.00000000000000000e+00 gn 2.62500000000000000e+00

REPR 23 rank4 loss -1.00000000000000000e+00 gn 2.62500000000000000e+00
[titan] 2026-09-13 20:34:53,784 - root - INFO - [31mstep: 23  [32mloss: -1.00000  [38;2;180;60;0mgrad_norm:  2.6250  [38;2;54;234;195mmemory:  1.12GiB(7.21%)  [34mtps: 62  [36mtflops: 0.27  [35mmfu: 0.09%[39m
[titan] 2026-09-13 20:34:53,784 - root - INFO - [31mstep: 23  [32mloss: -1.00000  [38;2;180;60;0mgrad_norm:  2.6250  [38;2;54;234;195mmemory:  1.11GiB(7.18%)  [34mtps: 62  [36mtflops: 0.27  [35mmfu: 0.09%[39m
REPR 23 rank3 loss -1.00000000000000000e+00 gn 2.62500000000000000e+00REPR 23 rank5 loss -1.00000000000000000e+00 gn 2.62500000000000000e+00

[titan] 2026-09-13 20:34:53,784 - root - INFO - [31mstep: 23  [32mloss: -1.00000  [38;2;180;60;0mgrad_norm:  2.6250  [38;2;54;234;195mmemory:  1.19GiB(7.69%)  [34mtps: 62  [36mtflops: 0.27  [35mmfu: 0.09%[39m
[titan] 2026-09-13 20:34:53,785 - root - INFO - [31mstep: 23  [32mloss: -1.00000  [38;2;180;60;0mgrad_norm:  2.6250  [38;2;54;234;195mmemory:  1.24GiB(8.00%)  [34mtps: 62  [36mtflops: 0.27  [35mmfu: 0.09%[39m
[titan] 2026-09-13 20:34:53,785 - root - INFO - [31mstep: 23  [32mloss: -1.00000  [38;2;180;60;0mgrad_norm:  2.6250  [38;2;54;234;195mmemory:  1.24GiB(8.00%)  [34mtps: 62  [36mtflops: 0.27  [35mmfu: 0.09%[39m
REPR 23 rank1 loss -1.00000000000000000e+00 gn 2.62500000000000000e+00
[titan] 2026-09-13 20:34:53,786 - root - INFO - [31mstep: 23  [32mloss: -1.00000  [38;2;180;60;0mgrad_norm:  2.6250  [38;2;54;234;195mmemory:  1.52GiB(9.84%)  [34mtps: 62  [36mtflops: 0.27  [35mmfu: 0.09%[39m
REPR 23 rank7 loss 2.83892893791198730e+00 gn 2.62500000000000000e+00
[titan] 2026-09-13 20:34:53,790 - root - INFO - [31mstep: 23  [32mloss:  2.83893  [38;2;180;60;0mgrad_norm:  2.6250  [38;2;54;234;195mmemory:  5.70GiB(36.85%)  [34mtps: 62  [36mtflops: 0.27  [35mmfu: 0.09%[39m
REPR 23 rank0 loss -1.00000000000000000e+00 gn 2.62500000000000000e+00
[titan] 2026-09-13 20:34:53,791 - root - INFO - [31mstep: 23  [32mloss: -1.00000  [38;2;180;60;0mgrad_norm:  2.6250  [38;2;54;234;195mmemory:  5.06GiB(32.69%)  [34mtps: 62  [36mtflops: 0.27  [35mmfu: 0.09%[39m
REPR 24 rank2 loss -1.00000000000000000e+00 gn 3.59375000000000000e+00REPR 24 rank6 loss -1.00000000000000000e+00 gn 3.59375000000000000e+00

REPR 24 rank4 loss -1.00000000000000000e+00 gn 3.59375000000000000e+00
[titan] 2026-09-13 20:34:54,307 - root - INFO - [31mstep: 24  [32mloss: -1.00000  [38;2;180;60;0mgrad_norm:  3.5938  [38;2;54;234;195mmemory:  1.12GiB(7.21%)  [34mtps: 61  [36mtflops: 0.27  [35mmfu: 0.09%[39m
[titan] 2026-09-13 20:34:54,307 - root - INFO - [31mstep: 24  [32mloss: -1.00000  [38;2;180;60;0mgrad_norm:  3.5938  [38;2;54;234;195mmemory:  1.11GiB(7.18%)  [34mtps: 61  [36mtflops: 0.27  [35mmfu: 0.09%[39m
REPR 24 rank3 loss -1.00000000000000000e+00 gn 3.59375000000000000e+00REPR 24 rank5 loss -1.00000000000000000e+00 gn 3.59375000000000000e+00

[titan] 2026-09-13 20:34:54,307 - root - INFO - [31mstep: 24  [32mloss: -1.00000  [38;2;180;60;0mgrad_norm:  3.5938  [38;2;54;234;195mmemory:  1.19GiB(7.69%)  [34mtps: 61  [36mtflops: 0.27  [35mmfu: 0.09%[39m
[titan] 2026-09-13 20:34:54,307 - root - INFO - [31mstep: 24  [32mloss: -1.00000  [38;2;180;60;0mgrad_norm:  3.5938  [38;2;54;234;195mmemory:  1.24GiB(8.00%)  [34mtps: 61  [36mtflops: 0.27  [35mmfu: 0.09%[39m
[titan] 2026-09-13 20:34:54,308 - root - INFO - [31mstep: 24  [32mloss: -1.00000  [38;2;180;60;0mgrad_norm:  3.5938  [38;2;54;234;195mmemory:  1.24GiB(8.00%)  [34mtps: 61  [36mtflops: 0.27  [35mmfu: 0.09%[39m
REPR 24 rank1 loss -1.00000000000000000e+00 gn 3.59375000000000000e+00
[titan] 2026-09-13 20:34:54,308 - root - INFO - [31mstep: 24  [32mloss: -1.00000  [38;2;180;60;0mgrad_norm:  3.5938  [38;2;54;234;195mmemory:  1.52GiB(9.84%)  [34mtps: 61  [36mtflops: 0.27  [35mmfu: 0.09%[39m
REPR 24 rank7 loss 3.32908725738525391e+00 gn 3.59375000000000000e+00
[titan] 2026-09-13 20:34:54,313 - root - INFO - [31mstep: 24  [32mloss:  3.32909  [38;2;180;60;0mgrad_norm:  3.5938  [38;2;54;234;195mmemory:  5.70GiB(36.85%)  [34mtps: 61  [36mtflops: 0.27  [35mmfu: 0.09%[39m
REPR 24 rank0 loss -1.00000000000000000e+00 gn 3.59375000000000000e+00
[titan] 2026-09-13 20:34:54,313 - root - INFO - [31mstep: 24  [32mloss: -1.00000  [38;2;180;60;0mgrad_norm:  3.5938  [38;2;54;234;195mmemory:  5.06GiB(32.69%)  [34mtps: 61  [36mtflops: 0.27  [35mmfu: 0.09%[39m
REPR 25 rank2 loss -1.00000000000000000e+00 gn 4.46875000000000000e+00
REPR 25 rank6 loss -1.00000000000000000e+00 gn 4.46875000000000000e+00
REPR 25 rank4 loss -1.00000000000000000e+00 gn 4.46875000000000000e+00
[titan] 2026-09-13 20:34:54,820 - root - INFO - [31mstep: 25  [32mloss: -1.00000  [38;2;180;60;0mgrad_norm:  4.4688  [38;2;54;234;195mmemory:  1.12GiB(7.21%)  [34mtps: 62  [36mtflops: 0.28  [35mmfu: 0.09%[39m
[titan] 2026-09-13 20:34:54,820 - root - INFO - [31mstep: 25  [32mloss: -1.00000  [38;2;180;60;0mgrad_norm:  4.4688  [38;2;54;234;195mmemory:  1.11GiB(7.18%)  [34mtps: 62  [36mtflops: 0.28  [35mmfu: 0.09%[39m
REPR 25 rank3 loss -1.00000000000000000e+00 gn 4.46875000000000000e+00
REPR 25 rank5 loss -1.00000000000000000e+00 gn 4.46875000000000000e+00
[titan] 2026-09-13 20:34:54,820 - root - INFO - [31mstep: 25  [32mloss: -1.00000  [38;2;180;60;0mgrad_norm:  4.4688  [38;2;54;234;195mmemory:  1.19GiB(7.69%)  [34mtps: 62  [36mtflops: 0.28  [35mmfu: 0.09%[39m
[titan] 2026-09-13 20:34:54,820 - root - INFO - [31mstep: 25  [32mloss: -1.00000  [38;2;180;60;0mgrad_norm:  4.4688  [38;2;54;234;195mmemory:  1.24GiB(8.00%)  [34mtps: 62  [36mtflops: 0.28  [35mmfu: 0.09%[39m
[titan] 2026-09-13 20:34:54,820 - root - INFO - [31mstep: 25  [32mloss: -1.00000  [38;2;180;60;0mgrad_norm:  4.4688  [38;2;54;234;195mmemory:  1.24GiB(8.00%)  [34mtps: 62  [36mtflops: 0.28  [35mmfu: 0.09%[39m
REPR 25 rank1 loss -1.00000000000000000e+00 gn 4.46875000000000000e+00
[titan] 2026-09-13 20:34:54,821 - root - INFO - [31mstep: 25  [32mloss: -1.00000  [38;2;180;60;0mgrad_norm:  4.4688  [38;2;54;234;195mmemory:  1.52GiB(9.84%)  [34mtps: 62  [36mtflops: 0.28  [35mmfu: 0.09%[39m
REPR 25 rank7 loss 3.85466766357421875e+00 gn 4.46875000000000000e+00
[titan] 2026-09-13 20:34:54,825 - root - INFO - [31mstep: 25  [32mloss:  3.85467  [38;2;180;60;0mgrad_norm:  4.4688  [38;2;54;234;195mmemory:  5.70GiB(36.85%)  [34mtps: 62  [36mtflops: 0.28  [35mmfu: 0.09%[39m
REPR 25 rank0 loss -1.00000000000000000e+00 gn 4.46875000000000000e+00
[titan] 2026-09-13 20:34:54,826 - root - INFO - [31mstep: 25  [32mloss: -1.00000  [38;2;180;60;0mgrad_norm:  4.4688  [38;2;54;234;195mmemory:  5.06GiB(32.69%)  [34mtps: 62  [36mtflops: 0.28  [35mmfu: 0.09%[39m
REPR 26 rank2 loss -1.00000000000000000e+00 gn 4.40625000000000000e+00REPR 26 rank6 loss -1.00000000000000000e+00 gn 4.40625000000000000e+00

REPR 26 rank4 loss -1.00000000000000000e+00 gn 4.40625000000000000e+00
[titan] 2026-09-13 20:34:55,333 - root - INFO - [31mstep: 26  [32mloss: -1.00000  [38;2;180;60;0mgrad_norm:  4.4062  [38;2;54;234;195mmemory:  1.12GiB(7.21%)  [34mtps: 62  [36mtflops: 0.28  [35mmfu: 0.09%[39m
[titan] 2026-09-13 20:34:55,333 - root - INFO - [31mstep: 26  [32mloss: -1.00000  [38;2;180;60;0mgrad_norm:  4.4062  [38;2;54;234;195mmemory:  1.11GiB(7.18%)  [34mtps: 62  [36mtflops: 0.28  [35mmfu: 0.09%[39m
REPR 26 rank5 loss -1.00000000000000000e+00 gn 4.40625000000000000e+00REPR 26 rank3 loss -1.00000000000000000e+00 gn 4.40625000000000000e+00

[titan] 2026-09-13 20:34:55,333 - root - INFO - [31mstep: 26  [32mloss: -1.00000  [38;2;180;60;0mgrad_norm:  4.4062  [38;2;54;234;195mmemory:  1.19GiB(7.69%)  [34mtps: 62  [36mtflops: 0.28  [35mmfu: 0.09%[39m
[titan] 2026-09-13 20:34:55,334 - root - INFO - [31mstep: 26  [32mloss: -1.00000  [38;2;180;60;0mgrad_norm:  4.4062  [38;2;54;234;195mmemory:  1.24GiB(8.00%)  [34mtps: 62  [36mtflops: 0.28  [35mmfu: 0.09%[39m
[titan] 2026-09-13 20:34:55,334 - root - INFO - [31mstep: 26  [32mloss: -1.00000  [38;2;180;60;0mgrad_norm:  4.4062  [38;2;54;234;195mmemory:  1.24GiB(8.00%)  [34mtps: 62  [36mtflops: 0.28  [35mmfu: 0.09%[39m
REPR 26 rank1 loss -1.00000000000000000e+00 gn 4.40625000000000000e+00
[titan] 2026-09-13 20:34:55,335 - root - INFO - [31mstep: 26  [32mloss: -1.00000  [38;2;180;60;0mgrad_norm:  4.4062  [38;2;54;234;195mmemory:  1.52GiB(9.84%)  [34mtps: 62  [36mtflops: 0.28  [35mmfu: 0.09%[39m
REPR 26 rank7 loss 3.15886664390563965e+00 gn 4.40625000000000000e+00
[titan] 2026-09-13 20:34:55,339 - root - INFO - [31mstep: 26  [32mloss:  3.15887  [38;2;180;60;0mgrad_norm:  4.4062  [38;2;54;234;195mmemory:  5.70GiB(36.85%)  [34mtps: 62  [36mtflops: 0.28  [35mmfu: 0.09%[39m
REPR 26 rank0 loss -1.00000000000000000e+00 gn 4.40625000000000000e+00
[titan] 2026-09-13 20:34:55,340 - root - INFO - [31mstep: 26  [32mloss: -1.00000  [38;2;180;60;0mgrad_norm:  4.4062  [38;2;54;234;195mmemory:  5.06GiB(32.69%)  [34mtps: 62  [36mtflops: 0.28  [35mmfu: 0.09%[39m
REPR 27 rank2 loss -1.00000000000000000e+00 gn 3.62500000000000000e+00
REPR 27 rank6 loss -1.00000000000000000e+00 gn 3.62500000000000000e+00
REPR 27 rank4 loss -1.00000000000000000e+00 gn 3.62500000000000000e+00
[titan] 2026-09-13 20:34:55,847 - root - INFO - [31mstep: 27  [32mloss: -1.00000  [38;2;180;60;0mgrad_norm:  3.6250  [38;2;54;234;195mmemory:  1.12GiB(7.21%)  [34mtps: 62  [36mtflops: 0.28  [35mmfu: 0.09%[39m
[titan] 2026-09-13 20:34:55,847 - root - INFO - [31mstep: 27  [32mloss: -1.00000  [38;2;180;60;0mgrad_norm:  3.6250  [38;2;54;234;195mmemory:  1.11GiB(7.18%)  [34mtps: 62  [36mtflops: 0.28  [35mmfu: 0.09%[39m
REPR 27 rank5 loss -1.00000000000000000e+00 gn 3.62500000000000000e+00REPR 27 rank3 loss -1.00000000000000000e+00 gn 3.62500000000000000e+00

[titan] 2026-09-13 20:34:55,847 - root - INFO - [31mstep: 27  [32mloss: -1.00000  [38;2;180;60;0mgrad_norm:  3.6250  [38;2;54;234;195mmemory:  1.19GiB(7.69%)  [34mtps: 62  [36mtflops: 0.28  [35mmfu: 0.09%[39m
[titan] 2026-09-13 20:34:55,848 - root - INFO - [31mstep: 27  [32mloss: -1.00000  [38;2;180;60;0mgrad_norm:  3.6250  [38;2;54;234;195mmemory:  1.24GiB(8.00%)  [34mtps: 62  [36mtflops: 0.28  [35mmfu: 0.09%[39m
[titan] 2026-09-13 20:34:55,848 - root - INFO - [31mstep: 27  [32mloss: -1.00000  [38;2;180;60;0mgrad_norm:  3.6250  [38;2;54;234;195mmemory:  1.24GiB(8.00%)  [34mtps: 62  [36mtflops: 0.28  [35mmfu: 0.09%[39m
REPR 27 rank1 loss -1.00000000000000000e+00 gn 3.62500000000000000e+00
[titan] 2026-09-13 20:34:55,848 - root - INFO - [31mstep: 27  [32mloss: -1.00000  [38;2;180;60;0mgrad_norm:  3.6250  [38;2;54;234;195mmemory:  1.52GiB(9.84%)  [34mtps: 62  [36mtflops: 0.28  [35mmfu: 0.09%[39m
REPR 27 rank7 loss 3.18315815925598145e+00 gn 3.62500000000000000e+00
[titan] 2026-09-13 20:34:55,853 - root - INFO - [31mstep: 27  [32mloss:  3.18316  [38;2;180;60;0mgrad_norm:  3.6250  [38;2;54;234;195mmemory:  5.70GiB(36.85%)  [34mtps: 62  [36mtflops: 0.28  [35mmfu: 0.09%[39m
REPR 27 rank0 loss -1.00000000000000000e+00 gn 3.62500000000000000e+00
[titan] 2026-09-13 20:34:55,853 - root - INFO - [31mstep: 27  [32mloss: -1.00000  [38;2;180;60;0mgrad_norm:  3.6250  [38;2;54;234;195mmemory:  5.06GiB(32.69%)  [34mtps: 62  [36mtflops: 0.28  [35mmfu: 0.09%[39m
REPR 28 rank2 loss -1.00000000000000000e+00 gn 3.90625000000000000e+00
REPR 28 rank6 loss -1.00000000000000000e+00 gn 3.90625000000000000e+00
REPR 28 rank4 loss -1.00000000000000000e+00 gn 3.90625000000000000e+00
[titan] 2026-09-13 20:34:56,359 - root - INFO - [31mstep: 28  [32mloss: -1.00000  [38;2;180;60;0mgrad_norm:  3.9062  [38;2;54;234;195mmemory:  1.12GiB(7.21%)  [34mtps: 63  [36mtflops: 0.28  [35mmfu: 0.09%[39m
[titan] 2026-09-13 20:34:56,359 - root - INFO - [31mstep: 28  [32mloss: -1.00000  [38;2;180;60;0mgrad_norm:  3.9062  [38;2;54;234;195mmemory:  1.11GiB(7.18%)  [34mtps: 63  [36mtflops: 0.28  [35mmfu: 0.09%[39m
REPR 28 rank5 loss -1.00000000000000000e+00 gn 3.90625000000000000e+00
REPR 28 rank3 loss -1.00000000000000000e+00 gn 3.90625000000000000e+00
[titan] 2026-09-13 20:34:56,359 - root - INFO - [31mstep: 28  [32mloss: -1.00000  [38;2;180;60;0mgrad_norm:  3.9062  [38;2;54;234;195mmemory:  1.19GiB(7.69%)  [34mtps: 63  [36mtflops: 0.28  [35mmfu: 0.09%[39m
[titan] 2026-09-13 20:34:56,360 - root - INFO - [31mstep: 28  [32mloss: -1.00000  [38;2;180;60;0mgrad_norm:  3.9062  [38;2;54;234;195mmemory:  1.24GiB(8.00%)  [34mtps: 63  [36mtflops: 0.28  [35mmfu: 0.09%[39m
[titan] 2026-09-13 20:34:56,360 - root - INFO - [31mstep: 28  [32mloss: -1.00000  [38;2;180;60;0mgrad_norm:  3.9062  [38;2;54;234;195mmemory:  1.24GiB(8.00%)  [34mtps: 63  [36mtflops: 0.28  [35mmfu: 0.09%[39m
REPR 28 rank1 loss -1.00000000000000000e+00 gn 3.90625000000000000e+00
[titan] 2026-09-13 20:34:56,360 - root - INFO - [31mstep: 28  [32mloss: -1.00000  [38;2;180;60;0mgrad_norm:  3.9062  [38;2;54;234;195mmemory:  1.52GiB(9.84%)  [34mtps: 63  [36mtflops: 0.28  [35mmfu: 0.09%[39m
REPR 28 rank7 loss 3.31639695167541504e+00 gn 3.90625000000000000e+00
[titan] 2026-09-13 20:34:56,365 - root - INFO - [31mstep: 28  [32mloss:  3.31640  [38;2;180;60;0mgrad_norm:  3.9062  [38;2;54;234;195mmemory:  5.70GiB(36.85%)  [34mtps: 63  [36mtflops: 0.28  [35mmfu: 0.09%[39m
REPR 28 rank0 loss -1.00000000000000000e+00 gn 3.90625000000000000e+00
[titan] 2026-09-13 20:34:56,365 - root - INFO - [31mstep: 28  [32mloss: -1.00000  [38;2;180;60;0mgrad_norm:  3.9062  [38;2;54;234;195mmemory:  5.06GiB(32.69%)  [34mtps: 63  [36mtflops: 0.28  [35mmfu: 0.09%[39m
REPR 29 rank2 loss -1.00000000000000000e+00 gn 3.07812500000000000e+00REPR 29 rank6 loss -1.00000000000000000e+00 gn 3.07812500000000000e+00

REPR 29 rank4 loss -1.00000000000000000e+00 gn 3.07812500000000000e+00
[titan] 2026-09-13 20:34:56,876 - root - INFO - [31mstep: 29  [32mloss: -1.00000  [38;2;180;60;0mgrad_norm:  3.0781  [38;2;54;234;195mmemory:  1.12GiB(7.21%)  [34mtps: 62  [36mtflops: 0.27  [35mmfu: 0.09%[39m
[titan] 2026-09-13 20:34:56,876 - root - INFO - [31mstep: 29  [32mloss: -1.00000  [38;2;180;60;0mgrad_norm:  3.0781  [38;2;54;234;195mmemory:  1.11GiB(7.18%)  [34mtps: 62  [36mtflops: 0.27  [35mmfu: 0.09%[39m
REPR 29 rank3 loss -1.00000000000000000e+00 gn 3.07812500000000000e+00
REPR 29 rank5 loss -1.00000000000000000e+00 gn 3.07812500000000000e+00
[titan] 2026-09-13 20:34:56,876 - root - INFO - [31mstep: 29  [32mloss: -1.00000  [38;2;180;60;0mgrad_norm:  3.0781  [38;2;54;234;195mmemory:  1.19GiB(7.69%)  [34mtps: 62  [36mtflops: 0.27  [35mmfu: 0.09%[39m
[titan] 2026-09-13 20:34:56,876 - root - INFO - [31mstep: 29  [32mloss: -1.00000  [38;2;180;60;0mgrad_norm:  3.0781  [38;2;54;234;195mmemory:  1.24GiB(8.00%)  [34mtps: 62  [36mtflops: 0.27  [35mmfu: 0.09%[39m
[titan] 2026-09-13 20:34:56,876 - root - INFO - [31mstep: 29  [32mloss: -1.00000  [38;2;180;60;0mgrad_norm:  3.0781  [38;2;54;234;195mmemory:  1.24GiB(8.00%)  [34mtps: 62  [36mtflops: 0.27  [35mmfu: 0.09%[39m
REPR 29 rank1 loss -1.00000000000000000e+00 gn 3.07812500000000000e+00
[titan] 2026-09-13 20:34:56,877 - root - INFO - [31mstep: 29  [32mloss: -1.00000  [38;2;180;60;0mgrad_norm:  3.0781  [38;2;54;234;195mmemory:  1.52GiB(9.84%)  [34mtps: 62  [36mtflops: 0.27  [35mmfu: 0.09%[39m
REPR 29 rank7 loss 3.11840343475341797e+00 gn 3.07812500000000000e+00
[titan] 2026-09-13 20:34:56,882 - root - INFO - [31mstep: 29  [32mloss:  3.11840  [38;2;180;60;0mgrad_norm:  3.0781  [38;2;54;234;195mmemory:  5.70GiB(36.85%)  [34mtps: 62  [36mtflops: 0.27  [35mmfu: 0.09%[39m
REPR 29 rank0 loss -1.00000000000000000e+00 gn 3.07812500000000000e+00
[titan] 2026-09-13 20:34:56,882 - root - INFO - [31mstep: 29  [32mloss: -1.00000  [38;2;180;60;0mgrad_norm:  3.0781  [38;2;54;234;195mmemory:  5.06GiB(32.69%)  [34mtps: 62  [36mtflops: 0.27  [35mmfu: 0.09%[39m
REPR 30 rank2 loss -1.00000000000000000e+00 gn 2.82812500000000000e+00
REPR 30 rank6 loss -1.00000000000000000e+00 gn 2.82812500000000000e+00
REPR 30 rank4 loss -1.00000000000000000e+00 gn 2.82812500000000000e+00
[titan] 2026-09-13 20:34:57,392 - root - INFO - [31mstep: 30  [32mloss: -1.00000  [38;2;180;60;0mgrad_norm:  2.8281  [38;2;54;234;195mmemory:  1.12GiB(7.21%)  [34mtps: 62  [36mtflops: 0.27  [35mmfu: 0.09%[39m
[titan] 2026-09-13 20:34:57,392 - root - INFO - [31mstep: 30  [32mloss: -1.00000  [38;2;180;60;0mgrad_norm:  2.8281  [38;2;54;234;195mmemory:  1.11GiB(7.18%)  [34mtps: 62  [36mtflops: 0.27  [35mmfu: 0.09%[39m
REPR 30 rank5 loss -1.00000000000000000e+00 gn 2.82812500000000000e+00
REPR 30 rank3 loss -1.00000000000000000e+00 gn 2.82812500000000000e+00
[titan] 2026-09-13 20:34:57,392 - root - INFO - [31mstep: 30  [32mloss: -1.00000  [38;2;180;60;0mgrad_norm:  2.8281  [38;2;54;234;195mmemory:  1.19GiB(7.69%)  [34mtps: 62  [36mtflops: 0.27  [35mmfu: 0.09%[39m
[titan] 2026-09-13 20:34:57,392 - root - INFO - [31mstep: 30  [32mloss: -1.00000  [38;2;180;60;0mgrad_norm:  2.8281  [38;2;54;234;195mmemory:  1.24GiB(8.00%)  [34mtps: 62  [36mtflops: 0.27  [35mmfu: 0.09%[39m
[titan] 2026-09-13 20:34:57,392 - root - INFO - [31mstep: 30  [32mloss: -1.00000  [38;2;180;60;0mgrad_norm:  2.8281  [38;2;54;234;195mmemory:  1.24GiB(8.00%)  [34mtps: 62  [36mtflops: 0.27  [35mmfu: 0.09%[39m
REPR 30 rank1 loss -1.00000000000000000e+00 gn 2.82812500000000000e+00
[titan] 2026-09-13 20:34:57,393 - root - INFO - [31mstep: 30  [32mloss: -1.00000  [38;2;180;60;0mgrad_norm:  2.8281  [38;2;54;234;195mmemory:  1.52GiB(9.84%)  [34mtps: 62  [36mtflops: 0.27  [35mmfu: 0.09%[39m
REPR 30 rank7 loss 3.37358236312866211e+00 gn 2.82812500000000000e+00
[titan] 2026-09-13 20:34:57,397 - root - INFO - [31mstep: 30  [32mloss:  3.37358  [38;2;180;60;0mgrad_norm:  2.8281  [38;2;54;234;195mmemory:  5.70GiB(36.85%)  [34mtps: 62  [36mtflops: 0.27  [35mmfu: 0.09%[39m
REPR 30 rank0 loss -1.00000000000000000e+00 gn 2.82812500000000000e+00
[titan] 2026-09-13 20:34:57,398 - root - INFO - [31mstep: 30  [32mloss: -1.00000  [38;2;180;60;0mgrad_norm:  2.8281  [38;2;54;234;195mmemory:  5.06GiB(32.69%)  [34mtps: 62  [36mtflops: 0.27  [35mmfu: 0.09%[39m
REPR 31 rank2 loss -1.00000000000000000e+00 gn 4.62500000000000000e+00
REPR 31 rank6 loss -1.00000000000000000e+00 gn 4.62500000000000000e+00
REPR 31 rank4 loss -1.00000000000000000e+00 gn 4.62500000000000000e+00
[titan] 2026-09-13 20:34:57,901 - root - INFO - [31mstep: 31  [32mloss: -1.00000  [38;2;180;60;0mgrad_norm:  4.6250  [38;2;54;234;195mmemory:  1.12GiB(7.21%)  [34mtps: 63  [36mtflops: 0.28  [35mmfu: 0.09%[39m
[titan] 2026-09-13 20:34:57,901 - root - INFO - [31mstep: 31  [32mloss: -1.00000  [38;2;180;60;0mgrad_norm:  4.6250  [38;2;54;234;195mmemory:  1.11GiB(7.18%)  [34mtps: 63  [36mtflops: 0.28  [35mmfu: 0.09%[39m
REPR 31 rank3 loss -1.00000000000000000e+00 gn 4.62500000000000000e+00
REPR 31 rank5 loss -1.00000000000000000e+00 gn 4.62500000000000000e+00
[titan] 2026-09-13 20:34:57,901 - root - INFO - [31mstep: 31  [32mloss: -1.00000  [38;2;180;60;0mgrad_norm:  4.6250  [38;2;54;234;195mmemory:  1.19GiB(7.69%)  [34mtps: 63  [36mtflops: 0.28  [35mmfu: 0.09%[39m
[titan] 2026-09-13 20:34:57,901 - root - INFO - [31mstep: 31  [32mloss: -1.00000  [38;2;180;60;0mgrad_norm:  4.6250  [38;2;54;234;195mmemory:  1.24GiB(8.00%)  [34mtps: 63  [36mtflops: 0.28  [35mmfu: 0.09%[39m
[titan] 2026-09-13 20:34:57,901 - root - INFO - [31mstep: 31  [32mloss: -1.00000  [38;2;180;60;0mgrad_norm:  4.6250  [38;2;54;234;195mmemory:  1.24GiB(8.00%)  [34mtps: 63  [36mtflops: 0.28  [35mmfu: 0.09%[39m
REPR 31 rank1 loss -1.00000000000000000e+00 gn 4.62500000000000000e+00
[titan] 2026-09-13 20:34:57,902 - root - INFO - [31mstep: 31  [32mloss: -1.00000  [38;2;180;60;0mgrad_norm:  4.6250  [38;2;54;234;195mmemory:  1.52GiB(9.84%)  [34mtps: 63  [36mtflops: 0.28  [35mmfu: 0.09%[39m
REPR 31 rank7 loss 3.56609249114990234e+00 gn 4.62500000000000000e+00
[titan] 2026-09-13 20:34:57,907 - root - INFO - [31mstep: 31  [32mloss:  3.56609  [38;2;180;60;0mgrad_norm:  4.6250  [38;2;54;234;195mmemory:  5.70GiB(36.85%)  [34mtps: 63  [36mtflops: 0.28  [35mmfu: 0.09%[39m
REPR 31 rank0 loss -1.00000000000000000e+00 gn 4.62500000000000000e+00
[titan] 2026-09-13 20:34:57,907 - root - INFO - [31mstep: 31  [32mloss: -1.00000  [38;2;180;60;0mgrad_norm:  4.6250  [38;2;54;234;195mmemory:  5.06GiB(32.69%)  [34mtps: 63  [36mtflops: 0.28  [35mmfu: 0.09%[39m
REPR 32 rank2 loss -1.00000000000000000e+00 gn 3.65625000000000000e+00REPR 32 rank6 loss -1.00000000000000000e+00 gn 3.65625000000000000e+00

REPR 32 rank4 loss -1.00000000000000000e+00 gn 3.65625000000000000e+00
[titan] 2026-09-13 20:34:58,414 - root - INFO - [31mstep: 32  [32mloss: -1.00000  [38;2;180;60;0mgrad_norm:  3.6562  [38;2;54;234;195mmemory:  1.12GiB(7.21%)  [34mtps: 62  [36mtflops: 0.28  [35mmfu: 0.09%[39m
[titan] 2026-09-13 20:34:58,414 - root - INFO - [31mstep: 32  [32mloss: -1.00000  [38;2;180;60;0mgrad_norm:  3.6562  [38;2;54;234;195mmemory:  1.11GiB(7.18%)  [34mtps: 62  [36mtflops: 0.28  [35mmfu: 0.09%[39m
REPR 32 rank3 loss -1.00000000000000000e+00 gn 3.65625000000000000e+00
REPR 32 rank5 loss -1.00000000000000000e+00 gn 3.65625000000000000e+00
[titan] 2026-09-13 20:34:58,414 - root - INFO - [31mstep: 32  [32mloss: -1.00000  [38;2;180;60;0mgrad_norm:  3.6562  [38;2;54;234;195mmemory:  1.19GiB(7.69%)  [34mtps: 62  [36mtflops: 0.28  [35mmfu: 0.09%[39m
[titan] 2026-09-13 20:34:58,415 - root - INFO - [31mstep: 32  [32mloss: -1.00000  [38;2;180;60;0mgrad_norm:  3.6562  [38;2;54;234;195mmemory:  1.24GiB(8.00%)  [34mtps: 62  [36mtflops: 0.28  [35mmfu: 0.09%[39m
[titan] 2026-09-13 20:34:58,415 - root - INFO - [31mstep: 32  [32mloss: -1.00000  [38;2;180;60;0mgrad_norm:  3.6562  [38;2;54;234;195mmemory:  1.24GiB(8.00%)  [34mtps: 62  [36mtflops: 0.28  [35mmfu: 0.09%[39m
REPR 32 rank1 loss -1.00000000000000000e+00 gn 3.65625000000000000e+00
[titan] 2026-09-13 20:34:58,415 - root - INFO - [31mstep: 32  [32mloss: -1.00000  [38;2;180;60;0mgrad_norm:  3.6562  [38;2;54;234;195mmemory:  1.52GiB(9.84%)  [34mtps: 62  [36mtflops: 0.28  [35mmfu: 0.09%[39m
REPR 32 rank7 loss 3.05864143371582031e+00 gn 3.65625000000000000e+00
[titan] 2026-09-13 20:34:58,420 - root - INFO - [31mstep: 32  [32mloss:  3.05864  [38;2;180;60;0mgrad_norm:  3.6562  [38;2;54;234;195mmemory:  5.70GiB(36.85%)  [34mtps: 62  [36mtflops: 0.28  [35mmfu: 0.09%[39m
REPR 32 rank0 loss -1.00000000000000000e+00 gn 3.65625000000000000e+00
[titan] 2026-09-13 20:34:58,420 - root - INFO - [31mstep: 32  [32mloss: -1.00000  [38;2;180;60;0mgrad_norm:  3.6562  [38;2;54;234;195mmemory:  5.06GiB(32.69%)  [34mtps: 62  [36mtflops: 0.28  [35mmfu: 0.09%[39m
REPR 33 rank2 loss -1.00000000000000000e+00 gn 3.14062500000000000e+00REPR 33 rank6 loss -1.00000000000000000e+00 gn 3.14062500000000000e+00

REPR 33 rank4 loss -1.00000000000000000e+00 gn 3.14062500000000000e+00
[titan] 2026-09-13 20:34:58,924 - root - INFO - [31mstep: 33  [32mloss: -1.00000  [38;2;180;60;0mgrad_norm:  3.1406  [38;2;54;234;195mmemory:  1.12GiB(7.21%)  [34mtps: 63  [36mtflops: 0.28  [35mmfu: 0.09%[39m
[titan] 2026-09-13 20:34:58,924 - root - INFO - [31mstep: 33  [32mloss: -1.00000  [38;2;180;60;0mgrad_norm:  3.1406  [38;2;54;234;195mmemory:  1.11GiB(7.18%)  [34mtps: 63  [36mtflops: 0.28  [35mmfu: 0.09%[39m
REPR 33 rank3 loss -1.00000000000000000e+00 gn 3.14062500000000000e+00
REPR 33 rank5 loss -1.00000000000000000e+00 gn 3.14062500000000000e+00
[titan] 2026-09-13 20:34:58,924 - root - INFO - [31mstep: 33  [32mloss: -1.00000  [38;2;180;60;0mgrad_norm:  3.1406  [38;2;54;234;195mmemory:  1.19GiB(7.69%)  [34mtps: 63  [36mtflops: 0.28  [35mmfu: 0.09%[39m
[titan] 2026-09-13 20:34:58,924 - root - INFO - [31mstep: 33  [32mloss: -1.00000  [38;2;180;60;0mgrad_norm:  3.1406  [38;2;54;234;195mmemory:  1.24GiB(8.00%)  [34mtps: 63  [36mtflops: 0.28  [35mmfu: 0.09%[39m
[titan] 2026-09-13 20:34:58,924 - root - INFO - [31mstep: 33  [32mloss: -1.00000  [38;2;180;60;0mgrad_norm:  3.1406  [38;2;54;234;195mmemory:  1.24GiB(8.00%)  [34mtps: 63  [36mtflops: 0.28  [35mmfu: 0.09%[39m
REPR 33 rank1 loss -1.00000000000000000e+00 gn 3.14062500000000000e+00
[titan] 2026-09-13 20:34:58,925 - root - INFO - [31mstep: 33  [32mloss: -1.00000  [38;2;180;60;0mgrad_norm:  3.1406  [38;2;54;234;195mmemory:  1.52GiB(9.84%)  [34mtps: 63  [36mtflops: 0.28  [35mmfu: 0.09%[39m
REPR 33 rank7 loss 2.94270634651184082e+00 gn 3.14062500000000000e+00
[titan] 2026-09-13 20:34:58,929 - root - INFO - [31mstep: 33  [32mloss:  2.94271  [38;2;180;60;0mgrad_norm:  3.1406  [38;2;54;234;195mmemory:  5.70GiB(36.85%)  [34mtps: 63  [36mtflops: 0.28  [35mmfu: 0.09%[39m
REPR 33 rank0 loss -1.00000000000000000e+00 gn 3.14062500000000000e+00
[titan] 2026-09-13 20:34:58,930 - root - INFO - [31mstep: 33  [32mloss: -1.00000  [38;2;180;60;0mgrad_norm:  3.1406  [38;2;54;234;195mmemory:  5.06GiB(32.69%)  [34mtps: 63  [36mtflops: 0.28  [35mmfu: 0.09%[39m
REPR 34 rank6 loss -1.00000000000000000e+00 gn 2.48437500000000000e+00REPR 34 rank2 loss -1.00000000000000000e+00 gn 2.48437500000000000e+00

REPR 34 rank4 loss -1.00000000000000000e+00 gn 2.48437500000000000e+00
[titan] 2026-09-13 20:34:59,450 - root - INFO - [31mstep: 34  [32mloss: -1.00000  [38;2;180;60;0mgrad_norm:  2.4844  [38;2;54;234;195mmemory:  1.11GiB(7.18%)  [34mtps: 61  [36mtflops: 0.27  [35mmfu: 0.09%[39m
[titan] 2026-09-13 20:34:59,450 - root - INFO - [31mstep: 34  [32mloss: -1.00000  [38;2;180;60;0mgrad_norm:  2.4844  [38;2;54;234;195mmemory:  1.12GiB(7.21%)  [34mtps: 61  [36mtflops: 0.27  [35mmfu: 0.09%[39m
REPR 34 rank3 loss -1.00000000000000000e+00 gn 2.48437500000000000e+00
REPR 34 rank5 loss -1.00000000000000000e+00 gn 2.48437500000000000e+00
[titan] 2026-09-13 20:34:59,450 - root - INFO - [31mstep: 34  [32mloss: -1.00000  [38;2;180;60;0mgrad_norm:  2.4844  [38;2;54;234;195mmemory:  1.19GiB(7.69%)  [34mtps: 61  [36mtflops: 0.27  [35mmfu: 0.09%[39m
[titan] 2026-09-13 20:34:59,451 - root - INFO - [31mstep: 34  [32mloss: -1.00000  [38;2;180;60;0mgrad_norm:  2.4844  [38;2;54;234;195mmemory:  1.24GiB(8.00%)  [34mtps: 61  [36mtflops: 0.27  [35mmfu: 0.09%[39m
[titan] 2026-09-13 20:34:59,451 - root - INFO - [31mstep: 34  [32mloss: -1.00000  [38;2;180;60;0mgrad_norm:  2.4844  [38;2;54;234;195mmemory:  1.24GiB(8.00%)  [34mtps: 61  [36mtflops: 0.27  [35mmfu: 0.09%[39m
REPR 34 rank1 loss -1.00000000000000000e+00 gn 2.48437500000000000e+00
[titan] 2026-09-13 20:34:59,451 - root - INFO - [31mstep: 34  [32mloss: -1.00000  [38;2;180;60;0mgrad_norm:  2.4844  [38;2;54;234;195mmemory:  1.52GiB(9.84%)  [34mtps: 61  [36mtflops: 0.27  [35mmfu: 0.09%[39m
REPR 34 rank7 loss 2.81037998199462891e+00 gn 2.48437500000000000e+00
[titan] 2026-09-13 20:34:59,456 - root - INFO - [31mstep: 34  [32mloss:  2.81038  [38;2;180;60;0mgrad_norm:  2.4844  [38;2;54;234;195mmemory:  5.70GiB(36.85%)  [34mtps: 61  [36mtflops: 0.27  [35mmfu: 0.09%[39m
REPR 34 rank0 loss -1.00000000000000000e+00 gn 2.48437500000000000e+00
[titan] 2026-09-13 20:34:59,456 - root - INFO - [31mstep: 34  [32mloss: -1.00000  [38;2;180;60;0mgrad_norm:  2.4844  [38;2;54;234;195mmemory:  5.06GiB(32.69%)  [34mtps: 61  [36mtflops: 0.27  [35mmfu: 0.09%[39m
REPR 35 rank2 loss -1.00000000000000000e+00 gn 3.07812500000000000e+00REPR 35 rank6 loss -1.00000000000000000e+00 gn 3.07812500000000000e+00

REPR 35 rank4 loss -1.00000000000000000e+00 gn 3.07812500000000000e+00
[titan] 2026-09-13 20:34:59,972 - root - INFO - [31mstep: 35  [32mloss: -1.00000  [38;2;180;60;0mgrad_norm:  3.0781  [38;2;54;234;195mmemory:  1.12GiB(7.21%)  [34mtps: 61  [36mtflops: 0.27  [35mmfu: 0.09%[39m
[titan] 2026-09-13 20:34:59,972 - root - INFO - [31mstep: 35  [32mloss: -1.00000  [38;2;180;60;0mgrad_norm:  3.0781  [38;2;54;234;195mmemory:  1.11GiB(7.18%)  [34mtps: 61  [36mtflops: 0.27  [35mmfu: 0.09%[39m
REPR 35 rank3 loss -1.00000000000000000e+00 gn 3.07812500000000000e+00
[titan] 2026-09-13 20:34:59,972 - root - INFO - [31mstep: 35  [32mloss: -1.00000  [38;2;180;60;0mgrad_norm:  3.0781  [38;2;54;234;195mmemory:  1.19GiB(7.69%)  [34mtps: 61  [36mtflops: 0.27  [35mmfu: 0.09%[39m
REPR 35 rank5 loss -1.00000000000000000e+00 gn 3.07812500000000000e+00
[titan] 2026-09-13 20:34:59,973 - root - INFO - [31mstep: 35  [32mloss: -1.00000  [38;2;180;60;0mgrad_norm:  3.0781  [38;2;54;234;195mmemory:  1.24GiB(8.00%)  [34mtps: 61  [36mtflops: 0.27  [35mmfu: 0.09%[39m
[titan] 2026-09-13 20:34:59,973 - root - INFO - [31mstep: 35  [32mloss: -1.00000  [38;2;180;60;0mgrad_norm:  3.0781  [38;2;54;234;195mmemory:  1.24GiB(8.00%)  [34mtps: 61  [36mtflops: 0.27  [35mmfu: 0.09%[39m
REPR 35 rank1 loss -1.00000000000000000e+00 gn 3.07812500000000000e+00
[titan] 2026-09-13 20:34:59,974 - root - INFO - [31mstep: 35  [32mloss: -1.00000  [38;2;180;60;0mgrad_norm:  3.0781  [38;2;54;234;195mmemory:  1.52GiB(9.84%)  [34mtps: 61  [36mtflops: 0.27  [35mmfu: 0.09%[39m
REPR 35 rank7 loss 3.16368961334228516e+00 gn 3.07812500000000000e+00
[titan] 2026-09-13 20:34:59,978 - root - INFO - [31mstep: 35  [32mloss:  3.16369  [38;2;180;60;0mgrad_norm:  3.0781  [38;2;54;234;195mmemory:  5.70GiB(36.85%)  [34mtps: 61  [36mtflops: 0.27  [35mmfu: 0.09%[39m
REPR 35 rank0 loss -1.00000000000000000e+00 gn 3.07812500000000000e+00
[titan] 2026-09-13 20:34:59,979 - root - INFO - [31mstep: 35  [32mloss: -1.00000  [38;2;180;60;0mgrad_norm:  3.0781  [38;2;54;234;195mmemory:  5.06GiB(32.69%)  [34mtps: 61  [36mtflops: 0.27  [35mmfu: 0.09%[39m
REPR 36 rank2 loss -1.00000000000000000e+00 gn 3.85937500000000000e+00REPR 36 rank6 loss -1.00000000000000000e+00 gn 3.85937500000000000e+00

[titan] 2026-09-13 20:35:00,493 - root - INFO - [31mstep: 36  [32mloss: -1.00000  [38;2;180;60;0mgrad_norm:  3.8594  [38;2;54;234;195mmemory:  1.12GiB(7.21%)  [34mtps: 61  [36mtflops: 0.27  [35mmfu: 0.09%[39m
[titan] 2026-09-13 20:35:00,493 - root - INFO - [31mstep: 36  [32mloss: -1.00000  [38;2;180;60;0mgrad_norm:  3.8594  [38;2;54;234;195mmemory:  1.11GiB(7.18%)  [34mtps: 61  [36mtflops: 0.27  [35mmfu: 0.09%[39m
REPR 36 rank4 loss -1.00000000000000000e+00 gn 3.85937500000000000e+00
REPR 36 rank3 loss -1.00000000000000000e+00 gn 3.85937500000000000e+00REPR 36 rank5 loss -1.00000000000000000e+00 gn 3.85937500000000000e+00

[titan] 2026-09-13 20:35:00,494 - root - INFO - [31mstep: 36  [32mloss: -1.00000  [38;2;180;60;0mgrad_norm:  3.8594  [38;2;54;234;195mmemory:  1.24GiB(8.00%)  [34mtps: 61  [36mtflops: 0.27  [35mmfu: 0.09%[39m
[titan] 2026-09-13 20:35:00,494 - root - INFO - [31mstep: 36  [32mloss: -1.00000  [38;2;180;60;0mgrad_norm:  3.8594  [38;2;54;234;195mmemory:  1.24GiB(8.00%)  [34mtps: 61  [36mtflops: 0.27  [35mmfu: 0.09%[39m
[titan] 2026-09-13 20:35:00,494 - root - INFO - [31mstep: 36  [32mloss: -1.00000  [38;2;180;60;0mgrad_norm:  3.8594  [38;2;54;234;195mmemory:  1.19GiB(7.69%)  [34mtps: 61  [36mtflops: 0.27  [35mmfu: 0.09%[39m
REPR 36 rank1 loss -1.00000000000000000e+00 gn 3.85937500000000000e+00
[titan] 2026-09-13 20:35:00,495 - root - INFO - [31mstep: 36  [32mloss: -1.00000  [38;2;180;60;0mgrad_norm:  3.8594  [38;2;54;234;195mmemory:  1.52GiB(9.84%)  [34mtps: 61  [36mtflops: 0.27  [35mmfu: 0.09%[39m
REPR 36 rank7 loss 2.97792053222656250e+00 gn 3.85937500000000000e+00
[titan] 2026-09-13 20:35:00,499 - root - INFO - [31mstep: 36  [32mloss:  2.97792  [38;2;180;60;0mgrad_norm:  3.8594  [38;2;54;234;195mmemory:  5.70GiB(36.85%)  [34mtps: 61  [36mtflops: 0.27  [35mmfu: 0.09%[39m
REPR 36 rank0 loss -1.00000000000000000e+00 gn 3.85937500000000000e+00
[titan] 2026-09-13 20:35:00,500 - root - INFO - [31mstep: 36  [32mloss: -1.00000  [38;2;180;60;0mgrad_norm:  3.8594  [38;2;54;234;195mmemory:  5.06GiB(32.69%)  [34mtps: 61  [36mtflops: 0.27  [35mmfu: 0.09%[39m
REPR 37 rank2 loss -1.00000000000000000e+00 gn 4.62500000000000000e+00REPR 37 rank6 loss -1.00000000000000000e+00 gn 4.62500000000000000e+00

[titan] 2026-09-13 20:35:01,016 - root - INFO - [31mstep: 37  [32mloss: -1.00000  [38;2;180;60;0mgrad_norm:  4.6250  [38;2;54;234;195mmemory:  1.12GiB(7.21%)  [34mtps: 61  [36mtflops: 0.27  [35mmfu: 0.09%[39m
[titan] 2026-09-13 20:35:01,016 - root - INFO - [31mstep: 37  [32mloss: -1.00000  [38;2;180;60;0mgrad_norm:  4.6250  [38;2;54;234;195mmemory:  1.11GiB(7.18%)  [34mtps: 61  [36mtflops: 0.27  [35mmfu: 0.09%[39m
REPR 37 rank4 loss -1.00000000000000000e+00 gn 4.62500000000000000e+00
REPR 37 rank3 loss -1.00000000000000000e+00 gn 4.62500000000000000e+00REPR 37 rank5 loss -1.00000000000000000e+00 gn 4.62500000000000000e+00

[titan] 2026-09-13 20:35:01,017 - root - INFO - [31mstep: 37  [32mloss: -1.00000  [38;2;180;60;0mgrad_norm:  4.6250  [38;2;54;234;195mmemory:  1.24GiB(8.00%)  [34mtps: 61  [36mtflops: 0.27  [35mmfu: 0.09%[39m
[titan] 2026-09-13 20:35:01,017 - root - INFO - [31mstep: 37  [32mloss: -1.00000  [38;2;180;60;0mgrad_norm:  4.6250  [38;2;54;234;195mmemory:  1.24GiB(8.00%)  [34mtps: 61  [36mtflops: 0.27  [35mmfu: 0.09%[39m
[titan] 2026-09-13 20:35:01,017 - root - INFO - [31mstep: 37  [32mloss: -1.00000  [38;2;180;60;0mgrad_norm:  4.6250  [38;2;54;234;195mmemory:  1.19GiB(7.69%)  [34mtps: 61  [36mtflops: 0.27  [35mmfu: 0.09%[39m
REPR 37 rank1 loss -1.00000000000000000e+00 gn 4.62500000000000000e+00
[titan] 2026-09-13 20:35:01,017 - root - INFO - [31mstep: 37  [32mloss: -1.00000  [38;2;180;60;0mgrad_norm:  4.6250  [38;2;54;234;195mmemory:  1.52GiB(9.84%)  [34mtps: 61  [36mtflops: 0.27  [35mmfu: 0.09%[39m
REPR 37 rank7 loss 3.34587955474853516e+00 gn 4.62500000000000000e+00
[titan] 2026-09-13 20:35:01,022 - root - INFO - [31mstep: 37  [32mloss:  3.34588  [38;2;180;60;0mgrad_norm:  4.6250  [38;2;54;234;195mmemory:  5.70GiB(36.85%)  [34mtps: 61  [36mtflops: 0.27  [35mmfu: 0.09%[39m
REPR 37 rank0 loss -1.00000000000000000e+00 gn 4.62500000000000000e+00
[titan] 2026-09-13 20:35:01,022 - root - INFO - [31mstep: 37  [32mloss: -1.00000  [38;2;180;60;0mgrad_norm:  4.6250  [38;2;54;234;195mmemory:  5.06GiB(32.69%)  [34mtps: 61  [36mtflops: 0.27  [35mmfu: 0.09%[39m
REPR 38 rank6 loss -1.00000000000000000e+00 gn 3.37500000000000000e+00
REPR 38 rank2 loss -1.00000000000000000e+00 gn 3.37500000000000000e+00
[titan] 2026-09-13 20:35:01,550 - root - INFO - [31mstep: 38  [32mloss: -1.00000  [38;2;180;60;0mgrad_norm:  3.3750  [38;2;54;234;195mmemory:  1.11GiB(7.18%)  [34mtps: 60  [36mtflops: 0.27  [35mmfu: 0.09%[39m
[titan] 2026-09-13 20:35:01,550 - root - INFO - [31mstep: 38  [32mloss: -1.00000  [38;2;180;60;0mgrad_norm:  3.3750  [38;2;54;234;195mmemory:  1.12GiB(7.21%)  [34mtps: 60  [36mtflops: 0.27  [35mmfu: 0.09%[39m
REPR 38 rank4 loss -1.00000000000000000e+00 gn 3.37500000000000000e+00
REPR 38 rank5 loss -1.00000000000000000e+00 gn 3.37500000000000000e+00
[titan] 2026-09-13 20:35:01,551 - root - INFO - [31mstep: 38  [32mloss: -1.00000  [38;2;180;60;0mgrad_norm:  3.3750  [38;2;54;234;195mmemory:  1.24GiB(8.00%)  [34mtps: 60  [36mtflops: 0.27  [35mmfu: 0.09%[39m
REPR 38 rank3 loss -1.00000000000000000e+00 gn 3.37500000000000000e+00
[titan] 2026-09-13 20:35:01,551 - root - INFO - [31mstep: 38  [32mloss: -1.00000  [38;2;180;60;0mgrad_norm:  3.3750  [38;2;54;234;195mmemory:  1.19GiB(7.69%)  [34mtps: 60  [36mtflops: 0.27  [35mmfu: 0.09%[39m
[titan] 2026-09-13 20:35:01,551 - root - INFO - [31mstep: 38  [32mloss: -1.00000  [38;2;180;60;0mgrad_norm:  3.3750  [38;2;54;234;195mmemory:  1.24GiB(8.00%)  [34mtps: 60  [36mtflops: 0.27  [35mmfu: 0.08%[39m
REPR 38 rank1 loss -1.00000000000000000e+00 gn 3.37500000000000000e+00
[titan] 2026-09-13 20:35:01,551 - root - INFO - [31mstep: 38  [32mloss: -1.00000  [38;2;180;60;0mgrad_norm:  3.3750  [38;2;54;234;195mmemory:  1.52GiB(9.84%)  [34mtps: 60  [36mtflops: 0.27  [35mmfu: 0.09%[39m
REPR 38 rank7 loss 3.16892433166503906e+00 gn 3.37500000000000000e+00
[titan] 2026-09-13 20:35:01,556 - root - INFO - [31mstep: 38  [32mloss:  3.16892  [38;2;180;60;0mgrad_norm:  3.3750  [38;2;54;234;195mmemory:  5.70GiB(36.85%)  [34mtps: 60  [36mtflops: 0.27  [35mmfu: 0.09%[39m
REPR 38 rank0 loss -1.00000000000000000e+00 gn 3.37500000000000000e+00
[titan] 2026-09-13 20:35:01,557 - root - INFO - [31mstep: 38  [32mloss: -1.00000  [38;2;180;60;0mgrad_norm:  3.3750  [38;2;54;234;195mmemory:  5.06GiB(32.69%)  [34mtps: 60  [36mtflops: 0.27  [35mmfu: 0.09%[39m
REPR 39 rank6 loss -1.00000000000000000e+00 gn 3.34375000000000000e+00
REPR 39 rank2 loss -1.00000000000000000e+00 gn 3.34375000000000000e+00
REPR 39 rank4 loss -1.00000000000000000e+00 gn 3.34375000000000000e+00
[titan] 2026-09-13 20:35:02,065 - root - INFO - [31mstep: 39  [32mloss: -1.00000  [38;2;180;60;0mgrad_norm:  3.3438  [38;2;54;234;195mmemory:  1.12GiB(7.21%)  [34mtps: 62  [36mtflops: 0.28  [35mmfu: 0.09%[39m
REPR 39 rank5 loss -1.00000000000000000e+00 gn 3.34375000000000000e+00[titan] 2026-09-13 20:35:02,065 - root - INFO - [31mstep: 39  [32mloss: -1.00000  [38;2;180;60;0mgrad_norm:  3.3438  [38;2;54;234;195mmemory:  1.11GiB(7.18%)  [34mtps: 62  [36mtflops: 0.28  [35mmfu: 0.09%[39m

REPR 39 rank3 loss -1.00000000000000000e+00 gn 3.34375000000000000e+00
[titan] 2026-09-13 20:35:02,065 - root - INFO - [31mstep: 39  [32mloss: -1.00000  [38;2;180;60;0mgrad_norm:  3.3438  [38;2;54;234;195mmemory:  1.19GiB(7.69%)  [34mtps: 62  [36mtflops: 0.28  [35mmfu: 0.09%[39m
[titan] 2026-09-13 20:35:02,065 - root - INFO - [31mstep: 39  [32mloss: -1.00000  [38;2;180;60;0mgrad_norm:  3.3438  [38;2;54;234;195mmemory:  1.24GiB(8.00%)  [34mtps: 62  [36mtflops: 0.28  [35mmfu: 0.09%[39m
[titan] 2026-09-13 20:35:02,065 - root - INFO - [31mstep: 39  [32mloss: -1.00000  [38;2;180;60;0mgrad_norm:  3.3438  [38;2;54;234;195mmemory:  1.24GiB(8.00%)  [34mtps: 62  [36mtflops: 0.28  [35mmfu: 0.09%[39m
REPR 39 rank1 loss -1.00000000000000000e+00 gn 3.34375000000000000e+00
[titan] 2026-09-13 20:35:02,066 - root - INFO - [31mstep: 39  [32mloss: -1.00000  [38;2;180;60;0mgrad_norm:  3.3438  [38;2;54;234;195mmemory:  1.52GiB(9.84%)  [34mtps: 62  [36mtflops: 0.28  [35mmfu: 0.09%[39m
REPR 39 rank7 loss 3.13395380973815918e+00 gn 3.34375000000000000e+00
[titan] 2026-09-13 20:35:02,070 - root - INFO - [31mstep: 39  [32mloss:  3.13395  [38;2;180;60;0mgrad_norm:  3.3438  [38;2;54;234;195mmemory:  5.70GiB(36.85%)  [34mtps: 62  [36mtflops: 0.28  [35mmfu: 0.09%[39m
REPR 39 rank0 loss -1.00000000000000000e+00 gn 3.34375000000000000e+00
[titan] 2026-09-13 20:35:02,071 - root - INFO - [31mstep: 39  [32mloss: -1.00000  [38;2;180;60;0mgrad_norm:  3.3438  [38;2;54;234;195mmemory:  5.06GiB(32.69%)  [34mtps: 62  [36mtflops: 0.28  [35mmfu: 0.09%[39m
REPR 40 rank2 loss -1.00000000000000000e+00 gn 3.34375000000000000e+00
REPR 40 rank6 loss -1.00000000000000000e+00 gn 3.34375000000000000e+00
REPR 40 rank4 loss -1.00000000000000000e+00 gn 3.34375000000000000e+00
[titan] 2026-09-13 20:35:02,585 - root - INFO - [31mstep: 40  [32mloss: -1.00000  [38;2;180;60;0mgrad_norm:  3.3438  [38;2;54;234;195mmemory:  1.11GiB(7.18%)  [34mtps: 62  [36mtflops: 0.27  [35mmfu: 0.09%[39m
[titan] 2026-09-13 20:35:02,585 - root - INFO - [31mstep: 40  [32mloss: -1.00000  [38;2;180;60;0mgrad_norm:  3.3438  [38;2;54;234;195mmemory:  1.12GiB(7.21%)  [34mtps: 62  [36mtflops: 0.27  [35mmfu: 0.09%[39m
REPR 40 rank3 loss -1.00000000000000000e+00 gn 3.34375000000000000e+00
[titan] 2026-09-13 20:35:02,585 - root - INFO - [31mstep: 40  [32mloss: -1.00000  [38;2;180;60;0mgrad_norm:  3.3438  [38;2;54;234;195mmemory:  1.19GiB(7.69%)  [34mtps: 62  [36mtflops: 0.27  [35mmfu: 0.09%[39m
REPR 40 rank5 loss -1.00000000000000000e+00 gn 3.34375000000000000e+00
[titan] 2026-09-13 20:35:02,585 - root - INFO - [31mstep: 40  [32mloss: -1.00000  [38;2;180;60;0mgrad_norm:  3.3438  [38;2;54;234;195mmemory:  1.24GiB(8.00%)  [34mtps: 62  [36mtflops: 0.27  [35mmfu: 0.09%[39m
[titan] 2026-09-13 20:35:02,585 - root - INFO - [31mstep: 40  [32mloss: -1.00000  [38;2;180;60;0mgrad_norm:  3.3438  [38;2;54;234;195mmemory:  1.24GiB(8.00%)  [34mtps: 62  [36mtflops: 0.27  [35mmfu: 0.09%[39m
REPR 40 rank1 loss -1.00000000000000000e+00 gn 3.34375000000000000e+00
[titan] 2026-09-13 20:35:02,586 - root - INFO - [31mstep: 40  [32mloss: -1.00000  [38;2;180;60;0mgrad_norm:  3.3438  [38;2;54;234;195mmemory:  1.52GiB(9.84%)  [34mtps: 62  [36mtflops: 0.27  [35mmfu: 0.09%[39m
REPR 40 rank7 loss 2.96798706054687500e+00 gn 3.34375000000000000e+00
[titan] 2026-09-13 20:35:02,590 - root - INFO - [31mstep: 40  [32mloss:  2.96799  [38;2;180;60;0mgrad_norm:  3.3438  [38;2;54;234;195mmemory:  5.70GiB(36.85%)  [34mtps: 62  [36mtflops: 0.27  [35mmfu: 0.09%[39m
REPR 40 rank0 loss -1.00000000000000000e+00 gn 3.34375000000000000e+00
[titan] 2026-09-13 20:35:02,591 - root - INFO - [31mstep: 40  [32mloss: -1.00000  [38;2;180;60;0mgrad_norm:  3.3438  [38;2;54;234;195mmemory:  5.06GiB(32.69%)  [34mtps: 62  [36mtflops: 0.27  [35mmfu: 0.09%[39m
REPR 41 rank4 loss -1.00000000000000000e+00 gn 3.51562500000000000e+00
REPR 41 rank2 loss -1.00000000000000000e+00 gn 3.51562500000000000e+00
REPR 41 rank6 loss -1.00000000000000000e+00 gn 3.51562500000000000e+00
REPR 41 rank3 loss -1.00000000000000000e+00 gn 3.51562500000000000e+00
[titan] 2026-09-13 20:35:03,102 - root - INFO - [31mstep: 41  [32mloss: -1.00000  [38;2;180;60;0mgrad_norm:  3.5156  [38;2;54;234;195mmemory:  1.19GiB(7.69%)  [34mtps: 62  [36mtflops: 0.27  [35mmfu: 0.09%[39m
REPR 41 rank5 loss -1.00000000000000000e+00 gn 3.51562500000000000e+00
[titan] 2026-09-13 20:35:03,102 - root - INFO - [31mstep: 41  [32mloss: -1.00000  [38;2;180;60;0mgrad_norm:  3.5156  [38;2;54;234;195mmemory:  1.12GiB(7.21%)  [34mtps: 62  [36mtflops: 0.27  [35mmfu: 0.09%[39m
[titan] 2026-09-13 20:35:03,102 - root - INFO - [31mstep: 41  [32mloss: -1.00000  [38;2;180;60;0mgrad_norm:  3.5156  [38;2;54;234;195mmemory:  1.11GiB(7.18%)  [34mtps: 62  [36mtflops: 0.27  [35mmfu: 0.09%[39m
[titan] 2026-09-13 20:35:03,103 - root - INFO - [31mstep: 41  [32mloss: -1.00000  [38;2;180;60;0mgrad_norm:  3.5156  [38;2;54;234;195mmemory:  1.24GiB(8.00%)  [34mtps: 62  [36mtflops: 0.27  [35mmfu: 0.09%[39m
[titan] 2026-09-13 20:35:03,103 - root - INFO - [31mstep: 41  [32mloss: -1.00000  [38;2;180;60;0mgrad_norm:  3.5156  [38;2;54;234;195mmemory:  1.24GiB(8.00%)  [34mtps: 62  [36mtflops: 0.27  [35mmfu: 0.09%[39m
REPR 41 rank1 loss -1.00000000000000000e+00 gn 3.51562500000000000e+00
[titan] 2026-09-13 20:35:03,103 - root - INFO - [31mstep: 41  [32mloss: -1.00000  [38;2;180;60;0mgrad_norm:  3.5156  [38;2;54;234;195mmemory:  1.52GiB(9.84%)  [34mtps: 62  [36mtflops: 0.27  [35mmfu: 0.09%[39m
REPR 41 rank7 loss 3.00797939300537109e+00 gn 3.51562500000000000e+00
[titan] 2026-09-13 20:35:03,108 - root - INFO - [31mstep: 41  [32mloss:  3.00798  [38;2;180;60;0mgrad_norm:  3.5156  [38;2;54;234;195mmemory:  5.70GiB(36.85%)  [34mtps: 62  [36mtflops: 0.27  [35mmfu: 0.09%[39m
REPR 41 rank0 loss -1.00000000000000000e+00 gn 3.51562500000000000e+00
[titan] 2026-09-13 20:35:03,109 - root - INFO - [31mstep: 41  [32mloss: -1.00000  [38;2;180;60;0mgrad_norm:  3.5156  [38;2;54;234;195mmemory:  5.06GiB(32.69%)  [34mtps: 62  [36mtflops: 0.27  [35mmfu: 0.09%[39m
REPR 42 rank2 loss -1.00000000000000000e+00 gn 2.46875000000000000e+00REPR 42 rank6 loss -1.00000000000000000e+00 gn 2.46875000000000000e+00

REPR 42 rank4 loss -1.00000000000000000e+00 gn 2.46875000000000000e+00
[titan] 2026-09-13 20:35:03,624 - root - INFO - [31mstep: 42  [32mloss: -1.00000  [38;2;180;60;0mgrad_norm:  2.4688  [38;2;54;234;195mmemory:  1.11GiB(7.18%)  [34mtps: 61  [36mtflops: 0.27  [35mmfu: 0.09%[39m
[titan] 2026-09-13 20:35:03,624 - root - INFO - [31mstep: 42  [32mloss: -1.00000  [38;2;180;60;0mgrad_norm:  2.4688  [38;2;54;234;195mmemory:  1.12GiB(7.21%)  [34mtps: 61  [36mtflops: 0.27  [35mmfu: 0.09%[39m
REPR 42 rank3 loss -1.00000000000000000e+00 gn 2.46875000000000000e+00REPR 42 rank5 loss -1.00000000000000000e+00 gn 2.46875000000000000e+00

[titan] 2026-09-13 20:35:03,624 - root - INFO - [31mstep: 42  [32mloss: -1.00000  [38;2;180;60;0mgrad_norm:  2.4688  [38;2;54;234;195mmemory:  1.19GiB(7.69%)  [34mtps: 61  [36mtflops: 0.27  [35mmfu: 0.09%[39m
[titan] 2026-09-13 20:35:03,624 - root - INFO - [31mstep: 42  [32mloss: -1.00000  [38;2;180;60;0mgrad_norm:  2.4688  [38;2;54;234;195mmemory:  1.24GiB(8.00%)  [34mtps: 61  [36mtflops: 0.27  [35mmfu: 0.09%[39m
[titan] 2026-09-13 20:35:03,624 - root - INFO - [31mstep: 42  [32mloss: -1.00000  [38;2;180;60;0mgrad_norm:  2.4688  [38;2;54;234;195mmemory:  1.24GiB(8.00%)  [34mtps: 61  [36mtflops: 0.27  [35mmfu: 0.09%[39m
REPR 42 rank1 loss -1.00000000000000000e+00 gn 2.46875000000000000e+00
[titan] 2026-09-13 20:35:03,625 - root - INFO - [31mstep: 42  [32mloss: -1.00000  [38;2;180;60;0mgrad_norm:  2.4688  [38;2;54;234;195mmemory:  1.52GiB(9.84%)  [34mtps: 61  [36mtflops: 0.27  [35mmfu: 0.09%[39m
REPR 42 rank7 loss 2.93469953536987305e+00 gn 2.46875000000000000e+00
[titan] 2026-09-13 20:35:03,629 - root - INFO - [31mstep: 42  [32mloss:  2.93470  [38;2;180;60;0mgrad_norm:  2.4688  [38;2;54;234;195mmemory:  5.70GiB(36.85%)  [34mtps: 61  [36mtflops: 0.27  [35mmfu: 0.09%[39m
REPR 42 rank0 loss -1.00000000000000000e+00 gn 2.46875000000000000e+00
[titan] 2026-09-13 20:35:03,630 - root - INFO - [31mstep: 42  [32mloss: -1.00000  [38;2;180;60;0mgrad_norm:  2.4688  [38;2;54;234;195mmemory:  5.06GiB(32.69%)  [34mtps: 61  [36mtflops: 0.27  [35mmfu: 0.09%[39m
REPR 43 rank2 loss -1.00000000000000000e+00 gn 4.53125000000000000e+00
REPR 43 rank6 loss -1.00000000000000000e+00 gn 4.53125000000000000e+00
REPR 43 rank4 loss -1.00000000000000000e+00 gn 4.53125000000000000e+00
[titan] 2026-09-13 20:35:04,137 - root - INFO - [31mstep: 43  [32mloss: -1.00000  [38;2;180;60;0mgrad_norm:  4.5312  [38;2;54;234;195mmemory:  1.12GiB(7.21%)  [34mtps: 62  [36mtflops: 0.28  [35mmfu: 0.09%[39m
[titan] 2026-09-13 20:35:04,137 - root - INFO - [31mstep: 43  [32mloss: -1.00000  [38;2;180;60;0mgrad_norm:  4.5312  [38;2;54;234;195mmemory:  1.11GiB(7.18%)  [34mtps: 62  [36mtflops: 0.28  [35mmfu: 0.09%[39m
REPR 43 rank5 loss -1.00000000000000000e+00 gn 4.53125000000000000e+00
REPR 43 rank3 loss -1.00000000000000000e+00 gn 4.53125000000000000e+00
[titan] 2026-09-13 20:35:04,138 - root - INFO - [31mstep: 43  [32mloss: -1.00000  [38;2;180;60;0mgrad_norm:  4.5312  [38;2;54;234;195mmemory:  1.19GiB(7.69%)  [34mtps: 62  [36mtflops: 0.28  [35mmfu: 0.09%[39m
[titan] 2026-09-13 20:35:04,138 - root - INFO - [31mstep: 43  [32mloss: -1.00000  [38;2;180;60;0mgrad_norm:  4.5312  [38;2;54;234;195mmemory:  1.24GiB(8.00%)  [34mtps: 62  [36mtflops: 0.28  [35mmfu: 0.09%[39m
[titan] 2026-09-13 20:35:04,138 - root - INFO - [31mstep: 43  [32mloss: -1.00000  [38;2;180;60;0mgrad_norm:  4.5312  [38;2;54;234;195mmemory:  1.24GiB(8.00%)  [34mtps: 62  [36mtflops: 0.28  [35mmfu: 0.09%[39m
REPR 43 rank1 loss -1.00000000000000000e+00 gn 4.53125000000000000e+00
[titan] 2026-09-13 20:35:04,139 - root - INFO - [31mstep: 43  [32mloss: -1.00000  [38;2;180;60;0mgrad_norm:  4.5312  [38;2;54;234;195mmemory:  1.52GiB(9.84%)  [34mtps: 62  [36mtflops: 0.28  [35mmfu: 0.09%[39m
REPR 43 rank7 loss 3.30000829696655273e+00 gn 4.53125000000000000e+00
[titan] 2026-09-13 20:35:04,143 - root - INFO - [31mstep: 43  [32mloss:  3.30001  [38;2;180;60;0mgrad_norm:  4.5312  [38;2;54;234;195mmemory:  5.70GiB(36.85%)  [34mtps: 62  [36mtflops: 0.28  [35mmfu: 0.09%[39m
REPR 43 rank0 loss -1.00000000000000000e+00 gn 4.53125000000000000e+00
[titan] 2026-09-13 20:35:04,144 - root - INFO - [31mstep: 43  [32mloss: -1.00000  [38;2;180;60;0mgrad_norm:  4.5312  [38;2;54;234;195mmemory:  5.06GiB(32.69%)  [34mtps: 62  [36mtflops: 0.28  [35mmfu: 0.09%[39m
REPR 44 rank2 loss -1.00000000000000000e+00 gn 2.28125000000000000e+00
REPR 44 rank6 loss -1.00000000000000000e+00 gn 2.28125000000000000e+00
REPR 44 rank4 loss -1.00000000000000000e+00 gn 2.28125000000000000e+00
[titan] 2026-09-13 20:35:04,665 - root - INFO - [31mstep: 44  [32mloss: -1.00000  [38;2;180;60;0mgrad_norm:  2.2812  [38;2;54;234;195mmemory:  1.12GiB(7.21%)  [34mtps: 61  [36mtflops: 0.27  [35mmfu: 0.09%[39m
[titan] 2026-09-13 20:35:04,665 - root - INFO - [31mstep: 44  [32mloss: -1.00000  [38;2;180;60;0mgrad_norm:  2.2812  [38;2;54;234;195mmemory:  1.11GiB(7.18%)  [34mtps: 61  [36mtflops: 0.27  [35mmfu: 0.09%[39m
REPR 44 rank5 loss -1.00000000000000000e+00 gn 2.28125000000000000e+00
REPR 44 rank3 loss -1.00000000000000000e+00 gn 2.28125000000000000e+00
[titan] 2026-09-13 20:35:04,665 - root - INFO - [31mstep: 44  [32mloss: -1.00000  [38;2;180;60;0mgrad_norm:  2.2812  [38;2;54;234;195mmemory:  1.19GiB(7.69%)  [34mtps: 61  [36mtflops: 0.27  [35mmfu: 0.09%[39m
[titan] 2026-09-13 20:35:04,665 - root - INFO - [31mstep: 44  [32mloss: -1.00000  [38;2;180;60;0mgrad_norm:  2.2812  [38;2;54;234;195mmemory:  1.24GiB(8.00%)  [34mtps: 61  [36mtflops: 0.27  [35mmfu: 0.09%[39m
[titan] 2026-09-13 20:35:04,665 - root - INFO - [31mstep: 44  [32mloss: -1.00000  [38;2;180;60;0mgrad_norm:  2.2812  [38;2;54;234;195mmemory:  1.24GiB(8.00%)  [34mtps: 61  [36mtflops: 0.27  [35mmfu: 0.09%[39m
REPR 44 rank1 loss -1.00000000000000000e+00 gn 2.28125000000000000e+00
[titan] 2026-09-13 20:35:04,666 - root - INFO - [31mstep: 44  [32mloss: -1.00000  [38;2;180;60;0mgrad_norm:  2.2812  [38;2;54;234;195mmemory:  1.52GiB(9.84%)  [34mtps: 61  [36mtflops: 0.27  [35mmfu: 0.09%[39m
REPR 44 rank7 loss 2.79948997497558594e+00 gn 2.28125000000000000e+00
[titan] 2026-09-13 20:35:04,670 - root - INFO - [31mstep: 44  [32mloss:  2.79949  [38;2;180;60;0mgrad_norm:  2.2812  [38;2;54;234;195mmemory:  5.70GiB(36.85%)  [34mtps: 61  [36mtflops: 0.27  [35mmfu: 0.09%[39m
REPR 44 rank0 loss -1.00000000000000000e+00 gn 2.28125000000000000e+00
[titan] 2026-09-13 20:35:04,671 - root - INFO - [31mstep: 44  [32mloss: -1.00000  [38;2;180;60;0mgrad_norm:  2.2812  [38;2;54;234;195mmemory:  5.06GiB(32.69%)  [34mtps: 61  [36mtflops: 0.27  [35mmfu: 0.09%[39m
REPR 45 rank2 loss -1.00000000000000000e+00 gn 3.07812500000000000e+00
REPR 45 rank6 loss -1.00000000000000000e+00 gn 3.07812500000000000e+00
REPR 45 rank4 loss -1.00000000000000000e+00 gn 3.07812500000000000e+00
[titan] 2026-09-13 20:35:05,184 - root - INFO - [31mstep: 45  [32mloss: -1.00000  [38;2;180;60;0mgrad_norm:  3.0781  [38;2;54;234;195mmemory:  1.12GiB(7.21%)  [34mtps: 62  [36mtflops: 0.27  [35mmfu: 0.09%[39m
[titan] 2026-09-13 20:35:05,184 - root - INFO - [31mstep: 45  [32mloss: -1.00000  [38;2;180;60;0mgrad_norm:  3.0781  [38;2;54;234;195mmemory:  1.11GiB(7.18%)  [34mtps: 62  [36mtflops: 0.27  [35mmfu: 0.09%[39m
REPR 45 rank3 loss -1.00000000000000000e+00 gn 3.07812500000000000e+00
REPR 45 rank5 loss -1.00000000000000000e+00 gn 3.07812500000000000e+00
[titan] 2026-09-13 20:35:05,184 - root - INFO - [31mstep: 45  [32mloss: -1.00000  [38;2;180;60;0mgrad_norm:  3.0781  [38;2;54;234;195mmemory:  1.19GiB(7.69%)  [34mtps: 62  [36mtflops: 0.27  [35mmfu: 0.09%[39m
[titan] 2026-09-13 20:35:05,185 - root - INFO - [31mstep: 45  [32mloss: -1.00000  [38;2;180;60;0mgrad_norm:  3.0781  [38;2;54;234;195mmemory:  1.24GiB(8.00%)  [34mtps: 62  [36mtflops: 0.27  [35mmfu: 0.09%[39m
[titan] 2026-09-13 20:35:05,185 - root - INFO - [31mstep: 45  [32mloss: -1.00000  [38;2;180;60;0mgrad_norm:  3.0781  [38;2;54;234;195mmemory:  1.24GiB(8.00%)  [34mtps: 62  [36mtflops: 0.27  [35mmfu: 0.09%[39m
REPR 45 rank1 loss -1.00000000000000000e+00 gn 3.07812500000000000e+00
[titan] 2026-09-13 20:35:05,186 - root - INFO - [31mstep: 45  [32mloss: -1.00000  [38;2;180;60;0mgrad_norm:  3.0781  [38;2;54;234;195mmemory:  1.52GiB(9.84%)  [34mtps: 62  [36mtflops: 0.27  [35mmfu: 0.09%[39m
REPR 45 rank7 loss 2.93204927444458008e+00 gn 3.07812500000000000e+00
[titan] 2026-09-13 20:35:05,190 - root - INFO - [31mstep: 45  [32mloss:  2.93205  [38;2;180;60;0mgrad_norm:  3.0781  [38;2;54;234;195mmemory:  5.70GiB(36.85%)  [34mtps: 62  [36mtflops: 0.27  [35mmfu: 0.09%[39m
REPR 45 rank0 loss -1.00000000000000000e+00 gn 3.07812500000000000e+00
[titan] 2026-09-13 20:35:05,191 - root - INFO - [31mstep: 45  [32mloss: -1.00000  [38;2;180;60;0mgrad_norm:  3.0781  [38;2;54;234;195mmemory:  5.06GiB(32.69%)  [34mtps: 62  [36mtflops: 0.27  [35mmfu: 0.09%[39m
REPR 46 rank2 loss -1.00000000000000000e+00 gn 3.09375000000000000e+00
REPR 46 rank6 loss -1.00000000000000000e+00 gn 3.09375000000000000e+00
REPR 46 rank4 loss -1.00000000000000000e+00 gn 3.09375000000000000e+00
[titan] 2026-09-13 20:35:05,707 - root - INFO - [31mstep: 46  [32mloss: -1.00000  [38;2;180;60;0mgrad_norm:  3.0938  [38;2;54;234;195mmemory:  1.12GiB(7.21%)  [34mtps: 61  [36mtflops: 0.27  [35mmfu: 0.09%[39m
[titan] 2026-09-13 20:35:05,707 - root - INFO - [31mstep: 46  [32mloss: -1.00000  [38;2;180;60;0mgrad_norm:  3.0938  [38;2;54;234;195mmemory:  1.11GiB(7.18%)  [34mtps: 61  [36mtflops: 0.27  [35mmfu: 0.09%[39m
REPR 46 rank5 loss -1.00000000000000000e+00 gn 3.09375000000000000e+00
REPR 46 rank3 loss -1.00000000000000000e+00 gn 3.09375000000000000e+00
[titan] 2026-09-13 20:35:05,707 - root - INFO - [31mstep: 46  [32mloss: -1.00000  [38;2;180;60;0mgrad_norm:  3.0938  [38;2;54;234;195mmemory:  1.19GiB(7.69%)  [34mtps: 61  [36mtflops: 0.27  [35mmfu: 0.09%[39m
[titan] 2026-09-13 20:35:05,707 - root - INFO - [31mstep: 46  [32mloss: -1.00000  [38;2;180;60;0mgrad_norm:  3.0938  [38;2;54;234;195mmemory:  1.24GiB(8.00%)  [34mtps: 61  [36mtflops: 0.27  [35mmfu: 0.09%[39m
[titan] 2026-09-13 20:35:05,707 - root - INFO - [31mstep: 46  [32mloss: -1.00000  [38;2;180;60;0mgrad_norm:  3.0938  [38;2;54;234;195mmemory:  1.24GiB(8.00%)  [34mtps: 61  [36mtflops: 0.27  [35mmfu: 0.09%[39m
REPR 46 rank1 loss -1.00000000000000000e+00 gn 3.09375000000000000e+00
[titan] 2026-09-13 20:35:05,708 - root - INFO - [31mstep: 46  [32mloss: -1.00000  [38;2;180;60;0mgrad_norm:  3.0938  [38;2;54;234;195mmemory:  1.52GiB(9.84%)  [34mtps: 61  [36mtflops: 0.27  [35mmfu: 0.09%[39m
REPR 46 rank7 loss 2.99606561660766602e+00 gn 3.09375000000000000e+00
[titan] 2026-09-13 20:35:05,712 - root - INFO - [31mstep: 46  [32mloss:  2.99607  [38;2;180;60;0mgrad_norm:  3.0938  [38;2;54;234;195mmemory:  5.70GiB(36.85%)  [34mtps: 61  [36mtflops: 0.27  [35mmfu: 0.09%[39m
REPR 46 rank0 loss -1.00000000000000000e+00 gn 3.09375000000000000e+00
[titan] 2026-09-13 20:35:05,713 - root - INFO - [31mstep: 46  [32mloss: -1.00000  [38;2;180;60;0mgrad_norm:  3.0938  [38;2;54;234;195mmemory:  5.06GiB(32.69%)  [34mtps: 61  [36mtflops: 0.27  [35mmfu: 0.09%[39m
REPR 47 rank2 loss -1.00000000000000000e+00 gn 3.15625000000000000e+00REPR 47 rank6 loss -1.00000000000000000e+00 gn 3.15625000000000000e+00

REPR 47 rank4 loss -1.00000000000000000e+00 gn 3.15625000000000000e+00
[titan] 2026-09-13 20:35:06,221 - root - INFO - [31mstep: 47  [32mloss: -1.00000  [38;2;180;60;0mgrad_norm:  3.1562  [38;2;54;234;195mmemory:  1.12GiB(7.21%)  [34mtps: 62  [36mtflops: 0.28  [35mmfu: 0.09%[39m
[titan] 2026-09-13 20:35:06,221 - root - INFO - [31mstep: 47  [32mloss: -1.00000  [38;2;180;60;0mgrad_norm:  3.1562  [38;2;54;234;195mmemory:  1.11GiB(7.18%)  [34mtps: 62  [36mtflops: 0.28  [35mmfu: 0.09%[39m
REPR 47 rank5 loss -1.00000000000000000e+00 gn 3.15625000000000000e+00
[titan] 2026-09-13 20:35:06,222 - root - INFO - [31mstep: 47  [32mloss: -1.00000  [38;2;180;60;0mgrad_norm:  3.1562  [38;2;54;234;195mmemory:  1.19GiB(7.69%)  [34mtps: 62  [36mtflops: 0.28  [35mmfu: 0.09%[39m
REPR 47 rank3 loss -1.00000000000000000e+00 gn 3.15625000000000000e+00
[titan] 2026-09-13 20:35:06,222 - root - INFO - [31mstep: 47  [32mloss: -1.00000  [38;2;180;60;0mgrad_norm:  3.1562  [38;2;54;234;195mmemory:  1.24GiB(8.00%)  [34mtps: 62  [36mtflops: 0.28  [35mmfu: 0.09%[39m
[titan] 2026-09-13 20:35:06,222 - root - INFO - [31mstep: 47  [32mloss: -1.00000  [38;2;180;60;0mgrad_norm:  3.1562  [38;2;54;234;195mmemory:  1.24GiB(8.00%)  [34mtps: 62  [36mtflops: 0.28  [35mmfu: 0.09%[39m
REPR 47 rank1 loss -1.00000000000000000e+00 gn 3.15625000000000000e+00
[titan] 2026-09-13 20:35:06,223 - root - INFO - [31mstep: 47  [32mloss: -1.00000  [38;2;180;60;0mgrad_norm:  3.1562  [38;2;54;234;195mmemory:  1.52GiB(9.84%)  [34mtps: 62  [36mtflops: 0.28  [35mmfu: 0.09%[39m
REPR 47 rank7 loss 3.09644484519958496e+00 gn 3.15625000000000000e+00
[titan] 2026-09-13 20:35:06,227 - root - INFO - [31mstep: 47  [32mloss:  3.09644  [38;2;180;60;0mgrad_norm:  3.1562  [38;2;54;234;195mmemory:  5.70GiB(36.85%)  [34mtps: 62  [36mtflops: 0.28  [35mmfu: 0.09%[39m
REPR 47 rank0 loss -1.00000000000000000e+00 gn 3.15625000000000000e+00
[titan] 2026-09-13 20:35:06,228 - root - INFO - [31mstep: 47  [32mloss: -1.00000  [38;2;180;60;0mgrad_norm:  3.1562  [38;2;54;234;195mmemory:  5.06GiB(32.69%)  [34mtps: 62  [36mtflops: 0.28  [35mmfu: 0.09%[39m
REPR 48 rank2 loss -1.00000000000000000e+00 gn 3.92187500000000000e+00
REPR 48 rank6 loss -1.00000000000000000e+00 gn 3.92187500000000000e+00
REPR 48 rank4 loss -1.00000000000000000e+00 gn 3.92187500000000000e+00
[titan] 2026-09-13 20:35:06,734 - root - INFO - [31mstep: 48  [32mloss: -1.00000  [38;2;180;60;0mgrad_norm:  3.9219  [38;2;54;234;195mmemory:  1.12GiB(7.21%)  [34mtps: 62  [36mtflops: 0.28  [35mmfu: 0.09%[39m
[titan] 2026-09-13 20:35:06,734 - root - INFO - [31mstep: 48  [32mloss: -1.00000  [38;2;180;60;0mgrad_norm:  3.9219  [38;2;54;234;195mmemory:  1.11GiB(7.18%)  [34mtps: 62  [36mtflops: 0.28  [35mmfu: 0.09%[39m
REPR 48 rank3 loss -1.00000000000000000e+00 gn 3.92187500000000000e+00
REPR 48 rank5 loss -1.00000000000000000e+00 gn 3.92187500000000000e+00
[titan] 2026-09-13 20:35:06,734 - root - INFO - [31mstep: 48  [32mloss: -1.00000  [38;2;180;60;0mgrad_norm:  3.9219  [38;2;54;234;195mmemory:  1.19GiB(7.69%)  [34mtps: 62  [36mtflops: 0.28  [35mmfu: 0.09%[39m
[titan] 2026-09-13 20:35:06,735 - root - INFO - [31mstep: 48  [32mloss: -1.00000  [38;2;180;60;0mgrad_norm:  3.9219  [38;2;54;234;195mmemory:  1.24GiB(8.00%)  [34mtps: 62  [36mtflops: 0.28  [35mmfu: 0.09%[39m
[titan] 2026-09-13 20:35:06,735 - root - INFO - [31mstep: 48  [32mloss: -1.00000  [38;2;180;60;0mgrad_norm:  3.9219  [38;2;54;234;195mmemory:  1.24GiB(8.00%)  [34mtps: 62  [36mtflops: 0.28  [35mmfu: 0.09%[39m
REPR 48 rank1 loss -1.00000000000000000e+00 gn 3.92187500000000000e+00
[titan] 2026-09-13 20:35:06,735 - root - INFO - [31mstep: 48  [32mloss: -1.00000  [38;2;180;60;0mgrad_norm:  3.9219  [38;2;54;234;195mmemory:  1.52GiB(9.84%)  [34mtps: 62  [36mtflops: 0.28  [35mmfu: 0.09%[39m
REPR 48 rank7 loss 3.41974544525146484e+00 gn 3.92187500000000000e+00
[titan] 2026-09-13 20:35:06,740 - root - INFO - [31mstep: 48  [32mloss:  3.41975  [38;2;180;60;0mgrad_norm:  3.9219  [38;2;54;234;195mmemory:  5.70GiB(36.85%)  [34mtps: 62  [36mtflops: 0.28  [35mmfu: 0.09%[39m
REPR 48 rank0 loss -1.00000000000000000e+00 gn 3.92187500000000000e+00
[titan] 2026-09-13 20:35:06,741 - root - INFO - [31mstep: 48  [32mloss: -1.00000  [38;2;180;60;0mgrad_norm:  3.9219  [38;2;54;234;195mmemory:  5.06GiB(32.69%)  [34mtps: 62  [36mtflops: 0.28  [35mmfu: 0.09%[39m
REPR 49 rank2 loss -1.00000000000000000e+00 gn 2.73437500000000000e+00
REPR 49 rank6 loss -1.00000000000000000e+00 gn 2.73437500000000000e+00
REPR 49 rank4 loss -1.00000000000000000e+00 gn 2.73437500000000000e+00
[titan] 2026-09-13 20:35:07,273 - root - INFO - [31mstep: 49  [32mloss: -1.00000  [38;2;180;60;0mgrad_norm:  2.7344  [38;2;54;234;195mmemory:  1.11GiB(7.18%)  [34mtps: 59  [36mtflops: 0.26  [35mmfu: 0.08%[39m
[titan] 2026-09-13 20:35:07,273 - root - INFO - [31mstep: 49  [32mloss: -1.00000  [38;2;180;60;0mgrad_norm:  2.7344  [38;2;54;234;195mmemory:  1.12GiB(7.21%)  [34mtps: 59  [36mtflops: 0.26  [35mmfu: 0.08%[39m
REPR 49 rank3 loss -1.00000000000000000e+00 gn 2.73437500000000000e+00
REPR 49 rank5 loss -1.00000000000000000e+00 gn 2.73437500000000000e+00
[titan] 2026-09-13 20:35:07,273 - root - INFO - [31mstep: 49  [32mloss: -1.00000  [38;2;180;60;0mgrad_norm:  2.7344  [38;2;54;234;195mmemory:  1.19GiB(7.69%)  [34mtps: 59  [36mtflops: 0.26  [35mmfu: 0.08%[39m
[titan] 2026-09-13 20:35:07,274 - root - INFO - [31mstep: 49  [32mloss: -1.00000  [38;2;180;60;0mgrad_norm:  2.7344  [38;2;54;234;195mmemory:  1.24GiB(8.00%)  [34mtps: 59  [36mtflops: 0.26  [35mmfu: 0.08%[39m
[titan] 2026-09-13 20:35:07,274 - root - INFO - [31mstep: 49  [32mloss: -1.00000  [38;2;180;60;0mgrad_norm:  2.7344  [38;2;54;234;195mmemory:  1.24GiB(8.00%)  [34mtps: 59  [36mtflops: 0.26  [35mmfu: 0.08%[39m
REPR 49 rank1 loss -1.00000000000000000e+00 gn 2.73437500000000000e+00
[titan] 2026-09-13 20:35:07,274 - root - INFO - [31mstep: 49  [32mloss: -1.00000  [38;2;180;60;0mgrad_norm:  2.7344  [38;2;54;234;195mmemory:  1.52GiB(9.84%)  [34mtps: 59  [36mtflops: 0.26  [35mmfu: 0.08%[39m
REPR 49 rank7 loss 2.92208170890808105e+00 gn 2.73437500000000000e+00
[titan] 2026-09-13 20:35:07,279 - root - INFO - [31mstep: 49  [32mloss:  2.92208  [38;2;180;60;0mgrad_norm:  2.7344  [38;2;54;234;195mmemory:  5.70GiB(36.85%)  [34mtps: 59  [36mtflops: 0.26  [35mmfu: 0.08%[39m
REPR 49 rank0 loss -1.00000000000000000e+00 gn 2.73437500000000000e+00
[titan] 2026-09-13 20:35:07,280 - root - INFO - [31mstep: 49  [32mloss: -1.00000  [38;2;180;60;0mgrad_norm:  2.7344  [38;2;54;234;195mmemory:  5.06GiB(32.69%)  [34mtps: 59  [36mtflops: 0.26  [35mmfu: 0.08%[39m
[titan] 2026-09-13 20:35:07,311 - root - INFO - [GC] Performing periodic GC collection took 0.03 seconds
[titan] 2026-09-13 20:35:07,312 - root - INFO - [GC] Performing periodic GC collection took 0.03 seconds
[titan] 2026-09-13 20:35:07,315 - root - INFO - [GC] Performing periodic GC collection took 0.04 seconds
[titan] 2026-09-13 20:35:07,317 - root - INFO - [GC] Performing periodic GC collection took 0.04 seconds
[titan] 2026-09-13 20:35:07,320 - root - INFO - [GC] Performing periodic GC collection took 0.05 seconds
[titan] 2026-09-13 20:35:07,322 - root - INFO - [GC] Performing periodic GC collection took 0.05 seconds
[titan] 2026-09-13 20:35:07,325 - root - INFO - [GC] Performing periodic GC collection took 0.05 seconds
[titan] 2026-09-13 20:35:07,346 - root - INFO - [GC] Performing periodic GC collection took 0.07 seconds
REPR 50 rank2 loss -1.00000000000000000e+00 gn 2.93750000000000000e+00
REPR 50 rank6 loss -1.00000000000000000e+00 gn 2.93750000000000000e+00
REPR 50 rank4 loss -1.00000000000000000e+00 gn 2.93750000000000000e+00
[titan] 2026-09-13 20:35:07,842 - root - INFO - [31mstep: 50  [32mloss: -1.00000  [38;2;180;60;0mgrad_norm:  2.9375  [38;2;54;234;195mmemory:  1.12GiB(7.21%)  [34mtps: 56  [36mtflops: 0.25  [35mmfu: 0.08%[39m
[titan] 2026-09-13 20:35:07,842 - root - INFO - [31mstep: 50  [32mloss: -1.00000  [38;2;180;60;0mgrad_norm:  2.9375  [38;2;54;234;195mmemory:  1.11GiB(7.18%)  [34mtps: 56  [36mtflops: 0.25  [35mmfu: 0.08%[39m
REPR 50 rank5 loss -1.00000000000000000e+00 gn 2.93750000000000000e+00
REPR 50 rank3 loss -1.00000000000000000e+00 gn 2.93750000000000000e+00
[titan] 2026-09-13 20:35:07,842 - root - INFO - [31mstep: 50  [32mloss: -1.00000  [38;2;180;60;0mgrad_norm:  2.9375  [38;2;54;234;195mmemory:  1.19GiB(7.69%)  [34mtps: 56  [36mtflops: 0.25  [35mmfu: 0.08%[39m
[titan] 2026-09-13 20:35:07,842 - root - INFO - [31mstep: 50  [32mloss: -1.00000  [38;2;180;60;0mgrad_norm:  2.9375  [38;2;54;234;195mmemory:  1.24GiB(8.00%)  [34mtps: 56  [36mtflops: 0.25  [35mmfu: 0.08%[39m
[titan] 2026-09-13 20:35:07,843 - root - INFO - [31mstep: 50  [32mloss: -1.00000  [38;2;180;60;0mgrad_norm:  2.9375  [38;2;54;234;195mmemory:  1.24GiB(8.00%)  [34mtps: 56  [36mtflops: 0.25  [35mmfu: 0.08%[39m
REPR 50 rank1 loss -1.00000000000000000e+00 gn 2.93750000000000000e+00
[titan] 2026-09-13 20:35:07,843 - root - INFO - [31mstep: 50  [32mloss: -1.00000  [38;2;180;60;0mgrad_norm:  2.9375  [38;2;54;234;195mmemory:  1.52GiB(9.84%)  [34mtps: 56  [36mtflops: 0.25  [35mmfu: 0.08%[39m
REPR 50 rank7 loss 3.05335021018981934e+00 gn 2.93750000000000000e+00
[titan] 2026-09-13 20:35:07,848 - root - INFO - [31mstep: 50  [32mloss:  3.05335  [38;2;180;60;0mgrad_norm:  2.9375  [38;2;54;234;195mmemory:  5.70GiB(36.85%)  [34mtps: 56  [36mtflops: 0.25  [35mmfu: 0.08%[39m
REPR 50 rank0 loss -1.00000000000000000e+00 gn 2.93750000000000000e+00
[titan] 2026-09-13 20:35:07,848 - root - INFO - [31mstep: 50  [32mloss: -1.00000  [38;2;180;60;0mgrad_norm:  2.9375  [38;2;54;234;195mmemory:  5.06GiB(32.69%)  [34mtps: 56  [36mtflops: 0.25  [35mmfu: 0.08%[39m
REPR 51 rank2 loss -1.00000000000000000e+00 gn 2.60937500000000000e+00
REPR 51 rank6 loss -1.00000000000000000e+00 gn 2.60937500000000000e+00
REPR 51 rank4 loss -1.00000000000000000e+00 gn 2.60937500000000000e+00
[titan] 2026-09-13 20:35:08,352 - root - INFO - [31mstep: 51  [32mloss: -1.00000  [38;2;180;60;0mgrad_norm:  2.6094  [38;2;54;234;195mmemory:  1.12GiB(7.21%)  [34mtps: 63  [36mtflops: 0.28  [35mmfu: 0.09%[39m
[titan] 2026-09-13 20:35:08,352 - root - INFO - [31mstep: 51  [32mloss: -1.00000  [38;2;180;60;0mgrad_norm:  2.6094  [38;2;54;234;195mmemory:  1.11GiB(7.18%)  [34mtps: 63  [36mtflops: 0.28  [35mmfu: 0.09%[39m
REPR 51 rank3 loss -1.00000000000000000e+00 gn 2.60937500000000000e+00
REPR 51 rank5 loss -1.00000000000000000e+00 gn 2.60937500000000000e+00
[titan] 2026-09-13 20:35:08,352 - root - INFO - [31mstep: 51  [32mloss: -1.00000  [38;2;180;60;0mgrad_norm:  2.6094  [38;2;54;234;195mmemory:  1.19GiB(7.69%)  [34mtps: 63  [36mtflops: 0.28  [35mmfu: 0.09%[39m
[titan] 2026-09-13 20:35:08,352 - root - INFO - [31mstep: 51  [32mloss: -1.00000  [38;2;180;60;0mgrad_norm:  2.6094  [38;2;54;234;195mmemory:  1.24GiB(8.00%)  [34mtps: 63  [36mtflops: 0.28  [35mmfu: 0.09%[39m
[titan] 2026-09-13 20:35:08,352 - root - INFO - [31mstep: 51  [32mloss: -1.00000  [38;2;180;60;0mgrad_norm:  2.6094  [38;2;54;234;195mmemory:  1.24GiB(8.00%)  [34mtps: 63  [36mtflops: 0.28  [35mmfu: 0.09%[39m
REPR 51 rank1 loss -1.00000000000000000e+00 gn 2.60937500000000000e+00
[titan] 2026-09-13 20:35:08,353 - root - INFO - [31mstep: 51  [32mloss: -1.00000  [38;2;180;60;0mgrad_norm:  2.6094  [38;2;54;234;195mmemory:  1.52GiB(9.84%)  [34mtps: 63  [36mtflops: 0.28  [35mmfu: 0.09%[39m
REPR 51 rank7 loss 2.96449208259582520e+00 gn 2.60937500000000000e+00
[titan] 2026-09-13 20:35:08,357 - root - INFO - [31mstep: 51  [32mloss:  2.96449  [38;2;180;60;0mgrad_norm:  2.6094  [38;2;54;234;195mmemory:  5.70GiB(36.85%)  [34mtps: 63  [36mtflops: 0.28  [35mmfu: 0.09%[39m
REPR 51 rank0 loss -1.00000000000000000e+00 gn 2.60937500000000000e+00
[titan] 2026-09-13 20:35:08,358 - root - INFO - [31mstep: 51  [32mloss: -1.00000  [38;2;180;60;0mgrad_norm:  2.6094  [38;2;54;234;195mmemory:  5.06GiB(32.69%)  [34mtps: 63  [36mtflops: 0.28  [35mmfu: 0.09%[39m
REPR 52 rank2 loss -1.00000000000000000e+00 gn 6.96875000000000000e+00
REPR 52 rank6 loss -1.00000000000000000e+00 gn 6.96875000000000000e+00
REPR 52 rank4 loss -1.00000000000000000e+00 gn 6.96875000000000000e+00
[titan] 2026-09-13 20:35:08,866 - root - INFO - [31mstep: 52  [32mloss: -1.00000  [38;2;180;60;0mgrad_norm:  6.9688  [38;2;54;234;195mmemory:  1.12GiB(7.21%)  [34mtps: 62  [36mtflops: 0.28  [35mmfu: 0.09%[39m
[titan] 2026-09-13 20:35:08,866 - root - INFO - [31mstep: 52  [32mloss: -1.00000  [38;2;180;60;0mgrad_norm:  6.9688  [38;2;54;234;195mmemory:  1.11GiB(7.18%)  [34mtps: 62  [36mtflops: 0.28  [35mmfu: 0.09%[39m
REPR 52 rank5 loss -1.00000000000000000e+00 gn 6.96875000000000000e+00REPR 52 rank3 loss -1.00000000000000000e+00 gn 6.96875000000000000e+00

[titan] 2026-09-13 20:35:08,867 - root - INFO - [31mstep: 52  [32mloss: -1.00000  [38;2;180;60;0mgrad_norm:  6.9688  [38;2;54;234;195mmemory:  1.19GiB(7.69%)  [34mtps: 62  [36mtflops: 0.28  [35mmfu: 0.09%[39m
[titan] 2026-09-13 20:35:08,867 - root - INFO - [31mstep: 52  [32mloss: -1.00000  [38;2;180;60;0mgrad_norm:  6.9688  [38;2;54;234;195mmemory:  1.24GiB(8.00%)  [34mtps: 62  [36mtflops: 0.28  [35mmfu: 0.09%[39m
[titan] 2026-09-13 20:35:08,867 - root - INFO - [31mstep: 52  [32mloss: -1.00000  [38;2;180;60;0mgrad_norm:  6.9688  [38;2;54;234;195mmemory:  1.24GiB(8.00%)  [34mtps: 62  [36mtflops: 0.28  [35mmfu: 0.09%[39m
REPR 52 rank1 loss -1.00000000000000000e+00 gn 6.96875000000000000e+00
[titan] 2026-09-13 20:35:08,868 - root - INFO - [31mstep: 52  [32mloss: -1.00000  [38;2;180;60;0mgrad_norm:  6.9688  [38;2;54;234;195mmemory:  1.52GiB(9.84%)  [34mtps: 62  [36mtflops: 0.28  [35mmfu: 0.09%[39m
REPR 52 rank7 loss 2.98142910003662109e+00 gn 6.96875000000000000e+00
[titan] 2026-09-13 20:35:08,872 - root - INFO - [31mstep: 52  [32mloss:  2.98143  [38;2;180;60;0mgrad_norm:  6.9688  [38;2;54;234;195mmemory:  5.70GiB(36.85%)  [34mtps: 62  [36mtflops: 0.28  [35mmfu: 0.09%[39m
REPR 52 rank0 loss -1.00000000000000000e+00 gn 6.96875000000000000e+00
[titan] 2026-09-13 20:35:08,873 - root - INFO - [31mstep: 52  [32mloss: -1.00000  [38;2;180;60;0mgrad_norm:  6.9688  [38;2;54;234;195mmemory:  5.06GiB(32.69%)  [34mtps: 62  [36mtflops: 0.28  [35mmfu: 0.09%[39m
REPR 53 rank2 loss -1.00000000000000000e+00 gn 4.96875000000000000e+00REPR 53 rank6 loss -1.00000000000000000e+00 gn 4.96875000000000000e+00

REPR 53 rank4 loss -1.00000000000000000e+00 gn 4.96875000000000000e+00[titan] 2026-09-13 20:35:09,391 - root - INFO - [31mstep: 53  [32mloss: -1.00000  [38;2;180;60;0mgrad_norm:  4.9688  [38;2;54;234;195mmemory:  1.12GiB(7.21%)  [34mtps: 61  [36mtflops: 0.27  [35mmfu: 0.09%[39m
[titan] 2026-09-13 20:35:09,391 - root - INFO - [31mstep: 53  [32mloss: -1.00000  [38;2;180;60;0mgrad_norm:  4.9688  [38;2;54;234;195mmemory:  1.11GiB(7.18%)  [34mtps: 61  [36mtflops: 0.27  [35mmfu: 0.09%[39m

REPR 53 rank3 loss -1.00000000000000000e+00 gn 4.96875000000000000e+00REPR 53 rank5 loss -1.00000000000000000e+00 gn 4.96875000000000000e+00

[titan] 2026-09-13 20:35:09,391 - root - INFO - [31mstep: 53  [32mloss: -1.00000  [38;2;180;60;0mgrad_norm:  4.9688  [38;2;54;234;195mmemory:  1.19GiB(7.69%)  [34mtps: 61  [36mtflops: 0.27  [35mmfu: 0.09%[39m
[titan] 2026-09-13 20:35:09,392 - root - INFO - [31mstep: 53  [32mloss: -1.00000  [38;2;180;60;0mgrad_norm:  4.9688  [38;2;54;234;195mmemory:  1.24GiB(8.00%)  [34mtps: 61  [36mtflops: 0.27  [35mmfu: 0.09%[39m
[titan] 2026-09-13 20:35:09,392 - root - INFO - [31mstep: 53  [32mloss: -1.00000  [38;2;180;60;0mgrad_norm:  4.9688  [38;2;54;234;195mmemory:  1.24GiB(8.00%)  [34mtps: 61  [36mtflops: 0.27  [35mmfu: 0.09%[39m
REPR 53 rank1 loss -1.00000000000000000e+00 gn 4.96875000000000000e+00
[titan] 2026-09-13 20:35:09,392 - root - INFO - [31mstep: 53  [32mloss: -1.00000  [38;2;180;60;0mgrad_norm:  4.9688  [38;2;54;234;195mmemory:  1.52GiB(9.84%)  [34mtps: 61  [36mtflops: 0.27  [35mmfu: 0.09%[39m
REPR 53 rank7 loss 3.68714690208435059e+00 gn 4.96875000000000000e+00
[titan] 2026-09-13 20:35:09,397 - root - INFO - [31mstep: 53  [32mloss:  3.68715  [38;2;180;60;0mgrad_norm:  4.9688  [38;2;54;234;195mmemory:  5.70GiB(36.85%)  [34mtps: 61  [36mtflops: 0.27  [35mmfu: 0.09%[39m
REPR 53 rank0 loss -1.00000000000000000e+00 gn 4.96875000000000000e+00
[titan] 2026-09-13 20:35:09,397 - root - INFO - [31mstep: 53  [32mloss: -1.00000  [38;2;180;60;0mgrad_norm:  4.9688  [38;2;54;234;195mmemory:  5.06GiB(32.69%)  [34mtps: 61  [36mtflops: 0.27  [35mmfu: 0.09%[39m
REPR 54 rank2 loss -1.00000000000000000e+00 gn 4.59375000000000000e+00
REPR 54 rank6 loss -1.00000000000000000e+00 gn 4.59375000000000000e+00
REPR 54 rank4 loss -1.00000000000000000e+00 gn 4.59375000000000000e+00
[titan] 2026-09-13 20:35:09,902 - root - INFO - [31mstep: 54  [32mloss: -1.00000  [38;2;180;60;0mgrad_norm:  4.5938  [38;2;54;234;195mmemory:  1.12GiB(7.21%)  [34mtps: 63  [36mtflops: 0.28  [35mmfu: 0.09%[39m
[titan] 2026-09-13 20:35:09,902 - root - INFO - [31mstep: 54  [32mloss: -1.00000  [38;2;180;60;0mgrad_norm:  4.5938  [38;2;54;234;195mmemory:  1.11GiB(7.18%)  [34mtps: 63  [36mtflops: 0.28  [35mmfu: 0.09%[39m
REPR 54 rank3 loss -1.00000000000000000e+00 gn 4.59375000000000000e+00
[titan] 2026-09-13 20:35:09,903 - root - INFO - [31mstep: 54  [32mloss: -1.00000  [38;2;180;60;0mgrad_norm:  4.5938  [38;2;54;234;195mmemory:  1.19GiB(7.69%)  [34mtps: 63  [36mtflops: 0.28  [35mmfu: 0.09%[39m
REPR 54 rank5 loss -1.00000000000000000e+00 gn 4.59375000000000000e+00
[titan] 2026-09-13 20:35:09,903 - root - INFO - [31mstep: 54  [32mloss: -1.00000  [38;2;180;60;0mgrad_norm:  4.5938  [38;2;54;234;195mmemory:  1.24GiB(8.00%)  [34mtps: 63  [36mtflops: 0.28  [35mmfu: 0.09%[39m
[titan] 2026-09-13 20:35:09,903 - root - INFO - [31mstep: 54  [32mloss: -1.00000  [38;2;180;60;0mgrad_norm:  4.5938  [38;2;54;234;195mmemory:  1.24GiB(8.00%)  [34mtps: 63  [36mtflops: 0.28  [35mmfu: 0.09%[39m
REPR 54 rank1 loss -1.00000000000000000e+00 gn 4.59375000000000000e+00
[titan] 2026-09-13 20:35:09,904 - root - INFO - [31mstep: 54  [32mloss: -1.00000  [38;2;180;60;0mgrad_norm:  4.5938  [38;2;54;234;195mmemory:  1.52GiB(9.84%)  [34mtps: 63  [36mtflops: 0.28  [35mmfu: 0.09%[39m
REPR 54 rank7 loss 3.47628355026245117e+00 gn 4.59375000000000000e+00
[titan] 2026-09-13 20:35:09,908 - root - INFO - [31mstep: 54  [32mloss:  3.47628  [38;2;180;60;0mgrad_norm:  4.5938  [38;2;54;234;195mmemory:  5.70GiB(36.85%)  [34mtps: 63  [36mtflops: 0.28  [35mmfu: 0.09%[39m
REPR 54 rank0 loss -1.00000000000000000e+00 gn 4.59375000000000000e+00
[titan] 2026-09-13 20:35:09,909 - root - INFO - [31mstep: 54  [32mloss: -1.00000  [38;2;180;60;0mgrad_norm:  4.5938  [38;2;54;234;195mmemory:  5.06GiB(32.69%)  [34mtps: 63  [36mtflops: 0.28  [35mmfu: 0.09%[39m
REPR 55 rank2 loss -1.00000000000000000e+00 gn 3.62500000000000000e+00
REPR 55 rank6 loss -1.00000000000000000e+00 gn 3.62500000000000000e+00
REPR 55 rank4 loss -1.00000000000000000e+00 gn 3.62500000000000000e+00
[titan] 2026-09-13 20:35:10,420 - root - INFO - [31mstep: 55  [32mloss: -1.00000  [38;2;180;60;0mgrad_norm:  3.6250  [38;2;54;234;195mmemory:  1.11GiB(7.18%)  [34mtps: 62  [36mtflops: 0.27  [35mmfu: 0.09%[39m
[titan] 2026-09-13 20:35:10,420 - root - INFO - [31mstep: 55  [32mloss: -1.00000  [38;2;180;60;0mgrad_norm:  3.6250  [38;2;54;234;195mmemory:  1.12GiB(7.21%)  [34mtps: 62  [36mtflops: 0.27  [35mmfu: 0.09%[39m
REPR 55 rank3 loss -1.00000000000000000e+00 gn 3.62500000000000000e+00
REPR 55 rank5 loss -1.00000000000000000e+00 gn 3.62500000000000000e+00
[titan] 2026-09-13 20:35:10,420 - root - INFO - [31mstep: 55  [32mloss: -1.00000  [38;2;180;60;0mgrad_norm:  3.6250  [38;2;54;234;195mmemory:  1.19GiB(7.69%)  [34mtps: 62  [36mtflops: 0.27  [35mmfu: 0.09%[39m
[titan] 2026-09-13 20:35:10,420 - root - INFO - [31mstep: 55  [32mloss: -1.00000  [38;2;180;60;0mgrad_norm:  3.6250  [38;2;54;234;195mmemory:  1.24GiB(8.00%)  [34mtps: 62  [36mtflops: 0.27  [35mmfu: 0.09%[39m
[titan] 2026-09-13 20:35:10,420 - root - INFO - [31mstep: 55  [32mloss: -1.00000  [38;2;180;60;0mgrad_norm:  3.6250  [38;2;54;234;195mmemory:  1.24GiB(8.00%)  [34mtps: 62  [36mtflops: 0.27  [35mmfu: 0.09%[39m
REPR 55 rank1 loss -1.00000000000000000e+00 gn 3.62500000000000000e+00
[titan] 2026-09-13 20:35:10,421 - root - INFO - [31mstep: 55  [32mloss: -1.00000  [38;2;180;60;0mgrad_norm:  3.6250  [38;2;54;234;195mmemory:  1.52GiB(9.84%)  [34mtps: 62  [36mtflops: 0.27  [35mmfu: 0.09%[39m
REPR 55 rank7 loss 3.31749343872070312e+00 gn 3.62500000000000000e+00
REPR 55 rank0 loss -1.00000000000000000e+00 gn 3.62500000000000000e+00
[titan] 2026-09-13 20:35:10,426 - root - INFO - [31mstep: 55  [32mloss:  3.31749  [38;2;180;60;0mgrad_norm:  3.6250  [38;2;54;234;195mmemory:  5.70GiB(36.85%)  [34mtps: 62  [36mtflops: 0.27  [35mmfu: 0.09%[39m
[titan] 2026-09-13 20:35:10,426 - root - INFO - [31mstep: 55  [32mloss: -1.00000  [38;2;180;60;0mgrad_norm:  3.6250  [38;2;54;234;195mmemory:  5.06GiB(32.69%)  [34mtps: 62  [36mtflops: 0.27  [35mmfu: 0.09%[39m
REPR 56 rank2 loss -1.00000000000000000e+00 gn 3.35937500000000000e+00
REPR 56 rank6 loss -1.00000000000000000e+00 gn 3.35937500000000000e+00
REPR 56 rank4 loss -1.00000000000000000e+00 gn 3.35937500000000000e+00
[titan] 2026-09-13 20:35:10,931 - root - INFO - [31mstep: 56  [32mloss: -1.00000  [38;2;180;60;0mgrad_norm:  3.3594  [38;2;54;234;195mmemory:  1.12GiB(7.21%)  [34mtps: 63  [36mtflops: 0.28  [35mmfu: 0.09%[39m
[titan] 2026-09-13 20:35:10,931 - root - INFO - [31mstep: 56  [32mloss: -1.00000  [38;2;180;60;0mgrad_norm:  3.3594  [38;2;54;234;195mmemory:  1.11GiB(7.18%)  [34mtps: 63  [36mtflops: 0.28  [35mmfu: 0.09%[39m
REPR 56 rank3 loss -1.00000000000000000e+00 gn 3.35937500000000000e+00REPR 56 rank5 loss -1.00000000000000000e+00 gn 3.35937500000000000e+00

[titan] 2026-09-13 20:35:10,931 - root - INFO - [31mstep: 56  [32mloss: -1.00000  [38;2;180;60;0mgrad_norm:  3.3594  [38;2;54;234;195mmemory:  1.19GiB(7.69%)  [34mtps: 63  [36mtflops: 0.28  [35mmfu: 0.09%[39m
[titan] 2026-09-13 20:35:10,931 - root - INFO - [31mstep: 56  [32mloss: -1.00000  [38;2;180;60;0mgrad_norm:  3.3594  [38;2;54;234;195mmemory:  1.24GiB(8.00%)  [34mtps: 63  [36mtflops: 0.28  [35mmfu: 0.09%[39m
[titan] 2026-09-13 20:35:10,931 - root - INFO - [31mstep: 56  [32mloss: -1.00000  [38;2;180;60;0mgrad_norm:  3.3594  [38;2;54;234;195mmemory:  1.24GiB(8.00%)  [34mtps: 63  [36mtflops: 0.28  [35mmfu: 0.09%[39m
REPR 56 rank1 loss -1.00000000000000000e+00 gn 3.35937500000000000e+00
[titan] 2026-09-13 20:35:10,932 - root - INFO - [31mstep: 56  [32mloss: -1.00000  [38;2;180;60;0mgrad_norm:  3.3594  [38;2;54;234;195mmemory:  1.52GiB(9.84%)  [34mtps: 63  [36mtflops: 0.28  [35mmfu: 0.09%[39m
REPR 56 rank7 loss 2.88417696952819824e+00 gn 3.35937500000000000e+00
[titan] 2026-09-13 20:35:10,937 - root - INFO - [31mstep: 56  [32mloss:  2.88418  [38;2;180;60;0mgrad_norm:  3.3594  [38;2;54;234;195mmemory:  5.70GiB(36.85%)  [34mtps: 63  [36mtflops: 0.28  [35mmfu: 0.09%[39m
REPR 56 rank0 loss -1.00000000000000000e+00 gn 3.35937500000000000e+00
[titan] 2026-09-13 20:35:10,937 - root - INFO - [31mstep: 56  [32mloss: -1.00000  [38;2;180;60;0mgrad_norm:  3.3594  [38;2;54;234;195mmemory:  5.06GiB(32.69%)  [34mtps: 63  [36mtflops: 0.28  [35mmfu: 0.09%[39m
REPR 57 rank2 loss -1.00000000000000000e+00 gn 3.07812500000000000e+00
REPR 57 rank6 loss -1.00000000000000000e+00 gn 3.07812500000000000e+00
REPR 57 rank4 loss -1.00000000000000000e+00 gn 3.07812500000000000e+00
[titan] 2026-09-13 20:35:11,454 - root - INFO - [31mstep: 57  [32mloss: -1.00000  [38;2;180;60;0mgrad_norm:  3.0781  [38;2;54;234;195mmemory:  1.12GiB(7.21%)  [34mtps: 61  [36mtflops: 0.27  [35mmfu: 0.09%[39m
[titan] 2026-09-13 20:35:11,454 - root - INFO - [31mstep: 57  [32mloss: -1.00000  [38;2;180;60;0mgrad_norm:  3.0781  [38;2;54;234;195mmemory:  1.11GiB(7.18%)  [34mtps: 61  [36mtflops: 0.27  [35mmfu: 0.09%[39m
REPR 57 rank5 loss -1.00000000000000000e+00 gn 3.07812500000000000e+00REPR 57 rank3 loss -1.00000000000000000e+00 gn 3.07812500000000000e+00

[titan] 2026-09-13 20:35:11,454 - root - INFO - [31mstep: 57  [32mloss: -1.00000  [38;2;180;60;0mgrad_norm:  3.0781  [38;2;54;234;195mmemory:  1.19GiB(7.69%)  [34mtps: 61  [36mtflops: 0.27  [35mmfu: 0.09%[39m
[titan] 2026-09-13 20:35:11,454 - root - INFO - [31mstep: 57  [32mloss: -1.00000  [38;2;180;60;0mgrad_norm:  3.0781  [38;2;54;234;195mmemory:  1.24GiB(8.00%)  [34mtps: 61  [36mtflops: 0.27  [35mmfu: 0.09%[39m
[titan] 2026-09-13 20:35:11,454 - root - INFO - [31mstep: 57  [32mloss: -1.00000  [38;2;180;60;0mgrad_norm:  3.0781  [38;2;54;234;195mmemory:  1.24GiB(8.00%)  [34mtps: 61  [36mtflops: 0.27  [35mmfu: 0.09%[39m
REPR 57 rank1 loss -1.00000000000000000e+00 gn 3.07812500000000000e+00
[titan] 2026-09-13 20:35:11,455 - root - INFO - [31mstep: 57  [32mloss: -1.00000  [38;2;180;60;0mgrad_norm:  3.0781  [38;2;54;234;195mmemory:  1.52GiB(9.84%)  [34mtps: 61  [36mtflops: 0.27  [35mmfu: 0.09%[39m
REPR 57 rank7 loss 2.79888105392456055e+00 gn 3.07812500000000000e+00
[titan] 2026-09-13 20:35:11,459 - root - INFO - [31mstep: 57  [32mloss:  2.79888  [38;2;180;60;0mgrad_norm:  3.0781  [38;2;54;234;195mmemory:  5.70GiB(36.85%)  [34mtps: 61  [36mtflops: 0.27  [35mmfu: 0.09%[39m
REPR 57 rank0 loss -1.00000000000000000e+00 gn 3.07812500000000000e+00
[titan] 2026-09-13 20:35:11,460 - root - INFO - [31mstep: 57  [32mloss: -1.00000  [38;2;180;60;0mgrad_norm:  3.0781  [38;2;54;234;195mmemory:  5.06GiB(32.69%)  [34mtps: 61  [36mtflops: 0.27  [35mmfu: 0.09%[39m
REPR 58 rank2 loss -1.00000000000000000e+00 gn 3.15625000000000000e+00
REPR 58 rank6 loss -1.00000000000000000e+00 gn 3.15625000000000000e+00
REPR 58 rank4 loss -1.00000000000000000e+00 gn 3.15625000000000000e+00
[titan] 2026-09-13 20:35:11,964 - root - INFO - [31mstep: 58  [32mloss: -1.00000  [38;2;180;60;0mgrad_norm:  3.1562  [38;2;54;234;195mmemory:  1.12GiB(7.21%)  [34mtps: 63  [36mtflops: 0.28  [35mmfu: 0.09%[39m
[titan] 2026-09-13 20:35:11,964 - root - INFO - [31mstep: 58  [32mloss: -1.00000  [38;2;180;60;0mgrad_norm:  3.1562  [38;2;54;234;195mmemory:  1.11GiB(7.18%)  [34mtps: 63  [36mtflops: 0.28  [35mmfu: 0.09%[39m
REPR 58 rank3 loss -1.00000000000000000e+00 gn 3.15625000000000000e+00REPR 58 rank5 loss -1.00000000000000000e+00 gn 3.15625000000000000e+00

[titan] 2026-09-13 20:35:11,964 - root - INFO - [31mstep: 58  [32mloss: -1.00000  [38;2;180;60;0mgrad_norm:  3.1562  [38;2;54;234;195mmemory:  1.19GiB(7.69%)  [34mtps: 63  [36mtflops: 0.28  [35mmfu: 0.09%[39m
[titan] 2026-09-13 20:35:11,965 - root - INFO - [31mstep: 58  [32mloss: -1.00000  [38;2;180;60;0mgrad_norm:  3.1562  [38;2;54;234;195mmemory:  1.24GiB(8.00%)  [34mtps: 63  [36mtflops: 0.28  [35mmfu: 0.09%[39m
[titan] 2026-09-13 20:35:11,965 - root - INFO - [31mstep: 58  [32mloss: -1.00000  [38;2;180;60;0mgrad_norm:  3.1562  [38;2;54;234;195mmemory:  1.24GiB(8.00%)  [34mtps: 63  [36mtflops: 0.28  [35mmfu: 0.09%[39m
REPR 58 rank1 loss -1.00000000000000000e+00 gn 3.15625000000000000e+00
[titan] 2026-09-13 20:35:11,965 - root - INFO - [31mstep: 58  [32mloss: -1.00000  [38;2;180;60;0mgrad_norm:  3.1562  [38;2;54;234;195mmemory:  1.52GiB(9.84%)  [34mtps: 63  [36mtflops: 0.28  [35mmfu: 0.09%[39m
REPR 58 rank7 loss 2.86375617980957031e+00 gn 3.15625000000000000e+00
[titan] 2026-09-13 20:35:11,970 - root - INFO - [31mstep: 58  [32mloss:  2.86376  [38;2;180;60;0mgrad_norm:  3.1562  [38;2;54;234;195mmemory:  5.70GiB(36.85%)  [34mtps: 63  [36mtflops: 0.28  [35mmfu: 0.09%[39m
REPR 58 rank0 loss -1.00000000000000000e+00 gn 3.15625000000000000e+00
[titan] 2026-09-13 20:35:11,970 - root - INFO - [31mstep: 58  [32mloss: -1.00000  [38;2;180;60;0mgrad_norm:  3.1562  [38;2;54;234;195mmemory:  5.06GiB(32.69%)  [34mtps: 63  [36mtflops: 0.28  [35mmfu: 0.09%[39m
REPR 59 rank2 loss -1.00000000000000000e+00 gn 2.45312500000000000e+00REPR 59 rank6 loss -1.00000000000000000e+00 gn 2.45312500000000000e+00

REPR 59 rank4 loss -1.00000000000000000e+00 gn 2.45312500000000000e+00
[titan] 2026-09-13 20:35:12,480 - root - INFO - [31mstep: 59  [32mloss: -1.00000  [38;2;180;60;0mgrad_norm:  2.4531  [38;2;54;234;195mmemory:  1.11GiB(7.18%)  [34mtps: 62  [36mtflops: 0.27  [35mmfu: 0.09%[39m
[titan] 2026-09-13 20:35:12,480 - root - INFO - [31mstep: 59  [32mloss: -1.00000  [38;2;180;60;0mgrad_norm:  2.4531  [38;2;54;234;195mmemory:  1.12GiB(7.21%)  [34mtps: 62  [36mtflops: 0.27  [35mmfu: 0.09%[39m
REPR 59 rank3 loss -1.00000000000000000e+00 gn 2.45312500000000000e+00REPR 59 rank5 loss -1.00000000000000000e+00 gn 2.45312500000000000e+00

[titan] 2026-09-13 20:35:12,481 - root - INFO - [31mstep: 59  [32mloss: -1.00000  [38;2;180;60;0mgrad_norm:  2.4531  [38;2;54;234;195mmemory:  1.19GiB(7.69%)  [34mtps: 62  [36mtflops: 0.27  [35mmfu: 0.09%[39m
[titan] 2026-09-13 20:35:12,481 - root - INFO - [31mstep: 59  [32mloss: -1.00000  [38;2;180;60;0mgrad_norm:  2.4531  [38;2;54;234;195mmemory:  1.24GiB(8.00%)  [34mtps: 62  [36mtflops: 0.27  [35mmfu: 0.09%[39m
[titan] 2026-09-13 20:35:12,481 - root - INFO - [31mstep: 59  [32mloss: -1.00000  [38;2;180;60;0mgrad_norm:  2.4531  [38;2;54;234;195mmemory:  1.24GiB(8.00%)  [34mtps: 62  [36mtflops: 0.27  [35mmfu: 0.09%[39m
REPR 59 rank1 loss -1.00000000000000000e+00 gn 2.45312500000000000e+00
[titan] 2026-09-13 20:35:12,482 - root - INFO - [31mstep: 59  [32mloss: -1.00000  [38;2;180;60;0mgrad_norm:  2.4531  [38;2;54;234;195mmemory:  1.52GiB(9.84%)  [34mtps: 62  [36mtflops: 0.27  [35mmfu: 0.09%[39m
REPR 59 rank7 loss 2.95867800712585449e+00 gn 2.45312500000000000e+00
[titan] 2026-09-13 20:35:12,486 - root - INFO - [31mstep: 59  [32mloss:  2.95868  [38;2;180;60;0mgrad_norm:  2.4531  [38;2;54;234;195mmemory:  5.70GiB(36.85%)  [34mtps: 62  [36mtflops: 0.27  [35mmfu: 0.09%[39m
REPR 59 rank0 loss -1.00000000000000000e+00 gn 2.45312500000000000e+00
[titan] 2026-09-13 20:35:12,487 - root - INFO - [31mstep: 59  [32mloss: -1.00000  [38;2;180;60;0mgrad_norm:  2.4531  [38;2;54;234;195mmemory:  5.06GiB(32.69%)  [34mtps: 62  [36mtflops: 0.27  [35mmfu: 0.09%[39m
REPR 60 rank2 loss -1.00000000000000000e+00 gn 3.15625000000000000e+00REPR 60 rank6 loss -1.00000000000000000e+00 gn 3.15625000000000000e+00

REPR 60 rank4 loss -1.00000000000000000e+00 gn 3.15625000000000000e+00
[titan] 2026-09-13 20:35:12,996 - root - INFO - [31mstep: 60  [32mloss: -1.00000  [38;2;180;60;0mgrad_norm:  3.1562  [38;2;54;234;195mmemory:  1.11GiB(7.18%)  [34mtps: 62  [36mtflops: 0.27  [35mmfu: 0.09%[39m
[titan] 2026-09-13 20:35:12,996 - root - INFO - [31mstep: 60  [32mloss: -1.00000  [38;2;180;60;0mgrad_norm:  3.1562  [38;2;54;234;195mmemory:  1.12GiB(7.21%)  [34mtps: 62  [36mtflops: 0.27  [35mmfu: 0.09%[39m
REPR 60 rank3 loss -1.00000000000000000e+00 gn 3.15625000000000000e+00
REPR 60 rank5 loss -1.00000000000000000e+00 gn 3.15625000000000000e+00
[titan] 2026-09-13 20:35:12,996 - root - INFO - [31mstep: 60  [32mloss: -1.00000  [38;2;180;60;0mgrad_norm:  3.1562  [38;2;54;234;195mmemory:  1.19GiB(7.69%)  [34mtps: 62  [36mtflops: 0.27  [35mmfu: 0.09%[39m
[titan] 2026-09-13 20:35:12,996 - root - INFO - [31mstep: 60  [32mloss: -1.00000  [38;2;180;60;0mgrad_norm:  3.1562  [38;2;54;234;195mmemory:  1.24GiB(8.00%)  [34mtps: 62  [36mtflops: 0.27  [35mmfu: 0.09%[39m
[titan] 2026-09-13 20:35:12,996 - root - INFO - [31mstep: 60  [32mloss: -1.00000  [38;2;180;60;0mgrad_norm:  3.1562  [38;2;54;234;195mmemory:  1.24GiB(8.00%)  [34mtps: 62  [36mtflops: 0.27  [35mmfu: 0.09%[39m
REPR 60 rank1 loss -1.00000000000000000e+00 gn 3.15625000000000000e+00
[titan] 2026-09-13 20:35:12,997 - root - INFO - [31mstep: 60  [32mloss: -1.00000  [38;2;180;60;0mgrad_norm:  3.1562  [38;2;54;234;195mmemory:  1.52GiB(9.84%)  [34mtps: 62  [36mtflops: 0.27  [35mmfu: 0.09%[39m
REPR 60 rank7 loss 3.04686594009399414e+00 gn 3.15625000000000000e+00
[titan] 2026-09-13 20:35:13,001 - root - INFO - [31mstep: 60  [32mloss:  3.04687  [38;2;180;60;0mgrad_norm:  3.1562  [38;2;54;234;195mmemory:  5.70GiB(36.85%)  [34mtps: 62  [36mtflops: 0.28  [35mmfu: 0.09%[39m
REPR 60 rank0 loss -1.00000000000000000e+00 gn 3.15625000000000000e+00
[titan] 2026-09-13 20:35:13,002 - root - INFO - [31mstep: 60  [32mloss: -1.00000  [38;2;180;60;0mgrad_norm:  3.1562  [38;2;54;234;195mmemory:  5.06GiB(32.69%)  [34mtps: 62  [36mtflops: 0.27  [35mmfu: 0.09%[39m
REPR 61 rank2 loss -1.00000000000000000e+00 gn 2.60937500000000000e+00REPR 61 rank6 loss -1.00000000000000000e+00 gn 2.60937500000000000e+00

REPR 61 rank4 loss -1.00000000000000000e+00 gn 2.60937500000000000e+00
[titan] 2026-09-13 20:35:13,514 - root - INFO - [31mstep: 61  [32mloss: -1.00000  [38;2;180;60;0mgrad_norm:  2.6094  [38;2;54;234;195mmemory:  1.12GiB(7.21%)  [34mtps: 62  [36mtflops: 0.27  [35mmfu: 0.09%[39m
[titan] 2026-09-13 20:35:13,514 - root - INFO - [31mstep: 61  [32mloss: -1.00000  [38;2;180;60;0mgrad_norm:  2.6094  [38;2;54;234;195mmemory:  1.11GiB(7.18%)  [34mtps: 62  [36mtflops: 0.27  [35mmfu: 0.09%[39m
REPR 61 rank3 loss -1.00000000000000000e+00 gn 2.60937500000000000e+00
REPR 61 rank5 loss -1.00000000000000000e+00 gn 2.60937500000000000e+00
[titan] 2026-09-13 20:35:13,514 - root - INFO - [31mstep: 61  [32mloss: -1.00000  [38;2;180;60;0mgrad_norm:  2.6094  [38;2;54;234;195mmemory:  1.19GiB(7.69%)  [34mtps: 62  [36mtflops: 0.27  [35mmfu: 0.09%[39m
[titan] 2026-09-13 20:35:13,515 - root - INFO - [31mstep: 61  [32mloss: -1.00000  [38;2;180;60;0mgrad_norm:  2.6094  [38;2;54;234;195mmemory:  1.24GiB(8.00%)  [34mtps: 62  [36mtflops: 0.27  [35mmfu: 0.09%[39m
[titan] 2026-09-13 20:35:13,515 - root - INFO - [31mstep: 61  [32mloss: -1.00000  [38;2;180;60;0mgrad_norm:  2.6094  [38;2;54;234;195mmemory:  1.24GiB(8.00%)  [34mtps: 62  [36mtflops: 0.27  [35mmfu: 0.09%[39m
REPR 61 rank1 loss -1.00000000000000000e+00 gn 2.60937500000000000e+00
[titan] 2026-09-13 20:35:13,515 - root - INFO - [31mstep: 61  [32mloss: -1.00000  [38;2;180;60;0mgrad_norm:  2.6094  [38;2;54;234;195mmemory:  1.52GiB(9.84%)  [34mtps: 62  [36mtflops: 0.27  [35mmfu: 0.09%[39m
REPR 61 rank7 loss 2.81983804702758789e+00 gn 2.60937500000000000e+00
[titan] 2026-09-13 20:35:13,520 - root - INFO - [31mstep: 61  [32mloss:  2.81984  [38;2;180;60;0mgrad_norm:  2.6094  [38;2;54;234;195mmemory:  5.70GiB(36.85%)  [34mtps: 62  [36mtflops: 0.27  [35mmfu: 0.09%[39m
REPR 61 rank0 loss -1.00000000000000000e+00 gn 2.60937500000000000e+00
[titan] 2026-09-13 20:35:13,520 - root - INFO - [31mstep: 61  [32mloss: -1.00000  [38;2;180;60;0mgrad_norm:  2.6094  [38;2;54;234;195mmemory:  5.06GiB(32.69%)  [34mtps: 62  [36mtflops: 0.27  [35mmfu: 0.09%[39m
REPR 62 rank2 loss -1.00000000000000000e+00 gn 3.17187500000000000e+00
REPR 62 rank6 loss -1.00000000000000000e+00 gn 3.17187500000000000e+00
REPR 62 rank4 loss -1.00000000000000000e+00 gn 3.17187500000000000e+00
[titan] 2026-09-13 20:35:14,028 - root - INFO - [31mstep: 62  [32mloss: -1.00000  [38;2;180;60;0mgrad_norm:  3.1719  [38;2;54;234;195mmemory:  1.12GiB(7.21%)  [34mtps: 62  [36mtflops: 0.28  [35mmfu: 0.09%[39m
[titan] 2026-09-13 20:35:14,028 - root - INFO - [31mstep: 62  [32mloss: -1.00000  [38;2;180;60;0mgrad_norm:  3.1719  [38;2;54;234;195mmemory:  1.11GiB(7.18%)  [34mtps: 62  [36mtflops: 0.28  [35mmfu: 0.09%[39m
REPR 62 rank3 loss -1.00000000000000000e+00 gn 3.17187500000000000e+00REPR 62 rank5 loss -1.00000000000000000e+00 gn 3.17187500000000000e+00

[titan] 2026-09-13 20:35:14,028 - root - INFO - [31mstep: 62  [32mloss: -1.00000  [38;2;180;60;0mgrad_norm:  3.1719  [38;2;54;234;195mmemory:  1.19GiB(7.69%)  [34mtps: 62  [36mtflops: 0.28  [35mmfu: 0.09%[39m
[titan] 2026-09-13 20:35:14,028 - root - INFO - [31mstep: 62  [32mloss: -1.00000  [38;2;180;60;0mgrad_norm:  3.1719  [38;2;54;234;195mmemory:  1.24GiB(8.00%)  [34mtps: 62  [36mtflops: 0.28  [35mmfu: 0.09%[39m
[titan] 2026-09-13 20:35:14,028 - root - INFO - [31mstep: 62  [32mloss: -1.00000  [38;2;180;60;0mgrad_norm:  3.1719  [38;2;54;234;195mmemory:  1.24GiB(8.00%)  [34mtps: 62  [36mtflops: 0.28  [35mmfu: 0.09%[39m
REPR 62 rank1 loss -1.00000000000000000e+00 gn 3.17187500000000000e+00
[titan] 2026-09-13 20:35:14,029 - root - INFO - [31mstep: 62  [32mloss: -1.00000  [38;2;180;60;0mgrad_norm:  3.1719  [38;2;54;234;195mmemory:  1.52GiB(9.84%)  [34mtps: 62  [36mtflops: 0.28  [35mmfu: 0.09%[39m
REPR 62 rank7 loss 3.06616115570068359e+00 gn 3.17187500000000000e+00
[titan] 2026-09-13 20:35:14,034 - root - INFO - [31mstep: 62  [32mloss:  3.06616  [38;2;180;60;0mgrad_norm:  3.1719  [38;2;54;234;195mmemory:  5.70GiB(36.85%)  [34mtps: 62  [36mtflops: 0.28  [35mmfu: 0.09%[39m
REPR 62 rank0 loss -1.00000000000000000e+00 gn 3.17187500000000000e+00
[titan] 2026-09-13 20:35:14,034 - root - INFO - [31mstep: 62  [32mloss: -1.00000  [38;2;180;60;0mgrad_norm:  3.1719  [38;2;54;234;195mmemory:  5.06GiB(32.69%)  [34mtps: 62  [36mtflops: 0.28  [35mmfu: 0.09%[39m
REPR 63 rank2 loss -1.00000000000000000e+00 gn 3.70312500000000000e+00
REPR 63 rank6 loss -1.00000000000000000e+00 gn 3.70312500000000000e+00
REPR 63 rank4 loss -1.00000000000000000e+00 gn 3.70312500000000000e+00
[titan] 2026-09-13 20:35:14,546 - root - INFO - [31mstep: 63  [32mloss: -1.00000  [38;2;180;60;0mgrad_norm:  3.7031  [38;2;54;234;195mmemory:  1.12GiB(7.21%)  [34mtps: 62  [36mtflops: 0.27  [35mmfu: 0.09%[39m
[titan] 2026-09-13 20:35:14,546 - root - INFO - [31mstep: 63  [32mloss: -1.00000  [38;2;180;60;0mgrad_norm:  3.7031  [38;2;54;234;195mmemory:  1.11GiB(7.18%)  [34mtps: 62  [36mtflops: 0.27  [35mmfu: 0.09%[39m
REPR 63 rank3 loss -1.00000000000000000e+00 gn 3.70312500000000000e+00
[titan] 2026-09-13 20:35:14,547 - root - INFO - [31mstep: 63  [32mloss: -1.00000  [38;2;180;60;0mgrad_norm:  3.7031  [38;2;54;234;195mmemory:  1.19GiB(7.69%)  [34mtps: 62  [36mtflops: 0.27  [35mmfu: 0.09%[39m
[titan] 2026-09-13 20:35:14,547 - root - INFO - [31mstep: 63  [32mloss: -1.00000  [38;2;180;60;0mgrad_norm:  3.7031  [38;2;54;234;195mmemory:  1.24GiB(8.00%)  [34mtps: 62  [36mtflops: 0.27  [35mmfu: 0.09%[39m
REPR 63 rank5 loss -1.00000000000000000e+00 gn 3.70312500000000000e+00
[titan] 2026-09-13 20:35:14,547 - root - INFO - [31mstep: 63  [32mloss: -1.00000  [38;2;180;60;0mgrad_norm:  3.7031  [38;2;54;234;195mmemory:  1.24GiB(8.00%)  [34mtps: 62  [36mtflops: 0.27  [35mmfu: 0.09%[39m
REPR 63 rank1 loss -1.00000000000000000e+00 gn 3.70312500000000000e+00
[titan] 2026-09-13 20:35:14,548 - root - INFO - [31mstep: 63  [32mloss: -1.00000  [38;2;180;60;0mgrad_norm:  3.7031  [38;2;54;234;195mmemory:  1.52GiB(9.84%)  [34mtps: 62  [36mtflops: 0.27  [35mmfu: 0.09%[39m
REPR 63 rank7 loss 3.10996627807617188e+00 gn 3.70312500000000000e+00
[titan] 2026-09-13 20:35:14,552 - root - INFO - [31mstep: 63  [32mloss:  3.10997  [38;2;180;60;0mgrad_norm:  3.7031  [38;2;54;234;195mmemory:  5.70GiB(36.85%)  [34mtps: 62  [36mtflops: 0.27  [35mmfu: 0.09%[39m
REPR 63 rank0 loss -1.00000000000000000e+00 gn 3.70312500000000000e+00
[titan] 2026-09-13 20:35:14,553 - root - INFO - [31mstep: 63  [32mloss: -1.00000  [38;2;180;60;0mgrad_norm:  3.7031  [38;2;54;234;195mmemory:  5.06GiB(32.69%)  [34mtps: 62  [36mtflops: 0.27  [35mmfu: 0.09%[39m
REPR 64 rank2 loss -1.00000000000000000e+00 gn 1.45312500000000000e+00
REPR 64 rank6 loss -1.00000000000000000e+00 gn 1.45312500000000000e+00
REPR 64 rank4 loss -1.00000000000000000e+00 gn 1.45312500000000000e+00
[titan] 2026-09-13 20:35:15,065 - root - INFO - [31mstep: 64  [32mloss: -1.00000  [38;2;180;60;0mgrad_norm:  1.4531  [38;2;54;234;195mmemory:  1.12GiB(7.21%)  [34mtps: 62  [36mtflops: 0.27  [35mmfu: 0.09%[39m
[titan] 2026-09-13 20:35:15,065 - root - INFO - [31mstep: 64  [32mloss: -1.00000  [38;2;180;60;0mgrad_norm:  1.4531  [38;2;54;234;195mmemory:  1.11GiB(7.18%)  [34mtps: 62  [36mtflops: 0.27  [35mmfu: 0.09%[39m
REPR 64 rank5 loss -1.00000000000000000e+00 gn 1.45312500000000000e+00REPR 64 rank3 loss -1.00000000000000000e+00 gn 1.45312500000000000e+00

[titan] 2026-09-13 20:35:15,065 - root - INFO - [31mstep: 64  [32mloss: -1.00000  [38;2;180;60;0mgrad_norm:  1.4531  [38;2;54;234;195mmemory:  1.19GiB(7.69%)  [34mtps: 62  [36mtflops: 0.27  [35mmfu: 0.09%[39m
[titan] 2026-09-13 20:35:15,065 - root - INFO - [31mstep: 64  [32mloss: -1.00000  [38;2;180;60;0mgrad_norm:  1.4531  [38;2;54;234;195mmemory:  1.24GiB(8.00%)  [34mtps: 62  [36mtflops: 0.27  [35mmfu: 0.09%[39m
[titan] 2026-09-13 20:35:15,065 - root - INFO - [31mstep: 64  [32mloss: -1.00000  [38;2;180;60;0mgrad_norm:  1.4531  [38;2;54;234;195mmemory:  1.24GiB(8.00%)  [34mtps: 62  [36mtflops: 0.27  [35mmfu: 0.09%[39m
REPR 64 rank1 loss -1.00000000000000000e+00 gn 1.45312500000000000e+00
[titan] 2026-09-13 20:35:15,066 - root - INFO - [31mstep: 64  [32mloss: -1.00000  [38;2;180;60;0mgrad_norm:  1.4531  [38;2;54;234;195mmemory:  1.52GiB(9.84%)  [34mtps: 62  [36mtflops: 0.27  [35mmfu: 0.09%[39m
REPR 64 rank7 loss 2.75267457962036133e+00 gn 1.45312500000000000e+00
[titan] 2026-09-13 20:35:15,071 - root - INFO - [31mstep: 64  [32mloss:  2.75267  [38;2;180;60;0mgrad_norm:  1.4531  [38;2;54;234;195mmemory:  5.70GiB(36.85%)  [34mtps: 62  [36mtflops: 0.27  [35mmfu: 0.09%[39m
REPR 64 rank0 loss -1.00000000000000000e+00 gn 1.45312500000000000e+00
[titan] 2026-09-13 20:35:15,071 - root - INFO - [31mstep: 64  [32mloss: -1.00000  [38;2;180;60;0mgrad_norm:  1.4531  [38;2;54;234;195mmemory:  5.06GiB(32.69%)  [34mtps: 62  [36mtflops: 0.27  [35mmfu: 0.09%[39m
REPR 65 rank6 loss -1.00000000000000000e+00 gn 2.60937500000000000e+00
REPR 65 rank2 loss -1.00000000000000000e+00 gn 2.60937500000000000e+00
REPR 65 rank4 loss -1.00000000000000000e+00 gn 2.60937500000000000e+00
[titan] 2026-09-13 20:35:15,577 - root - INFO - [31mstep: 65  [32mloss: -1.00000  [38;2;180;60;0mgrad_norm:  2.6094  [38;2;54;234;195mmemory:  1.11GiB(7.18%)  [34mtps: 62  [36mtflops: 0.28  [35mmfu: 0.09%[39m
[titan] 2026-09-13 20:35:15,577 - root - INFO - [31mstep: 65  [32mloss: -1.00000  [38;2;180;60;0mgrad_norm:  2.6094  [38;2;54;234;195mmemory:  1.12GiB(7.21%)  [34mtps: 62  [36mtflops: 0.28  [35mmfu: 0.09%[39m
REPR 65 rank3 loss -1.00000000000000000e+00 gn 2.60937500000000000e+00[titan] 2026-09-13 20:35:15,578 - root - INFO - [31mstep: 65  [32mloss: -1.00000  [38;2;180;60;0mgrad_norm:  2.6094  [38;2;54;234;195mmemory:  1.19GiB(7.69%)  [34mtps: 62  [36mtflops: 0.28  [35mmfu: 0.09%[39m

[titan] 2026-09-13 20:35:15,578 - root - INFO - [31mstep: 65  [32mloss: -1.00000  [38;2;180;60;0mgrad_norm:  2.6094  [38;2;54;234;195mmemory:  1.24GiB(8.00%)  [34mtps: 62  [36mtflops: 0.28  [35mmfu: 0.09%[39m
REPR 65 rank5 loss -1.00000000000000000e+00 gn 2.60937500000000000e+00
[titan] 2026-09-13 20:35:15,578 - root - INFO - [31mstep: 65  [32mloss: -1.00000  [38;2;180;60;0mgrad_norm:  2.6094  [38;2;54;234;195mmemory:  1.24GiB(8.00%)  [34mtps: 62  [36mtflops: 0.28  [35mmfu: 0.09%[39m
REPR 65 rank1 loss -1.00000000000000000e+00 gn 2.60937500000000000e+00
[titan] 2026-09-13 20:35:15,579 - root - INFO - [31mstep: 65  [32mloss: -1.00000  [38;2;180;60;0mgrad_norm:  2.6094  [38;2;54;234;195mmemory:  1.52GiB(9.84%)  [34mtps: 62  [36mtflops: 0.28  [35mmfu: 0.09%[39m
REPR 65 rank7 loss 2.91099500656127930e+00 gn 2.60937500000000000e+00
[titan] 2026-09-13 20:35:15,583 - root - INFO - [31mstep: 65  [32mloss:  2.91100  [38;2;180;60;0mgrad_norm:  2.6094  [38;2;54;234;195mmemory:  5.70GiB(36.85%)  [34mtps: 62  [36mtflops: 0.28  [35mmfu: 0.09%[39m
REPR 65 rank0 loss -1.00000000000000000e+00 gn 2.60937500000000000e+00
[titan] 2026-09-13 20:35:15,584 - root - INFO - [31mstep: 65  [32mloss: -1.00000  [38;2;180;60;0mgrad_norm:  2.6094  [38;2;54;234;195mmemory:  5.06GiB(32.69%)  [34mtps: 62  [36mtflops: 0.28  [35mmfu: 0.09%[39m
REPR 66 rank6 loss -1.00000000000000000e+00 gn 3.14062500000000000e+00REPR 66 rank2 loss -1.00000000000000000e+00 gn 3.14062500000000000e+00

REPR 66 rank4 loss -1.00000000000000000e+00 gn 3.14062500000000000e+00
[titan] 2026-09-13 20:35:16,096 - root - INFO - [31mstep: 66  [32mloss: -1.00000  [38;2;180;60;0mgrad_norm:  3.1406  [38;2;54;234;195mmemory:  1.11GiB(7.18%)  [34mtps: 62  [36mtflops: 0.27  [35mmfu: 0.09%[39m
[titan] 2026-09-13 20:35:16,096 - root - INFO - [31mstep: 66  [32mloss: -1.00000  [38;2;180;60;0mgrad_norm:  3.1406  [38;2;54;234;195mmemory:  1.12GiB(7.21%)  [34mtps: 62  [36mtflops: 0.27  [35mmfu: 0.09%[39m
REPR 66 rank5 loss -1.00000000000000000e+00 gn 3.14062500000000000e+00REPR 66 rank3 loss -1.00000000000000000e+00 gn 3.14062500000000000e+00

[titan] 2026-09-13 20:35:16,096 - root - INFO - [31mstep: 66  [32mloss: -1.00000  [38;2;180;60;0mgrad_norm:  3.1406  [38;2;54;234;195mmemory:  1.19GiB(7.69%)  [34mtps: 62  [36mtflops: 0.27  [35mmfu: 0.09%[39m
[titan] 2026-09-13 20:35:16,096 - root - INFO - [31mstep: 66  [32mloss: -1.00000  [38;2;180;60;0mgrad_norm:  3.1406  [38;2;54;234;195mmemory:  1.24GiB(8.00%)  [34mtps: 62  [36mtflops: 0.27  [35mmfu: 0.09%[39m
[titan] 2026-09-13 20:35:16,096 - root - INFO - [31mstep: 66  [32mloss: -1.00000  [38;2;180;60;0mgrad_norm:  3.1406  [38;2;54;234;195mmemory:  1.24GiB(8.00%)  [34mtps: 62  [36mtflops: 0.27  [35mmfu: 0.09%[39m
REPR 66 rank1 loss -1.00000000000000000e+00 gn 3.14062500000000000e+00
[titan] 2026-09-13 20:35:16,097 - root - INFO - [31mstep: 66  [32mloss: -1.00000  [38;2;180;60;0mgrad_norm:  3.1406  [38;2;54;234;195mmemory:  1.52GiB(9.84%)  [34mtps: 62  [36mtflops: 0.27  [35mmfu: 0.09%[39m
REPR 66 rank7 loss 3.03443431854248047e+00 gn 3.14062500000000000e+00
[titan] 2026-09-13 20:35:16,102 - root - INFO - [31mstep: 66  [32mloss:  3.03443  [38;2;180;60;0mgrad_norm:  3.1406  [38;2;54;234;195mmemory:  5.70GiB(36.85%)  [34mtps: 62  [36mtflops: 0.27  [35mmfu: 0.09%[39m
REPR 66 rank0 loss -1.00000000000000000e+00 gn 3.14062500000000000e+00
[titan] 2026-09-13 20:35:16,102 - root - INFO - [31mstep: 66  [32mloss: -1.00000  [38;2;180;60;0mgrad_norm:  3.1406  [38;2;54;234;195mmemory:  5.06GiB(32.69%)  [34mtps: 62  [36mtflops: 0.27  [35mmfu: 0.09%[39m
REPR 67 rank2 loss -1.00000000000000000e+00 gn 2.78125000000000000e+00REPR 67 rank6 loss -1.00000000000000000e+00 gn 2.78125000000000000e+00

REPR 67 rank4 loss -1.00000000000000000e+00 gn 2.78125000000000000e+00
[titan] 2026-09-13 20:35:16,618 - root - INFO - [31mstep: 67  [32mloss: -1.00000  [38;2;180;60;0mgrad_norm:  2.7812  [38;2;54;234;195mmemory:  1.11GiB(7.18%)  [34mtps: 61  [36mtflops: 0.27  [35mmfu: 0.09%[39m
[titan] 2026-09-13 20:35:16,618 - root - INFO - [31mstep: 67  [32mloss: -1.00000  [38;2;180;60;0mgrad_norm:  2.7812  [38;2;54;234;195mmemory:  1.12GiB(7.21%)  [34mtps: 61  [36mtflops: 0.27  [35mmfu: 0.09%[39m
REPR 67 rank5 loss -1.00000000000000000e+00 gn 2.78125000000000000e+00
REPR 67 rank3 loss -1.00000000000000000e+00 gn 2.78125000000000000e+00
[titan] 2026-09-13 20:35:16,618 - root - INFO - [31mstep: 67  [32mloss: -1.00000  [38;2;180;60;0mgrad_norm:  2.7812  [38;2;54;234;195mmemory:  1.19GiB(7.69%)  [34mtps: 61  [36mtflops: 0.27  [35mmfu: 0.09%[39m
[titan] 2026-09-13 20:35:16,618 - root - INFO - [31mstep: 67  [32mloss: -1.00000  [38;2;180;60;0mgrad_norm:  2.7812  [38;2;54;234;195mmemory:  1.24GiB(8.00%)  [34mtps: 61  [36mtflops: 0.27  [35mmfu: 0.09%[39m
[titan] 2026-09-13 20:35:16,618 - root - INFO - [31mstep: 67  [32mloss: -1.00000  [38;2;180;60;0mgrad_norm:  2.7812  [38;2;54;234;195mmemory:  1.24GiB(8.00%)  [34mtps: 61  [36mtflops: 0.27  [35mmfu: 0.09%[39m
REPR 67 rank1 loss -1.00000000000000000e+00 gn 2.78125000000000000e+00
[titan] 2026-09-13 20:35:16,619 - root - INFO - [31mstep: 67  [32mloss: -1.00000  [38;2;180;60;0mgrad_norm:  2.7812  [38;2;54;234;195mmemory:  1.52GiB(9.84%)  [34mtps: 61  [36mtflops: 0.27  [35mmfu: 0.09%[39m
REPR 67 rank7 loss 2.84683251380920410e+00 gn 2.78125000000000000e+00
[titan] 2026-09-13 20:35:16,624 - root - INFO - [31mstep: 67  [32mloss:  2.84683  [38;2;180;60;0mgrad_norm:  2.7812  [38;2;54;234;195mmemory:  5.70GiB(36.85%)  [34mtps: 61  [36mtflops: 0.27  [35mmfu: 0.09%[39m
REPR 67 rank0 loss -1.00000000000000000e+00 gn 2.78125000000000000e+00
[titan] 2026-09-13 20:35:16,624 - root - INFO - [31mstep: 67  [32mloss: -1.00000  [38;2;180;60;0mgrad_norm:  2.7812  [38;2;54;234;195mmemory:  5.06GiB(32.69%)  [34mtps: 61  [36mtflops: 0.27  [35mmfu: 0.09%[39m
REPR 68 rank2 loss -1.00000000000000000e+00 gn 2.45312500000000000e+00
REPR 68 rank6 loss -1.00000000000000000e+00 gn 2.45312500000000000e+00
REPR 68 rank4 loss -1.00000000000000000e+00 gn 2.45312500000000000e+00
[titan] 2026-09-13 20:35:17,145 - root - INFO - [31mstep: 68  [32mloss: -1.00000  [38;2;180;60;0mgrad_norm:  2.4531  [38;2;54;234;195mmemory:  1.12GiB(7.21%)  [34mtps: 61  [36mtflops: 0.27  [35mmfu: 0.09%[39m
[titan] 2026-09-13 20:35:17,145 - root - INFO - [31mstep: 68  [32mloss: -1.00000  [38;2;180;60;0mgrad_norm:  2.4531  [38;2;54;234;195mmemory:  1.11GiB(7.18%)  [34mtps: 61  [36mtflops: 0.27  [35mmfu: 0.09%[39m
REPR 68 rank5 loss -1.00000000000000000e+00 gn 2.45312500000000000e+00REPR 68 rank3 loss -1.00000000000000000e+00 gn 2.45312500000000000e+00

[titan] 2026-09-13 20:35:17,145 - root - INFO - [31mstep: 68  [32mloss: -1.00000  [38;2;180;60;0mgrad_norm:  2.4531  [38;2;54;234;195mmemory:  1.19GiB(7.69%)  [34mtps: 61  [36mtflops: 0.27  [35mmfu: 0.09%[39m
[titan] 2026-09-13 20:35:17,145 - root - INFO - [31mstep: 68  [32mloss: -1.00000  [38;2;180;60;0mgrad_norm:  2.4531  [38;2;54;234;195mmemory:  1.24GiB(8.00%)  [34mtps: 61  [36mtflops: 0.27  [35mmfu: 0.09%[39m
[titan] 2026-09-13 20:35:17,145 - root - INFO - [31mstep: 68  [32mloss: -1.00000  [38;2;180;60;0mgrad_norm:  2.4531  [38;2;54;234;195mmemory:  1.24GiB(8.00%)  [34mtps: 61  [36mtflops: 0.27  [35mmfu: 0.09%[39m
REPR 68 rank1 loss -1.00000000000000000e+00 gn 2.45312500000000000e+00
[titan] 2026-09-13 20:35:17,146 - root - INFO - [31mstep: 68  [32mloss: -1.00000  [38;2;180;60;0mgrad_norm:  2.4531  [38;2;54;234;195mmemory:  1.52GiB(9.84%)  [34mtps: 61  [36mtflops: 0.27  [35mmfu: 0.09%[39m
REPR 68 rank7 loss 2.94552135467529297e+00 gn 2.45312500000000000e+00
[titan] 2026-09-13 20:35:17,150 - root - INFO - [31mstep: 68  [32mloss:  2.94552  [38;2;180;60;0mgrad_norm:  2.4531  [38;2;54;234;195mmemory:  5.70GiB(36.85%)  [34mtps: 61  [36mtflops: 0.27  [35mmfu: 0.09%[39m
REPR 68 rank0 loss -1.00000000000000000e+00 gn 2.45312500000000000e+00
[titan] 2026-09-13 20:35:17,151 - root - INFO - [31mstep: 68  [32mloss: -1.00000  [38;2;180;60;0mgrad_norm:  2.4531  [38;2;54;234;195mmemory:  5.06GiB(32.69%)  [34mtps: 61  [36mtflops: 0.27  [35mmfu: 0.09%[39m
REPR 69 rank2 loss -1.00000000000000000e+00 gn 3.35937500000000000e+00
REPR 69 rank6 loss -1.00000000000000000e+00 gn 3.35937500000000000e+00
[titan] 2026-09-13 20:35:17,661 - root - INFO - [31mstep: 69  [32mloss: -1.00000  [38;2;180;60;0mgrad_norm:  3.3594  [38;2;54;234;195mmemory:  1.12GiB(7.21%)  [34mtps: 62  [36mtflops: 0.27  [35mmfu: 0.09%[39m
[titan] 2026-09-13 20:35:17,661 - root - INFO - [31mstep: 69  [32mloss: -1.00000  [38;2;180;60;0mgrad_norm:  3.3594  [38;2;54;234;195mmemory:  1.11GiB(7.18%)  [34mtps: 62  [36mtflops: 0.27  [35mmfu: 0.09%[39m
REPR 69 rank3 loss -1.00000000000000000e+00 gn 3.35937500000000000e+00REPR 69 rank5 loss -1.00000000000000000e+00 gn 3.35937500000000000e+00
REPR 69 rank4 loss -1.00000000000000000e+00 gn 3.35937500000000000e+00

[titan] 2026-09-13 20:35:17,661 - root - INFO - [31mstep: 69  [32mloss: -1.00000  [38;2;180;60;0mgrad_norm:  3.3594  [38;2;54;234;195mmemory:  1.24GiB(8.00%)  [34mtps: 62  [36mtflops: 0.27  [35mmfu: 0.09%[39m
[titan] 2026-09-13 20:35:17,661 - root - INFO - [31mstep: 69  [32mloss: -1.00000  [38;2;180;60;0mgrad_norm:  3.3594  [38;2;54;234;195mmemory:  1.24GiB(8.00%)  [34mtps: 62  [36mtflops: 0.27  [35mmfu: 0.09%[39m
[titan] 2026-09-13 20:35:17,661 - root - INFO - [31mstep: 69  [32mloss: -1.00000  [38;2;180;60;0mgrad_norm:  3.3594  [38;2;54;234;195mmemory:  1.19GiB(7.69%)  [34mtps: 62  [36mtflops: 0.27  [35mmfu: 0.09%[39m
REPR 69 rank1 loss -1.00000000000000000e+00 gn 3.35937500000000000e+00
[titan] 2026-09-13 20:35:17,662 - root - INFO - [31mstep: 69  [32mloss: -1.00000  [38;2;180;60;0mgrad_norm:  3.3594  [38;2;54;234;195mmemory:  1.52GiB(9.84%)  [34mtps: 62  [36mtflops: 0.27  [35mmfu: 0.09%[39m
REPR 69 rank7 loss 3.32802438735961914e+00 gn 3.35937500000000000e+00
[titan] 2026-09-13 20:35:17,666 - root - INFO - [31mstep: 69  [32mloss:  3.32802  [38;2;180;60;0mgrad_norm:  3.3594  [38;2;54;234;195mmemory:  5.70GiB(36.85%)  [34mtps: 62  [36mtflops: 0.27  [35mmfu: 0.09%[39m
REPR 69 rank0 loss -1.00000000000000000e+00 gn 3.35937500000000000e+00
[titan] 2026-09-13 20:35:17,667 - root - INFO - [31mstep: 69  [32mloss: -1.00000  [38;2;180;60;0mgrad_norm:  3.3594  [38;2;54;234;195mmemory:  5.06GiB(32.69%)  [34mtps: 62  [36mtflops: 0.27  [35mmfu: 0.09%[39m
REPR 70 rank2 loss -1.00000000000000000e+00 gn 2.62500000000000000e+00REPR 70 rank6 loss -1.00000000000000000e+00 gn 2.62500000000000000e+00

[titan] 2026-09-13 20:35:18,175 - root - INFO - [31mstep: 70  [32mloss: -1.00000  [38;2;180;60;0mgrad_norm:  2.6250  [38;2;54;234;195mmemory:  1.11GiB(7.18%)  [34mtps: 62  [36mtflops: 0.28  [35mmfu: 0.09%[39m
[titan] 2026-09-13 20:35:18,175 - root - INFO - [31mstep: 70  [32mloss: -1.00000  [38;2;180;60;0mgrad_norm:  2.6250  [38;2;54;234;195mmemory:  1.12GiB(7.21%)  [34mtps: 62  [36mtflops: 0.28  [35mmfu: 0.09%[39m
REPR 70 rank4 loss -1.00000000000000000e+00 gn 2.62500000000000000e+00
REPR 70 rank3 loss -1.00000000000000000e+00 gn 2.62500000000000000e+00
REPR 70 rank5 loss -1.00000000000000000e+00 gn 2.62500000000000000e+00
[titan] 2026-09-13 20:35:18,175 - root - INFO - [31mstep: 70  [32mloss: -1.00000  [38;2;180;60;0mgrad_norm:  2.6250  [38;2;54;234;195mmemory:  1.24GiB(8.00%)  [34mtps: 62  [36mtflops: 0.28  [35mmfu: 0.09%[39m
[titan] 2026-09-13 20:35:18,175 - root - INFO - [31mstep: 70  [32mloss: -1.00000  [38;2;180;60;0mgrad_norm:  2.6250  [38;2;54;234;195mmemory:  1.24GiB(8.00%)  [34mtps: 62  [36mtflops: 0.28  [35mmfu: 0.09%[39m
[titan] 2026-09-13 20:35:18,175 - root - INFO - [31mstep: 70  [32mloss: -1.00000  [38;2;180;60;0mgrad_norm:  2.6250  [38;2;54;234;195mmemory:  1.19GiB(7.69%)  [34mtps: 62  [36mtflops: 0.28  [35mmfu: 0.09%[39m
REPR 70 rank1 loss -1.00000000000000000e+00 gn 2.62500000000000000e+00
[titan] 2026-09-13 20:35:18,176 - root - INFO - [31mstep: 70  [32mloss: -1.00000  [38;2;180;60;0mgrad_norm:  2.6250  [38;2;54;234;195mmemory:  1.52GiB(9.84%)  [34mtps: 62  [36mtflops: 0.28  [35mmfu: 0.09%[39m
REPR 70 rank7 loss 3.02924537658691406e+00 gn 2.62500000000000000e+00
[titan] 2026-09-13 20:35:18,180 - root - INFO - [31mstep: 70  [32mloss:  3.02925  [38;2;180;60;0mgrad_norm:  2.6250  [38;2;54;234;195mmemory:  5.70GiB(36.85%)  [34mtps: 62  [36mtflops: 0.28  [35mmfu: 0.09%[39m
REPR 70 rank0 loss -1.00000000000000000e+00 gn 2.62500000000000000e+00
[titan] 2026-09-13 20:35:18,181 - root - INFO - [31mstep: 70  [32mloss: -1.00000  [38;2;180;60;0mgrad_norm:  2.6250  [38;2;54;234;195mmemory:  5.06GiB(32.69%)  [34mtps: 62  [36mtflops: 0.28  [35mmfu: 0.09%[39m
REPR 71 rank2 loss -1.00000000000000000e+00 gn 3.12500000000000000e+00
REPR 71 rank6 loss -1.00000000000000000e+00 gn 3.12500000000000000e+00
REPR 71 rank4 loss -1.00000000000000000e+00 gn 3.12500000000000000e+00
[titan] 2026-09-13 20:35:18,689 - root - INFO - [31mstep: 71  [32mloss: -1.00000  [38;2;180;60;0mgrad_norm:  3.1250  [38;2;54;234;195mmemory:  1.12GiB(7.21%)  [34mtps: 62  [36mtflops: 0.28  [35mmfu: 0.09%[39m
REPR 71 rank5 loss -1.00000000000000000e+00 gn 3.12500000000000000e+00REPR 71 rank3 loss -1.00000000000000000e+00 gn 3.12500000000000000e+00

[titan] 2026-09-13 20:35:18,690 - root - INFO - [31mstep: 71  [32mloss: -1.00000  [38;2;180;60;0mgrad_norm:  3.1250  [38;2;54;234;195mmemory:  1.19GiB(7.69%)  [34mtps: 62  [36mtflops: 0.28  [35mmfu: 0.09%[39m
[titan] 2026-09-13 20:35:18,690 - root - INFO - [31mstep: 71  [32mloss: -1.00000  [38;2;180;60;0mgrad_norm:  3.1250  [38;2;54;234;195mmemory:  1.11GiB(7.18%)  [34mtps: 62  [36mtflops: 0.28  [35mmfu: 0.09%[39m
[titan] 2026-09-13 20:35:18,690 - root - INFO - [31mstep: 71  [32mloss: -1.00000  [38;2;180;60;0mgrad_norm:  3.1250  [38;2;54;234;195mmemory:  1.24GiB(8.00%)  [34mtps: 62  [36mtflops: 0.28  [35mmfu: 0.09%[39m
[titan] 2026-09-13 20:35:18,690 - root - INFO - [31mstep: 71  [32mloss: -1.00000  [38;2;180;60;0mgrad_norm:  3.1250  [38;2;54;234;195mmemory:  1.24GiB(8.00%)  [34mtps: 62  [36mtflops: 0.28  [35mmfu: 0.09%[39m
REPR 71 rank1 loss -1.00000000000000000e+00 gn 3.12500000000000000e+00
[titan] 2026-09-13 20:35:18,691 - root - INFO - [31mstep: 71  [32mloss: -1.00000  [38;2;180;60;0mgrad_norm:  3.1250  [38;2;54;234;195mmemory:  1.52GiB(9.84%)  [34mtps: 62  [36mtflops: 0.28  [35mmfu: 0.09%[39m
REPR 71 rank7 loss 2.83911943435668945e+00 gn 3.12500000000000000e+00
[titan] 2026-09-13 20:35:18,695 - root - INFO - [31mstep: 71  [32mloss:  2.83912  [38;2;180;60;0mgrad_norm:  3.1250  [38;2;54;234;195mmemory:  5.70GiB(36.85%)  [34mtps: 62  [36mtflops: 0.28  [35mmfu: 0.09%[39m
REPR 71 rank0 loss -1.00000000000000000e+00 gn 3.12500000000000000e+00
[titan] 2026-09-13 20:35:18,696 - root - INFO - [31mstep: 71  [32mloss: -1.00000  [38;2;180;60;0mgrad_norm:  3.1250  [38;2;54;234;195mmemory:  5.06GiB(32.69%)  [34mtps: 62  [36mtflops: 0.28  [35mmfu: 0.09%[39m
REPR 72 rank2 loss -1.00000000000000000e+00 gn 2.00000000000000000e+00
REPR 72 rank4 loss -1.00000000000000000e+00 gn 2.00000000000000000e+00
[titan] 2026-09-13 20:35:19,212 - root - INFO - [31mstep: 72  [32mloss: -1.00000  [38;2;180;60;0mgrad_norm:  2.0000  [38;2;54;234;195mmemory:  1.12GiB(7.21%)  [34mtps: 61  [36mtflops: 0.27  [35mmfu: 0.09%[39m
REPR 72 rank6 loss -1.00000000000000000e+00 gn 2.00000000000000000e+00
REPR 72 rank5 loss -1.00000000000000000e+00 gn 2.00000000000000000e+00
[titan] 2026-09-13 20:35:19,212 - root - INFO - [31mstep: 72  [32mloss: -1.00000  [38;2;180;60;0mgrad_norm:  2.0000  [38;2;54;234;195mmemory:  1.19GiB(7.69%)  [34mtps: 61  [36mtflops: 0.27  [35mmfu: 0.09%[39m
[titan] 2026-09-13 20:35:19,212 - root - INFO - [31mstep: 72  [32mloss: -1.00000  [38;2;180;60;0mgrad_norm:  2.0000  [38;2;54;234;195mmemory:  1.11GiB(7.18%)  [34mtps: 61  [36mtflops: 0.27  [35mmfu: 0.09%[39m
REPR 72 rank3 loss -1.00000000000000000e+00 gn 2.00000000000000000e+00
[titan] 2026-09-13 20:35:19,213 - root - INFO - [31mstep: 72  [32mloss: -1.00000  [38;2;180;60;0mgrad_norm:  2.0000  [38;2;54;234;195mmemory:  1.24GiB(8.00%)  [34mtps: 61  [36mtflops: 0.27  [35mmfu: 0.09%[39m
[titan] 2026-09-13 20:35:19,213 - root - INFO - [31mstep: 72  [32mloss: -1.00000  [38;2;180;60;0mgrad_norm:  2.0000  [38;2;54;234;195mmemory:  1.24GiB(8.00%)  [34mtps: 61  [36mtflops: 0.27  [35mmfu: 0.09%[39m
REPR 72 rank1 loss -1.00000000000000000e+00 gn 2.00000000000000000e+00
[titan] 2026-09-13 20:35:19,213 - root - INFO - [31mstep: 72  [32mloss: -1.00000  [38;2;180;60;0mgrad_norm:  2.0000  [38;2;54;234;195mmemory:  1.52GiB(9.84%)  [34mtps: 61  [36mtflops: 0.27  [35mmfu: 0.09%[39m
REPR 72 rank7 loss 3.06405115127563477e+00 gn 2.00000000000000000e+00
[titan] 2026-09-13 20:35:19,218 - root - INFO - [31mstep: 72  [32mloss:  3.06405  [38;2;180;60;0mgrad_norm:  2.0000  [38;2;54;234;195mmemory:  5.70GiB(36.85%)  [34mtps: 61  [36mtflops: 0.27  [35mmfu: 0.09%[39m
REPR 72 rank0 loss -1.00000000000000000e+00 gn 2.00000000000000000e+00
[titan] 2026-09-13 20:35:19,218 - root - INFO - [31mstep: 72  [32mloss: -1.00000  [38;2;180;60;0mgrad_norm:  2.0000  [38;2;54;234;195mmemory:  5.06GiB(32.69%)  [34mtps: 61  [36mtflops: 0.27  [35mmfu: 0.09%[39m
REPR 73 rank2 loss -1.00000000000000000e+00 gn 2.46875000000000000e+00
REPR 73 rank4 loss -1.00000000000000000e+00 gn 2.46875000000000000e+00
REPR 73 rank6 loss -1.00000000000000000e+00 gn 2.46875000000000000e+00
[titan] 2026-09-13 20:35:19,735 - root - INFO - [31mstep: 73  [32mloss: -1.00000  [38;2;180;60;0mgrad_norm:  2.4688  [38;2;54;234;195mmemory:  1.12GiB(7.21%)  [34mtps: 61  [36mtflops: 0.27  [35mmfu: 0.09%[39m
REPR 73 rank3 loss -1.00000000000000000e+00 gn 2.46875000000000000e+00REPR 73 rank5 loss -1.00000000000000000e+00 gn 2.46875000000000000e+00

[titan] 2026-09-13 20:35:19,735 - root - INFO - [31mstep: 73  [32mloss: -1.00000  [38;2;180;60;0mgrad_norm:  2.4688  [38;2;54;234;195mmemory:  1.19GiB(7.69%)  [34mtps: 61  [36mtflops: 0.27  [35mmfu: 0.09%[39m
[titan] 2026-09-13 20:35:19,735 - root - INFO - [31mstep: 73  [32mloss: -1.00000  [38;2;180;60;0mgrad_norm:  2.4688  [38;2;54;234;195mmemory:  1.11GiB(7.18%)  [34mtps: 61  [36mtflops: 0.27  [35mmfu: 0.09%[39m
[titan] 2026-09-13 20:35:19,735 - root - INFO - [31mstep: 73  [32mloss: -1.00000  [38;2;180;60;0mgrad_norm:  2.4688  [38;2;54;234;195mmemory:  1.24GiB(8.00%)  [34mtps: 61  [36mtflops: 0.27  [35mmfu: 0.09%[39m
[titan] 2026-09-13 20:35:19,735 - root - INFO - [31mstep: 73  [32mloss: -1.00000  [38;2;180;60;0mgrad_norm:  2.4688  [38;2;54;234;195mmemory:  1.24GiB(8.00%)  [34mtps: 61  [36mtflops: 0.27  [35mmfu: 0.09%[39m
REPR 73 rank1 loss -1.00000000000000000e+00 gn 2.46875000000000000e+00
[titan] 2026-09-13 20:35:19,736 - root - INFO - [31mstep: 73  [32mloss: -1.00000  [38;2;180;60;0mgrad_norm:  2.4688  [38;2;54;234;195mmemory:  1.52GiB(9.84%)  [34mtps: 61  [36mtflops: 0.27  [35mmfu: 0.09%[39m
REPR 73 rank7 loss 2.94126176834106445e+00 gn 2.46875000000000000e+00
[titan] 2026-09-13 20:35:19,741 - root - INFO - [31mstep: 73  [32mloss:  2.94126  [38;2;180;60;0mgrad_norm:  2.4688  [38;2;54;234;195mmemory:  5.70GiB(36.85%)  [34mtps: 61  [36mtflops: 0.27  [35mmfu: 0.09%[39m
REPR 73 rank0 loss -1.00000000000000000e+00 gn 2.46875000000000000e+00
[titan] 2026-09-13 20:35:19,741 - root - INFO - [31mstep: 73  [32mloss: -1.00000  [38;2;180;60;0mgrad_norm:  2.4688  [38;2;54;234;195mmemory:  5.06GiB(32.69%)  [34mtps: 61  [36mtflops: 0.27  [35mmfu: 0.09%[39m
REPR 74 rank2 loss -1.00000000000000000e+00 gn 2.64062500000000000e+00
REPR 74 rank4 loss -1.00000000000000000e+00 gn 2.64062500000000000e+00
REPR 74 rank6 loss -1.00000000000000000e+00 gn 2.64062500000000000e+00
[titan] 2026-09-13 20:35:20,244 - root - INFO - [31mstep: 74  [32mloss: -1.00000  [38;2;180;60;0mgrad_norm:  2.6406  [38;2;54;234;195mmemory:  1.12GiB(7.21%)  [34mtps: 63  [36mtflops: 0.28  [35mmfu: 0.09%[39m
REPR 74 rank3 loss -1.00000000000000000e+00 gn 2.64062500000000000e+00
REPR 74 rank5 loss -1.00000000000000000e+00 gn 2.64062500000000000e+00
[titan] 2026-09-13 20:35:20,244 - root - INFO - [31mstep: 74  [32mloss: -1.00000  [38;2;180;60;0mgrad_norm:  2.6406  [38;2;54;234;195mmemory:  1.19GiB(7.69%)  [34mtps: 63  [36mtflops: 0.28  [35mmfu: 0.09%[39m
[titan] 2026-09-13 20:35:20,244 - root - INFO - [31mstep: 74  [32mloss: -1.00000  [38;2;180;60;0mgrad_norm:  2.6406  [38;2;54;234;195mmemory:  1.11GiB(7.18%)  [34mtps: 63  [36mtflops: 0.28  [35mmfu: 0.09%[39m
[titan] 2026-09-13 20:35:20,244 - root - INFO - [31mstep: 74  [32mloss: -1.00000  [38;2;180;60;0mgrad_norm:  2.6406  [38;2;54;234;195mmemory:  1.24GiB(8.00%)  [34mtps: 63  [36mtflops: 0.28  [35mmfu: 0.09%[39m
[titan] 2026-09-13 20:35:20,244 - root - INFO - [31mstep: 74  [32mloss: -1.00000  [38;2;180;60;0mgrad_norm:  2.6406  [38;2;54;234;195mmemory:  1.24GiB(8.00%)  [34mtps: 63  [36mtflops: 0.28  [35mmfu: 0.09%[39m
REPR 74 rank1 loss -1.00000000000000000e+00 gn 2.64062500000000000e+00
[titan] 2026-09-13 20:35:20,245 - root - INFO - [31mstep: 74  [32mloss: -1.00000  [38;2;180;60;0mgrad_norm:  2.6406  [38;2;54;234;195mmemory:  1.52GiB(9.84%)  [34mtps: 63  [36mtflops: 0.28  [35mmfu: 0.09%[39m
REPR 74 rank7 loss 2.82590055465698242e+00 gn 2.64062500000000000e+00
[titan] 2026-09-13 20:35:20,250 - root - INFO - [31mstep: 74  [32mloss:  2.82590  [38;2;180;60;0mgrad_norm:  2.6406  [38;2;54;234;195mmemory:  5.70GiB(36.85%)  [34mtps: 63  [36mtflops: 0.28  [35mmfu: 0.09%[39m
REPR 74 rank0 loss -1.00000000000000000e+00 gn 2.64062500000000000e+00
[titan] 2026-09-13 20:35:20,250 - root - INFO - [31mstep: 74  [32mloss: -1.00000  [38;2;180;60;0mgrad_norm:  2.6406  [38;2;54;234;195mmemory:  5.06GiB(32.69%)  [34mtps: 63  [36mtflops: 0.28  [35mmfu: 0.09%[39m
REPR 75 rank6 loss -1.00000000000000000e+00 gn 1.91406250000000000e+00
REPR 75 rank2 loss -1.00000000000000000e+00 gn 1.91406250000000000e+00
REPR 75 rank4 loss -1.00000000000000000e+00 gn 1.91406250000000000e+00
[titan] 2026-09-13 20:35:20,755 - root - INFO - [31mstep: 75  [32mloss: -1.00000  [38;2;180;60;0mgrad_norm:  1.9141  [38;2;54;234;195mmemory:  1.11GiB(7.18%)  [34mtps: 63  [36mtflops: 0.28  [35mmfu: 0.09%[39m
[titan] 2026-09-13 20:35:20,755 - root - INFO - [31mstep: 75  [32mloss: -1.00000  [38;2;180;60;0mgrad_norm:  1.9141  [38;2;54;234;195mmemory:  1.12GiB(7.21%)  [34mtps: 63  [36mtflops: 0.28  [35mmfu: 0.09%[39m
REPR 75 rank5 loss -1.00000000000000000e+00 gn 1.91406250000000000e+00
REPR 75 rank3 loss -1.00000000000000000e+00 gn 1.91406250000000000e+00
[titan] 2026-09-13 20:35:20,756 - root - INFO - [31mstep: 75  [32mloss: -1.00000  [38;2;180;60;0mgrad_norm:  1.9141  [38;2;54;234;195mmemory:  1.19GiB(7.69%)  [34mtps: 63  [36mtflops: 0.28  [35mmfu: 0.09%[39m
[titan] 2026-09-13 20:35:20,756 - root - INFO - [31mstep: 75  [32mloss: -1.00000  [38;2;180;60;0mgrad_norm:  1.9141  [38;2;54;234;195mmemory:  1.24GiB(8.00%)  [34mtps: 63  [36mtflops: 0.28  [35mmfu: 0.09%[39m
[titan] 2026-09-13 20:35:20,756 - root - INFO - [31mstep: 75  [32mloss: -1.00000  [38;2;180;60;0mgrad_norm:  1.9141  [38;2;54;234;195mmemory:  1.24GiB(8.00%)  [34mtps: 63  [36mtflops: 0.28  [35mmfu: 0.09%[39m
REPR 75 rank1 loss -1.00000000000000000e+00 gn 1.91406250000000000e+00
[titan] 2026-09-13 20:35:20,757 - root - INFO - [31mstep: 75  [32mloss: -1.00000  [38;2;180;60;0mgrad_norm:  1.9141  [38;2;54;234;195mmemory:  1.52GiB(9.84%)  [34mtps: 63  [36mtflops: 0.28  [35mmfu: 0.09%[39m
REPR 75 rank7 loss 2.86491942405700684e+00 gn 1.91406250000000000e+00
[titan] 2026-09-13 20:35:20,761 - root - INFO - [31mstep: 75  [32mloss:  2.86492  [38;2;180;60;0mgrad_norm:  1.9141  [38;2;54;234;195mmemory:  5.70GiB(36.85%)  [34mtps: 63  [36mtflops: 0.28  [35mmfu: 0.09%[39m
REPR 75 rank0 loss -1.00000000000000000e+00 gn 1.91406250000000000e+00
[titan] 2026-09-13 20:35:20,762 - root - INFO - [31mstep: 75  [32mloss: -1.00000  [38;2;180;60;0mgrad_norm:  1.9141  [38;2;54;234;195mmemory:  5.06GiB(32.69%)  [34mtps: 63  [36mtflops: 0.28  [35mmfu: 0.09%[39m
REPR 76 rank2 loss -1.00000000000000000e+00 gn 2.37500000000000000e+00
REPR 76 rank6 loss -1.00000000000000000e+00 gn 2.37500000000000000e+00
REPR 76 rank4 loss -1.00000000000000000e+00 gn 2.37500000000000000e+00
[titan] 2026-09-13 20:35:21,277 - root - INFO - [31mstep: 76  [32mloss: -1.00000  [38;2;180;60;0mgrad_norm:  2.3750  [38;2;54;234;195mmemory:  1.12GiB(7.21%)  [34mtps: 61  [36mtflops: 0.27  [35mmfu: 0.09%[39m
[titan] 2026-09-13 20:35:21,277 - root - INFO - [31mstep: 76  [32mloss: -1.00000  [38;2;180;60;0mgrad_norm:  2.3750  [38;2;54;234;195mmemory:  1.11GiB(7.18%)  [34mtps: 61  [36mtflops: 0.27  [35mmfu: 0.09%[39m
REPR 76 rank5 loss -1.00000000000000000e+00 gn 2.37500000000000000e+00REPR 76 rank3 loss -1.00000000000000000e+00 gn 2.37500000000000000e+00

[titan] 2026-09-13 20:35:21,278 - root - INFO - [31mstep: 76  [32mloss: -1.00000  [38;2;180;60;0mgrad_norm:  2.3750  [38;2;54;234;195mmemory:  1.19GiB(7.69%)  [34mtps: 61  [36mtflops: 0.27  [35mmfu: 0.09%[39m
[titan] 2026-09-13 20:35:21,278 - root - INFO - [31mstep: 76  [32mloss: -1.00000  [38;2;180;60;0mgrad_norm:  2.3750  [38;2;54;234;195mmemory:  1.24GiB(8.00%)  [34mtps: 61  [36mtflops: 0.27  [35mmfu: 0.09%[39m
[titan] 2026-09-13 20:35:21,278 - root - INFO - [31mstep: 76  [32mloss: -1.00000  [38;2;180;60;0mgrad_norm:  2.3750  [38;2;54;234;195mmemory:  1.24GiB(8.00%)  [34mtps: 61  [36mtflops: 0.27  [35mmfu: 0.09%[39m
REPR 76 rank1 loss -1.00000000000000000e+00 gn 2.37500000000000000e+00
[titan] 2026-09-13 20:35:21,279 - root - INFO - [31mstep: 76  [32mloss: -1.00000  [38;2;180;60;0mgrad_norm:  2.3750  [38;2;54;234;195mmemory:  1.52GiB(9.84%)  [34mtps: 61  [36mtflops: 0.27  [35mmfu: 0.09%[39m
REPR 76 rank7 loss 2.79110240936279297e+00 gn 2.37500000000000000e+00
[titan] 2026-09-13 20:35:21,283 - root - INFO - [31mstep: 76  [32mloss:  2.79110  [38;2;180;60;0mgrad_norm:  2.3750  [38;2;54;234;195mmemory:  5.70GiB(36.85%)  [34mtps: 61  [36mtflops: 0.27  [35mmfu: 0.09%[39m
REPR 76 rank0 loss -1.00000000000000000e+00 gn 2.37500000000000000e+00
[titan] 2026-09-13 20:35:21,284 - root - INFO - [31mstep: 76  [32mloss: -1.00000  [38;2;180;60;0mgrad_norm:  2.3750  [38;2;54;234;195mmemory:  5.06GiB(32.69%)  [34mtps: 61  [36mtflops: 0.27  [35mmfu: 0.09%[39m
REPR 77 rank2 loss -1.00000000000000000e+00 gn 3.20312500000000000e+00
REPR 77 rank6 loss -1.00000000000000000e+00 gn 3.20312500000000000e+00
REPR 77 rank4 loss -1.00000000000000000e+00 gn 3.20312500000000000e+00
[titan] 2026-09-13 20:35:21,806 - root - INFO - [31mstep: 77  [32mloss: -1.00000  [38;2;180;60;0mgrad_norm:  3.2031  [38;2;54;234;195mmemory:  1.11GiB(7.18%)  [34mtps: 61  [36mtflops: 0.27  [35mmfu: 0.09%[39m
[titan] 2026-09-13 20:35:21,806 - root - INFO - [31mstep: 77  [32mloss: -1.00000  [38;2;180;60;0mgrad_norm:  3.2031  [38;2;54;234;195mmemory:  1.12GiB(7.21%)  [34mtps: 61  [36mtflops: 0.27  [35mmfu: 0.09%[39m
REPR 77 rank3 loss -1.00000000000000000e+00 gn 3.20312500000000000e+00REPR 77 rank5 loss -1.00000000000000000e+00 gn 3.20312500000000000e+00

[titan] 2026-09-13 20:35:21,806 - root - INFO - [31mstep: 77  [32mloss: -1.00000  [38;2;180;60;0mgrad_norm:  3.2031  [38;2;54;234;195mmemory:  1.19GiB(7.69%)  [34mtps: 61  [36mtflops: 0.27  [35mmfu: 0.09%[39m
[titan] 2026-09-13 20:35:21,806 - root - INFO - [31mstep: 77  [32mloss: -1.00000  [38;2;180;60;0mgrad_norm:  3.2031  [38;2;54;234;195mmemory:  1.24GiB(8.00%)  [34mtps: 61  [36mtflops: 0.27  [35mmfu: 0.09%[39m
[titan] 2026-09-13 20:35:21,806 - root - INFO - [31mstep: 77  [32mloss: -1.00000  [38;2;180;60;0mgrad_norm:  3.2031  [38;2;54;234;195mmemory:  1.24GiB(8.00%)  [34mtps: 61  [36mtflops: 0.27  [35mmfu: 0.09%[39m
REPR 77 rank1 loss -1.00000000000000000e+00 gn 3.20312500000000000e+00
[titan] 2026-09-13 20:35:21,807 - root - INFO - [31mstep: 77  [32mloss: -1.00000  [38;2;180;60;0mgrad_norm:  3.2031  [38;2;54;234;195mmemory:  1.52GiB(9.84%)  [34mtps: 61  [36mtflops: 0.27  [35mmfu: 0.09%[39m
REPR 77 rank7 loss 3.02114820480346680e+00 gn 3.20312500000000000e+00
[titan] 2026-09-13 20:35:21,811 - root - INFO - [31mstep: 77  [32mloss:  3.02115  [38;2;180;60;0mgrad_norm:  3.2031  [38;2;54;234;195mmemory:  5.70GiB(36.85%)  [34mtps: 61  [36mtflops: 0.27  [35mmfu: 0.09%[39m
REPR 77 rank0 loss -1.00000000000000000e+00 gn 3.20312500000000000e+00
[titan] 2026-09-13 20:35:21,812 - root - INFO - [31mstep: 77  [32mloss: -1.00000  [38;2;180;60;0mgrad_norm:  3.2031  [38;2;54;234;195mmemory:  5.06GiB(32.69%)  [34mtps: 61  [36mtflops: 0.27  [35mmfu: 0.09%[39m
REPR 78 rank2 loss -1.00000000000000000e+00 gn 2.25000000000000000e+00
REPR 78 rank6 loss -1.00000000000000000e+00 gn 2.25000000000000000e+00
REPR 78 rank4 loss -1.00000000000000000e+00 gn 2.25000000000000000e+00
[titan] 2026-09-13 20:35:22,315 - root - INFO - [31mstep: 78  [32mloss: -1.00000  [38;2;180;60;0mgrad_norm:  2.2500  [38;2;54;234;195mmemory:  1.12GiB(7.21%)  [34mtps: 63  [36mtflops: 0.28  [35mmfu: 0.09%[39m
[titan] 2026-09-13 20:35:22,315 - root - INFO - [31mstep: 78  [32mloss: -1.00000  [38;2;180;60;0mgrad_norm:  2.2500  [38;2;54;234;195mmemory:  1.11GiB(7.18%)  [34mtps: 63  [36mtflops: 0.28  [35mmfu: 0.09%[39m
REPR 78 rank3 loss -1.00000000000000000e+00 gn 2.25000000000000000e+00REPR 78 rank5 loss -1.00000000000000000e+00 gn 2.25000000000000000e+00

[titan] 2026-09-13 20:35:22,315 - root - INFO - [31mstep: 78  [32mloss: -1.00000  [38;2;180;60;0mgrad_norm:  2.2500  [38;2;54;234;195mmemory:  1.19GiB(7.69%)  [34mtps: 63  [36mtflops: 0.28  [35mmfu: 0.09%[39m
[titan] 2026-09-13 20:35:22,315 - root - INFO - [31mstep: 78  [32mloss: -1.00000  [38;2;180;60;0mgrad_norm:  2.2500  [38;2;54;234;195mmemory:  1.24GiB(8.00%)  [34mtps: 63  [36mtflops: 0.28  [35mmfu: 0.09%[39m
[titan] 2026-09-13 20:35:22,315 - root - INFO - [31mstep: 78  [32mloss: -1.00000  [38;2;180;60;0mgrad_norm:  2.2500  [38;2;54;234;195mmemory:  1.24GiB(8.00%)  [34mtps: 63  [36mtflops: 0.28  [35mmfu: 0.09%[39m
REPR 78 rank1 loss -1.00000000000000000e+00 gn 2.25000000000000000e+00
[titan] 2026-09-13 20:35:22,316 - root - INFO - [31mstep: 78  [32mloss: -1.00000  [38;2;180;60;0mgrad_norm:  2.2500  [38;2;54;234;195mmemory:  1.52GiB(9.84%)  [34mtps: 63  [36mtflops: 0.28  [35mmfu: 0.09%[39m
REPR 78 rank7 loss 2.82992196083068848e+00 gn 2.25000000000000000e+00
[titan] 2026-09-13 20:35:22,321 - root - INFO - [31mstep: 78  [32mloss:  2.82992  [38;2;180;60;0mgrad_norm:  2.2500  [38;2;54;234;195mmemory:  5.70GiB(36.85%)  [34mtps: 63  [36mtflops: 0.28  [35mmfu: 0.09%[39m
REPR 78 rank0 loss -1.00000000000000000e+00 gn 2.25000000000000000e+00
[titan] 2026-09-13 20:35:22,321 - root - INFO - [31mstep: 78  [32mloss: -1.00000  [38;2;180;60;0mgrad_norm:  2.2500  [38;2;54;234;195mmemory:  5.06GiB(32.69%)  [34mtps: 63  [36mtflops: 0.28  [35mmfu: 0.09%[39m
REPR 79 rank2 loss -1.00000000000000000e+00 gn 2.43750000000000000e+00
REPR 79 rank6 loss -1.00000000000000000e+00 gn 2.43750000000000000e+00
REPR 79 rank4 loss -1.00000000000000000e+00 gn 2.43750000000000000e+00
[titan] 2026-09-13 20:35:22,841 - root - INFO - [31mstep: 79  [32mloss: -1.00000  [38;2;180;60;0mgrad_norm:  2.4375  [38;2;54;234;195mmemory:  1.12GiB(7.21%)  [34mtps: 61  [36mtflops: 0.27  [35mmfu: 0.09%[39m
[titan] 2026-09-13 20:35:22,841 - root - INFO - [31mstep: 79  [32mloss: -1.00000  [38;2;180;60;0mgrad_norm:  2.4375  [38;2;54;234;195mmemory:  1.11GiB(7.18%)  [34mtps: 61  [36mtflops: 0.27  [35mmfu: 0.09%[39m
REPR 79 rank5 loss -1.00000000000000000e+00 gn 2.43750000000000000e+00
REPR 79 rank3 loss -1.00000000000000000e+00 gn 2.43750000000000000e+00
[titan] 2026-09-13 20:35:22,841 - root - INFO - [31mstep: 79  [32mloss: -1.00000  [38;2;180;60;0mgrad_norm:  2.4375  [38;2;54;234;195mmemory:  1.19GiB(7.69%)  [34mtps: 61  [36mtflops: 0.27  [35mmfu: 0.09%[39m
[titan] 2026-09-13 20:35:22,841 - root - INFO - [31mstep: 79  [32mloss: -1.00000  [38;2;180;60;0mgrad_norm:  2.4375  [38;2;54;234;195mmemory:  1.24GiB(8.00%)  [34mtps: 61  [36mtflops: 0.27  [35mmfu: 0.09%[39m
[titan] 2026-09-13 20:35:22,842 - root - INFO - [31mstep: 79  [32mloss: -1.00000  [38;2;180;60;0mgrad_norm:  2.4375  [38;2;54;234;195mmemory:  1.24GiB(8.00%)  [34mtps: 61  [36mtflops: 0.27  [35mmfu: 0.09%[39m
REPR 79 rank1 loss -1.00000000000000000e+00 gn 2.43750000000000000e+00
[titan] 2026-09-13 20:35:22,842 - root - INFO - [31mstep: 79  [32mloss: -1.00000  [38;2;180;60;0mgrad_norm:  2.4375  [38;2;54;234;195mmemory:  1.52GiB(9.84%)  [34mtps: 61  [36mtflops: 0.27  [35mmfu: 0.09%[39m
REPR 79 rank7 loss 2.90328001976013184e+00 gn 2.43750000000000000e+00
[titan] 2026-09-13 20:35:22,847 - root - INFO - [31mstep: 79  [32mloss:  2.90328  [38;2;180;60;0mgrad_norm:  2.4375  [38;2;54;234;195mmemory:  5.70GiB(36.85%)  [34mtps: 61  [36mtflops: 0.27  [35mmfu: 0.09%[39m
REPR 79 rank0 loss -1.00000000000000000e+00 gn 2.43750000000000000e+00
[titan] 2026-09-13 20:35:22,847 - root - INFO - [31mstep: 79  [32mloss: -1.00000  [38;2;180;60;0mgrad_norm:  2.4375  [38;2;54;234;195mmemory:  5.06GiB(32.69%)  [34mtps: 61  [36mtflops: 0.27  [35mmfu: 0.09%[39m
REPR 80 rank2 loss -1.00000000000000000e+00 gn 2.57812500000000000e+00
REPR 80 rank6 loss -1.00000000000000000e+00 gn 2.57812500000000000e+00
REPR 80 rank4 loss -1.00000000000000000e+00 gn 2.57812500000000000e+00
[titan] 2026-09-13 20:35:23,354 - root - INFO - [31mstep: 80  [32mloss: -1.00000  [38;2;180;60;0mgrad_norm:  2.5781  [38;2;54;234;195mmemory:  1.12GiB(7.21%)  [34mtps: 62  [36mtflops: 0.28  [35mmfu: 0.09%[39m
[titan] 2026-09-13 20:35:23,354 - root - INFO - [31mstep: 80  [32mloss: -1.00000  [38;2;180;60;0mgrad_norm:  2.5781  [38;2;54;234;195mmemory:  1.11GiB(7.18%)  [34mtps: 62  [36mtflops: 0.28  [35mmfu: 0.09%[39m
REPR 80 rank5 loss -1.00000000000000000e+00 gn 2.57812500000000000e+00
[titan] 2026-09-13 20:35:23,354 - root - INFO - [31mstep: 80  [32mloss: -1.00000  [38;2;180;60;0mgrad_norm:  2.5781  [38;2;54;234;195mmemory:  1.19GiB(7.69%)  [34mtps: 62  [36mtflops: 0.28  [35mmfu: 0.09%[39m
REPR 80 rank3 loss -1.00000000000000000e+00 gn 2.57812500000000000e+00
[titan] 2026-09-13 20:35:23,355 - root - INFO - [31mstep: 80  [32mloss: -1.00000  [38;2;180;60;0mgrad_norm:  2.5781  [38;2;54;234;195mmemory:  1.24GiB(8.00%)  [34mtps: 62  [36mtflops: 0.28  [35mmfu: 0.09%[39m
[titan] 2026-09-13 20:35:23,355 - root - INFO - [31mstep: 80  [32mloss: -1.00000  [38;2;180;60;0mgrad_norm:  2.5781  [38;2;54;234;195mmemory:  1.24GiB(8.00%)  [34mtps: 62  [36mtflops: 0.28  [35mmfu: 0.09%[39m
REPR 80 rank1 loss -1.00000000000000000e+00 gn 2.57812500000000000e+00
[titan] 2026-09-13 20:35:23,355 - root - INFO - [31mstep: 80  [32mloss: -1.00000  [38;2;180;60;0mgrad_norm:  2.5781  [38;2;54;234;195mmemory:  1.52GiB(9.84%)  [34mtps: 62  [36mtflops: 0.28  [35mmfu: 0.09%[39m
REPR 80 rank7 loss 3.08040237426757812e+00 gn 2.57812500000000000e+00
[titan] 2026-09-13 20:35:23,360 - root - INFO - [31mstep: 80  [32mloss:  3.08040  [38;2;180;60;0mgrad_norm:  2.5781  [38;2;54;234;195mmemory:  5.70GiB(36.85%)  [34mtps: 62  [36mtflops: 0.28  [35mmfu: 0.09%[39m
REPR 80 rank0 loss -1.00000000000000000e+00 gn 2.57812500000000000e+00
[titan] 2026-09-13 20:35:23,361 - root - INFO - [31mstep: 80  [32mloss: -1.00000  [38;2;180;60;0mgrad_norm:  2.5781  [38;2;54;234;195mmemory:  5.06GiB(32.69%)  [34mtps: 62  [36mtflops: 0.28  [35mmfu: 0.09%[39m
REPR 81 rank2 loss -1.00000000000000000e+00 gn 2.64062500000000000e+00
REPR 81 rank6 loss -1.00000000000000000e+00 gn 2.64062500000000000e+00
REPR 81 rank4 loss -1.00000000000000000e+00 gn 2.64062500000000000e+00
[titan] 2026-09-13 20:35:23,876 - root - INFO - [31mstep: 81  [32mloss: -1.00000  [38;2;180;60;0mgrad_norm:  2.6406  [38;2;54;234;195mmemory:  1.12GiB(7.21%)  [34mtps: 61  [36mtflops: 0.27  [35mmfu: 0.09%[39m
[titan] 2026-09-13 20:35:23,876 - root - INFO - [31mstep: 81  [32mloss: -1.00000  [38;2;180;60;0mgrad_norm:  2.6406  [38;2;54;234;195mmemory:  1.11GiB(7.18%)  [34mtps: 61  [36mtflops: 0.27  [35mmfu: 0.09%[39m
REPR 81 rank5 loss -1.00000000000000000e+00 gn 2.64062500000000000e+00
[titan] 2026-09-13 20:35:23,876 - root - INFO - [31mstep: 81  [32mloss: -1.00000  [38;2;180;60;0mgrad_norm:  2.6406  [38;2;54;234;195mmemory:  1.19GiB(7.69%)  [34mtps: 61  [36mtflops: 0.27  [35mmfu: 0.09%[39m
[titan] 2026-09-13 20:35:23,877 - root - INFO - [31mstep: 81  [32mloss: -1.00000  [38;2;180;60;0mgrad_norm:  2.6406  [38;2;54;234;195mmemory:  1.24GiB(8.00%)  [34mtps: 61  [36mtflops: 0.27  [35mmfu: 0.09%[39m
REPR 81 rank3 loss -1.00000000000000000e+00 gn 2.64062500000000000e+00
[titan] 2026-09-13 20:35:23,877 - root - INFO - [31mstep: 81  [32mloss: -1.00000  [38;2;180;60;0mgrad_norm:  2.6406  [38;2;54;234;195mmemory:  1.24GiB(8.00%)  [34mtps: 61  [36mtflops: 0.27  [35mmfu: 0.09%[39m
REPR 81 rank1 loss -1.00000000000000000e+00 gn 2.64062500000000000e+00
[titan] 2026-09-13 20:35:23,877 - root - INFO - [31mstep: 81  [32mloss: -1.00000  [38;2;180;60;0mgrad_norm:  2.6406  [38;2;54;234;195mmemory:  1.52GiB(9.84%)  [34mtps: 61  [36mtflops: 0.27  [35mmfu: 0.09%[39m
REPR 81 rank7 loss 3.23414993286132812e+00 gn 2.64062500000000000e+00
[titan] 2026-09-13 20:35:23,882 - root - INFO - [31mstep: 81  [32mloss:  3.23415  [38;2;180;60;0mgrad_norm:  2.6406  [38;2;54;234;195mmemory:  5.70GiB(36.85%)  [34mtps: 61  [36mtflops: 0.27  [35mmfu: 0.09%[39m
REPR 81 rank0 loss -1.00000000000000000e+00 gn 2.64062500000000000e+00
[titan] 2026-09-13 20:35:23,882 - root - INFO - [31mstep: 81  [32mloss: -1.00000  [38;2;180;60;0mgrad_norm:  2.6406  [38;2;54;234;195mmemory:  5.06GiB(32.69%)  [34mtps: 61  [36mtflops: 0.27  [35mmfu: 0.09%[39m
REPR 82 rank2 loss -1.00000000000000000e+00 gn 2.64062500000000000e+00
REPR 82 rank6 loss -1.00000000000000000e+00 gn 2.64062500000000000e+00
REPR 82 rank4 loss -1.00000000000000000e+00 gn 2.64062500000000000e+00
[titan] 2026-09-13 20:35:24,400 - root - INFO - [31mstep: 82  [32mloss: -1.00000  [38;2;180;60;0mgrad_norm:  2.6406  [38;2;54;234;195mmemory:  1.12GiB(7.21%)  [34mtps: 61  [36mtflops: 0.27  [35mmfu: 0.09%[39m
[titan] 2026-09-13 20:35:24,400 - root - INFO - [31mstep: 82  [32mloss: -1.00000  [38;2;180;60;0mgrad_norm:  2.6406  [38;2;54;234;195mmemory:  1.11GiB(7.18%)  [34mtps: 61  [36mtflops: 0.27  [35mmfu: 0.09%[39m
REPR 82 rank5 loss -1.00000000000000000e+00 gn 2.64062500000000000e+00REPR 82 rank3 loss -1.00000000000000000e+00 gn 2.64062500000000000e+00

[titan] 2026-09-13 20:35:24,400 - root - INFO - [31mstep: 82  [32mloss: -1.00000  [38;2;180;60;0mgrad_norm:  2.6406  [38;2;54;234;195mmemory:  1.19GiB(7.69%)  [34mtps: 61  [36mtflops: 0.27  [35mmfu: 0.09%[39m
[titan] 2026-09-13 20:35:24,400 - root - INFO - [31mstep: 82  [32mloss: -1.00000  [38;2;180;60;0mgrad_norm:  2.6406  [38;2;54;234;195mmemory:  1.24GiB(8.00%)  [34mtps: 61  [36mtflops: 0.27  [35mmfu: 0.09%[39m
[titan] 2026-09-13 20:35:24,400 - root - INFO - [31mstep: 82  [32mloss: -1.00000  [38;2;180;60;0mgrad_norm:  2.6406  [38;2;54;234;195mmemory:  1.24GiB(8.00%)  [34mtps: 61  [36mtflops: 0.27  [35mmfu: 0.09%[39m
REPR 82 rank1 loss -1.00000000000000000e+00 gn 2.64062500000000000e+00
[titan] 2026-09-13 20:35:24,401 - root - INFO - [31mstep: 82  [32mloss: -1.00000  [38;2;180;60;0mgrad_norm:  2.6406  [38;2;54;234;195mmemory:  1.52GiB(9.84%)  [34mtps: 61  [36mtflops: 0.27  [35mmfu: 0.09%[39m
REPR 82 rank7 loss 2.77108907699584961e+00 gn 2.64062500000000000e+00
[titan] 2026-09-13 20:35:24,406 - root - INFO - [31mstep: 82  [32mloss:  2.77109  [38;2;180;60;0mgrad_norm:  2.6406  [38;2;54;234;195mmemory:  5.70GiB(36.85%)  [34mtps: 61  [36mtflops: 0.27  [35mmfu: 0.09%[39m
REPR 82 rank0 loss -1.00000000000000000e+00 gn 2.64062500000000000e+00
[titan] 2026-09-13 20:35:24,406 - root - INFO - [31mstep: 82  [32mloss: -1.00000  [38;2;180;60;0mgrad_norm:  2.6406  [38;2;54;234;195mmemory:  5.06GiB(32.69%)  [34mtps: 61  [36mtflops: 0.27  [35mmfu: 0.09%[39m
REPR 83 rank2 loss -1.00000000000000000e+00 gn 3.28125000000000000e+00
REPR 83 rank6 loss -1.00000000000000000e+00 gn 3.28125000000000000e+00
REPR 83 rank4 loss -1.00000000000000000e+00 gn 3.28125000000000000e+00
[titan] 2026-09-13 20:35:24,929 - root - INFO - [31mstep: 83  [32mloss: -1.00000  [38;2;180;60;0mgrad_norm:  3.2812  [38;2;54;234;195mmemory:  1.12GiB(7.21%)  [34mtps: 61  [36mtflops: 0.27  [35mmfu: 0.09%[39m
[titan] 2026-09-13 20:35:24,929 - root - INFO - [31mstep: 83  [32mloss: -1.00000  [38;2;180;60;0mgrad_norm:  3.2812  [38;2;54;234;195mmemory:  1.11GiB(7.18%)  [34mtps: 61  [36mtflops: 0.27  [35mmfu: 0.09%[39m
REPR 83 rank3 loss -1.00000000000000000e+00 gn 3.28125000000000000e+00REPR 83 rank5 loss -1.00000000000000000e+00 gn 3.28125000000000000e+00

[titan] 2026-09-13 20:35:24,929 - root - INFO - [31mstep: 83  [32mloss: -1.00000  [38;2;180;60;0mgrad_norm:  3.2812  [38;2;54;234;195mmemory:  1.19GiB(7.69%)  [34mtps: 61  [36mtflops: 0.27  [35mmfu: 0.09%[39m
[titan] 2026-09-13 20:35:24,929 - root - INFO - [31mstep: 83  [32mloss: -1.00000  [38;2;180;60;0mgrad_norm:  3.2812  [38;2;54;234;195mmemory:  1.24GiB(8.00%)  [34mtps: 61  [36mtflops: 0.27  [35mmfu: 0.09%[39m
[titan] 2026-09-13 20:35:24,929 - root - INFO - [31mstep: 83  [32mloss: -1.00000  [38;2;180;60;0mgrad_norm:  3.2812  [38;2;54;234;195mmemory:  1.24GiB(8.00%)  [34mtps: 61  [36mtflops: 0.27  [35mmfu: 0.09%[39m
REPR 83 rank1 loss -1.00000000000000000e+00 gn 3.28125000000000000e+00
[titan] 2026-09-13 20:35:24,930 - root - INFO - [31mstep: 83  [32mloss: -1.00000  [38;2;180;60;0mgrad_norm:  3.2812  [38;2;54;234;195mmemory:  1.52GiB(9.84%)  [34mtps: 61  [36mtflops: 0.27  [35mmfu: 0.09%[39m
REPR 83 rank7 loss 2.96138238906860352e+00 gn 3.28125000000000000e+00
[titan] 2026-09-13 20:35:24,934 - root - INFO - [31mstep: 83  [32mloss:  2.96138  [38;2;180;60;0mgrad_norm:  3.2812  [38;2;54;234;195mmemory:  5.70GiB(36.85%)  [34mtps: 61  [36mtflops: 0.27  [35mmfu: 0.09%[39m
REPR 83 rank0 loss -1.00000000000000000e+00 gn 3.28125000000000000e+00
[titan] 2026-09-13 20:35:24,935 - root - INFO - [31mstep: 83  [32mloss: -1.00000  [38;2;180;60;0mgrad_norm:  3.2812  [38;2;54;234;195mmemory:  5.06GiB(32.69%)  [34mtps: 61  [36mtflops: 0.27  [35mmfu: 0.09%[39m
REPR 84 rank2 loss -1.00000000000000000e+00 gn 2.26562500000000000e+00
REPR 84 rank6 loss -1.00000000000000000e+00 gn 2.26562500000000000e+00
REPR 84 rank4 loss -1.00000000000000000e+00 gn 2.26562500000000000e+00
[titan] 2026-09-13 20:35:25,446 - root - INFO - [31mstep: 84  [32mloss: -1.00000  [38;2;180;60;0mgrad_norm:  2.2656  [38;2;54;234;195mmemory:  1.12GiB(7.21%)  [34mtps: 62  [36mtflops: 0.27  [35mmfu: 0.09%[39m
[titan] 2026-09-13 20:35:25,446 - root - INFO - [31mstep: 84  [32mloss: -1.00000  [38;2;180;60;0mgrad_norm:  2.2656  [38;2;54;234;195mmemory:  1.11GiB(7.18%)  [34mtps: 62  [36mtflops: 0.27  [35mmfu: 0.09%[39m
REPR 84 rank3 loss -1.00000000000000000e+00 gn 2.26562500000000000e+00REPR 84 rank5 loss -1.00000000000000000e+00 gn 2.26562500000000000e+00

[titan] 2026-09-13 20:35:25,446 - root - INFO - [31mstep: 84  [32mloss: -1.00000  [38;2;180;60;0mgrad_norm:  2.2656  [38;2;54;234;195mmemory:  1.19GiB(7.69%)  [34mtps: 62  [36mtflops: 0.27  [35mmfu: 0.09%[39m
[titan] 2026-09-13 20:35:25,447 - root - INFO - [31mstep: 84  [32mloss: -1.00000  [38;2;180;60;0mgrad_norm:  2.2656  [38;2;54;234;195mmemory:  1.24GiB(8.00%)  [34mtps: 62  [36mtflops: 0.27  [35mmfu: 0.09%[39m
[titan] 2026-09-13 20:35:25,447 - root - INFO - [31mstep: 84  [32mloss: -1.00000  [38;2;180;60;0mgrad_norm:  2.2656  [38;2;54;234;195mmemory:  1.24GiB(8.00%)  [34mtps: 62  [36mtflops: 0.27  [35mmfu: 0.09%[39m
REPR 84 rank1 loss -1.00000000000000000e+00 gn 2.26562500000000000e+00
[titan] 2026-09-13 20:35:25,447 - root - INFO - [31mstep: 84  [32mloss: -1.00000  [38;2;180;60;0mgrad_norm:  2.2656  [38;2;54;234;195mmemory:  1.52GiB(9.84%)  [34mtps: 62  [36mtflops: 0.27  [35mmfu: 0.09%[39m
REPR 84 rank7 loss 2.78147149085998535e+00 gn 2.26562500000000000e+00
[titan] 2026-09-13 20:35:25,452 - root - INFO - [31mstep: 84  [32mloss:  2.78147  [38;2;180;60;0mgrad_norm:  2.2656  [38;2;54;234;195mmemory:  5.70GiB(36.85%)  [34mtps: 62  [36mtflops: 0.27  [35mmfu: 0.09%[39m
REPR 84 rank0 loss -1.00000000000000000e+00 gn 2.26562500000000000e+00
[titan] 2026-09-13 20:35:25,453 - root - INFO - [31mstep: 84  [32mloss: -1.00000  [38;2;180;60;0mgrad_norm:  2.2656  [38;2;54;234;195mmemory:  5.06GiB(32.69%)  [34mtps: 62  [36mtflops: 0.27  [35mmfu: 0.09%[39m
REPR 85 rank2 loss -1.00000000000000000e+00 gn 2.56250000000000000e+00
REPR 85 rank6 loss -1.00000000000000000e+00 gn 2.56250000000000000e+00
REPR 85 rank4 loss -1.00000000000000000e+00 gn 2.56250000000000000e+00
[titan] 2026-09-13 20:35:25,963 - root - INFO - [31mstep: 85  [32mloss: -1.00000  [38;2;180;60;0mgrad_norm:  2.5625  [38;2;54;234;195mmemory:  1.12GiB(7.21%)  [34mtps: 62  [36mtflops: 0.27  [35mmfu: 0.09%[39m
[titan] 2026-09-13 20:35:25,963 - root - INFO - [31mstep: 85  [32mloss: -1.00000  [38;2;180;60;0mgrad_norm:  2.5625  [38;2;54;234;195mmemory:  1.11GiB(7.18%)  [34mtps: 62  [36mtflops: 0.27  [35mmfu: 0.09%[39m
REPR 85 rank5 loss -1.00000000000000000e+00 gn 2.56250000000000000e+00
REPR 85 rank3 loss -1.00000000000000000e+00 gn 2.56250000000000000e+00
[titan] 2026-09-13 20:35:25,963 - root - INFO - [31mstep: 85  [32mloss: -1.00000  [38;2;180;60;0mgrad_norm:  2.5625  [38;2;54;234;195mmemory:  1.19GiB(7.69%)  [34mtps: 62  [36mtflops: 0.27  [35mmfu: 0.09%[39m
[titan] 2026-09-13 20:35:25,963 - root - INFO - [31mstep: 85  [32mloss: -1.00000  [38;2;180;60;0mgrad_norm:  2.5625  [38;2;54;234;195mmemory:  1.24GiB(8.00%)  [34mtps: 62  [36mtflops: 0.27  [35mmfu: 0.09%[39m
[titan] 2026-09-13 20:35:25,963 - root - INFO - [31mstep: 85  [32mloss: -1.00000  [38;2;180;60;0mgrad_norm:  2.5625  [38;2;54;234;195mmemory:  1.24GiB(8.00%)  [34mtps: 62  [36mtflops: 0.27  [35mmfu: 0.09%[39m
REPR 85 rank1 loss -1.00000000000000000e+00 gn 2.56250000000000000e+00
[titan] 2026-09-13 20:35:25,964 - root - INFO - [31mstep: 85  [32mloss: -1.00000  [38;2;180;60;0mgrad_norm:  2.5625  [38;2;54;234;195mmemory:  1.52GiB(9.84%)  [34mtps: 62  [36mtflops: 0.27  [35mmfu: 0.09%[39m
REPR 85 rank7 loss 2.63597011566162109e+00 gn 2.56250000000000000e+00
[titan] 2026-09-13 20:35:25,968 - root - INFO - [31mstep: 85  [32mloss:  2.63597  [38;2;180;60;0mgrad_norm:  2.5625  [38;2;54;234;195mmemory:  5.70GiB(36.85%)  [34mtps: 62  [36mtflops: 0.27  [35mmfu: 0.09%[39m
REPR 85 rank0 loss -1.00000000000000000e+00 gn 2.56250000000000000e+00
[titan] 2026-09-13 20:35:25,969 - root - INFO - [31mstep: 85  [32mloss: -1.00000  [38;2;180;60;0mgrad_norm:  2.5625  [38;2;54;234;195mmemory:  5.06GiB(32.69%)  [34mtps: 62  [36mtflops: 0.27  [35mmfu: 0.09%[39m
REPR 86 rank2 loss -1.00000000000000000e+00 gn 2.51562500000000000e+00
REPR 86 rank6 loss -1.00000000000000000e+00 gn 2.51562500000000000e+00
REPR 86 rank4 loss -1.00000000000000000e+00 gn 2.51562500000000000e+00
[titan] 2026-09-13 20:35:26,475 - root - INFO - [31mstep: 86  [32mloss: -1.00000  [38;2;180;60;0mgrad_norm:  2.5156  [38;2;54;234;195mmemory:  1.12GiB(7.21%)  [34mtps: 63  [36mtflops: 0.28  [35mmfu: 0.09%[39m
[titan] 2026-09-13 20:35:26,475 - root - INFO - [31mstep: 86  [32mloss: -1.00000  [38;2;180;60;0mgrad_norm:  2.5156  [38;2;54;234;195mmemory:  1.11GiB(7.18%)  [34mtps: 63  [36mtflops: 0.28  [35mmfu: 0.09%[39m
REPR 86 rank5 loss -1.00000000000000000e+00 gn 2.51562500000000000e+00REPR 86 rank3 loss -1.00000000000000000e+00 gn 2.51562500000000000e+00

[titan] 2026-09-13 20:35:26,475 - root - INFO - [31mstep: 86  [32mloss: -1.00000  [38;2;180;60;0mgrad_norm:  2.5156  [38;2;54;234;195mmemory:  1.19GiB(7.69%)  [34mtps: 63  [36mtflops: 0.28  [35mmfu: 0.09%[39m
[titan] 2026-09-13 20:35:26,475 - root - INFO - [31mstep: 86  [32mloss: -1.00000  [38;2;180;60;0mgrad_norm:  2.5156  [38;2;54;234;195mmemory:  1.24GiB(8.00%)  [34mtps: 63  [36mtflops: 0.28  [35mmfu: 0.09%[39m
[titan] 2026-09-13 20:35:26,475 - root - INFO - [31mstep: 86  [32mloss: -1.00000  [38;2;180;60;0mgrad_norm:  2.5156  [38;2;54;234;195mmemory:  1.24GiB(8.00%)  [34mtps: 63  [36mtflops: 0.28  [35mmfu: 0.09%[39m
REPR 86 rank1 loss -1.00000000000000000e+00 gn 2.51562500000000000e+00
[titan] 2026-09-13 20:35:26,476 - root - INFO - [31mstep: 86  [32mloss: -1.00000  [38;2;180;60;0mgrad_norm:  2.5156  [38;2;54;234;195mmemory:  1.52GiB(9.84%)  [34mtps: 63  [36mtflops: 0.28  [35mmfu: 0.09%[39m
REPR 86 rank7 loss 2.76193046569824219e+00 gn 2.51562500000000000e+00
[titan] 2026-09-13 20:35:26,480 - root - INFO - [31mstep: 86  [32mloss:  2.76193  [38;2;180;60;0mgrad_norm:  2.5156  [38;2;54;234;195mmemory:  5.70GiB(36.85%)  [34mtps: 63  [36mtflops: 0.28  [35mmfu: 0.09%[39m
REPR 86 rank0 loss -1.00000000000000000e+00 gn 2.51562500000000000e+00
[titan] 2026-09-13 20:35:26,482 - root - INFO - [31mstep: 86  [32mloss: -1.00000  [38;2;180;60;0mgrad_norm:  2.5156  [38;2;54;234;195mmemory:  5.06GiB(32.69%)  [34mtps: 62  [36mtflops: 0.28  [35mmfu: 0.09%[39m
REPR 87 rank2 loss -1.00000000000000000e+00 gn 2.60937500000000000e+00
REPR 87 rank6 loss -1.00000000000000000e+00 gn 2.60937500000000000e+00
REPR 87 rank4 loss -1.00000000000000000e+00 gn 2.60937500000000000e+00
[titan] 2026-09-13 20:35:27,015 - root - INFO - [31mstep: 87  [32mloss: -1.00000  [38;2;180;60;0mgrad_norm:  2.6094  [38;2;54;234;195mmemory:  1.12GiB(7.21%)  [34mtps: 59  [36mtflops: 0.26  [35mmfu: 0.08%[39m
[titan] 2026-09-13 20:35:27,015 - root - INFO - [31mstep: 87  [32mloss: -1.00000  [38;2;180;60;0mgrad_norm:  2.6094  [38;2;54;234;195mmemory:  1.11GiB(7.18%)  [34mtps: 59  [36mtflops: 0.26  [35mmfu: 0.08%[39m
REPR 87 rank3 loss -1.00000000000000000e+00 gn 2.60937500000000000e+00
REPR 87 rank5 loss -1.00000000000000000e+00 gn 2.60937500000000000e+00
[titan] 2026-09-13 20:35:27,015 - root - INFO - [31mstep: 87  [32mloss: -1.00000  [38;2;180;60;0mgrad_norm:  2.6094  [38;2;54;234;195mmemory:  1.19GiB(7.69%)  [34mtps: 59  [36mtflops: 0.26  [35mmfu: 0.08%[39m
[titan] 2026-09-13 20:35:27,016 - root - INFO - [31mstep: 87  [32mloss: -1.00000  [38;2;180;60;0mgrad_norm:  2.6094  [38;2;54;234;195mmemory:  1.24GiB(8.00%)  [34mtps: 59  [36mtflops: 0.26  [35mmfu: 0.08%[39m
[titan] 2026-09-13 20:35:27,016 - root - INFO - [31mstep: 87  [32mloss: -1.00000  [38;2;180;60;0mgrad_norm:  2.6094  [38;2;54;234;195mmemory:  1.24GiB(8.00%)  [34mtps: 59  [36mtflops: 0.26  [35mmfu: 0.08%[39m
REPR 87 rank1 loss -1.00000000000000000e+00 gn 2.60937500000000000e+00
[titan] 2026-09-13 20:35:27,017 - root - INFO - [31mstep: 87  [32mloss: -1.00000  [38;2;180;60;0mgrad_norm:  2.6094  [38;2;54;234;195mmemory:  1.52GiB(9.84%)  [34mtps: 59  [36mtflops: 0.26  [35mmfu: 0.08%[39m
REPR 87 rank7 loss 2.93887805938720703e+00 gn 2.60937500000000000e+00
[titan] 2026-09-13 20:35:27,021 - root - INFO - [31mstep: 87  [32mloss:  2.93888  [38;2;180;60;0mgrad_norm:  2.6094  [38;2;54;234;195mmemory:  5.70GiB(36.85%)  [34mtps: 59  [36mtflops: 0.26  [35mmfu: 0.08%[39m
REPR 87 rank0 loss -1.00000000000000000e+00 gn 2.60937500000000000e+00
[titan] 2026-09-13 20:35:27,022 - root - INFO - [31mstep: 87  [32mloss: -1.00000  [38;2;180;60;0mgrad_norm:  2.6094  [38;2;54;234;195mmemory:  5.06GiB(32.69%)  [34mtps: 59  [36mtflops: 0.26  [35mmfu: 0.08%[39m
REPR 88 rank2 loss -1.00000000000000000e+00 gn 1.67968750000000000e+00
REPR 88 rank6 loss -1.00000000000000000e+00 gn 1.67968750000000000e+00
REPR 88 rank4 loss -1.00000000000000000e+00 gn 1.67968750000000000e+00
[titan] 2026-09-13 20:35:27,538 - root - INFO - [31mstep: 88  [32mloss: -1.00000  [38;2;180;60;0mgrad_norm:  1.6797  [38;2;54;234;195mmemory:  1.12GiB(7.21%)  [34mtps: 61  [36mtflops: 0.27  [35mmfu: 0.09%[39m
[titan] 2026-09-13 20:35:27,538 - root - INFO - [31mstep: 88  [32mloss: -1.00000  [38;2;180;60;0mgrad_norm:  1.6797  [38;2;54;234;195mmemory:  1.11GiB(7.18%)  [34mtps: 61  [36mtflops: 0.27  [35mmfu: 0.09%[39m
REPR 88 rank3 loss -1.00000000000000000e+00 gn 1.67968750000000000e+00REPR 88 rank5 loss -1.00000000000000000e+00 gn 1.67968750000000000e+00

[titan] 2026-09-13 20:35:27,538 - root - INFO - [31mstep: 88  [32mloss: -1.00000  [38;2;180;60;0mgrad_norm:  1.6797  [38;2;54;234;195mmemory:  1.19GiB(7.69%)  [34mtps: 61  [36mtflops: 0.27  [35mmfu: 0.09%[39m
[titan] 2026-09-13 20:35:27,538 - root - INFO - [31mstep: 88  [32mloss: -1.00000  [38;2;180;60;0mgrad_norm:  1.6797  [38;2;54;234;195mmemory:  1.24GiB(8.00%)  [34mtps: 61  [36mtflops: 0.27  [35mmfu: 0.09%[39m
[titan] 2026-09-13 20:35:27,538 - root - INFO - [31mstep: 88  [32mloss: -1.00000  [38;2;180;60;0mgrad_norm:  1.6797  [38;2;54;234;195mmemory:  1.24GiB(8.00%)  [34mtps: 61  [36mtflops: 0.27  [35mmfu: 0.09%[39m
REPR 88 rank1 loss -1.00000000000000000e+00 gn 1.67968750000000000e+00
[titan] 2026-09-13 20:35:27,539 - root - INFO - [31mstep: 88  [32mloss: -1.00000  [38;2;180;60;0mgrad_norm:  1.6797  [38;2;54;234;195mmemory:  1.52GiB(9.84%)  [34mtps: 61  [36mtflops: 0.27  [35mmfu: 0.09%[39m
REPR 88 rank7 loss 2.81100511550903320e+00 gn 1.67968750000000000e+00
[titan] 2026-09-13 20:35:27,543 - root - INFO - [31mstep: 88  [32mloss:  2.81101  [38;2;180;60;0mgrad_norm:  1.6797  [38;2;54;234;195mmemory:  5.70GiB(36.85%)  [34mtps: 61  [36mtflops: 0.27  [35mmfu: 0.09%[39m
REPR 88 rank0 loss -1.00000000000000000e+00 gn 1.67968750000000000e+00
[titan] 2026-09-13 20:35:27,545 - root - INFO - [31mstep: 88  [32mloss: -1.00000  [38;2;180;60;0mgrad_norm:  1.6797  [38;2;54;234;195mmemory:  5.06GiB(32.69%)  [34mtps: 61  [36mtflops: 0.27  [35mmfu: 0.09%[39m
REPR 89 rank2 loss -1.00000000000000000e+00 gn 3.18750000000000000e+00
REPR 89 rank6 loss -1.00000000000000000e+00 gn 3.18750000000000000e+00
REPR 89 rank4 loss -1.00000000000000000e+00 gn 3.18750000000000000e+00
[titan] 2026-09-13 20:35:28,055 - root - INFO - [31mstep: 89  [32mloss: -1.00000  [38;2;180;60;0mgrad_norm:  3.1875  [38;2;54;234;195mmemory:  1.11GiB(7.18%)  [34mtps: 62  [36mtflops: 0.27  [35mmfu: 0.09%[39m
[titan] 2026-09-13 20:35:28,055 - root - INFO - [31mstep: 89  [32mloss: -1.00000  [38;2;180;60;0mgrad_norm:  3.1875  [38;2;54;234;195mmemory:  1.12GiB(7.21%)  [34mtps: 62  [36mtflops: 0.27  [35mmfu: 0.09%[39m
REPR 89 rank3 loss -1.00000000000000000e+00 gn 3.18750000000000000e+00
REPR 89 rank5 loss -1.00000000000000000e+00 gn 3.18750000000000000e+00
[titan] 2026-09-13 20:35:28,055 - root - INFO - [31mstep: 89  [32mloss: -1.00000  [38;2;180;60;0mgrad_norm:  3.1875  [38;2;54;234;195mmemory:  1.19GiB(7.69%)  [34mtps: 62  [36mtflops: 0.27  [35mmfu: 0.09%[39m
[titan] 2026-09-13 20:35:28,055 - root - INFO - [31mstep: 89  [32mloss: -1.00000  [38;2;180;60;0mgrad_norm:  3.1875  [38;2;54;234;195mmemory:  1.24GiB(8.00%)  [34mtps: 62  [36mtflops: 0.27  [35mmfu: 0.09%[39m
[titan] 2026-09-13 20:35:28,055 - root - INFO - [31mstep: 89  [32mloss: -1.00000  [38;2;180;60;0mgrad_norm:  3.1875  [38;2;54;234;195mmemory:  1.24GiB(8.00%)  [34mtps: 62  [36mtflops: 0.27  [35mmfu: 0.09%[39m
REPR 89 rank1 loss -1.00000000000000000e+00 gn 3.18750000000000000e+00
[titan] 2026-09-13 20:35:28,056 - root - INFO - [31mstep: 89  [32mloss: -1.00000  [38;2;180;60;0mgrad_norm:  3.1875  [38;2;54;234;195mmemory:  1.52GiB(9.84%)  [34mtps: 62  [36mtflops: 0.27  [35mmfu: 0.09%[39m
REPR 89 rank7 loss 2.79151344299316406e+00 gn 3.18750000000000000e+00
[titan] 2026-09-13 20:35:28,060 - root - INFO - [31mstep: 89  [32mloss:  2.79151  [38;2;180;60;0mgrad_norm:  3.1875  [38;2;54;234;195mmemory:  5.70GiB(36.85%)  [34mtps: 62  [36mtflops: 0.27  [35mmfu: 0.09%[39m
REPR 89 rank0 loss -1.00000000000000000e+00 gn 3.18750000000000000e+00
[titan] 2026-09-13 20:35:28,061 - root - INFO - [31mstep: 89  [32mloss: -1.00000  [38;2;180;60;0mgrad_norm:  3.1875  [38;2;54;234;195mmemory:  5.06GiB(32.69%)  [34mtps: 62  [36mtflops: 0.27  [35mmfu: 0.09%[39m
REPR 90 rank2 loss -1.00000000000000000e+00 gn 2.10937500000000000e+00
REPR 90 rank6 loss -1.00000000000000000e+00 gn 2.10937500000000000e+00
REPR 90 rank4 loss -1.00000000000000000e+00 gn 2.10937500000000000e+00
[titan] 2026-09-13 20:35:28,572 - root - INFO - [31mstep: 90  [32mloss: -1.00000  [38;2;180;60;0mgrad_norm:  2.1094  [38;2;54;234;195mmemory:  1.12GiB(7.21%)  [34mtps: 62  [36mtflops: 0.27  [35mmfu: 0.09%[39m
[titan] 2026-09-13 20:35:28,572 - root - INFO - [31mstep: 90  [32mloss: -1.00000  [38;2;180;60;0mgrad_norm:  2.1094  [38;2;54;234;195mmemory:  1.11GiB(7.18%)  [34mtps: 62  [36mtflops: 0.27  [35mmfu: 0.09%[39m
REPR 90 rank3 loss -1.00000000000000000e+00 gn 2.10937500000000000e+00REPR 90 rank5 loss -1.00000000000000000e+00 gn 2.10937500000000000e+00

[titan] 2026-09-13 20:35:28,572 - root - INFO - [31mstep: 90  [32mloss: -1.00000  [38;2;180;60;0mgrad_norm:  2.1094  [38;2;54;234;195mmemory:  1.19GiB(7.69%)  [34mtps: 62  [36mtflops: 0.27  [35mmfu: 0.09%[39m
[titan] 2026-09-13 20:35:28,572 - root - INFO - [31mstep: 90  [32mloss: -1.00000  [38;2;180;60;0mgrad_norm:  2.1094  [38;2;54;234;195mmemory:  1.24GiB(8.00%)  [34mtps: 62  [36mtflops: 0.27  [35mmfu: 0.09%[39m
[titan] 2026-09-13 20:35:28,572 - root - INFO - [31mstep: 90  [32mloss: -1.00000  [38;2;180;60;0mgrad_norm:  2.1094  [38;2;54;234;195mmemory:  1.24GiB(8.00%)  [34mtps: 62  [36mtflops: 0.27  [35mmfu: 0.09%[39m
REPR 90 rank1 loss -1.00000000000000000e+00 gn 2.10937500000000000e+00
[titan] 2026-09-13 20:35:28,573 - root - INFO - [31mstep: 90  [32mloss: -1.00000  [38;2;180;60;0mgrad_norm:  2.1094  [38;2;54;234;195mmemory:  1.52GiB(9.84%)  [34mtps: 62  [36mtflops: 0.27  [35mmfu: 0.09%[39m
REPR 90 rank7 loss 2.67866730690002441e+00 gn 2.10937500000000000e+00
[titan] 2026-09-13 20:35:28,577 - root - INFO - [31mstep: 90  [32mloss:  2.67867  [38;2;180;60;0mgrad_norm:  2.1094  [38;2;54;234;195mmemory:  5.70GiB(36.85%)  [34mtps: 62  [36mtflops: 0.27  [35mmfu: 0.09%[39m
REPR 90 rank0 loss -1.00000000000000000e+00 gn 2.10937500000000000e+00
[titan] 2026-09-13 20:35:28,578 - root - INFO - [31mstep: 90  [32mloss: -1.00000  [38;2;180;60;0mgrad_norm:  2.1094  [38;2;54;234;195mmemory:  5.06GiB(32.69%)  [34mtps: 62  [36mtflops: 0.27  [35mmfu: 0.09%[39m
REPR 91 rank2 loss -1.00000000000000000e+00 gn 2.31250000000000000e+00
REPR 91 rank6 loss -1.00000000000000000e+00 gn 2.31250000000000000e+00
REPR 91 rank4 loss -1.00000000000000000e+00 gn 2.31250000000000000e+00
[titan] 2026-09-13 20:35:29,088 - root - INFO - [31mstep: 91  [32mloss: -1.00000  [38;2;180;60;0mgrad_norm:  2.3125  [38;2;54;234;195mmemory:  1.12GiB(7.21%)  [34mtps: 62  [36mtflops: 0.27  [35mmfu: 0.09%[39m
[titan] 2026-09-13 20:35:29,088 - root - INFO - [31mstep: 91  [32mloss: -1.00000  [38;2;180;60;0mgrad_norm:  2.3125  [38;2;54;234;195mmemory:  1.11GiB(7.18%)  [34mtps: 62  [36mtflops: 0.27  [35mmfu: 0.09%[39m
REPR 91 rank5 loss -1.00000000000000000e+00 gn 2.31250000000000000e+00REPR 91 rank3 loss -1.00000000000000000e+00 gn 2.31250000000000000e+00

[titan] 2026-09-13 20:35:29,089 - root - INFO - [31mstep: 91  [32mloss: -1.00000  [38;2;180;60;0mgrad_norm:  2.3125  [38;2;54;234;195mmemory:  1.19GiB(7.69%)  [34mtps: 62  [36mtflops: 0.27  [35mmfu: 0.09%[39m
[titan] 2026-09-13 20:35:29,089 - root - INFO - [31mstep: 91  [32mloss: -1.00000  [38;2;180;60;0mgrad_norm:  2.3125  [38;2;54;234;195mmemory:  1.24GiB(8.00%)  [34mtps: 62  [36mtflops: 0.27  [35mmfu: 0.09%[39m
[titan] 2026-09-13 20:35:29,089 - root - INFO - [31mstep: 91  [32mloss: -1.00000  [38;2;180;60;0mgrad_norm:  2.3125  [38;2;54;234;195mmemory:  1.24GiB(8.00%)  [34mtps: 62  [36mtflops: 0.27  [35mmfu: 0.09%[39m
REPR 91 rank1 loss -1.00000000000000000e+00 gn 2.31250000000000000e+00
[titan] 2026-09-13 20:35:29,090 - root - INFO - [31mstep: 91  [32mloss: -1.00000  [38;2;180;60;0mgrad_norm:  2.3125  [38;2;54;234;195mmemory:  1.52GiB(9.84%)  [34mtps: 62  [36mtflops: 0.27  [35mmfu: 0.09%[39m
REPR 91 rank7 loss 3.02593135833740234e+00 gn 2.31250000000000000e+00
[titan] 2026-09-13 20:35:29,094 - root - INFO - [31mstep: 91  [32mloss:  3.02593  [38;2;180;60;0mgrad_norm:  2.3125  [38;2;54;234;195mmemory:  5.70GiB(36.85%)  [34mtps: 62  [36mtflops: 0.27  [35mmfu: 0.09%[39m
REPR 91 rank0 loss -1.00000000000000000e+00 gn 2.31250000000000000e+00
[titan] 2026-09-13 20:35:29,095 - root - INFO - [31mstep: 91  [32mloss: -1.00000  [38;2;180;60;0mgrad_norm:  2.3125  [38;2;54;234;195mmemory:  5.06GiB(32.69%)  [34mtps: 62  [36mtflops: 0.27  [35mmfu: 0.09%[39m
REPR 92 rank2 loss -1.00000000000000000e+00 gn 2.54687500000000000e+00
REPR 92 rank6 loss -1.00000000000000000e+00 gn 2.54687500000000000e+00
REPR 92 rank4 loss -1.00000000000000000e+00 gn 2.54687500000000000e+00
[titan] 2026-09-13 20:35:29,601 - root - INFO - [31mstep: 92  [32mloss: -1.00000  [38;2;180;60;0mgrad_norm:  2.5469  [38;2;54;234;195mmemory:  1.12GiB(7.21%)  [34mtps: 62  [36mtflops: 0.28  [35mmfu: 0.09%[39m
[titan] 2026-09-13 20:35:29,601 - root - INFO - [31mstep: 92  [32mloss: -1.00000  [38;2;180;60;0mgrad_norm:  2.5469  [38;2;54;234;195mmemory:  1.11GiB(7.18%)  [34mtps: 62  [36mtflops: 0.28  [35mmfu: 0.09%[39m
REPR 92 rank3 loss -1.00000000000000000e+00 gn 2.54687500000000000e+00
[titan] 2026-09-13 20:35:29,601 - root - INFO - [31mstep: 92  [32mloss: -1.00000  [38;2;180;60;0mgrad_norm:  2.5469  [38;2;54;234;195mmemory:  1.19GiB(7.69%)  [34mtps: 62  [36mtflops: 0.28  [35mmfu: 0.09%[39m
REPR 92 rank5 loss -1.00000000000000000e+00 gn 2.54687500000000000e+00
[titan] 2026-09-13 20:35:29,601 - root - INFO - [31mstep: 92  [32mloss: -1.00000  [38;2;180;60;0mgrad_norm:  2.5469  [38;2;54;234;195mmemory:  1.24GiB(8.00%)  [34mtps: 62  [36mtflops: 0.28  [35mmfu: 0.09%[39m
[titan] 2026-09-13 20:35:29,602 - root - INFO - [31mstep: 92  [32mloss: -1.00000  [38;2;180;60;0mgrad_norm:  2.5469  [38;2;54;234;195mmemory:  1.24GiB(8.00%)  [34mtps: 62  [36mtflops: 0.28  [35mmfu: 0.09%[39m
REPR 92 rank1 loss -1.00000000000000000e+00 gn 2.54687500000000000e+00
[titan] 2026-09-13 20:35:29,602 - root - INFO - [31mstep: 92  [32mloss: -1.00000  [38;2;180;60;0mgrad_norm:  2.5469  [38;2;54;234;195mmemory:  1.52GiB(9.84%)  [34mtps: 62  [36mtflops: 0.28  [35mmfu: 0.09%[39m
REPR 92 rank7 loss 3.03647184371948242e+00 gn 2.54687500000000000e+00
[titan] 2026-09-13 20:35:29,607 - root - INFO - [31mstep: 92  [32mloss:  3.03647  [38;2;180;60;0mgrad_norm:  2.5469  [38;2;54;234;195mmemory:  5.70GiB(36.85%)  [34mtps: 62  [36mtflops: 0.28  [35mmfu: 0.09%[39m
REPR 92 rank0 loss -1.00000000000000000e+00 gn 2.54687500000000000e+00
[titan] 2026-09-13 20:35:29,608 - root - INFO - [31mstep: 92  [32mloss: -1.00000  [38;2;180;60;0mgrad_norm:  2.5469  [38;2;54;234;195mmemory:  5.06GiB(32.69%)  [34mtps: 62  [36mtflops: 0.28  [35mmfu: 0.09%[39m
REPR 93 rank2 loss -1.00000000000000000e+00 gn 2.56250000000000000e+00
REPR 93 rank6 loss -1.00000000000000000e+00 gn 2.56250000000000000e+00
REPR 93 rank4 loss -1.00000000000000000e+00 gn 2.56250000000000000e+00
[titan] 2026-09-13 20:35:30,115 - root - INFO - [31mstep: 93  [32mloss: -1.00000  [38;2;180;60;0mgrad_norm:  2.5625  [38;2;54;234;195mmemory:  1.12GiB(7.21%)  [34mtps: 62  [36mtflops: 0.28  [35mmfu: 0.09%[39m
[titan] 2026-09-13 20:35:30,115 - root - INFO - [31mstep: 93  [32mloss: -1.00000  [38;2;180;60;0mgrad_norm:  2.5625  [38;2;54;234;195mmemory:  1.11GiB(7.18%)  [34mtps: 62  [36mtflops: 0.28  [35mmfu: 0.09%[39m
REPR 93 rank5 loss -1.00000000000000000e+00 gn 2.56250000000000000e+00
[titan] 2026-09-13 20:35:30,115 - root - INFO - [31mstep: 93  [32mloss: -1.00000  [38;2;180;60;0mgrad_norm:  2.5625  [38;2;54;234;195mmemory:  1.19GiB(7.69%)  [34mtps: 62  [36mtflops: 0.28  [35mmfu: 0.09%[39m
REPR 93 rank3 loss -1.00000000000000000e+00 gn 2.56250000000000000e+00
[titan] 2026-09-13 20:35:30,115 - root - INFO - [31mstep: 93  [32mloss: -1.00000  [38;2;180;60;0mgrad_norm:  2.5625  [38;2;54;234;195mmemory:  1.24GiB(8.00%)  [34mtps: 62  [36mtflops: 0.28  [35mmfu: 0.09%[39m
[titan] 2026-09-13 20:35:30,115 - root - INFO - [31mstep: 93  [32mloss: -1.00000  [38;2;180;60;0mgrad_norm:  2.5625  [38;2;54;234;195mmemory:  1.24GiB(8.00%)  [34mtps: 62  [36mtflops: 0.28  [35mmfu: 0.09%[39m
REPR 93 rank1 loss -1.00000000000000000e+00 gn 2.56250000000000000e+00
[titan] 2026-09-13 20:35:30,116 - root - INFO - [31mstep: 93  [32mloss: -1.00000  [38;2;180;60;0mgrad_norm:  2.5625  [38;2;54;234;195mmemory:  1.52GiB(9.84%)  [34mtps: 62  [36mtflops: 0.28  [35mmfu: 0.09%[39m
REPR 93 rank7 loss 3.04156780242919922e+00 gn 2.56250000000000000e+00
[titan] 2026-09-13 20:35:30,120 - root - INFO - [31mstep: 93  [32mloss:  3.04157  [38;2;180;60;0mgrad_norm:  2.5625  [38;2;54;234;195mmemory:  5.70GiB(36.85%)  [34mtps: 62  [36mtflops: 0.28  [35mmfu: 0.09%[39m
REPR 93 rank0 loss -1.00000000000000000e+00 gn 2.56250000000000000e+00
[titan] 2026-09-13 20:35:30,121 - root - INFO - [31mstep: 93  [32mloss: -1.00000  [38;2;180;60;0mgrad_norm:  2.5625  [38;2;54;234;195mmemory:  5.06GiB(32.69%)  [34mtps: 62  [36mtflops: 0.28  [35mmfu: 0.09%[39m
REPR 94 rank2 loss -1.00000000000000000e+00 gn 2.06250000000000000e+00
REPR 94 rank6 loss -1.00000000000000000e+00 gn 2.06250000000000000e+00
[titan] 2026-09-13 20:35:30,623 - root - INFO - [31mstep: 94  [32mloss: -1.00000  [38;2;180;60;0mgrad_norm:  2.0625  [38;2;54;234;195mmemory:  1.12GiB(7.21%)  [34mtps: 63  [36mtflops: 0.28  [35mmfu: 0.09%[39m
[titan] 2026-09-13 20:35:30,623 - root - INFO - [31mstep: 94  [32mloss: -1.00000  [38;2;180;60;0mgrad_norm:  2.0625  [38;2;54;234;195mmemory:  1.11GiB(7.18%)  [34mtps: 63  [36mtflops: 0.28  [35mmfu: 0.09%[39m
REPR 94 rank4 loss -1.00000000000000000e+00 gn 2.06250000000000000e+00
REPR 94 rank5 loss -1.00000000000000000e+00 gn 2.06250000000000000e+00
REPR 94 rank3 loss -1.00000000000000000e+00 gn 2.06250000000000000e+00
[titan] 2026-09-13 20:35:30,623 - root - INFO - [31mstep: 94  [32mloss: -1.00000  [38;2;180;60;0mgrad_norm:  2.0625  [38;2;54;234;195mmemory:  1.19GiB(7.69%)  [34mtps: 63  [36mtflops: 0.28  [35mmfu: 0.09%[39m
[titan] 2026-09-13 20:35:30,623 - root - INFO - [31mstep: 94  [32mloss: -1.00000  [38;2;180;60;0mgrad_norm:  2.0625  [38;2;54;234;195mmemory:  1.24GiB(8.00%)  [34mtps: 63  [36mtflops: 0.28  [35mmfu: 0.09%[39m
[titan] 2026-09-13 20:35:30,623 - root - INFO - [31mstep: 94  [32mloss: -1.00000  [38;2;180;60;0mgrad_norm:  2.0625  [38;2;54;234;195mmemory:  1.24GiB(8.00%)  [34mtps: 63  [36mtflops: 0.28  [35mmfu: 0.09%[39m
REPR 94 rank1 loss -1.00000000000000000e+00 gn 2.06250000000000000e+00
[titan] 2026-09-13 20:35:30,624 - root - INFO - [31mstep: 94  [32mloss: -1.00000  [38;2;180;60;0mgrad_norm:  2.0625  [38;2;54;234;195mmemory:  1.52GiB(9.84%)  [34mtps: 63  [36mtflops: 0.28  [35mmfu: 0.09%[39m
REPR 94 rank7 loss 2.77644824981689453e+00 gn 2.06250000000000000e+00
[titan] 2026-09-13 20:35:30,629 - root - INFO - [31mstep: 94  [32mloss:  2.77645  [38;2;180;60;0mgrad_norm:  2.0625  [38;2;54;234;195mmemory:  5.70GiB(36.85%)  [34mtps: 63  [36mtflops: 0.28  [35mmfu: 0.09%[39m
REPR 94 rank0 loss -1.00000000000000000e+00 gn 2.06250000000000000e+00
[titan] 2026-09-13 20:35:30,629 - root - INFO - [31mstep: 94  [32mloss: -1.00000  [38;2;180;60;0mgrad_norm:  2.0625  [38;2;54;234;195mmemory:  5.06GiB(32.69%)  [34mtps: 63  [36mtflops: 0.28  [35mmfu: 0.09%[39m
REPR 95 rank2 loss -1.00000000000000000e+00 gn 2.28125000000000000e+00REPR 95 rank6 loss -1.00000000000000000e+00 gn 2.28125000000000000e+00

REPR 95 rank4 loss -1.00000000000000000e+00 gn 2.28125000000000000e+00
[titan] 2026-09-13 20:35:31,143 - root - INFO - [31mstep: 95  [32mloss: -1.00000  [38;2;180;60;0mgrad_norm:  2.2812  [38;2;54;234;195mmemory:  1.11GiB(7.18%)  [34mtps: 62  [36mtflops: 0.27  [35mmfu: 0.09%[39m
[titan] 2026-09-13 20:35:31,143 - root - INFO - [31mstep: 95  [32mloss: -1.00000  [38;2;180;60;0mgrad_norm:  2.2812  [38;2;54;234;195mmemory:  1.12GiB(7.21%)  [34mtps: 62  [36mtflops: 0.27  [35mmfu: 0.09%[39m
REPR 95 rank3 loss -1.00000000000000000e+00 gn 2.28125000000000000e+00
[titan] 2026-09-13 20:35:31,143 - root - INFO - [31mstep: 95  [32mloss: -1.00000  [38;2;180;60;0mgrad_norm:  2.2812  [38;2;54;234;195mmemory:  1.19GiB(7.69%)  [34mtps: 62  [36mtflops: 0.27  [35mmfu: 0.09%[39m
REPR 95 rank5 loss -1.00000000000000000e+00 gn 2.28125000000000000e+00
[titan] 2026-09-13 20:35:31,144 - root - INFO - [31mstep: 95  [32mloss: -1.00000  [38;2;180;60;0mgrad_norm:  2.2812  [38;2;54;234;195mmemory:  1.24GiB(8.00%)  [34mtps: 62  [36mtflops: 0.27  [35mmfu: 0.09%[39m
[titan] 2026-09-13 20:35:31,144 - root - INFO - [31mstep: 95  [32mloss: -1.00000  [38;2;180;60;0mgrad_norm:  2.2812  [38;2;54;234;195mmemory:  1.24GiB(8.00%)  [34mtps: 62  [36mtflops: 0.27  [35mmfu: 0.09%[39m
REPR 95 rank1 loss -1.00000000000000000e+00 gn 2.28125000000000000e+00
[titan] 2026-09-13 20:35:31,144 - root - INFO - [31mstep: 95  [32mloss: -1.00000  [38;2;180;60;0mgrad_norm:  2.2812  [38;2;54;234;195mmemory:  1.52GiB(9.84%)  [34mtps: 62  [36mtflops: 0.27  [35mmfu: 0.09%[39m
REPR 95 rank7 loss 2.91906380653381348e+00 gn 2.28125000000000000e+00
[titan] 2026-09-13 20:35:31,149 - root - INFO - [31mstep: 95  [32mloss:  2.91906  [38;2;180;60;0mgrad_norm:  2.2812  [38;2;54;234;195mmemory:  5.70GiB(36.85%)  [34mtps: 62  [36mtflops: 0.27  [35mmfu: 0.09%[39m
REPR 95 rank0 loss -1.00000000000000000e+00 gn 2.28125000000000000e+00
[titan] 2026-09-13 20:35:31,149 - root - INFO - [31mstep: 95  [32mloss: -1.00000  [38;2;180;60;0mgrad_norm:  2.2812  [38;2;54;234;195mmemory:  5.06GiB(32.69%)  [34mtps: 62  [36mtflops: 0.27  [35mmfu: 0.09%[39m
REPR 96 rank2 loss -1.00000000000000000e+00 gn 2.32812500000000000e+00
REPR 96 rank6 loss -1.00000000000000000e+00 gn 2.32812500000000000e+00
REPR 96 rank4 loss -1.00000000000000000e+00 gn 2.32812500000000000e+00
[titan] 2026-09-13 20:35:31,656 - root - INFO - [31mstep: 96  [32mloss: -1.00000  [38;2;180;60;0mgrad_norm:  2.3281  [38;2;54;234;195mmemory:  1.11GiB(7.18%)  [34mtps: 62  [36mtflops: 0.28  [35mmfu: 0.09%[39m
[titan] 2026-09-13 20:35:31,656 - root - INFO - [31mstep: 96  [32mloss: -1.00000  [38;2;180;60;0mgrad_norm:  2.3281  [38;2;54;234;195mmemory:  1.12GiB(7.21%)  [34mtps: 62  [36mtflops: 0.28  [35mmfu: 0.09%[39m
REPR 96 rank5 loss -1.00000000000000000e+00 gn 2.32812500000000000e+00REPR 96 rank3 loss -1.00000000000000000e+00 gn 2.32812500000000000e+00

[titan] 2026-09-13 20:35:31,657 - root - INFO - [31mstep: 96  [32mloss: -1.00000  [38;2;180;60;0mgrad_norm:  2.3281  [38;2;54;234;195mmemory:  1.19GiB(7.69%)  [34mtps: 62  [36mtflops: 0.28  [35mmfu: 0.09%[39m
[titan] 2026-09-13 20:35:31,657 - root - INFO - [31mstep: 96  [32mloss: -1.00000  [38;2;180;60;0mgrad_norm:  2.3281  [38;2;54;234;195mmemory:  1.24GiB(8.00%)  [34mtps: 62  [36mtflops: 0.28  [35mmfu: 0.09%[39m
[titan] 2026-09-13 20:35:31,657 - root - INFO - [31mstep: 96  [32mloss: -1.00000  [38;2;180;60;0mgrad_norm:  2.3281  [38;2;54;234;195mmemory:  1.24GiB(8.00%)  [34mtps: 62  [36mtflops: 0.28  [35mmfu: 0.09%[39m
REPR 96 rank1 loss -1.00000000000000000e+00 gn 2.32812500000000000e+00
[titan] 2026-09-13 20:35:31,658 - root - INFO - [31mstep: 96  [32mloss: -1.00000  [38;2;180;60;0mgrad_norm:  2.3281  [38;2;54;234;195mmemory:  1.52GiB(9.84%)  [34mtps: 62  [36mtflops: 0.28  [35mmfu: 0.09%[39m
REPR 96 rank7 loss 2.87324738502502441e+00 gn 2.32812500000000000e+00
[titan] 2026-09-13 20:35:31,662 - root - INFO - [31mstep: 96  [32mloss:  2.87325  [38;2;180;60;0mgrad_norm:  2.3281  [38;2;54;234;195mmemory:  5.70GiB(36.85%)  [34mtps: 62  [36mtflops: 0.28  [35mmfu: 0.09%[39m
REPR 96 rank0 loss -1.00000000000000000e+00 gn 2.32812500000000000e+00
[titan] 2026-09-13 20:35:31,663 - root - INFO - [31mstep: 96  [32mloss: -1.00000  [38;2;180;60;0mgrad_norm:  2.3281  [38;2;54;234;195mmemory:  5.06GiB(32.69%)  [34mtps: 62  [36mtflops: 0.28  [35mmfu: 0.09%[39m
REPR 97 rank2 loss -1.00000000000000000e+00 gn 2.43750000000000000e+00REPR 97 rank6 loss -1.00000000000000000e+00 gn 2.43750000000000000e+00

REPR 97 rank4 loss -1.00000000000000000e+00 gn 2.43750000000000000e+00
[titan] 2026-09-13 20:35:32,178 - root - INFO - [31mstep: 97  [32mloss: -1.00000  [38;2;180;60;0mgrad_norm:  2.4375  [38;2;54;234;195mmemory:  1.12GiB(7.21%)  [34mtps: 61  [36mtflops: 0.27  [35mmfu: 0.09%[39m
[titan] 2026-09-13 20:35:32,178 - root - INFO - [31mstep: 97  [32mloss: -1.00000  [38;2;180;60;0mgrad_norm:  2.4375  [38;2;54;234;195mmemory:  1.11GiB(7.18%)  [34mtps: 61  [36mtflops: 0.27  [35mmfu: 0.09%[39m
REPR 97 rank5 loss -1.00000000000000000e+00 gn 2.43750000000000000e+00
[titan] 2026-09-13 20:35:32,179 - root - INFO - [31mstep: 97  [32mloss: -1.00000  [38;2;180;60;0mgrad_norm:  2.4375  [38;2;54;234;195mmemory:  1.19GiB(7.69%)  [34mtps: 61  [36mtflops: 0.27  [35mmfu: 0.09%[39m
REPR 97 rank3 loss -1.00000000000000000e+00 gn 2.43750000000000000e+00
[titan] 2026-09-13 20:35:32,179 - root - INFO - [31mstep: 97  [32mloss: -1.00000  [38;2;180;60;0mgrad_norm:  2.4375  [38;2;54;234;195mmemory:  1.24GiB(8.00%)  [34mtps: 61  [36mtflops: 0.27  [35mmfu: 0.09%[39m
[titan] 2026-09-13 20:35:32,179 - root - INFO - [31mstep: 97  [32mloss: -1.00000  [38;2;180;60;0mgrad_norm:  2.4375  [38;2;54;234;195mmemory:  1.24GiB(8.00%)  [34mtps: 61  [36mtflops: 0.27  [35mmfu: 0.09%[39m
REPR 97 rank1 loss -1.00000000000000000e+00 gn 2.43750000000000000e+00
[titan] 2026-09-13 20:35:32,180 - root - INFO - [31mstep: 97  [32mloss: -1.00000  [38;2;180;60;0mgrad_norm:  2.4375  [38;2;54;234;195mmemory:  1.52GiB(9.84%)  [34mtps: 61  [36mtflops: 0.27  [35mmfu: 0.09%[39m
REPR 97 rank7 loss 2.68572759628295898e+00 gn 2.43750000000000000e+00
[titan] 2026-09-13 20:35:32,184 - root - INFO - [31mstep: 97  [32mloss:  2.68573  [38;2;180;60;0mgrad_norm:  2.4375  [38;2;54;234;195mmemory:  5.70GiB(36.85%)  [34mtps: 61  [36mtflops: 0.27  [35mmfu: 0.09%[39m
REPR 97 rank0 loss -1.00000000000000000e+00 gn 2.43750000000000000e+00
[titan] 2026-09-13 20:35:32,185 - root - INFO - [31mstep: 97  [32mloss: -1.00000  [38;2;180;60;0mgrad_norm:  2.4375  [38;2;54;234;195mmemory:  5.06GiB(32.69%)  [34mtps: 61  [36mtflops: 0.27  [35mmfu: 0.09%[39m
REPR 98 rank2 loss -1.00000000000000000e+00 gn 2.31250000000000000e+00
REPR 98 rank6 loss -1.00000000000000000e+00 gn 2.31250000000000000e+00
REPR 98 rank4 loss -1.00000000000000000e+00 gn 2.31250000000000000e+00
[titan] 2026-09-13 20:35:32,697 - root - INFO - [31mstep: 98  [32mloss: -1.00000  [38;2;180;60;0mgrad_norm:  2.3125  [38;2;54;234;195mmemory:  1.12GiB(7.21%)  [34mtps: 62  [36mtflops: 0.27  [35mmfu: 0.09%[39m
[titan] 2026-09-13 20:35:32,697 - root - INFO - [31mstep: 98  [32mloss: -1.00000  [38;2;180;60;0mgrad_norm:  2.3125  [38;2;54;234;195mmemory:  1.11GiB(7.18%)  [34mtps: 62  [36mtflops: 0.27  [35mmfu: 0.09%[39m
REPR 98 rank3 loss -1.00000000000000000e+00 gn 2.31250000000000000e+00
[titan] 2026-09-13 20:35:32,697 - root - INFO - [31mstep: 98  [32mloss: -1.00000  [38;2;180;60;0mgrad_norm:  2.3125  [38;2;54;234;195mmemory:  1.19GiB(7.69%)  [34mtps: 62  [36mtflops: 0.27  [35mmfu: 0.09%[39m
[titan] 2026-09-13 20:35:32,698 - root - INFO - [31mstep: 98  [32mloss: -1.00000  [38;2;180;60;0mgrad_norm:  2.3125  [38;2;54;234;195mmemory:  1.24GiB(8.00%)  [34mtps: 62  [36mtflops: 0.27  [35mmfu: 0.09%[39m
REPR 98 rank5 loss -1.00000000000000000e+00 gn 2.31250000000000000e+00
[titan] 2026-09-13 20:35:32,698 - root - INFO - [31mstep: 98  [32mloss: -1.00000  [38;2;180;60;0mgrad_norm:  2.3125  [38;2;54;234;195mmemory:  1.24GiB(8.00%)  [34mtps: 62  [36mtflops: 0.27  [35mmfu: 0.09%[39m
REPR 98 rank1 loss -1.00000000000000000e+00 gn 2.31250000000000000e+00
[titan] 2026-09-13 20:35:32,699 - root - INFO - [31mstep: 98  [32mloss: -1.00000  [38;2;180;60;0mgrad_norm:  2.3125  [38;2;54;234;195mmemory:  1.52GiB(9.84%)  [34mtps: 62  [36mtflops: 0.27  [35mmfu: 0.09%[39m
REPR 98 rank7 loss 2.94096803665161133e+00 gn 2.31250000000000000e+00
[titan] 2026-09-13 20:35:32,703 - root - INFO - [31mstep: 98  [32mloss:  2.94097  [38;2;180;60;0mgrad_norm:  2.3125  [38;2;54;234;195mmemory:  5.70GiB(36.85%)  [34mtps: 62  [36mtflops: 0.27  [35mmfu: 0.09%[39m
REPR 98 rank0 loss -1.00000000000000000e+00 gn 2.31250000000000000e+00
[titan] 2026-09-13 20:35:32,704 - root - INFO - [31mstep: 98  [32mloss: -1.00000  [38;2;180;60;0mgrad_norm:  2.3125  [38;2;54;234;195mmemory:  5.06GiB(32.69%)  [34mtps: 62  [36mtflops: 0.27  [35mmfu: 0.09%[39m
REPR 99 rank2 loss -1.00000000000000000e+00 gn 2.31250000000000000e+00
REPR 99 rank6 loss -1.00000000000000000e+00 gn 2.31250000000000000e+00
REPR 99 rank4 loss -1.00000000000000000e+00 gn 2.31250000000000000e+00
[titan] 2026-09-13 20:35:33,212 - root - INFO - [31mstep: 99  [32mloss: -1.00000  [38;2;180;60;0mgrad_norm:  2.3125  [38;2;54;234;195mmemory:  1.12GiB(7.21%)  [34mtps: 62  [36mtflops: 0.28  [35mmfu: 0.09%[39m
[titan] 2026-09-13 20:35:33,212 - root - INFO - [31mstep: 99  [32mloss: -1.00000  [38;2;180;60;0mgrad_norm:  2.3125  [38;2;54;234;195mmemory:  1.11GiB(7.18%)  [34mtps: 62  [36mtflops: 0.28  [35mmfu: 0.09%[39m
REPR 99 rank5 loss -1.00000000000000000e+00 gn 2.31250000000000000e+00
[titan] 2026-09-13 20:35:33,212 - root - INFO - [31mstep: 99  [32mloss: -1.00000  [38;2;180;60;0mgrad_norm:  2.3125  [38;2;54;234;195mmemory:  1.19GiB(7.69%)  [34mtps: 62  [36mtflops: 0.28  [35mmfu: 0.09%[39m
[titan] 2026-09-13 20:35:33,212 - root - INFO - [31mstep: 99  [32mloss: -1.00000  [38;2;180;60;0mgrad_norm:  2.3125  [38;2;54;234;195mmemory:  1.24GiB(8.00%)  [34mtps: 62  [36mtflops: 0.28  [35mmfu: 0.09%[39m
REPR 99 rank3 loss -1.00000000000000000e+00 gn 2.31250000000000000e+00
[titan] 2026-09-13 20:35:33,213 - root - INFO - [31mstep: 99  [32mloss: -1.00000  [38;2;180;60;0mgrad_norm:  2.3125  [38;2;54;234;195mmemory:  1.24GiB(8.00%)  [34mtps: 62  [36mtflops: 0.28  [35mmfu: 0.09%[39m
REPR 99 rank1 loss -1.00000000000000000e+00 gn 2.31250000000000000e+00
[titan] 2026-09-13 20:35:33,213 - root - INFO - [31mstep: 99  [32mloss: -1.00000  [38;2;180;60;0mgrad_norm:  2.3125  [38;2;54;234;195mmemory:  1.52GiB(9.84%)  [34mtps: 62  [36mtflops: 0.28  [35mmfu: 0.09%[39m
REPR 99 rank7 loss 3.04236221313476562e+00 gn 2.31250000000000000e+00
[titan] 2026-09-13 20:35:33,217 - root - INFO - [31mstep: 99  [32mloss:  3.04236  [38;2;180;60;0mgrad_norm:  2.3125  [38;2;54;234;195mmemory:  5.70GiB(36.85%)  [34mtps: 62  [36mtflops: 0.28  [35mmfu: 0.09%[39m
REPR 99 rank0 loss -1.00000000000000000e+00 gn 2.31250000000000000e+00
[titan] 2026-09-13 20:35:33,218 - root - INFO - [31mstep: 99  [32mloss: -1.00000  [38;2;180;60;0mgrad_norm:  2.3125  [38;2;54;234;195mmemory:  5.06GiB(32.69%)  [34mtps: 62  [36mtflops: 0.28  [35mmfu: 0.09%[39m
[titan] 2026-09-13 20:35:33,236 - root - INFO - [GC] Performing periodic GC collection took 0.02 seconds
[titan] 2026-09-13 20:35:33,236 - root - INFO - [GC] Performing periodic GC collection took 0.02 seconds
[titan] 2026-09-13 20:35:33,238 - root - INFO - [GC] Performing periodic GC collection took 0.03 seconds
[titan] 2026-09-13 20:35:33,239 - root - INFO - [GC] Performing periodic GC collection took 0.03 seconds
[titan] 2026-09-13 20:35:33,239 - root - INFO - [GC] Performing periodic GC collection took 0.03 seconds
[titan] 2026-09-13 20:35:33,240 - root - INFO - [GC] Performing periodic GC collection took 0.03 seconds
[titan] 2026-09-13 20:35:33,244 - root - INFO - [GC] Performing periodic GC collection took 0.03 seconds
[titan] 2026-09-13 20:35:33,249 - root - INFO - [GC] Performing periodic GC collection took 0.04 seconds
REPR 100 rank2 loss -1.00000000000000000e+00 gn 2.84375000000000000e+00
REPR 100 rank6 loss -1.00000000000000000e+00 gn 2.84375000000000000e+00
[titan] 2026-09-13 20:35:33,764 - root - INFO - [31mstep: 100  [32mloss: -1.00000  [38;2;180;60;0mgrad_norm:  2.8438  [38;2;54;234;195mmemory:  1.12GiB(7.21%)  [34mtps: 58  [36mtflops: 0.26  [35mmfu: 0.08%[39m
[titan] 2026-09-13 20:35:33,764 - root - INFO - [31mstep: 100  [32mloss: -1.00000  [38;2;180;60;0mgrad_norm:  2.8438  [38;2;54;234;195mmemory:  1.11GiB(7.18%)  [34mtps: 58  [36mtflops: 0.26  [35mmfu: 0.08%[39m
REPR 100 rank4 loss -1.00000000000000000e+00 gn 2.84375000000000000e+00
REPR 100 rank5 loss -1.00000000000000000e+00 gn 2.84375000000000000e+00REPR 100 rank3 loss -1.00000000000000000e+00 gn 2.84375000000000000e+00
[titan] 2026-09-13 20:35:33,764 - root - INFO - Saving the checkpoint.

[titan] 2026-09-13 20:35:33,764 - root - INFO - Saving a full checkpoint at last step, step 100.
[titan] 2026-09-13 20:35:33,764 - root - INFO - Saving the checkpoint.
[titan] 2026-09-13 20:35:33,764 - root - INFO - Saving a full checkpoint at last step, step 100.
[titan] 2026-09-13 20:35:33,765 - root - INFO - [31mstep: 100  [32mloss: -1.00000  [38;2;180;60;0mgrad_norm:  2.8438  [38;2;54;234;195mmemory:  1.19GiB(7.69%)  [34mtps: 58  [36mtflops: 0.26  [35mmfu: 0.08%[39m
[titan] 2026-09-13 20:35:33,765 - root - INFO - [31mstep: 100  [32mloss: -1.00000  [38;2;180;60;0mgrad_norm:  2.8438  [38;2;54;234;195mmemory:  1.24GiB(8.00%)  [34mtps: 58  [36mtflops: 0.26  [35mmfu: 0.08%[39m
[titan] 2026-09-13 20:35:33,765 - root - INFO - [31mstep: 100  [32mloss: -1.00000  [38;2;180;60;0mgrad_norm:  2.8438  [38;2;54;234;195mmemory:  1.24GiB(8.00%)  [34mtps: 58  [36mtflops: 0.26  [35mmfu: 0.08%[39m
[titan] 2026-09-13 20:35:33,765 - root - INFO - Saving the checkpoint.
[titan] 2026-09-13 20:35:33,765 - root - INFO - Saving the checkpoint.
[titan] 2026-09-13 20:35:33,765 - root - INFO - Saving the checkpoint.
[titan] 2026-09-13 20:35:33,765 - root - INFO - Saving a full checkpoint at last step, step 100.
[titan] 2026-09-13 20:35:33,765 - root - INFO - Saving a full checkpoint at last step, step 100.
[titan] 2026-09-13 20:35:33,765 - root - INFO - Saving a full checkpoint at last step, step 100.
REPR 100 rank1 loss -1.00000000000000000e+00 gn 2.84375000000000000e+00
[titan] 2026-09-13 20:35:33,765 - root - INFO - [31mstep: 100  [32mloss: -1.00000  [38;2;180;60;0mgrad_norm:  2.8438  [38;2;54;234;195mmemory:  1.52GiB(9.84%)  [34mtps: 58  [36mtflops: 0.26  [35mmfu: 0.08%[39m
[titan] 2026-09-13 20:35:33,766 - root - INFO - Saving the checkpoint.
[titan] 2026-09-13 20:35:33,766 - root - INFO - Saving a full checkpoint at last step, step 100.
REPR 100 rank7 loss 3.00832986831665039e+00 gn 2.84375000000000000e+00
[titan] 2026-09-13 20:35:33,770 - root - INFO - [31mstep: 100  [32mloss:  3.00833  [38;2;180;60;0mgrad_norm:  2.8438  [38;2;54;234;195mmemory:  5.70GiB(36.85%)  [34mtps: 58  [36mtflops: 0.26  [35mmfu: 0.08%[39m
[titan] 2026-09-13 20:35:33,770 - root - INFO - Saving the checkpoint.
[titan] 2026-09-13 20:35:33,770 - root - INFO - Saving a full checkpoint at last step, step 100.
REPR 100 rank0 loss -1.00000000000000000e+00 gn 2.84375000000000000e+00
[titan] 2026-09-13 20:35:33,770 - root - INFO - [31mstep: 100  [32mloss: -1.00000  [38;2;180;60;0mgrad_norm:  2.8438  [38;2;54;234;195mmemory:  5.06GiB(32.69%)  [34mtps: 58  [36mtflops: 0.26  [35mmfu: 0.08%[39m
[titan] 2026-09-13 20:35:33,771 - root - INFO - Saving the checkpoint.
[titan] 2026-09-13 20:35:33,771 - root - INFO - Saving a full checkpoint at last step, step 100.
[titan] 2026-09-13 20:35:38,500 - root - INFO - [GC] GC collection invoked by checkpointer. took 0.04 seconds
[titan] 2026-09-13 20:35:38,505 - root - INFO - Last step checkpoint completed in 4.73s
[titan] 2026-09-13 20:35:38,506 - root - INFO - Sleeping 2 seconds for other ranks to complete
[titan] 2026-09-13 20:35:38,509 - root - INFO - [GC] GC collection invoked by checkpointer. took 0.02 seconds
[titan] 2026-09-13 20:35:38,511 - root - INFO - [GC] GC collection invoked by checkpointer. took 0.02 seconds
[titan] 2026-09-13 20:35:38,512 - root - INFO - [GC] GC collection invoked by checkpointer. took 0.02 seconds
[titan] 2026-09-13 20:35:38,512 - root - INFO - Last step checkpoint completed in 4.74s
[titan] 2026-09-13 20:35:38,513 - root - INFO - Training completed
[titan] 2026-09-13 20:35:38,514 - root - INFO - [GC] GC collection invoked by checkpointer. took 0.02 seconds
[titan] 2026-09-13 20:35:38,515 - root - INFO - [GC] GC collection invoked by checkpointer. took 0.02 seconds
[titan] 2026-09-13 20:35:38,515 - root - INFO - Last step checkpoint completed in 4.75s
[titan] 2026-09-13 20:35:38,515 - root - INFO - Last step checkpoint completed in 4.75s
[titan] 2026-09-13 20:35:38,516 - root - INFO - Training completed
[titan] 2026-09-13 20:35:38,516 - root - INFO - Training completed
[titan] 2026-09-13 20:35:38,518 - root - INFO - Last step checkpoint completed in 4.75s
[titan] 2026-09-13 20:35:38,518 - root - INFO - Last step checkpoint completed in 4.75s
[titan] 2026-09-13 20:35:38,519 - root - INFO - Training completed
[titan] 2026-09-13 20:35:38,519 - root - INFO - Training completed
[titan] 2026-09-13 20:35:38,520 - root - INFO - [GC] GC collection invoked by checkpointer. took 0.02 seconds
[titan] 2026-09-13 20:35:38,521 - root - INFO - Destroying the purge thread.
[titan] 2026-09-13 20:35:38,522 - root - INFO - [GC] GC collection invoked by checkpointer. took 0.02 seconds
[titan] 2026-09-13 20:35:38,524 - root - INFO - Destroying the purge thread.
[titan] 2026-09-13 20:35:38,524 - root - INFO - Last step checkpoint completed in 4.76s
[titan] 2026-09-13 20:35:38,525 - root - INFO - Training completed
[titan] 2026-09-13 20:35:38,525 - root - INFO - Destroying the purge thread.
[titan] 2026-09-13 20:35:38,526 - root - INFO - Last step checkpoint completed in 4.76s
[titan] 2026-09-13 20:35:38,526 - root - INFO - Training completed
[titan] 2026-09-13 20:35:38,527 - root - INFO - Destroying the purge thread.
[titan] 2026-09-13 20:35:38,528 - root - INFO - Destroying the purge thread.
[titan] 2026-09-13 20:35:38,531 - root - INFO - Destroying the purge thread.
[titan] 2026-09-13 20:35:38,533 - root - INFO - Destroying the purge thread.
[titan] 2026-09-13 20:35:40,506 - root - INFO - Training completed
[titan] 2026-09-13 20:35:40,518 - root - INFO - Destroying the purge thread.
[titan] 2026-09-13 20:35:41,523 - root - INFO - Process group destroyed
[titan] 2026-09-13 20:35:41,526 - root - INFO - Process group destroyed
[titan] 2026-09-13 20:35:41,565 - root - INFO - Process group destroyed
[titan] 2026-09-13 20:35:41,565 - root - INFO - Process group destroyed
[titan] 2026-09-13 20:35:41,567 - root - INFO - Process group destroyed
[titan] 2026-09-13 20:35:41,567 - root - INFO - Process group destroyed
[titan] 2026-09-13 20:35:41,569 - root - INFO - Process group destroyed
[titan] 2026-09-13 20:35:41,637 - root - INFO - Process group destroyed
