W0913 20:45:15.759000 1570950 torch/distributed/run.py:982] 
W0913 20:45:15.759000 1570950 torch/distributed/run.py:982] *****************************************
W0913 20:45:15.759000 1570950 torch/distributed/run.py:982] Setting OMP_NUM_THREADS environment variable for each process to be 1 in default, to avoid your system being overloaded, please further tune the variable for optimal performance in your application as needed. 
W0913 20:45:15.759000 1570950 torch/distributed/run.py:982] *****************************************
WARNING:absl:Failed to load jax profiler: No module named 'jax'
WARNING:absl:Failed to load jax profiler: No module named 'jax'
WARNING:absl:Failed to load jax profiler: No module named 'jax'
WARNING:absl:Failed to load jax profiler: No module named 'jax'
WARNING:absl:Failed to load jax profiler: No module named 'jax'
WARNING:absl:Failed to load jax profiler: No module named 'jax'
WARNING:absl:Failed to load jax profiler: No module named 'jax'
WARNING:absl:Failed to load jax profiler: No module named 'jax'
W0913 20:45:23.890000 1571017 torch/utils/_pytree.py:630] <enum 'KernelPreference'> is an Enum subclass and is now natively supported by torch.compile as an opaque value type. Calling register_constant() on Enum subclasses is deprecated and will be an error in a future release.
W0913 20:45:23.926000 1571017 torch/utils/_pytree.py:630] <enum 'ScaleCalculationMode'> is an Enum subclass and is now natively supported by torch.compile as an opaque value type. Calling register_constant() on Enum subclasses is deprecated and will be an error in a future release.
W0913 20:45:24.304000 1571018 torch/utils/_pytree.py:630] <enum 'KernelPreference'> is an Enum subclass and is now natively supported by torch.compile as an opaque value type. Calling register_constant() on Enum subclasses is deprecated and will be an error in a future release.
W0913 20:45:24.344000 1571018 torch/utils/_pytree.py:630] <enum 'ScaleCalculationMode'> is an Enum subclass and is now natively supported by torch.compile as an opaque value type. Calling register_constant() on Enum subclasses is deprecated and will be an error in a future release.
W0913 20:45:24.522000 1571019 torch/utils/_pytree.py:630] <enum 'KernelPreference'> is an Enum subclass and is now natively supported by torch.compile as an opaque value type. Calling register_constant() on Enum subclasses is deprecated and will be an error in a future release.
W0913 20:45:24.558000 1571019 torch/utils/_pytree.py:630] <enum 'ScaleCalculationMode'> is an Enum subclass and is now natively supported by torch.compile as an opaque value type. Calling register_constant() on Enum subclasses is deprecated and will be an error in a future release.
W0913 20:45:24.621000 1571024 torch/utils/_pytree.py:630] <enum 'KernelPreference'> is an Enum subclass and is now natively supported by torch.compile as an opaque value type. Calling register_constant() on Enum subclasses is deprecated and will be an error in a future release.
W0913 20:45:24.626000 1571020 torch/utils/_pytree.py:630] <enum 'KernelPreference'> is an Enum subclass and is now natively supported by torch.compile as an opaque value type. Calling register_constant() on Enum subclasses is deprecated and will be an error in a future release.
[titan] 2026-09-13 20:45:24,641 - root - INFO - torchtitan version: 0.0.0+unknown (0.0.0 means __version__ is not defined correctly).
W0913 20:45:24.658000 1571024 torch/utils/_pytree.py:630] <enum 'ScaleCalculationMode'> is an Enum subclass and is now natively supported by torch.compile as an opaque value type. Calling register_constant() on Enum subclasses is deprecated and will be an error in a future release.
W0913 20:45:24.663000 1571020 torch/utils/_pytree.py:630] <enum 'ScaleCalculationMode'> is an Enum subclass and is now natively supported by torch.compile as an opaque value type. Calling register_constant() on Enum subclasses is deprecated and will be an error in a future release.
W0913 20:45:24.737000 1571021 torch/utils/_pytree.py:630] <enum 'KernelPreference'> is an Enum subclass and is now natively supported by torch.compile as an opaque value type. Calling register_constant() on Enum subclasses is deprecated and will be an error in a future release.
W0913 20:45:24.748000 1571022 torch/utils/_pytree.py:630] <enum 'KernelPreference'> is an Enum subclass and is now natively supported by torch.compile as an opaque value type. Calling register_constant() on Enum subclasses is deprecated and will be an error in a future release.
W0913 20:45:24.751000 1571023 torch/utils/_pytree.py:630] <enum 'KernelPreference'> is an Enum subclass and is now natively supported by torch.compile as an opaque value type. Calling register_constant() on Enum subclasses is deprecated and will be an error in a future release.
W0913 20:45:24.778000 1571021 torch/utils/_pytree.py:630] <enum 'ScaleCalculationMode'> is an Enum subclass and is now natively supported by torch.compile as an opaque value type. Calling register_constant() on Enum subclasses is deprecated and will be an error in a future release.
W0913 20:45:24.783000 1571022 torch/utils/_pytree.py:630] <enum 'ScaleCalculationMode'> is an Enum subclass and is now natively supported by torch.compile as an opaque value type. Calling register_constant() on Enum subclasses is deprecated and will be an error in a future release.
W0913 20:45:24.785000 1571023 torch/utils/_pytree.py:630] <enum 'ScaleCalculationMode'> is an Enum subclass and is now natively supported by torch.compile as an opaque value type. Calling register_constant() on Enum subclasses is deprecated and will be an error in a future release.
[titan] 2026-09-13 20:45:25,033 - root - INFO - torchtitan version: 0.0.0+unknown (0.0.0 means __version__ is not defined correctly).
[titan] 2026-09-13 20:45:25,224 - root - INFO - torchtitan version: 0.0.0+unknown (0.0.0 means __version__ is not defined correctly).
[titan] 2026-09-13 20:45:25,248 - root - WARNING - initial_load_model_only=True has no effect without an initial_load_path.
[titan] 2026-09-13 20:45:25,339 - root - INFO - torchtitan version: 0.0.0+unknown (0.0.0 means __version__ is not defined correctly).
[titan] 2026-09-13 20:45:25,342 - root - WARNING - initial_load_model_only=True has no effect without an initial_load_path.
[titan] 2026-09-13 20:45:25,343 - torchtitan.observability.structured_logger.jsonl_handler - INFO - Structured logging -> JSONL: /workspace/pp_gradprobe_warm/tri_dense_fp64_warm_c/structured_logs/training.global_rank_0.20260913-204525-E1TLNM.jsonl
[titan] 2026-09-13 20:45:25,359 - root - INFO - torchtitan version: 0.0.0+unknown (0.0.0 means __version__ is not defined correctly).
[titan] 2026-09-13 20:45:25,456 - root - INFO - torchtitan version: 0.0.0+unknown (0.0.0 means __version__ is not defined correctly).
[titan] 2026-09-13 20:45:25,474 - root - INFO - torchtitan version: 0.0.0+unknown (0.0.0 means __version__ is not defined correctly).
[titan] 2026-09-13 20:45:25,496 - root - INFO - Enabled BF16x9 emulation for FP32 CUDA matmuls
[titan] 2026-09-13 20:45:25,496 - root - WARNING - ENV[TORCH_NCCL_ASYNC_ERROR_HANDLING] = 1 will be overridden to 3 based on job config
[titan] 2026-09-13 20:45:25,509 - root - INFO - torchtitan version: 0.0.0+unknown (0.0.0 means __version__ is not defined correctly).
[titan] 2026-09-13 20:45:25,618 - root - WARNING - initial_load_model_only=True has no effect without an initial_load_path.
[titan] 2026-09-13 20:45:25,717 - root - WARNING - initial_load_model_only=True has no effect without an initial_load_path.
[titan] 2026-09-13 20:45:25,718 - torchtitan.observability.structured_logger.jsonl_handler - INFO - Structured logging -> JSONL: /workspace/pp_gradprobe_warm/tri_dense_fp64_warm_c/structured_logs/training.global_rank_1.20260913-204525-DQNKXK.jsonl
[titan] 2026-09-13 20:45:25,783 - root - WARNING - initial_load_model_only=True has no effect without an initial_load_path.
[titan] 2026-09-13 20:45:25,829 - root - WARNING - initial_load_model_only=True has no effect without an initial_load_path.
[titan] 2026-09-13 20:45:25,839 - root - WARNING - initial_load_model_only=True has no effect without an initial_load_path.
[titan] 2026-09-13 20:45:25,866 - root - INFO - Enabled BF16x9 emulation for FP32 CUDA matmuls
[titan] 2026-09-13 20:45:25,866 - root - WARNING - ENV[TORCH_NCCL_ASYNC_ERROR_HANDLING] = 1 will be overridden to 3 based on job config
[titan] 2026-09-13 20:45:25,875 - root - WARNING - initial_load_model_only=True has no effect without an initial_load_path.
[titan] 2026-09-13 20:45:25,876 - torchtitan.observability.structured_logger.jsonl_handler - INFO - Structured logging -> JSONL: /workspace/pp_gradprobe_warm/tri_dense_fp64_warm_c/structured_logs/training.global_rank_2.20260913-204525-IW8NA3.jsonl
[titan] 2026-09-13 20:45:25,923 - root - WARNING - initial_load_model_only=True has no effect without an initial_load_path.
[titan] 2026-09-13 20:45:25,924 - torchtitan.observability.structured_logger.jsonl_handler - INFO - Structured logging -> JSONL: /workspace/pp_gradprobe_warm/tri_dense_fp64_warm_c/structured_logs/training.global_rank_3.20260913-204525-BE0Y5N.jsonl
[titan] 2026-09-13 20:45:25,932 - root - WARNING - initial_load_model_only=True has no effect without an initial_load_path.
[titan] 2026-09-13 20:45:25,933 - torchtitan.observability.structured_logger.jsonl_handler - INFO - Structured logging -> JSONL: /workspace/pp_gradprobe_warm/tri_dense_fp64_warm_c/structured_logs/training.global_rank_7.20260913-204525-IBTER5.jsonl
[titan] 2026-09-13 20:45:25,951 - root - WARNING - initial_load_model_only=True has no effect without an initial_load_path.
[titan] 2026-09-13 20:45:25,966 - root - WARNING - initial_load_model_only=True has no effect without an initial_load_path.
[titan] 2026-09-13 20:45:26,012 - root - WARNING - initial_load_model_only=True has no effect without an initial_load_path.
[titan] 2026-09-13 20:45:26,043 - root - WARNING - initial_load_model_only=True has no effect without an initial_load_path.
[titan] 2026-09-13 20:45:26,044 - torchtitan.observability.structured_logger.jsonl_handler - INFO - Structured logging -> JSONL: /workspace/pp_gradprobe_warm/tri_dense_fp64_warm_c/structured_logs/training.global_rank_5.20260913-204526-BY3N79.jsonl
[titan] 2026-09-13 20:45:26,058 - root - WARNING - initial_load_model_only=True has no effect without an initial_load_path.
[titan] 2026-09-13 20:45:26,059 - torchtitan.observability.structured_logger.jsonl_handler - INFO - Structured logging -> JSONL: /workspace/pp_gradprobe_warm/tri_dense_fp64_warm_c/structured_logs/training.global_rank_6.20260913-204526-G4U2U7.jsonl
[titan] 2026-09-13 20:45:26,113 - root - WARNING - initial_load_model_only=True has no effect without an initial_load_path.
[titan] 2026-09-13 20:45:26,115 - torchtitan.observability.structured_logger.jsonl_handler - INFO - Structured logging -> JSONL: /workspace/pp_gradprobe_warm/tri_dense_fp64_warm_c/structured_logs/training.global_rank_4.20260913-204526-TOPMUZ.jsonl
[titan] 2026-09-13 20:45:26,578 - root - INFO - Enabled BF16x9 emulation for FP32 CUDA matmuls
[titan] 2026-09-13 20:45:26,578 - root - WARNING - ENV[TORCH_NCCL_ASYNC_ERROR_HANDLING] = 1 will be overridden to 3 based on job config
[titan] 2026-09-13 20:45:26,634 - root - INFO - Enabled BF16x9 emulation for FP32 CUDA matmuls
[titan] 2026-09-13 20:45:26,634 - root - WARNING - ENV[TORCH_NCCL_ASYNC_ERROR_HANDLING] = 1 will be overridden to 3 based on job config
[titan] 2026-09-13 20:45:26,634 - root - INFO - Enabled BF16x9 emulation for FP32 CUDA matmuls
[titan] 2026-09-13 20:45:26,634 - root - WARNING - ENV[TORCH_NCCL_ASYNC_ERROR_HANDLING] = 1 will be overridden to 3 based on job config
[titan] 2026-09-13 20:45:26,672 - root - INFO - Enabled BF16x9 emulation for FP32 CUDA matmuls
[titan] 2026-09-13 20:45:26,672 - root - WARNING - ENV[TORCH_NCCL_ASYNC_ERROR_HANDLING] = 1 will be overridden to 3 based on job config
[titan] 2026-09-13 20:45:26,674 - root - INFO - Enabled BF16x9 emulation for FP32 CUDA matmuls
[titan] 2026-09-13 20:45:26,674 - root - WARNING - ENV[TORCH_NCCL_ASYNC_ERROR_HANDLING] = 1 will be overridden to 3 based on job config
[titan] 2026-09-13 20:45:26,687 - root - INFO - Enabled BF16x9 emulation for FP32 CUDA matmuls
[titan] 2026-09-13 20:45:26,687 - root - WARNING - ENV[TORCH_NCCL_ASYNC_ERROR_HANDLING] = 1 will be overridden to 3 based on job config
[titan] 2026-09-13 20:45:27,199 - root - INFO - [GC] Initial GC collection took 0.00 seconds
[titan] 2026-09-13 20:45:27,199 - root - INFO - Deterministic algorithm enabled (expect perf degradation).
[titan] 2026-09-13 20:45:27,199 - root - INFO - Using eager (non-compiled) flex_attention for determinism on ROCm.
[titan] 2026-09-13 20:45:27,199 - root - INFO - Building device mesh with parallelism: pp=8, dp_replicate=1, dp_shard=1, cp=1, tp=1, ep=1
[titan] 2026-09-13 20:45:27,203 - root - INFO - [GC] Initial GC collection took 0.00 seconds
[titan] 2026-09-13 20:45:27,203 - root - INFO - Deterministic algorithm enabled (expect perf degradation).
[titan] 2026-09-13 20:45:27,203 - root - INFO - Using eager (non-compiled) flex_attention for determinism on ROCm.
[titan] 2026-09-13 20:45:27,203 - root - INFO - Building device mesh with parallelism: pp=8, dp_replicate=1, dp_shard=1, cp=1, tp=1, ep=1
[titan] 2026-09-13 20:45:27,205 - root - INFO - [GC] Initial GC collection took 0.00 seconds
[titan] 2026-09-13 20:45:27,205 - root - INFO - Deterministic algorithm enabled (expect perf degradation).
[titan] 2026-09-13 20:45:27,205 - root - INFO - Using eager (non-compiled) flex_attention for determinism on ROCm.
[titan] 2026-09-13 20:45:27,205 - root - INFO - Building device mesh with parallelism: pp=8, dp_replicate=1, dp_shard=1, cp=1, tp=1, ep=1
[titan] 2026-09-13 20:45:27,206 - root - INFO - [GC] Initial GC collection took 0.00 seconds
[titan] 2026-09-13 20:45:27,206 - root - INFO - Deterministic algorithm enabled (expect perf degradation).
[titan] 2026-09-13 20:45:27,206 - root - INFO - Using eager (non-compiled) flex_attention for determinism on ROCm.
[titan] 2026-09-13 20:45:27,206 - root - INFO - Building device mesh with parallelism: pp=8, dp_replicate=1, dp_shard=1, cp=1, tp=1, ep=1
[titan] 2026-09-13 20:45:27,207 - root - INFO - [GC] Initial GC collection took 0.00 seconds
[titan] 2026-09-13 20:45:27,207 - root - INFO - Deterministic algorithm enabled (expect perf degradation).
[titan] 2026-09-13 20:45:27,208 - root - INFO - Using eager (non-compiled) flex_attention for determinism on ROCm.
[titan] 2026-09-13 20:45:27,208 - root - INFO - Building device mesh with parallelism: pp=8, dp_replicate=1, dp_shard=1, cp=1, tp=1, ep=1
[titan] 2026-09-13 20:45:27,211 - root - INFO - [GC] Initial GC collection took 0.00 seconds
[titan] 2026-09-13 20:45:27,211 - root - INFO - Deterministic algorithm enabled (expect perf degradation).
[titan] 2026-09-13 20:45:27,211 - root - INFO - Using eager (non-compiled) flex_attention for determinism on ROCm.
[titan] 2026-09-13 20:45:27,211 - root - INFO - Building device mesh with parallelism: pp=8, dp_replicate=1, dp_shard=1, cp=1, tp=1, ep=1
[titan] 2026-09-13 20:45:27,213 - root - INFO - [GC] Initial GC collection took 0.00 seconds
[titan] 2026-09-13 20:45:27,213 - root - INFO - Deterministic algorithm enabled (expect perf degradation).
[titan] 2026-09-13 20:45:27,213 - root - INFO - Using eager (non-compiled) flex_attention for determinism on ROCm.
[titan] 2026-09-13 20:45:27,213 - root - INFO - Building device mesh with parallelism: pp=8, dp_replicate=1, dp_shard=1, cp=1, tp=1, ep=1
[titan] 2026-09-13 20:45:27,260 - root - INFO - [GC] Initial GC collection took 0.00 seconds
[titan] 2026-09-13 20:45:27,260 - root - INFO - Deterministic algorithm enabled (expect perf degradation).
[titan] 2026-09-13 20:45:27,260 - root - INFO - Using eager (non-compiled) flex_attention for determinism on ROCm.
[titan] 2026-09-13 20:45:27,260 - root - INFO - Building device mesh with parallelism: pp=8, dp_replicate=1, dp_shard=1, cp=1, tp=1, ep=1
[titan] 2026-09-13 20:45:29,023 - root - INFO - Successfully created meshes with active dimensions: ['pp']
[titan] 2026-09-13 20:45:29,023 - root - INFO - Successfully created meshes with active dimensions: ['pp']
[titan] 2026-09-13 20:45:29,024 - root - INFO - Successfully created meshes with active dimensions: ['pp']
[titan] 2026-09-13 20:45:29,024 - root - INFO - Successfully created meshes with active dimensions: ['pp']
[titan] 2026-09-13 20:45:29,024 - root - INFO - Successfully created meshes with active dimensions: ['pp']
[titan] 2026-09-13 20:45:29,024 - root - INFO - Successfully created meshes with active dimensions: ['pp']
[titan] 2026-09-13 20:45:29,024 - root - INFO - Successfully created meshes with active dimensions: ['pp']
[titan] 2026-09-13 20:45:29,024 - root - INFO - Successfully created meshes with active dimensions: ['pp']
[titan] 2026-09-13 20:45:29,031 - root - INFO - Building kimi_k3 debugmodel_dense
[titan] 2026-09-13 20:45:29,031 - root - INFO - Building kimi_k3 debugmodel_dense
[titan] 2026-09-13 20:45:29,033 - root - INFO - Building kimi_k3 debugmodel_dense
[titan] 2026-09-13 20:45:29,035 - root - INFO - Building kimi_k3 debugmodel_dense
[titan] 2026-09-13 20:45:29,037 - root - INFO - Building kimi_k3 debugmodel_dense
[titan] 2026-09-13 20:45:29,038 - root - INFO - Building kimi_k3 debugmodel_dense
[titan] 2026-09-13 20:45:29,038 - root - INFO - Building kimi_k3 debugmodel_dense
[titan] 2026-09-13 20:45:29,039 - root - INFO - Building kimi_k3 debugmodel_dense
[titan] 2026-09-13 20:45:29,193 - root - INFO - CUDA capacity: NVIDIA GeForce RTX 5060 Ti with 15.48GiB memory
[titan] 2026-09-13 20:45:29,195 - root - INFO - CUDA capacity: NVIDIA GeForce RTX 5060 Ti with 15.48GiB memory
[titan] 2026-09-13 20:45:29,196 - root - INFO - CUDA capacity: NVIDIA GeForce RTX 5060 Ti with 15.48GiB memory
[titan] 2026-09-13 20:45:29,196 - root - WARNING - Error running lspci: [Errno 2] No such file or directory: 'lspci', fallback to use device_name
[titan] 2026-09-13 20:45:29,197 - root - WARNING - Peak flops undefined for: NVIDIA GeForce RTX 5060 Ti, fallback to A100
[titan] 2026-09-13 20:45:29,198 - root - INFO - CUDA capacity: NVIDIA GeForce RTX 5060 Ti with 15.48GiB memory
[titan] 2026-09-13 20:45:29,199 - root - WARNING - Error running lspci: [Errno 2] No such file or directory: 'lspci', fallback to use device_name
[titan] 2026-09-13 20:45:29,199 - root - WARNING - Peak flops undefined for: NVIDIA GeForce RTX 5060 Ti, fallback to A100
[titan] 2026-09-13 20:45:29,200 - root - WARNING - Error running lspci: [Errno 2] No such file or directory: 'lspci', fallback to use device_name
[titan] 2026-09-13 20:45:29,200 - root - WARNING - Peak flops undefined for: NVIDIA GeForce RTX 5060 Ti, fallback to A100
[titan] 2026-09-13 20:45:29,201 - root - INFO - Total parameter count: 896,134,688, active parameters: 691,875,872
[titan] 2026-09-13 20:45:29,201 - root - INFO - [34mModel kimi_k3 debugmodel_dense [31msize: 896,134,688 total parameters[39m
[titan] 2026-09-13 20:45:29,202 - root - WARNING - Error running lspci: [Errno 2] No such file or directory: 'lspci', fallback to use device_name
[titan] 2026-09-13 20:45:29,202 - root - WARNING - Peak flops undefined for: NVIDIA GeForce RTX 5060 Ti, fallback to A100
[titan] 2026-09-13 20:45:29,205 - root - INFO - Total parameter count: 896,134,688, active parameters: 691,875,872
[titan] 2026-09-13 20:45:29,205 - root - INFO - [34mModel kimi_k3 debugmodel_dense [31msize: 896,134,688 total parameters[39m
[titan] 2026-09-13 20:45:29,206 - root - INFO - CUDA capacity: NVIDIA GeForce RTX 5060 Ti with 15.48GiB memory
[titan] 2026-09-13 20:45:29,207 - root - INFO - CUDA capacity: NVIDIA GeForce RTX 5060 Ti with 15.48GiB memory
[titan] 2026-09-13 20:45:29,207 - root - INFO - Total parameter count: 896,134,688, active parameters: 691,875,872
[titan] 2026-09-13 20:45:29,207 - root - INFO - [34mModel kimi_k3 debugmodel_dense [31msize: 896,134,688 total parameters[39m
[titan] 2026-09-13 20:45:29,207 - root - INFO - Total parameter count: 896,134,688, active parameters: 691,875,872
[titan] 2026-09-13 20:45:29,208 - root - INFO - [34mModel kimi_k3 debugmodel_dense [31msize: 896,134,688 total parameters[39m
[titan] 2026-09-13 20:45:29,209 - root - WARNING - Error running lspci: [Errno 2] No such file or directory: 'lspci', fallback to use device_name
[titan] 2026-09-13 20:45:29,209 - root - WARNING - Peak flops undefined for: NVIDIA GeForce RTX 5060 Ti, fallback to A100
[titan] 2026-09-13 20:45:29,210 - root - INFO - CUDA capacity: NVIDIA GeForce RTX 5060 Ti with 15.48GiB memory
[titan] 2026-09-13 20:45:29,210 - root - WARNING - Error running lspci: [Errno 2] No such file or directory: 'lspci', fallback to use device_name
[titan] 2026-09-13 20:45:29,210 - root - WARNING - Peak flops undefined for: NVIDIA GeForce RTX 5060 Ti, fallback to A100
[titan] 2026-09-13 20:45:29,214 - root - WARNING - Error running lspci: [Errno 2] No such file or directory: 'lspci', fallback to use device_name
[titan] 2026-09-13 20:45:29,214 - root - WARNING - Peak flops undefined for: NVIDIA GeForce RTX 5060 Ti, fallback to A100
[titan] 2026-09-13 20:45:29,214 - root - INFO - Total parameter count: 896,134,688, active parameters: 691,875,872
[titan] 2026-09-13 20:45:29,214 - root - INFO - [34mModel kimi_k3 debugmodel_dense [31msize: 896,134,688 total parameters[39m
[titan] 2026-09-13 20:45:29,215 - root - INFO - Total parameter count: 896,134,688, active parameters: 691,875,872
[titan] 2026-09-13 20:45:29,215 - root - INFO - [34mModel kimi_k3 debugmodel_dense [31msize: 896,134,688 total parameters[39m
[titan] 2026-09-13 20:45:29,216 - root - INFO - CUDA capacity: NVIDIA GeForce RTX 5060 Ti with 15.48GiB memory
[titan] 2026-09-13 20:45:29,219 - root - INFO - Total parameter count: 896,134,688, active parameters: 691,875,872
[titan] 2026-09-13 20:45:29,219 - root - INFO - [34mModel kimi_k3 debugmodel_dense [31msize: 896,134,688 total parameters[39m
[titan] 2026-09-13 20:45:29,220 - root - WARNING - Error running lspci: [Errno 2] No such file or directory: 'lspci', fallback to use device_name
[titan] 2026-09-13 20:45:29,220 - root - WARNING - Peak flops undefined for: NVIDIA GeForce RTX 5060 Ti, fallback to A100
[titan] 2026-09-13 20:45:29,225 - root - INFO - Total parameter count: 896,134,688, active parameters: 691,875,872
[titan] 2026-09-13 20:45:29,225 - root - INFO - [34mModel kimi_k3 debugmodel_dense [31msize: 896,134,688 total parameters[39m
[rank4]:W0913 20:45:29.273000 1571021 torch/_logging/_internal.py:1394] Pipeline parallelism is using an eager NCCL communicator. Consider creating its process group with backend="nccl-lazy" so peer communicators are initialized lazily and traffic to different peers can overlap.
[titan] 2026-09-13 20:45:29,273 - root - INFO - PP rank 4 is building stage_idx 4 with modules ['layers.7', 'layers.8']
[rank5]:W0913 20:45:29.277000 1571022 torch/_logging/_internal.py:1394] Pipeline parallelism is using an eager NCCL communicator. Consider creating its process group with backend="nccl-lazy" so peer communicators are initialized lazily and traffic to different peers can overlap.
[titan] 2026-09-13 20:45:29,277 - root - INFO - PP rank 5 is building stage_idx 5 with modules ['layers.9', 'layers.10']
[rank0]:W0913 20:45:29.281000 1571017 torch/_logging/_internal.py:1394] Pipeline parallelism is using an eager NCCL communicator. Consider creating its process group with backend="nccl-lazy" so peer communicators are initialized lazily and traffic to different peers can overlap.
[titan] 2026-09-13 20:45:29,282 - root - INFO - PP rank 0 is building stage_idx 0 with modules ['vision_encoder', 'tok_embeddings', 'layers.0']
[rank2]:W0913 20:45:29.283000 1571019 torch/_logging/_internal.py:1394] Pipeline parallelism is using an eager NCCL communicator. Consider creating its process group with backend="nccl-lazy" so peer communicators are initialized lazily and traffic to different peers can overlap.
[titan] 2026-09-13 20:45:29,283 - root - INFO - PP rank 2 is building stage_idx 2 with modules ['layers.3', 'layers.4']
[rank1]:W0913 20:45:29.288000 1571018 torch/_logging/_internal.py:1394] Pipeline parallelism is using an eager NCCL communicator. Consider creating its process group with backend="nccl-lazy" so peer communicators are initialized lazily and traffic to different peers can overlap.
[titan] 2026-09-13 20:45:29,289 - root - INFO - PP rank 1 is building stage_idx 1 with modules ['layers.1', 'layers.2']
[rank3]:W0913 20:45:29.289000 1571020 torch/_logging/_internal.py:1394] Pipeline parallelism is using an eager NCCL communicator. Consider creating its process group with backend="nccl-lazy" so peer communicators are initialized lazily and traffic to different peers can overlap.
[titan] 2026-09-13 20:45:29,290 - root - INFO - PP rank 3 is building stage_idx 3 with modules ['layers.5', 'layers.6']
[rank6]:W0913 20:45:29.291000 1571023 torch/_logging/_internal.py:1394] Pipeline parallelism is using an eager NCCL communicator. Consider creating its process group with backend="nccl-lazy" so peer communicators are initialized lazily and traffic to different peers can overlap.
[titan] 2026-09-13 20:45:29,292 - root - INFO - PP rank 6 is building stage_idx 6 with modules ['layers.11', 'layers.12']
[rank7]:W0913 20:45:29.299000 1571024 torch/_logging/_internal.py:1394] Pipeline parallelism is using an eager NCCL communicator. Consider creating its process group with backend="nccl-lazy" so peer communicators are initialized lazily and traffic to different peers can overlap.
[titan] 2026-09-13 20:45:29,300 - root - INFO - PP rank 7 is building stage_idx 7 with modules ['layers.13', 'layers.14']
[titan] 2026-09-13 20:45:29,341 - root - INFO - PP rank 4 is building stage_idx 12 with modules ['layers.21']
[titan] 2026-09-13 20:45:29,349 - root - INFO - Applied SelectiveAC activation checkpointing to the model
[titan] 2026-09-13 20:45:29,349 - root - INFO - PP rank 5 is building stage_idx 13 with modules ['layers.22']
[titan] 2026-09-13 20:45:29,352 - root - INFO - PP rank 0 is building stage_idx 8 with modules ['layers.15', 'layers.16']
[titan] 2026-09-13 20:45:29,354 - root - INFO - PP rank 2 is building stage_idx 10 with modules ['layers.19']
[titan] 2026-09-13 20:45:29,359 - root - INFO - Applied SelectiveAC activation checkpointing to the model
[titan] 2026-09-13 20:45:29,361 - root - INFO - PP rank 3 is building stage_idx 11 with modules ['layers.20']
[titan] 2026-09-13 20:45:29,361 - root - INFO - Applied SelectiveAC activation checkpointing to the model
[titan] 2026-09-13 20:45:29,361 - root - INFO - PP rank 6 is building stage_idx 14 with modules ['layers.23']
[titan] 2026-09-13 20:45:29,362 - root - INFO - Applied SelectiveAC activation checkpointing to the model
[titan] 2026-09-13 20:45:29,362 - root - INFO - PP rank 1 is building stage_idx 9 with modules ['layers.17', 'layers.18']
[titan] 2026-09-13 20:45:29,363 - root - INFO - Applied SelectiveAC activation checkpointing to the model
[titan] 2026-09-13 20:45:29,369 - root - INFO - PP rank 7 is building stage_idx 15 with modules ['norm', 'lm_head', 'output_res_proj', 'output_res_norm']
[titan] 2026-09-13 20:45:29,369 - root - INFO - Applied SelectiveAC activation checkpointing to the model
[titan] 2026-09-13 20:45:29,371 - root - INFO - Applied SelectiveAC activation checkpointing to the model
[titan] 2026-09-13 20:45:29,372 - root - INFO - Applied SelectiveAC activation checkpointing to the model
[titan] 2026-09-13 20:45:29,377 - root - INFO - Applied SelectiveAC activation checkpointing to the model
[titan] 2026-09-13 20:45:29,395 - root - INFO - Applied FSDP to the model
[titan] 2026-09-13 20:45:29,395 - root - INFO - Applied FSDP to the model
[titan] 2026-09-13 20:45:29,396 - root - INFO - Applied SelectiveAC activation checkpointing to the model
[titan] 2026-09-13 20:45:29,397 - root - INFO - Applied SelectiveAC activation checkpointing to the model
[titan] 2026-09-13 20:45:29,401 - root - INFO - Applied FSDP to the model
[titan] 2026-09-13 20:45:29,401 - root - WARNING - Number of microbatches (4) is less than the total number of stages (16) which may result in a bubble in the pipeline.
[titan] 2026-09-13 20:45:29,401 - root - INFO - Applied FSDP to the model
[titan] 2026-09-13 20:45:29,401 - root - WARNING - Number of microbatches (4) is less than the total number of stages (16) which may result in a bubble in the pipeline.
[titan] 2026-09-13 20:45:29,402 - root - INFO - Using pipeline schedule Interleaved1F1B with 4 microbatches and 16 stages.
[titan] 2026-09-13 20:45:29,402 - root - INFO - Using pipeline schedule Interleaved1F1B with 4 microbatches and 16 stages.
[titan] 2026-09-13 20:45:29,403 - root - INFO - Kimi K3 pipeline: 2 stage(s) on this rank [4, 12], block transport delta with rank store
[titan] 2026-09-13 20:45:29,403 - root - INFO - Kimi K3 pipeline: 2 stage(s) on this rank [5, 13], block transport delta with rank store
[titan] 2026-09-13 20:45:29,408 - root - INFO - Applied FSDP to the model
[titan] 2026-09-13 20:45:29,409 - root - INFO - Applied FSDP to the model
[titan] 2026-09-13 20:45:29,410 - root - INFO - Applied SelectiveAC activation checkpointing to the model
[titan] 2026-09-13 20:45:29,410 - root - INFO - Applied FSDP to the model
[titan] 2026-09-13 20:45:29,411 - root - INFO - Applied SelectiveAC activation checkpointing to the model
[titan] 2026-09-13 20:45:29,411 - root - INFO - Applied SelectiveAC activation checkpointing to the model
[titan] 2026-09-13 20:45:29,413 - root - INFO - Applied FSDP to the model
[titan] 2026-09-13 20:45:29,414 - root - INFO - Applied SelectiveAC activation checkpointing to the model
[titan] 2026-09-13 20:45:29,414 - root - INFO - Applied FSDP to the model
[titan] 2026-09-13 20:45:29,414 - root - WARNING - Number of microbatches (4) is less than the total number of stages (16) which may result in a bubble in the pipeline.
[titan] 2026-09-13 20:45:29,414 - root - INFO - Applied FSDP to the model
[titan] 2026-09-13 20:45:29,415 - root - WARNING - Number of microbatches (4) is less than the total number of stages (16) which may result in a bubble in the pipeline.
[titan] 2026-09-13 20:45:29,416 - root - INFO - Applied FSDP to the model
[titan] 2026-09-13 20:45:29,416 - root - INFO - Using pipeline schedule Interleaved1F1B with 4 microbatches and 16 stages.
[titan] 2026-09-13 20:45:29,416 - root - INFO - Using pipeline schedule Interleaved1F1B with 4 microbatches and 16 stages.
[titan] 2026-09-13 20:45:29,416 - root - INFO - Kimi K3 pipeline: 2 stage(s) on this rank [3, 11], block transport delta with rank store
[titan] 2026-09-13 20:45:29,416 - root - INFO - Kimi K3 pipeline: 2 stage(s) on this rank [2, 10], block transport delta with rank store
[titan] 2026-09-13 20:45:29,417 - root - INFO - Applied SelectiveAC activation checkpointing to the model
[titan] 2026-09-13 20:45:29,417 - root - INFO - Applied FSDP to the model
[titan] 2026-09-13 20:45:29,417 - root - WARNING - Number of microbatches (4) is less than the total number of stages (16) which may result in a bubble in the pipeline.
[titan] 2026-09-13 20:45:29,418 - root - INFO - Using pipeline schedule Interleaved1F1B with 4 microbatches and 16 stages.
[titan] 2026-09-13 20:45:29,418 - root - INFO - Kimi K3 pipeline: 2 stage(s) on this rank [7, 15], block transport delta with rank store
[titan] 2026-09-13 20:45:29,420 - root - INFO - Applied FSDP to the model
[titan] 2026-09-13 20:45:29,420 - root - WARNING - Number of microbatches (4) is less than the total number of stages (16) which may result in a bubble in the pipeline.
[titan] 2026-09-13 20:45:29,420 - root - INFO - Applied FSDP to the model
[titan] 2026-09-13 20:45:29,420 - root - WARNING - Number of microbatches (4) is less than the total number of stages (16) which may result in a bubble in the pipeline.
[titan] 2026-09-13 20:45:29,421 - root - INFO - Using pipeline schedule Interleaved1F1B with 4 microbatches and 16 stages.
[titan] 2026-09-13 20:45:29,422 - root - INFO - Kimi K3 pipeline: 2 stage(s) on this rank [6, 14], block transport delta with rank store
[titan] 2026-09-13 20:45:29,422 - root - INFO - Using pipeline schedule Interleaved1F1B with 4 microbatches and 16 stages.
[titan] 2026-09-13 20:45:29,422 - root - INFO - Kimi K3 pipeline: 2 stage(s) on this rank [1, 9], block transport delta with rank store
[titan] 2026-09-13 20:45:29,424 - root - INFO - Applied FSDP to the model
[titan] 2026-09-13 20:45:29,426 - root - INFO - Applied SelectiveAC activation checkpointing to the model
[titan] 2026-09-13 20:45:29,445 - root - INFO - Applied FSDP to the model
[titan] 2026-09-13 20:45:29,445 - root - WARNING - Number of microbatches (4) is less than the total number of stages (16) which may result in a bubble in the pipeline.
[titan] 2026-09-13 20:45:29,446 - root - INFO - Using pipeline schedule Interleaved1F1B with 4 microbatches and 16 stages.
[titan] 2026-09-13 20:45:29,446 - root - INFO - Kimi K3 pipeline: 2 stage(s) on this rank [0, 8], block transport delta with rank store
[rank5]:W0913 20:45:29.692000 1571022 torch/distributed/tensor/_random.py:215] DTensor is synchronizing RNG states of every rank with the state from rank 0. This behavior is deprecated. Please call `torch.manual_seed()` on every rank that participates in SPMD DTensor Operations with the same seed. If using Pipeline Parallelism, each pipeline state would use a different seed, but all ranks belonging to one pipeline stage would use the same seed.
[rank3]:W0913 20:45:29.693000 1571020 torch/distributed/tensor/_random.py:215] DTensor is synchronizing RNG states of every rank with the state from rank 0. This behavior is deprecated. Please call `torch.manual_seed()` on every rank that participates in SPMD DTensor Operations with the same seed. If using Pipeline Parallelism, each pipeline state would use a different seed, but all ranks belonging to one pipeline stage would use the same seed.
[rank4]:W0913 20:45:29.693000 1571021 torch/distributed/tensor/_random.py:215] DTensor is synchronizing RNG states of every rank with the state from rank 0. This behavior is deprecated. Please call `torch.manual_seed()` on every rank that participates in SPMD DTensor Operations with the same seed. If using Pipeline Parallelism, each pipeline state would use a different seed, but all ranks belonging to one pipeline stage would use the same seed.
[rank7]:W0913 20:45:29.699000 1571024 torch/distributed/tensor/_random.py:215] DTensor is synchronizing RNG states of every rank with the state from rank 0. This behavior is deprecated. Please call `torch.manual_seed()` on every rank that participates in SPMD DTensor Operations with the same seed. If using Pipeline Parallelism, each pipeline state would use a different seed, but all ranks belonging to one pipeline stage would use the same seed.
[rank1]:W0913 20:45:29.700000 1571018 torch/distributed/tensor/_random.py:215] DTensor is synchronizing RNG states of every rank with the state from rank 0. This behavior is deprecated. Please call `torch.manual_seed()` on every rank that participates in SPMD DTensor Operations with the same seed. If using Pipeline Parallelism, each pipeline state would use a different seed, but all ranks belonging to one pipeline stage would use the same seed.
[rank6]:W0913 20:45:29.700000 1571023 torch/distributed/tensor/_random.py:215] DTensor is synchronizing RNG states of every rank with the state from rank 0. This behavior is deprecated. Please call `torch.manual_seed()` on every rank that participates in SPMD DTensor Operations with the same seed. If using Pipeline Parallelism, each pipeline state would use a different seed, but all ranks belonging to one pipeline stage would use the same seed.
[rank2]:W0913 20:45:29.700000 1571019 torch/distributed/tensor/_random.py:215] DTensor is synchronizing RNG states of every rank with the state from rank 0. This behavior is deprecated. Please call `torch.manual_seed()` on every rank that participates in SPMD DTensor Operations with the same seed. If using Pipeline Parallelism, each pipeline state would use a different seed, but all ranks belonging to one pipeline stage would use the same seed.
[titan] 2026-09-13 20:45:29,867 - root - WARNING - [31mPipeline Parallel loss is not visible. Please add [33mrank 7[31m to LOG_RANK environment variable in run_train.sh.[39m
[titan] 2026-09-13 20:45:29,870 - root - WARNING - [31mPipeline Parallel loss is not visible. Please add [33mrank 7[31m to LOG_RANK environment variable in run_train.sh.[39m
[titan] 2026-09-13 20:45:29,871 - root - WARNING - Error running lspci: [Errno 2] No such file or directory: 'lspci', fallback to use device_name
[titan] 2026-09-13 20:45:29,871 - root - WARNING - Peak flops undefined for: NVIDIA GeForce RTX 5060 Ti, fallback to A100
[titan] 2026-09-13 20:45:29,871 - root - INFO - Peak FLOPS used for computing MFU: 3.120e+14
[titan] 2026-09-13 20:45:29,871 - root - INFO - CUDA memory usage for model: 0.55GiB(3.57%)
[titan] 2026-09-13 20:45:29,872 - root - INFO - Optimizer AdamW (model_part=0): 46 params [.*] {'fused': True, 'foreach': False, 'lr': 0.0008, 'betas': (0.9, 0.95), 'eps': 1e-08, 'weight_decay': 0.1}
[titan] 2026-09-13 20:45:29,872 - root - INFO - Optimizer AdamW (model_part=1): 23 params [.*] {'fused': True, 'foreach': False, 'lr': 0.0008, 'betas': (0.9, 0.95), 'eps': 1e-08, 'weight_decay': 0.1}
[titan] 2026-09-13 20:45:29,873 - root - WARNING - Warmup steps (2) exceed total steps (1). Adjusting warmup steps to 1.
[titan] 2026-09-13 20:45:29,873 - root - WARNING - Warmup (1) + decay (1) steps exceed total steps (1). Adjusting decay steps to 0.
[titan] 2026-09-13 20:45:29,873 - root - INFO - Loading tokenizer from tokenizer.json
[titan] 2026-09-13 20:45:29,874 - root - WARNING - Error running lspci: [Errno 2] No such file or directory: 'lspci', fallback to use device_name
[titan] 2026-09-13 20:45:29,874 - root - WARNING - Peak flops undefined for: NVIDIA GeForce RTX 5060 Ti, fallback to A100
[titan] 2026-09-13 20:45:29,874 - root - INFO - Peak FLOPS used for computing MFU: 3.120e+14
[titan] 2026-09-13 20:45:29,875 - root - INFO - CUDA memory usage for model: 0.55GiB(3.57%)
[titan] 2026-09-13 20:45:29,875 - root - INFO - Optimizer AdamW (model_part=0): 46 params [.*] {'fused': True, 'foreach': False, 'lr': 0.0008, 'betas': (0.9, 0.95), 'eps': 1e-08, 'weight_decay': 0.1}
[titan] 2026-09-13 20:45:29,875 - root - INFO - Optimizer AdamW (model_part=1): 23 params [.*] {'fused': True, 'foreach': False, 'lr': 0.0008, 'betas': (0.9, 0.95), 'eps': 1e-08, 'weight_decay': 0.1}
[titan] 2026-09-13 20:45:29,876 - root - WARNING - Warmup steps (2) exceed total steps (1). Adjusting warmup steps to 1.
[titan] 2026-09-13 20:45:29,876 - root - WARNING - Warmup (1) + decay (1) steps exceed total steps (1). Adjusting decay steps to 0.
[titan] 2026-09-13 20:45:29,876 - root - INFO - Loading tokenizer from tokenizer.json
[titan] 2026-09-13 20:45:29,893 - root - WARNING - [31mPipeline Parallel loss is not visible. Please add [33mrank 7[31m to LOG_RANK environment variable in run_train.sh.[39m
[titan] 2026-09-13 20:45:29,895 - root - WARNING - [31mPipeline Parallel loss is not visible. Please add [33mrank 7[31m to LOG_RANK environment variable in run_train.sh.[39m
[titan] 2026-09-13 20:45:29,897 - root - WARNING - Error running lspci: [Errno 2] No such file or directory: 'lspci', fallback to use device_name
[titan] 2026-09-13 20:45:29,897 - root - WARNING - Peak flops undefined for: NVIDIA GeForce RTX 5060 Ti, fallback to A100
[titan] 2026-09-13 20:45:29,897 - root - INFO - Peak FLOPS used for computing MFU: 3.120e+14
[titan] 2026-09-13 20:45:29,897 - root - INFO - CUDA memory usage for model: 0.73GiB(4.72%)
[titan] 2026-09-13 20:45:29,898 - root - INFO - Optimizer AdamW (model_part=0): 46 params [.*] {'fused': True, 'foreach': False, 'lr': 0.0008, 'betas': (0.9, 0.95), 'eps': 1e-08, 'weight_decay': 0.1}
[titan] 2026-09-13 20:45:29,898 - root - INFO - Optimizer AdamW (model_part=1): 46 params [.*] {'fused': True, 'foreach': False, 'lr': 0.0008, 'betas': (0.9, 0.95), 'eps': 1e-08, 'weight_decay': 0.1}
[titan] 2026-09-13 20:45:29,898 - root - WARNING - [31mPipeline Parallel loss is not visible. Please add [33mrank 7[31m to LOG_RANK environment variable in run_train.sh.[39m
[titan] 2026-09-13 20:45:29,899 - root - WARNING - Warmup steps (2) exceed total steps (1). Adjusting warmup steps to 1.
[titan] 2026-09-13 20:45:29,899 - root - WARNING - Warmup (1) + decay (1) steps exceed total steps (1). Adjusting decay steps to 0.
[titan] 2026-09-13 20:45:29,899 - root - INFO - Loading tokenizer from tokenizer.json
[titan] 2026-09-13 20:45:29,899 - root - WARNING - Error running lspci: [Errno 2] No such file or directory: 'lspci', fallback to use device_name
[titan] 2026-09-13 20:45:29,899 - root - WARNING - Peak flops undefined for: NVIDIA GeForce RTX 5060 Ti, fallback to A100
[titan] 2026-09-13 20:45:29,899 - root - INFO - Peak FLOPS used for computing MFU: 3.120e+14
[titan] 2026-09-13 20:45:29,899 - root - INFO - CUDA memory usage for model: 0.49GiB(3.19%)
[titan] 2026-09-13 20:45:29,900 - root - INFO - Optimizer AdamW (model_part=0): 40 params [.*] {'fused': True, 'foreach': False, 'lr': 0.0008, 'betas': (0.9, 0.95), 'eps': 1e-08, 'weight_decay': 0.1}
[titan] 2026-09-13 20:45:29,900 - root - INFO - Optimizer AdamW (model_part=1): 23 params [.*] {'fused': True, 'foreach': False, 'lr': 0.0008, 'betas': (0.9, 0.95), 'eps': 1e-08, 'weight_decay': 0.1}
[titan] 2026-09-13 20:45:29,901 - root - WARNING - [31mPipeline Parallel loss is not visible. Please add [33mrank 7[31m to LOG_RANK environment variable in run_train.sh.[39m
[titan] 2026-09-13 20:45:29,901 - root - WARNING - Warmup steps (2) exceed total steps (1). Adjusting warmup steps to 1.
[titan] 2026-09-13 20:45:29,901 - root - WARNING - Warmup (1) + decay (1) steps exceed total steps (1). Adjusting decay steps to 0.
[titan] 2026-09-13 20:45:29,901 - root - INFO - Loading tokenizer from tokenizer.json
[titan] 2026-09-13 20:45:29,902 - root - WARNING - Error running lspci: [Errno 2] No such file or directory: 'lspci', fallback to use device_name
[titan] 2026-09-13 20:45:29,902 - root - WARNING - Peak flops undefined for: NVIDIA GeForce RTX 5060 Ti, fallback to A100
[titan] 2026-09-13 20:45:29,902 - root - INFO - Peak FLOPS used for computing MFU: 3.120e+14
[titan] 2026-09-13 20:45:29,902 - root - INFO - CUDA memory usage for model: 0.46GiB(2.94%)
[titan] 2026-09-13 20:45:29,903 - root - INFO - Optimizer AdamW (model_part=0): 40 params [.*] {'fused': True, 'foreach': False, 'lr': 0.0008, 'betas': (0.9, 0.95), 'eps': 1e-08, 'weight_decay': 0.1}
[titan] 2026-09-13 20:45:29,903 - root - INFO - Optimizer AdamW (model_part=1): 17 params [.*] {'fused': True, 'foreach': False, 'lr': 0.0008, 'betas': (0.9, 0.95), 'eps': 1e-08, 'weight_decay': 0.1}
[titan] 2026-09-13 20:45:29,903 - root - WARNING - Warmup steps (2) exceed total steps (1). Adjusting warmup steps to 1.
[titan] 2026-09-13 20:45:29,903 - root - WARNING - Warmup (1) + decay (1) steps exceed total steps (1). Adjusting decay steps to 0.
[titan] 2026-09-13 20:45:29,904 - root - INFO - Loading tokenizer from tokenizer.json
[titan] 2026-09-13 20:45:29,905 - root - WARNING - Error running lspci: [Errno 2] No such file or directory: 'lspci', fallback to use device_name
[titan] 2026-09-13 20:45:29,905 - root - WARNING - Peak flops undefined for: NVIDIA GeForce RTX 5060 Ti, fallback to A100
[titan] 2026-09-13 20:45:29,905 - root - INFO - Peak FLOPS used for computing MFU: 3.120e+14
[titan] 2026-09-13 20:45:29,905 - root - INFO - CUDA memory usage for model: 0.46GiB(2.94%)
[titan] 2026-09-13 20:45:29,905 - root - INFO - Optimizer AdamW (model_part=0): 40 params [.*] {'fused': True, 'foreach': False, 'lr': 0.0008, 'betas': (0.9, 0.95), 'eps': 1e-08, 'weight_decay': 0.1}
[titan] 2026-09-13 20:45:29,906 - root - INFO - Optimizer AdamW (model_part=1): 17 params [.*] {'fused': True, 'foreach': False, 'lr': 0.0008, 'betas': (0.9, 0.95), 'eps': 1e-08, 'weight_decay': 0.1}
[titan] 2026-09-13 20:45:29,906 - root - WARNING - Warmup steps (2) exceed total steps (1). Adjusting warmup steps to 1.
[titan] 2026-09-13 20:45:29,906 - root - WARNING - Warmup (1) + decay (1) steps exceed total steps (1). Adjusting decay steps to 0.
[titan] 2026-09-13 20:45:29,906 - root - INFO - Loading tokenizer from tokenizer.json
[titan] 2026-09-13 20:45:30,091 - root - WARNING - [31mPipeline Parallel loss is not visible. Please add [33mrank 7[31m to LOG_RANK environment variable in run_train.sh.[39m
[titan] 2026-09-13 20:45:30,096 - root - WARNING - Error running lspci: [Errno 2] No such file or directory: 'lspci', fallback to use device_name
[titan] 2026-09-13 20:45:30,096 - root - WARNING - Peak flops undefined for: NVIDIA GeForce RTX 5060 Ti, fallback to A100
[titan] 2026-09-13 20:45:30,096 - root - INFO - Peak FLOPS used for computing MFU: 3.120e+14
[titan] 2026-09-13 20:45:30,096 - root - INFO - CUDA memory usage for model: 2.02GiB(13.04%)
[titan] 2026-09-13 20:45:30,097 - root - INFO - Optimizer AdamW (model_part=0): 92 params [.*] {'fused': True, 'foreach': False, 'lr': 0.0008, 'betas': (0.9, 0.95), 'eps': 1e-08, 'weight_decay': 0.1}
[titan] 2026-09-13 20:45:30,097 - root - INFO - Optimizer AdamW (model_part=1): 40 params [.*] {'fused': True, 'foreach': False, 'lr': 0.0008, 'betas': (0.9, 0.95), 'eps': 1e-08, 'weight_decay': 0.1}
[titan] 2026-09-13 20:45:30,098 - root - WARNING - Warmup steps (2) exceed total steps (1). Adjusting warmup steps to 1.
[titan] 2026-09-13 20:45:30,098 - root - WARNING - Warmup (1) + decay (1) steps exceed total steps (1). Adjusting decay steps to 0.
[titan] 2026-09-13 20:45:30,098 - root - INFO - Loading tokenizer from tokenizer.json
[titan] 2026-09-13 20:45:30,110 - root - WARNING - [31mPipeline Parallel loss is not visible. Please add [33mrank 7[31m to LOG_RANK environment variable in run_train.sh.[39m
[titan] 2026-09-13 20:45:30,115 - root - WARNING - Error running lspci: [Errno 2] No such file or directory: 'lspci', fallback to use device_name
[titan] 2026-09-13 20:45:30,115 - root - WARNING - Peak flops undefined for: NVIDIA GeForce RTX 5060 Ti, fallback to A100
[titan] 2026-09-13 20:45:30,115 - root - INFO - Peak FLOPS used for computing MFU: 3.120e+14
[titan] 2026-09-13 20:45:30,115 - root - INFO - CUDA memory usage for model: 7.07GiB(45.71%)
[titan] 2026-09-13 20:45:30,116 - root - INFO - Optimizer AdamW (model_part=0): 46 params [.*] {'fused': True, 'foreach': False, 'lr': 0.0008, 'betas': (0.9, 0.95), 'eps': 1e-08, 'weight_decay': 0.1}
[titan] 2026-09-13 20:45:30,116 - root - INFO - Optimizer AdamW (model_part=1): 4 params [.*] {'fused': True, 'foreach': False, 'lr': 0.0008, 'betas': (0.9, 0.95), 'eps': 1e-08, 'weight_decay': 0.1}
[titan] 2026-09-13 20:45:30,116 - root - WARNING - Warmup steps (2) exceed total steps (1). Adjusting warmup steps to 1.
[titan] 2026-09-13 20:45:30,116 - root - WARNING - Warmup (1) + decay (1) steps exceed total steps (1). Adjusting decay steps to 0.
[titan] 2026-09-13 20:45:30,117 - root - INFO - Loading tokenizer from tokenizer.json
[titan] 2026-09-13 20:45:30,616 - httpx - INFO - HTTP Request: HEAD https://s3.amazonaws.com/datasets.huggingface.co/datasets/datasets/json/json.py "HTTP/1.1 200 OK"
[titan] 2026-09-13 20:45:30,628 - root - WARNING - model.safetensors.index.json not found at hf_assets_path: ./tests/assets/tokenizer/model.safetensors.index.json.                     Defaulting to saving a single safetensors file if checkpoint is saved in HF format
[titan] 2026-09-13 20:45:30,629 - root - WARNING - initial_load_model_only=True has no effect without an initial_load_path.
[titan] 2026-09-13 20:45:30,629 - httpx - INFO - HTTP Request: HEAD https://s3.amazonaws.com/datasets.huggingface.co/datasets/datasets/json/json.py "HTTP/1.1 200 OK"
[titan] 2026-09-13 20:45:30,630 - httpx - INFO - HTTP Request: HEAD https://s3.amazonaws.com/datasets.huggingface.co/datasets/datasets/json/json.py "HTTP/1.1 200 OK"
[titan] 2026-09-13 20:45:30,631 - root - INFO - Checkpointing active. Checkpoints will be loaded from and saved to /workspace/pp_gradprobe_warm/tri_dense_fp64_warm_c/checkpoint
[titan] 2026-09-13 20:45:30,631 - root - INFO - Trainer is initialized with 256 tokens per DP rank, 256 tokens per train step, gradient accumulation steps 1, maximum context length 2048, total steps 1 (warmup 2)
[titan] 2026-09-13 20:45:30,632 - root - INFO - Loading the checkpoint from /workspace/pp_gradprobe_warm/tri_dense_fp64_warm_c/checkpoint/step-0.
[titan] 2026-09-13 20:45:30,642 - root - WARNING - model.safetensors.index.json not found at hf_assets_path: ./tests/assets/tokenizer/model.safetensors.index.json.                     Defaulting to saving a single safetensors file if checkpoint is saved in HF format
[titan] 2026-09-13 20:45:30,642 - root - WARNING - initial_load_model_only=True has no effect without an initial_load_path.
[titan] 2026-09-13 20:45:30,645 - root - INFO - Checkpointing active. Checkpoints will be loaded from and saved to /workspace/pp_gradprobe_warm/tri_dense_fp64_warm_c/checkpoint
[titan] 2026-09-13 20:45:30,646 - root - INFO - Trainer is initialized with 256 tokens per DP rank, 256 tokens per train step, gradient accumulation steps 1, maximum context length 2048, total steps 1 (warmup 2)
[titan] 2026-09-13 20:45:30,647 - root - INFO - Loading the checkpoint from /workspace/pp_gradprobe_warm/tri_dense_fp64_warm_c/checkpoint/step-0.
[titan] 2026-09-13 20:45:30,651 - httpx - INFO - HTTP Request: HEAD https://s3.amazonaws.com/datasets.huggingface.co/datasets/datasets/json/json.py "HTTP/1.1 200 OK"
[titan] 2026-09-13 20:45:30,664 - root - WARNING - model.safetensors.index.json not found at hf_assets_path: ./tests/assets/tokenizer/model.safetensors.index.json.                     Defaulting to saving a single safetensors file if checkpoint is saved in HF format
[titan] 2026-09-13 20:45:30,664 - root - WARNING - initial_load_model_only=True has no effect without an initial_load_path.
[titan] 2026-09-13 20:45:30,666 - root - INFO - Checkpointing active. Checkpoints will be loaded from and saved to /workspace/pp_gradprobe_warm/tri_dense_fp64_warm_c/checkpoint
[titan] 2026-09-13 20:45:30,667 - root - INFO - Trainer is initialized with 256 tokens per DP rank, 256 tokens per train step, gradient accumulation steps 1, maximum context length 2048, total steps 1 (warmup 2)
[titan] 2026-09-13 20:45:30,667 - root - INFO - Loading the checkpoint from /workspace/pp_gradprobe_warm/tri_dense_fp64_warm_c/checkpoint/step-0.
[titan] 2026-09-13 20:45:30,693 - root - WARNING - model.safetensors.index.json not found at hf_assets_path: ./tests/assets/tokenizer/model.safetensors.index.json.                     Defaulting to saving a single safetensors file if checkpoint is saved in HF format
[titan] 2026-09-13 20:45:30,693 - root - WARNING - initial_load_model_only=True has no effect without an initial_load_path.
[titan] 2026-09-13 20:45:30,696 - root - INFO - Checkpointing active. Checkpoints will be loaded from and saved to /workspace/pp_gradprobe_warm/tri_dense_fp64_warm_c/checkpoint
[titan] 2026-09-13 20:45:30,696 - root - INFO - Trainer is initialized with 256 tokens per DP rank, 256 tokens per train step, gradient accumulation steps 1, maximum context length 2048, total steps 1 (warmup 2)
[titan] 2026-09-13 20:45:30,697 - root - INFO - Loading the checkpoint from /workspace/pp_gradprobe_warm/tri_dense_fp64_warm_c/checkpoint/step-0.
[titan] 2026-09-13 20:45:30,861 - httpx - INFO - HTTP Request: HEAD https://s3.amazonaws.com/datasets.huggingface.co/datasets/datasets/json/json.py "HTTP/1.1 200 OK"
[titan] 2026-09-13 20:45:30,874 - root - WARNING - model.safetensors.index.json not found at hf_assets_path: ./tests/assets/tokenizer/model.safetensors.index.json.                     Defaulting to saving a single safetensors file if checkpoint is saved in HF format
[titan] 2026-09-13 20:45:30,874 - root - WARNING - initial_load_model_only=True has no effect without an initial_load_path.
[titan] 2026-09-13 20:45:30,876 - root - INFO - Checkpointing active. Checkpoints will be loaded from and saved to /workspace/pp_gradprobe_warm/tri_dense_fp64_warm_c/checkpoint
[titan] 2026-09-13 20:45:30,876 - root - INFO - Trainer is initialized with 256 tokens per DP rank, 256 tokens per train step, gradient accumulation steps 1, maximum context length 2048, total steps 1 (warmup 2)
[titan] 2026-09-13 20:45:30,877 - root - INFO - Loading the checkpoint from /workspace/pp_gradprobe_warm/tri_dense_fp64_warm_c/checkpoint/step-0.
[titan] 2026-09-13 20:45:31,052 - httpx - INFO - HTTP Request: HEAD https://s3.amazonaws.com/datasets.huggingface.co/datasets/datasets/json/json.py "HTTP/1.1 200 OK"
[titan] 2026-09-13 20:45:31,064 - root - WARNING - model.safetensors.index.json not found at hf_assets_path: ./tests/assets/tokenizer/model.safetensors.index.json.                     Defaulting to saving a single safetensors file if checkpoint is saved in HF format
[titan] 2026-09-13 20:45:31,064 - root - WARNING - initial_load_model_only=True has no effect without an initial_load_path.
[titan] 2026-09-13 20:45:31,069 - root - INFO - Checkpointing active. Checkpoints will be loaded from and saved to /workspace/pp_gradprobe_warm/tri_dense_fp64_warm_c/checkpoint
[titan] 2026-09-13 20:45:31,069 - root - INFO - Trainer is initialized with 256 tokens per DP rank, 256 tokens per train step, gradient accumulation steps 1, maximum context length 2048, total steps 1 (warmup 2)
[titan] 2026-09-13 20:45:31,070 - root - INFO - Loading the checkpoint from /workspace/pp_gradprobe_warm/tri_dense_fp64_warm_c/checkpoint/step-0.
[titan] 2026-09-13 20:45:31,340 - httpx - INFO - HTTP Request: HEAD https://s3.amazonaws.com/datasets.huggingface.co/datasets/datasets/json/json.py "HTTP/1.1 200 OK"
[titan] 2026-09-13 20:45:31,349 - httpx - INFO - HTTP Request: HEAD https://s3.amazonaws.com/datasets.huggingface.co/datasets/datasets/json/json.py "HTTP/1.1 200 OK"
[titan] 2026-09-13 20:45:31,355 - root - WARNING - model.safetensors.index.json not found at hf_assets_path: ./tests/assets/tokenizer/model.safetensors.index.json.                     Defaulting to saving a single safetensors file if checkpoint is saved in HF format
[titan] 2026-09-13 20:45:31,355 - root - WARNING - initial_load_model_only=True has no effect without an initial_load_path.
[titan] 2026-09-13 20:45:31,358 - root - INFO - Checkpointing active. Checkpoints will be loaded from and saved to /workspace/pp_gradprobe_warm/tri_dense_fp64_warm_c/checkpoint
[titan] 2026-09-13 20:45:31,359 - root - INFO - Trainer is initialized with 256 tokens per DP rank, 256 tokens per train step, gradient accumulation steps 1, maximum context length 2048, total steps 1 (warmup 2)
[titan] 2026-09-13 20:45:31,360 - root - INFO - Loading the checkpoint from /workspace/pp_gradprobe_warm/tri_dense_fp64_warm_c/checkpoint/step-0.
[titan] 2026-09-13 20:45:31,364 - root - WARNING - model.safetensors.index.json not found at hf_assets_path: ./tests/assets/tokenizer/model.safetensors.index.json.                     Defaulting to saving a single safetensors file if checkpoint is saved in HF format
[titan] 2026-09-13 20:45:31,364 - root - WARNING - initial_load_model_only=True has no effect without an initial_load_path.
[titan] 2026-09-13 20:45:31,367 - root - INFO - Checkpointing active. Checkpoints will be loaded from and saved to /workspace/pp_gradprobe_warm/tri_dense_fp64_warm_c/checkpoint
[titan] 2026-09-13 20:45:31,368 - root - INFO - Trainer is initialized with 256 tokens per DP rank, 256 tokens per train step, gradient accumulation steps 1, maximum context length 2048, total steps 1 (warmup 2)
[titan] 2026-09-13 20:45:31,369 - root - INFO - Loading the checkpoint from /workspace/pp_gradprobe_warm/tri_dense_fp64_warm_c/checkpoint/step-0.
[titan] 2026-09-13 20:45:33,500 - root - INFO - [GC] GC collection for checkpoint loading. took 0.00 seconds
[titan] 2026-09-13 20:45:33,500 - root - INFO - Finished loading the checkpoint in 2.62 seconds.
[titan] 2026-09-13 20:45:33,500 - root - INFO - Training starts at step 1
[titan] 2026-09-13 20:45:33,501 - root - INFO - [GC] GC collection for checkpoint loading. took 0.00 seconds
[titan] 2026-09-13 20:45:33,501 - root - INFO - Finished loading the checkpoint in 2.87 seconds.
[titan] 2026-09-13 20:45:33,501 - root - INFO - [GC] GC collection for checkpoint loading. took 0.00 seconds
[titan] 2026-09-13 20:45:33,501 - root - INFO - Training starts at step 1
[titan] 2026-09-13 20:45:33,501 - root - INFO - Finished loading the checkpoint in 2.14 seconds.
[titan] 2026-09-13 20:45:33,502 - root - INFO - Training starts at step 1
[titan] 2026-09-13 20:45:33,502 - root - INFO - [GC] GC collection for checkpoint loading. took 0.00 seconds
[titan] 2026-09-13 20:45:33,502 - root - INFO - Finished loading the checkpoint in 2.86 seconds.
[titan] 2026-09-13 20:45:33,502 - root - INFO - Training starts at step 1
[titan] 2026-09-13 20:45:33,510 - root - INFO - [GC] GC collection for checkpoint loading. took 0.01 seconds
[titan] 2026-09-13 20:45:33,510 - root - INFO - [GC] GC collection for checkpoint loading. took 0.00 seconds
[titan] 2026-09-13 20:45:33,510 - root - INFO - Finished loading the checkpoint in 2.81 seconds.
[titan] 2026-09-13 20:45:33,510 - root - INFO - Finished loading the checkpoint in 2.14 seconds.
[titan] 2026-09-13 20:45:33,510 - root - INFO - Training starts at step 1
[titan] 2026-09-13 20:45:33,510 - root - INFO - Training starts at step 1
[titan] 2026-09-13 20:45:33,510 - root - INFO - [GC] GC collection for checkpoint loading. took 0.00 seconds
[titan] 2026-09-13 20:45:33,510 - root - INFO - Finished loading the checkpoint in 2.84 seconds.
[titan] 2026-09-13 20:45:33,511 - root - INFO - Training starts at step 1
[titan] 2026-09-13 20:45:33,525 - root - INFO - [GC] GC collection for checkpoint loading. took 0.01 seconds
[titan] 2026-09-13 20:45:33,525 - root - INFO - Finished loading the checkpoint in 2.46 seconds.
[titan] 2026-09-13 20:45:33,526 - root - INFO - Training starts at step 1
/workspace/venv_bfx9/lib/python3.12/site-packages/torch/distributed/fsdp/_fully_shard/_fsdp_state.py:336: UserWarning: FSDP2-wrapped module (FSDPCheckpointWrapper) returned a view tensor. An in-place op on this view (e.g., `x += y`) will silently drop the pre-backward hook and skip the all-gather, which can cause backward to fail or produce wrong gradients. Use out-of-place ops (`out = out + y`, not `out += y`) or `.clone()` the output before any in-place op.
  output = self._register_pre_backward_hook(output)
/workspace/venv_bfx9/lib/python3.12/site-packages/torch/distributed/fsdp/_fully_shard/_fsdp_state.py:336: UserWarning: FSDP2-wrapped module (FSDPKimiK3Model) returned a view tensor. An in-place op on this view (e.g., `x += y`) will silently drop the pre-backward hook and skip the all-gather, which can cause backward to fail or produce wrong gradients. Use out-of-place ops (`out = out + y`, not `out += y`) or `.clone()` the output before any in-place op.
  output = self._register_pre_backward_hook(output)
/workspace/venv_bfx9/lib/python3.12/site-packages/torch/nn/attention/flex_attention.py:2611: UserWarning: flex_attention called without torch.compile() - this will use an unfused implementation that materializes the full scores matrix instead of generating a fused kernel.

SOLUTION: Use torch.compile(flex_attention)(...)

If you want to debug your score_mod/mask_mod, you can set:
torch.nn.attention.flex_attention._FLEX_ATTENTION_DISABLE_COMPILE_DEBUG = True

This will allow you to use print statements or breakpoints. Note: This doesn't work with the backwards pass and may produce incorrect results.
  _warn_once(
/workspace/venv_bfx9/lib/python3.12/site-packages/torch/distributed/fsdp/_fully_shard/_fsdp_state.py:336: UserWarning: FSDP2-wrapped module (FSDPCheckpointWrapper) returned a view tensor. An in-place op on this view (e.g., `x += y`) will silently drop the pre-backward hook and skip the all-gather, which can cause backward to fail or produce wrong gradients. Use out-of-place ops (`out = out + y`, not `out += y`) or `.clone()` the output before any in-place op.
  output = self._register_pre_backward_hook(output)
/workspace/venv_bfx9/lib/python3.12/site-packages/torch/distributed/fsdp/_fully_shard/_fsdp_state.py:336: UserWarning: FSDP2-wrapped module (FSDPKimiK3Model) returned a view tensor. An in-place op on this view (e.g., `x += y`) will silently drop the pre-backward hook and skip the all-gather, which can cause backward to fail or produce wrong gradients. Use out-of-place ops (`out = out + y`, not `out += y`) or `.clone()` the output before any in-place op.
  output = self._register_pre_backward_hook(output)
/workspace/venv_bfx9/lib/python3.12/site-packages/torch/distributed/fsdp/_fully_shard/_fsdp_state.py:336: UserWarning: FSDP2-wrapped module (FSDPCheckpointWrapper) returned a view tensor. An in-place op on this view (e.g., `x += y`) will silently drop the pre-backward hook and skip the all-gather, which can cause backward to fail or produce wrong gradients. Use out-of-place ops (`out = out + y`, not `out += y`) or `.clone()` the output before any in-place op.
  output = self._register_pre_backward_hook(output)
/workspace/venv_bfx9/lib/python3.12/site-packages/torch/distributed/fsdp/_fully_shard/_fsdp_state.py:336: UserWarning: FSDP2-wrapped module (FSDPKimiK3Model) returned a view tensor. An in-place op on this view (e.g., `x += y`) will silently drop the pre-backward hook and skip the all-gather, which can cause backward to fail or produce wrong gradients. Use out-of-place ops (`out = out + y`, not `out += y`) or `.clone()` the output before any in-place op.
  output = self._register_pre_backward_hook(output)
/workspace/venv_bfx9/lib/python3.12/site-packages/torch/nn/attention/flex_attention.py:2611: UserWarning: flex_attention called without torch.compile() - this will use an unfused implementation that materializes the full scores matrix instead of generating a fused kernel.

SOLUTION: Use torch.compile(flex_attention)(...)

If you want to debug your score_mod/mask_mod, you can set:
torch.nn.attention.flex_attention._FLEX_ATTENTION_DISABLE_COMPILE_DEBUG = True

This will allow you to use print statements or breakpoints. Note: This doesn't work with the backwards pass and may produce incorrect results.
  _warn_once(
/workspace/venv_bfx9/lib/python3.12/site-packages/torch/distributed/fsdp/_fully_shard/_fsdp_state.py:336: UserWarning: FSDP2-wrapped module (FSDPCheckpointWrapper) returned a view tensor. An in-place op on this view (e.g., `x += y`) will silently drop the pre-backward hook and skip the all-gather, which can cause backward to fail or produce wrong gradients. Use out-of-place ops (`out = out + y`, not `out += y`) or `.clone()` the output before any in-place op.
  output = self._register_pre_backward_hook(output)
/workspace/venv_bfx9/lib/python3.12/site-packages/torch/distributed/fsdp/_fully_shard/_fsdp_state.py:336: UserWarning: FSDP2-wrapped module (FSDPKimiK3Model) returned a view tensor. An in-place op on this view (e.g., `x += y`) will silently drop the pre-backward hook and skip the all-gather, which can cause backward to fail or produce wrong gradients. Use out-of-place ops (`out = out + y`, not `out += y`) or `.clone()` the output before any in-place op.
  output = self._register_pre_backward_hook(output)
/workspace/venv_bfx9/lib/python3.12/site-packages/torch/distributed/fsdp/_fully_shard/_fsdp_state.py:336: UserWarning: FSDP2-wrapped module (FSDPCheckpointWrapper) returned a view tensor. An in-place op on this view (e.g., `x += y`) will silently drop the pre-backward hook and skip the all-gather, which can cause backward to fail or produce wrong gradients. Use out-of-place ops (`out = out + y`, not `out += y`) or `.clone()` the output before any in-place op.
  output = self._register_pre_backward_hook(output)
/workspace/venv_bfx9/lib/python3.12/site-packages/torch/distributed/fsdp/_fully_shard/_fsdp_state.py:336: UserWarning: FSDP2-wrapped module (FSDPKimiK3Model) returned a view tensor. An in-place op on this view (e.g., `x += y`) will silently drop the pre-backward hook and skip the all-gather, which can cause backward to fail or produce wrong gradients. Use out-of-place ops (`out = out + y`, not `out += y`) or `.clone()` the output before any in-place op.
  output = self._register_pre_backward_hook(output)
/workspace/venv_bfx9/lib/python3.12/site-packages/torch/nn/attention/flex_attention.py:2611: UserWarning: flex_attention called without torch.compile() - this will use an unfused implementation that materializes the full scores matrix instead of generating a fused kernel.

SOLUTION: Use torch.compile(flex_attention)(...)

If you want to debug your score_mod/mask_mod, you can set:
torch.nn.attention.flex_attention._FLEX_ATTENTION_DISABLE_COMPILE_DEBUG = True

This will allow you to use print statements or breakpoints. Note: This doesn't work with the backwards pass and may produce incorrect results.
  _warn_once(
/workspace/venv_bfx9/lib/python3.12/site-packages/torch/distributed/fsdp/_fully_shard/_fsdp_state.py:336: UserWarning: FSDP2-wrapped module (FSDPCheckpointWrapper) returned a view tensor. An in-place op on this view (e.g., `x += y`) will silently drop the pre-backward hook and skip the all-gather, which can cause backward to fail or produce wrong gradients. Use out-of-place ops (`out = out + y`, not `out += y`) or `.clone()` the output before any in-place op.
  output = self._register_pre_backward_hook(output)
/workspace/venv_bfx9/lib/python3.12/site-packages/torch/distributed/fsdp/_fully_shard/_fsdp_state.py:336: UserWarning: FSDP2-wrapped module (FSDPCheckpointWrapper) returned a view tensor. An in-place op on this view (e.g., `x += y`) will silently drop the pre-backward hook and skip the all-gather, which can cause backward to fail or produce wrong gradients. Use out-of-place ops (`out = out + y`, not `out += y`) or `.clone()` the output before any in-place op.
  output = self._register_pre_backward_hook(output)
/workspace/venv_bfx9/lib/python3.12/site-packages/torch/distributed/fsdp/_fully_shard/_fsdp_state.py:336: UserWarning: FSDP2-wrapped module (FSDPKimiK3Model) returned a view tensor. An in-place op on this view (e.g., `x += y`) will silently drop the pre-backward hook and skip the all-gather, which can cause backward to fail or produce wrong gradients. Use out-of-place ops (`out = out + y`, not `out += y`) or `.clone()` the output before any in-place op.
  output = self._register_pre_backward_hook(output)
/workspace/venv_bfx9/lib/python3.12/site-packages/torch/nn/attention/flex_attention.py:2611: UserWarning: flex_attention called without torch.compile() - this will use an unfused implementation that materializes the full scores matrix instead of generating a fused kernel.

SOLUTION: Use torch.compile(flex_attention)(...)

If you want to debug your score_mod/mask_mod, you can set:
torch.nn.attention.flex_attention._FLEX_ATTENTION_DISABLE_COMPILE_DEBUG = True

This will allow you to use print statements or breakpoints. Note: This doesn't work with the backwards pass and may produce incorrect results.
  _warn_once(
/workspace/venv_bfx9/lib/python3.12/site-packages/torch/distributed/fsdp/_fully_shard/_fsdp_state.py:336: UserWarning: FSDP2-wrapped module (FSDPCheckpointWrapper) returned a view tensor. An in-place op on this view (e.g., `x += y`) will silently drop the pre-backward hook and skip the all-gather, which can cause backward to fail or produce wrong gradients. Use out-of-place ops (`out = out + y`, not `out += y`) or `.clone()` the output before any in-place op.
  output = self._register_pre_backward_hook(output)
/workspace/venv_bfx9/lib/python3.12/site-packages/torch/distributed/fsdp/_fully_shard/_fsdp_state.py:336: UserWarning: FSDP2-wrapped module (FSDPKimiK3Model) returned a view tensor. An in-place op on this view (e.g., `x += y`) will silently drop the pre-backward hook and skip the all-gather, which can cause backward to fail or produce wrong gradients. Use out-of-place ops (`out = out + y`, not `out += y`) or `.clone()` the output before any in-place op.
  output = self._register_pre_backward_hook(output)
/workspace/venv_bfx9/lib/python3.12/site-packages/torch/distributed/fsdp/_fully_shard/_fsdp_state.py:336: UserWarning: FSDP2-wrapped module (FSDPCheckpointWrapper) returned a view tensor. An in-place op on this view (e.g., `x += y`) will silently drop the pre-backward hook and skip the all-gather, which can cause backward to fail or produce wrong gradients. Use out-of-place ops (`out = out + y`, not `out += y`) or `.clone()` the output before any in-place op.
  output = self._register_pre_backward_hook(output)
/workspace/venv_bfx9/lib/python3.12/site-packages/torch/distributed/fsdp/_fully_shard/_fsdp_state.py:336: UserWarning: FSDP2-wrapped module (FSDPKimiK3Model) returned a view tensor. An in-place op on this view (e.g., `x += y`) will silently drop the pre-backward hook and skip the all-gather, which can cause backward to fail or produce wrong gradients. Use out-of-place ops (`out = out + y`, not `out += y`) or `.clone()` the output before any in-place op.
  output = self._register_pre_backward_hook(output)
/workspace/venv_bfx9/lib/python3.12/site-packages/torch/distributed/fsdp/_fully_shard/_fsdp_state.py:336: UserWarning: FSDP2-wrapped module (FSDPCheckpointWrapper) returned a view tensor. An in-place op on this view (e.g., `x += y`) will silently drop the pre-backward hook and skip the all-gather, which can cause backward to fail or produce wrong gradients. Use out-of-place ops (`out = out + y`, not `out += y`) or `.clone()` the output before any in-place op.
  output = self._register_pre_backward_hook(output)
/workspace/venv_bfx9/lib/python3.12/site-packages/torch/distributed/fsdp/_fully_shard/_fsdp_state.py:336: UserWarning: FSDP2-wrapped module (FSDPKimiK3Model) returned a view tensor. An in-place op on this view (e.g., `x += y`) will silently drop the pre-backward hook and skip the all-gather, which can cause backward to fail or produce wrong gradients. Use out-of-place ops (`out = out + y`, not `out += y`) or `.clone()` the output before any in-place op.
  output = self._register_pre_backward_hook(output)
/workspace/venv_bfx9/lib/python3.12/site-packages/torch/distributed/fsdp/_fully_shard/_fsdp_state.py:336: UserWarning: FSDP2-wrapped module (FSDPCheckpointWrapper) returned a view tensor. An in-place op on this view (e.g., `x += y`) will silently drop the pre-backward hook and skip the all-gather, which can cause backward to fail or produce wrong gradients. Use out-of-place ops (`out = out + y`, not `out += y`) or `.clone()` the output before any in-place op.
  output = self._register_pre_backward_hook(output)
/workspace/venv_bfx9/lib/python3.12/site-packages/torch/distributed/fsdp/_fully_shard/_fsdp_state.py:336: UserWarning: FSDP2-wrapped module (FSDPKimiK3Model) returned a view tensor. An in-place op on this view (e.g., `x += y`) will silently drop the pre-backward hook and skip the all-gather, which can cause backward to fail or produce wrong gradients. Use out-of-place ops (`out = out + y`, not `out += y`) or `.clone()` the output before any in-place op.
  output = self._register_pre_backward_hook(output)
/workspace/venv_bfx9/lib/python3.12/site-packages/torch/distributed/fsdp/_fully_shard/_fsdp_state.py:336: UserWarning: FSDP2-wrapped module (FSDPCheckpointWrapper) returned a view tensor. An in-place op on this view (e.g., `x += y`) will silently drop the pre-backward hook and skip the all-gather, which can cause backward to fail or produce wrong gradients. Use out-of-place ops (`out = out + y`, not `out += y`) or `.clone()` the output before any in-place op.
  output = self._register_pre_backward_hook(output)
/workspace/venv_bfx9/lib/python3.12/site-packages/torch/distributed/fsdp/_fully_shard/_fsdp_state.py:336: UserWarning: FSDP2-wrapped module (FSDPKimiK3Model) returned a view tensor. An in-place op on this view (e.g., `x += y`) will silently drop the pre-backward hook and skip the all-gather, which can cause backward to fail or produce wrong gradients. Use out-of-place ops (`out = out + y`, not `out += y`) or `.clone()` the output before any in-place op.
  output = self._register_pre_backward_hook(output)
/workspace/venv_bfx9/lib/python3.12/site-packages/torch/distributed/fsdp/_fully_shard/_fsdp_state.py:336: UserWarning: FSDP2-wrapped module (FSDPCheckpointWrapper) returned a view tensor. An in-place op on this view (e.g., `x += y`) will silently drop the pre-backward hook and skip the all-gather, which can cause backward to fail or produce wrong gradients. Use out-of-place ops (`out = out + y`, not `out += y`) or `.clone()` the output before any in-place op.
  output = self._register_pre_backward_hook(output)
/workspace/venv_bfx9/lib/python3.12/site-packages/torch/distributed/fsdp/_fully_shard/_fsdp_state.py:336: UserWarning: FSDP2-wrapped module (FSDPCheckpointWrapper) returned a view tensor. An in-place op on this view (e.g., `x += y`) will silently drop the pre-backward hook and skip the all-gather, which can cause backward to fail or produce wrong gradients. Use out-of-place ops (`out = out + y`, not `out += y`) or `.clone()` the output before any in-place op.
  output = self._register_pre_backward_hook(output)
/workspace/venv_bfx9/lib/python3.12/site-packages/torch/distributed/fsdp/_fully_shard/_fsdp_state.py:336: UserWarning: FSDP2-wrapped module (FSDPKimiK3Model) returned a view tensor. An in-place op on this view (e.g., `x += y`) will silently drop the pre-backward hook and skip the all-gather, which can cause backward to fail or produce wrong gradients. Use out-of-place ops (`out = out + y`, not `out += y`) or `.clone()` the output before any in-place op.
  output = self._register_pre_backward_hook(output)
/workspace/venv_bfx9/lib/python3.12/site-packages/torch/distributed/fsdp/_fully_shard/_fsdp_state.py:336: UserWarning: FSDP2-wrapped module (FSDPCheckpointWrapper) returned a view tensor. An in-place op on this view (e.g., `x += y`) will silently drop the pre-backward hook and skip the all-gather, which can cause backward to fail or produce wrong gradients. Use out-of-place ops (`out = out + y`, not `out += y`) or `.clone()` the output before any in-place op.
  output = self._register_pre_backward_hook(output)
/workspace/venv_bfx9/lib/python3.12/site-packages/torch/distributed/fsdp/_fully_shard/_fsdp_state.py:336: UserWarning: FSDP2-wrapped module (FSDPKimiK3Model) returned a view tensor. An in-place op on this view (e.g., `x += y`) will silently drop the pre-backward hook and skip the all-gather, which can cause backward to fail or produce wrong gradients. Use out-of-place ops (`out = out + y`, not `out += y`) or `.clone()` the output before any in-place op.
  output = self._register_pre_backward_hook(output)
/workspace/venv_bfx9/lib/python3.12/site-packages/torch/distributed/fsdp/_fully_shard/_fsdp_state.py:336: UserWarning: FSDP2-wrapped module (FSDPCheckpointWrapper) returned a view tensor. An in-place op on this view (e.g., `x += y`) will silently drop the pre-backward hook and skip the all-gather, which can cause backward to fail or produce wrong gradients. Use out-of-place ops (`out = out + y`, not `out += y`) or `.clone()` the output before any in-place op.
  output = self._register_pre_backward_hook(output)
/workspace/venv_bfx9/lib/python3.12/site-packages/torch/distributed/fsdp/_fully_shard/_fsdp_state.py:336: UserWarning: FSDP2-wrapped module (FSDPKimiK3Model) returned a view tensor. An in-place op on this view (e.g., `x += y`) will silently drop the pre-backward hook and skip the all-gather, which can cause backward to fail or produce wrong gradients. Use out-of-place ops (`out = out + y`, not `out += y`) or `.clone()` the output before any in-place op.
  output = self._register_pre_backward_hook(output)
/workspace/venv_bfx9/lib/python3.12/site-packages/torch/distributed/fsdp/_fully_shard/_fsdp_state.py:336: UserWarning: FSDP2-wrapped module (FSDPCheckpointWrapper) returned a view tensor. An in-place op on this view (e.g., `x += y`) will silently drop the pre-backward hook and skip the all-gather, which can cause backward to fail or produce wrong gradients. Use out-of-place ops (`out = out + y`, not `out += y`) or `.clone()` the output before any in-place op.
  output = self._register_pre_backward_hook(output)
/workspace/venv_bfx9/lib/python3.12/site-packages/torch/distributed/fsdp/_fully_shard/_fsdp_state.py:336: UserWarning: FSDP2-wrapped module (FSDPCheckpointWrapper) returned a view tensor. An in-place op on this view (e.g., `x += y`) will silently drop the pre-backward hook and skip the all-gather, which can cause backward to fail or produce wrong gradients. Use out-of-place ops (`out = out + y`, not `out += y`) or `.clone()` the output before any in-place op.
  output = self._register_pre_backward_hook(output)
/workspace/venv_bfx9/lib/python3.12/site-packages/torch/distributed/fsdp/_fully_shard/_fsdp_state.py:336: UserWarning: FSDP2-wrapped module (FSDPKimiK3Model) returned a view tensor. An in-place op on this view (e.g., `x += y`) will silently drop the pre-backward hook and skip the all-gather, which can cause backward to fail or produce wrong gradients. Use out-of-place ops (`out = out + y`, not `out += y`) or `.clone()` the output before any in-place op.
  output = self._register_pre_backward_hook(output)
/workspace/venv_bfx9/lib/python3.12/site-packages/torch/distributed/fsdp/_fully_shard/_fsdp_state.py:336: UserWarning: FSDP2-wrapped module (FSDPCheckpointWrapper) returned a view tensor. An in-place op on this view (e.g., `x += y`) will silently drop the pre-backward hook and skip the all-gather, which can cause backward to fail or produce wrong gradients. Use out-of-place ops (`out = out + y`, not `out += y`) or `.clone()` the output before any in-place op.
  output = self._register_pre_backward_hook(output)
/workspace/venv_bfx9/lib/python3.12/site-packages/torch/distributed/fsdp/_fully_shard/_fsdp_state.py:336: UserWarning: FSDP2-wrapped module (FSDPKimiK3Model) returned a view tensor. An in-place op on this view (e.g., `x += y`) will silently drop the pre-backward hook and skip the all-gather, which can cause backward to fail or produce wrong gradients. Use out-of-place ops (`out = out + y`, not `out += y`) or `.clone()` the output before any in-place op.
  output = self._register_pre_backward_hook(output)
/workspace/venv_bfx9/lib/python3.12/site-packages/torch/distributed/fsdp/_fully_shard/_fsdp_state.py:336: UserWarning: FSDP2-wrapped module (FSDPCheckpointWrapper) returned a view tensor. An in-place op on this view (e.g., `x += y`) will silently drop the pre-backward hook and skip the all-gather, which can cause backward to fail or produce wrong gradients. Use out-of-place ops (`out = out + y`, not `out += y`) or `.clone()` the output before any in-place op.
  output = self._register_pre_backward_hook(output)
/workspace/venv_bfx9/lib/python3.12/site-packages/torch/distributed/fsdp/_fully_shard/_fsdp_state.py:336: UserWarning: FSDP2-wrapped module (FSDPKimiK3Model) returned a view tensor. An in-place op on this view (e.g., `x += y`) will silently drop the pre-backward hook and skip the all-gather, which can cause backward to fail or produce wrong gradients. Use out-of-place ops (`out = out + y`, not `out += y`) or `.clone()` the output before any in-place op.
  output = self._register_pre_backward_hook(output)
/workspace/venv_bfx9/lib/python3.12/site-packages/torch/distributed/fsdp/_fully_shard/_fsdp_state.py:336: UserWarning: FSDP2-wrapped module (FSDPCheckpointWrapper) returned a view tensor. An in-place op on this view (e.g., `x += y`) will silently drop the pre-backward hook and skip the all-gather, which can cause backward to fail or produce wrong gradients. Use out-of-place ops (`out = out + y`, not `out += y`) or `.clone()` the output before any in-place op.
  output = self._register_pre_backward_hook(output)
/workspace/venv_bfx9/lib/python3.12/site-packages/torch/distributed/fsdp/_fully_shard/_fsdp_state.py:336: UserWarning: FSDP2-wrapped module (FSDPCheckpointWrapper) returned a view tensor. An in-place op on this view (e.g., `x += y`) will silently drop the pre-backward hook and skip the all-gather, which can cause backward to fail or produce wrong gradients. Use out-of-place ops (`out = out + y`, not `out += y`) or `.clone()` the output before any in-place op.
  output = self._register_pre_backward_hook(output)
/workspace/venv_bfx9/lib/python3.12/site-packages/torch/distributed/fsdp/_fully_shard/_fsdp_state.py:336: UserWarning: FSDP2-wrapped module (FSDPKimiK3Model) returned a view tensor. An in-place op on this view (e.g., `x += y`) will silently drop the pre-backward hook and skip the all-gather, which can cause backward to fail or produce wrong gradients. Use out-of-place ops (`out = out + y`, not `out += y`) or `.clone()` the output before any in-place op.
  output = self._register_pre_backward_hook(output)
/workspace/venv_bfx9/lib/python3.12/site-packages/torch/distributed/fsdp/_fully_shard/_fsdp_state.py:336: UserWarning: FSDP2-wrapped module (FSDPCheckpointWrapper) returned a view tensor. An in-place op on this view (e.g., `x += y`) will silently drop the pre-backward hook and skip the all-gather, which can cause backward to fail or produce wrong gradients. Use out-of-place ops (`out = out + y`, not `out += y`) or `.clone()` the output before any in-place op.
  output = self._register_pre_backward_hook(output)
/workspace/venv_bfx9/lib/python3.12/site-packages/torch/distributed/fsdp/_fully_shard/_fsdp_state.py:336: UserWarning: FSDP2-wrapped module (FSDPKimiK3Model) returned a view tensor. An in-place op on this view (e.g., `x += y`) will silently drop the pre-backward hook and skip the all-gather, which can cause backward to fail or produce wrong gradients. Use out-of-place ops (`out = out + y`, not `out += y`) or `.clone()` the output before any in-place op.
  output = self._register_pre_backward_hook(output)
/workspace/venv_bfx9/lib/python3.12/site-packages/torch/distributed/fsdp/_fully_shard/_fsdp_state.py:336: UserWarning: FSDP2-wrapped module (FSDPCheckpointWrapper) returned a view tensor. An in-place op on this view (e.g., `x += y`) will silently drop the pre-backward hook and skip the all-gather, which can cause backward to fail or produce wrong gradients. Use out-of-place ops (`out = out + y`, not `out += y`) or `.clone()` the output before any in-place op.
  output = self._register_pre_backward_hook(output)
/workspace/venv_bfx9/lib/python3.12/site-packages/torch/distributed/fsdp/_fully_shard/_fsdp_state.py:336: UserWarning: FSDP2-wrapped module (FSDPKimiK3Model) returned a view tensor. An in-place op on this view (e.g., `x += y`) will silently drop the pre-backward hook and skip the all-gather, which can cause backward to fail or produce wrong gradients. Use out-of-place ops (`out = out + y`, not `out += y`) or `.clone()` the output before any in-place op.
  output = self._register_pre_backward_hook(output)
/workspace/venv_bfx9/lib/python3.12/site-packages/torch/distributed/fsdp/_fully_shard/_fsdp_state.py:336: UserWarning: FSDP2-wrapped module (FSDPCheckpointWrapper) returned a view tensor. An in-place op on this view (e.g., `x += y`) will silently drop the pre-backward hook and skip the all-gather, which can cause backward to fail or produce wrong gradients. Use out-of-place ops (`out = out + y`, not `out += y`) or `.clone()` the output before any in-place op.
  output = self._register_pre_backward_hook(output)
/workspace/venv_bfx9/lib/python3.12/site-packages/torch/distributed/fsdp/_fully_shard/_fsdp_state.py:336: UserWarning: FSDP2-wrapped module (FSDPCheckpointWrapper) returned a view tensor. An in-place op on this view (e.g., `x += y`) will silently drop the pre-backward hook and skip the all-gather, which can cause backward to fail or produce wrong gradients. Use out-of-place ops (`out = out + y`, not `out += y`) or `.clone()` the output before any in-place op.
  output = self._register_pre_backward_hook(output)
/workspace/venv_bfx9/lib/python3.12/site-packages/torch/distributed/fsdp/_fully_shard/_fsdp_state.py:336: UserWarning: FSDP2-wrapped module (FSDPKimiK3Model) returned a view tensor. An in-place op on this view (e.g., `x += y`) will silently drop the pre-backward hook and skip the all-gather, which can cause backward to fail or produce wrong gradients. Use out-of-place ops (`out = out + y`, not `out += y`) or `.clone()` the output before any in-place op.
  output = self._register_pre_backward_hook(output)
/workspace/venv_bfx9/lib/python3.12/site-packages/torch/distributed/fsdp/_fully_shard/_fsdp_state.py:336: UserWarning: FSDP2-wrapped module (FSDPCheckpointWrapper) returned a view tensor. An in-place op on this view (e.g., `x += y`) will silently drop the pre-backward hook and skip the all-gather, which can cause backward to fail or produce wrong gradients. Use out-of-place ops (`out = out + y`, not `out += y`) or `.clone()` the output before any in-place op.
  output = self._register_pre_backward_hook(output)
/workspace/venv_bfx9/lib/python3.12/site-packages/torch/distributed/fsdp/_fully_shard/_fsdp_state.py:336: UserWarning: FSDP2-wrapped module (FSDPKimiK3Model) returned a view tensor. An in-place op on this view (e.g., `x += y`) will silently drop the pre-backward hook and skip the all-gather, which can cause backward to fail or produce wrong gradients. Use out-of-place ops (`out = out + y`, not `out += y`) or `.clone()` the output before any in-place op.
  output = self._register_pre_backward_hook(output)
/workspace/venv_bfx9/lib/python3.12/site-packages/torch/distributed/fsdp/_fully_shard/_fsdp_state.py:336: UserWarning: FSDP2-wrapped module (FSDPCheckpointWrapper) returned a view tensor. An in-place op on this view (e.g., `x += y`) will silently drop the pre-backward hook and skip the all-gather, which can cause backward to fail or produce wrong gradients. Use out-of-place ops (`out = out + y`, not `out += y`) or `.clone()` the output before any in-place op.
  output = self._register_pre_backward_hook(output)
/workspace/venv_bfx9/lib/python3.12/site-packages/torch/distributed/fsdp/_fully_shard/_fsdp_state.py:336: UserWarning: FSDP2-wrapped module (FSDPKimiK3Model) returned a view tensor. An in-place op on this view (e.g., `x += y`) will silently drop the pre-backward hook and skip the all-gather, which can cause backward to fail or produce wrong gradients. Use out-of-place ops (`out = out + y`, not `out += y`) or `.clone()` the output before any in-place op.
  output = self._register_pre_backward_hook(output)
/workspace/venv_bfx9/lib/python3.12/site-packages/torch/distributed/fsdp/_fully_shard/_fsdp_state.py:336: UserWarning: FSDP2-wrapped module (FSDPCheckpointWrapper) returned a view tensor. An in-place op on this view (e.g., `x += y`) will silently drop the pre-backward hook and skip the all-gather, which can cause backward to fail or produce wrong gradients. Use out-of-place ops (`out = out + y`, not `out += y`) or `.clone()` the output before any in-place op.
  output = self._register_pre_backward_hook(output)
/workspace/venv_bfx9/lib/python3.12/site-packages/torch/distributed/fsdp/_fully_shard/_fsdp_state.py:336: UserWarning: FSDP2-wrapped module (FSDPKimiK3Model) returned a view tensor. An in-place op on this view (e.g., `x += y`) will silently drop the pre-backward hook and skip the all-gather, which can cause backward to fail or produce wrong gradients. Use out-of-place ops (`out = out + y`, not `out += y`) or `.clone()` the output before any in-place op.
  output = self._register_pre_backward_hook(output)
/workspace/venv_bfx9/lib/python3.12/site-packages/torch/distributed/fsdp/_fully_shard/_fsdp_state.py:336: UserWarning: FSDP2-wrapped module (FSDPCheckpointWrapper) returned a view tensor. An in-place op on this view (e.g., `x += y`) will silently drop the pre-backward hook and skip the all-gather, which can cause backward to fail or produce wrong gradients. Use out-of-place ops (`out = out + y`, not `out += y`) or `.clone()` the output before any in-place op.
  output = self._register_pre_backward_hook(output)
/workspace/venv_bfx9/lib/python3.12/site-packages/torch/distributed/fsdp/_fully_shard/_fsdp_state.py:336: UserWarning: FSDP2-wrapped module (FSDPKimiK3Model) returned a view tensor. An in-place op on this view (e.g., `x += y`) will silently drop the pre-backward hook and skip the all-gather, which can cause backward to fail or produce wrong gradients. Use out-of-place ops (`out = out + y`, not `out += y`) or `.clone()` the output before any in-place op.
  output = self._register_pre_backward_hook(output)
/workspace/venv_bfx9/lib/python3.12/site-packages/torch/distributed/fsdp/_fully_shard/_fsdp_state.py:336: UserWarning: FSDP2-wrapped module (FSDPCheckpointWrapper) returned a view tensor. An in-place op on this view (e.g., `x += y`) will silently drop the pre-backward hook and skip the all-gather, which can cause backward to fail or produce wrong gradients. Use out-of-place ops (`out = out + y`, not `out += y`) or `.clone()` the output before any in-place op.
  output = self._register_pre_backward_hook(output)
/workspace/venv_bfx9/lib/python3.12/site-packages/torch/distributed/fsdp/_fully_shard/_fsdp_state.py:336: UserWarning: FSDP2-wrapped module (FSDPKimiK3Model) returned a view tensor. An in-place op on this view (e.g., `x += y`) will silently drop the pre-backward hook and skip the all-gather, which can cause backward to fail or produce wrong gradients. Use out-of-place ops (`out = out + y`, not `out += y`) or `.clone()` the output before any in-place op.
  output = self._register_pre_backward_hook(output)
/workspace/venv_bfx9/lib/python3.12/site-packages/torch/distributed/fsdp/_fully_shard/_fsdp_state.py:336: UserWarning: FSDP2-wrapped module (FSDPCheckpointWrapper) returned a view tensor. An in-place op on this view (e.g., `x += y`) will silently drop the pre-backward hook and skip the all-gather, which can cause backward to fail or produce wrong gradients. Use out-of-place ops (`out = out + y`, not `out += y`) or `.clone()` the output before any in-place op.
  output = self._register_pre_backward_hook(output)
/workspace/venv_bfx9/lib/python3.12/site-packages/torch/distributed/fsdp/_fully_shard/_fsdp_state.py:336: UserWarning: FSDP2-wrapped module (FSDPKimiK3Model) returned a view tensor. An in-place op on this view (e.g., `x += y`) will silently drop the pre-backward hook and skip the all-gather, which can cause backward to fail or produce wrong gradients. Use out-of-place ops (`out = out + y`, not `out += y`) or `.clone()` the output before any in-place op.
  output = self._register_pre_backward_hook(output)
/workspace/venv_bfx9/lib/python3.12/site-packages/torch/distributed/fsdp/_fully_shard/_fsdp_state.py:336: UserWarning: FSDP2-wrapped module (FSDPCheckpointWrapper) returned a view tensor. An in-place op on this view (e.g., `x += y`) will silently drop the pre-backward hook and skip the all-gather, which can cause backward to fail or produce wrong gradients. Use out-of-place ops (`out = out + y`, not `out += y`) or `.clone()` the output before any in-place op.
  output = self._register_pre_backward_hook(output)
/workspace/venv_bfx9/lib/python3.12/site-packages/torch/distributed/fsdp/_fully_shard/_fsdp_state.py:336: UserWarning: FSDP2-wrapped module (FSDPKimiK3Model) returned a view tensor. An in-place op on this view (e.g., `x += y`) will silently drop the pre-backward hook and skip the all-gather, which can cause backward to fail or produce wrong gradients. Use out-of-place ops (`out = out + y`, not `out += y`) or `.clone()` the output before any in-place op.
  output = self._register_pre_backward_hook(output)
/workspace/venv_bfx9/lib/python3.12/site-packages/torch/distributed/fsdp/_fully_shard/_fsdp_state.py:336: UserWarning: FSDP2-wrapped module (FSDPCheckpointWrapper) returned a view tensor. An in-place op on this view (e.g., `x += y`) will silently drop the pre-backward hook and skip the all-gather, which can cause backward to fail or produce wrong gradients. Use out-of-place ops (`out = out + y`, not `out += y`) or `.clone()` the output before any in-place op.
  output = self._register_pre_backward_hook(output)
/workspace/venv_bfx9/lib/python3.12/site-packages/torch/distributed/fsdp/_fully_shard/_fsdp_state.py:336: UserWarning: FSDP2-wrapped module (FSDPKimiK3Model) returned a view tensor. An in-place op on this view (e.g., `x += y`) will silently drop the pre-backward hook and skip the all-gather, which can cause backward to fail or produce wrong gradients. Use out-of-place ops (`out = out + y`, not `out += y`) or `.clone()` the output before any in-place op.
  output = self._register_pre_backward_hook(output)
REPR 1 rank2 loss -1.00000000000000000e+00 gn 1.53446330447102817e+01
[titan] 2026-09-13 20:45:48,990 - root - INFO - [31mstep:  1  [32mloss: -1.00000  [38;2;180;60;0mgrad_norm: 15.3446  [38;2;54;234;195mmemory:  2.34GiB(15.13%)  [34mtps: 2  [36mtflops: 0.01  [35mmfu: 0.00%[39m
[titan] 2026-09-13 20:45:48,991 - root - INFO - Saving the checkpoint.
[titan] 2026-09-13 20:45:48,991 - root - INFO - Saving a full checkpoint at last step, step 1.
REPR 1 rank6 loss -1.00000000000000000e+00 gn 1.53446330447102817e+01
[titan] 2026-09-13 20:45:48,991 - root - INFO - [31mstep:  1  [32mloss: -1.00000  [38;2;180;60;0mgrad_norm: 15.3446  [38;2;54;234;195mmemory:  2.34GiB(15.12%)  [34mtps: 2  [36mtflops: 0.01  [35mmfu: 0.00%[39m
[titan] 2026-09-13 20:45:48,991 - root - INFO - Saving the checkpoint.
[titan] 2026-09-13 20:45:48,991 - root - INFO - Saving a full checkpoint at last step, step 1.
REPR 1 rank4 loss -1.00000000000000000e+00 gn 1.53446330447102817e+01
[titan] 2026-09-13 20:45:49,006 - root - INFO - [31mstep:  1  [32mloss: -1.00000  [38;2;180;60;0mgrad_norm: 15.3446  [38;2;54;234;195mmemory:  2.63GiB(17.02%)  [34mtps: 2  [36mtflops: 0.01  [35mmfu: 0.00%[39m
REPR 1 rank5 loss -1.00000000000000000e+00 gn 1.53446330447102817e+01
[titan] 2026-09-13 20:45:49,006 - root - INFO - Saving the checkpoint.
[titan] 2026-09-13 20:45:49,006 - root - INFO - Saving a full checkpoint at last step, step 1.
[titan] 2026-09-13 20:45:49,006 - root - INFO - [31mstep:  1  [32mloss: -1.00000  [38;2;180;60;0mgrad_norm: 15.3446  [38;2;54;234;195mmemory:  2.86GiB(18.46%)  [34mtps: 2  [36mtflops: 0.01  [35mmfu: 0.00%[39m
[titan] 2026-09-13 20:45:49,007 - root - INFO - Saving the checkpoint.
[titan] 2026-09-13 20:45:49,007 - root - INFO - Saving a full checkpoint at last step, step 1.
REPR 1 rank3 loss -1.00000000000000000e+00 gn 1.53446330447102817e+01
REPR 1 rank1 loss -1.00000000000000000e+00 gn 1.53446330447102817e+01
[titan] 2026-09-13 20:45:49,011 - root - INFO - [31mstep:  1  [32mloss: -1.00000  [38;2;180;60;0mgrad_norm: 15.3446  [38;2;54;234;195mmemory:  2.86GiB(18.50%)  [34mtps: 2  [36mtflops: 0.01  [35mmfu: 0.00%[39m
[titan] 2026-09-13 20:45:49,012 - root - INFO - [31mstep:  1  [32mloss: -1.00000  [38;2;180;60;0mgrad_norm: 15.3446  [38;2;54;234;195mmemory:  3.67GiB(23.71%)  [34mtps: 2  [36mtflops: 0.01  [35mmfu: 0.00%[39m
[titan] 2026-09-13 20:45:49,012 - root - INFO - Saving the checkpoint.
[titan] 2026-09-13 20:45:49,012 - root - INFO - Saving a full checkpoint at last step, step 1.
REPR 1 rank7 loss 1.24573439568882662e+01 gn 1.53446330447102817e+01
[titan] 2026-09-13 20:45:49,012 - root - INFO - Saving the checkpoint.
[titan] 2026-09-13 20:45:49,012 - root - INFO - Saving a full checkpoint at last step, step 1.
[titan] 2026-09-13 20:45:49,012 - root - INFO - [31mstep:  1  [32mloss: 12.45734  [38;2;180;60;0mgrad_norm: 15.3446  [38;2;54;234;195mmemory: 12.86GiB(83.09%)  [34mtps: 2  [36mtflops: 0.01  [35mmfu: 0.00%[39m
[titan] 2026-09-13 20:45:49,012 - root - INFO - Saving the checkpoint.
[titan] 2026-09-13 20:45:49,013 - root - INFO - Saving a full checkpoint at last step, step 1.
REPR 1 rank0 loss -1.00000000000000000e+00 gn 1.53446330447102817e+01
[titan] 2026-09-13 20:45:49,016 - root - INFO - [31mstep:  1  [32mloss: -1.00000  [38;2;180;60;0mgrad_norm: 15.3446  [38;2;54;234;195mmemory:  9.60GiB(62.04%)  [34mtps: 2  [36mtflops: 0.01  [35mmfu: 0.00%[39m
[titan] 2026-09-13 20:45:49,016 - root - INFO - Saving the checkpoint.
[titan] 2026-09-13 20:45:49,016 - root - INFO - Saving a full checkpoint at last step, step 1.
[titan] 2026-09-13 20:46:05,819 - root - INFO - [GC] GC collection invoked by checkpointer. took 0.02 seconds
[titan] 2026-09-13 20:46:05,822 - root - INFO - Last step checkpoint completed in 16.81s
[titan] 2026-09-13 20:46:05,823 - root - INFO - Synchronizing and adjusting timeout for all ProcessGroups to 0:01:40
[titan] 2026-09-13 20:46:05,823 - root - INFO - [GC] GC collection invoked by checkpointer. took 0.02 seconds
[titan] 2026-09-13 20:46:05,825 - root - INFO - Last step checkpoint completed in 16.81s
[titan] 2026-09-13 20:46:05,826 - root - INFO - Synchronizing and adjusting timeout for all ProcessGroups to 0:01:40
[titan] 2026-09-13 20:46:05,827 - root - INFO - [GC] GC collection invoked by checkpointer. took 0.02 seconds
[titan] 2026-09-13 20:46:05,829 - root - INFO - [GC] GC collection invoked by checkpointer. took 0.02 seconds
[titan] 2026-09-13 20:46:05,830 - root - INFO - Last step checkpoint completed in 16.82s
[titan] 2026-09-13 20:46:05,830 - root - INFO - Synchronizing and adjusting timeout for all ProcessGroups to 0:01:40
[titan] 2026-09-13 20:46:05,832 - root - INFO - [GC] GC collection invoked by checkpointer. took 0.03 seconds
[titan] 2026-09-13 20:46:05,832 - root - INFO - Last step checkpoint completed in 16.83s
[titan] 2026-09-13 20:46:05,833 - root - INFO - Synchronizing and adjusting timeout for all ProcessGroups to 0:01:40
[titan] 2026-09-13 20:46:05,835 - root - INFO - Last step checkpoint completed in 16.83s
[titan] 2026-09-13 20:46:05,835 - root - INFO - Synchronizing and adjusting timeout for all ProcessGroups to 0:01:40
[titan] 2026-09-13 20:46:05,839 - root - INFO - [GC] GC collection invoked by checkpointer. took 0.04 seconds
[titan] 2026-09-13 20:46:05,839 - root - INFO - [GC] GC collection invoked by checkpointer. took 0.03 seconds
[titan] 2026-09-13 20:46:05,841 - root - INFO - Last step checkpoint completed in 16.85s
[titan] 2026-09-13 20:46:05,841 - root - INFO - Last step checkpoint completed in 16.85s
[titan] 2026-09-13 20:46:05,842 - root - INFO - Synchronizing and adjusting timeout for all ProcessGroups to 0:01:40
[titan] 2026-09-13 20:46:05,842 - root - INFO - Synchronizing and adjusting timeout for all ProcessGroups to 0:01:40
[titan] 2026-09-13 20:46:05,845 - root - INFO - [GC] GC collection invoked by checkpointer. took 0.07 seconds
[titan] 2026-09-13 20:46:05,848 - root - INFO - Last step checkpoint completed in 16.83s
[titan] 2026-09-13 20:46:05,849 - root - INFO - Synchronizing and adjusting timeout for all ProcessGroups to 0:01:40
[titan] 2026-09-13 20:46:05,849 - root - INFO - Training completed
[titan] 2026-09-13 20:46:05,849 - root - INFO - Training completed
[titan] 2026-09-13 20:46:05,849 - root - INFO - Training completed
[titan] 2026-09-13 20:46:05,849 - root - INFO - Training completed
[titan] 2026-09-13 20:46:05,849 - root - INFO - Training completed
[titan] 2026-09-13 20:46:05,849 - root - INFO - Training completed
[titan] 2026-09-13 20:46:05,849 - root - INFO - Sleeping 2 seconds for other ranks to complete
[titan] 2026-09-13 20:46:05,849 - root - INFO - Training completed
[titan] 2026-09-13 20:46:05,857 - root - INFO - Destroying the purge thread.
[titan] 2026-09-13 20:46:05,857 - root - INFO - Destroying the purge thread.
[titan] 2026-09-13 20:46:05,857 - root - INFO - Destroying the purge thread.
[titan] 2026-09-13 20:46:05,857 - root - INFO - Destroying the purge thread.
[titan] 2026-09-13 20:46:05,858 - root - INFO - Destroying the purge thread.
[titan] 2026-09-13 20:46:05,858 - root - INFO - Destroying the purge thread.
[titan] 2026-09-13 20:46:05,859 - root - INFO - Destroying the purge thread.
[titan] 2026-09-13 20:46:07,850 - root - INFO - Training completed
[titan] 2026-09-13 20:46:07,859 - root - INFO - Destroying the purge thread.
[titan] 2026-09-13 20:46:08,863 - root - INFO - Process group destroyed
[titan] 2026-09-13 20:46:08,868 - root - INFO - Process group destroyed
[titan] 2026-09-13 20:46:08,905 - root - INFO - Process group destroyed
[titan] 2026-09-13 20:46:08,914 - root - INFO - Process group destroyed
[titan] 2026-09-13 20:46:08,916 - root - INFO - Process group destroyed
[titan] 2026-09-13 20:46:08,919 - root - INFO - Process group destroyed
[titan] 2026-09-13 20:46:08,921 - root - INFO - Process group destroyed
[titan] 2026-09-13 20:46:08,947 - root - INFO - Process group destroyed
