W0910 08:08:47.291000 31748 torch/distributed/run.py:982] 
W0910 08:08:47.291000 31748 torch/distributed/run.py:982] *****************************************
W0910 08:08:47.291000 31748 torch/distributed/run.py:982] Setting OMP_NUM_THREADS environment variable for each process to be 1 in default, to avoid your system being overloaded, please further tune the variable for optimal performance in your application as needed. 
W0910 08:08:47.291000 31748 torch/distributed/run.py:982] *****************************************
WARNING:absl:Failed to load jax profiler: No module named 'jax'
WARNING:absl:Failed to load jax profiler: No module named 'jax'
WARNING:absl:Failed to load jax profiler: No module named 'jax'
WARNING:absl:Failed to load jax profiler: No module named 'jax'
W0910 08:08:55.197000 31881 torch/utils/_pytree.py:630] <enum 'KernelPreference'> is an Enum subclass and is now natively supported by torch.compile as an opaque value type. Calling register_constant() on Enum subclasses is deprecated and will be an error in a future release.
W0910 08:08:55.233000 31881 torch/utils/_pytree.py:630] <enum 'ScaleCalculationMode'> is an Enum subclass and is now natively supported by torch.compile as an opaque value type. Calling register_constant() on Enum subclasses is deprecated and will be an error in a future release.
W0910 08:08:55.655000 31884 torch/utils/_pytree.py:630] <enum 'KernelPreference'> is an Enum subclass and is now natively supported by torch.compile as an opaque value type. Calling register_constant() on Enum subclasses is deprecated and will be an error in a future release.
W0910 08:08:55.693000 31884 torch/utils/_pytree.py:630] <enum 'ScaleCalculationMode'> is an Enum subclass and is now natively supported by torch.compile as an opaque value type. Calling register_constant() on Enum subclasses is deprecated and will be an error in a future release.
W0910 08:08:55.694000 31883 torch/utils/_pytree.py:630] <enum 'KernelPreference'> is an Enum subclass and is now natively supported by torch.compile as an opaque value type. Calling register_constant() on Enum subclasses is deprecated and will be an error in a future release.
W0910 08:08:55.730000 31883 torch/utils/_pytree.py:630] <enum 'ScaleCalculationMode'> is an Enum subclass and is now natively supported by torch.compile as an opaque value type. Calling register_constant() on Enum subclasses is deprecated and will be an error in a future release.
W0910 08:08:55.743000 31882 torch/utils/_pytree.py:630] <enum 'KernelPreference'> is an Enum subclass and is now natively supported by torch.compile as an opaque value type. Calling register_constant() on Enum subclasses is deprecated and will be an error in a future release.
W0910 08:08:55.780000 31882 torch/utils/_pytree.py:630] <enum 'ScaleCalculationMode'> is an Enum subclass and is now natively supported by torch.compile as an opaque value type. Calling register_constant() on Enum subclasses is deprecated and will be an error in a future release.
[titan] 2026-09-10 08:08:55,846 - root - INFO - torchtitan version: 0.0.0+unknown (0.0.0 means __version__ is not defined correctly).
[titan] 2026-09-10 08:08:56,305 - root - INFO - torchtitan version: 0.0.0+unknown (0.0.0 means __version__ is not defined correctly).
[titan] 2026-09-10 08:08:56,341 - root - INFO - torchtitan version: 0.0.0+unknown (0.0.0 means __version__ is not defined correctly).
[titan] 2026-09-10 08:08:56,392 - root - INFO - torchtitan version: 0.0.0+unknown (0.0.0 means __version__ is not defined correctly).
[titan] 2026-09-10 08:08:56,436 - root - WARNING - initial_load_model_only=True has no effect without an initial_load_path.
[titan] 2026-09-10 08:08:56,538 - root - WARNING - initial_load_model_only=True has no effect without an initial_load_path.
[titan] 2026-09-10 08:08:56,539 - torchtitan.observability.structured_logger.jsonl_handler - INFO - Structured logging -> JSONL: /workspace/tp_final_out/tp4_sp_st/structured_logs/training.global_rank_0.20260910-080856-I0ZM4S.jsonl
[titan] 2026-09-10 08:08:56,718 - root - WARNING - ENV[TORCH_NCCL_ASYNC_ERROR_HANDLING] = 1 will be overridden to 3 based on job config
[titan] 2026-09-10 08:08:56,875 - root - WARNING - initial_load_model_only=True has no effect without an initial_load_path.
[titan] 2026-09-10 08:08:56,898 - root - WARNING - initial_load_model_only=True has no effect without an initial_load_path.
[titan] 2026-09-10 08:08:56,934 - root - WARNING - initial_load_model_only=True has no effect without an initial_load_path.
[titan] 2026-09-10 08:08:56,976 - root - WARNING - initial_load_model_only=True has no effect without an initial_load_path.
[titan] 2026-09-10 08:08:56,977 - torchtitan.observability.structured_logger.jsonl_handler - INFO - Structured logging -> JSONL: /workspace/tp_final_out/tp4_sp_st/structured_logs/training.global_rank_3.20260910-080856-PLNENU.jsonl
[titan] 2026-09-10 08:08:56,999 - root - WARNING - initial_load_model_only=True has no effect without an initial_load_path.
[titan] 2026-09-10 08:08:57,000 - torchtitan.observability.structured_logger.jsonl_handler - INFO - Structured logging -> JSONL: /workspace/tp_final_out/tp4_sp_st/structured_logs/training.global_rank_2.20260910-080857-3JU58M.jsonl
[titan] 2026-09-10 08:08:57,035 - root - WARNING - initial_load_model_only=True has no effect without an initial_load_path.
[titan] 2026-09-10 08:08:57,036 - torchtitan.observability.structured_logger.jsonl_handler - INFO - Structured logging -> JSONL: /workspace/tp_final_out/tp4_sp_st/structured_logs/training.global_rank_1.20260910-080857-VI8ZFK.jsonl
[titan] 2026-09-10 08:08:57,702 - root - WARNING - ENV[TORCH_NCCL_ASYNC_ERROR_HANDLING] = 1 will be overridden to 3 based on job config
[titan] 2026-09-10 08:08:57,725 - root - WARNING - ENV[TORCH_NCCL_ASYNC_ERROR_HANDLING] = 1 will be overridden to 3 based on job config
[titan] 2026-09-10 08:08:57,732 - root - WARNING - ENV[TORCH_NCCL_ASYNC_ERROR_HANDLING] = 1 will be overridden to 3 based on job config
[titan] 2026-09-10 08:08:58,210 - root - INFO - [GC] Initial GC collection took 0.00 seconds
[titan] 2026-09-10 08:08:58,210 - root - INFO - Deterministic algorithm enabled (expect perf degradation).
[titan] 2026-09-10 08:08:58,214 - root - INFO - [GC] Initial GC collection took 0.00 seconds
[titan] 2026-09-10 08:08:58,214 - root - INFO - Deterministic algorithm enabled (expect perf degradation).
[titan] 2026-09-10 08:08:58,221 - root - INFO - [GC] Initial GC collection took 0.00 seconds
[titan] 2026-09-10 08:08:58,221 - root - INFO - Deterministic algorithm enabled (expect perf degradation).
[titan] 2026-09-10 08:08:58,221 - root - INFO - [GC] Initial GC collection took 0.00 seconds
[titan] 2026-09-10 08:08:58,221 - root - INFO - Deterministic algorithm enabled (expect perf degradation).
[titan] 2026-09-10 08:08:58,227 - root - INFO - Building device mesh with parallelism: pp=1, dp_replicate=1, dp_shard=1, cp=1, tp=4, ep=1
[titan] 2026-09-10 08:08:58,232 - root - INFO - Building device mesh with parallelism: pp=1, dp_replicate=1, dp_shard=1, cp=1, tp=4, ep=1
[titan] 2026-09-10 08:08:58,238 - root - INFO - Building device mesh with parallelism: pp=1, dp_replicate=1, dp_shard=1, cp=1, tp=4, ep=1
[titan] 2026-09-10 08:08:58,249 - root - INFO - Building device mesh with parallelism: pp=1, dp_replicate=1, dp_shard=1, cp=1, tp=4, ep=1
[titan] 2026-09-10 08:09:00,200 - root - INFO - Successfully created meshes with active dimensions: ['tp']
[titan] 2026-09-10 08:09:00,201 - root - INFO - Successfully created meshes with active dimensions: ['tp']
[titan] 2026-09-10 08:09:00,203 - root - INFO - Successfully created meshes with active dimensions: ['tp']
[titan] 2026-09-10 08:09:00,205 - root - INFO - Successfully created meshes with active dimensions: ['tp']
[titan] 2026-09-10 08:09:00,216 - root - INFO - Building kimi_k3 debugmodel
[titan] 2026-09-10 08:09:00,221 - root - INFO - Building kimi_k3 debugmodel
[titan] 2026-09-10 08:09:00,229 - root - INFO - Building kimi_k3 debugmodel
[titan] 2026-09-10 08:09:00,241 - root - INFO - Building kimi_k3 debugmodel
[titan] 2026-09-10 08:09:00,461 - root - INFO - CUDA capacity: NVIDIA A100-SXM4-40GB with 39.49GiB memory
[titan] 2026-09-10 08:09:00,462 - root - WARNING - Error running lspci: [Errno 2] No such file or directory: 'lspci', fallback to use device_name
[titan] 2026-09-10 08:09:00,469 - root - INFO - Total parameter count: 1,119,984,672, active parameters: 535,879,200
[titan] 2026-09-10 08:09:00,469 - root - INFO - [34mModel kimi_k3 debugmodel [31msize: 1,119,984,672 total parameters[39m
[titan] 2026-09-10 08:09:00,472 - root - INFO - CUDA capacity: NVIDIA A100-SXM4-40GB with 39.49GiB memory
[titan] 2026-09-10 08:09:00,474 - root - WARNING - Error running lspci: [Errno 2] No such file or directory: 'lspci', fallback to use device_name
[titan] 2026-09-10 08:09:00,481 - root - INFO - Total parameter count: 1,119,984,672, active parameters: 535,879,200
[titan] 2026-09-10 08:09:00,481 - root - INFO - [34mModel kimi_k3 debugmodel [31msize: 1,119,984,672 total parameters[39m
[titan] 2026-09-10 08:09:00,507 - root - INFO - CUDA capacity: NVIDIA A100-SXM4-40GB with 39.49GiB memory
[titan] 2026-09-10 08:09:00,510 - root - WARNING - Error running lspci: [Errno 2] No such file or directory: 'lspci', fallback to use device_name
[titan] 2026-09-10 08:09:00,513 - root - INFO - CUDA capacity: NVIDIA A100-SXM4-40GB with 39.49GiB memory
[titan] 2026-09-10 08:09:00,515 - root - WARNING - Error running lspci: [Errno 2] No such file or directory: 'lspci', fallback to use device_name
[titan] 2026-09-10 08:09:00,518 - root - INFO - Total parameter count: 1,119,984,672, active parameters: 535,879,200
[titan] 2026-09-10 08:09:00,519 - root - INFO - [34mModel kimi_k3 debugmodel [31msize: 1,119,984,672 total parameters[39m
[titan] 2026-09-10 08:09:00,523 - root - INFO - Total parameter count: 1,119,984,672, active parameters: 535,879,200
[titan] 2026-09-10 08:09:00,523 - root - INFO - [34mModel kimi_k3 debugmodel [31msize: 1,119,984,672 total parameters[39m
[titan] 2026-09-10 08:09:00,639 - root - INFO - Applied SelectiveAC activation checkpointing to the model
[titan] 2026-09-10 08:09:00,641 - root - INFO - Applied SelectiveAC activation checkpointing to the model
[titan] 2026-09-10 08:09:00,662 - root - INFO - Applied SelectiveAC activation checkpointing to the model
[titan] 2026-09-10 08:09:00,665 - root - INFO - Applied SelectiveAC activation checkpointing to the model
[titan] 2026-09-10 08:09:00,700 - root - INFO - Applied SelectiveAC activation checkpointing to the model
[titan] 2026-09-10 08:09:00,702 - root - INFO - Applied SelectiveAC activation checkpointing to the model
[titan] 2026-09-10 08:09:00,726 - root - INFO - Applied SelectiveAC activation checkpointing to the model
[titan] 2026-09-10 08:09:00,729 - root - INFO - Applied SelectiveAC activation checkpointing to the model
[titan] 2026-09-10 08:09:01,348 - root - INFO - Applied FSDP to the model
[titan] 2026-09-10 08:09:01,369 - root - INFO - Applied FSDP to the model
[titan] 2026-09-10 08:09:01,405 - root - INFO - Applied FSDP to the model
[titan] 2026-09-10 08:09:01,444 - root - INFO - Applied FSDP to the model
[rank3]:W0910 08:09:01.741000 31884 torch/distributed/tensor/_redistribute.py:394] While redistributing from (_StridedShard(dim=0, sf=4), Shard(dim=0)) to (Replicate(), Replicate()), 2 sequential all_gather operations will be performed. This is suboptimal: multiple collective operations have higher latency (separate kernel launches and synchronization points) and may give inconsistent results between ranks due to different reduction orders. it is not possible to merge non-ascending order all_gather operations.
[rank2]:W0910 08:09:01.762000 31883 torch/distributed/tensor/_redistribute.py:394] While redistributing from (_StridedShard(dim=0, sf=4), Shard(dim=0)) to (Replicate(), Replicate()), 2 sequential all_gather operations will be performed. This is suboptimal: multiple collective operations have higher latency (separate kernel launches and synchronization points) and may give inconsistent results between ranks due to different reduction orders. it is not possible to merge non-ascending order all_gather operations.
[rank1]:W0910 08:09:01.811000 31882 torch/distributed/tensor/_redistribute.py:394] While redistributing from (_StridedShard(dim=0, sf=4), Shard(dim=0)) to (Replicate(), Replicate()), 2 sequential all_gather operations will be performed. This is suboptimal: multiple collective operations have higher latency (separate kernel launches and synchronization points) and may give inconsistent results between ranks due to different reduction orders. it is not possible to merge non-ascending order all_gather operations.
[rank0]:W0910 08:09:01.881000 31881 torch/distributed/tensor/_redistribute.py:394] While redistributing from (_StridedShard(dim=0, sf=4), Shard(dim=0)) to (Replicate(), Replicate()), 2 sequential all_gather operations will be performed. This is suboptimal: multiple collective operations have higher latency (separate kernel launches and synchronization points) and may give inconsistent results between ranks due to different reduction orders. it is not possible to merge non-ascending order all_gather operations.
[titan] 2026-09-10 08:09:03,268 - root - WARNING - Error running lspci: [Errno 2] No such file or directory: 'lspci', fallback to use device_name
[titan] 2026-09-10 08:09:03,268 - root - INFO - Peak FLOPS used for computing MFU: 3.120e+14
[titan] 2026-09-10 08:09:03,268 - root - INFO - CUDA memory usage for model: 1.08GiB(2.74%)
[titan] 2026-09-10 08:09:03,270 - root - WARNING - Error running lspci: [Errno 2] No such file or directory: 'lspci', fallback to use device_name
[titan] 2026-09-10 08:09:03,270 - root - INFO - Peak FLOPS used for computing MFU: 3.120e+14
[titan] 2026-09-10 08:09:03,270 - root - INFO - CUDA memory usage for model: 1.08GiB(2.74%)
[titan] 2026-09-10 08:09:03,273 - root - WARNING - Error running lspci: [Errno 2] No such file or directory: 'lspci', fallback to use device_name
[titan] 2026-09-10 08:09:03,273 - root - INFO - Peak FLOPS used for computing MFU: 3.120e+14
[titan] 2026-09-10 08:09:03,273 - root - INFO - CUDA memory usage for model: 1.08GiB(2.74%)
[titan] 2026-09-10 08:09:03,274 - root - INFO - Optimizer AdamW (model_part=0): 750 params [.*] {'fused': True, 'foreach': False, 'lr': 0.0008, 'betas': (0.9, 0.95), 'eps': 1e-08, 'weight_decay': 0.1}
[titan] 2026-09-10 08:09:03,274 - root - WARNING - Error running lspci: [Errno 2] No such file or directory: 'lspci', fallback to use device_name
[titan] 2026-09-10 08:09:03,274 - root - INFO - Peak FLOPS used for computing MFU: 3.120e+14
[titan] 2026-09-10 08:09:03,275 - root - INFO - CUDA memory usage for model: 1.08GiB(2.74%)
[titan] 2026-09-10 08:09:03,276 - root - INFO - Optimizer AdamW (model_part=0): 750 params [.*] {'fused': True, 'foreach': False, 'lr': 0.0008, 'betas': (0.9, 0.95), 'eps': 1e-08, 'weight_decay': 0.1}
[titan] 2026-09-10 08:09:03,279 - root - INFO - Loading tokenizer from tokenizer.json
[titan] 2026-09-10 08:09:03,279 - root - INFO - Optimizer AdamW (model_part=0): 750 params [.*] {'fused': True, 'foreach': False, 'lr': 0.0008, 'betas': (0.9, 0.95), 'eps': 1e-08, 'weight_decay': 0.1}
[titan] 2026-09-10 08:09:03,280 - root - INFO - Loading tokenizer from tokenizer.json
[titan] 2026-09-10 08:09:03,281 - root - INFO - Optimizer AdamW (model_part=0): 750 params [.*] {'fused': True, 'foreach': False, 'lr': 0.0008, 'betas': (0.9, 0.95), 'eps': 1e-08, 'weight_decay': 0.1}
[titan] 2026-09-10 08:09:03,284 - root - INFO - Loading tokenizer from tokenizer.json
[titan] 2026-09-10 08:09:03,285 - root - INFO - Loading tokenizer from tokenizer.json
[titan] 2026-09-10 08:09:03,312 - root - WARNING - model.safetensors.index.json not found at hf_assets_path: ./tests/assets/tokenizer/model.safetensors.index.json.                     Defaulting to saving a single safetensors file if checkpoint is saved in HF format
[titan] 2026-09-10 08:09:03,312 - root - WARNING - initial_load_model_only=True has no effect without an initial_load_path.
[titan] 2026-09-10 08:09:03,317 - root - WARNING - model.safetensors.index.json not found at hf_assets_path: ./tests/assets/tokenizer/model.safetensors.index.json.                     Defaulting to saving a single safetensors file if checkpoint is saved in HF format
[titan] 2026-09-10 08:09:03,317 - root - WARNING - initial_load_model_only=True has no effect without an initial_load_path.
[titan] 2026-09-10 08:09:03,319 - root - WARNING - model.safetensors.index.json not found at hf_assets_path: ./tests/assets/tokenizer/model.safetensors.index.json.                     Defaulting to saving a single safetensors file if checkpoint is saved in HF format
[titan] 2026-09-10 08:09:03,319 - root - WARNING - initial_load_model_only=True has no effect without an initial_load_path.
[titan] 2026-09-10 08:09:03,330 - root - WARNING - model.safetensors.index.json not found at hf_assets_path: ./tests/assets/tokenizer/model.safetensors.index.json.                     Defaulting to saving a single safetensors file if checkpoint is saved in HF format
[titan] 2026-09-10 08:09:03,331 - root - WARNING - initial_load_model_only=True has no effect without an initial_load_path.
[titan] 2026-09-10 08:09:03,331 - root - INFO - Checkpointing active. Checkpoints will be loaded from and saved to /workspace/tp_final_out/tp4_sp_st/checkpoint
[titan] 2026-09-10 08:09:03,331 - root - INFO - Trainer is initialized with 256 tokens per DP rank, 256 tokens per train step, gradient accumulation steps 1, maximum context length 256, total steps 100 (warmup 2)
[titan] 2026-09-10 08:09:03,332 - root - INFO - Loading the checkpoint from /workspace/tp_final_out/tp4_sp_st/checkpoint/step-0.
[titan] 2026-09-10 08:09:03,338 - root - INFO - Checkpointing active. Checkpoints will be loaded from and saved to /workspace/tp_final_out/tp4_sp_st/checkpoint
[titan] 2026-09-10 08:09:03,338 - root - INFO - Trainer is initialized with 256 tokens per DP rank, 256 tokens per train step, gradient accumulation steps 1, maximum context length 256, total steps 100 (warmup 2)
[titan] 2026-09-10 08:09:03,339 - root - INFO - Loading the checkpoint from /workspace/tp_final_out/tp4_sp_st/checkpoint/step-0.
[titan] 2026-09-10 08:09:03,339 - root - INFO - Checkpointing active. Checkpoints will be loaded from and saved to /workspace/tp_final_out/tp4_sp_st/checkpoint
[titan] 2026-09-10 08:09:03,340 - root - INFO - Trainer is initialized with 256 tokens per DP rank, 256 tokens per train step, gradient accumulation steps 1, maximum context length 256, total steps 100 (warmup 2)
[titan] 2026-09-10 08:09:03,340 - root - INFO - Loading the checkpoint from /workspace/tp_final_out/tp4_sp_st/checkpoint/step-0.
[titan] 2026-09-10 08:09:03,350 - root - INFO - Checkpointing active. Checkpoints will be loaded from and saved to /workspace/tp_final_out/tp4_sp_st/checkpoint
[titan] 2026-09-10 08:09:03,350 - root - INFO - Trainer is initialized with 256 tokens per DP rank, 256 tokens per train step, gradient accumulation steps 1, maximum context length 256, total steps 100 (warmup 2)
[titan] 2026-09-10 08:09:03,351 - root - INFO - Loading the checkpoint from /workspace/tp_final_out/tp4_sp_st/checkpoint/step-0.
[titan] 2026-09-10 08:16:14,386 - root - INFO - [GC] GC collection for checkpoint loading. took 0.05 seconds
[titan] 2026-09-10 08:16:14,386 - root - INFO - Finished loading the checkpoint in 431.05 seconds.
[titan] 2026-09-10 08:16:14,388 - root - INFO - Training starts at step 1
[titan] 2026-09-10 08:16:14,390 - root - INFO - [GC] GC collection for checkpoint loading. took 0.05 seconds
[titan] 2026-09-10 08:16:14,391 - root - INFO - Finished loading the checkpoint in 431.04 seconds.
[titan] 2026-09-10 08:16:14,392 - root - INFO - Training starts at step 1
[titan] 2026-09-10 08:16:14,405 - root - INFO - [GC] GC collection for checkpoint loading. took 0.05 seconds
[titan] 2026-09-10 08:16:14,406 - root - INFO - Finished loading the checkpoint in 431.07 seconds.
[titan] 2026-09-10 08:16:14,405 - root - INFO - [GC] GC collection for checkpoint loading. took 0.05 seconds
[titan] 2026-09-10 08:16:14,406 - root - INFO - Finished loading the checkpoint in 431.07 seconds.
[titan] 2026-09-10 08:16:14,407 - root - INFO - Training starts at step 1
[titan] 2026-09-10 08:16:14,407 - root - INFO - Training starts at step 1
/workspace/venv/lib/python3.12/site-packages/spmd_types/_collectives.py:633: FutureWarning: `torch.distributed._functional_collectives.reduce_scatter_tensor` is deprecated. Please use `torch.distributed._functional_collectives.reduce_scatter_single` instead.
  result = funcol.reduce_scatter_tensor(x, "sum", scatter_dim, pg)
/workspace/venv/lib/python3.12/site-packages/spmd_types/_collectives.py:633: FutureWarning: `torch.distributed._functional_collectives.reduce_scatter_tensor` is deprecated. Please use `torch.distributed._functional_collectives.reduce_scatter_single` instead.
  result = funcol.reduce_scatter_tensor(x, "sum", scatter_dim, pg)
/workspace/venv/lib/python3.12/site-packages/spmd_types/_collectives.py:633: FutureWarning: `torch.distributed._functional_collectives.reduce_scatter_tensor` is deprecated. Please use `torch.distributed._functional_collectives.reduce_scatter_single` instead.
  result = funcol.reduce_scatter_tensor(x, "sum", scatter_dim, pg)
/workspace/venv/lib/python3.12/site-packages/spmd_types/_collectives.py:633: FutureWarning: `torch.distributed._functional_collectives.reduce_scatter_tensor` is deprecated. Please use `torch.distributed._functional_collectives.reduce_scatter_single` instead.
  result = funcol.reduce_scatter_tensor(x, "sum", scatter_dim, pg)
/workspace/venv/lib/python3.12/site-packages/torch/distributed/fsdp/_fully_shard/_fsdp_state.py:336: UserWarning: FSDP2-wrapped module (FSDPKimiK3VisionEncoder) returned a view tensor. An in-place op on this view (e.g., `x += y`) will silently drop the pre-backward hook and skip the all-gather, which can cause backward to fail or produce wrong gradients. Use out-of-place ops (`out = out + y`, not `out += y`) or `.clone()` the output before any in-place op.
  output = self._register_pre_backward_hook(output)
/workspace/venv/lib/python3.12/site-packages/spmd_types/_collectives.py:305: FutureWarning: `torch.distributed._functional_collectives.all_gather_tensor` is deprecated. Please use `torch.distributed._functional_collectives.all_gather_single` instead.
  result = funcol.all_gather_tensor(x, gather_dim, pg)
/workspace/venv/lib/python3.12/site-packages/torch/distributed/fsdp/_fully_shard/_fsdp_state.py:336: UserWarning: FSDP2-wrapped module (FSDPKimiK3VisionEncoder) returned a view tensor. An in-place op on this view (e.g., `x += y`) will silently drop the pre-backward hook and skip the all-gather, which can cause backward to fail or produce wrong gradients. Use out-of-place ops (`out = out + y`, not `out += y`) or `.clone()` the output before any in-place op.
  output = self._register_pre_backward_hook(output)
/workspace/venv/lib/python3.12/site-packages/spmd_types/_collectives.py:305: FutureWarning: `torch.distributed._functional_collectives.all_gather_tensor` is deprecated. Please use `torch.distributed._functional_collectives.all_gather_single` instead.
  result = funcol.all_gather_tensor(x, gather_dim, pg)
/workspace/venv/lib/python3.12/site-packages/torch/distributed/fsdp/_fully_shard/_fsdp_state.py:336: UserWarning: FSDP2-wrapped module (FSDPKimiK3VisionEncoder) returned a view tensor. An in-place op on this view (e.g., `x += y`) will silently drop the pre-backward hook and skip the all-gather, which can cause backward to fail or produce wrong gradients. Use out-of-place ops (`out = out + y`, not `out += y`) or `.clone()` the output before any in-place op.
  output = self._register_pre_backward_hook(output)
/workspace/venv/lib/python3.12/site-packages/spmd_types/_collectives.py:305: FutureWarning: `torch.distributed._functional_collectives.all_gather_tensor` is deprecated. Please use `torch.distributed._functional_collectives.all_gather_single` instead.
  result = funcol.all_gather_tensor(x, gather_dim, pg)
/workspace/venv/lib/python3.12/site-packages/torch/distributed/fsdp/_fully_shard/_fsdp_state.py:336: UserWarning: FSDP2-wrapped module (FSDPKimiK3VisionEncoder) returned a view tensor. An in-place op on this view (e.g., `x += y`) will silently drop the pre-backward hook and skip the all-gather, which can cause backward to fail or produce wrong gradients. Use out-of-place ops (`out = out + y`, not `out += y`) or `.clone()` the output before any in-place op.
  output = self._register_pre_backward_hook(output)
/workspace/venv/lib/python3.12/site-packages/spmd_types/_collectives.py:305: FutureWarning: `torch.distributed._functional_collectives.all_gather_tensor` is deprecated. Please use `torch.distributed._functional_collectives.all_gather_single` instead.
  result = funcol.all_gather_tensor(x, gather_dim, pg)
/workspace/venv/lib/python3.12/site-packages/spmd_types/_collectives.py:633: FutureWarning: `torch.distributed._functional_collectives.reduce_scatter_tensor` is deprecated. Please use `torch.distributed._functional_collectives.reduce_scatter_single` instead.
  result = funcol.reduce_scatter_tensor(x, "sum", scatter_dim, pg)
/workspace/venv/lib/python3.12/site-packages/spmd_types/_collectives.py:633: FutureWarning: `torch.distributed._functional_collectives.reduce_scatter_tensor` is deprecated. Please use `torch.distributed._functional_collectives.reduce_scatter_single` instead.
  result = funcol.reduce_scatter_tensor(x, "sum", scatter_dim, pg)
/workspace/venv/lib/python3.12/site-packages/spmd_types/_collectives.py:633: FutureWarning: `torch.distributed._functional_collectives.reduce_scatter_tensor` is deprecated. Please use `torch.distributed._functional_collectives.reduce_scatter_single` instead.
  result = funcol.reduce_scatter_tensor(x, "sum", scatter_dim, pg)
/workspace/venv/lib/python3.12/site-packages/spmd_types/_collectives.py:633: FutureWarning: `torch.distributed._functional_collectives.reduce_scatter_tensor` is deprecated. Please use `torch.distributed._functional_collectives.reduce_scatter_single` instead.
  result = funcol.reduce_scatter_tensor(x, "sum", scatter_dim, pg)
/workspace/venv/lib/python3.12/site-packages/torch/distributed/fsdp/_fully_shard/_fsdp_state.py:336: UserWarning: FSDP2-wrapped module (FSDPCheckpointWrapper) returned a view tensor. An in-place op on this view (e.g., `x += y`) will silently drop the pre-backward hook and skip the all-gather, which can cause backward to fail or produce wrong gradients. Use out-of-place ops (`out = out + y`, not `out += y`) or `.clone()` the output before any in-place op.
  output = self._register_pre_backward_hook(output)
/workspace/venv/lib/python3.12/site-packages/torch/distributed/fsdp/_fully_shard/_fsdp_state.py:336: UserWarning: FSDP2-wrapped module (FSDPCheckpointWrapper) returned a view tensor. An in-place op on this view (e.g., `x += y`) will silently drop the pre-backward hook and skip the all-gather, which can cause backward to fail or produce wrong gradients. Use out-of-place ops (`out = out + y`, not `out += y`) or `.clone()` the output before any in-place op.
  output = self._register_pre_backward_hook(output)
/workspace/venv/lib/python3.12/site-packages/torch/distributed/fsdp/_fully_shard/_fsdp_state.py:336: UserWarning: FSDP2-wrapped module (FSDPCheckpointWrapper) returned a view tensor. An in-place op on this view (e.g., `x += y`) will silently drop the pre-backward hook and skip the all-gather, which can cause backward to fail or produce wrong gradients. Use out-of-place ops (`out = out + y`, not `out += y`) or `.clone()` the output before any in-place op.
  output = self._register_pre_backward_hook(output)
/workspace/venv/lib/python3.12/site-packages/torch/distributed/fsdp/_fully_shard/_fsdp_state.py:336: UserWarning: FSDP2-wrapped module (FSDPCheckpointWrapper) returned a view tensor. An in-place op on this view (e.g., `x += y`) will silently drop the pre-backward hook and skip the all-gather, which can cause backward to fail or produce wrong gradients. Use out-of-place ops (`out = out + y`, not `out += y`) or `.clone()` the output before any in-place op.
  output = self._register_pre_backward_hook(output)
/workspace/venv/lib/python3.12/site-packages/spmd_types/_collectives.py:633: FutureWarning: `torch.distributed._functional_collectives.reduce_scatter_tensor` is deprecated. Please use `torch.distributed._functional_collectives.reduce_scatter_single` instead.
  result = funcol.reduce_scatter_tensor(x, "sum", scatter_dim, pg)
/workspace/venv/lib/python3.12/site-packages/spmd_types/_collectives.py:305: FutureWarning: `torch.distributed._functional_collectives.all_gather_tensor` is deprecated. Please use `torch.distributed._functional_collectives.all_gather_single` instead.
  result = funcol.all_gather_tensor(x, gather_dim, pg)
/workspace/venv/lib/python3.12/site-packages/spmd_types/_collectives.py:633: FutureWarning: `torch.distributed._functional_collectives.reduce_scatter_tensor` is deprecated. Please use `torch.distributed._functional_collectives.reduce_scatter_single` instead.
  result = funcol.reduce_scatter_tensor(x, "sum", scatter_dim, pg)
/workspace/venv/lib/python3.12/site-packages/spmd_types/_collectives.py:305: FutureWarning: `torch.distributed._functional_collectives.all_gather_tensor` is deprecated. Please use `torch.distributed._functional_collectives.all_gather_single` instead.
  result = funcol.all_gather_tensor(x, gather_dim, pg)
/workspace/venv/lib/python3.12/site-packages/spmd_types/_collectives.py:633: FutureWarning: `torch.distributed._functional_collectives.reduce_scatter_tensor` is deprecated. Please use `torch.distributed._functional_collectives.reduce_scatter_single` instead.
  result = funcol.reduce_scatter_tensor(x, "sum", scatter_dim, pg)
/workspace/venv/lib/python3.12/site-packages/spmd_types/_collectives.py:305: FutureWarning: `torch.distributed._functional_collectives.all_gather_tensor` is deprecated. Please use `torch.distributed._functional_collectives.all_gather_single` instead.
  result = funcol.all_gather_tensor(x, gather_dim, pg)
/workspace/venv/lib/python3.12/site-packages/spmd_types/_collectives.py:633: FutureWarning: `torch.distributed._functional_collectives.reduce_scatter_tensor` is deprecated. Please use `torch.distributed._functional_collectives.reduce_scatter_single` instead.
  result = funcol.reduce_scatter_tensor(x, "sum", scatter_dim, pg)
/workspace/venv/lib/python3.12/site-packages/spmd_types/_collectives.py:305: FutureWarning: `torch.distributed._functional_collectives.all_gather_tensor` is deprecated. Please use `torch.distributed._functional_collectives.all_gather_single` instead.
  result = funcol.all_gather_tensor(x, gather_dim, pg)
/workspace/venv/lib/python3.12/site-packages/torch/distributed/fsdp/_fully_shard/_fsdp_state.py:336: UserWarning: FSDP2-wrapped module (FSDPCheckpointWrapper) returned a view tensor. An in-place op on this view (e.g., `x += y`) will silently drop the pre-backward hook and skip the all-gather, which can cause backward to fail or produce wrong gradients. Use out-of-place ops (`out = out + y`, not `out += y`) or `.clone()` the output before any in-place op.
  output = self._register_pre_backward_hook(output)
/workspace/venv/lib/python3.12/site-packages/torch/distributed/fsdp/_fully_shard/_fsdp_state.py:336: UserWarning: FSDP2-wrapped module (FSDPCheckpointWrapper) returned a view tensor. An in-place op on this view (e.g., `x += y`) will silently drop the pre-backward hook and skip the all-gather, which can cause backward to fail or produce wrong gradients. Use out-of-place ops (`out = out + y`, not `out += y`) or `.clone()` the output before any in-place op.
  output = self._register_pre_backward_hook(output)
/workspace/venv/lib/python3.12/site-packages/torch/distributed/fsdp/_fully_shard/_fsdp_state.py:336: UserWarning: FSDP2-wrapped module (FSDPCheckpointWrapper) returned a view tensor. An in-place op on this view (e.g., `x += y`) will silently drop the pre-backward hook and skip the all-gather, which can cause backward to fail or produce wrong gradients. Use out-of-place ops (`out = out + y`, not `out += y`) or `.clone()` the output before any in-place op.
  output = self._register_pre_backward_hook(output)
/workspace/venv/lib/python3.12/site-packages/torch/distributed/fsdp/_fully_shard/_fsdp_state.py:336: UserWarning: FSDP2-wrapped module (FSDPCheckpointWrapper) returned a view tensor. An in-place op on this view (e.g., `x += y`) will silently drop the pre-backward hook and skip the all-gather, which can cause backward to fail or produce wrong gradients. Use out-of-place ops (`out = out + y`, not `out += y`) or `.clone()` the output before any in-place op.
  output = self._register_pre_backward_hook(output)
[rank0]:W0910 08:17:29.260000 31881 torch/distributed/tensor/_redistribute.py:394] While redistributing from (_NormPartial(2.0), _NormPartial(2.0)) to (Replicate(), Replicate()), 2 sequential all_reduce operations will be performed. This is suboptimal: multiple collective operations have higher latency (separate kernel launches and synchronization points) and may give inconsistent results between ranks due to different reduction orders. To optimize, flatten mesh dimensions ["dp_shard", "tp"] so DTensor can use a single operation instead.
[rank1]:W0910 08:17:29.261000 31882 torch/distributed/tensor/_redistribute.py:394] While redistributing from (_NormPartial(2.0), _NormPartial(2.0)) to (Replicate(), Replicate()), 2 sequential all_reduce operations will be performed. This is suboptimal: multiple collective operations have higher latency (separate kernel launches and synchronization points) and may give inconsistent results between ranks due to different reduction orders. To optimize, flatten mesh dimensions ["dp_shard", "tp"] so DTensor can use a single operation instead.
[rank2]:W0910 08:17:29.268000 31883 torch/distributed/tensor/_redistribute.py:394] While redistributing from (_NormPartial(2.0), _NormPartial(2.0)) to (Replicate(), Replicate()), 2 sequential all_reduce operations will be performed. This is suboptimal: multiple collective operations have higher latency (separate kernel launches and synchronization points) and may give inconsistent results between ranks due to different reduction orders. To optimize, flatten mesh dimensions ["dp_shard", "tp"] so DTensor can use a single operation instead.
[rank3]:W0910 08:17:29.269000 31884 torch/distributed/tensor/_redistribute.py:394] While redistributing from (_NormPartial(2.0), _NormPartial(2.0)) to (Replicate(), Replicate()), 2 sequential all_reduce operations will be performed. This is suboptimal: multiple collective operations have higher latency (separate kernel launches and synchronization points) and may give inconsistent results between ranks due to different reduction orders. To optimize, flatten mesh dimensions ["dp_shard", "tp"] so DTensor can use a single operation instead.
[titan] 2026-09-10 08:17:37,624 - root - INFO - [31mstep:  1  [32mloss: 12.60853  [38;2;180;60;0mgrad_norm: 25.8750  [38;2;54;234;195mmemory:  2.92GiB(7.40%)  [34mtps: 0  [36mtflops: 0.00  [35mmfu: 0.00%[39m
[titan] 2026-09-10 08:17:37,633 - root - INFO - Synchronizing and adjusting timeout for all ProcessGroups to 0:01:40
[titan] 2026-09-10 08:17:37,640 - root - INFO - [31mstep:  1  [32mloss: 12.60853  [38;2;180;60;0mgrad_norm: 25.8750  [38;2;54;234;195mmemory:  2.92GiB(7.40%)  [34mtps: 0  [36mtflops: 0.00  [35mmfu: 0.00%[39m
[titan] 2026-09-10 08:17:37,646 - root - INFO - [31mstep:  1  [32mloss: 12.60853  [38;2;180;60;0mgrad_norm: 25.8750  [38;2;54;234;195mmemory:  2.92GiB(7.40%)  [34mtps: 0  [36mtflops: 0.00  [35mmfu: 0.00%[39m
[titan] 2026-09-10 08:17:37,650 - root - INFO - Synchronizing and adjusting timeout for all ProcessGroups to 0:01:40
[titan] 2026-09-10 08:17:37,654 - root - INFO - [31mstep:  1  [32mloss: 12.60853  [38;2;180;60;0mgrad_norm: 25.8750  [38;2;54;234;195mmemory:  2.92GiB(7.40%)  [34mtps: 0  [36mtflops: 0.00  [35mmfu: 0.00%[39m
[titan] 2026-09-10 08:17:37,656 - root - INFO - Synchronizing and adjusting timeout for all ProcessGroups to 0:01:40
[titan] 2026-09-10 08:17:37,665 - root - INFO - Synchronizing and adjusting timeout for all ProcessGroups to 0:01:40
/workspace/venv/lib/python3.12/site-packages/torch/distributed/fsdp/_fully_shard/_fsdp_state.py:336: UserWarning: FSDP2-wrapped module (FSDPKimiK3VisionEncoder) returned a view tensor. An in-place op on this view (e.g., `x += y`) will silently drop the pre-backward hook and skip the all-gather, which can cause backward to fail or produce wrong gradients. Use out-of-place ops (`out = out + y`, not `out += y`) or `.clone()` the output before any in-place op.
  output = self._register_pre_backward_hook(output)
/workspace/venv/lib/python3.12/site-packages/spmd_types/_collectives.py:305: FutureWarning: `torch.distributed._functional_collectives.all_gather_tensor` is deprecated. Please use `torch.distributed._functional_collectives.all_gather_single` instead.
  result = funcol.all_gather_tensor(x, gather_dim, pg)
/workspace/venv/lib/python3.12/site-packages/torch/distributed/fsdp/_fully_shard/_fsdp_state.py:336: UserWarning: FSDP2-wrapped module (FSDPKimiK3VisionEncoder) returned a view tensor. An in-place op on this view (e.g., `x += y`) will silently drop the pre-backward hook and skip the all-gather, which can cause backward to fail or produce wrong gradients. Use out-of-place ops (`out = out + y`, not `out += y`) or `.clone()` the output before any in-place op.
  output = self._register_pre_backward_hook(output)
/workspace/venv/lib/python3.12/site-packages/spmd_types/_collectives.py:305: FutureWarning: `torch.distributed._functional_collectives.all_gather_tensor` is deprecated. Please use `torch.distributed._functional_collectives.all_gather_single` instead.
  result = funcol.all_gather_tensor(x, gather_dim, pg)
/workspace/venv/lib/python3.12/site-packages/torch/distributed/fsdp/_fully_shard/_fsdp_state.py:336: UserWarning: FSDP2-wrapped module (FSDPKimiK3VisionEncoder) returned a view tensor. An in-place op on this view (e.g., `x += y`) will silently drop the pre-backward hook and skip the all-gather, which can cause backward to fail or produce wrong gradients. Use out-of-place ops (`out = out + y`, not `out += y`) or `.clone()` the output before any in-place op.
  output = self._register_pre_backward_hook(output)
/workspace/venv/lib/python3.12/site-packages/spmd_types/_collectives.py:305: FutureWarning: `torch.distributed._functional_collectives.all_gather_tensor` is deprecated. Please use `torch.distributed._functional_collectives.all_gather_single` instead.
  result = funcol.all_gather_tensor(x, gather_dim, pg)
/workspace/venv/lib/python3.12/site-packages/torch/distributed/fsdp/_fully_shard/_fsdp_state.py:336: UserWarning: FSDP2-wrapped module (FSDPKimiK3VisionEncoder) returned a view tensor. An in-place op on this view (e.g., `x += y`) will silently drop the pre-backward hook and skip the all-gather, which can cause backward to fail or produce wrong gradients. Use out-of-place ops (`out = out + y`, not `out += y`) or `.clone()` the output before any in-place op.
  output = self._register_pre_backward_hook(output)
/workspace/venv/lib/python3.12/site-packages/spmd_types/_collectives.py:305: FutureWarning: `torch.distributed._functional_collectives.all_gather_tensor` is deprecated. Please use `torch.distributed._functional_collectives.all_gather_single` instead.
  result = funcol.all_gather_tensor(x, gather_dim, pg)
/workspace/venv/lib/python3.12/site-packages/spmd_types/_collectives.py:633: FutureWarning: `torch.distributed._functional_collectives.reduce_scatter_tensor` is deprecated. Please use `torch.distributed._functional_collectives.reduce_scatter_single` instead.
  result = funcol.reduce_scatter_tensor(x, "sum", scatter_dim, pg)
/workspace/venv/lib/python3.12/site-packages/spmd_types/_collectives.py:633: FutureWarning: `torch.distributed._functional_collectives.reduce_scatter_tensor` is deprecated. Please use `torch.distributed._functional_collectives.reduce_scatter_single` instead.
  result = funcol.reduce_scatter_tensor(x, "sum", scatter_dim, pg)
/workspace/venv/lib/python3.12/site-packages/spmd_types/_collectives.py:633: FutureWarning: `torch.distributed._functional_collectives.reduce_scatter_tensor` is deprecated. Please use `torch.distributed._functional_collectives.reduce_scatter_single` instead.
  result = funcol.reduce_scatter_tensor(x, "sum", scatter_dim, pg)
/workspace/venv/lib/python3.12/site-packages/spmd_types/_collectives.py:633: FutureWarning: `torch.distributed._functional_collectives.reduce_scatter_tensor` is deprecated. Please use `torch.distributed._functional_collectives.reduce_scatter_single` instead.
  result = funcol.reduce_scatter_tensor(x, "sum", scatter_dim, pg)
/workspace/venv/lib/python3.12/site-packages/torch/distributed/fsdp/_fully_shard/_fsdp_state.py:336: UserWarning: FSDP2-wrapped module (FSDPCheckpointWrapper) returned a view tensor. An in-place op on this view (e.g., `x += y`) will silently drop the pre-backward hook and skip the all-gather, which can cause backward to fail or produce wrong gradients. Use out-of-place ops (`out = out + y`, not `out += y`) or `.clone()` the output before any in-place op.
  output = self._register_pre_backward_hook(output)
/workspace/venv/lib/python3.12/site-packages/torch/distributed/fsdp/_fully_shard/_fsdp_state.py:336: UserWarning: FSDP2-wrapped module (FSDPCheckpointWrapper) returned a view tensor. An in-place op on this view (e.g., `x += y`) will silently drop the pre-backward hook and skip the all-gather, which can cause backward to fail or produce wrong gradients. Use out-of-place ops (`out = out + y`, not `out += y`) or `.clone()` the output before any in-place op.
  output = self._register_pre_backward_hook(output)
/workspace/venv/lib/python3.12/site-packages/torch/distributed/fsdp/_fully_shard/_fsdp_state.py:336: UserWarning: FSDP2-wrapped module (FSDPCheckpointWrapper) returned a view tensor. An in-place op on this view (e.g., `x += y`) will silently drop the pre-backward hook and skip the all-gather, which can cause backward to fail or produce wrong gradients. Use out-of-place ops (`out = out + y`, not `out += y`) or `.clone()` the output before any in-place op.
  output = self._register_pre_backward_hook(output)
/workspace/venv/lib/python3.12/site-packages/torch/distributed/fsdp/_fully_shard/_fsdp_state.py:336: UserWarning: FSDP2-wrapped module (FSDPCheckpointWrapper) returned a view tensor. An in-place op on this view (e.g., `x += y`) will silently drop the pre-backward hook and skip the all-gather, which can cause backward to fail or produce wrong gradients. Use out-of-place ops (`out = out + y`, not `out += y`) or `.clone()` the output before any in-place op.
  output = self._register_pre_backward_hook(output)
[titan] 2026-09-10 08:17:48,456 - root - INFO - [31mstep:  2  [32mloss: 11.37173  [38;2;180;60;0mgrad_norm: 44.2500  [38;2;54;234;195mmemory:  3.51GiB(8.88%)  [34mtps: 6  [36mtflops: 0.02  [35mmfu: 0.01%[39m
[titan] 2026-09-10 08:17:48,458 - root - INFO - [31mstep:  2  [32mloss: 11.37173  [38;2;180;60;0mgrad_norm: 44.2500  [38;2;54;234;195mmemory:  3.51GiB(8.88%)  [34mtps: 6  [36mtflops: 0.02  [35mmfu: 0.01%[39m
[titan] 2026-09-10 08:17:48,458 - root - INFO - [31mstep:  2  [32mloss: 11.37173  [38;2;180;60;0mgrad_norm: 44.2500  [38;2;54;234;195mmemory:  3.51GiB(8.88%)  [34mtps: 6  [36mtflops: 0.02  [35mmfu: 0.01%[39m
[titan] 2026-09-10 08:17:48,459 - root - INFO - [31mstep:  2  [32mloss: 11.37173  [38;2;180;60;0mgrad_norm: 44.2500  [38;2;54;234;195mmemory:  3.51GiB(8.88%)  [34mtps: 6  [36mtflops: 0.02  [35mmfu: 0.01%[39m
[titan] 2026-09-10 08:17:49,786 - root - INFO - [31mstep:  3  [32mloss:  9.92196  [38;2;180;60;0mgrad_norm: 20.3750  [38;2;54;234;195mmemory:  3.51GiB(8.89%)  [34mtps: 48  [36mtflops: 0.16  [35mmfu: 0.05%[39m
[titan] 2026-09-10 08:17:49,786 - root - INFO - [31mstep:  3  [32mloss:  9.92196  [38;2;180;60;0mgrad_norm: 20.3750  [38;2;54;234;195mmemory:  3.51GiB(8.89%)  [34mtps: 48  [36mtflops: 0.16  [35mmfu: 0.05%[39m
[titan] 2026-09-10 08:17:49,787 - root - INFO - [31mstep:  3  [32mloss:  9.92196  [38;2;180;60;0mgrad_norm: 20.3750  [38;2;54;234;195mmemory:  3.51GiB(8.89%)  [34mtps: 48  [36mtflops: 0.16  [35mmfu: 0.05%[39m
[titan] 2026-09-10 08:17:49,788 - root - INFO - [31mstep:  3  [32mloss:  9.92196  [38;2;180;60;0mgrad_norm: 20.3750  [38;2;54;234;195mmemory:  3.51GiB(8.89%)  [34mtps: 48  [36mtflops: 0.16  [35mmfu: 0.05%[39m
[titan] 2026-09-10 08:17:51,067 - root - INFO - [31mstep:  4  [32mloss:  9.34420  [38;2;180;60;0mgrad_norm: 21.0000  [38;2;54;234;195mmemory:  3.51GiB(8.89%)  [34mtps: 50  [36mtflops: 0.17  [35mmfu: 0.05%[39m
[titan] 2026-09-10 08:17:51,067 - root - INFO - [31mstep:  4  [32mloss:  9.34420  [38;2;180;60;0mgrad_norm: 21.0000  [38;2;54;234;195mmemory:  3.51GiB(8.89%)  [34mtps: 50  [36mtflops: 0.17  [35mmfu: 0.05%[39m
[titan] 2026-09-10 08:17:51,067 - root - INFO - [31mstep:  4  [32mloss:  9.34420  [38;2;180;60;0mgrad_norm: 21.0000  [38;2;54;234;195mmemory:  3.51GiB(8.89%)  [34mtps: 50  [36mtflops: 0.17  [35mmfu: 0.05%[39m
[titan] 2026-09-10 08:17:51,068 - root - INFO - [31mstep:  4  [32mloss:  9.34420  [38;2;180;60;0mgrad_norm: 21.0000  [38;2;54;234;195mmemory:  3.51GiB(8.89%)  [34mtps: 50  [36mtflops: 0.17  [35mmfu: 0.05%[39m
[titan] 2026-09-10 08:17:52,372 - root - INFO - [31mstep:  5  [32mloss:  7.85502  [38;2;180;60;0mgrad_norm: 10.5625  [38;2;54;234;195mmemory:  3.52GiB(8.91%)  [34mtps: 49  [36mtflops: 0.16  [35mmfu: 0.05%[39m
[titan] 2026-09-10 08:17:52,374 - root - INFO - [31mstep:  5  [32mloss:  7.85502  [38;2;180;60;0mgrad_norm: 10.5625  [38;2;54;234;195mmemory:  3.52GiB(8.91%)  [34mtps: 49  [36mtflops: 0.16  [35mmfu: 0.05%[39m
[titan] 2026-09-10 08:17:52,374 - root - INFO - [31mstep:  5  [32mloss:  7.85502  [38;2;180;60;0mgrad_norm: 10.5625  [38;2;54;234;195mmemory:  3.52GiB(8.91%)  [34mtps: 49  [36mtflops: 0.16  [35mmfu: 0.05%[39m
[titan] 2026-09-10 08:17:52,375 - root - INFO - [31mstep:  5  [32mloss:  7.85502  [38;2;180;60;0mgrad_norm: 10.5625  [38;2;54;234;195mmemory:  3.52GiB(8.91%)  [34mtps: 49  [36mtflops: 0.16  [35mmfu: 0.05%[39m
[titan] 2026-09-10 08:17:53,661 - root - INFO - [31mstep:  6  [32mloss:  6.90985  [38;2;180;60;0mgrad_norm: 10.8125  [38;2;54;234;195mmemory:  3.52GiB(8.91%)  [34mtps: 50  [36mtflops: 0.17  [35mmfu: 0.05%[39m
[titan] 2026-09-10 08:17:53,661 - root - INFO - [31mstep:  6  [32mloss:  6.90985  [38;2;180;60;0mgrad_norm: 10.8125  [38;2;54;234;195mmemory:  3.52GiB(8.91%)  [34mtps: 50  [36mtflops: 0.16  [35mmfu: 0.05%[39m
[titan] 2026-09-10 08:17:53,663 - root - INFO - [31mstep:  6  [32mloss:  6.90985  [38;2;180;60;0mgrad_norm: 10.8125  [38;2;54;234;195mmemory:  3.52GiB(8.91%)  [34mtps: 50  [36mtflops: 0.17  [35mmfu: 0.05%[39m
[titan] 2026-09-10 08:17:53,664 - root - INFO - [31mstep:  6  [32mloss:  6.90985  [38;2;180;60;0mgrad_norm: 10.8125  [38;2;54;234;195mmemory:  3.52GiB(8.91%)  [34mtps: 50  [36mtflops: 0.16  [35mmfu: 0.05%[39m
[titan] 2026-09-10 08:17:54,955 - root - INFO - [31mstep:  7  [32mloss:  5.70801  [38;2;180;60;0mgrad_norm:  9.5000  [38;2;54;234;195mmemory:  3.52GiB(8.91%)  [34mtps: 50  [36mtflops: 0.16  [35mmfu: 0.05%[39m
[titan] 2026-09-10 08:17:54,956 - root - INFO - [31mstep:  7  [32mloss:  5.70801  [38;2;180;60;0mgrad_norm:  9.5000  [38;2;54;234;195mmemory:  3.52GiB(8.91%)  [34mtps: 50  [36mtflops: 0.16  [35mmfu: 0.05%[39m
[titan] 2026-09-10 08:17:54,958 - root - INFO - [31mstep:  7  [32mloss:  5.70801  [38;2;180;60;0mgrad_norm:  9.5000  [38;2;54;234;195mmemory:  3.52GiB(8.91%)  [34mtps: 49  [36mtflops: 0.16  [35mmfu: 0.05%[39m
[titan] 2026-09-10 08:17:54,958 - root - INFO - [31mstep:  7  [32mloss:  5.70801  [38;2;180;60;0mgrad_norm:  9.5000  [38;2;54;234;195mmemory:  3.52GiB(8.91%)  [34mtps: 49  [36mtflops: 0.16  [35mmfu: 0.05%[39m
[titan] 2026-09-10 08:17:56,220 - root - INFO - [31mstep:  8  [32mloss:  5.28525  [38;2;180;60;0mgrad_norm: 10.1875  [38;2;54;234;195mmemory:  3.52GiB(8.91%)  [34mtps: 51  [36mtflops: 0.17  [35mmfu: 0.05%[39m
[titan] 2026-09-10 08:17:56,221 - root - INFO - [31mstep:  8  [32mloss:  5.28525  [38;2;180;60;0mgrad_norm: 10.1875  [38;2;54;234;195mmemory:  3.52GiB(8.91%)  [34mtps: 51  [36mtflops: 0.17  [35mmfu: 0.05%[39m
[titan] 2026-09-10 08:17:56,221 - root - INFO - [31mstep:  8  [32mloss:  5.28525  [38;2;180;60;0mgrad_norm: 10.1875  [38;2;54;234;195mmemory:  3.52GiB(8.91%)  [34mtps: 51  [36mtflops: 0.17  [35mmfu: 0.05%[39m
[titan] 2026-09-10 08:17:56,223 - root - INFO - [31mstep:  8  [32mloss:  5.28525  [38;2;180;60;0mgrad_norm: 10.1875  [38;2;54;234;195mmemory:  3.52GiB(8.91%)  [34mtps: 51  [36mtflops: 0.17  [35mmfu: 0.05%[39m
[titan] 2026-09-10 08:17:57,479 - root - INFO - [31mstep:  9  [32mloss:  3.94127  [38;2;180;60;0mgrad_norm:  9.3125  [38;2;54;234;195mmemory:  3.52GiB(8.91%)  [34mtps: 51  [36mtflops: 0.17  [35mmfu: 0.05%[39m
[titan] 2026-09-10 08:17:57,480 - root - INFO - [31mstep:  9  [32mloss:  3.94127  [38;2;180;60;0mgrad_norm:  9.3125  [38;2;54;234;195mmemory:  3.52GiB(8.91%)  [34mtps: 51  [36mtflops: 0.17  [35mmfu: 0.05%[39m
[titan] 2026-09-10 08:17:57,480 - root - INFO - [31mstep:  9  [32mloss:  3.94127  [38;2;180;60;0mgrad_norm:  9.3125  [38;2;54;234;195mmemory:  3.52GiB(8.91%)  [34mtps: 51  [36mtflops: 0.17  [35mmfu: 0.05%[39m
[titan] 2026-09-10 08:17:57,482 - root - INFO - [31mstep:  9  [32mloss:  3.94127  [38;2;180;60;0mgrad_norm:  9.3125  [38;2;54;234;195mmemory:  3.52GiB(8.91%)  [34mtps: 51  [36mtflops: 0.17  [35mmfu: 0.05%[39m
[titan] 2026-09-10 08:17:58,748 - root - INFO - [31mstep: 10  [32mloss:  4.06041  [38;2;180;60;0mgrad_norm:  6.3438  [38;2;54;234;195mmemory:  3.52GiB(8.91%)  [34mtps: 50  [36mtflops: 0.17  [35mmfu: 0.05%[39m
[titan] 2026-09-10 08:17:58,748 - root - INFO - [31mstep: 10  [32mloss:  4.06041  [38;2;180;60;0mgrad_norm:  6.3438  [38;2;54;234;195mmemory:  3.52GiB(8.91%)  [34mtps: 50  [36mtflops: 0.17  [35mmfu: 0.05%[39m
[titan] 2026-09-10 08:17:58,749 - root - INFO - [31mstep: 10  [32mloss:  4.06041  [38;2;180;60;0mgrad_norm:  6.3438  [38;2;54;234;195mmemory:  3.52GiB(8.91%)  [34mtps: 50  [36mtflops: 0.17  [35mmfu: 0.05%[39m
[titan] 2026-09-10 08:17:58,750 - root - INFO - [31mstep: 10  [32mloss:  4.06041  [38;2;180;60;0mgrad_norm:  6.3438  [38;2;54;234;195mmemory:  3.52GiB(8.91%)  [34mtps: 50  [36mtflops: 0.17  [35mmfu: 0.05%[39m
[titan] 2026-09-10 08:17:59,996 - root - INFO - [31mstep: 11  [32mloss:  3.55781  [38;2;180;60;0mgrad_norm:  5.3125  [38;2;54;234;195mmemory:  3.52GiB(8.91%)  [34mtps: 51  [36mtflops: 0.17  [35mmfu: 0.05%[39m
[titan] 2026-09-10 08:17:59,997 - root - INFO - [31mstep: 11  [32mloss:  3.55781  [38;2;180;60;0mgrad_norm:  5.3125  [38;2;54;234;195mmemory:  3.52GiB(8.91%)  [34mtps: 51  [36mtflops: 0.17  [35mmfu: 0.05%[39m
[titan] 2026-09-10 08:17:59,998 - root - INFO - [31mstep: 11  [32mloss:  3.55781  [38;2;180;60;0mgrad_norm:  5.3125  [38;2;54;234;195mmemory:  3.52GiB(8.91%)  [34mtps: 51  [36mtflops: 0.17  [35mmfu: 0.05%[39m
[titan] 2026-09-10 08:17:59,998 - root - INFO - [31mstep: 11  [32mloss:  3.55781  [38;2;180;60;0mgrad_norm:  5.3125  [38;2;54;234;195mmemory:  3.52GiB(8.91%)  [34mtps: 51  [36mtflops: 0.17  [35mmfu: 0.05%[39m
[titan] 2026-09-10 08:18:01,261 - root - INFO - [31mstep: 12  [32mloss:  4.99940  [38;2;180;60;0mgrad_norm:  5.7188  [38;2;54;234;195mmemory:  3.52GiB(8.91%)  [34mtps: 51  [36mtflops: 0.17  [35mmfu: 0.05%[39m
[titan] 2026-09-10 08:18:01,262 - root - INFO - [31mstep: 12  [32mloss:  4.99940  [38;2;180;60;0mgrad_norm:  5.7188  [38;2;54;234;195mmemory:  3.52GiB(8.91%)  [34mtps: 51  [36mtflops: 0.17  [35mmfu: 0.05%[39m
[titan] 2026-09-10 08:18:01,262 - root - INFO - [31mstep: 12  [32mloss:  4.99940  [38;2;180;60;0mgrad_norm:  5.7188  [38;2;54;234;195mmemory:  3.52GiB(8.91%)  [34mtps: 51  [36mtflops: 0.17  [35mmfu: 0.05%[39m
[titan] 2026-09-10 08:18:01,262 - root - INFO - [31mstep: 12  [32mloss:  4.99940  [38;2;180;60;0mgrad_norm:  5.7188  [38;2;54;234;195mmemory:  3.52GiB(8.91%)  [34mtps: 51  [36mtflops: 0.17  [35mmfu: 0.05%[39m
[titan] 2026-09-10 08:18:02,528 - root - INFO - [31mstep: 13  [32mloss:  3.61741  [38;2;180;60;0mgrad_norm:  7.9062  [38;2;54;234;195mmemory:  3.52GiB(8.91%)  [34mtps: 51  [36mtflops: 0.17  [35mmfu: 0.05%[39m
[titan] 2026-09-10 08:18:02,529 - root - INFO - [31mstep: 13  [32mloss:  3.61741  [38;2;180;60;0mgrad_norm:  7.9062  [38;2;54;234;195mmemory:  3.52GiB(8.91%)  [34mtps: 51  [36mtflops: 0.17  [35mmfu: 0.05%[39m
[titan] 2026-09-10 08:18:02,529 - root - INFO - [31mstep: 13  [32mloss:  3.61741  [38;2;180;60;0mgrad_norm:  7.9062  [38;2;54;234;195mmemory:  3.52GiB(8.91%)  [34mtps: 50  [36mtflops: 0.17  [35mmfu: 0.05%[39m
[titan] 2026-09-10 08:18:02,532 - root - INFO - [31mstep: 13  [32mloss:  3.61741  [38;2;180;60;0mgrad_norm:  7.9062  [38;2;54;234;195mmemory:  3.52GiB(8.91%)  [34mtps: 50  [36mtflops: 0.17  [35mmfu: 0.05%[39m
[titan] 2026-09-10 08:18:03,785 - root - INFO - [31mstep: 14  [32mloss:  4.24565  [38;2;180;60;0mgrad_norm:  7.2188  [38;2;54;234;195mmemory:  3.52GiB(8.91%)  [34mtps: 51  [36mtflops: 0.17  [35mmfu: 0.05%[39m
[titan] 2026-09-10 08:18:03,785 - root - INFO - [31mstep: 14  [32mloss:  4.24565  [38;2;180;60;0mgrad_norm:  7.2188  [38;2;54;234;195mmemory:  3.52GiB(8.91%)  [34mtps: 51  [36mtflops: 0.17  [35mmfu: 0.05%[39m
[titan] 2026-09-10 08:18:03,785 - root - INFO - [31mstep: 14  [32mloss:  4.24565  [38;2;180;60;0mgrad_norm:  7.2188  [38;2;54;234;195mmemory:  3.52GiB(8.91%)  [34mtps: 51  [36mtflops: 0.17  [35mmfu: 0.05%[39m
[titan] 2026-09-10 08:18:03,785 - root - INFO - [31mstep: 14  [32mloss:  4.24565  [38;2;180;60;0mgrad_norm:  7.2188  [38;2;54;234;195mmemory:  3.52GiB(8.91%)  [34mtps: 51  [36mtflops: 0.17  [35mmfu: 0.05%[39m
[titan] 2026-09-10 08:18:05,034 - root - INFO - [31mstep: 15  [32mloss:  4.03082  [38;2;180;60;0mgrad_norm:  5.5625  [38;2;54;234;195mmemory:  3.52GiB(8.91%)  [34mtps: 51  [36mtflops: 0.17  [35mmfu: 0.05%[39m
[titan] 2026-09-10 08:18:05,035 - root - INFO - [31mstep: 15  [32mloss:  4.03082  [38;2;180;60;0mgrad_norm:  5.5625  [38;2;54;234;195mmemory:  3.52GiB(8.91%)  [34mtps: 51  [36mtflops: 0.17  [35mmfu: 0.05%[39m
[titan] 2026-09-10 08:18:05,035 - root - INFO - [31mstep: 15  [32mloss:  4.03082  [38;2;180;60;0mgrad_norm:  5.5625  [38;2;54;234;195mmemory:  3.52GiB(8.91%)  [34mtps: 51  [36mtflops: 0.17  [35mmfu: 0.05%[39m
[titan] 2026-09-10 08:18:05,038 - root - INFO - [31mstep: 15  [32mloss:  4.03082  [38;2;180;60;0mgrad_norm:  5.5625  [38;2;54;234;195mmemory:  3.52GiB(8.91%)  [34mtps: 51  [36mtflops: 0.17  [35mmfu: 0.05%[39m
[titan] 2026-09-10 08:18:06,366 - root - INFO - [31mstep: 16  [32mloss:  3.41923  [38;2;180;60;0mgrad_norm:  6.1562  [38;2;54;234;195mmemory:  3.52GiB(8.91%)  [34mtps: 48  [36mtflops: 0.16  [35mmfu: 0.05%[39m
[titan] 2026-09-10 08:18:06,369 - root - INFO - [31mstep: 16  [32mloss:  3.41923  [38;2;180;60;0mgrad_norm:  6.1562  [38;2;54;234;195mmemory:  3.52GiB(8.91%)  [34mtps: 48  [36mtflops: 0.16  [35mmfu: 0.05%[39m
[titan] 2026-09-10 08:18:06,369 - root - INFO - [31mstep: 16  [32mloss:  3.41923  [38;2;180;60;0mgrad_norm:  6.1562  [38;2;54;234;195mmemory:  3.52GiB(8.91%)  [34mtps: 48  [36mtflops: 0.16  [35mmfu: 0.05%[39m
[titan] 2026-09-10 08:18:06,370 - root - INFO - [31mstep: 16  [32mloss:  3.41923  [38;2;180;60;0mgrad_norm:  6.1562  [38;2;54;234;195mmemory:  3.52GiB(8.91%)  [34mtps: 48  [36mtflops: 0.16  [35mmfu: 0.05%[39m
[titan] 2026-09-10 08:18:07,655 - root - INFO - [31mstep: 17  [32mloss:  3.87029  [38;2;180;60;0mgrad_norm:  6.0000  [38;2;54;234;195mmemory:  3.52GiB(8.91%)  [34mtps: 50  [36mtflops: 0.17  [35mmfu: 0.05%[39m
[titan] 2026-09-10 08:18:07,655 - root - INFO - [31mstep: 17  [32mloss:  3.87029  [38;2;180;60;0mgrad_norm:  6.0000  [38;2;54;234;195mmemory:  3.52GiB(8.91%)  [34mtps: 50  [36mtflops: 0.17  [35mmfu: 0.05%[39m
[titan] 2026-09-10 08:18:07,656 - root - INFO - [31mstep: 17  [32mloss:  3.87029  [38;2;180;60;0mgrad_norm:  6.0000  [38;2;54;234;195mmemory:  3.52GiB(8.91%)  [34mtps: 50  [36mtflops: 0.17  [35mmfu: 0.05%[39m
[titan] 2026-09-10 08:18:07,656 - root - INFO - [31mstep: 17  [32mloss:  3.87029  [38;2;180;60;0mgrad_norm:  6.0000  [38;2;54;234;195mmemory:  3.52GiB(8.91%)  [34mtps: 50  [36mtflops: 0.16  [35mmfu: 0.05%[39m
[titan] 2026-09-10 08:18:08,910 - root - INFO - [31mstep: 18  [32mloss:  3.19909  [38;2;180;60;0mgrad_norm:  6.5312  [38;2;54;234;195mmemory:  3.52GiB(8.91%)  [34mtps: 51  [36mtflops: 0.17  [35mmfu: 0.05%[39m
[titan] 2026-09-10 08:18:08,911 - root - INFO - [31mstep: 18  [32mloss:  3.19909  [38;2;180;60;0mgrad_norm:  6.5312  [38;2;54;234;195mmemory:  3.52GiB(8.91%)  [34mtps: 51  [36mtflops: 0.17  [35mmfu: 0.05%[39m
[titan] 2026-09-10 08:18:08,915 - root - INFO - [31mstep: 18  [32mloss:  3.19909  [38;2;180;60;0mgrad_norm:  6.5312  [38;2;54;234;195mmemory:  3.52GiB(8.91%)  [34mtps: 51  [36mtflops: 0.17  [35mmfu: 0.05%[39m
[titan] 2026-09-10 08:18:08,917 - root - INFO - [31mstep: 18  [32mloss:  3.19909  [38;2;180;60;0mgrad_norm:  6.5312  [38;2;54;234;195mmemory:  3.52GiB(8.91%)  [34mtps: 51  [36mtflops: 0.17  [35mmfu: 0.05%[39m
[titan] 2026-09-10 08:18:10,157 - root - INFO - [31mstep: 19  [32mloss:  3.49063  [38;2;180;60;0mgrad_norm:  8.1875  [38;2;54;234;195mmemory:  3.52GiB(8.91%)  [34mtps: 51  [36mtflops: 0.17  [35mmfu: 0.05%[39m
[titan] 2026-09-10 08:18:10,157 - root - INFO - [31mstep: 19  [32mloss:  3.49063  [38;2;180;60;0mgrad_norm:  8.1875  [38;2;54;234;195mmemory:  3.52GiB(8.91%)  [34mtps: 51  [36mtflops: 0.17  [35mmfu: 0.05%[39m
[titan] 2026-09-10 08:18:10,159 - root - INFO - [31mstep: 19  [32mloss:  3.49063  [38;2;180;60;0mgrad_norm:  8.1875  [38;2;54;234;195mmemory:  3.52GiB(8.91%)  [34mtps: 51  [36mtflops: 0.17  [35mmfu: 0.05%[39m
[titan] 2026-09-10 08:18:10,160 - root - INFO - [31mstep: 19  [32mloss:  3.49063  [38;2;180;60;0mgrad_norm:  8.1875  [38;2;54;234;195mmemory:  3.52GiB(8.91%)  [34mtps: 52  [36mtflops: 0.17  [35mmfu: 0.05%[39m
[titan] 2026-09-10 08:18:11,390 - root - INFO - [31mstep: 20  [32mloss:  3.52648  [38;2;180;60;0mgrad_norm:  6.6250  [38;2;54;234;195mmemory:  3.52GiB(8.91%)  [34mtps: 52  [36mtflops: 0.17  [35mmfu: 0.06%[39m
[titan] 2026-09-10 08:18:11,391 - root - INFO - [31mstep: 20  [32mloss:  3.52648  [38;2;180;60;0mgrad_norm:  6.6250  [38;2;54;234;195mmemory:  3.52GiB(8.91%)  [34mtps: 52  [36mtflops: 0.17  [35mmfu: 0.06%[39m
[titan] 2026-09-10 08:18:11,394 - root - INFO - [31mstep: 20  [32mloss:  3.52648  [38;2;180;60;0mgrad_norm:  6.6250  [38;2;54;234;195mmemory:  3.52GiB(8.91%)  [34mtps: 52  [36mtflops: 0.17  [35mmfu: 0.06%[39m
[titan] 2026-09-10 08:18:11,401 - root - INFO - [31mstep: 20  [32mloss:  3.52648  [38;2;180;60;0mgrad_norm:  6.6250  [38;2;54;234;195mmemory:  3.52GiB(8.91%)  [34mtps: 52  [36mtflops: 0.17  [35mmfu: 0.05%[39m
[titan] 2026-09-10 08:18:12,657 - root - INFO - [31mstep: 21  [32mloss:  3.74530  [38;2;180;60;0mgrad_norm:  7.2500  [38;2;54;234;195mmemory:  3.52GiB(8.91%)  [34mtps: 51  [36mtflops: 0.17  [35mmfu: 0.05%[39m
[titan] 2026-09-10 08:18:12,657 - root - INFO - [31mstep: 21  [32mloss:  3.74530  [38;2;180;60;0mgrad_norm:  7.2500  [38;2;54;234;195mmemory:  3.52GiB(8.91%)  [34mtps: 51  [36mtflops: 0.17  [35mmfu: 0.05%[39m
[titan] 2026-09-10 08:18:12,658 - root - INFO - [31mstep: 21  [32mloss:  3.74530  [38;2;180;60;0mgrad_norm:  7.2500  [38;2;54;234;195mmemory:  3.52GiB(8.91%)  [34mtps: 51  [36mtflops: 0.17  [35mmfu: 0.05%[39m
[titan] 2026-09-10 08:18:12,659 - root - INFO - [31mstep: 21  [32mloss:  3.74530  [38;2;180;60;0mgrad_norm:  7.2500  [38;2;54;234;195mmemory:  3.52GiB(8.91%)  [34mtps: 50  [36mtflops: 0.17  [35mmfu: 0.05%[39m
[titan] 2026-09-10 08:18:13,921 - root - INFO - [31mstep: 22  [32mloss:  3.63361  [38;2;180;60;0mgrad_norm:  5.0938  [38;2;54;234;195mmemory:  3.52GiB(8.91%)  [34mtps: 51  [36mtflops: 0.17  [35mmfu: 0.05%[39m
[titan] 2026-09-10 08:18:13,921 - root - INFO - [31mstep: 22  [32mloss:  3.63361  [38;2;180;60;0mgrad_norm:  5.0938  [38;2;54;234;195mmemory:  3.52GiB(8.91%)  [34mtps: 51  [36mtflops: 0.17  [35mmfu: 0.05%[39m
[titan] 2026-09-10 08:18:13,922 - root - INFO - [31mstep: 22  [32mloss:  3.63361  [38;2;180;60;0mgrad_norm:  5.0938  [38;2;54;234;195mmemory:  3.52GiB(8.91%)  [34mtps: 51  [36mtflops: 0.17  [35mmfu: 0.05%[39m
[titan] 2026-09-10 08:18:13,924 - root - INFO - [31mstep: 22  [32mloss:  3.63361  [38;2;180;60;0mgrad_norm:  5.0938  [38;2;54;234;195mmemory:  3.52GiB(8.91%)  [34mtps: 51  [36mtflops: 0.17  [35mmfu: 0.05%[39m
[titan] 2026-09-10 08:18:15,172 - root - INFO - [31mstep: 23  [32mloss:  3.04598  [38;2;180;60;0mgrad_norm:  7.0312  [38;2;54;234;195mmemory:  3.52GiB(8.91%)  [34mtps: 51  [36mtflops: 0.17  [35mmfu: 0.05%[39m
[titan] 2026-09-10 08:18:15,172 - root - INFO - [31mstep: 23  [32mloss:  3.04598  [38;2;180;60;0mgrad_norm:  7.0312  [38;2;54;234;195mmemory:  3.52GiB(8.91%)  [34mtps: 51  [36mtflops: 0.17  [35mmfu: 0.05%[39m
[titan] 2026-09-10 08:18:15,172 - root - INFO - [31mstep: 23  [32mloss:  3.04598  [38;2;180;60;0mgrad_norm:  7.0312  [38;2;54;234;195mmemory:  3.52GiB(8.91%)  [34mtps: 51  [36mtflops: 0.17  [35mmfu: 0.05%[39m
[titan] 2026-09-10 08:18:15,173 - root - INFO - [31mstep: 23  [32mloss:  3.04598  [38;2;180;60;0mgrad_norm:  7.0312  [38;2;54;234;195mmemory:  3.52GiB(8.91%)  [34mtps: 51  [36mtflops: 0.17  [35mmfu: 0.05%[39m
[titan] 2026-09-10 08:18:16,422 - root - INFO - [31mstep: 24  [32mloss:  2.62032  [38;2;180;60;0mgrad_norm:  6.1250  [38;2;54;234;195mmemory:  3.52GiB(8.91%)  [34mtps: 51  [36mtflops: 0.17  [35mmfu: 0.05%[39m
[titan] 2026-09-10 08:18:16,422 - root - INFO - [31mstep: 24  [32mloss:  2.62032  [38;2;180;60;0mgrad_norm:  6.1250  [38;2;54;234;195mmemory:  3.52GiB(8.91%)  [34mtps: 51  [36mtflops: 0.17  [35mmfu: 0.05%[39m
[titan] 2026-09-10 08:18:16,422 - root - INFO - [31mstep: 24  [32mloss:  2.62032  [38;2;180;60;0mgrad_norm:  6.1250  [38;2;54;234;195mmemory:  3.52GiB(8.91%)  [34mtps: 51  [36mtflops: 0.17  [35mmfu: 0.05%[39m
[titan] 2026-09-10 08:18:16,426 - root - INFO - [31mstep: 24  [32mloss:  2.62032  [38;2;180;60;0mgrad_norm:  6.1250  [38;2;54;234;195mmemory:  3.52GiB(8.91%)  [34mtps: 51  [36mtflops: 0.17  [35mmfu: 0.05%[39m
[titan] 2026-09-10 08:18:17,675 - root - INFO - [31mstep: 25  [32mloss:  3.19132  [38;2;180;60;0mgrad_norm:  4.6250  [38;2;54;234;195mmemory:  3.52GiB(8.91%)  [34mtps: 51  [36mtflops: 0.17  [35mmfu: 0.05%[39m
[titan] 2026-09-10 08:18:17,675 - root - INFO - [31mstep: 25  [32mloss:  3.19132  [38;2;180;60;0mgrad_norm:  4.6250  [38;2;54;234;195mmemory:  3.52GiB(8.91%)  [34mtps: 51  [36mtflops: 0.17  [35mmfu: 0.05%[39m
[titan] 2026-09-10 08:18:17,677 - root - INFO - [31mstep: 25  [32mloss:  3.19132  [38;2;180;60;0mgrad_norm:  4.6250  [38;2;54;234;195mmemory:  3.52GiB(8.91%)  [34mtps: 51  [36mtflops: 0.17  [35mmfu: 0.05%[39m
[titan] 2026-09-10 08:18:17,680 - root - INFO - [31mstep: 25  [32mloss:  3.19132  [38;2;180;60;0mgrad_norm:  4.6250  [38;2;54;234;195mmemory:  3.52GiB(8.91%)  [34mtps: 51  [36mtflops: 0.17  [35mmfu: 0.05%[39m
[titan] 2026-09-10 08:18:18,929 - root - INFO - [31mstep: 26  [32mloss:  3.92648  [38;2;180;60;0mgrad_norm:  3.7031  [38;2;54;234;195mmemory:  3.52GiB(8.91%)  [34mtps: 51  [36mtflops: 0.17  [35mmfu: 0.05%[39m
[titan] 2026-09-10 08:18:18,929 - root - INFO - [31mstep: 26  [32mloss:  3.92648  [38;2;180;60;0mgrad_norm:  3.7031  [38;2;54;234;195mmemory:  3.52GiB(8.91%)  [34mtps: 51  [36mtflops: 0.17  [35mmfu: 0.05%[39m
[titan] 2026-09-10 08:18:18,929 - root - INFO - [31mstep: 26  [32mloss:  3.92648  [38;2;180;60;0mgrad_norm:  3.7031  [38;2;54;234;195mmemory:  3.52GiB(8.91%)  [34mtps: 51  [36mtflops: 0.17  [35mmfu: 0.05%[39m
[titan] 2026-09-10 08:18:18,931 - root - INFO - [31mstep: 26  [32mloss:  3.92648  [38;2;180;60;0mgrad_norm:  3.7031  [38;2;54;234;195mmemory:  3.52GiB(8.91%)  [34mtps: 51  [36mtflops: 0.17  [35mmfu: 0.05%[39m
[titan] 2026-09-10 08:18:20,186 - root - INFO - [31mstep: 27  [32mloss:  3.42480  [38;2;180;60;0mgrad_norm:  4.9375  [38;2;54;234;195mmemory:  3.52GiB(8.91%)  [34mtps: 51  [36mtflops: 0.17  [35mmfu: 0.05%[39m
[titan] 2026-09-10 08:18:20,186 - root - INFO - [31mstep: 27  [32mloss:  3.42480  [38;2;180;60;0mgrad_norm:  4.9375  [38;2;54;234;195mmemory:  3.52GiB(8.91%)  [34mtps: 51  [36mtflops: 0.17  [35mmfu: 0.05%[39m
[titan] 2026-09-10 08:18:20,186 - root - INFO - [31mstep: 27  [32mloss:  3.42480  [38;2;180;60;0mgrad_norm:  4.9375  [38;2;54;234;195mmemory:  3.52GiB(8.91%)  [34mtps: 51  [36mtflops: 0.17  [35mmfu: 0.05%[39m
[titan] 2026-09-10 08:18:20,186 - root - INFO - [31mstep: 27  [32mloss:  3.42480  [38;2;180;60;0mgrad_norm:  4.9375  [38;2;54;234;195mmemory:  3.52GiB(8.91%)  [34mtps: 51  [36mtflops: 0.17  [35mmfu: 0.05%[39m
[titan] 2026-09-10 08:18:21,427 - root - INFO - [31mstep: 28  [32mloss:  2.95879  [38;2;180;60;0mgrad_norm:  4.3750  [38;2;54;234;195mmemory:  3.52GiB(8.91%)  [34mtps: 52  [36mtflops: 0.17  [35mmfu: 0.05%[39m
[titan] 2026-09-10 08:18:21,427 - root - INFO - [31mstep: 28  [32mloss:  2.95879  [38;2;180;60;0mgrad_norm:  4.3750  [38;2;54;234;195mmemory:  3.52GiB(8.91%)  [34mtps: 52  [36mtflops: 0.17  [35mmfu: 0.05%[39m
[titan] 2026-09-10 08:18:21,429 - root - INFO - [31mstep: 28  [32mloss:  2.95879  [38;2;180;60;0mgrad_norm:  4.3750  [38;2;54;234;195mmemory:  3.52GiB(8.91%)  [34mtps: 52  [36mtflops: 0.17  [35mmfu: 0.05%[39m
[titan] 2026-09-10 08:18:21,429 - root - INFO - [31mstep: 28  [32mloss:  2.95879  [38;2;180;60;0mgrad_norm:  4.3750  [38;2;54;234;195mmemory:  3.52GiB(8.91%)  [34mtps: 51  [36mtflops: 0.17  [35mmfu: 0.05%[39m
[titan] 2026-09-10 08:18:22,681 - root - INFO - [31mstep: 29  [32mloss:  3.24779  [38;2;180;60;0mgrad_norm:  7.0312  [38;2;54;234;195mmemory:  3.52GiB(8.91%)  [34mtps: 51  [36mtflops: 0.17  [35mmfu: 0.05%[39m
[titan] 2026-09-10 08:18:22,682 - root - INFO - [31mstep: 29  [32mloss:  3.24779  [38;2;180;60;0mgrad_norm:  7.0312  [38;2;54;234;195mmemory:  3.52GiB(8.91%)  [34mtps: 51  [36mtflops: 0.17  [35mmfu: 0.05%[39m
[titan] 2026-09-10 08:18:22,683 - root - INFO - [31mstep: 29  [32mloss:  3.24779  [38;2;180;60;0mgrad_norm:  7.0312  [38;2;54;234;195mmemory:  3.52GiB(8.91%)  [34mtps: 51  [36mtflops: 0.17  [35mmfu: 0.05%[39m
[titan] 2026-09-10 08:18:22,683 - root - INFO - [31mstep: 29  [32mloss:  3.24779  [38;2;180;60;0mgrad_norm:  7.0312  [38;2;54;234;195mmemory:  3.52GiB(8.91%)  [34mtps: 51  [36mtflops: 0.17  [35mmfu: 0.05%[39m
[titan] 2026-09-10 08:18:23,940 - root - INFO - [31mstep: 30  [32mloss:  3.21485  [38;2;180;60;0mgrad_norm:  4.5625  [38;2;54;234;195mmemory:  3.52GiB(8.91%)  [34mtps: 51  [36mtflops: 0.17  [35mmfu: 0.05%[39m
[titan] 2026-09-10 08:18:23,941 - root - INFO - [31mstep: 30  [32mloss:  3.21485  [38;2;180;60;0mgrad_norm:  4.5625  [38;2;54;234;195mmemory:  3.52GiB(8.91%)  [34mtps: 51  [36mtflops: 0.17  [35mmfu: 0.05%[39m
[titan] 2026-09-10 08:18:23,941 - root - INFO - [31mstep: 30  [32mloss:  3.21485  [38;2;180;60;0mgrad_norm:  4.5625  [38;2;54;234;195mmemory:  3.52GiB(8.91%)  [34mtps: 51  [36mtflops: 0.17  [35mmfu: 0.05%[39m
[titan] 2026-09-10 08:18:23,943 - root - INFO - [31mstep: 30  [32mloss:  3.21485  [38;2;180;60;0mgrad_norm:  4.5625  [38;2;54;234;195mmemory:  3.52GiB(8.91%)  [34mtps: 51  [36mtflops: 0.17  [35mmfu: 0.05%[39m
[titan] 2026-09-10 08:18:25,202 - root - INFO - [31mstep: 31  [32mloss:  3.28900  [38;2;180;60;0mgrad_norm:  4.7812  [38;2;54;234;195mmemory:  3.52GiB(8.91%)  [34mtps: 51  [36mtflops: 0.17  [35mmfu: 0.05%[39m
[titan] 2026-09-10 08:18:25,203 - root - INFO - [31mstep: 31  [32mloss:  3.28900  [38;2;180;60;0mgrad_norm:  4.7812  [38;2;54;234;195mmemory:  3.52GiB(8.91%)  [34mtps: 51  [36mtflops: 0.17  [35mmfu: 0.05%[39m
[titan] 2026-09-10 08:18:25,203 - root - INFO - [31mstep: 31  [32mloss:  3.28900  [38;2;180;60;0mgrad_norm:  4.7812  [38;2;54;234;195mmemory:  3.52GiB(8.91%)  [34mtps: 51  [36mtflops: 0.17  [35mmfu: 0.05%[39m
[titan] 2026-09-10 08:18:25,203 - root - INFO - [31mstep: 31  [32mloss:  3.28900  [38;2;180;60;0mgrad_norm:  4.7812  [38;2;54;234;195mmemory:  3.52GiB(8.91%)  [34mtps: 51  [36mtflops: 0.17  [35mmfu: 0.05%[39m
[titan] 2026-09-10 08:18:26,465 - root - INFO - [31mstep: 32  [32mloss:  2.77768  [38;2;180;60;0mgrad_norm:  4.7812  [38;2;54;234;195mmemory:  3.52GiB(8.91%)  [34mtps: 51  [36mtflops: 0.17  [35mmfu: 0.05%[39m
[titan] 2026-09-10 08:18:26,465 - root - INFO - [31mstep: 32  [32mloss:  2.77768  [38;2;180;60;0mgrad_norm:  4.7812  [38;2;54;234;195mmemory:  3.52GiB(8.91%)  [34mtps: 51  [36mtflops: 0.17  [35mmfu: 0.05%[39m
[titan] 2026-09-10 08:18:26,466 - root - INFO - [31mstep: 32  [32mloss:  2.77768  [38;2;180;60;0mgrad_norm:  4.7812  [38;2;54;234;195mmemory:  3.52GiB(8.91%)  [34mtps: 51  [36mtflops: 0.17  [35mmfu: 0.05%[39m
[titan] 2026-09-10 08:18:26,470 - root - INFO - [31mstep: 32  [32mloss:  2.77768  [38;2;180;60;0mgrad_norm:  4.7812  [38;2;54;234;195mmemory:  3.52GiB(8.91%)  [34mtps: 51  [36mtflops: 0.17  [35mmfu: 0.05%[39m
[titan] 2026-09-10 08:18:27,757 - root - INFO - [31mstep: 33  [32mloss:  3.24065  [38;2;180;60;0mgrad_norm:  5.5938  [38;2;54;234;195mmemory:  3.52GiB(8.91%)  [34mtps: 50  [36mtflops: 0.16  [35mmfu: 0.05%[39m
[titan] 2026-09-10 08:18:27,757 - root - INFO - [31mstep: 33  [32mloss:  3.24065  [38;2;180;60;0mgrad_norm:  5.5938  [38;2;54;234;195mmemory:  3.52GiB(8.91%)  [34mtps: 50  [36mtflops: 0.17  [35mmfu: 0.05%[39m
[titan] 2026-09-10 08:18:27,757 - root - INFO - [31mstep: 33  [32mloss:  3.24065  [38;2;180;60;0mgrad_norm:  5.5938  [38;2;54;234;195mmemory:  3.52GiB(8.91%)  [34mtps: 50  [36mtflops: 0.16  [35mmfu: 0.05%[39m
[titan] 2026-09-10 08:18:27,758 - root - INFO - [31mstep: 33  [32mloss:  3.24065  [38;2;180;60;0mgrad_norm:  5.5938  [38;2;54;234;195mmemory:  3.52GiB(8.91%)  [34mtps: 50  [36mtflops: 0.16  [35mmfu: 0.05%[39m
[titan] 2026-09-10 08:18:29,029 - root - INFO - [31mstep: 34  [32mloss:  3.05762  [38;2;180;60;0mgrad_norm:  6.3750  [38;2;54;234;195mmemory:  3.52GiB(8.91%)  [34mtps: 50  [36mtflops: 0.17  [35mmfu: 0.05%[39m
[titan] 2026-09-10 08:18:29,029 - root - INFO - [31mstep: 34  [32mloss:  3.05762  [38;2;180;60;0mgrad_norm:  6.3750  [38;2;54;234;195mmemory:  3.52GiB(8.91%)  [34mtps: 50  [36mtflops: 0.17  [35mmfu: 0.05%[39m
[titan] 2026-09-10 08:18:29,029 - root - INFO - [31mstep: 34  [32mloss:  3.05762  [38;2;180;60;0mgrad_norm:  6.3750  [38;2;54;234;195mmemory:  3.52GiB(8.91%)  [34mtps: 50  [36mtflops: 0.17  [35mmfu: 0.05%[39m
[titan] 2026-09-10 08:18:29,029 - root - INFO - [31mstep: 34  [32mloss:  3.05762  [38;2;180;60;0mgrad_norm:  6.3750  [38;2;54;234;195mmemory:  3.52GiB(8.91%)  [34mtps: 50  [36mtflops: 0.17  [35mmfu: 0.05%[39m
[titan] 2026-09-10 08:18:30,314 - root - INFO - [31mstep: 35  [32mloss:  2.94870  [38;2;180;60;0mgrad_norm:  4.2500  [38;2;54;234;195mmemory:  3.52GiB(8.91%)  [34mtps: 50  [36mtflops: 0.17  [35mmfu: 0.05%[39m
[titan] 2026-09-10 08:18:30,314 - root - INFO - [31mstep: 35  [32mloss:  2.94870  [38;2;180;60;0mgrad_norm:  4.2500  [38;2;54;234;195mmemory:  3.52GiB(8.91%)  [34mtps: 50  [36mtflops: 0.17  [35mmfu: 0.05%[39m
[titan] 2026-09-10 08:18:30,315 - root - INFO - [31mstep: 35  [32mloss:  2.94870  [38;2;180;60;0mgrad_norm:  4.2500  [38;2;54;234;195mmemory:  3.52GiB(8.91%)  [34mtps: 50  [36mtflops: 0.17  [35mmfu: 0.05%[39m
[titan] 2026-09-10 08:18:30,317 - root - INFO - [31mstep: 35  [32mloss:  2.94870  [38;2;180;60;0mgrad_norm:  4.2500  [38;2;54;234;195mmemory:  3.52GiB(8.91%)  [34mtps: 50  [36mtflops: 0.17  [35mmfu: 0.05%[39m
[titan] 2026-09-10 08:18:31,593 - root - INFO - [31mstep: 36  [32mloss:  4.21023  [38;2;180;60;0mgrad_norm:  7.1875  [38;2;54;234;195mmemory:  3.52GiB(8.91%)  [34mtps: 50  [36mtflops: 0.17  [35mmfu: 0.05%[39m
[titan] 2026-09-10 08:18:31,593 - root - INFO - [31mstep: 36  [32mloss:  4.21023  [38;2;180;60;0mgrad_norm:  7.1875  [38;2;54;234;195mmemory:  3.52GiB(8.91%)  [34mtps: 50  [36mtflops: 0.17  [35mmfu: 0.05%[39m
[titan] 2026-09-10 08:18:31,594 - root - INFO - [31mstep: 36  [32mloss:  4.21023  [38;2;180;60;0mgrad_norm:  7.1875  [38;2;54;234;195mmemory:  3.52GiB(8.91%)  [34mtps: 50  [36mtflops: 0.17  [35mmfu: 0.05%[39m
[titan] 2026-09-10 08:18:31,597 - root - INFO - [31mstep: 36  [32mloss:  4.21023  [38;2;180;60;0mgrad_norm:  7.1875  [38;2;54;234;195mmemory:  3.52GiB(8.91%)  [34mtps: 50  [36mtflops: 0.17  [35mmfu: 0.05%[39m
[titan] 2026-09-10 08:18:33,036 - root - INFO - [31mstep: 37  [32mloss:  2.79771  [38;2;180;60;0mgrad_norm:  5.2500  [38;2;54;234;195mmemory:  3.52GiB(8.91%)  [34mtps: 44  [36mtflops: 0.15  [35mmfu: 0.05%[39m
[titan] 2026-09-10 08:18:33,037 - root - INFO - [31mstep: 37  [32mloss:  2.79771  [38;2;180;60;0mgrad_norm:  5.2500  [38;2;54;234;195mmemory:  3.52GiB(8.91%)  [34mtps: 44  [36mtflops: 0.15  [35mmfu: 0.05%[39m
[titan] 2026-09-10 08:18:33,037 - root - INFO - [31mstep: 37  [32mloss:  2.79771  [38;2;180;60;0mgrad_norm:  5.2500  [38;2;54;234;195mmemory:  3.52GiB(8.91%)  [34mtps: 44  [36mtflops: 0.15  [35mmfu: 0.05%[39m
[titan] 2026-09-10 08:18:33,063 - root - INFO - [31mstep: 37  [32mloss:  2.79771  [38;2;180;60;0mgrad_norm:  5.2500  [38;2;54;234;195mmemory:  3.52GiB(8.91%)  [34mtps: 44  [36mtflops: 0.14  [35mmfu: 0.05%[39m
[titan] 2026-09-10 08:18:34,427 - root - INFO - [31mstep: 38  [32mloss:  3.08472  [38;2;180;60;0mgrad_norm:  5.6562  [38;2;54;234;195mmemory:  3.52GiB(8.91%)  [34mtps: 46  [36mtflops: 0.15  [35mmfu: 0.05%[39m
[titan] 2026-09-10 08:18:34,427 - root - INFO - [31mstep: 38  [32mloss:  3.08472  [38;2;180;60;0mgrad_norm:  5.6562  [38;2;54;234;195mmemory:  3.52GiB(8.91%)  [34mtps: 46  [36mtflops: 0.15  [35mmfu: 0.05%[39m
[titan] 2026-09-10 08:18:34,428 - root - INFO - [31mstep: 38  [32mloss:  3.08472  [38;2;180;60;0mgrad_norm:  5.6562  [38;2;54;234;195mmemory:  3.52GiB(8.91%)  [34mtps: 46  [36mtflops: 0.15  [35mmfu: 0.05%[39m
[titan] 2026-09-10 08:18:34,447 - root - INFO - [31mstep: 38  [32mloss:  3.08472  [38;2;180;60;0mgrad_norm:  5.6562  [38;2;54;234;195mmemory:  3.52GiB(8.91%)  [34mtps: 46  [36mtflops: 0.15  [35mmfu: 0.05%[39m
[titan] 2026-09-10 08:18:35,755 - root - INFO - [31mstep: 39  [32mloss:  2.82690  [38;2;180;60;0mgrad_norm:  5.8438  [38;2;54;234;195mmemory:  3.52GiB(8.91%)  [34mtps: 48  [36mtflops: 0.16  [35mmfu: 0.05%[39m
[titan] 2026-09-10 08:18:35,757 - root - INFO - [31mstep: 39  [32mloss:  2.82690  [38;2;180;60;0mgrad_norm:  5.8438  [38;2;54;234;195mmemory:  3.52GiB(8.91%)  [34mtps: 48  [36mtflops: 0.16  [35mmfu: 0.05%[39m
[titan] 2026-09-10 08:18:35,760 - root - INFO - [31mstep: 39  [32mloss:  2.82690  [38;2;180;60;0mgrad_norm:  5.8438  [38;2;54;234;195mmemory:  3.52GiB(8.91%)  [34mtps: 48  [36mtflops: 0.16  [35mmfu: 0.05%[39m
[titan] 2026-09-10 08:18:35,764 - root - INFO - [31mstep: 39  [32mloss:  2.82690  [38;2;180;60;0mgrad_norm:  5.8438  [38;2;54;234;195mmemory:  3.52GiB(8.91%)  [34mtps: 49  [36mtflops: 0.16  [35mmfu: 0.05%[39m
[titan] 2026-09-10 08:18:37,100 - root - INFO - [31mstep: 40  [32mloss:  2.38100  [38;2;180;60;0mgrad_norm:  4.9062  [38;2;54;234;195mmemory:  3.52GiB(8.91%)  [34mtps: 48  [36mtflops: 0.16  [35mmfu: 0.05%[39m
[titan] 2026-09-10 08:18:37,101 - root - INFO - [31mstep: 40  [32mloss:  2.38100  [38;2;180;60;0mgrad_norm:  4.9062  [38;2;54;234;195mmemory:  3.52GiB(8.91%)  [34mtps: 48  [36mtflops: 0.16  [35mmfu: 0.05%[39m
[titan] 2026-09-10 08:18:37,106 - root - INFO - [31mstep: 40  [32mloss:  2.38100  [38;2;180;60;0mgrad_norm:  4.9062  [38;2;54;234;195mmemory:  3.52GiB(8.91%)  [34mtps: 48  [36mtflops: 0.16  [35mmfu: 0.05%[39m
[titan] 2026-09-10 08:18:37,109 - root - INFO - [31mstep: 40  [32mloss:  2.38100  [38;2;180;60;0mgrad_norm:  4.9062  [38;2;54;234;195mmemory:  3.52GiB(8.91%)  [34mtps: 48  [36mtflops: 0.16  [35mmfu: 0.05%[39m
[titan] 2026-09-10 08:18:38,410 - root - INFO - [31mstep: 41  [32mloss:  3.13332  [38;2;180;60;0mgrad_norm:  5.7812  [38;2;54;234;195mmemory:  3.52GiB(8.91%)  [34mtps: 49  [36mtflops: 0.16  [35mmfu: 0.05%[39m
[titan] 2026-09-10 08:18:38,412 - root - INFO - [31mstep: 41  [32mloss:  3.13332  [38;2;180;60;0mgrad_norm:  5.7812  [38;2;54;234;195mmemory:  3.52GiB(8.91%)  [34mtps: 49  [36mtflops: 0.16  [35mmfu: 0.05%[39m
[titan] 2026-09-10 08:18:38,418 - root - INFO - [31mstep: 41  [32mloss:  3.13332  [38;2;180;60;0mgrad_norm:  5.7812  [38;2;54;234;195mmemory:  3.52GiB(8.91%)  [34mtps: 49  [36mtflops: 0.16  [35mmfu: 0.05%[39m
[titan] 2026-09-10 08:18:38,419 - root - INFO - [31mstep: 41  [32mloss:  3.13332  [38;2;180;60;0mgrad_norm:  5.7812  [38;2;54;234;195mmemory:  3.52GiB(8.91%)  [34mtps: 49  [36mtflops: 0.16  [35mmfu: 0.05%[39m
[titan] 2026-09-10 08:18:39,735 - root - INFO - [31mstep: 42  [32mloss:  2.64967  [38;2;180;60;0mgrad_norm:  6.1250  [38;2;54;234;195mmemory:  3.52GiB(8.91%)  [34mtps: 49  [36mtflops: 0.16  [35mmfu: 0.05%[39m
[titan] 2026-09-10 08:18:39,735 - root - INFO - [31mstep: 42  [32mloss:  2.64967  [38;2;180;60;0mgrad_norm:  6.1250  [38;2;54;234;195mmemory:  3.52GiB(8.91%)  [34mtps: 48  [36mtflops: 0.16  [35mmfu: 0.05%[39m
[titan] 2026-09-10 08:18:39,735 - root - INFO - [31mstep: 42  [32mloss:  2.64967  [38;2;180;60;0mgrad_norm:  6.1250  [38;2;54;234;195mmemory:  3.52GiB(8.91%)  [34mtps: 48  [36mtflops: 0.16  [35mmfu: 0.05%[39m
[titan] 2026-09-10 08:18:39,743 - root - INFO - [31mstep: 42  [32mloss:  2.64967  [38;2;180;60;0mgrad_norm:  6.1250  [38;2;54;234;195mmemory:  3.52GiB(8.91%)  [34mtps: 48  [36mtflops: 0.16  [35mmfu: 0.05%[39m
[titan] 2026-09-10 08:18:41,032 - root - INFO - [31mstep: 43  [32mloss:  3.03676  [38;2;180;60;0mgrad_norm:  6.0312  [38;2;54;234;195mmemory:  3.52GiB(8.91%)  [34mtps: 49  [36mtflops: 0.16  [35mmfu: 0.05%[39m
[titan] 2026-09-10 08:18:41,032 - root - INFO - [31mstep: 43  [32mloss:  3.03676  [38;2;180;60;0mgrad_norm:  6.0312  [38;2;54;234;195mmemory:  3.52GiB(8.91%)  [34mtps: 49  [36mtflops: 0.16  [35mmfu: 0.05%[39m
[titan] 2026-09-10 08:18:41,032 - root - INFO - [31mstep: 43  [32mloss:  3.03676  [38;2;180;60;0mgrad_norm:  6.0312  [38;2;54;234;195mmemory:  3.52GiB(8.91%)  [34mtps: 49  [36mtflops: 0.16  [35mmfu: 0.05%[39m
[titan] 2026-09-10 08:18:41,038 - root - INFO - [31mstep: 43  [32mloss:  3.03676  [38;2;180;60;0mgrad_norm:  6.0312  [38;2;54;234;195mmemory:  3.52GiB(8.91%)  [34mtps: 49  [36mtflops: 0.16  [35mmfu: 0.05%[39m
[titan] 2026-09-10 08:18:42,355 - root - INFO - [31mstep: 44  [32mloss:  2.70796  [38;2;180;60;0mgrad_norm:  4.7188  [38;2;54;234;195mmemory:  3.52GiB(8.91%)  [34mtps: 48  [36mtflops: 0.16  [35mmfu: 0.05%[39m
[titan] 2026-09-10 08:18:42,355 - root - INFO - [31mstep: 44  [32mloss:  2.70796  [38;2;180;60;0mgrad_norm:  4.7188  [38;2;54;234;195mmemory:  3.52GiB(8.91%)  [34mtps: 48  [36mtflops: 0.16  [35mmfu: 0.05%[39m
[titan] 2026-09-10 08:18:42,359 - root - INFO - [31mstep: 44  [32mloss:  2.70796  [38;2;180;60;0mgrad_norm:  4.7188  [38;2;54;234;195mmemory:  3.52GiB(8.91%)  [34mtps: 48  [36mtflops: 0.16  [35mmfu: 0.05%[39m
[titan] 2026-09-10 08:18:42,368 - root - INFO - [31mstep: 44  [32mloss:  2.70796  [38;2;180;60;0mgrad_norm:  4.7188  [38;2;54;234;195mmemory:  3.52GiB(8.91%)  [34mtps: 48  [36mtflops: 0.16  [35mmfu: 0.05%[39m
[titan] 2026-09-10 08:18:43,664 - root - INFO - [31mstep: 45  [32mloss:  3.03919  [38;2;180;60;0mgrad_norm:  4.0625  [38;2;54;234;195mmemory:  3.52GiB(8.91%)  [34mtps: 49  [36mtflops: 0.16  [35mmfu: 0.05%[39m
[titan] 2026-09-10 08:18:43,665 - root - INFO - [31mstep: 45  [32mloss:  3.03919  [38;2;180;60;0mgrad_norm:  4.0625  [38;2;54;234;195mmemory:  3.52GiB(8.91%)  [34mtps: 49  [36mtflops: 0.16  [35mmfu: 0.05%[39m
[titan] 2026-09-10 08:18:43,666 - root - INFO - [31mstep: 45  [32mloss:  3.03919  [38;2;180;60;0mgrad_norm:  4.0625  [38;2;54;234;195mmemory:  3.52GiB(8.91%)  [34mtps: 49  [36mtflops: 0.16  [35mmfu: 0.05%[39m
[titan] 2026-09-10 08:18:43,670 - root - INFO - [31mstep: 45  [32mloss:  3.03919  [38;2;180;60;0mgrad_norm:  4.0625  [38;2;54;234;195mmemory:  3.52GiB(8.91%)  [34mtps: 49  [36mtflops: 0.16  [35mmfu: 0.05%[39m
[titan] 2026-09-10 08:18:44,960 - root - INFO - [31mstep: 46  [32mloss:  2.14635  [38;2;180;60;0mgrad_norm:  4.1562  [38;2;54;234;195mmemory:  3.52GiB(8.91%)  [34mtps: 49  [36mtflops: 0.16  [35mmfu: 0.05%[39m
[titan] 2026-09-10 08:18:44,962 - root - INFO - [31mstep: 46  [32mloss:  2.14635  [38;2;180;60;0mgrad_norm:  4.1562  [38;2;54;234;195mmemory:  3.52GiB(8.91%)  [34mtps: 49  [36mtflops: 0.16  [35mmfu: 0.05%[39m
[titan] 2026-09-10 08:18:44,965 - root - INFO - [31mstep: 46  [32mloss:  2.14635  [38;2;180;60;0mgrad_norm:  4.1562  [38;2;54;234;195mmemory:  3.52GiB(8.91%)  [34mtps: 49  [36mtflops: 0.16  [35mmfu: 0.05%[39m
[titan] 2026-09-10 08:18:44,967 - root - INFO - [31mstep: 46  [32mloss:  2.14635  [38;2;180;60;0mgrad_norm:  4.1562  [38;2;54;234;195mmemory:  3.52GiB(8.91%)  [34mtps: 49  [36mtflops: 0.16  [35mmfu: 0.05%[39m
[titan] 2026-09-10 08:18:46,281 - root - INFO - [31mstep: 47  [32mloss:  2.72694  [38;2;180;60;0mgrad_norm:  4.5312  [38;2;54;234;195mmemory:  3.52GiB(8.91%)  [34mtps: 49  [36mtflops: 0.16  [35mmfu: 0.05%[39m
[titan] 2026-09-10 08:18:46,282 - root - INFO - [31mstep: 47  [32mloss:  2.72694  [38;2;180;60;0mgrad_norm:  4.5312  [38;2;54;234;195mmemory:  3.52GiB(8.91%)  [34mtps: 49  [36mtflops: 0.16  [35mmfu: 0.05%[39m
[titan] 2026-09-10 08:18:46,283 - root - INFO - [31mstep: 47  [32mloss:  2.72694  [38;2;180;60;0mgrad_norm:  4.5312  [38;2;54;234;195mmemory:  3.52GiB(8.91%)  [34mtps: 48  [36mtflops: 0.16  [35mmfu: 0.05%[39m
[titan] 2026-09-10 08:18:46,292 - root - INFO - [31mstep: 47  [32mloss:  2.72694  [38;2;180;60;0mgrad_norm:  4.5312  [38;2;54;234;195mmemory:  3.52GiB(8.91%)  [34mtps: 48  [36mtflops: 0.16  [35mmfu: 0.05%[39m
[titan] 2026-09-10 08:18:47,578 - root - INFO - [31mstep: 48  [32mloss:  2.17036  [38;2;180;60;0mgrad_norm:  5.4375  [38;2;54;234;195mmemory:  3.52GiB(8.91%)  [34mtps: 49  [36mtflops: 0.16  [35mmfu: 0.05%[39m
[titan] 2026-09-10 08:18:47,580 - root - INFO - [31mstep: 48  [32mloss:  2.17036  [38;2;180;60;0mgrad_norm:  5.4375  [38;2;54;234;195mmemory:  3.52GiB(8.91%)  [34mtps: 49  [36mtflops: 0.16  [35mmfu: 0.05%[39m
[titan] 2026-09-10 08:18:47,581 - root - INFO - [31mstep: 48  [32mloss:  2.17036  [38;2;180;60;0mgrad_norm:  5.4375  [38;2;54;234;195mmemory:  3.52GiB(8.91%)  [34mtps: 49  [36mtflops: 0.16  [35mmfu: 0.05%[39m
[titan] 2026-09-10 08:18:47,584 - root - INFO - [31mstep: 48  [32mloss:  2.17036  [38;2;180;60;0mgrad_norm:  5.4375  [38;2;54;234;195mmemory:  3.52GiB(8.91%)  [34mtps: 50  [36mtflops: 0.16  [35mmfu: 0.05%[39m
[titan] 2026-09-10 08:18:48,881 - root - INFO - [31mstep: 49  [32mloss:  4.77096  [38;2;180;60;0mgrad_norm:  8.1250  [38;2;54;234;195mmemory:  3.52GiB(8.91%)  [34mtps: 49  [36mtflops: 0.16  [35mmfu: 0.05%[39m
[titan] 2026-09-10 08:18:48,883 - root - INFO - [31mstep: 49  [32mloss:  4.77096  [38;2;180;60;0mgrad_norm:  8.1250  [38;2;54;234;195mmemory:  3.52GiB(8.91%)  [34mtps: 49  [36mtflops: 0.16  [35mmfu: 0.05%[39m
[titan] 2026-09-10 08:18:48,884 - root - INFO - [31mstep: 49  [32mloss:  4.77096  [38;2;180;60;0mgrad_norm:  8.1250  [38;2;54;234;195mmemory:  3.52GiB(8.91%)  [34mtps: 49  [36mtflops: 0.16  [35mmfu: 0.05%[39m
[titan] 2026-09-10 08:18:48,890 - root - INFO - [31mstep: 49  [32mloss:  4.77096  [38;2;180;60;0mgrad_norm:  8.1250  [38;2;54;234;195mmemory:  3.52GiB(8.91%)  [34mtps: 49  [36mtflops: 0.16  [35mmfu: 0.05%[39m
[titan] 2026-09-10 08:18:49,228 - root - INFO - [GC] Performing periodic GC collection took 0.34 seconds
[titan] 2026-09-10 08:18:49,239 - root - INFO - [GC] Performing periodic GC collection took 0.35 seconds
[titan] 2026-09-10 08:18:49,253 - root - INFO - [GC] Performing periodic GC collection took 0.36 seconds
[titan] 2026-09-10 08:18:49,256 - root - INFO - [GC] Performing periodic GC collection took 0.36 seconds
[titan] 2026-09-10 08:18:50,548 - root - INFO - [31mstep: 50  [32mloss:  2.91213  [38;2;180;60;0mgrad_norm:  4.5312  [38;2;54;234;195mmemory:  3.52GiB(8.91%)  [34mtps: 38  [36mtflops: 0.13  [35mmfu: 0.04%[39m
[titan] 2026-09-10 08:18:50,548 - root - INFO - [31mstep: 50  [32mloss:  2.91213  [38;2;180;60;0mgrad_norm:  4.5312  [38;2;54;234;195mmemory:  3.52GiB(8.91%)  [34mtps: 38  [36mtflops: 0.13  [35mmfu: 0.04%[39m
[titan] 2026-09-10 08:18:50,550 - root - INFO - [31mstep: 50  [32mloss:  2.91213  [38;2;180;60;0mgrad_norm:  4.5312  [38;2;54;234;195mmemory:  3.52GiB(8.91%)  [34mtps: 38  [36mtflops: 0.13  [35mmfu: 0.04%[39m
[titan] 2026-09-10 08:18:50,551 - root - INFO - [31mstep: 50  [32mloss:  2.91213  [38;2;180;60;0mgrad_norm:  4.5312  [38;2;54;234;195mmemory:  3.52GiB(8.91%)  [34mtps: 39  [36mtflops: 0.13  [35mmfu: 0.04%[39m
[titan] 2026-09-10 08:18:51,844 - root - INFO - [31mstep: 51  [32mloss:  3.43242  [38;2;180;60;0mgrad_norm: 10.0000  [38;2;54;234;195mmemory:  3.52GiB(8.91%)  [34mtps: 49  [36mtflops: 0.16  [35mmfu: 0.05%[39m
[titan] 2026-09-10 08:18:51,844 - root - INFO - [31mstep: 51  [32mloss:  3.43242  [38;2;180;60;0mgrad_norm: 10.0000  [38;2;54;234;195mmemory:  3.52GiB(8.91%)  [34mtps: 49  [36mtflops: 0.16  [35mmfu: 0.05%[39m
[titan] 2026-09-10 08:18:51,844 - root - INFO - [31mstep: 51  [32mloss:  3.43242  [38;2;180;60;0mgrad_norm: 10.0000  [38;2;54;234;195mmemory:  3.52GiB(8.91%)  [34mtps: 49  [36mtflops: 0.16  [35mmfu: 0.05%[39m
[titan] 2026-09-10 08:18:51,848 - root - INFO - [31mstep: 51  [32mloss:  3.43242  [38;2;180;60;0mgrad_norm: 10.0000  [38;2;54;234;195mmemory:  3.52GiB(8.91%)  [34mtps: 49  [36mtflops: 0.16  [35mmfu: 0.05%[39m
[titan] 2026-09-10 08:18:53,139 - root - INFO - [31mstep: 52  [32mloss:  3.05732  [38;2;180;60;0mgrad_norm:  5.3438  [38;2;54;234;195mmemory:  3.52GiB(8.91%)  [34mtps: 49  [36mtflops: 0.16  [35mmfu: 0.05%[39m
[titan] 2026-09-10 08:18:53,140 - root - INFO - [31mstep: 52  [32mloss:  3.05732  [38;2;180;60;0mgrad_norm:  5.3438  [38;2;54;234;195mmemory:  3.52GiB(8.91%)  [34mtps: 49  [36mtflops: 0.16  [35mmfu: 0.05%[39m
[titan] 2026-09-10 08:18:53,141 - root - INFO - [31mstep: 52  [32mloss:  3.05732  [38;2;180;60;0mgrad_norm:  5.3438  [38;2;54;234;195mmemory:  3.52GiB(8.91%)  [34mtps: 49  [36mtflops: 0.16  [35mmfu: 0.05%[39m
[titan] 2026-09-10 08:18:53,143 - root - INFO - [31mstep: 52  [32mloss:  3.05732  [38;2;180;60;0mgrad_norm:  5.3438  [38;2;54;234;195mmemory:  3.52GiB(8.91%)  [34mtps: 49  [36mtflops: 0.16  [35mmfu: 0.05%[39m
[titan] 2026-09-10 08:18:54,480 - root - INFO - [31mstep: 53  [32mloss:  2.41921  [38;2;180;60;0mgrad_norm:  6.0000  [38;2;54;234;195mmemory:  3.52GiB(8.91%)  [34mtps: 48  [36mtflops: 0.16  [35mmfu: 0.05%[39m
[titan] 2026-09-10 08:18:54,481 - root - INFO - [31mstep: 53  [32mloss:  2.41921  [38;2;180;60;0mgrad_norm:  6.0000  [38;2;54;234;195mmemory:  3.52GiB(8.91%)  [34mtps: 48  [36mtflops: 0.16  [35mmfu: 0.05%[39m
[titan] 2026-09-10 08:18:54,482 - root - INFO - [31mstep: 53  [32mloss:  2.41921  [38;2;180;60;0mgrad_norm:  6.0000  [38;2;54;234;195mmemory:  3.52GiB(8.91%)  [34mtps: 48  [36mtflops: 0.16  [35mmfu: 0.05%[39m
[titan] 2026-09-10 08:18:54,484 - root - INFO - [31mstep: 53  [32mloss:  2.41921  [38;2;180;60;0mgrad_norm:  6.0000  [38;2;54;234;195mmemory:  3.52GiB(8.91%)  [34mtps: 48  [36mtflops: 0.16  [35mmfu: 0.05%[39m
[titan] 2026-09-10 08:18:55,769 - root - INFO - [31mstep: 54  [32mloss:  2.11327  [38;2;180;60;0mgrad_norm:  5.4062  [38;2;54;234;195mmemory:  3.52GiB(8.91%)  [34mtps: 50  [36mtflops: 0.17  [35mmfu: 0.05%[39m
[titan] 2026-09-10 08:18:55,770 - root - INFO - [31mstep: 54  [32mloss:  2.11327  [38;2;180;60;0mgrad_norm:  5.4062  [38;2;54;234;195mmemory:  3.52GiB(8.91%)  [34mtps: 50  [36mtflops: 0.17  [35mmfu: 0.05%[39m
[titan] 2026-09-10 08:18:55,775 - root - INFO - [31mstep: 54  [32mloss:  2.11327  [38;2;180;60;0mgrad_norm:  5.4062  [38;2;54;234;195mmemory:  3.52GiB(8.91%)  [34mtps: 50  [36mtflops: 0.16  [35mmfu: 0.05%[39m
[titan] 2026-09-10 08:18:55,785 - root - INFO - [31mstep: 54  [32mloss:  2.11327  [38;2;180;60;0mgrad_norm:  5.4062  [38;2;54;234;195mmemory:  3.52GiB(8.91%)  [34mtps: 49  [36mtflops: 0.16  [35mmfu: 0.05%[39m
[titan] 2026-09-10 08:18:57,083 - root - INFO - [31mstep: 55  [32mloss:  1.44351  [38;2;180;60;0mgrad_norm:  4.3438  [38;2;54;234;195mmemory:  3.52GiB(8.91%)  [34mtps: 49  [36mtflops: 0.16  [35mmfu: 0.05%[39m
[titan] 2026-09-10 08:18:57,084 - root - INFO - [31mstep: 55  [32mloss:  1.44351  [38;2;180;60;0mgrad_norm:  4.3438  [38;2;54;234;195mmemory:  3.52GiB(8.91%)  [34mtps: 49  [36mtflops: 0.16  [35mmfu: 0.05%[39m
[titan] 2026-09-10 08:18:57,085 - root - INFO - [31mstep: 55  [32mloss:  1.44351  [38;2;180;60;0mgrad_norm:  4.3438  [38;2;54;234;195mmemory:  3.52GiB(8.91%)  [34mtps: 49  [36mtflops: 0.16  [35mmfu: 0.05%[39m
[titan] 2026-09-10 08:18:57,088 - root - INFO - [31mstep: 55  [32mloss:  1.44351  [38;2;180;60;0mgrad_norm:  4.3438  [38;2;54;234;195mmemory:  3.52GiB(8.91%)  [34mtps: 49  [36mtflops: 0.16  [35mmfu: 0.05%[39m
[titan] 2026-09-10 08:18:58,369 - root - INFO - [31mstep: 56  [32mloss:  2.71738  [38;2;180;60;0mgrad_norm:  6.0312  [38;2;54;234;195mmemory:  3.52GiB(8.91%)  [34mtps: 50  [36mtflops: 0.17  [35mmfu: 0.05%[39m
[titan] 2026-09-10 08:18:58,370 - root - INFO - [31mstep: 56  [32mloss:  2.71738  [38;2;180;60;0mgrad_norm:  6.0312  [38;2;54;234;195mmemory:  3.52GiB(8.91%)  [34mtps: 50  [36mtflops: 0.17  [35mmfu: 0.05%[39m
[titan] 2026-09-10 08:18:58,370 - root - INFO - [31mstep: 56  [32mloss:  2.71738  [38;2;180;60;0mgrad_norm:  6.0312  [38;2;54;234;195mmemory:  3.52GiB(8.91%)  [34mtps: 50  [36mtflops: 0.17  [35mmfu: 0.05%[39m
[titan] 2026-09-10 08:18:58,372 - root - INFO - [31mstep: 56  [32mloss:  2.71738  [38;2;180;60;0mgrad_norm:  6.0312  [38;2;54;234;195mmemory:  3.52GiB(8.91%)  [34mtps: 50  [36mtflops: 0.17  [35mmfu: 0.05%[39m
[titan] 2026-09-10 08:18:59,654 - root - INFO - [31mstep: 57  [32mloss:  2.94636  [38;2;180;60;0mgrad_norm:  6.3750  [38;2;54;234;195mmemory:  3.52GiB(8.91%)  [34mtps: 50  [36mtflops: 0.17  [35mmfu: 0.05%[39m
[titan] 2026-09-10 08:18:59,655 - root - INFO - [31mstep: 57  [32mloss:  2.94636  [38;2;180;60;0mgrad_norm:  6.3750  [38;2;54;234;195mmemory:  3.52GiB(8.91%)  [34mtps: 50  [36mtflops: 0.17  [35mmfu: 0.05%[39m
[titan] 2026-09-10 08:18:59,655 - root - INFO - [31mstep: 57  [32mloss:  2.94636  [38;2;180;60;0mgrad_norm:  6.3750  [38;2;54;234;195mmemory:  3.52GiB(8.91%)  [34mtps: 50  [36mtflops: 0.17  [35mmfu: 0.05%[39m
[titan] 2026-09-10 08:18:59,658 - root - INFO - [31mstep: 57  [32mloss:  2.94636  [38;2;180;60;0mgrad_norm:  6.3750  [38;2;54;234;195mmemory:  3.52GiB(8.91%)  [34mtps: 50  [36mtflops: 0.17  [35mmfu: 0.05%[39m
[titan] 2026-09-10 08:19:00,955 - root - INFO - [31mstep: 58  [32mloss:  1.01557  [38;2;180;60;0mgrad_norm: 13.4375  [38;2;54;234;195mmemory:  3.52GiB(8.91%)  [34mtps: 49  [36mtflops: 0.16  [35mmfu: 0.05%[39m
[titan] 2026-09-10 08:19:00,957 - root - INFO - [31mstep: 58  [32mloss:  1.01557  [38;2;180;60;0mgrad_norm: 13.4375  [38;2;54;234;195mmemory:  3.52GiB(8.91%)  [34mtps: 49  [36mtflops: 0.16  [35mmfu: 0.05%[39m
[titan] 2026-09-10 08:19:00,958 - root - INFO - [31mstep: 58  [32mloss:  1.01557  [38;2;180;60;0mgrad_norm: 13.4375  [38;2;54;234;195mmemory:  3.52GiB(8.91%)  [34mtps: 49  [36mtflops: 0.16  [35mmfu: 0.05%[39m
[titan] 2026-09-10 08:19:00,959 - root - INFO - [31mstep: 58  [32mloss:  1.01557  [38;2;180;60;0mgrad_norm: 13.4375  [38;2;54;234;195mmemory:  3.52GiB(8.91%)  [34mtps: 49  [36mtflops: 0.16  [35mmfu: 0.05%[39m
[titan] 2026-09-10 08:19:02,259 - root - INFO - [31mstep: 59  [32mloss:  3.26344  [38;2;180;60;0mgrad_norm:  4.3750  [38;2;54;234;195mmemory:  3.52GiB(8.91%)  [34mtps: 49  [36mtflops: 0.16  [35mmfu: 0.05%[39m
[titan] 2026-09-10 08:19:02,261 - root - INFO - [31mstep: 59  [32mloss:  3.26344  [38;2;180;60;0mgrad_norm:  4.3750  [38;2;54;234;195mmemory:  3.52GiB(8.91%)  [34mtps: 49  [36mtflops: 0.16  [35mmfu: 0.05%[39m
[titan] 2026-09-10 08:19:02,262 - root - INFO - [31mstep: 59  [32mloss:  3.26344  [38;2;180;60;0mgrad_norm:  4.3750  [38;2;54;234;195mmemory:  3.52GiB(8.91%)  [34mtps: 49  [36mtflops: 0.16  [35mmfu: 0.05%[39m
[titan] 2026-09-10 08:19:02,266 - root - INFO - [31mstep: 59  [32mloss:  3.26344  [38;2;180;60;0mgrad_norm:  4.3750  [38;2;54;234;195mmemory:  3.52GiB(8.91%)  [34mtps: 49  [36mtflops: 0.16  [35mmfu: 0.05%[39m
[titan] 2026-09-10 08:19:03,567 - root - INFO - [31mstep: 60  [32mloss:  0.80320  [38;2;180;60;0mgrad_norm:  8.8750  [38;2;54;234;195mmemory:  3.52GiB(8.91%)  [34mtps: 49  [36mtflops: 0.16  [35mmfu: 0.05%[39m
[titan] 2026-09-10 08:19:03,568 - root - INFO - [31mstep: 60  [32mloss:  0.80320  [38;2;180;60;0mgrad_norm:  8.8750  [38;2;54;234;195mmemory:  3.52GiB(8.91%)  [34mtps: 49  [36mtflops: 0.16  [35mmfu: 0.05%[39m
[titan] 2026-09-10 08:19:03,569 - root - INFO - [31mstep: 60  [32mloss:  0.80320  [38;2;180;60;0mgrad_norm:  8.8750  [38;2;54;234;195mmemory:  3.52GiB(8.91%)  [34mtps: 49  [36mtflops: 0.16  [35mmfu: 0.05%[39m
[titan] 2026-09-10 08:19:03,574 - root - INFO - [31mstep: 60  [32mloss:  0.80320  [38;2;180;60;0mgrad_norm:  8.8750  [38;2;54;234;195mmemory:  3.52GiB(8.91%)  [34mtps: 49  [36mtflops: 0.16  [35mmfu: 0.05%[39m
[titan] 2026-09-10 08:19:04,869 - root - INFO - [31mstep: 61  [32mloss:  3.25758  [38;2;180;60;0mgrad_norm:  5.3750  [38;2;54;234;195mmemory:  3.52GiB(8.91%)  [34mtps: 49  [36mtflops: 0.16  [35mmfu: 0.05%[39m
[titan] 2026-09-10 08:19:04,871 - root - INFO - [31mstep: 61  [32mloss:  3.25758  [38;2;180;60;0mgrad_norm:  5.3750  [38;2;54;234;195mmemory:  3.52GiB(8.91%)  [34mtps: 49  [36mtflops: 0.16  [35mmfu: 0.05%[39m
[titan] 2026-09-10 08:19:04,872 - root - INFO - [31mstep: 61  [32mloss:  3.25758  [38;2;180;60;0mgrad_norm:  5.3750  [38;2;54;234;195mmemory:  3.52GiB(8.91%)  [34mtps: 49  [36mtflops: 0.16  [35mmfu: 0.05%[39m
[titan] 2026-09-10 08:19:04,872 - root - INFO - [31mstep: 61  [32mloss:  3.25758  [38;2;180;60;0mgrad_norm:  5.3750  [38;2;54;234;195mmemory:  3.52GiB(8.91%)  [34mtps: 49  [36mtflops: 0.16  [35mmfu: 0.05%[39m
[titan] 2026-09-10 08:19:06,163 - root - INFO - [31mstep: 62  [32mloss:  3.28906  [38;2;180;60;0mgrad_norm: 17.7500  [38;2;54;234;195mmemory:  3.52GiB(8.91%)  [34mtps: 49  [36mtflops: 0.16  [35mmfu: 0.05%[39m
[titan] 2026-09-10 08:19:06,165 - root - INFO - [31mstep: 62  [32mloss:  3.28906  [38;2;180;60;0mgrad_norm: 17.7500  [38;2;54;234;195mmemory:  3.52GiB(8.91%)  [34mtps: 49  [36mtflops: 0.16  [35mmfu: 0.05%[39m
[titan] 2026-09-10 08:19:06,166 - root - INFO - [31mstep: 62  [32mloss:  3.28906  [38;2;180;60;0mgrad_norm: 17.7500  [38;2;54;234;195mmemory:  3.52GiB(8.91%)  [34mtps: 49  [36mtflops: 0.16  [35mmfu: 0.05%[39m
[titan] 2026-09-10 08:19:06,169 - root - INFO - [31mstep: 62  [32mloss:  3.28906  [38;2;180;60;0mgrad_norm: 17.7500  [38;2;54;234;195mmemory:  3.52GiB(8.91%)  [34mtps: 49  [36mtflops: 0.16  [35mmfu: 0.05%[39m
[titan] 2026-09-10 08:19:07,461 - root - INFO - [31mstep: 63  [32mloss:  2.49157  [38;2;180;60;0mgrad_norm:  3.3438  [38;2;54;234;195mmemory:  3.52GiB(8.91%)  [34mtps: 49  [36mtflops: 0.16  [35mmfu: 0.05%[39m
[titan] 2026-09-10 08:19:07,462 - root - INFO - [31mstep: 63  [32mloss:  2.49157  [38;2;180;60;0mgrad_norm:  3.3438  [38;2;54;234;195mmemory:  3.52GiB(8.91%)  [34mtps: 50  [36mtflops: 0.16  [35mmfu: 0.05%[39m
[titan] 2026-09-10 08:19:07,462 - root - INFO - [31mstep: 63  [32mloss:  2.49157  [38;2;180;60;0mgrad_norm:  3.3438  [38;2;54;234;195mmemory:  3.52GiB(8.91%)  [34mtps: 49  [36mtflops: 0.16  [35mmfu: 0.05%[39m
[titan] 2026-09-10 08:19:07,464 - root - INFO - [31mstep: 63  [32mloss:  2.49157  [38;2;180;60;0mgrad_norm:  3.3438  [38;2;54;234;195mmemory:  3.52GiB(8.91%)  [34mtps: 49  [36mtflops: 0.16  [35mmfu: 0.05%[39m
[titan] 2026-09-10 08:19:08,749 - root - INFO - [31mstep: 64  [32mloss:  2.20218  [38;2;180;60;0mgrad_norm:  3.2969  [38;2;54;234;195mmemory:  3.52GiB(8.91%)  [34mtps: 50  [36mtflops: 0.17  [35mmfu: 0.05%[39m
[titan] 2026-09-10 08:19:08,749 - root - INFO - [31mstep: 64  [32mloss:  2.20218  [38;2;180;60;0mgrad_norm:  3.2969  [38;2;54;234;195mmemory:  3.52GiB(8.91%)  [34mtps: 50  [36mtflops: 0.17  [35mmfu: 0.05%[39m
[titan] 2026-09-10 08:19:08,750 - root - INFO - [31mstep: 64  [32mloss:  2.20218  [38;2;180;60;0mgrad_norm:  3.2969  [38;2;54;234;195mmemory:  3.52GiB(8.91%)  [34mtps: 50  [36mtflops: 0.17  [35mmfu: 0.05%[39m
[titan] 2026-09-10 08:19:08,752 - root - INFO - [31mstep: 64  [32mloss:  2.20218  [38;2;180;60;0mgrad_norm:  3.2969  [38;2;54;234;195mmemory:  3.52GiB(8.91%)  [34mtps: 50  [36mtflops: 0.16  [35mmfu: 0.05%[39m
[titan] 2026-09-10 08:19:10,058 - root - INFO - [31mstep: 65  [32mloss:  2.73718  [38;2;180;60;0mgrad_norm:  4.5938  [38;2;54;234;195mmemory:  3.52GiB(8.91%)  [34mtps: 49  [36mtflops: 0.16  [35mmfu: 0.05%[39m
[titan] 2026-09-10 08:19:10,058 - root - INFO - [31mstep: 65  [32mloss:  2.73718  [38;2;180;60;0mgrad_norm:  4.5938  [38;2;54;234;195mmemory:  3.52GiB(8.91%)  [34mtps: 49  [36mtflops: 0.16  [35mmfu: 0.05%[39m
[titan] 2026-09-10 08:19:10,059 - root - INFO - [31mstep: 65  [32mloss:  2.73718  [38;2;180;60;0mgrad_norm:  4.5938  [38;2;54;234;195mmemory:  3.52GiB(8.91%)  [34mtps: 49  [36mtflops: 0.16  [35mmfu: 0.05%[39m
[titan] 2026-09-10 08:19:10,059 - root - INFO - [31mstep: 65  [32mloss:  2.73718  [38;2;180;60;0mgrad_norm:  4.5938  [38;2;54;234;195mmemory:  3.52GiB(8.91%)  [34mtps: 49  [36mtflops: 0.16  [35mmfu: 0.05%[39m
[titan] 2026-09-10 08:19:11,373 - root - INFO - [31mstep: 66  [32mloss:  2.52449  [38;2;180;60;0mgrad_norm:  2.8438  [38;2;54;234;195mmemory:  3.52GiB(8.91%)  [34mtps: 49  [36mtflops: 0.16  [35mmfu: 0.05%[39m
[titan] 2026-09-10 08:19:11,374 - root - INFO - [31mstep: 66  [32mloss:  2.52449  [38;2;180;60;0mgrad_norm:  2.8438  [38;2;54;234;195mmemory:  3.52GiB(8.91%)  [34mtps: 49  [36mtflops: 0.16  [35mmfu: 0.05%[39m
[titan] 2026-09-10 08:19:11,374 - root - INFO - [31mstep: 66  [32mloss:  2.52449  [38;2;180;60;0mgrad_norm:  2.8438  [38;2;54;234;195mmemory:  3.52GiB(8.91%)  [34mtps: 49  [36mtflops: 0.16  [35mmfu: 0.05%[39m
[titan] 2026-09-10 08:19:11,378 - root - INFO - [31mstep: 66  [32mloss:  2.52449  [38;2;180;60;0mgrad_norm:  2.8438  [38;2;54;234;195mmemory:  3.52GiB(8.91%)  [34mtps: 49  [36mtflops: 0.16  [35mmfu: 0.05%[39m
[titan] 2026-09-10 08:19:12,662 - root - INFO - [31mstep: 67  [32mloss:  1.51018  [38;2;180;60;0mgrad_norm:  4.0000  [38;2;54;234;195mmemory:  3.52GiB(8.91%)  [34mtps: 50  [36mtflops: 0.17  [35mmfu: 0.05%[39m
[titan] 2026-09-10 08:19:12,663 - root - INFO - [31mstep: 67  [32mloss:  1.51018  [38;2;180;60;0mgrad_norm:  4.0000  [38;2;54;234;195mmemory:  3.52GiB(8.91%)  [34mtps: 50  [36mtflops: 0.17  [35mmfu: 0.05%[39m
[titan] 2026-09-10 08:19:12,663 - root - INFO - [31mstep: 67  [32mloss:  1.51018  [38;2;180;60;0mgrad_norm:  4.0000  [38;2;54;234;195mmemory:  3.52GiB(8.91%)  [34mtps: 50  [36mtflops: 0.17  [35mmfu: 0.05%[39m
[titan] 2026-09-10 08:19:12,663 - root - INFO - [31mstep: 67  [32mloss:  1.51018  [38;2;180;60;0mgrad_norm:  4.0000  [38;2;54;234;195mmemory:  3.52GiB(8.91%)  [34mtps: 50  [36mtflops: 0.17  [35mmfu: 0.05%[39m
[titan] 2026-09-10 08:19:13,964 - root - INFO - [31mstep: 68  [32mloss:  3.07599  [38;2;180;60;0mgrad_norm:  3.7656  [38;2;54;234;195mmemory:  3.52GiB(8.91%)  [34mtps: 49  [36mtflops: 0.16  [35mmfu: 0.05%[39m
[titan] 2026-09-10 08:19:13,966 - root - INFO - [31mstep: 68  [32mloss:  3.07599  [38;2;180;60;0mgrad_norm:  3.7656  [38;2;54;234;195mmemory:  3.52GiB(8.91%)  [34mtps: 49  [36mtflops: 0.16  [35mmfu: 0.05%[39m
[titan] 2026-09-10 08:19:13,966 - root - INFO - [31mstep: 68  [32mloss:  3.07599  [38;2;180;60;0mgrad_norm:  3.7656  [38;2;54;234;195mmemory:  3.52GiB(8.91%)  [34mtps: 49  [36mtflops: 0.16  [35mmfu: 0.05%[39m
[titan] 2026-09-10 08:19:13,967 - root - INFO - [31mstep: 68  [32mloss:  3.07599  [38;2;180;60;0mgrad_norm:  3.7656  [38;2;54;234;195mmemory:  3.52GiB(8.91%)  [34mtps: 49  [36mtflops: 0.16  [35mmfu: 0.05%[39m
[titan] 2026-09-10 08:19:15,260 - root - INFO - [31mstep: 69  [32mloss:  3.94423  [38;2;180;60;0mgrad_norm:  4.8125  [38;2;54;234;195mmemory:  3.52GiB(8.91%)  [34mtps: 49  [36mtflops: 0.16  [35mmfu: 0.05%[39m
[titan] 2026-09-10 08:19:15,261 - root - INFO - [31mstep: 69  [32mloss:  3.94423  [38;2;180;60;0mgrad_norm:  4.8125  [38;2;54;234;195mmemory:  3.52GiB(8.91%)  [34mtps: 49  [36mtflops: 0.16  [35mmfu: 0.05%[39m
[titan] 2026-09-10 08:19:15,261 - root - INFO - [31mstep: 69  [32mloss:  3.94423  [38;2;180;60;0mgrad_norm:  4.8125  [38;2;54;234;195mmemory:  3.52GiB(8.91%)  [34mtps: 49  [36mtflops: 0.16  [35mmfu: 0.05%[39m
[titan] 2026-09-10 08:19:15,265 - root - INFO - [31mstep: 69  [32mloss:  3.94423  [38;2;180;60;0mgrad_norm:  4.8125  [38;2;54;234;195mmemory:  3.52GiB(8.91%)  [34mtps: 49  [36mtflops: 0.16  [35mmfu: 0.05%[39m
[titan] 2026-09-10 08:19:16,569 - root - INFO - [31mstep: 70  [32mloss:  1.96869  [38;2;180;60;0mgrad_norm:  3.7656  [38;2;54;234;195mmemory:  3.52GiB(8.91%)  [34mtps: 49  [36mtflops: 0.16  [35mmfu: 0.05%[39m
[titan] 2026-09-10 08:19:16,571 - root - INFO - [31mstep: 70  [32mloss:  1.96869  [38;2;180;60;0mgrad_norm:  3.7656  [38;2;54;234;195mmemory:  3.52GiB(8.91%)  [34mtps: 49  [36mtflops: 0.16  [35mmfu: 0.05%[39m
[titan] 2026-09-10 08:19:16,571 - root - INFO - [31mstep: 70  [32mloss:  1.96869  [38;2;180;60;0mgrad_norm:  3.7656  [38;2;54;234;195mmemory:  3.52GiB(8.91%)  [34mtps: 49  [36mtflops: 0.16  [35mmfu: 0.05%[39m
[titan] 2026-09-10 08:19:16,571 - root - INFO - [31mstep: 70  [32mloss:  1.96869  [38;2;180;60;0mgrad_norm:  3.7656  [38;2;54;234;195mmemory:  3.52GiB(8.91%)  [34mtps: 49  [36mtflops: 0.16  [35mmfu: 0.05%[39m
[titan] 2026-09-10 08:19:17,853 - root - INFO - [31mstep: 71  [32mloss:  2.43933  [38;2;180;60;0mgrad_norm:  3.3750  [38;2;54;234;195mmemory:  3.52GiB(8.91%)  [34mtps: 50  [36mtflops: 0.17  [35mmfu: 0.05%[39m
[titan] 2026-09-10 08:19:17,854 - root - INFO - [31mstep: 71  [32mloss:  2.43933  [38;2;180;60;0mgrad_norm:  3.3750  [38;2;54;234;195mmemory:  3.52GiB(8.91%)  [34mtps: 50  [36mtflops: 0.17  [35mmfu: 0.05%[39m
[titan] 2026-09-10 08:19:17,855 - root - INFO - [31mstep: 71  [32mloss:  2.43933  [38;2;180;60;0mgrad_norm:  3.3750  [38;2;54;234;195mmemory:  3.52GiB(8.91%)  [34mtps: 50  [36mtflops: 0.17  [35mmfu: 0.05%[39m
[titan] 2026-09-10 08:19:17,855 - root - INFO - [31mstep: 71  [32mloss:  2.43933  [38;2;180;60;0mgrad_norm:  3.3750  [38;2;54;234;195mmemory:  3.52GiB(8.91%)  [34mtps: 50  [36mtflops: 0.17  [35mmfu: 0.05%[39m
[titan] 2026-09-10 08:19:19,139 - root - INFO - [31mstep: 72  [32mloss:  3.55565  [38;2;180;60;0mgrad_norm:  6.0625  [38;2;54;234;195mmemory:  3.52GiB(8.91%)  [34mtps: 50  [36mtflops: 0.17  [35mmfu: 0.05%[39m
[titan] 2026-09-10 08:19:19,140 - root - INFO - [31mstep: 72  [32mloss:  3.55565  [38;2;180;60;0mgrad_norm:  6.0625  [38;2;54;234;195mmemory:  3.52GiB(8.91%)  [34mtps: 50  [36mtflops: 0.17  [35mmfu: 0.05%[39m
[titan] 2026-09-10 08:19:19,140 - root - INFO - [31mstep: 72  [32mloss:  3.55565  [38;2;180;60;0mgrad_norm:  6.0625  [38;2;54;234;195mmemory:  3.52GiB(8.91%)  [34mtps: 50  [36mtflops: 0.17  [35mmfu: 0.05%[39m
[titan] 2026-09-10 08:19:19,144 - root - INFO - [31mstep: 72  [32mloss:  3.55565  [38;2;180;60;0mgrad_norm:  6.0625  [38;2;54;234;195mmemory:  3.52GiB(8.91%)  [34mtps: 50  [36mtflops: 0.17  [35mmfu: 0.05%[39m
[titan] 2026-09-10 08:19:20,444 - root - INFO - [31mstep: 73  [32mloss:  1.23504  [38;2;180;60;0mgrad_norm:  3.2969  [38;2;54;234;195mmemory:  3.52GiB(8.91%)  [34mtps: 49  [36mtflops: 0.16  [35mmfu: 0.05%[39m
[titan] 2026-09-10 08:19:20,445 - root - INFO - [31mstep: 73  [32mloss:  1.23504  [38;2;180;60;0mgrad_norm:  3.2969  [38;2;54;234;195mmemory:  3.52GiB(8.91%)  [34mtps: 49  [36mtflops: 0.16  [35mmfu: 0.05%[39m
[titan] 2026-09-10 08:19:20,446 - root - INFO - [31mstep: 73  [32mloss:  1.23504  [38;2;180;60;0mgrad_norm:  3.2969  [38;2;54;234;195mmemory:  3.52GiB(8.91%)  [34mtps: 49  [36mtflops: 0.16  [35mmfu: 0.05%[39m
[titan] 2026-09-10 08:19:20,453 - root - INFO - [31mstep: 73  [32mloss:  1.23504  [38;2;180;60;0mgrad_norm:  3.2969  [38;2;54;234;195mmemory:  3.52GiB(8.91%)  [34mtps: 49  [36mtflops: 0.16  [35mmfu: 0.05%[39m
[titan] 2026-09-10 08:19:21,728 - root - INFO - [31mstep: 74  [32mloss:  2.82818  [38;2;180;60;0mgrad_norm:  5.5000  [38;2;54;234;195mmemory:  3.52GiB(8.91%)  [34mtps: 50  [36mtflops: 0.17  [35mmfu: 0.05%[39m
[titan] 2026-09-10 08:19:21,728 - root - INFO - [31mstep: 74  [32mloss:  2.82818  [38;2;180;60;0mgrad_norm:  5.5000  [38;2;54;234;195mmemory:  3.52GiB(8.91%)  [34mtps: 50  [36mtflops: 0.17  [35mmfu: 0.05%[39m
[titan] 2026-09-10 08:19:21,728 - root - INFO - [31mstep: 74  [32mloss:  2.82818  [38;2;180;60;0mgrad_norm:  5.5000  [38;2;54;234;195mmemory:  3.52GiB(8.91%)  [34mtps: 50  [36mtflops: 0.17  [35mmfu: 0.05%[39m
[titan] 2026-09-10 08:19:21,729 - root - INFO - [31mstep: 74  [32mloss:  2.82818  [38;2;180;60;0mgrad_norm:  5.5000  [38;2;54;234;195mmemory:  3.52GiB(8.91%)  [34mtps: 50  [36mtflops: 0.17  [35mmfu: 0.05%[39m
[titan] 2026-09-10 08:19:23,024 - root - INFO - [31mstep: 75  [32mloss:  0.73898  [38;2;180;60;0mgrad_norm:  2.7500  [38;2;54;234;195mmemory:  3.52GiB(8.91%)  [34mtps: 49  [36mtflops: 0.16  [35mmfu: 0.05%[39m
[titan] 2026-09-10 08:19:23,024 - root - INFO - [31mstep: 75  [32mloss:  0.73898  [38;2;180;60;0mgrad_norm:  2.7500  [38;2;54;234;195mmemory:  3.52GiB(8.91%)  [34mtps: 49  [36mtflops: 0.16  [35mmfu: 0.05%[39m
[titan] 2026-09-10 08:19:23,025 - root - INFO - [31mstep: 75  [32mloss:  0.73898  [38;2;180;60;0mgrad_norm:  2.7500  [38;2;54;234;195mmemory:  3.52GiB(8.91%)  [34mtps: 49  [36mtflops: 0.16  [35mmfu: 0.05%[39m
[titan] 2026-09-10 08:19:23,029 - root - INFO - [31mstep: 75  [32mloss:  0.73898  [38;2;180;60;0mgrad_norm:  2.7500  [38;2;54;234;195mmemory:  3.52GiB(8.91%)  [34mtps: 49  [36mtflops: 0.16  [35mmfu: 0.05%[39m
[titan] 2026-09-10 08:19:24,315 - root - INFO - [31mstep: 76  [32mloss:  3.17030  [38;2;180;60;0mgrad_norm:  6.5312  [38;2;54;234;195mmemory:  3.52GiB(8.91%)  [34mtps: 50  [36mtflops: 0.17  [35mmfu: 0.05%[39m
[titan] 2026-09-10 08:19:24,315 - root - INFO - [31mstep: 76  [32mloss:  3.17030  [38;2;180;60;0mgrad_norm:  6.5312  [38;2;54;234;195mmemory:  3.52GiB(8.91%)  [34mtps: 50  [36mtflops: 0.16  [35mmfu: 0.05%[39m
[titan] 2026-09-10 08:19:24,318 - root - INFO - [31mstep: 76  [32mloss:  3.17030  [38;2;180;60;0mgrad_norm:  6.5312  [38;2;54;234;195mmemory:  3.52GiB(8.91%)  [34mtps: 49  [36mtflops: 0.16  [35mmfu: 0.05%[39m
[titan] 2026-09-10 08:19:24,318 - root - INFO - [31mstep: 76  [32mloss:  3.17030  [38;2;180;60;0mgrad_norm:  6.5312  [38;2;54;234;195mmemory:  3.52GiB(8.91%)  [34mtps: 49  [36mtflops: 0.16  [35mmfu: 0.05%[39m
[titan] 2026-09-10 08:19:25,611 - root - INFO - [31mstep: 77  [32mloss:  3.23148  [38;2;180;60;0mgrad_norm: 27.0000  [38;2;54;234;195mmemory:  3.52GiB(8.91%)  [34mtps: 49  [36mtflops: 0.16  [35mmfu: 0.05%[39m
[titan] 2026-09-10 08:19:25,611 - root - INFO - [31mstep: 77  [32mloss:  3.23148  [38;2;180;60;0mgrad_norm: 27.0000  [38;2;54;234;195mmemory:  3.52GiB(8.91%)  [34mtps: 49  [36mtflops: 0.16  [35mmfu: 0.05%[39m
[titan] 2026-09-10 08:19:25,612 - root - INFO - [31mstep: 77  [32mloss:  3.23148  [38;2;180;60;0mgrad_norm: 27.0000  [38;2;54;234;195mmemory:  3.52GiB(8.91%)  [34mtps: 49  [36mtflops: 0.16  [35mmfu: 0.05%[39m
[titan] 2026-09-10 08:19:25,615 - root - INFO - [31mstep: 77  [32mloss:  3.23148  [38;2;180;60;0mgrad_norm: 27.0000  [38;2;54;234;195mmemory:  3.52GiB(8.91%)  [34mtps: 49  [36mtflops: 0.16  [35mmfu: 0.05%[39m
[titan] 2026-09-10 08:19:26,901 - root - INFO - [31mstep: 78  [32mloss:  2.11700  [38;2;180;60;0mgrad_norm:  4.7500  [38;2;54;234;195mmemory:  3.52GiB(8.91%)  [34mtps: 50  [36mtflops: 0.17  [35mmfu: 0.05%[39m
[titan] 2026-09-10 08:19:26,902 - root - INFO - [31mstep: 78  [32mloss:  2.11700  [38;2;180;60;0mgrad_norm:  4.7500  [38;2;54;234;195mmemory:  3.52GiB(8.91%)  [34mtps: 50  [36mtflops: 0.16  [35mmfu: 0.05%[39m
[titan] 2026-09-10 08:19:26,902 - root - INFO - [31mstep: 78  [32mloss:  2.11700  [38;2;180;60;0mgrad_norm:  4.7500  [38;2;54;234;195mmemory:  3.52GiB(8.91%)  [34mtps: 50  [36mtflops: 0.16  [35mmfu: 0.05%[39m
[titan] 2026-09-10 08:19:26,902 - root - INFO - [31mstep: 78  [32mloss:  2.11700  [38;2;180;60;0mgrad_norm:  4.7500  [38;2;54;234;195mmemory:  3.52GiB(8.91%)  [34mtps: 50  [36mtflops: 0.17  [35mmfu: 0.05%[39m
[titan] 2026-09-10 08:19:28,209 - root - INFO - [31mstep: 79  [32mloss:  3.82672  [38;2;180;60;0mgrad_norm:  6.1875  [38;2;54;234;195mmemory:  3.52GiB(8.91%)  [34mtps: 49  [36mtflops: 0.16  [35mmfu: 0.05%[39m
[titan] 2026-09-10 08:19:28,209 - root - INFO - [31mstep: 79  [32mloss:  3.82672  [38;2;180;60;0mgrad_norm:  6.1875  [38;2;54;234;195mmemory:  3.52GiB(8.91%)  [34mtps: 49  [36mtflops: 0.16  [35mmfu: 0.05%[39m
[titan] 2026-09-10 08:19:28,209 - root - INFO - [31mstep: 79  [32mloss:  3.82672  [38;2;180;60;0mgrad_norm:  6.1875  [38;2;54;234;195mmemory:  3.52GiB(8.91%)  [34mtps: 49  [36mtflops: 0.16  [35mmfu: 0.05%[39m
[titan] 2026-09-10 08:19:28,209 - root - INFO - [31mstep: 79  [32mloss:  3.82672  [38;2;180;60;0mgrad_norm:  6.1875  [38;2;54;234;195mmemory:  3.52GiB(8.91%)  [34mtps: 49  [36mtflops: 0.16  [35mmfu: 0.05%[39m
[titan] 2026-09-10 08:19:29,505 - root - INFO - [31mstep: 80  [32mloss:  3.38090  [38;2;180;60;0mgrad_norm:  4.2500  [38;2;54;234;195mmemory:  3.52GiB(8.91%)  [34mtps: 49  [36mtflops: 0.16  [35mmfu: 0.05%[39m
[titan] 2026-09-10 08:19:29,505 - root - INFO - [31mstep: 80  [32mloss:  3.38090  [38;2;180;60;0mgrad_norm:  4.2500  [38;2;54;234;195mmemory:  3.52GiB(8.91%)  [34mtps: 49  [36mtflops: 0.16  [35mmfu: 0.05%[39m
[titan] 2026-09-10 08:19:29,508 - root - INFO - [31mstep: 80  [32mloss:  3.38090  [38;2;180;60;0mgrad_norm:  4.2500  [38;2;54;234;195mmemory:  3.52GiB(8.91%)  [34mtps: 49  [36mtflops: 0.16  [35mmfu: 0.05%[39m
[titan] 2026-09-10 08:19:29,514 - root - INFO - [31mstep: 80  [32mloss:  3.38090  [38;2;180;60;0mgrad_norm:  4.2500  [38;2;54;234;195mmemory:  3.52GiB(8.91%)  [34mtps: 49  [36mtflops: 0.16  [35mmfu: 0.05%[39m
[titan] 2026-09-10 08:19:30,806 - root - INFO - [31mstep: 81  [32mloss:  1.44341  [38;2;180;60;0mgrad_norm:  3.3125  [38;2;54;234;195mmemory:  3.52GiB(8.91%)  [34mtps: 49  [36mtflops: 0.16  [35mmfu: 0.05%[39m
[titan] 2026-09-10 08:19:30,808 - root - INFO - [31mstep: 81  [32mloss:  1.44341  [38;2;180;60;0mgrad_norm:  3.3125  [38;2;54;234;195mmemory:  3.52GiB(8.91%)  [34mtps: 49  [36mtflops: 0.16  [35mmfu: 0.05%[39m
[titan] 2026-09-10 08:19:30,808 - root - INFO - [31mstep: 81  [32mloss:  1.44341  [38;2;180;60;0mgrad_norm:  3.3125  [38;2;54;234;195mmemory:  3.52GiB(8.91%)  [34mtps: 49  [36mtflops: 0.16  [35mmfu: 0.05%[39m
[titan] 2026-09-10 08:19:30,809 - root - INFO - [31mstep: 81  [32mloss:  1.44341  [38;2;180;60;0mgrad_norm:  3.3125  [38;2;54;234;195mmemory:  3.52GiB(8.91%)  [34mtps: 49  [36mtflops: 0.16  [35mmfu: 0.05%[39m
[titan] 2026-09-10 08:19:32,112 - root - INFO - [31mstep: 82  [32mloss:  2.24205  [38;2;180;60;0mgrad_norm:  4.5938  [38;2;54;234;195mmemory:  3.52GiB(8.91%)  [34mtps: 49  [36mtflops: 0.16  [35mmfu: 0.05%[39m
[titan] 2026-09-10 08:19:32,113 - root - INFO - [31mstep: 82  [32mloss:  2.24205  [38;2;180;60;0mgrad_norm:  4.5938  [38;2;54;234;195mmemory:  3.52GiB(8.91%)  [34mtps: 49  [36mtflops: 0.16  [35mmfu: 0.05%[39m
[titan] 2026-09-10 08:19:32,114 - root - INFO - [31mstep: 82  [32mloss:  2.24205  [38;2;180;60;0mgrad_norm:  4.5938  [38;2;54;234;195mmemory:  3.52GiB(8.91%)  [34mtps: 49  [36mtflops: 0.16  [35mmfu: 0.05%[39m
[titan] 2026-09-10 08:19:32,119 - root - INFO - [31mstep: 82  [32mloss:  2.24205  [38;2;180;60;0mgrad_norm:  4.5938  [38;2;54;234;195mmemory:  3.52GiB(8.91%)  [34mtps: 49  [36mtflops: 0.16  [35mmfu: 0.05%[39m
[titan] 2026-09-10 08:19:33,395 - root - INFO - [31mstep: 83  [32mloss:  0.57161  [38;2;180;60;0mgrad_norm:  3.0469  [38;2;54;234;195mmemory:  3.52GiB(8.91%)  [34mtps: 50  [36mtflops: 0.17  [35mmfu: 0.05%[39m
[titan] 2026-09-10 08:19:33,397 - root - INFO - [31mstep: 83  [32mloss:  0.57161  [38;2;180;60;0mgrad_norm:  3.0469  [38;2;54;234;195mmemory:  3.52GiB(8.91%)  [34mtps: 50  [36mtflops: 0.17  [35mmfu: 0.05%[39m
[titan] 2026-09-10 08:19:33,398 - root - INFO - [31mstep: 83  [32mloss:  0.57161  [38;2;180;60;0mgrad_norm:  3.0469  [38;2;54;234;195mmemory:  3.52GiB(8.91%)  [34mtps: 50  [36mtflops: 0.17  [35mmfu: 0.05%[39m
[titan] 2026-09-10 08:19:33,398 - root - INFO - [31mstep: 83  [32mloss:  0.57161  [38;2;180;60;0mgrad_norm:  3.0469  [38;2;54;234;195mmemory:  3.52GiB(8.91%)  [34mtps: 50  [36mtflops: 0.17  [35mmfu: 0.05%[39m
[titan] 2026-09-10 08:19:34,691 - root - INFO - [31mstep: 84  [32mloss:  2.52181  [38;2;180;60;0mgrad_norm:  4.5938  [38;2;54;234;195mmemory:  3.52GiB(8.91%)  [34mtps: 49  [36mtflops: 0.16  [35mmfu: 0.05%[39m
[titan] 2026-09-10 08:19:34,693 - root - INFO - [31mstep: 84  [32mloss:  2.52181  [38;2;180;60;0mgrad_norm:  4.5938  [38;2;54;234;195mmemory:  3.52GiB(8.91%)  [34mtps: 49  [36mtflops: 0.16  [35mmfu: 0.05%[39m
[titan] 2026-09-10 08:19:34,693 - root - INFO - [31mstep: 84  [32mloss:  2.52181  [38;2;180;60;0mgrad_norm:  4.5938  [38;2;54;234;195mmemory:  3.52GiB(8.91%)  [34mtps: 49  [36mtflops: 0.16  [35mmfu: 0.05%[39m
[titan] 2026-09-10 08:19:34,694 - root - INFO - [31mstep: 84  [32mloss:  2.52181  [38;2;180;60;0mgrad_norm:  4.5938  [38;2;54;234;195mmemory:  3.52GiB(8.91%)  [34mtps: 49  [36mtflops: 0.16  [35mmfu: 0.05%[39m
[titan] 2026-09-10 08:19:35,975 - root - INFO - [31mstep: 85  [32mloss:  2.37513  [38;2;180;60;0mgrad_norm:  4.4375  [38;2;54;234;195mmemory:  3.52GiB(8.91%)  [34mtps: 50  [36mtflops: 0.17  [35mmfu: 0.05%[39m
[titan] 2026-09-10 08:19:35,977 - root - INFO - [31mstep: 85  [32mloss:  2.37513  [38;2;180;60;0mgrad_norm:  4.4375  [38;2;54;234;195mmemory:  3.52GiB(8.91%)  [34mtps: 50  [36mtflops: 0.17  [35mmfu: 0.05%[39m
[titan] 2026-09-10 08:19:35,977 - root - INFO - [31mstep: 85  [32mloss:  2.37513  [38;2;180;60;0mgrad_norm:  4.4375  [38;2;54;234;195mmemory:  3.52GiB(8.91%)  [34mtps: 50  [36mtflops: 0.17  [35mmfu: 0.05%[39m
[titan] 2026-09-10 08:19:35,978 - root - INFO - [31mstep: 85  [32mloss:  2.37513  [38;2;180;60;0mgrad_norm:  4.4375  [38;2;54;234;195mmemory:  3.52GiB(8.91%)  [34mtps: 50  [36mtflops: 0.17  [35mmfu: 0.05%[39m
[titan] 2026-09-10 08:19:37,260 - root - INFO - [31mstep: 86  [32mloss:  3.63837  [38;2;180;60;0mgrad_norm:  4.6250  [38;2;54;234;195mmemory:  3.52GiB(8.91%)  [34mtps: 50  [36mtflops: 0.17  [35mmfu: 0.05%[39m
[titan] 2026-09-10 08:19:37,261 - root - INFO - [31mstep: 86  [32mloss:  3.63837  [38;2;180;60;0mgrad_norm:  4.6250  [38;2;54;234;195mmemory:  3.52GiB(8.91%)  [34mtps: 50  [36mtflops: 0.17  [35mmfu: 0.05%[39m
[titan] 2026-09-10 08:19:37,263 - root - INFO - [31mstep: 86  [32mloss:  3.63837  [38;2;180;60;0mgrad_norm:  4.6250  [38;2;54;234;195mmemory:  3.52GiB(8.91%)  [34mtps: 50  [36mtflops: 0.17  [35mmfu: 0.05%[39m
[titan] 2026-09-10 08:19:37,268 - root - INFO - [31mstep: 86  [32mloss:  3.63837  [38;2;180;60;0mgrad_norm:  4.6250  [38;2;54;234;195mmemory:  3.52GiB(8.91%)  [34mtps: 50  [36mtflops: 0.16  [35mmfu: 0.05%[39m
[titan] 2026-09-10 08:19:38,564 - root - INFO - [31mstep: 87  [32mloss:  2.90882  [38;2;180;60;0mgrad_norm:  3.2969  [38;2;54;234;195mmemory:  3.52GiB(8.91%)  [34mtps: 49  [36mtflops: 0.16  [35mmfu: 0.05%[39m
[titan] 2026-09-10 08:19:38,565 - root - INFO - [31mstep: 87  [32mloss:  2.90882  [38;2;180;60;0mgrad_norm:  3.2969  [38;2;54;234;195mmemory:  3.52GiB(8.91%)  [34mtps: 49  [36mtflops: 0.16  [35mmfu: 0.05%[39m
[titan] 2026-09-10 08:19:38,565 - root - INFO - [31mstep: 87  [32mloss:  2.90882  [38;2;180;60;0mgrad_norm:  3.2969  [38;2;54;234;195mmemory:  3.52GiB(8.91%)  [34mtps: 49  [36mtflops: 0.16  [35mmfu: 0.05%[39m
[titan] 2026-09-10 08:19:38,575 - root - INFO - [31mstep: 87  [32mloss:  2.90882  [38;2;180;60;0mgrad_norm:  3.2969  [38;2;54;234;195mmemory:  3.52GiB(8.91%)  [34mtps: 49  [36mtflops: 0.16  [35mmfu: 0.05%[39m
[titan] 2026-09-10 08:19:39,859 - root - INFO - [31mstep: 88  [32mloss:  0.74109  [38;2;180;60;0mgrad_norm:  2.7969  [38;2;54;234;195mmemory:  3.52GiB(8.91%)  [34mtps: 49  [36mtflops: 0.16  [35mmfu: 0.05%[39m
[titan] 2026-09-10 08:19:39,861 - root - INFO - [31mstep: 88  [32mloss:  0.74109  [38;2;180;60;0mgrad_norm:  2.7969  [38;2;54;234;195mmemory:  3.52GiB(8.91%)  [34mtps: 50  [36mtflops: 0.17  [35mmfu: 0.05%[39m
[titan] 2026-09-10 08:19:39,861 - root - INFO - [31mstep: 88  [32mloss:  0.74109  [38;2;180;60;0mgrad_norm:  2.7969  [38;2;54;234;195mmemory:  3.52GiB(8.91%)  [34mtps: 49  [36mtflops: 0.16  [35mmfu: 0.05%[39m
[titan] 2026-09-10 08:19:39,864 - root - INFO - [31mstep: 88  [32mloss:  0.74109  [38;2;180;60;0mgrad_norm:  2.7969  [38;2;54;234;195mmemory:  3.52GiB(8.91%)  [34mtps: 49  [36mtflops: 0.16  [35mmfu: 0.05%[39m
[titan] 2026-09-10 08:19:41,146 - root - INFO - [31mstep: 89  [32mloss:  2.03451  [38;2;180;60;0mgrad_norm:  3.8281  [38;2;54;234;195mmemory:  3.52GiB(8.91%)  [34mtps: 50  [36mtflops: 0.17  [35mmfu: 0.05%[39m
[titan] 2026-09-10 08:19:41,147 - root - INFO - [31mstep: 89  [32mloss:  2.03451  [38;2;180;60;0mgrad_norm:  3.8281  [38;2;54;234;195mmemory:  3.52GiB(8.91%)  [34mtps: 50  [36mtflops: 0.17  [35mmfu: 0.05%[39m
[titan] 2026-09-10 08:19:41,148 - root - INFO - [31mstep: 89  [32mloss:  2.03451  [38;2;180;60;0mgrad_norm:  3.8281  [38;2;54;234;195mmemory:  3.52GiB(8.91%)  [34mtps: 50  [36mtflops: 0.17  [35mmfu: 0.05%[39m
[titan] 2026-09-10 08:19:41,151 - root - INFO - [31mstep: 89  [32mloss:  2.03451  [38;2;180;60;0mgrad_norm:  3.8281  [38;2;54;234;195mmemory:  3.52GiB(8.91%)  [34mtps: 50  [36mtflops: 0.16  [35mmfu: 0.05%[39m
[titan] 2026-09-10 08:19:42,426 - root - INFO - [31mstep: 90  [32mloss:  0.61247  [38;2;180;60;0mgrad_norm:  2.4219  [38;2;54;234;195mmemory:  3.52GiB(8.91%)  [34mtps: 50  [36mtflops: 0.17  [35mmfu: 0.05%[39m
[titan] 2026-09-10 08:19:42,427 - root - INFO - [31mstep: 90  [32mloss:  0.61247  [38;2;180;60;0mgrad_norm:  2.4219  [38;2;54;234;195mmemory:  3.52GiB(8.91%)  [34mtps: 50  [36mtflops: 0.17  [35mmfu: 0.05%[39m
[titan] 2026-09-10 08:19:42,427 - root - INFO - [31mstep: 90  [32mloss:  0.61247  [38;2;180;60;0mgrad_norm:  2.4219  [38;2;54;234;195mmemory:  3.52GiB(8.91%)  [34mtps: 50  [36mtflops: 0.17  [35mmfu: 0.05%[39m
[titan] 2026-09-10 08:19:42,429 - root - INFO - [31mstep: 90  [32mloss:  0.61247  [38;2;180;60;0mgrad_norm:  2.4219  [38;2;54;234;195mmemory:  3.52GiB(8.91%)  [34mtps: 50  [36mtflops: 0.17  [35mmfu: 0.05%[39m
[titan] 2026-09-10 08:19:43,726 - root - INFO - [31mstep: 91  [32mloss:  2.19759  [38;2;180;60;0mgrad_norm:  3.5000  [38;2;54;234;195mmemory:  3.52GiB(8.91%)  [34mtps: 49  [36mtflops: 0.16  [35mmfu: 0.05%[39m
[titan] 2026-09-10 08:19:43,727 - root - INFO - [31mstep: 91  [32mloss:  2.19759  [38;2;180;60;0mgrad_norm:  3.5000  [38;2;54;234;195mmemory:  3.52GiB(8.91%)  [34mtps: 49  [36mtflops: 0.16  [35mmfu: 0.05%[39m
[titan] 2026-09-10 08:19:43,727 - root - INFO - [31mstep: 91  [32mloss:  2.19759  [38;2;180;60;0mgrad_norm:  3.5000  [38;2;54;234;195mmemory:  3.52GiB(8.91%)  [34mtps: 49  [36mtflops: 0.16  [35mmfu: 0.05%[39m
[titan] 2026-09-10 08:19:43,729 - root - INFO - [31mstep: 91  [32mloss:  2.19759  [38;2;180;60;0mgrad_norm:  3.5000  [38;2;54;234;195mmemory:  3.52GiB(8.91%)  [34mtps: 49  [36mtflops: 0.16  [35mmfu: 0.05%[39m
[titan] 2026-09-10 08:19:45,029 - root - INFO - [31mstep: 92  [32mloss:  3.13778  [38;2;180;60;0mgrad_norm:  4.4688  [38;2;54;234;195mmemory:  3.52GiB(8.91%)  [34mtps: 49  [36mtflops: 0.16  [35mmfu: 0.05%[39m
[titan] 2026-09-10 08:19:45,029 - root - INFO - [31mstep: 92  [32mloss:  3.13778  [38;2;180;60;0mgrad_norm:  4.4688  [38;2;54;234;195mmemory:  3.52GiB(8.91%)  [34mtps: 49  [36mtflops: 0.16  [35mmfu: 0.05%[39m
[titan] 2026-09-10 08:19:45,030 - root - INFO - [31mstep: 92  [32mloss:  3.13778  [38;2;180;60;0mgrad_norm:  4.4688  [38;2;54;234;195mmemory:  3.52GiB(8.91%)  [34mtps: 49  [36mtflops: 0.16  [35mmfu: 0.05%[39m
[titan] 2026-09-10 08:19:45,032 - root - INFO - [31mstep: 92  [32mloss:  3.13778  [38;2;180;60;0mgrad_norm:  4.4688  [38;2;54;234;195mmemory:  3.52GiB(8.91%)  [34mtps: 49  [36mtflops: 0.16  [35mmfu: 0.05%[39m
[titan] 2026-09-10 08:19:46,328 - root - INFO - [31mstep: 93  [32mloss:  3.08957  [38;2;180;60;0mgrad_norm:  3.9219  [38;2;54;234;195mmemory:  3.52GiB(8.91%)  [34mtps: 49  [36mtflops: 0.16  [35mmfu: 0.05%[39m
[titan] 2026-09-10 08:19:46,329 - root - INFO - [31mstep: 93  [32mloss:  3.08957  [38;2;180;60;0mgrad_norm:  3.9219  [38;2;54;234;195mmemory:  3.52GiB(8.91%)  [34mtps: 49  [36mtflops: 0.16  [35mmfu: 0.05%[39m
[titan] 2026-09-10 08:19:46,331 - root - INFO - [31mstep: 93  [32mloss:  3.08957  [38;2;180;60;0mgrad_norm:  3.9219  [38;2;54;234;195mmemory:  3.52GiB(8.91%)  [34mtps: 49  [36mtflops: 0.16  [35mmfu: 0.05%[39m
[titan] 2026-09-10 08:19:46,334 - root - INFO - [31mstep: 93  [32mloss:  3.08957  [38;2;180;60;0mgrad_norm:  3.9219  [38;2;54;234;195mmemory:  3.52GiB(8.91%)  [34mtps: 49  [36mtflops: 0.16  [35mmfu: 0.05%[39m
[titan] 2026-09-10 08:19:47,610 - root - INFO - [31mstep: 94  [32mloss:  3.05857  [38;2;180;60;0mgrad_norm:  5.8125  [38;2;54;234;195mmemory:  3.52GiB(8.91%)  [34mtps: 50  [36mtflops: 0.17  [35mmfu: 0.05%[39m
[titan] 2026-09-10 08:19:47,611 - root - INFO - [31mstep: 94  [32mloss:  3.05857  [38;2;180;60;0mgrad_norm:  5.8125  [38;2;54;234;195mmemory:  3.52GiB(8.91%)  [34mtps: 50  [36mtflops: 0.17  [35mmfu: 0.05%[39m
[titan] 2026-09-10 08:19:47,611 - root - INFO - [31mstep: 94  [32mloss:  3.05857  [38;2;180;60;0mgrad_norm:  5.8125  [38;2;54;234;195mmemory:  3.52GiB(8.91%)  [34mtps: 50  [36mtflops: 0.17  [35mmfu: 0.05%[39m
[titan] 2026-09-10 08:19:47,611 - root - INFO - [31mstep: 94  [32mloss:  3.05857  [38;2;180;60;0mgrad_norm:  5.8125  [38;2;54;234;195mmemory:  3.52GiB(8.91%)  [34mtps: 50  [36mtflops: 0.17  [35mmfu: 0.05%[39m
[titan] 2026-09-10 08:19:48,889 - root - INFO - [31mstep: 95  [32mloss:  1.66347  [38;2;180;60;0mgrad_norm:  3.1875  [38;2;54;234;195mmemory:  3.52GiB(8.91%)  [34mtps: 50  [36mtflops: 0.17  [35mmfu: 0.05%[39m
[titan] 2026-09-10 08:19:48,890 - root - INFO - [31mstep: 95  [32mloss:  1.66347  [38;2;180;60;0mgrad_norm:  3.1875  [38;2;54;234;195mmemory:  3.52GiB(8.91%)  [34mtps: 50  [36mtflops: 0.17  [35mmfu: 0.05%[39m
[titan] 2026-09-10 08:19:48,891 - root - INFO - [31mstep: 95  [32mloss:  1.66347  [38;2;180;60;0mgrad_norm:  3.1875  [38;2;54;234;195mmemory:  3.52GiB(8.91%)  [34mtps: 50  [36mtflops: 0.17  [35mmfu: 0.05%[39m
[titan] 2026-09-10 08:19:48,891 - root - INFO - [31mstep: 95  [32mloss:  1.66347  [38;2;180;60;0mgrad_norm:  3.1875  [38;2;54;234;195mmemory:  3.52GiB(8.91%)  [34mtps: 50  [36mtflops: 0.17  [35mmfu: 0.05%[39m
[titan] 2026-09-10 08:19:50,170 - root - INFO - [31mstep: 96  [32mloss:  3.16224  [38;2;180;60;0mgrad_norm:  6.6250  [38;2;54;234;195mmemory:  3.52GiB(8.91%)  [34mtps: 50  [36mtflops: 0.17  [35mmfu: 0.05%[39m
[titan] 2026-09-10 08:19:50,170 - root - INFO - [31mstep: 96  [32mloss:  3.16224  [38;2;180;60;0mgrad_norm:  6.6250  [38;2;54;234;195mmemory:  3.52GiB(8.91%)  [34mtps: 50  [36mtflops: 0.17  [35mmfu: 0.05%[39m
[titan] 2026-09-10 08:19:50,170 - root - INFO - [31mstep: 96  [32mloss:  3.16224  [38;2;180;60;0mgrad_norm:  6.6250  [38;2;54;234;195mmemory:  3.52GiB(8.91%)  [34mtps: 50  [36mtflops: 0.17  [35mmfu: 0.05%[39m
[titan] 2026-09-10 08:19:50,171 - root - INFO - [31mstep: 96  [32mloss:  3.16224  [38;2;180;60;0mgrad_norm:  6.6250  [38;2;54;234;195mmemory:  3.52GiB(8.91%)  [34mtps: 50  [36mtflops: 0.17  [35mmfu: 0.05%[39m
[titan] 2026-09-10 08:19:51,467 - root - INFO - [31mstep: 97  [32mloss:  2.16241  [38;2;180;60;0mgrad_norm:  5.2188  [38;2;54;234;195mmemory:  3.52GiB(8.91%)  [34mtps: 49  [36mtflops: 0.16  [35mmfu: 0.05%[39m
[titan] 2026-09-10 08:19:51,467 - root - INFO - [31mstep: 97  [32mloss:  2.16241  [38;2;180;60;0mgrad_norm:  5.2188  [38;2;54;234;195mmemory:  3.52GiB(8.91%)  [34mtps: 49  [36mtflops: 0.16  [35mmfu: 0.05%[39m
[titan] 2026-09-10 08:19:51,468 - root - INFO - [31mstep: 97  [32mloss:  2.16241  [38;2;180;60;0mgrad_norm:  5.2188  [38;2;54;234;195mmemory:  3.52GiB(8.91%)  [34mtps: 49  [36mtflops: 0.16  [35mmfu: 0.05%[39m
[titan] 2026-09-10 08:19:51,469 - root - INFO - [31mstep: 97  [32mloss:  2.16241  [38;2;180;60;0mgrad_norm:  5.2188  [38;2;54;234;195mmemory:  3.52GiB(8.91%)  [34mtps: 49  [36mtflops: 0.16  [35mmfu: 0.05%[39m
[titan] 2026-09-10 08:19:52,750 - root - INFO - [31mstep: 98  [32mloss:  2.69627  [38;2;180;60;0mgrad_norm:  5.7812  [38;2;54;234;195mmemory:  3.52GiB(8.91%)  [34mtps: 50  [36mtflops: 0.17  [35mmfu: 0.05%[39m
[titan] 2026-09-10 08:19:52,751 - root - INFO - [31mstep: 98  [32mloss:  2.69627  [38;2;180;60;0mgrad_norm:  5.7812  [38;2;54;234;195mmemory:  3.52GiB(8.91%)  [34mtps: 50  [36mtflops: 0.17  [35mmfu: 0.05%[39m
[titan] 2026-09-10 08:19:52,752 - root - INFO - [31mstep: 98  [32mloss:  2.69627  [38;2;180;60;0mgrad_norm:  5.7812  [38;2;54;234;195mmemory:  3.52GiB(8.91%)  [34mtps: 50  [36mtflops: 0.17  [35mmfu: 0.05%[39m
[titan] 2026-09-10 08:19:52,752 - root - INFO - [31mstep: 98  [32mloss:  2.69627  [38;2;180;60;0mgrad_norm:  5.7812  [38;2;54;234;195mmemory:  3.52GiB(8.91%)  [34mtps: 50  [36mtflops: 0.17  [35mmfu: 0.05%[39m
[titan] 2026-09-10 08:19:54,035 - root - INFO - [31mstep: 99  [32mloss:  1.25569  [38;2;180;60;0mgrad_norm:  5.7188  [38;2;54;234;195mmemory:  3.52GiB(8.91%)  [34mtps: 50  [36mtflops: 0.17  [35mmfu: 0.05%[39m
[titan] 2026-09-10 08:19:54,037 - root - INFO - [31mstep: 99  [32mloss:  1.25569  [38;2;180;60;0mgrad_norm:  5.7188  [38;2;54;234;195mmemory:  3.52GiB(8.91%)  [34mtps: 50  [36mtflops: 0.17  [35mmfu: 0.05%[39m
[titan] 2026-09-10 08:19:54,039 - root - INFO - [31mstep: 99  [32mloss:  1.25569  [38;2;180;60;0mgrad_norm:  5.7188  [38;2;54;234;195mmemory:  3.52GiB(8.91%)  [34mtps: 50  [36mtflops: 0.17  [35mmfu: 0.05%[39m
[titan] 2026-09-10 08:19:54,041 - root - INFO - [31mstep: 99  [32mloss:  1.25569  [38;2;180;60;0mgrad_norm:  5.7188  [38;2;54;234;195mmemory:  3.52GiB(8.91%)  [34mtps: 50  [36mtflops: 0.16  [35mmfu: 0.05%[39m
[titan] 2026-09-10 08:19:54,408 - root - INFO - [GC] Performing periodic GC collection took 0.37 seconds
[titan] 2026-09-10 08:19:54,432 - root - INFO - [GC] Performing periodic GC collection took 0.39 seconds
[titan] 2026-09-10 08:19:54,433 - root - INFO - [GC] Performing periodic GC collection took 0.39 seconds
[titan] 2026-09-10 08:19:54,442 - root - INFO - [GC] Performing periodic GC collection took 0.40 seconds
[titan] 2026-09-10 08:19:55,750 - root - INFO - [31mstep: 100  [32mloss:  2.95217  [38;2;180;60;0mgrad_norm:  5.6562  [38;2;54;234;195mmemory:  3.52GiB(8.91%)  [34mtps: 37  [36mtflops: 0.12  [35mmfu: 0.04%[39m
[titan] 2026-09-10 08:19:55,750 - root - INFO - [31mstep: 100  [32mloss:  2.95217  [38;2;180;60;0mgrad_norm:  5.6562  [38;2;54;234;195mmemory:  3.52GiB(8.91%)  [34mtps: 37  [36mtflops: 0.12  [35mmfu: 0.04%[39m
[titan] 2026-09-10 08:19:55,751 - root - INFO - [31mstep: 100  [32mloss:  2.95217  [38;2;180;60;0mgrad_norm:  5.6562  [38;2;54;234;195mmemory:  3.52GiB(8.91%)  [34mtps: 37  [36mtflops: 0.12  [35mmfu: 0.04%[39m
[titan] 2026-09-10 08:19:55,751 - root - INFO - [31mstep: 100  [32mloss:  2.95217  [38;2;180;60;0mgrad_norm:  5.6562  [38;2;54;234;195mmemory:  3.52GiB(8.91%)  [34mtps: 37  [36mtflops: 0.12  [35mmfu: 0.04%[39m
[titan] 2026-09-10 08:19:55,755 - root - INFO - Saving the checkpoint.
[titan] 2026-09-10 08:19:55,755 - root - INFO - Saving a full checkpoint at last step, step 100.
[titan] 2026-09-10 08:19:55,755 - root - INFO - Saving the checkpoint.
[titan] 2026-09-10 08:19:55,756 - root - INFO - Saving a full checkpoint at last step, step 100.
[titan] 2026-09-10 08:19:55,756 - root - INFO - Saving the checkpoint.
[titan] 2026-09-10 08:19:55,756 - root - INFO - Saving a full checkpoint at last step, step 100.
[titan] 2026-09-10 08:19:55,756 - root - INFO - Saving the checkpoint.
[titan] 2026-09-10 08:19:55,756 - root - INFO - Saving a full checkpoint at last step, step 100.
[titan] 2026-09-10 08:20:04,054 - root - INFO - [GC] GC collection invoked by checkpointer. took 0.06 seconds
[titan] 2026-09-10 08:20:04,077 - root - INFO - Last step checkpoint completed in 8.32s
[titan] 2026-09-10 08:20:04,077 - root - INFO - Sleeping 2 seconds for other ranks to complete
[titan] 2026-09-10 08:20:04,107 - root - INFO - [GC] GC collection invoked by checkpointer. took 0.06 seconds
[titan] 2026-09-10 08:20:04,112 - root - INFO - [GC] GC collection invoked by checkpointer. took 0.06 seconds
[titan] 2026-09-10 08:20:04,118 - root - INFO - Last step checkpoint completed in 8.36s
[titan] 2026-09-10 08:20:04,119 - root - INFO - Training completed
[titan] 2026-09-10 08:20:04,120 - root - INFO - Destroying the purge thread.
[titan] 2026-09-10 08:20:04,125 - root - INFO - Last step checkpoint completed in 8.37s
[titan] 2026-09-10 08:20:04,126 - root - INFO - Training completed
[titan] 2026-09-10 08:20:04,126 - root - INFO - Destroying the purge thread.
[titan] 2026-09-10 08:20:04,414 - root - INFO - [GC] GC collection invoked by checkpointer. took 0.36 seconds
[titan] 2026-09-10 08:20:04,425 - root - INFO - Last step checkpoint completed in 8.67s
[titan] 2026-09-10 08:20:04,426 - root - INFO - Training completed
[titan] 2026-09-10 08:20:04,427 - root - INFO - Destroying the purge thread.
[titan] 2026-09-10 08:20:06,077 - root - INFO - Training completed
[titan] 2026-09-10 08:20:06,078 - root - INFO - Destroying the purge thread.
[titan] 2026-09-10 08:20:07,075 - root - INFO - Process group destroyed
[titan] 2026-09-10 08:20:07,080 - root - INFO - Process group destroyed
[titan] 2026-09-10 08:20:07,080 - root - INFO - Process group destroyed
[titan] 2026-09-10 08:20:07,165 - root - INFO - Process group destroyed
