W1002 08:53:09.035000 45003 torch/distributed/run.py:982] 
W1002 08:53:09.035000 45003 torch/distributed/run.py:982] *****************************************
W1002 08:53:09.035000 45003 torch/distributed/run.py:982] Setting OMP_NUM_THREADS environment variable for each process to be 1 in default, to avoid your system being overloaded, please further tune the variable for optimal performance in your application as needed. 
W1002 08:53:09.035000 45003 torch/distributed/run.py:982] *****************************************
[rank0]:WARNING:absl:Failed to load jax profiler: No module named 'jax'
[rank2]:WARNING:absl:Failed to load jax profiler: No module named 'jax'
[rank1]:WARNING:absl:Failed to load jax profiler: No module named 'jax'
[rank3]:WARNING:absl:Failed to load jax profiler: No module named 'jax'
[rank2]:[titan] 2026-10-02 08:53:15,463 - __main__ - INFO - torchtitan version: 0.0.0+unknown (0.0.0 means __version__ is not defined correctly).
[rank0]:[titan] 2026-10-02 08:53:15,441 - __main__ - INFO - torchtitan version: 0.0.0+unknown (0.0.0 means __version__ is not defined correctly).
[rank3]:[titan] 2026-10-02 08:53:15,507 - __main__ - INFO - torchtitan version: 0.0.0+unknown (0.0.0 means __version__ is not defined correctly).
[rank1]:[titan] 2026-10-02 08:53:15,632 - __main__ - INFO - torchtitan version: 0.0.0+unknown (0.0.0 means __version__ is not defined correctly).
[rank2]:[titan] 2026-10-02 08:53:16,127 - torchtitan.observability.structured_logger.jsonl_handler - INFO - Structured logging -> JSONL: /root/mep/results/dep_new_numerics/num_off_b/out/structured_logs/training.global_rank_2.20261002-085316-NY169Z.jsonl
[rank0]:[titan] 2026-10-02 08:53:16,184 - torchtitan.observability.structured_logger.jsonl_handler - INFO - Structured logging -> JSONL: /root/mep/results/dep_new_numerics/num_off_b/out/structured_logs/training.global_rank_0.20261002-085316-LWLNTQ.jsonl
[rank3]:[titan] 2026-10-02 08:53:16,233 - torchtitan.observability.structured_logger.jsonl_handler - INFO - Structured logging -> JSONL: /root/mep/results/dep_new_numerics/num_off_b/out/structured_logs/training.global_rank_3.20261002-085316-F9GQ6X.jsonl
[rank1]:[titan] 2026-10-02 08:53:16,365 - torchtitan.observability.structured_logger.jsonl_handler - INFO - Structured logging -> JSONL: /root/mep/results/dep_new_numerics/num_off_b/out/structured_logs/training.global_rank_1.20261002-085316-ZKDPOY.jsonl
[rank2]:[titan] 2026-10-02 08:53:16,807 - torchtitan.distributed.utils - WARNING - ENV[TORCH_NCCL_ASYNC_ERROR_HANDLING] = 1 will be overridden to 3 based on job config
[rank3]:[titan] 2026-10-02 08:53:16,941 - torchtitan.distributed.utils - WARNING - ENV[TORCH_NCCL_ASYNC_ERROR_HANDLING] = 1 will be overridden to 3 based on job config
[rank1]:[titan] 2026-10-02 08:53:17,081 - torchtitan.distributed.utils - WARNING - ENV[TORCH_NCCL_ASYNC_ERROR_HANDLING] = 1 will be overridden to 3 based on job config
[rank0]:[titan] 2026-10-02 08:53:17,016 - torchtitan.distributed.utils - WARNING - ENV[TORCH_NCCL_ASYNC_ERROR_HANDLING] = 1 will be overridden to 3 based on job config
[rank3]:[titan] 2026-10-02 08:53:17,687 - torchtitan.tools.utils - INFO - [GC] Initial GC collection took 0.00 seconds
[rank1]:[titan] 2026-10-02 08:53:17,686 - torchtitan.tools.utils - INFO - [GC] Initial GC collection took 0.00 seconds
[rank2]:[titan] 2026-10-02 08:53:17,690 - torchtitan.tools.utils - INFO - [GC] Initial GC collection took 0.00 seconds
[rank1]:[titan] 2026-10-02 08:53:17,686 - torchtitan.distributed.utils - INFO - Deterministic algorithm enabled (expect perf degradation).
[rank3]:[titan] 2026-10-02 08:53:17,687 - torchtitan.distributed.utils - INFO - Deterministic algorithm enabled (expect perf degradation).
[rank2]:[titan] 2026-10-02 08:53:17,690 - torchtitan.distributed.utils - INFO - Deterministic algorithm enabled (expect perf degradation).
[rank0]:[titan] 2026-10-02 08:53:17,686 - torchtitan.tools.utils - INFO - [GC] Initial GC collection took 0.00 seconds
[rank0]:[titan] 2026-10-02 08:53:17,687 - torchtitan.distributed.utils - INFO - Deterministic algorithm enabled (expect perf degradation).
[rank1]:[titan] 2026-10-02 08:53:17,701 - torchtitan.distributed.parallelism_context - INFO - Building device mesh with parallelism: pp=4, dp_replicate=1, dp_shard=1, cp=1, tp=1, ep=1
[rank3]:[titan] 2026-10-02 08:53:17,699 - torchtitan.distributed.parallelism_context - INFO - Building device mesh with parallelism: pp=4, dp_replicate=1, dp_shard=1, cp=1, tp=1, ep=1
[rank2]:[titan] 2026-10-02 08:53:17,710 - torchtitan.distributed.parallelism_context - INFO - Building device mesh with parallelism: pp=4, dp_replicate=1, dp_shard=1, cp=1, tp=1, ep=1
[rank0]:[titan] 2026-10-02 08:53:17,701 - torchtitan.distributed.parallelism_context - INFO - Building device mesh with parallelism: pp=4, dp_replicate=1, dp_shard=1, cp=1, tp=1, ep=1
[rank1]:[titan] 2026-10-02 08:53:18,756 - torchtitan.distributed.parallelism_context - INFO - Successfully created meshes with active axes: ['pp']
[rank2]:[titan] 2026-10-02 08:53:18,754 - torchtitan.distributed.parallelism_context - INFO - Successfully created meshes with active axes: ['pp']
[rank3]:[titan] 2026-10-02 08:53:18,754 - torchtitan.distributed.parallelism_context - INFO - Successfully created meshes with active axes: ['pp']
[rank1]:[titan] 2026-10-02 08:53:18,759 - torchtitan.observability.metrics - INFO - CUDA capacity: NVIDIA H100 80GB HBM3 with 79.21GiB memory
[rank3]:[titan] 2026-10-02 08:53:18,759 - torchtitan.observability.metrics - INFO - CUDA capacity: NVIDIA H100 80GB HBM3 with 79.21GiB memory
[rank1]:[titan] 2026-10-02 08:53:18,770 - torchtitan.config.configurable - WARNING - Config field value of type InterpolationMode may not be JSON serializable
[rank2]:[titan] 2026-10-02 08:53:18,757 - torchtitan.observability.metrics - INFO - CUDA capacity: NVIDIA H100 80GB HBM3 with 79.21GiB memory
[rank3]:[titan] 2026-10-02 08:53:18,771 - torchtitan.config.configurable - WARNING - Config field value of type InterpolationMode may not be JSON serializable
[rank2]:[titan] 2026-10-02 08:53:18,768 - torchtitan.config.configurable - WARNING - Config field value of type InterpolationMode may not be JSON serializable
[rank1]:[titan] 2026-10-02 08:53:18,771 - torchtitan.tools.utils - WARNING - Error running lspci: [Errno 2] No such file or directory: 'lspci', fallback to use device_name
[rank1]:[titan] 2026-10-02 08:53:18,772 - torchtitan.components.tokenizer - INFO - Loading tokenizer from tokenizer.json
[rank2]:[titan] 2026-10-02 08:53:18,769 - torchtitan.tools.utils - WARNING - Error running lspci: [Errno 2] No such file or directory: 'lspci', fallback to use device_name
[rank3]:[titan] 2026-10-02 08:53:18,773 - torchtitan.tools.utils - WARNING - Error running lspci: [Errno 2] No such file or directory: 'lspci', fallback to use device_name
[rank2]:[titan] 2026-10-02 08:53:18,769 - torchtitan.components.tokenizer - INFO - Loading tokenizer from tokenizer.json
[rank3]:[titan] 2026-10-02 08:53:18,774 - torchtitan.components.tokenizer - INFO - Loading tokenizer from tokenizer.json
[rank0]:[titan] 2026-10-02 08:53:18,749 - torchtitan.distributed.parallelism_context - INFO - Successfully created meshes with active axes: ['pp']
[rank0]:[titan] 2026-10-02 08:53:18,752 - torchtitan.observability.metrics - INFO - CUDA capacity: NVIDIA H100 80GB HBM3 with 79.21GiB memory
[rank0]:[titan] 2026-10-02 08:53:18,763 - torchtitan.config.configurable - WARNING - Config field value of type InterpolationMode may not be JSON serializable
[rank0]:[titan] 2026-10-02 08:53:18,764 - torchtitan.tools.utils - WARNING - Error running lspci: [Errno 2] No such file or directory: 'lspci', fallback to use device_name
[rank0]:[titan] 2026-10-02 08:53:18,765 - torchtitan.components.tokenizer - INFO - Loading tokenizer from tokenizer.json
[rank2]:[titan] 2026-10-02 08:53:18,908 - torchtitan.protocols.state_dict_adapter - WARNING - model.safetensors.index.json not found at hf_assets_path: ./tests/assets/tokenizer/model.safetensors.index.json.                     Defaulting to saving a single safetensors file if checkpoint is saved in HF format
[rank2]:[titan] 2026-10-02 08:53:18,912 - torchtitan.models.utils - INFO - Total parameter count: 11,625,395,584, active parameters: 8,885,570,688
[rank1]:[titan] 2026-10-02 08:53:18,903 - torchtitan.protocols.state_dict_adapter - WARNING - model.safetensors.index.json not found at hf_assets_path: ./tests/assets/tokenizer/model.safetensors.index.json.                     Defaulting to saving a single safetensors file if checkpoint is saved in HF format
[rank2]:[titan] 2026-10-02 08:53:18,989 - torchtitan.distributed.pipeline_parallel - INFO - PP rank 2 is building stage_idx 2 with modules ['layers.3', 'layers.4']
[rank1]:[titan] 2026-10-02 08:53:18,907 - torchtitan.models.utils - INFO - Total parameter count: 11,625,395,584, active parameters: 8,885,570,688
[rank1]:[titan] 2026-10-02 08:53:18,985 - torchtitan.distributed.pipeline_parallel - INFO - PP rank 1 is building stage_idx 1 with modules ['layers.1', 'layers.2']
[rank0]:[titan] 2026-10-02 08:53:18,900 - torchtitan.protocols.state_dict_adapter - WARNING - model.safetensors.index.json not found at hf_assets_path: ./tests/assets/tokenizer/model.safetensors.index.json.                     Defaulting to saving a single safetensors file if checkpoint is saved in HF format
[rank0]:[titan] 2026-10-02 08:53:18,903 - torchtitan.models.utils - INFO - Total parameter count: 11,625,395,584, active parameters: 8,885,570,688
[rank0]:[titan] 2026-10-02 08:53:18,982 - torchtitan.distributed.pipeline_parallel - INFO - PP rank 0 is building stage_idx 0 with modules ['vision_encoder', 'tok_embeddings', 'layers.0']
[rank3]:[titan] 2026-10-02 08:53:19,063 - torchtitan.protocols.state_dict_adapter - WARNING - model.safetensors.index.json not found at hf_assets_path: ./tests/assets/tokenizer/model.safetensors.index.json.                     Defaulting to saving a single safetensors file if checkpoint is saved in HF format
[rank3]:[titan] 2026-10-02 08:53:19,067 - torchtitan.models.utils - INFO - Total parameter count: 11,625,395,584, active parameters: 8,885,570,688
[rank1]:[titan] 2026-10-02 08:53:19,051 - torchtitan.distributed.pipeline_parallel - INFO - PP rank 1 is building stage_idx 5 with modules ['layers.7']
[rank2]:[titan] 2026-10-02 08:53:19,057 - torchtitan.distributed.pipeline_parallel - INFO - PP rank 2 is building stage_idx 6 with modules ['layers.8']
[rank0]:[titan] 2026-10-02 08:53:19,051 - torchtitan.distributed.pipeline_parallel - INFO - PP rank 0 is building stage_idx 4 with modules ['layers.6']
[rank3]:[titan] 2026-10-02 08:53:19,139 - torchtitan.distributed.pipeline_parallel - INFO - PP rank 3 is building stage_idx 3 with modules ['layers.5']
[rank1]:[titan] 2026-10-02 08:53:19,116 - torchtitan.distributed.pipeline_parallel - INFO - PP rank 1 is building stage_idx 9 with modules ['layers.11']
[rank2]:[titan] 2026-10-02 08:53:19,123 - torchtitan.distributed.pipeline_parallel - INFO - PP rank 2 is building stage_idx 10 with modules ['layers.12']
[rank1]:[titan] 2026-10-02 08:53:19,183 - torchtitan.distributed.pipeline_parallel - INFO - PP rank 1 is building stage_idx 13 with modules ['layers.15']
[rank2]:[titan] 2026-10-02 08:53:19,192 - torchtitan.distributed.pipeline_parallel - INFO - PP rank 2 is building stage_idx 14 with modules ['layers.16']
[rank1]:[titan] 2026-10-02 08:53:19,191 - torchtitan.distributed.activation_checkpoint - INFO - Applied FullAC activation checkpointing to the model
[rank0]:[titan] 2026-10-02 08:53:19,117 - torchtitan.distributed.pipeline_parallel - INFO - PP rank 0 is building stage_idx 8 with modules ['layers.10']
[rank0]:[titan] 2026-10-02 08:53:19,184 - torchtitan.distributed.pipeline_parallel - INFO - PP rank 0 is building stage_idx 12 with modules ['layers.14']
[rank0]:[titan] 2026-10-02 08:53:19,191 - torchtitan.distributed.activation_checkpoint - INFO - Applied FullAC activation checkpointing to the model
[rank0]:[titan] 2026-10-02 08:53:19,192 - torchtitan.distributed.activation_checkpoint - INFO - Applied FullAC activation checkpointing to the model
[rank3]:[titan] 2026-10-02 08:53:19,206 - torchtitan.distributed.pipeline_parallel - INFO - PP rank 3 is building stage_idx 7 with modules ['layers.9']
[rank3]:[titan] 2026-10-02 08:53:19,273 - torchtitan.distributed.pipeline_parallel - INFO - PP rank 3 is building stage_idx 11 with modules ['layers.13']
[rank1]:[titan] 2026-10-02 08:53:19,231 - torchtitan.distributed.fsdp - INFO - Applied FSDP to the model
[rank2]:[titan] 2026-10-02 08:53:19,201 - torchtitan.distributed.activation_checkpoint - INFO - Applied FullAC activation checkpointing to the model
[rank1]:[titan] 2026-10-02 08:53:19,235 - torchtitan.distributed.activation_checkpoint - INFO - Applied FullAC activation checkpointing to the model
[rank1]:[titan] 2026-10-02 08:53:19,244 - torchtitan.distributed.fsdp - INFO - Applied FSDP to the model
[rank2]:[titan] 2026-10-02 08:53:19,249 - torchtitan.distributed.fsdp - INFO - Applied FSDP to the model
[rank1]:[titan] 2026-10-02 08:53:19,248 - torchtitan.distributed.activation_checkpoint - INFO - Applied FullAC activation checkpointing to the model
[rank2]:[titan] 2026-10-02 08:53:19,253 - torchtitan.distributed.activation_checkpoint - INFO - Applied FullAC activation checkpointing to the model
[rank1]:[titan] 2026-10-02 08:53:19,251 - torchtitan.distributed.fsdp - INFO - Applied FSDP to the model
[rank2]:[titan] 2026-10-02 08:53:19,258 - torchtitan.distributed.fsdp - INFO - Applied FSDP to the model
[rank1]:[titan] 2026-10-02 08:53:19,255 - torchtitan.distributed.activation_checkpoint - INFO - Applied FullAC activation checkpointing to the model
[rank2]:[titan] 2026-10-02 08:53:19,262 - torchtitan.distributed.activation_checkpoint - INFO - Applied FullAC activation checkpointing to the model
[rank1]:[titan] 2026-10-02 08:53:19,258 - torchtitan.distributed.fsdp - INFO - Applied FSDP to the model
[rank2]:[titan] 2026-10-02 08:53:19,266 - torchtitan.distributed.fsdp - INFO - Applied FSDP to the model
[rank1]:[titan] 2026-10-02 08:53:19,262 - torchtitan.distributed.pipeline_parallel - INFO - Using pipeline schedule Interleaved1F1B with 16 microbatches and 16 stages.
[rank2]:[titan] 2026-10-02 08:53:19,269 - torchtitan.distributed.activation_checkpoint - INFO - Applied FullAC activation checkpointing to the model
[rank1]:[titan] 2026-10-02 08:53:19,262 - torchtitan.models.kimi_k3.pipeline_parallel - INFO - Kimi K3 pipeline: 4 stage(s) on this rank [1, 5, 9, 13], block transport delta with rank store
[rank2]:[titan] 2026-10-02 08:53:19,273 - torchtitan.distributed.fsdp - INFO - Applied FSDP to the model
[rank2]:[titan] 2026-10-02 08:53:19,277 - torchtitan.distributed.pipeline_parallel - INFO - Using pipeline schedule Interleaved1F1B with 16 microbatches and 16 stages.
[rank2]:[titan] 2026-10-02 08:53:19,278 - torchtitan.models.kimi_k3.pipeline_parallel - INFO - Kimi K3 pipeline: 4 stage(s) on this rank [2, 6, 10, 14], block transport delta with rank store
[rank0]:[titan] 2026-10-02 08:53:19,233 - torchtitan.distributed.fsdp - INFO - Applied FSDP to the model
[rank0]:[titan] 2026-10-02 08:53:19,237 - torchtitan.distributed.activation_checkpoint - INFO - Applied FullAC activation checkpointing to the model
[rank0]:[titan] 2026-10-02 08:53:19,253 - torchtitan.distributed.fsdp - INFO - Applied FSDP to the model
[rank0]:[titan] 2026-10-02 08:53:19,257 - torchtitan.distributed.activation_checkpoint - INFO - Applied FullAC activation checkpointing to the model
[rank0]:[titan] 2026-10-02 08:53:19,262 - torchtitan.distributed.fsdp - INFO - Applied FSDP to the model
[rank0]:[titan] 2026-10-02 08:53:19,265 - torchtitan.distributed.activation_checkpoint - INFO - Applied FullAC activation checkpointing to the model
[rank0]:[titan] 2026-10-02 08:53:19,270 - torchtitan.distributed.fsdp - INFO - Applied FSDP to the model
[rank0]:[titan] 2026-10-02 08:53:19,274 - torchtitan.distributed.pipeline_parallel - INFO - Using pipeline schedule Interleaved1F1B with 16 microbatches and 16 stages.
[rank0]:[titan] 2026-10-02 08:53:19,274 - torchtitan.models.kimi_k3.pipeline_parallel - INFO - Kimi K3 pipeline: 4 stage(s) on this rank [0, 4, 8, 12], block transport delta with rank store
[rank3]:[titan] 2026-10-02 08:53:19,339 - torchtitan.distributed.pipeline_parallel - INFO - PP rank 3 is building stage_idx 15 with modules ['norm', 'lm_head', 'output_res_proj', 'output_res_norm']
[rank3]:[titan] 2026-10-02 08:53:19,345 - torchtitan.distributed.activation_checkpoint - INFO - Applied FullAC activation checkpointing to the model
[rank3]:[titan] 2026-10-02 08:53:19,383 - torchtitan.distributed.fsdp - INFO - Applied FSDP to the model
[rank3]:[titan] 2026-10-02 08:53:19,387 - torchtitan.distributed.activation_checkpoint - INFO - Applied FullAC activation checkpointing to the model
[rank3]:[titan] 2026-10-02 08:53:19,391 - torchtitan.distributed.fsdp - INFO - Applied FSDP to the model
[rank3]:[titan] 2026-10-02 08:53:19,395 - torchtitan.distributed.activation_checkpoint - INFO - Applied FullAC activation checkpointing to the model
[rank3]:[titan] 2026-10-02 08:53:19,400 - torchtitan.distributed.fsdp - INFO - Applied FSDP to the model
[rank3]:[titan] 2026-10-02 08:53:19,402 - torchtitan.distributed.activation_checkpoint - INFO - Applied FullAC activation checkpointing to the model
[rank3]:[titan] 2026-10-02 08:53:19,404 - torchtitan.distributed.fsdp - INFO - Applied FSDP to the model
[rank3]:[titan] 2026-10-02 08:53:19,409 - torchtitan.distributed.pipeline_parallel - INFO - Using pipeline schedule Interleaved1F1B with 16 microbatches and 16 stages.
[rank3]:[titan] 2026-10-02 08:53:19,409 - torchtitan.models.kimi_k3.pipeline_parallel - INFO - Kimi K3 pipeline: 4 stage(s) on this rank [3, 7, 11, 15], block transport delta with rank store
[rank1]:[rank1]:W1002 08:53:19.925000 45073 torch/distributed/tensor/_random.py:215] DTensor is synchronizing RNG states of every rank with the state from rank 0. This behavior is deprecated. Please call `torch.manual_seed()` on every rank that participates in SPMD DTensor Operations with the same seed. If using Pipeline Parallelism, each pipeline state would use a different seed, but all ranks belonging to one pipeline stage would use the same seed.
[rank2]:[rank2]:W1002 08:53:19.923000 45074 torch/distributed/tensor/_random.py:215] DTensor is synchronizing RNG states of every rank with the state from rank 0. This behavior is deprecated. Please call `torch.manual_seed()` on every rank that participates in SPMD DTensor Operations with the same seed. If using Pipeline Parallelism, each pipeline state would use a different seed, but all ranks belonging to one pipeline stage would use the same seed.
[rank3]:[rank3]:W1002 08:53:19.924000 45075 torch/distributed/tensor/_random.py:215] DTensor is synchronizing RNG states of every rank with the state from rank 0. This behavior is deprecated. Please call `torch.manual_seed()` on every rank that participates in SPMD DTensor Operations with the same seed. If using Pipeline Parallelism, each pipeline state would use a different seed, but all ranks belonging to one pipeline stage would use the same seed.
[rank1]:[titan] 2026-10-02 08:53:20,172 - torchtitan.training_engine - INFO - Model KimiK3Model.Config size: 11,625,395,584 total parameters
[rank1]:[titan] 2026-10-02 08:53:20,173 - torchtitan.components.optim.optimizer - INFO - Optimizer AdamW (model_part=0): 56 params [.*] {'lr': 0.0008, 'betas': (0.9, 0.95), 'eps': 1e-08, 'weight_decay': 0.1, 'foreach': None, 'fused': True}
[rank3]:[titan] 2026-10-02 08:53:20,154 - torchtitan.training_engine - INFO - Model KimiK3Model.Config size: 11,625,395,584 total parameters
[rank2]:[titan] 2026-10-02 08:53:20,173 - torchtitan.training_engine - INFO - Model KimiK3Model.Config size: 11,625,395,584 total parameters
[rank1]:[titan] 2026-10-02 08:53:20,173 - torchtitan.components.optim.optimizer - INFO - Optimizer AdamW (model_part=1): 22 params [.*] {'lr': 0.0008, 'betas': (0.9, 0.95), 'eps': 1e-08, 'weight_decay': 0.1, 'foreach': None, 'fused': True}
[rank2]:[titan] 2026-10-02 08:53:20,174 - torchtitan.components.optim.optimizer - INFO - Optimizer AdamW (model_part=0): 50 params [.*] {'lr': 0.0008, 'betas': (0.9, 0.95), 'eps': 1e-08, 'weight_decay': 0.1, 'foreach': None, 'fused': True}
[rank1]:[titan] 2026-10-02 08:53:20,174 - torchtitan.components.optim.optimizer - INFO - Optimizer AdamW (model_part=2): 22 params [.*] {'lr': 0.0008, 'betas': (0.9, 0.95), 'eps': 1e-08, 'weight_decay': 0.1, 'foreach': None, 'fused': True}
[rank3]:[titan] 2026-10-02 08:53:20,156 - torchtitan.components.optim.optimizer - INFO - Optimizer AdamW (model_part=0): 28 params [.*] {'lr': 0.0008, 'betas': (0.9, 0.95), 'eps': 1e-08, 'weight_decay': 0.1, 'foreach': None, 'fused': True}
[rank2]:[titan] 2026-10-02 08:53:20,175 - torchtitan.components.optim.optimizer - INFO - Optimizer AdamW (model_part=1): 28 params [.*] {'lr': 0.0008, 'betas': (0.9, 0.95), 'eps': 1e-08, 'weight_decay': 0.1, 'foreach': None, 'fused': True}
[rank1]:[titan] 2026-10-02 08:53:20,174 - torchtitan.components.optim.optimizer - INFO - Optimizer AdamW (model_part=3): 22 params [.*] {'lr': 0.0008, 'betas': (0.9, 0.95), 'eps': 1e-08, 'weight_decay': 0.1, 'foreach': None, 'fused': True}
[rank3]:[titan] 2026-10-02 08:53:20,156 - torchtitan.components.optim.optimizer - INFO - Optimizer AdamW (model_part=1): 28 params [.*] {'lr': 0.0008, 'betas': (0.9, 0.95), 'eps': 1e-08, 'weight_decay': 0.1, 'foreach': None, 'fused': True}
[rank2]:[titan] 2026-10-02 08:53:20,175 - torchtitan.components.optim.optimizer - INFO - Optimizer AdamW (model_part=2): 28 params [.*] {'lr': 0.0008, 'betas': (0.9, 0.95), 'eps': 1e-08, 'weight_decay': 0.1, 'foreach': None, 'fused': True}
[rank1]:[titan] 2026-10-02 08:53:20,175 - torchtitan.observability.metrics - WARNING - [31mPipeline Parallel loss is not visible. Please add [33mrank 3[31m to LOG_RANK environment variable in run_train.sh.[39m
[rank3]:[titan] 2026-10-02 08:53:20,156 - torchtitan.components.optim.optimizer - INFO - Optimizer AdamW (model_part=2): 28 params [.*] {'lr': 0.0008, 'betas': (0.9, 0.95), 'eps': 1e-08, 'weight_decay': 0.1, 'foreach': None, 'fused': True}
[rank2]:[titan] 2026-10-02 08:53:20,175 - torchtitan.components.optim.optimizer - INFO - Optimizer AdamW (model_part=3): 22 params [.*] {'lr': 0.0008, 'betas': (0.9, 0.95), 'eps': 1e-08, 'weight_decay': 0.1, 'foreach': None, 'fused': True}
[rank1]:[titan] 2026-10-02 08:53:20,175 - torchtitan.trainer - INFO - Peak FLOPS used for computing MFU: 9.890e+14
[rank3]:[titan] 2026-10-02 08:53:20,156 - torchtitan.components.optim.optimizer - INFO - Optimizer AdamW (model_part=3): 4 params [.*] {'lr': 0.0008, 'betas': (0.9, 0.95), 'eps': 1e-08, 'weight_decay': 0.1, 'foreach': None, 'fused': True}
[rank2]:[titan] 2026-10-02 08:53:20,176 - torchtitan.observability.metrics - WARNING - [31mPipeline Parallel loss is not visible. Please add [33mrank 3[31m to LOG_RANK environment variable in run_train.sh.[39m
[rank1]:[titan] 2026-10-02 08:53:20,175 - torchtitan.trainer - INFO - CUDA memory usage for model: 6.00GiB(7.57%)
[rank3]:[titan] 2026-10-02 08:53:20,157 - torchtitan.observability.metrics - WARNING - [31mPipeline Parallel loss is not visible. Please add [33mrank 3[31m to LOG_RANK environment variable in run_train.sh.[39m
[rank2]:[titan] 2026-10-02 08:53:20,176 - torchtitan.trainer - INFO - Peak FLOPS used for computing MFU: 9.890e+14
[rank1]:[titan] 2026-10-02 08:53:20,175 - torchtitan.trainer - INFO - Trainer is initialized with 32768 tokens per DP rank, 32768 tokens per train step, gradient accumulation steps 1, maximum context length 2048, total steps 100 (warmup 2)
[rank3]:[titan] 2026-10-02 08:53:20,157 - torchtitan.trainer - INFO - Peak FLOPS used for computing MFU: 9.890e+14
[rank2]:[titan] 2026-10-02 08:53:20,176 - torchtitan.trainer - INFO - CUDA memory usage for model: 6.43GiB(8.12%)
[rank1]:[titan] 2026-10-02 08:53:20,175 - torchtitan.trainer - INFO - Training starts at step 1
[rank3]:[titan] 2026-10-02 08:53:20,157 - torchtitan.trainer - INFO - CUDA memory usage for model: 4.46GiB(5.63%)
[rank2]:[titan] 2026-10-02 08:53:20,176 - torchtitan.trainer - INFO - Trainer is initialized with 32768 tokens per DP rank, 32768 tokens per train step, gradient accumulation steps 1, maximum context length 2048, total steps 100 (warmup 2)
[rank2]:[titan] 2026-10-02 08:53:20,177 - torchtitan.trainer - INFO - Training starts at step 1
[rank3]:[titan] 2026-10-02 08:53:20,157 - torchtitan.trainer - INFO - Trainer is initialized with 32768 tokens per DP rank, 32768 tokens per train step, gradient accumulation steps 1, maximum context length 2048, total steps 100 (warmup 2)
[rank3]:[titan] 2026-10-02 08:53:20,158 - torchtitan.trainer - INFO - Training starts at step 1
[rank0]:[titan] 2026-10-02 08:53:20,248 - torchtitan.training_engine - INFO - Model KimiK3Model.Config size: 11,625,395,584 total parameters
[rank0]:[titan] 2026-10-02 08:53:20,250 - torchtitan.components.optim.optimizer - INFO - Optimizer AdamW (model_part=0): 43 params [.*] {'lr': 0.0008, 'betas': (0.9, 0.95), 'eps': 1e-08, 'weight_decay': 0.1, 'foreach': None, 'fused': True}
[rank0]:[titan] 2026-10-02 08:53:20,250 - torchtitan.components.optim.optimizer - INFO - Optimizer AdamW (model_part=1): 28 params [.*] {'lr': 0.0008, 'betas': (0.9, 0.95), 'eps': 1e-08, 'weight_decay': 0.1, 'foreach': None, 'fused': True}
[rank0]:[titan] 2026-10-02 08:53:20,250 - torchtitan.components.optim.optimizer - INFO - Optimizer AdamW (model_part=2): 28 params [.*] {'lr': 0.0008, 'betas': (0.9, 0.95), 'eps': 1e-08, 'weight_decay': 0.1, 'foreach': None, 'fused': True}
[rank0]:[titan] 2026-10-02 08:53:20,250 - torchtitan.components.optim.optimizer - INFO - Optimizer AdamW (model_part=3): 28 params [.*] {'lr': 0.0008, 'betas': (0.9, 0.95), 'eps': 1e-08, 'weight_decay': 0.1, 'foreach': None, 'fused': True}
[rank0]:[titan] 2026-10-02 08:53:20,252 - torchtitan.observability.metrics - WARNING - [31mPipeline Parallel loss is not visible. Please add [33mrank 3[31m to LOG_RANK environment variable in run_train.sh.[39m
[rank0]:[titan] 2026-10-02 08:53:20,252 - torchtitan.trainer - INFO - Peak FLOPS used for computing MFU: 9.890e+14
[rank0]:[titan] 2026-10-02 08:53:20,252 - torchtitan.trainer - INFO - CUDA memory usage for model: 5.63GiB(7.11%)
[rank0]:[titan] 2026-10-02 08:53:20,252 - torchtitan.trainer - INFO - Trainer is initialized with 32768 tokens per DP rank, 32768 tokens per train step, gradient accumulation steps 1, maximum context length 2048, total steps 100 (warmup 2)
[rank0]:[titan] 2026-10-02 08:53:20,252 - torchtitan.trainer - INFO - Training starts at step 1
[rank1]:/root/mep/venv_src/lib/python3.12/site-packages/torch/distributed/fsdp/_fully_shard/_fsdp_state.py:336: UserWarning: FSDP2-wrapped module (FSDPCheckpointWrapper) returned a view tensor. An in-place op on this view (e.g., `x += y`) will silently drop the pre-backward hook and skip the all-gather, which can cause backward to fail or produce wrong gradients. Use out-of-place ops (`out = out + y`, not `out += y`) or `.clone()` the output before any in-place op.
[rank1]:  output = self._register_pre_backward_hook(output)
[rank1]:/root/mep/venv_src/lib/python3.12/site-packages/torch/distributed/fsdp/_fully_shard/_fsdp_state.py:336: UserWarning: FSDP2-wrapped module (FSDPKimiK3Model) returned a view tensor. An in-place op on this view (e.g., `x += y`) will silently drop the pre-backward hook and skip the all-gather, which can cause backward to fail or produce wrong gradients. Use out-of-place ops (`out = out + y`, not `out += y`) or `.clone()` the output before any in-place op.
[rank1]:  output = self._register_pre_backward_hook(output)
[rank2]:/root/mep/venv_src/lib/python3.12/site-packages/torch/distributed/fsdp/_fully_shard/_fsdp_state.py:336: UserWarning: FSDP2-wrapped module (FSDPCheckpointWrapper) returned a view tensor. An in-place op on this view (e.g., `x += y`) will silently drop the pre-backward hook and skip the all-gather, which can cause backward to fail or produce wrong gradients. Use out-of-place ops (`out = out + y`, not `out += y`) or `.clone()` the output before any in-place op.
[rank2]:  output = self._register_pre_backward_hook(output)
[rank3]:/root/mep/venv_src/lib/python3.12/site-packages/torch/distributed/fsdp/_fully_shard/_fsdp_state.py:336: UserWarning: FSDP2-wrapped module (FSDPCheckpointWrapper) returned a view tensor. An in-place op on this view (e.g., `x += y`) will silently drop the pre-backward hook and skip the all-gather, which can cause backward to fail or produce wrong gradients. Use out-of-place ops (`out = out + y`, not `out += y`) or `.clone()` the output before any in-place op.
[rank3]:  output = self._register_pre_backward_hook(output)
[rank3]:/root/mep/venv_src/lib/python3.12/site-packages/torch/distributed/fsdp/_fully_shard/_fsdp_state.py:336: UserWarning: FSDP2-wrapped module (FSDPKimiK3Model) returned a view tensor. An in-place op on this view (e.g., `x += y`) will silently drop the pre-backward hook and skip the all-gather, which can cause backward to fail or produce wrong gradients. Use out-of-place ops (`out = out + y`, not `out += y`) or `.clone()` the output before any in-place op.
[rank3]:  output = self._register_pre_backward_hook(output)
[rank0]:/root/mep/venv_src/lib/python3.12/site-packages/torch/distributed/fsdp/_fully_shard/_fsdp_state.py:336: UserWarning: FSDP2-wrapped module (FSDPCheckpointWrapper) returned a view tensor. An in-place op on this view (e.g., `x += y`) will silently drop the pre-backward hook and skip the all-gather, which can cause backward to fail or produce wrong gradients. Use out-of-place ops (`out = out + y`, not `out += y`) or `.clone()` the output before any in-place op.
[rank0]:  output = self._register_pre_backward_hook(output)
[rank0]:/root/mep/venv_src/lib/python3.12/site-packages/torch/distributed/fsdp/_fully_shard/_fsdp_state.py:336: UserWarning: FSDP2-wrapped module (FSDPKimiK3Model) returned a view tensor. An in-place op on this view (e.g., `x += y`) will silently drop the pre-backward hook and skip the all-gather, which can cause backward to fail or produce wrong gradients. Use out-of-place ops (`out = out + y`, not `out += y`) or `.clone()` the output before any in-place op.
[rank0]:  output = self._register_pre_backward_hook(output)
[rank1]:/root/mep/venv_src/lib/python3.12/site-packages/torch/distributed/fsdp/_fully_shard/_fsdp_state.py:336: UserWarning: FSDP2-wrapped module (FSDPCheckpointWrapper) returned a view tensor. An in-place op on this view (e.g., `x += y`) will silently drop the pre-backward hook and skip the all-gather, which can cause backward to fail or produce wrong gradients. Use out-of-place ops (`out = out + y`, not `out += y`) or `.clone()` the output before any in-place op.
[rank1]:  output = self._register_pre_backward_hook(output)
[rank1]:/root/mep/venv_src/lib/python3.12/site-packages/torch/distributed/fsdp/_fully_shard/_fsdp_state.py:336: UserWarning: FSDP2-wrapped module (FSDPKimiK3Model) returned a view tensor. An in-place op on this view (e.g., `x += y`) will silently drop the pre-backward hook and skip the all-gather, which can cause backward to fail or produce wrong gradients. Use out-of-place ops (`out = out + y`, not `out += y`) or `.clone()` the output before any in-place op.
[rank1]:  output = self._register_pre_backward_hook(output)
[rank0]:/root/mep/venv_src/lib/python3.12/site-packages/torch/distributed/fsdp/_fully_shard/_fsdp_state.py:336: UserWarning: FSDP2-wrapped module (FSDPCheckpointWrapper) returned a view tensor. An in-place op on this view (e.g., `x += y`) will silently drop the pre-backward hook and skip the all-gather, which can cause backward to fail or produce wrong gradients. Use out-of-place ops (`out = out + y`, not `out += y`) or `.clone()` the output before any in-place op.
[rank0]:  output = self._register_pre_backward_hook(output)
[rank0]:/root/mep/venv_src/lib/python3.12/site-packages/torch/distributed/fsdp/_fully_shard/_fsdp_state.py:336: UserWarning: FSDP2-wrapped module (FSDPKimiK3Model) returned a view tensor. An in-place op on this view (e.g., `x += y`) will silently drop the pre-backward hook and skip the all-gather, which can cause backward to fail or produce wrong gradients. Use out-of-place ops (`out = out + y`, not `out += y`) or `.clone()` the output before any in-place op.
[rank0]:  output = self._register_pre_backward_hook(output)
[rank3]:[titan] 2026-10-02 08:54:07,796 - torchtitan.observability.metrics - INFO - [31mstep:  1  [32mloss:  8.15085  [38;2;180;60;0mgrad_norm: 34.0000  [38;2;54;234;195mmemory: 44.22GiB(55.83%)  [34mtps: 167  [36mtflops: 9.12  [35mmfu: 0.92%[39m
[rank3]:[titan] 2026-10-02 08:54:07,796 - torchtitan.distributed.utils - INFO - Synchronizing and adjusting timeout for all ProcessGroups to 0:01:40
[rank2]:[titan] 2026-10-02 08:54:07,847 - torchtitan.observability.metrics - INFO - [31mstep:  1  [32mloss: -1.00000  [38;2;180;60;0mgrad_norm: 34.0000  [38;2;54;234;195mmemory: 53.48GiB(67.52%)  [34mtps: 167  [36mtflops: 9.11  [35mmfu: 0.92%[39m
[rank1]:[titan] 2026-10-02 08:54:07,851 - torchtitan.observability.metrics - INFO - [31mstep:  1  [32mloss: -1.00000  [38;2;180;60;0mgrad_norm: 34.0000  [38;2;54;234;195mmemory: 49.12GiB(62.02%)  [34mtps: 167  [36mtflops: 9.11  [35mmfu: 0.92%[39m
[rank2]:[titan] 2026-10-02 08:54:07,847 - torchtitan.distributed.utils - INFO - Synchronizing and adjusting timeout for all ProcessGroups to 0:01:40
[rank1]:[titan] 2026-10-02 08:54:07,851 - torchtitan.distributed.utils - INFO - Synchronizing and adjusting timeout for all ProcessGroups to 0:01:40
[rank0]:[titan] 2026-10-02 08:54:07,837 - torchtitan.observability.metrics - INFO - [31mstep:  1  [32mloss: -1.00000  [38;2;180;60;0mgrad_norm: 34.0000  [38;2;54;234;195mmemory: 48.61GiB(61.36%)  [34mtps: 167  [36mtflops: 9.11  [35mmfu: 0.92%[39m
[rank0]:[titan] 2026-10-02 08:54:07,837 - torchtitan.distributed.utils - INFO - Synchronizing and adjusting timeout for all ProcessGroups to 0:01:40
[rank1]:[titan] 2026-10-02 08:54:11,028 - torchtitan.observability.metrics - INFO - [31mstep:  2  [32mloss: -1.00000  [38;2;180;60;0mgrad_norm: 56.5000  [38;2;54;234;195mmemory: 60.52GiB(76.41%)  [34mtps: 2,579  [36mtflops: 140.79  [35mmfu: 14.24%[39m
[rank3]:[titan] 2026-10-02 08:54:11,023 - torchtitan.observability.metrics - INFO - [31mstep:  2  [32mloss:  6.24393  [38;2;180;60;0mgrad_norm: 56.5000  [38;2;54;234;195mmemory: 52.77GiB(66.62%)  [34mtps: 2,539  [36mtflops: 138.62  [35mmfu: 14.02%[39m
[rank2]:[titan] 2026-10-02 08:54:11,029 - torchtitan.observability.metrics - INFO - [31mstep:  2  [32mloss: -1.00000  [38;2;180;60;0mgrad_norm: 56.5000  [38;2;54;234;195mmemory: 65.89GiB(83.19%)  [34mtps: 2,575  [36mtflops: 140.56  [35mmfu: 14.21%[39m
[rank0]:[titan] 2026-10-02 08:54:11,027 - torchtitan.observability.metrics - INFO - [31mstep:  2  [32mloss: -1.00000  [38;2;180;60;0mgrad_norm: 56.5000  [38;2;54;234;195mmemory: 58.93GiB(74.40%)  [34mtps: 2,569  [36mtflops: 140.23  [35mmfu: 14.18%[39m
[rank3]:[titan] 2026-10-02 08:54:14,066 - torchtitan.observability.metrics - INFO - [31mstep:  3  [32mloss:  8.19954  [38;2;180;60;0mgrad_norm: 172.0000  [38;2;54;234;195mmemory: 52.77GiB(66.62%)  [34mtps: 2,692  [36mtflops: 147.00  [35mmfu: 14.86%[39m
[rank1]:[titan] 2026-10-02 08:54:14,071 - torchtitan.observability.metrics - INFO - [31mstep:  3  [32mloss: -1.00000  [38;2;180;60;0mgrad_norm: 172.0000  [38;2;54;234;195mmemory: 60.52GiB(76.41%)  [34mtps: 2,692  [36mtflops: 146.99  [35mmfu: 14.86%[39m
[rank2]:[titan] 2026-10-02 08:54:14,072 - torchtitan.observability.metrics - INFO - [31mstep:  3  [32mloss: -1.00000  [38;2;180;60;0mgrad_norm: 172.0000  [38;2;54;234;195mmemory: 65.89GiB(83.19%)  [34mtps: 2,692  [36mtflops: 146.99  [35mmfu: 14.86%[39m
[rank0]:[titan] 2026-10-02 08:54:14,070 - torchtitan.observability.metrics - INFO - [31mstep:  3  [32mloss: -1.00000  [38;2;180;60;0mgrad_norm: 172.0000  [38;2;54;234;195mmemory: 58.93GiB(74.40%)  [34mtps: 2,692  [36mtflops: 146.99  [35mmfu: 14.86%[39m
[rank1]:[titan] 2026-10-02 08:54:17,098 - torchtitan.observability.metrics - INFO - [31mstep:  4  [32mloss: -1.00000  [38;2;180;60;0mgrad_norm: 54.0000  [38;2;54;234;195mmemory: 60.52GiB(76.41%)  [34mtps: 2,706  [36mtflops: 147.76  [35mmfu: 14.94%[39m
[rank3]:[titan] 2026-10-02 08:54:17,093 - torchtitan.observability.metrics - INFO - [31mstep:  4  [32mloss:  7.96723  [38;2;180;60;0mgrad_norm: 54.0000  [38;2;54;234;195mmemory: 52.77GiB(66.62%)  [34mtps: 2,706  [36mtflops: 147.77  [35mmfu: 14.94%[39m
[rank2]:[titan] 2026-10-02 08:54:17,099 - torchtitan.observability.metrics - INFO - [31mstep:  4  [32mloss: -1.00000  [38;2;180;60;0mgrad_norm: 54.0000  [38;2;54;234;195mmemory: 65.89GiB(83.19%)  [34mtps: 2,707  [36mtflops: 147.77  [35mmfu: 14.94%[39m
[rank0]:[titan] 2026-10-02 08:54:17,097 - torchtitan.observability.metrics - INFO - [31mstep:  4  [32mloss: -1.00000  [38;2;180;60;0mgrad_norm: 54.0000  [38;2;54;234;195mmemory: 58.93GiB(74.40%)  [34mtps: 2,707  [36mtflops: 147.78  [35mmfu: 14.94%[39m
[rank3]:[titan] 2026-10-02 08:54:20,136 - torchtitan.observability.metrics - INFO - [31mstep:  5  [32mloss:  9.39685  [38;2;180;60;0mgrad_norm: 77.5000  [38;2;54;234;195mmemory: 52.77GiB(66.62%)  [34mtps: 2,692  [36mtflops: 146.97  [35mmfu: 14.86%[39m
[rank2]:[titan] 2026-10-02 08:54:20,143 - torchtitan.observability.metrics - INFO - [31mstep:  5  [32mloss: -1.00000  [38;2;180;60;0mgrad_norm: 77.5000  [38;2;54;234;195mmemory: 65.89GiB(83.19%)  [34mtps: 2,692  [36mtflops: 146.96  [35mmfu: 14.86%[39m
[rank1]:[titan] 2026-10-02 08:54:20,141 - torchtitan.observability.metrics - INFO - [31mstep:  5  [32mloss: -1.00000  [38;2;180;60;0mgrad_norm: 77.5000  [38;2;54;234;195mmemory: 60.52GiB(76.41%)  [34mtps: 2,692  [36mtflops: 146.97  [35mmfu: 14.86%[39m
[rank0]:[titan] 2026-10-02 08:54:20,140 - torchtitan.observability.metrics - INFO - [31mstep:  5  [32mloss: -1.00000  [38;2;180;60;0mgrad_norm: 77.5000  [38;2;54;234;195mmemory: 58.93GiB(74.40%)  [34mtps: 2,692  [36mtflops: 146.98  [35mmfu: 14.86%[39m
[rank1]:[titan] 2026-10-02 08:54:23,165 - torchtitan.observability.metrics - INFO - [31mstep:  6  [32mloss: -1.00000  [38;2;180;60;0mgrad_norm: 46.0000  [38;2;54;234;195mmemory: 60.52GiB(76.41%)  [34mtps: 2,710  [36mtflops: 147.94  [35mmfu: 14.96%[39m
[rank3]:[titan] 2026-10-02 08:54:23,160 - torchtitan.observability.metrics - INFO - [31mstep:  6  [32mloss:  7.45111  [38;2;180;60;0mgrad_norm: 46.0000  [38;2;54;234;195mmemory: 52.77GiB(66.62%)  [34mtps: 2,710  [36mtflops: 147.94  [35mmfu: 14.96%[39m
[rank2]:[titan] 2026-10-02 08:54:23,167 - torchtitan.observability.metrics - INFO - [31mstep:  6  [32mloss: -1.00000  [38;2;180;60;0mgrad_norm: 46.0000  [38;2;54;234;195mmemory: 65.89GiB(83.19%)  [34mtps: 2,710  [36mtflops: 147.95  [35mmfu: 14.96%[39m
[rank0]:[titan] 2026-10-02 08:54:23,164 - torchtitan.observability.metrics - INFO - [31mstep:  6  [32mloss: -1.00000  [38;2;180;60;0mgrad_norm: 46.0000  [38;2;54;234;195mmemory: 58.93GiB(74.40%)  [34mtps: 2,710  [36mtflops: 147.94  [35mmfu: 14.96%[39m
[rank1]:[titan] 2026-10-02 08:54:26,183 - torchtitan.observability.metrics - INFO - [31mstep:  7  [32mloss: -1.00000  [38;2;180;60;0mgrad_norm: 61.7500  [38;2;54;234;195mmemory: 60.52GiB(76.41%)  [34mtps: 2,715  [36mtflops: 148.22  [35mmfu: 14.99%[39m
[rank3]:[titan] 2026-10-02 08:54:26,178 - torchtitan.observability.metrics - INFO - [31mstep:  7  [32mloss: 10.41344  [38;2;180;60;0mgrad_norm: 61.7500  [38;2;54;234;195mmemory: 52.77GiB(66.62%)  [34mtps: 2,715  [36mtflops: 148.23  [35mmfu: 14.99%[39m
[rank2]:[titan] 2026-10-02 08:54:26,185 - torchtitan.observability.metrics - INFO - [31mstep:  7  [32mloss: -1.00000  [38;2;180;60;0mgrad_norm: 61.7500  [38;2;54;234;195mmemory: 65.89GiB(83.19%)  [34mtps: 2,715  [36mtflops: 148.22  [35mmfu: 14.99%[39m
[rank0]:[titan] 2026-10-02 08:54:26,182 - torchtitan.observability.metrics - INFO - [31mstep:  7  [32mloss: -1.00000  [38;2;180;60;0mgrad_norm: 61.7500  [38;2;54;234;195mmemory: 58.93GiB(74.40%)  [34mtps: 2,715  [36mtflops: 148.22  [35mmfu: 14.99%[39m
[rank1]:[titan] 2026-10-02 08:54:29,202 - torchtitan.observability.metrics - INFO - [31mstep:  8  [32mloss: -1.00000  [38;2;180;60;0mgrad_norm: 36.5000  [38;2;54;234;195mmemory: 60.52GiB(76.41%)  [34mtps: 2,714  [36mtflops: 148.18  [35mmfu: 14.98%[39m
[rank3]:[titan] 2026-10-02 08:54:29,197 - torchtitan.observability.metrics - INFO - [31mstep:  8  [32mloss: 10.67808  [38;2;180;60;0mgrad_norm: 36.5000  [38;2;54;234;195mmemory: 52.77GiB(66.62%)  [34mtps: 2,714  [36mtflops: 148.18  [35mmfu: 14.98%[39m
[rank2]:[titan] 2026-10-02 08:54:29,203 - torchtitan.observability.metrics - INFO - [31mstep:  8  [32mloss: -1.00000  [38;2;180;60;0mgrad_norm: 36.5000  [38;2;54;234;195mmemory: 65.89GiB(83.19%)  [34mtps: 2,714  [36mtflops: 148.18  [35mmfu: 14.98%[39m
[rank0]:[titan] 2026-10-02 08:54:29,201 - torchtitan.observability.metrics - INFO - [31mstep:  8  [32mloss: -1.00000  [38;2;180;60;0mgrad_norm: 36.5000  [38;2;54;234;195mmemory: 58.93GiB(74.40%)  [34mtps: 2,714  [36mtflops: 148.19  [35mmfu: 14.98%[39m
[rank3]:[titan] 2026-10-02 08:54:32,196 - torchtitan.observability.metrics - INFO - [31mstep:  9  [32mloss:  8.78719  [38;2;180;60;0mgrad_norm: 34.2500  [38;2;54;234;195mmemory: 52.77GiB(66.62%)  [34mtps: 2,732  [36mtflops: 149.14  [35mmfu: 15.08%[39m
[rank2]:[titan] 2026-10-02 08:54:32,203 - torchtitan.observability.metrics - INFO - [31mstep:  9  [32mloss: -1.00000  [38;2;180;60;0mgrad_norm: 34.2500  [38;2;54;234;195mmemory: 65.89GiB(83.19%)  [34mtps: 2,732  [36mtflops: 149.14  [35mmfu: 15.08%[39m
[rank1]:[titan] 2026-10-02 08:54:32,201 - torchtitan.observability.metrics - INFO - [31mstep:  9  [32mloss: -1.00000  [38;2;180;60;0mgrad_norm: 34.2500  [38;2;54;234;195mmemory: 60.52GiB(76.41%)  [34mtps: 2,732  [36mtflops: 149.14  [35mmfu: 15.08%[39m
[rank0]:[titan] 2026-10-02 08:54:32,200 - torchtitan.observability.metrics - INFO - [31mstep:  9  [32mloss: -1.00000  [38;2;180;60;0mgrad_norm: 34.2500  [38;2;54;234;195mmemory: 58.93GiB(74.40%)  [34mtps: 2,732  [36mtflops: 149.14  [35mmfu: 15.08%[39m
[rank2]:[titan] 2026-10-02 08:54:35,202 - torchtitan.observability.metrics - INFO - [31mstep: 10  [32mloss: -1.00000  [38;2;180;60;0mgrad_norm: 27.6250  [38;2;54;234;195mmemory: 65.89GiB(83.19%)  [34mtps: 2,731  [36mtflops: 149.11  [35mmfu: 15.08%[39m
[rank1]:[titan] 2026-10-02 08:54:35,201 - torchtitan.observability.metrics - INFO - [31mstep: 10  [32mloss: -1.00000  [38;2;180;60;0mgrad_norm: 27.6250  [38;2;54;234;195mmemory: 60.52GiB(76.41%)  [34mtps: 2,731  [36mtflops: 149.11  [35mmfu: 15.08%[39m
[rank3]:[titan] 2026-10-02 08:54:35,196 - torchtitan.observability.metrics - INFO - [31mstep: 10  [32mloss:  7.50268  [38;2;180;60;0mgrad_norm: 27.6250  [38;2;54;234;195mmemory: 52.77GiB(66.62%)  [34mtps: 2,731  [36mtflops: 149.11  [35mmfu: 15.08%[39m
[rank0]:[titan] 2026-10-02 08:54:35,200 - torchtitan.observability.metrics - INFO - [31mstep: 10  [32mloss: -1.00000  [38;2;180;60;0mgrad_norm: 27.6250  [38;2;54;234;195mmemory: 58.93GiB(74.40%)  [34mtps: 2,731  [36mtflops: 149.11  [35mmfu: 15.08%[39m
[rank3]:[titan] 2026-10-02 08:54:38,188 - torchtitan.observability.metrics - INFO - [31mstep: 11  [32mloss:  6.76233  [38;2;180;60;0mgrad_norm: 27.3750  [38;2;54;234;195mmemory: 52.77GiB(66.62%)  [34mtps: 2,738  [36mtflops: 149.50  [35mmfu: 15.12%[39m
[rank1]:[titan] 2026-10-02 08:54:38,193 - torchtitan.observability.metrics - INFO - [31mstep: 11  [32mloss: -1.00000  [38;2;180;60;0mgrad_norm: 27.3750  [38;2;54;234;195mmemory: 60.52GiB(76.41%)  [34mtps: 2,738  [36mtflops: 149.50  [35mmfu: 15.12%[39m
[rank2]:[titan] 2026-10-02 08:54:38,195 - torchtitan.observability.metrics - INFO - [31mstep: 11  [32mloss: -1.00000  [38;2;180;60;0mgrad_norm: 27.3750  [38;2;54;234;195mmemory: 65.89GiB(83.19%)  [34mtps: 2,738  [36mtflops: 149.50  [35mmfu: 15.12%[39m
[rank0]:[titan] 2026-10-02 08:54:38,192 - torchtitan.observability.metrics - INFO - [31mstep: 11  [32mloss: -1.00000  [38;2;180;60;0mgrad_norm: 27.3750  [38;2;54;234;195mmemory: 58.93GiB(74.40%)  [34mtps: 2,738  [36mtflops: 149.50  [35mmfu: 15.12%[39m
[rank2]:[titan] 2026-10-02 08:54:41,204 - torchtitan.observability.metrics - INFO - [31mstep: 12  [32mloss: -1.00000  [38;2;180;60;0mgrad_norm: 32.7500  [38;2;54;234;195mmemory: 65.89GiB(83.19%)  [34mtps: 2,723  [36mtflops: 148.65  [35mmfu: 15.03%[39m
[rank1]:[titan] 2026-10-02 08:54:41,202 - torchtitan.observability.metrics - INFO - [31mstep: 12  [32mloss: -1.00000  [38;2;180;60;0mgrad_norm: 32.7500  [38;2;54;234;195mmemory: 60.52GiB(76.41%)  [34mtps: 2,723  [36mtflops: 148.65  [35mmfu: 15.03%[39m
[rank3]:[titan] 2026-10-02 08:54:41,197 - torchtitan.observability.metrics - INFO - [31mstep: 12  [32mloss:  6.15091  [38;2;180;60;0mgrad_norm: 32.7500  [38;2;54;234;195mmemory: 52.77GiB(66.62%)  [34mtps: 2,723  [36mtflops: 148.65  [35mmfu: 15.03%[39m
[rank0]:[titan] 2026-10-02 08:54:41,201 - torchtitan.observability.metrics - INFO - [31mstep: 12  [32mloss: -1.00000  [38;2;180;60;0mgrad_norm: 32.7500  [38;2;54;234;195mmemory: 59.40GiB(74.99%)  [34mtps: 2,723  [36mtflops: 148.66  [35mmfu: 15.03%[39m
[rank1]:[titan] 2026-10-02 08:54:44,193 - torchtitan.observability.metrics - INFO - [31mstep: 13  [32mloss: -1.00000  [38;2;180;60;0mgrad_norm: 40.5000  [38;2;54;234;195mmemory: 60.52GiB(76.41%)  [34mtps: 2,739  [36mtflops: 149.56  [35mmfu: 15.12%[39m
[rank3]:[titan] 2026-10-02 08:54:44,188 - torchtitan.observability.metrics - INFO - [31mstep: 13  [32mloss:  5.42317  [38;2;180;60;0mgrad_norm: 40.5000  [38;2;54;234;195mmemory: 52.77GiB(66.62%)  [34mtps: 2,739  [36mtflops: 149.56  [35mmfu: 15.12%[39m
[rank2]:[titan] 2026-10-02 08:54:44,195 - torchtitan.observability.metrics - INFO - [31mstep: 13  [32mloss: -1.00000  [38;2;180;60;0mgrad_norm: 40.5000  [38;2;54;234;195mmemory: 65.89GiB(83.19%)  [34mtps: 2,739  [36mtflops: 149.56  [35mmfu: 15.12%[39m
[rank0]:[titan] 2026-10-02 08:54:44,192 - torchtitan.observability.metrics - INFO - [31mstep: 13  [32mloss: -1.00000  [38;2;180;60;0mgrad_norm: 40.5000  [38;2;54;234;195mmemory: 59.40GiB(74.99%)  [34mtps: 2,739  [36mtflops: 149.56  [35mmfu: 15.12%[39m
[rank1]:[titan] 2026-10-02 08:54:47,203 - torchtitan.observability.metrics - INFO - [31mstep: 14  [32mloss: -1.00000  [38;2;180;60;0mgrad_norm: 25.0000  [38;2;54;234;195mmemory: 60.52GiB(76.41%)  [34mtps: 2,722  [36mtflops: 148.60  [35mmfu: 15.03%[39m
[rank3]:[titan] 2026-10-02 08:54:47,198 - torchtitan.observability.metrics - INFO - [31mstep: 14  [32mloss:  5.06672  [38;2;180;60;0mgrad_norm: 25.0000  [38;2;54;234;195mmemory: 52.77GiB(66.62%)  [34mtps: 2,722  [36mtflops: 148.61  [35mmfu: 15.03%[39m
[rank2]:[titan] 2026-10-02 08:54:47,205 - torchtitan.observability.metrics - INFO - [31mstep: 14  [32mloss: -1.00000  [38;2;180;60;0mgrad_norm: 25.0000  [38;2;54;234;195mmemory: 65.89GiB(83.19%)  [34mtps: 2,722  [36mtflops: 148.61  [35mmfu: 15.03%[39m
[rank0]:[titan] 2026-10-02 08:54:47,202 - torchtitan.observability.metrics - INFO - [31mstep: 14  [32mloss: -1.00000  [38;2;180;60;0mgrad_norm: 25.0000  [38;2;54;234;195mmemory: 59.40GiB(74.99%)  [34mtps: 2,722  [36mtflops: 148.60  [35mmfu: 15.03%[39m
[rank1]:[titan] 2026-10-02 08:54:50,224 - torchtitan.observability.metrics - INFO - [31mstep: 15  [32mloss: -1.00000  [38;2;180;60;0mgrad_norm: 25.2500  [38;2;54;234;195mmemory: 60.52GiB(76.41%)  [34mtps: 2,712  [36mtflops: 148.09  [35mmfu: 14.97%[39m
[rank3]:[titan] 2026-10-02 08:54:50,219 - torchtitan.observability.metrics - INFO - [31mstep: 15  [32mloss:  5.07122  [38;2;180;60;0mgrad_norm: 25.2500  [38;2;54;234;195mmemory: 52.77GiB(66.62%)  [34mtps: 2,712  [36mtflops: 148.09  [35mmfu: 14.97%[39m
[rank2]:[titan] 2026-10-02 08:54:50,225 - torchtitan.observability.metrics - INFO - [31mstep: 15  [32mloss: -1.00000  [38;2;180;60;0mgrad_norm: 25.2500  [38;2;54;234;195mmemory: 65.89GiB(83.19%)  [34mtps: 2,712  [36mtflops: 148.09  [35mmfu: 14.97%[39m
[rank0]:[titan] 2026-10-02 08:54:50,223 - torchtitan.observability.metrics - INFO - [31mstep: 15  [32mloss: -1.00000  [38;2;180;60;0mgrad_norm: 25.2500  [38;2;54;234;195mmemory: 59.40GiB(74.99%)  [34mtps: 2,713  [36mtflops: 148.09  [35mmfu: 14.97%[39m
[rank1]:[titan] 2026-10-02 08:54:53,259 - torchtitan.observability.metrics - INFO - [31mstep: 16  [32mloss: -1.00000  [38;2;180;60;0mgrad_norm: 25.5000  [38;2;54;234;195mmemory: 60.52GiB(76.41%)  [34mtps: 2,699  [36mtflops: 147.38  [35mmfu: 14.90%[39m
[rank2]:[titan] 2026-10-02 08:54:53,260 - torchtitan.observability.metrics - INFO - [31mstep: 16  [32mloss: -1.00000  [38;2;180;60;0mgrad_norm: 25.5000  [38;2;54;234;195mmemory: 65.89GiB(83.19%)  [34mtps: 2,699  [36mtflops: 147.37  [35mmfu: 14.90%[39m
[rank3]:[titan] 2026-10-02 08:54:53,254 - torchtitan.observability.metrics - INFO - [31mstep: 16  [32mloss:  5.01419  [38;2;180;60;0mgrad_norm: 25.5000  [38;2;54;234;195mmemory: 52.77GiB(66.62%)  [34mtps: 2,699  [36mtflops: 147.38  [35mmfu: 14.90%[39m
[rank0]:[titan] 2026-10-02 08:54:53,258 - torchtitan.observability.metrics - INFO - [31mstep: 16  [32mloss: -1.00000  [38;2;180;60;0mgrad_norm: 25.5000  [38;2;54;234;195mmemory: 59.40GiB(74.99%)  [34mtps: 2,699  [36mtflops: 147.38  [35mmfu: 14.90%[39m
[rank3]:[titan] 2026-10-02 08:54:56,271 - torchtitan.observability.metrics - INFO - [31mstep: 17  [32mloss:  5.30088  [38;2;180;60;0mgrad_norm: 36.5000  [38;2;54;234;195mmemory: 52.77GiB(66.62%)  [34mtps: 2,716  [36mtflops: 148.26  [35mmfu: 14.99%[39m
[rank1]:[titan] 2026-10-02 08:54:56,276 - torchtitan.observability.metrics - INFO - [31mstep: 17  [32mloss: -1.00000  [38;2;180;60;0mgrad_norm: 36.5000  [38;2;54;234;195mmemory: 60.52GiB(76.41%)  [34mtps: 2,715  [36mtflops: 148.25  [35mmfu: 14.99%[39m
[rank2]:[titan] 2026-10-02 08:54:56,278 - torchtitan.observability.metrics - INFO - [31mstep: 17  [32mloss: -1.00000  [38;2;180;60;0mgrad_norm: 36.5000  [38;2;54;234;195mmemory: 65.89GiB(83.19%)  [34mtps: 2,715  [36mtflops: 148.25  [35mmfu: 14.99%[39m
[rank0]:[titan] 2026-10-02 08:54:56,275 - torchtitan.observability.metrics - INFO - [31mstep: 17  [32mloss: -1.00000  [38;2;180;60;0mgrad_norm: 36.5000  [38;2;54;234;195mmemory: 59.40GiB(74.99%)  [34mtps: 2,715  [36mtflops: 148.24  [35mmfu: 14.99%[39m
[rank3]:[titan] 2026-10-02 08:54:59,305 - torchtitan.observability.metrics - INFO - [31mstep: 18  [32mloss:  4.91768  [38;2;180;60;0mgrad_norm: 22.8750  [38;2;54;234;195mmemory: 52.77GiB(66.62%)  [34mtps: 2,700  [36mtflops: 147.43  [35mmfu: 14.91%[39m
[rank0]:[titan] 2026-10-02 08:54:59,309 - torchtitan.observability.metrics - INFO - [31mstep: 18  [32mloss: -1.00000  [38;2;180;60;0mgrad_norm: 22.8750  [38;2;54;234;195mmemory: 59.40GiB(74.99%)  [34mtps: 2,700  [36mtflops: 147.43  [35mmfu: 14.91%[39m
[rank2]:[titan] 2026-10-02 08:54:59,312 - torchtitan.observability.metrics - INFO - [31mstep: 18  [32mloss: -1.00000  [38;2;180;60;0mgrad_norm: 22.8750  [38;2;54;234;195mmemory: 65.89GiB(83.19%)  [34mtps: 2,700  [36mtflops: 147.41  [35mmfu: 14.90%[39m
[rank1]:[titan] 2026-10-02 08:54:59,311 - torchtitan.observability.metrics - INFO - [31mstep: 18  [32mloss: -1.00000  [38;2;180;60;0mgrad_norm: 22.8750  [38;2;54;234;195mmemory: 60.52GiB(76.41%)  [34mtps: 2,700  [36mtflops: 147.43  [35mmfu: 14.91%[39m
[rank3]:[titan] 2026-10-02 08:55:02,316 - torchtitan.observability.metrics - INFO - [31mstep: 19  [32mloss:  4.06619  [38;2;180;60;0mgrad_norm: 19.7500  [38;2;54;234;195mmemory: 52.77GiB(66.62%)  [34mtps: 2,721  [36mtflops: 148.56  [35mmfu: 15.02%[39m
[rank1]:[titan] 2026-10-02 08:55:02,322 - torchtitan.observability.metrics - INFO - [31mstep: 19  [32mloss: -1.00000  [38;2;180;60;0mgrad_norm: 19.7500  [38;2;54;234;195mmemory: 60.52GiB(76.41%)  [34mtps: 2,721  [36mtflops: 148.57  [35mmfu: 15.02%[39m
[rank2]:[titan] 2026-10-02 08:55:02,323 - torchtitan.observability.metrics - INFO - [31mstep: 19  [32mloss: -1.00000  [38;2;180;60;0mgrad_norm: 19.7500  [38;2;54;234;195mmemory: 65.89GiB(83.19%)  [34mtps: 2,721  [36mtflops: 148.58  [35mmfu: 15.02%[39m
[rank0]:[titan] 2026-10-02 08:55:02,320 - torchtitan.observability.metrics - INFO - [31mstep: 19  [32mloss: -1.00000  [38;2;180;60;0mgrad_norm: 19.7500  [38;2;54;234;195mmemory: 59.40GiB(74.99%)  [34mtps: 2,721  [36mtflops: 148.56  [35mmfu: 15.02%[39m
[rank1]:[titan] 2026-10-02 08:55:05,342 - torchtitan.observability.metrics - INFO - [31mstep: 20  [32mloss: -1.00000  [38;2;180;60;0mgrad_norm: 28.2500  [38;2;54;234;195mmemory: 60.52GiB(76.41%)  [34mtps: 2,713  [36mtflops: 148.11  [35mmfu: 14.98%[39m
[rank2]:[titan] 2026-10-02 08:55:05,343 - torchtitan.observability.metrics - INFO - [31mstep: 20  [32mloss: -1.00000  [38;2;180;60;0mgrad_norm: 28.2500  [38;2;54;234;195mmemory: 65.89GiB(83.19%)  [34mtps: 2,713  [36mtflops: 148.11  [35mmfu: 14.98%[39m
[rank3]:[titan] 2026-10-02 08:55:05,337 - torchtitan.observability.metrics - INFO - [31mstep: 20  [32mloss:  3.80715  [38;2;180;60;0mgrad_norm: 28.2500  [38;2;54;234;195mmemory: 52.77GiB(66.62%)  [34mtps: 2,713  [36mtflops: 148.11  [35mmfu: 14.98%[39m
[rank0]:[titan] 2026-10-02 08:55:05,340 - torchtitan.observability.metrics - INFO - [31mstep: 20  [32mloss: -1.00000  [38;2;180;60;0mgrad_norm: 28.2500  [38;2;54;234;195mmemory: 59.40GiB(74.99%)  [34mtps: 2,713  [36mtflops: 148.11  [35mmfu: 14.98%[39m
[rank2]:[titan] 2026-10-02 08:55:08,380 - torchtitan.observability.metrics - INFO - [31mstep: 21  [32mloss: -1.00000  [38;2;180;60;0mgrad_norm: 21.5000  [38;2;54;234;195mmemory: 65.89GiB(83.19%)  [34mtps: 2,698  [36mtflops: 147.31  [35mmfu: 14.89%[39m
[rank1]:[titan] 2026-10-02 08:55:08,378 - torchtitan.observability.metrics - INFO - [31mstep: 21  [32mloss: -1.00000  [38;2;180;60;0mgrad_norm: 21.5000  [38;2;54;234;195mmemory: 60.52GiB(76.41%)  [34mtps: 2,698  [36mtflops: 147.32  [35mmfu: 14.90%[39m
[rank3]:[titan] 2026-10-02 08:55:08,374 - torchtitan.observability.metrics - INFO - [31mstep: 21  [32mloss:  4.01630  [38;2;180;60;0mgrad_norm: 21.5000  [38;2;54;234;195mmemory: 52.77GiB(66.62%)  [34mtps: 2,697  [36mtflops: 147.27  [35mmfu: 14.89%[39m
[rank0]:[titan] 2026-10-02 08:55:08,377 - torchtitan.observability.metrics - INFO - [31mstep: 21  [32mloss: -1.00000  [38;2;180;60;0mgrad_norm: 21.5000  [38;2;54;234;195mmemory: 59.40GiB(74.99%)  [34mtps: 2,698  [36mtflops: 147.30  [35mmfu: 14.89%[39m
[rank2]:[titan] 2026-10-02 08:55:11,385 - torchtitan.observability.metrics - INFO - [31mstep: 22  [32mloss: -1.00000  [38;2;180;60;0mgrad_norm: 23.1250  [38;2;54;234;195mmemory: 65.89GiB(83.19%)  [34mtps: 2,726  [36mtflops: 148.83  [35mmfu: 15.05%[39m
[rank3]:[titan] 2026-10-02 08:55:11,379 - torchtitan.observability.metrics - INFO - [31mstep: 22  [32mloss:  4.04532  [38;2;180;60;0mgrad_norm: 23.1250  [38;2;54;234;195mmemory: 52.77GiB(66.62%)  [34mtps: 2,727  [36mtflops: 148.90  [35mmfu: 15.06%[39m
[rank1]:[titan] 2026-10-02 08:55:11,384 - torchtitan.observability.metrics - INFO - [31mstep: 22  [32mloss: -1.00000  [38;2;180;60;0mgrad_norm: 23.1250  [38;2;54;234;195mmemory: 60.52GiB(76.41%)  [34mtps: 2,726  [36mtflops: 148.84  [35mmfu: 15.05%[39m
[rank0]:[titan] 2026-10-02 08:55:11,383 - torchtitan.observability.metrics - INFO - [31mstep: 22  [32mloss: -1.00000  [38;2;180;60;0mgrad_norm: 23.1250  [38;2;54;234;195mmemory: 59.40GiB(74.99%)  [34mtps: 2,726  [36mtflops: 148.84  [35mmfu: 15.05%[39m
[rank2]:[titan] 2026-10-02 08:55:14,379 - torchtitan.observability.metrics - INFO - [31mstep: 23  [32mloss: -1.00000  [38;2;180;60;0mgrad_norm: 18.2500  [38;2;54;234;195mmemory: 65.89GiB(83.19%)  [34mtps: 2,737  [36mtflops: 149.44  [35mmfu: 15.11%[39m
[rank1]:[titan] 2026-10-02 08:55:14,377 - torchtitan.observability.metrics - INFO - [31mstep: 23  [32mloss: -1.00000  [38;2;180;60;0mgrad_norm: 18.2500  [38;2;54;234;195mmemory: 60.52GiB(76.41%)  [34mtps: 2,737  [36mtflops: 149.44  [35mmfu: 15.11%[39m
[rank3]:[titan] 2026-10-02 08:55:14,372 - torchtitan.observability.metrics - INFO - [31mstep: 23  [32mloss:  3.53947  [38;2;180;60;0mgrad_norm: 18.2500  [38;2;54;234;195mmemory: 52.77GiB(66.62%)  [34mtps: 2,737  [36mtflops: 149.44  [35mmfu: 15.11%[39m
[rank0]:[titan] 2026-10-02 08:55:14,376 - torchtitan.observability.metrics - INFO - [31mstep: 23  [32mloss: -1.00000  [38;2;180;60;0mgrad_norm: 18.2500  [38;2;54;234;195mmemory: 59.40GiB(74.99%)  [34mtps: 2,737  [36mtflops: 149.44  [35mmfu: 15.11%[39m
[rank2]:[titan] 2026-10-02 08:55:17,411 - torchtitan.observability.metrics - INFO - [31mstep: 24  [32mloss: -1.00000  [38;2;180;60;0mgrad_norm: 23.5000  [38;2;54;234;195mmemory: 65.89GiB(83.19%)  [34mtps: 2,702  [36mtflops: 147.53  [35mmfu: 14.92%[39m
[rank1]:[titan] 2026-10-02 08:55:17,409 - torchtitan.observability.metrics - INFO - [31mstep: 24  [32mloss: -1.00000  [38;2;180;60;0mgrad_norm: 23.5000  [38;2;54;234;195mmemory: 60.52GiB(76.41%)  [34mtps: 2,702  [36mtflops: 147.53  [35mmfu: 14.92%[39m
[rank3]:[titan] 2026-10-02 08:55:17,404 - torchtitan.observability.metrics - INFO - [31mstep: 24  [32mloss:  3.66116  [38;2;180;60;0mgrad_norm: 23.5000  [38;2;54;234;195mmemory: 52.77GiB(66.62%)  [34mtps: 2,702  [36mtflops: 147.52  [35mmfu: 14.92%[39m
[rank0]:[titan] 2026-10-02 08:55:17,408 - torchtitan.observability.metrics - INFO - [31mstep: 24  [32mloss: -1.00000  [38;2;180;60;0mgrad_norm: 23.5000  [38;2;54;234;195mmemory: 59.40GiB(74.99%)  [34mtps: 2,702  [36mtflops: 147.53  [35mmfu: 14.92%[39m
[rank2]:[titan] 2026-10-02 08:55:20,430 - torchtitan.observability.metrics - INFO - [31mstep: 25  [32mloss: -1.00000  [38;2;180;60;0mgrad_norm: 18.3750  [38;2;54;234;195mmemory: 65.89GiB(83.19%)  [34mtps: 2,714  [36mtflops: 148.17  [35mmfu: 14.98%[39m
[rank3]:[titan] 2026-10-02 08:55:20,423 - torchtitan.observability.metrics - INFO - [31mstep: 25  [32mloss:  3.66745  [38;2;180;60;0mgrad_norm: 18.3750  [38;2;54;234;195mmemory: 52.77GiB(66.62%)  [34mtps: 2,714  [36mtflops: 148.16  [35mmfu: 14.98%[39m
[rank1]:[titan] 2026-10-02 08:55:20,428 - torchtitan.observability.metrics - INFO - [31mstep: 25  [32mloss: -1.00000  [38;2;180;60;0mgrad_norm: 18.3750  [38;2;54;234;195mmemory: 60.52GiB(76.41%)  [34mtps: 2,714  [36mtflops: 148.17  [35mmfu: 14.98%[39m
[rank0]:[titan] 2026-10-02 08:55:20,427 - torchtitan.observability.metrics - INFO - [31mstep: 25  [32mloss: -1.00000  [38;2;180;60;0mgrad_norm: 18.3750  [38;2;54;234;195mmemory: 59.40GiB(74.99%)  [34mtps: 2,714  [36mtflops: 148.16  [35mmfu: 14.98%[39m
[rank2]:[titan] 2026-10-02 08:55:23,431 - torchtitan.observability.metrics - INFO - [31mstep: 26  [32mloss: -1.00000  [38;2;180;60;0mgrad_norm: 21.2500  [38;2;54;234;195mmemory: 65.89GiB(83.19%)  [34mtps: 2,730  [36mtflops: 149.04  [35mmfu: 15.07%[39m
[rank1]:[titan] 2026-10-02 08:55:23,429 - torchtitan.observability.metrics - INFO - [31mstep: 26  [32mloss: -1.00000  [38;2;180;60;0mgrad_norm: 21.2500  [38;2;54;234;195mmemory: 60.52GiB(76.41%)  [34mtps: 2,730  [36mtflops: 149.03  [35mmfu: 15.07%[39m
[rank3]:[titan] 2026-10-02 08:55:23,424 - torchtitan.observability.metrics - INFO - [31mstep: 26  [32mloss:  3.75548  [38;2;180;60;0mgrad_norm: 21.2500  [38;2;54;234;195mmemory: 52.77GiB(66.62%)  [34mtps: 2,730  [36mtflops: 149.04  [35mmfu: 15.07%[39m
[rank0]:[titan] 2026-10-02 08:55:23,428 - torchtitan.observability.metrics - INFO - [31mstep: 26  [32mloss: -1.00000  [38;2;180;60;0mgrad_norm: 21.2500  [38;2;54;234;195mmemory: 59.40GiB(74.99%)  [34mtps: 2,730  [36mtflops: 149.05  [35mmfu: 15.07%[39m
[rank2]:[titan] 2026-10-02 08:55:26,422 - torchtitan.observability.metrics - INFO - [31mstep: 27  [32mloss: -1.00000  [38;2;180;60;0mgrad_norm: 15.4375  [38;2;54;234;195mmemory: 65.89GiB(83.19%)  [34mtps: 2,739  [36mtflops: 149.57  [35mmfu: 15.12%[39m
[rank3]:[titan] 2026-10-02 08:55:26,415 - torchtitan.observability.metrics - INFO - [31mstep: 27  [32mloss:  3.36172  [38;2;180;60;0mgrad_norm: 15.4375  [38;2;54;234;195mmemory: 52.77GiB(66.62%)  [34mtps: 2,739  [36mtflops: 149.57  [35mmfu: 15.12%[39m
[rank1]:[titan] 2026-10-02 08:55:26,420 - torchtitan.observability.metrics - INFO - [31mstep: 27  [32mloss: -1.00000  [38;2;180;60;0mgrad_norm: 15.4375  [38;2;54;234;195mmemory: 60.52GiB(76.41%)  [34mtps: 2,739  [36mtflops: 149.57  [35mmfu: 15.12%[39m
[rank0]:[titan] 2026-10-02 08:55:26,419 - torchtitan.observability.metrics - INFO - [31mstep: 27  [32mloss: -1.00000  [38;2;180;60;0mgrad_norm: 15.4375  [38;2;54;234;195mmemory: 59.40GiB(74.99%)  [34mtps: 2,739  [36mtflops: 149.56  [35mmfu: 15.12%[39m
[rank1]:[titan] 2026-10-02 08:55:29,417 - torchtitan.observability.metrics - INFO - [31mstep: 28  [32mloss: -1.00000  [38;2;180;60;0mgrad_norm: 14.1875  [38;2;54;234;195mmemory: 60.52GiB(76.41%)  [34mtps: 2,734  [36mtflops: 149.26  [35mmfu: 15.09%[39m
[rank3]:[titan] 2026-10-02 08:55:29,412 - torchtitan.observability.metrics - INFO - [31mstep: 28  [32mloss:  3.44289  [38;2;180;60;0mgrad_norm: 14.1875  [38;2;54;234;195mmemory: 52.77GiB(66.62%)  [34mtps: 2,734  [36mtflops: 149.26  [35mmfu: 15.09%[39m
[rank2]:[titan] 2026-10-02 08:55:29,419 - torchtitan.observability.metrics - INFO - [31mstep: 28  [32mloss: -1.00000  [38;2;180;60;0mgrad_norm: 14.1875  [38;2;54;234;195mmemory: 65.89GiB(83.19%)  [34mtps: 2,734  [36mtflops: 149.26  [35mmfu: 15.09%[39m
[rank0]:[titan] 2026-10-02 08:55:29,416 - torchtitan.observability.metrics - INFO - [31mstep: 28  [32mloss: -1.00000  [38;2;180;60;0mgrad_norm: 14.1875  [38;2;54;234;195mmemory: 59.40GiB(74.99%)  [34mtps: 2,734  [36mtflops: 149.25  [35mmfu: 15.09%[39m
[rank3]:[titan] 2026-10-02 08:55:32,407 - torchtitan.observability.metrics - INFO - [31mstep: 29  [32mloss:  3.18953  [38;2;180;60;0mgrad_norm: 15.1875  [38;2;54;234;195mmemory: 52.77GiB(66.62%)  [34mtps: 2,736  [36mtflops: 149.37  [35mmfu: 15.10%[39m
[rank2]:[titan] 2026-10-02 08:55:32,413 - torchtitan.observability.metrics - INFO - [31mstep: 29  [32mloss: -1.00000  [38;2;180;60;0mgrad_norm: 15.1875  [38;2;54;234;195mmemory: 65.89GiB(83.19%)  [34mtps: 2,736  [36mtflops: 149.37  [35mmfu: 15.10%[39m
[rank1]:[titan] 2026-10-02 08:55:32,412 - torchtitan.observability.metrics - INFO - [31mstep: 29  [32mloss: -1.00000  [38;2;180;60;0mgrad_norm: 15.1875  [38;2;54;234;195mmemory: 60.52GiB(76.41%)  [34mtps: 2,736  [36mtflops: 149.37  [35mmfu: 15.10%[39m
[rank0]:[titan] 2026-10-02 08:55:32,411 - torchtitan.observability.metrics - INFO - [31mstep: 29  [32mloss: -1.00000  [38;2;180;60;0mgrad_norm: 15.1875  [38;2;54;234;195mmemory: 59.40GiB(74.99%)  [34mtps: 2,736  [36mtflops: 149.39  [35mmfu: 15.10%[39m
[rank1]:[titan] 2026-10-02 08:55:35,401 - torchtitan.observability.metrics - INFO - [31mstep: 30  [32mloss: -1.00000  [38;2;180;60;0mgrad_norm: 15.0625  [38;2;54;234;195mmemory: 60.52GiB(76.41%)  [34mtps: 2,741  [36mtflops: 149.66  [35mmfu: 15.13%[39m
[rank2]:[titan] 2026-10-02 08:55:35,402 - torchtitan.observability.metrics - INFO - [31mstep: 30  [32mloss: -1.00000  [38;2;180;60;0mgrad_norm: 15.0625  [38;2;54;234;195mmemory: 65.89GiB(83.19%)  [34mtps: 2,741  [36mtflops: 149.66  [35mmfu: 15.13%[39m
[rank3]:[titan] 2026-10-02 08:55:35,396 - torchtitan.observability.metrics - INFO - [31mstep: 30  [32mloss:  2.99667  [38;2;180;60;0mgrad_norm: 15.0625  [38;2;54;234;195mmemory: 52.77GiB(66.62%)  [34mtps: 2,741  [36mtflops: 149.65  [35mmfu: 15.13%[39m
[rank0]:[titan] 2026-10-02 08:55:35,399 - torchtitan.observability.metrics - INFO - [31mstep: 30  [32mloss: -1.00000  [38;2;180;60;0mgrad_norm: 15.0625  [38;2;54;234;195mmemory: 59.40GiB(74.99%)  [34mtps: 2,741  [36mtflops: 149.66  [35mmfu: 15.13%[39m
[rank2]:[titan] 2026-10-02 08:55:38,388 - torchtitan.observability.metrics - INFO - [31mstep: 31  [32mloss: -1.00000  [38;2;180;60;0mgrad_norm: 19.1250  [38;2;54;234;195mmemory: 65.89GiB(83.19%)  [34mtps: 2,744  [36mtflops: 149.79  [35mmfu: 15.15%[39m
[rank3]:[titan] 2026-10-02 08:55:38,382 - torchtitan.observability.metrics - INFO - [31mstep: 31  [32mloss:  3.11544  [38;2;180;60;0mgrad_norm: 19.1250  [38;2;54;234;195mmemory: 52.77GiB(66.62%)  [34mtps: 2,744  [36mtflops: 149.79  [35mmfu: 15.15%[39m
[rank1]:[titan] 2026-10-02 08:55:38,387 - torchtitan.observability.metrics - INFO - [31mstep: 31  [32mloss: -1.00000  [38;2;180;60;0mgrad_norm: 19.1250  [38;2;54;234;195mmemory: 60.52GiB(76.41%)  [34mtps: 2,743  [36mtflops: 149.79  [35mmfu: 15.15%[39m
[rank0]:[titan] 2026-10-02 08:55:38,386 - torchtitan.observability.metrics - INFO - [31mstep: 31  [32mloss: -1.00000  [38;2;180;60;0mgrad_norm: 19.1250  [38;2;54;234;195mmemory: 59.40GiB(74.99%)  [34mtps: 2,744  [36mtflops: 149.79  [35mmfu: 15.15%[39m
[rank3]:[titan] 2026-10-02 08:55:41,389 - torchtitan.observability.metrics - INFO - [31mstep: 32  [32mloss:  3.07310  [38;2;180;60;0mgrad_norm: 14.5000  [38;2;54;234;195mmemory: 52.77GiB(66.62%)  [34mtps: 2,724  [36mtflops: 148.73  [35mmfu: 15.04%[39m
[rank2]:[titan] 2026-10-02 08:55:41,396 - torchtitan.observability.metrics - INFO - [31mstep: 32  [32mloss: -1.00000  [38;2;180;60;0mgrad_norm: 14.5000  [38;2;54;234;195mmemory: 65.89GiB(83.19%)  [34mtps: 2,724  [36mtflops: 148.73  [35mmfu: 15.04%[39m
[rank1]:[titan] 2026-10-02 08:55:41,395 - torchtitan.observability.metrics - INFO - [31mstep: 32  [32mloss: -1.00000  [38;2;180;60;0mgrad_norm: 14.5000  [38;2;54;234;195mmemory: 60.52GiB(76.41%)  [34mtps: 2,724  [36mtflops: 148.73  [35mmfu: 15.04%[39m
[rank0]:[titan] 2026-10-02 08:55:41,393 - torchtitan.observability.metrics - INFO - [31mstep: 32  [32mloss: -1.00000  [38;2;180;60;0mgrad_norm: 14.5000  [38;2;54;234;195mmemory: 59.40GiB(74.99%)  [34mtps: 2,724  [36mtflops: 148.73  [35mmfu: 15.04%[39m
[rank3]:[titan] 2026-10-02 08:55:44,405 - torchtitan.observability.metrics - INFO - [31mstep: 33  [32mloss:  3.06478  [38;2;180;60;0mgrad_norm: 11.0625  [38;2;54;234;195mmemory: 52.77GiB(66.62%)  [34mtps: 2,717  [36mtflops: 148.34  [35mmfu: 15.00%[39m
[rank2]:[titan] 2026-10-02 08:55:44,411 - torchtitan.observability.metrics - INFO - [31mstep: 33  [32mloss: -1.00000  [38;2;180;60;0mgrad_norm: 11.0625  [38;2;54;234;195mmemory: 65.89GiB(83.19%)  [34mtps: 2,717  [36mtflops: 148.35  [35mmfu: 15.00%[39m
[rank1]:[titan] 2026-10-02 08:55:44,410 - torchtitan.observability.metrics - INFO - [31mstep: 33  [32mloss: -1.00000  [38;2;180;60;0mgrad_norm: 11.0625  [38;2;54;234;195mmemory: 60.52GiB(76.41%)  [34mtps: 2,717  [36mtflops: 148.34  [35mmfu: 15.00%[39m
[rank0]:[titan] 2026-10-02 08:55:44,409 - torchtitan.observability.metrics - INFO - [31mstep: 33  [32mloss: -1.00000  [38;2;180;60;0mgrad_norm: 11.0625  [38;2;54;234;195mmemory: 59.40GiB(74.99%)  [34mtps: 2,717  [36mtflops: 148.35  [35mmfu: 15.00%[39m
[rank1]:[titan] 2026-10-02 08:55:47,408 - torchtitan.observability.metrics - INFO - [31mstep: 34  [32mloss: -1.00000  [38;2;180;60;0mgrad_norm:  8.5000  [38;2;54;234;195mmemory: 60.52GiB(76.41%)  [34mtps: 2,733  [36mtflops: 149.21  [35mmfu: 15.09%[39m
[rank2]:[titan] 2026-10-02 08:55:47,409 - torchtitan.observability.metrics - INFO - [31mstep: 34  [32mloss: -1.00000  [38;2;180;60;0mgrad_norm:  8.5000  [38;2;54;234;195mmemory: 65.89GiB(83.19%)  [34mtps: 2,733  [36mtflops: 149.21  [35mmfu: 15.09%[39m
[rank3]:[titan] 2026-10-02 08:55:47,403 - torchtitan.observability.metrics - INFO - [31mstep: 34  [32mloss:  2.90311  [38;2;180;60;0mgrad_norm:  8.5000  [38;2;54;234;195mmemory: 52.77GiB(66.62%)  [34mtps: 2,733  [36mtflops: 149.21  [35mmfu: 15.09%[39m
[rank0]:[titan] 2026-10-02 08:55:47,407 - torchtitan.observability.metrics - INFO - [31mstep: 34  [32mloss: -1.00000  [38;2;180;60;0mgrad_norm:  8.5000  [38;2;54;234;195mmemory: 59.40GiB(74.99%)  [34mtps: 2,733  [36mtflops: 149.21  [35mmfu: 15.09%[39m
[rank1]:[titan] 2026-10-02 08:55:50,415 - torchtitan.observability.metrics - INFO - [31mstep: 35  [32mloss: -1.00000  [38;2;180;60;0mgrad_norm: 10.2500  [38;2;54;234;195mmemory: 60.52GiB(76.41%)  [34mtps: 2,725  [36mtflops: 148.75  [35mmfu: 15.04%[39m
[rank3]:[titan] 2026-10-02 08:55:50,410 - torchtitan.observability.metrics - INFO - [31mstep: 35  [32mloss:  2.81901  [38;2;180;60;0mgrad_norm: 10.2500  [38;2;54;234;195mmemory: 52.77GiB(66.62%)  [34mtps: 2,724  [36mtflops: 148.74  [35mmfu: 15.04%[39m
[rank2]:[titan] 2026-10-02 08:55:50,416 - torchtitan.observability.metrics - INFO - [31mstep: 35  [32mloss: -1.00000  [38;2;180;60;0mgrad_norm: 10.2500  [38;2;54;234;195mmemory: 65.89GiB(83.19%)  [34mtps: 2,725  [36mtflops: 148.76  [35mmfu: 15.04%[39m
[rank0]:[titan] 2026-10-02 08:55:50,414 - torchtitan.observability.metrics - INFO - [31mstep: 35  [32mloss: -1.00000  [38;2;180;60;0mgrad_norm: 10.2500  [38;2;54;234;195mmemory: 59.40GiB(74.99%)  [34mtps: 2,725  [36mtflops: 148.76  [35mmfu: 15.04%[39m
[rank3]:[titan] 2026-10-02 08:55:53,415 - torchtitan.observability.metrics - INFO - [31mstep: 36  [32mloss:  2.94676  [38;2;180;60;0mgrad_norm: 10.9375  [38;2;54;234;195mmemory: 52.77GiB(66.62%)  [34mtps: 2,727  [36mtflops: 148.88  [35mmfu: 15.05%[39m
[rank1]:[titan] 2026-10-02 08:55:53,420 - torchtitan.observability.metrics - INFO - [31mstep: 36  [32mloss: -1.00000  [38;2;180;60;0mgrad_norm: 10.9375  [38;2;54;234;195mmemory: 60.52GiB(76.41%)  [34mtps: 2,727  [36mtflops: 148.86  [35mmfu: 15.05%[39m
[rank0]:[titan] 2026-10-02 08:55:53,419 - torchtitan.observability.metrics - INFO - [31mstep: 36  [32mloss: -1.00000  [38;2;180;60;0mgrad_norm: 10.9375  [38;2;54;234;195mmemory: 59.40GiB(74.99%)  [34mtps: 2,726  [36mtflops: 148.86  [35mmfu: 15.05%[39m
[rank2]:[titan] 2026-10-02 08:55:53,421 - torchtitan.observability.metrics - INFO - [31mstep: 36  [32mloss: -1.00000  [38;2;180;60;0mgrad_norm: 10.9375  [38;2;54;234;195mmemory: 65.89GiB(83.19%)  [34mtps: 2,727  [36mtflops: 148.86  [35mmfu: 15.05%[39m
[rank3]:[titan] 2026-10-02 08:55:56,446 - torchtitan.observability.metrics - INFO - [31mstep: 37  [32mloss:  2.90321  [38;2;180;60;0mgrad_norm:  8.5000  [38;2;54;234;195mmemory: 52.77GiB(66.62%)  [34mtps: 2,702  [36mtflops: 147.54  [35mmfu: 14.92%[39m
[rank2]:[titan] 2026-10-02 08:55:56,453 - torchtitan.observability.metrics - INFO - [31mstep: 37  [32mloss: -1.00000  [38;2;180;60;0mgrad_norm:  8.5000  [38;2;54;234;195mmemory: 65.89GiB(83.19%)  [34mtps: 2,702  [36mtflops: 147.53  [35mmfu: 14.92%[39m
[rank1]:[titan] 2026-10-02 08:55:56,452 - torchtitan.observability.metrics - INFO - [31mstep: 37  [32mloss: -1.00000  [38;2;180;60;0mgrad_norm:  8.5000  [38;2;54;234;195mmemory: 60.52GiB(76.41%)  [34mtps: 2,702  [36mtflops: 147.53  [35mmfu: 14.92%[39m
[rank0]:[titan] 2026-10-02 08:55:56,450 - torchtitan.observability.metrics - INFO - [31mstep: 37  [32mloss: -1.00000  [38;2;180;60;0mgrad_norm:  8.5000  [38;2;54;234;195mmemory: 59.40GiB(74.99%)  [34mtps: 2,702  [36mtflops: 147.54  [35mmfu: 14.92%[39m
[rank1]:[titan] 2026-10-02 08:55:59,455 - torchtitan.observability.metrics - INFO - [31mstep: 38  [32mloss: -1.00000  [38;2;180;60;0mgrad_norm: 10.6250  [38;2;54;234;195mmemory: 60.52GiB(76.41%)  [34mtps: 2,728  [36mtflops: 148.95  [35mmfu: 15.06%[39m
[rank3]:[titan] 2026-10-02 08:55:59,450 - torchtitan.observability.metrics - INFO - [31mstep: 38  [32mloss:  2.63334  [38;2;180;60;0mgrad_norm: 10.6250  [38;2;54;234;195mmemory: 52.77GiB(66.62%)  [34mtps: 2,728  [36mtflops: 148.95  [35mmfu: 15.06%[39m
[rank2]:[titan] 2026-10-02 08:55:59,456 - torchtitan.observability.metrics - INFO - [31mstep: 38  [32mloss: -1.00000  [38;2;180;60;0mgrad_norm: 10.6250  [38;2;54;234;195mmemory: 65.89GiB(83.19%)  [34mtps: 2,728  [36mtflops: 148.95  [35mmfu: 15.06%[39m
[rank0]:[titan] 2026-10-02 08:55:59,453 - torchtitan.observability.metrics - INFO - [31mstep: 38  [32mloss: -1.00000  [38;2;180;60;0mgrad_norm: 10.6250  [38;2;54;234;195mmemory: 59.40GiB(74.99%)  [34mtps: 2,728  [36mtflops: 148.95  [35mmfu: 15.06%[39m
[rank1]:[titan] 2026-10-02 08:56:02,463 - torchtitan.observability.metrics - INFO - [31mstep: 39  [32mloss: -1.00000  [38;2;180;60;0mgrad_norm:  8.6250  [38;2;54;234;195mmemory: 60.52GiB(76.41%)  [34mtps: 2,723  [36mtflops: 148.69  [35mmfu: 15.03%[39m
[rank2]:[titan] 2026-10-02 08:56:02,465 - torchtitan.observability.metrics - INFO - [31mstep: 39  [32mloss: -1.00000  [38;2;180;60;0mgrad_norm:  8.6250  [38;2;54;234;195mmemory: 65.89GiB(83.19%)  [34mtps: 2,723  [36mtflops: 148.69  [35mmfu: 15.03%[39m
[rank3]:[titan] 2026-10-02 08:56:02,458 - torchtitan.observability.metrics - INFO - [31mstep: 39  [32mloss:  2.76812  [38;2;180;60;0mgrad_norm:  8.6250  [38;2;54;234;195mmemory: 52.77GiB(66.62%)  [34mtps: 2,723  [36mtflops: 148.69  [35mmfu: 15.03%[39m
[rank0]:[titan] 2026-10-02 08:56:02,462 - torchtitan.observability.metrics - INFO - [31mstep: 39  [32mloss: -1.00000  [38;2;180;60;0mgrad_norm:  8.6250  [38;2;54;234;195mmemory: 59.40GiB(74.99%)  [34mtps: 2,723  [36mtflops: 148.68  [35mmfu: 15.03%[39m
[rank2]:[titan] 2026-10-02 08:56:05,475 - torchtitan.observability.metrics - INFO - [31mstep: 40  [32mloss: -1.00000  [38;2;180;60;0mgrad_norm:  6.8750  [38;2;54;234;195mmemory: 65.89GiB(83.19%)  [34mtps: 2,722  [36mtflops: 148.61  [35mmfu: 15.03%[39m
[rank3]:[titan] 2026-10-02 08:56:05,468 - torchtitan.observability.metrics - INFO - [31mstep: 40  [32mloss:  2.80755  [38;2;180;60;0mgrad_norm:  6.8750  [38;2;54;234;195mmemory: 52.77GiB(66.62%)  [34mtps: 2,722  [36mtflops: 148.61  [35mmfu: 15.03%[39m
[rank1]:[titan] 2026-10-02 08:56:05,473 - torchtitan.observability.metrics - INFO - [31mstep: 40  [32mloss: -1.00000  [38;2;180;60;0mgrad_norm:  6.8750  [38;2;54;234;195mmemory: 60.52GiB(76.41%)  [34mtps: 2,722  [36mtflops: 148.61  [35mmfu: 15.03%[39m
[rank0]:[titan] 2026-10-02 08:56:05,472 - torchtitan.observability.metrics - INFO - [31mstep: 40  [32mloss: -1.00000  [38;2;180;60;0mgrad_norm:  6.8750  [38;2;54;234;195mmemory: 59.40GiB(74.99%)  [34mtps: 2,722  [36mtflops: 148.61  [35mmfu: 15.03%[39m
[rank2]:[titan] 2026-10-02 08:56:08,470 - torchtitan.observability.metrics - INFO - [31mstep: 41  [32mloss: -1.00000  [38;2;180;60;0mgrad_norm: 10.5625  [38;2;54;234;195mmemory: 65.89GiB(83.19%)  [34mtps: 2,736  [36mtflops: 149.36  [35mmfu: 15.10%[39m
[rank3]:[titan] 2026-10-02 08:56:08,463 - torchtitan.observability.metrics - INFO - [31mstep: 41  [32mloss:  2.61795  [38;2;180;60;0mgrad_norm: 10.5625  [38;2;54;234;195mmemory: 52.77GiB(66.62%)  [34mtps: 2,736  [36mtflops: 149.35  [35mmfu: 15.10%[39m
[rank1]:[titan] 2026-10-02 08:56:08,468 - torchtitan.observability.metrics - INFO - [31mstep: 41  [32mloss: -1.00000  [38;2;180;60;0mgrad_norm: 10.5625  [38;2;54;234;195mmemory: 60.52GiB(76.41%)  [34mtps: 2,736  [36mtflops: 149.35  [35mmfu: 15.10%[39m
[rank0]:[titan] 2026-10-02 08:56:08,467 - torchtitan.observability.metrics - INFO - [31mstep: 41  [32mloss: -1.00000  [38;2;180;60;0mgrad_norm: 10.5625  [38;2;54;234;195mmemory: 59.40GiB(74.99%)  [34mtps: 2,736  [36mtflops: 149.35  [35mmfu: 15.10%[39m
[rank3]:[titan] 2026-10-02 08:56:11,460 - torchtitan.observability.metrics - INFO - [31mstep: 42  [32mloss:  2.79008  [38;2;180;60;0mgrad_norm:  9.0000  [38;2;54;234;195mmemory: 52.77GiB(66.62%)  [34mtps: 2,734  [36mtflops: 149.27  [35mmfu: 15.09%[39m
[rank0]:[titan] 2026-10-02 08:56:11,464 - torchtitan.observability.metrics - INFO - [31mstep: 42  [32mloss: -1.00000  [38;2;180;60;0mgrad_norm:  9.0000  [38;2;54;234;195mmemory: 59.40GiB(74.99%)  [34mtps: 2,734  [36mtflops: 149.27  [35mmfu: 15.09%[39m
[rank1]:[titan] 2026-10-02 08:56:11,465 - torchtitan.observability.metrics - INFO - [31mstep: 42  [32mloss: -1.00000  [38;2;180;60;0mgrad_norm:  9.0000  [38;2;54;234;195mmemory: 60.52GiB(76.41%)  [34mtps: 2,734  [36mtflops: 149.26  [35mmfu: 15.09%[39m
[rank2]:[titan] 2026-10-02 08:56:11,466 - torchtitan.observability.metrics - INFO - [31mstep: 42  [32mloss: -1.00000  [38;2;180;60;0mgrad_norm:  9.0000  [38;2;54;234;195mmemory: 65.89GiB(83.19%)  [34mtps: 2,734  [36mtflops: 149.26  [35mmfu: 15.09%[39m
[rank3]:[titan] 2026-10-02 08:56:14,465 - torchtitan.observability.metrics - INFO - [31mstep: 43  [32mloss:  2.73998  [38;2;180;60;0mgrad_norm:  4.3438  [38;2;54;234;195mmemory: 52.77GiB(66.62%)  [34mtps: 2,726  [36mtflops: 148.83  [35mmfu: 15.05%[39m
[rank0]:[titan] 2026-10-02 08:56:14,469 - torchtitan.observability.metrics - INFO - [31mstep: 43  [32mloss: -1.00000  [38;2;180;60;0mgrad_norm:  4.3438  [38;2;54;234;195mmemory: 59.40GiB(74.99%)  [34mtps: 2,726  [36mtflops: 148.83  [35mmfu: 15.05%[39m
[rank1]:[titan] 2026-10-02 08:56:14,470 - torchtitan.observability.metrics - INFO - [31mstep: 43  [32mloss: -1.00000  [38;2;180;60;0mgrad_norm:  4.3438  [38;2;54;234;195mmemory: 60.52GiB(76.41%)  [34mtps: 2,726  [36mtflops: 148.83  [35mmfu: 15.05%[39m
[rank2]:[titan] 2026-10-02 08:56:14,472 - torchtitan.observability.metrics - INFO - [31mstep: 43  [32mloss: -1.00000  [38;2;180;60;0mgrad_norm:  4.3438  [38;2;54;234;195mmemory: 65.89GiB(83.19%)  [34mtps: 2,726  [36mtflops: 148.84  [35mmfu: 15.05%[39m
[rank3]:[titan] 2026-10-02 08:56:17,481 - torchtitan.observability.metrics - INFO - [31mstep: 44  [32mloss:  2.84593  [38;2;180;60;0mgrad_norm: 12.6875  [38;2;54;234;195mmemory: 52.77GiB(66.62%)  [34mtps: 2,717  [36mtflops: 148.35  [35mmfu: 15.00%[39m
[rank2]:[titan] 2026-10-02 08:56:17,487 - torchtitan.observability.metrics - INFO - [31mstep: 44  [32mloss: -1.00000  [38;2;180;60;0mgrad_norm: 12.6875  [38;2;54;234;195mmemory: 65.89GiB(83.19%)  [34mtps: 2,717  [36mtflops: 148.36  [35mmfu: 15.00%[39m
[rank1]:[titan] 2026-10-02 08:56:17,485 - torchtitan.observability.metrics - INFO - [31mstep: 44  [32mloss: -1.00000  [38;2;180;60;0mgrad_norm: 12.6875  [38;2;54;234;195mmemory: 60.52GiB(76.41%)  [34mtps: 2,717  [36mtflops: 148.36  [35mmfu: 15.00%[39m
[rank0]:[titan] 2026-10-02 08:56:17,484 - torchtitan.observability.metrics - INFO - [31mstep: 44  [32mloss: -1.00000  [38;2;180;60;0mgrad_norm: 12.6875  [38;2;54;234;195mmemory: 59.40GiB(74.99%)  [34mtps: 2,717  [36mtflops: 148.36  [35mmfu: 15.00%[39m
[rank2]:[titan] 2026-10-02 08:56:20,477 - torchtitan.observability.metrics - INFO - [31mstep: 45  [32mloss: -1.00000  [38;2;180;60;0mgrad_norm: 10.4375  [38;2;54;234;195mmemory: 65.89GiB(83.19%)  [34mtps: 2,740  [36mtflops: 149.59  [35mmfu: 15.12%[39m
[rank1]:[titan] 2026-10-02 08:56:20,476 - torchtitan.observability.metrics - INFO - [31mstep: 45  [32mloss: -1.00000  [38;2;180;60;0mgrad_norm: 10.4375  [38;2;54;234;195mmemory: 60.52GiB(76.41%)  [34mtps: 2,740  [36mtflops: 149.58  [35mmfu: 15.12%[39m
[rank3]:[titan] 2026-10-02 08:56:20,471 - torchtitan.observability.metrics - INFO - [31mstep: 45  [32mloss:  2.93393  [38;2;180;60;0mgrad_norm: 10.4375  [38;2;54;234;195mmemory: 52.77GiB(66.62%)  [34mtps: 2,740  [36mtflops: 149.61  [35mmfu: 15.13%[39m
[rank0]:[titan] 2026-10-02 08:56:20,474 - torchtitan.observability.metrics - INFO - [31mstep: 45  [32mloss: -1.00000  [38;2;180;60;0mgrad_norm: 10.4375  [38;2;54;234;195mmemory: 59.40GiB(74.99%)  [34mtps: 2,740  [36mtflops: 149.59  [35mmfu: 15.13%[39m
[rank3]:[titan] 2026-10-02 08:56:23,463 - torchtitan.observability.metrics - INFO - [31mstep: 46  [32mloss:  2.67442  [38;2;180;60;0mgrad_norm: 13.3750  [38;2;54;234;195mmemory: 52.77GiB(66.62%)  [34mtps: 2,738  [36mtflops: 149.49  [35mmfu: 15.11%[39m
[rank2]:[titan] 2026-10-02 08:56:23,470 - torchtitan.observability.metrics - INFO - [31mstep: 46  [32mloss: -1.00000  [38;2;180;60;0mgrad_norm: 13.3750  [38;2;54;234;195mmemory: 65.89GiB(83.19%)  [34mtps: 2,738  [36mtflops: 149.49  [35mmfu: 15.12%[39m
[rank1]:[titan] 2026-10-02 08:56:23,468 - torchtitan.observability.metrics - INFO - [31mstep: 46  [32mloss: -1.00000  [38;2;180;60;0mgrad_norm: 13.3750  [38;2;54;234;195mmemory: 60.52GiB(76.41%)  [34mtps: 2,738  [36mtflops: 149.49  [35mmfu: 15.11%[39m
[rank0]:[titan] 2026-10-02 08:56:23,467 - torchtitan.observability.metrics - INFO - [31mstep: 46  [32mloss: -1.00000  [38;2;180;60;0mgrad_norm: 13.3750  [38;2;54;234;195mmemory: 59.40GiB(74.99%)  [34mtps: 2,738  [36mtflops: 149.49  [35mmfu: 15.12%[39m
[rank1]:[titan] 2026-10-02 08:56:26,474 - torchtitan.observability.metrics - INFO - [31mstep: 47  [32mloss: -1.00000  [38;2;180;60;0mgrad_norm:  7.4375  [38;2;54;234;195mmemory: 60.52GiB(76.41%)  [34mtps: 2,725  [36mtflops: 148.78  [35mmfu: 15.04%[39m
[rank3]:[titan] 2026-10-02 08:56:26,469 - torchtitan.observability.metrics - INFO - [31mstep: 47  [32mloss:  2.64649  [38;2;180;60;0mgrad_norm:  7.4375  [38;2;54;234;195mmemory: 52.77GiB(66.62%)  [34mtps: 2,725  [36mtflops: 148.78  [35mmfu: 15.04%[39m
[rank2]:[titan] 2026-10-02 08:56:26,476 - torchtitan.observability.metrics - INFO - [31mstep: 47  [32mloss: -1.00000  [38;2;180;60;0mgrad_norm:  7.4375  [38;2;54;234;195mmemory: 65.89GiB(83.19%)  [34mtps: 2,725  [36mtflops: 148.78  [35mmfu: 15.04%[39m
[rank0]:[titan] 2026-10-02 08:56:26,473 - torchtitan.observability.metrics - INFO - [31mstep: 47  [32mloss: -1.00000  [38;2;180;60;0mgrad_norm:  7.4375  [38;2;54;234;195mmemory: 59.40GiB(74.99%)  [34mtps: 2,725  [36mtflops: 148.78  [35mmfu: 15.04%[39m
[rank1]:[titan] 2026-10-02 08:56:29,501 - torchtitan.observability.metrics - INFO - [31mstep: 48  [32mloss: -1.00000  [38;2;180;60;0mgrad_norm: 10.8125  [38;2;54;234;195mmemory: 60.52GiB(76.41%)  [34mtps: 2,707  [36mtflops: 147.79  [35mmfu: 14.94%[39m
[rank3]:[titan] 2026-10-02 08:56:29,496 - torchtitan.observability.metrics - INFO - [31mstep: 48  [32mloss:  2.60266  [38;2;180;60;0mgrad_norm: 10.8125  [38;2;54;234;195mmemory: 52.77GiB(66.62%)  [34mtps: 2,707  [36mtflops: 147.79  [35mmfu: 14.94%[39m
[rank0]:[titan] 2026-10-02 08:56:29,500 - torchtitan.observability.metrics - INFO - [31mstep: 48  [32mloss: -1.00000  [38;2;180;60;0mgrad_norm: 10.8125  [38;2;54;234;195mmemory: 59.40GiB(74.99%)  [34mtps: 2,707  [36mtflops: 147.80  [35mmfu: 14.94%[39m
[rank2]:[titan] 2026-10-02 08:56:29,503 - torchtitan.observability.metrics - INFO - [31mstep: 48  [32mloss: -1.00000  [38;2;180;60;0mgrad_norm: 10.8125  [38;2;54;234;195mmemory: 65.89GiB(83.19%)  [34mtps: 2,707  [36mtflops: 147.79  [35mmfu: 14.94%[39m
[rank2]:[titan] 2026-10-02 08:56:32,499 - torchtitan.observability.metrics - INFO - [31mstep: 49  [32mloss: -1.00000  [38;2;180;60;0mgrad_norm: 11.5625  [38;2;54;234;195mmemory: 65.89GiB(83.19%)  [34mtps: 2,734  [36mtflops: 149.28  [35mmfu: 15.09%[39m
[rank3]:[titan] 2026-10-02 08:56:32,492 - torchtitan.observability.metrics - INFO - [31mstep: 49  [32mloss:  2.63485  [38;2;180;60;0mgrad_norm: 11.5625  [38;2;54;234;195mmemory: 52.77GiB(66.62%)  [34mtps: 2,734  [36mtflops: 149.28  [35mmfu: 15.09%[39m
[rank1]:[titan] 2026-10-02 08:56:32,498 - torchtitan.observability.metrics - INFO - [31mstep: 49  [32mloss: -1.00000  [38;2;180;60;0mgrad_norm: 11.5625  [38;2;54;234;195mmemory: 60.52GiB(76.41%)  [34mtps: 2,734  [36mtflops: 149.28  [35mmfu: 15.09%[39m
[rank0]:[titan] 2026-10-02 08:56:32,496 - torchtitan.observability.metrics - INFO - [31mstep: 49  [32mloss: -1.00000  [38;2;180;60;0mgrad_norm: 11.5625  [38;2;54;234;195mmemory: 59.40GiB(74.99%)  [34mtps: 2,734  [36mtflops: 149.28  [35mmfu: 15.09%[39m
[rank2]:[titan] 2026-10-02 08:56:32,600 - torchtitan.tools.utils - INFO - [GC] Performing periodic GC collection took 0.06 seconds
[rank3]:[titan] 2026-10-02 08:56:32,584 - torchtitan.tools.utils - INFO - [GC] Performing periodic GC collection took 0.05 seconds
[rank0]:[titan] 2026-10-02 08:56:32,594 - torchtitan.tools.utils - INFO - [GC] Performing periodic GC collection took 0.06 seconds
[rank1]:[titan] 2026-10-02 08:56:32,631 - torchtitan.tools.utils - INFO - [GC] Performing periodic GC collection took 0.07 seconds
[rank2]:[titan] 2026-10-02 08:56:35,574 - torchtitan.observability.metrics - INFO - [31mstep: 50  [32mloss: -1.00000  [38;2;180;60;0mgrad_norm:  9.8750  [38;2;54;234;195mmemory: 65.89GiB(83.19%)  [34mtps: 2,664  [36mtflops: 145.47  [35mmfu: 14.71%[39m
[rank3]:[titan] 2026-10-02 08:56:35,568 - torchtitan.observability.metrics - INFO - [31mstep: 50  [32mloss:  2.57208  [38;2;180;60;0mgrad_norm:  9.8750  [38;2;54;234;195mmemory: 52.77GiB(66.62%)  [34mtps: 2,664  [36mtflops: 145.46  [35mmfu: 14.71%[39m
[rank1]:[titan] 2026-10-02 08:56:35,573 - torchtitan.observability.metrics - INFO - [31mstep: 50  [32mloss: -1.00000  [38;2;180;60;0mgrad_norm:  9.8750  [38;2;54;234;195mmemory: 60.52GiB(76.41%)  [34mtps: 2,664  [36mtflops: 145.46  [35mmfu: 14.71%[39m
[rank0]:[titan] 2026-10-02 08:56:35,571 - torchtitan.observability.metrics - INFO - [31mstep: 50  [32mloss: -1.00000  [38;2;180;60;0mgrad_norm:  9.8750  [38;2;54;234;195mmemory: 59.40GiB(74.99%)  [34mtps: 2,664  [36mtflops: 145.46  [35mmfu: 14.71%[39m
[rank3]:[titan] 2026-10-02 08:56:38,621 - torchtitan.observability.metrics - INFO - [31mstep: 51  [32mloss:  2.41305  [38;2;180;60;0mgrad_norm:  6.8438  [38;2;54;234;195mmemory: 52.77GiB(66.62%)  [34mtps: 2,683  [36mtflops: 146.50  [35mmfu: 14.81%[39m
[rank1]:[titan] 2026-10-02 08:56:38,626 - torchtitan.observability.metrics - INFO - [31mstep: 51  [32mloss: -1.00000  [38;2;180;60;0mgrad_norm:  6.8438  [38;2;54;234;195mmemory: 60.52GiB(76.41%)  [34mtps: 2,683  [36mtflops: 146.50  [35mmfu: 14.81%[39m
[rank2]:[titan] 2026-10-02 08:56:38,628 - torchtitan.observability.metrics - INFO - [31mstep: 51  [32mloss: -1.00000  [38;2;180;60;0mgrad_norm:  6.8438  [38;2;54;234;195mmemory: 65.89GiB(83.19%)  [34mtps: 2,683  [36mtflops: 146.50  [35mmfu: 14.81%[39m
[rank0]:[titan] 2026-10-02 08:56:38,625 - torchtitan.observability.metrics - INFO - [31mstep: 51  [32mloss: -1.00000  [38;2;180;60;0mgrad_norm:  6.8438  [38;2;54;234;195mmemory: 59.40GiB(74.99%)  [34mtps: 2,683  [36mtflops: 146.50  [35mmfu: 14.81%[39m
[rank3]:[titan] 2026-10-02 08:56:41,624 - torchtitan.observability.metrics - INFO - [31mstep: 52  [32mloss:  2.59175  [38;2;180;60;0mgrad_norm:  7.9375  [38;2;54;234;195mmemory: 52.77GiB(66.62%)  [34mtps: 2,729  [36mtflops: 148.97  [35mmfu: 15.06%[39m
[rank0]:[titan] 2026-10-02 08:56:41,627 - torchtitan.observability.metrics - INFO - [31mstep: 52  [32mloss: -1.00000  [38;2;180;60;0mgrad_norm:  7.9375  [38;2;54;234;195mmemory: 59.40GiB(74.99%)  [34mtps: 2,729  [36mtflops: 148.98  [35mmfu: 15.06%[39m
[rank1]:[titan] 2026-10-02 08:56:41,629 - torchtitan.observability.metrics - INFO - [31mstep: 52  [32mloss: -1.00000  [38;2;180;60;0mgrad_norm:  7.9375  [38;2;54;234;195mmemory: 60.52GiB(76.41%)  [34mtps: 2,729  [36mtflops: 148.97  [35mmfu: 15.06%[39m
[rank2]:[titan] 2026-10-02 08:56:41,630 - torchtitan.observability.metrics - INFO - [31mstep: 52  [32mloss: -1.00000  [38;2;180;60;0mgrad_norm:  7.9375  [38;2;54;234;195mmemory: 65.89GiB(83.19%)  [34mtps: 2,729  [36mtflops: 148.97  [35mmfu: 15.06%[39m
[rank3]:[titan] 2026-10-02 08:56:44,625 - torchtitan.observability.metrics - INFO - [31mstep: 53  [32mloss:  2.84920  [38;2;180;60;0mgrad_norm:  6.8438  [38;2;54;234;195mmemory: 52.77GiB(66.62%)  [34mtps: 2,730  [36mtflops: 149.03  [35mmfu: 15.07%[39m
[rank2]:[titan] 2026-10-02 08:56:44,631 - torchtitan.observability.metrics - INFO - [31mstep: 53  [32mloss: -1.00000  [38;2;180;60;0mgrad_norm:  6.8438  [38;2;54;234;195mmemory: 65.89GiB(83.19%)  [34mtps: 2,730  [36mtflops: 149.05  [35mmfu: 15.07%[39m
[rank1]:[titan] 2026-10-02 08:56:44,630 - torchtitan.observability.metrics - INFO - [31mstep: 53  [32mloss: -1.00000  [38;2;180;60;0mgrad_norm:  6.8438  [38;2;54;234;195mmemory: 60.52GiB(76.41%)  [34mtps: 2,730  [36mtflops: 149.05  [35mmfu: 15.07%[39m
[rank0]:[titan] 2026-10-02 08:56:44,629 - torchtitan.observability.metrics - INFO - [31mstep: 53  [32mloss: -1.00000  [38;2;180;60;0mgrad_norm:  6.8438  [38;2;54;234;195mmemory: 59.40GiB(74.99%)  [34mtps: 2,730  [36mtflops: 149.05  [35mmfu: 15.07%[39m
[rank1]:[titan] 2026-10-02 08:56:47,635 - torchtitan.observability.metrics - INFO - [31mstep: 54  [32mloss: -1.00000  [38;2;180;60;0mgrad_norm:  6.2812  [38;2;54;234;195mmemory: 60.52GiB(76.41%)  [34mtps: 2,726  [36mtflops: 148.84  [35mmfu: 15.05%[39m
[rank2]:[titan] 2026-10-02 08:56:47,637 - torchtitan.observability.metrics - INFO - [31mstep: 54  [32mloss: -1.00000  [38;2;180;60;0mgrad_norm:  6.2812  [38;2;54;234;195mmemory: 65.89GiB(83.19%)  [34mtps: 2,726  [36mtflops: 148.84  [35mmfu: 15.05%[39m
[rank3]:[titan] 2026-10-02 08:56:47,630 - torchtitan.observability.metrics - INFO - [31mstep: 54  [32mloss:  2.55284  [38;2;180;60;0mgrad_norm:  6.2812  [38;2;54;234;195mmemory: 52.77GiB(66.62%)  [34mtps: 2,726  [36mtflops: 148.86  [35mmfu: 15.05%[39m
[rank0]:[titan] 2026-10-02 08:56:47,634 - torchtitan.observability.metrics - INFO - [31mstep: 54  [32mloss: -1.00000  [38;2;180;60;0mgrad_norm:  6.2812  [38;2;54;234;195mmemory: 59.40GiB(74.99%)  [34mtps: 2,726  [36mtflops: 148.84  [35mmfu: 15.05%[39m
[rank2]:[titan] 2026-10-02 08:56:50,632 - torchtitan.observability.metrics - INFO - [31mstep: 55  [32mloss: -1.00000  [38;2;180;60;0mgrad_norm:  6.5625  [38;2;54;234;195mmemory: 65.89GiB(83.19%)  [34mtps: 2,735  [36mtflops: 149.32  [35mmfu: 15.10%[39m
[rank1]:[titan] 2026-10-02 08:56:50,631 - torchtitan.observability.metrics - INFO - [31mstep: 55  [32mloss: -1.00000  [38;2;180;60;0mgrad_norm:  6.5625  [38;2;54;234;195mmemory: 60.52GiB(76.41%)  [34mtps: 2,735  [36mtflops: 149.32  [35mmfu: 15.10%[39m
[rank3]:[titan] 2026-10-02 08:56:50,626 - torchtitan.observability.metrics - INFO - [31mstep: 55  [32mloss:  2.51790  [38;2;180;60;0mgrad_norm:  6.5625  [38;2;54;234;195mmemory: 52.77GiB(66.62%)  [34mtps: 2,735  [36mtflops: 149.32  [35mmfu: 15.10%[39m
[rank0]:[titan] 2026-10-02 08:56:50,630 - torchtitan.observability.metrics - INFO - [31mstep: 55  [32mloss: -1.00000  [38;2;180;60;0mgrad_norm:  6.5625  [38;2;54;234;195mmemory: 59.40GiB(74.99%)  [34mtps: 2,735  [36mtflops: 149.33  [35mmfu: 15.10%[39m
[rank2]:[titan] 2026-10-02 08:56:53,631 - torchtitan.observability.metrics - INFO - [31mstep: 56  [32mloss: -1.00000  [38;2;180;60;0mgrad_norm:  7.0000  [38;2;54;234;195mmemory: 65.89GiB(83.19%)  [34mtps: 2,732  [36mtflops: 149.18  [35mmfu: 15.08%[39m
[rank1]:[titan] 2026-10-02 08:56:53,629 - torchtitan.observability.metrics - INFO - [31mstep: 56  [32mloss: -1.00000  [38;2;180;60;0mgrad_norm:  7.0000  [38;2;54;234;195mmemory: 60.52GiB(76.41%)  [34mtps: 2,732  [36mtflops: 149.18  [35mmfu: 15.08%[39m
[rank3]:[titan] 2026-10-02 08:56:53,624 - torchtitan.observability.metrics - INFO - [31mstep: 56  [32mloss:  2.35396  [38;2;180;60;0mgrad_norm:  7.0000  [38;2;54;234;195mmemory: 52.77GiB(66.62%)  [34mtps: 2,732  [36mtflops: 149.18  [35mmfu: 15.08%[39m
[rank0]:[titan] 2026-10-02 08:56:53,628 - torchtitan.observability.metrics - INFO - [31mstep: 56  [32mloss: -1.00000  [38;2;180;60;0mgrad_norm:  7.0000  [38;2;54;234;195mmemory: 59.40GiB(74.99%)  [34mtps: 2,732  [36mtflops: 149.18  [35mmfu: 15.08%[39m
[rank2]:[titan] 2026-10-02 08:56:56,630 - torchtitan.observability.metrics - INFO - [31mstep: 57  [32mloss: -1.00000  [38;2;180;60;0mgrad_norm:  5.5625  [38;2;54;234;195mmemory: 65.89GiB(83.19%)  [34mtps: 2,732  [36mtflops: 149.16  [35mmfu: 15.08%[39m
[rank3]:[titan] 2026-10-02 08:56:56,623 - torchtitan.observability.metrics - INFO - [31mstep: 57  [32mloss:  2.51503  [38;2;180;60;0mgrad_norm:  5.5625  [38;2;54;234;195mmemory: 52.77GiB(66.62%)  [34mtps: 2,732  [36mtflops: 149.16  [35mmfu: 15.08%[39m
[rank1]:[titan] 2026-10-02 08:56:56,628 - torchtitan.observability.metrics - INFO - [31mstep: 57  [32mloss: -1.00000  [38;2;180;60;0mgrad_norm:  5.5625  [38;2;54;234;195mmemory: 60.52GiB(76.41%)  [34mtps: 2,732  [36mtflops: 149.17  [35mmfu: 15.08%[39m
[rank0]:[titan] 2026-10-02 08:56:56,627 - torchtitan.observability.metrics - INFO - [31mstep: 57  [32mloss: -1.00000  [38;2;180;60;0mgrad_norm:  5.5625  [38;2;54;234;195mmemory: 59.40GiB(74.99%)  [34mtps: 2,732  [36mtflops: 149.16  [35mmfu: 15.08%[39m
[rank2]:[titan] 2026-10-02 08:56:59,643 - torchtitan.observability.metrics - INFO - [31mstep: 58  [32mloss: -1.00000  [38;2;180;60;0mgrad_norm: 21.8750  [38;2;54;234;195mmemory: 65.89GiB(83.19%)  [34mtps: 2,719  [36mtflops: 148.43  [35mmfu: 15.01%[39m
[rank3]:[titan] 2026-10-02 08:56:59,637 - torchtitan.observability.metrics - INFO - [31mstep: 58  [32mloss:  2.49416  [38;2;180;60;0mgrad_norm: 21.8750  [38;2;54;234;195mmemory: 52.77GiB(66.62%)  [34mtps: 2,719  [36mtflops: 148.44  [35mmfu: 15.01%[39m
[rank1]:[titan] 2026-10-02 08:56:59,642 - torchtitan.observability.metrics - INFO - [31mstep: 58  [32mloss: -1.00000  [38;2;180;60;0mgrad_norm: 21.8750  [38;2;54;234;195mmemory: 60.52GiB(76.41%)  [34mtps: 2,719  [36mtflops: 148.44  [35mmfu: 15.01%[39m
[rank0]:[titan] 2026-10-02 08:56:59,640 - torchtitan.observability.metrics - INFO - [31mstep: 58  [32mloss: -1.00000  [38;2;180;60;0mgrad_norm: 21.8750  [38;2;54;234;195mmemory: 59.40GiB(74.99%)  [34mtps: 2,719  [36mtflops: 148.45  [35mmfu: 15.01%[39m
[rank2]:[titan] 2026-10-02 08:57:02,641 - torchtitan.observability.metrics - INFO - [31mstep: 59  [32mloss: -1.00000  [38;2;180;60;0mgrad_norm:  8.1875  [38;2;54;234;195mmemory: 65.89GiB(83.19%)  [34mtps: 2,733  [36mtflops: 149.23  [35mmfu: 15.09%[39m
[rank3]:[titan] 2026-10-02 08:57:02,634 - torchtitan.observability.metrics - INFO - [31mstep: 59  [32mloss:  2.48195  [38;2;180;60;0mgrad_norm:  8.1875  [38;2;54;234;195mmemory: 52.77GiB(66.62%)  [34mtps: 2,733  [36mtflops: 149.24  [35mmfu: 15.09%[39m
[rank1]:[titan] 2026-10-02 08:57:02,639 - torchtitan.observability.metrics - INFO - [31mstep: 59  [32mloss: -1.00000  [38;2;180;60;0mgrad_norm:  8.1875  [38;2;54;234;195mmemory: 60.52GiB(76.41%)  [34mtps: 2,733  [36mtflops: 149.23  [35mmfu: 15.09%[39m
[rank0]:[titan] 2026-10-02 08:57:02,638 - torchtitan.observability.metrics - INFO - [31mstep: 59  [32mloss: -1.00000  [38;2;180;60;0mgrad_norm:  8.1875  [38;2;54;234;195mmemory: 59.40GiB(74.99%)  [34mtps: 2,733  [36mtflops: 149.23  [35mmfu: 15.09%[39m
[rank2]:[titan] 2026-10-02 08:57:05,701 - torchtitan.observability.metrics - INFO - [31mstep: 60  [32mloss: -1.00000  [38;2;180;60;0mgrad_norm:  6.3750  [38;2;54;234;195mmemory: 65.89GiB(83.19%)  [34mtps: 2,677  [36mtflops: 146.16  [35mmfu: 14.78%[39m
[rank1]:[titan] 2026-10-02 08:57:05,699 - torchtitan.observability.metrics - INFO - [31mstep: 60  [32mloss: -1.00000  [38;2;180;60;0mgrad_norm:  6.3750  [38;2;54;234;195mmemory: 60.52GiB(76.41%)  [34mtps: 2,677  [36mtflops: 146.16  [35mmfu: 14.78%[39m
[rank3]:[titan] 2026-10-02 08:57:05,694 - torchtitan.observability.metrics - INFO - [31mstep: 60  [32mloss:  2.40374  [38;2;180;60;0mgrad_norm:  6.3750  [38;2;54;234;195mmemory: 52.77GiB(66.62%)  [34mtps: 2,677  [36mtflops: 146.17  [35mmfu: 14.78%[39m
[rank0]:[titan] 2026-10-02 08:57:05,698 - torchtitan.observability.metrics - INFO - [31mstep: 60  [32mloss: -1.00000  [38;2;180;60;0mgrad_norm:  6.3750  [38;2;54;234;195mmemory: 59.40GiB(74.99%)  [34mtps: 2,677  [36mtflops: 146.17  [35mmfu: 14.78%[39m
[rank3]:[titan] 2026-10-02 08:57:08,684 - torchtitan.observability.metrics - INFO - [31mstep: 61  [32mloss:  2.31130  [38;2;180;60;0mgrad_norm:  6.4375  [38;2;54;234;195mmemory: 52.77GiB(66.62%)  [34mtps: 2,740  [36mtflops: 149.59  [35mmfu: 15.13%[39m
[rank0]:[titan] 2026-10-02 08:57:08,688 - torchtitan.observability.metrics - INFO - [31mstep: 61  [32mloss: -1.00000  [38;2;180;60;0mgrad_norm:  6.4375  [38;2;54;234;195mmemory: 59.40GiB(74.99%)  [34mtps: 2,740  [36mtflops: 149.59  [35mmfu: 15.13%[39m
[rank2]:[titan] 2026-10-02 08:57:08,691 - torchtitan.observability.metrics - INFO - [31mstep: 61  [32mloss: -1.00000  [38;2;180;60;0mgrad_norm:  6.4375  [38;2;54;234;195mmemory: 65.89GiB(83.19%)  [34mtps: 2,740  [36mtflops: 149.60  [35mmfu: 15.13%[39m
[rank1]:[titan] 2026-10-02 08:57:08,690 - torchtitan.observability.metrics - INFO - [31mstep: 61  [32mloss: -1.00000  [38;2;180;60;0mgrad_norm:  6.4375  [38;2;54;234;195mmemory: 60.52GiB(76.41%)  [34mtps: 2,740  [36mtflops: 149.60  [35mmfu: 15.13%[39m
[rank1]:[titan] 2026-10-02 08:57:11,681 - torchtitan.observability.metrics - INFO - [31mstep: 62  [32mloss: -1.00000  [38;2;180;60;0mgrad_norm:  6.1875  [38;2;54;234;195mmemory: 60.52GiB(76.41%)  [34mtps: 2,739  [36mtflops: 149.54  [35mmfu: 15.12%[39m
[rank2]:[titan] 2026-10-02 08:57:11,682 - torchtitan.observability.metrics - INFO - [31mstep: 62  [32mloss: -1.00000  [38;2;180;60;0mgrad_norm:  6.1875  [38;2;54;234;195mmemory: 65.89GiB(83.19%)  [34mtps: 2,739  [36mtflops: 149.54  [35mmfu: 15.12%[39m
[rank3]:[titan] 2026-10-02 08:57:11,676 - torchtitan.observability.metrics - INFO - [31mstep: 62  [32mloss:  2.54501  [38;2;180;60;0mgrad_norm:  6.1875  [38;2;54;234;195mmemory: 52.77GiB(66.62%)  [34mtps: 2,739  [36mtflops: 149.54  [35mmfu: 15.12%[39m
[rank0]:[titan] 2026-10-02 08:57:11,680 - torchtitan.observability.metrics - INFO - [31mstep: 62  [32mloss: -1.00000  [38;2;180;60;0mgrad_norm:  6.1875  [38;2;54;234;195mmemory: 59.40GiB(74.99%)  [34mtps: 2,739  [36mtflops: 149.54  [35mmfu: 15.12%[39m
[rank2]:[titan] 2026-10-02 08:57:47,109 - torchtitan.observability.metrics - INFO - [31mstep: 63  [32mloss: -1.00000  [38;2;180;60;0mgrad_norm:  7.3750  [38;2;54;234;195mmemory: 65.89GiB(83.19%)  [34mtps: 231  [36mtflops: 12.63  [35mmfu: 1.28%[39m
[rank3]:[titan] 2026-10-02 08:57:47,102 - torchtitan.observability.metrics - INFO - [31mstep: 63  [32mloss:  2.28803  [38;2;180;60;0mgrad_norm:  7.3750  [38;2;54;234;195mmemory: 52.77GiB(66.62%)  [34mtps: 231  [36mtflops: 12.63  [35mmfu: 1.28%[39m
[rank1]:[titan] 2026-10-02 08:57:47,107 - torchtitan.observability.metrics - INFO - [31mstep: 63  [32mloss: -1.00000  [38;2;180;60;0mgrad_norm:  7.3750  [38;2;54;234;195mmemory: 60.52GiB(76.41%)  [34mtps: 231  [36mtflops: 12.63  [35mmfu: 1.28%[39m
[rank0]:[titan] 2026-10-02 08:57:47,106 - torchtitan.observability.metrics - INFO - [31mstep: 63  [32mloss: -1.00000  [38;2;180;60;0mgrad_norm:  7.3750  [38;2;54;234;195mmemory: 59.40GiB(74.99%)  [34mtps: 231  [36mtflops: 12.63  [35mmfu: 1.28%[39m
[rank2]:[titan] 2026-10-02 08:57:50,102 - torchtitan.observability.metrics - INFO - [31mstep: 64  [32mloss: -1.00000  [38;2;180;60;0mgrad_norm:  6.0938  [38;2;54;234;195mmemory: 65.89GiB(83.19%)  [34mtps: 2,737  [36mtflops: 149.42  [35mmfu: 15.11%[39m
[rank1]:[titan] 2026-10-02 08:57:50,101 - torchtitan.observability.metrics - INFO - [31mstep: 64  [32mloss: -1.00000  [38;2;180;60;0mgrad_norm:  6.0938  [38;2;54;234;195mmemory: 60.52GiB(76.41%)  [34mtps: 2,737  [36mtflops: 149.42  [35mmfu: 15.11%[39m
[rank3]:[titan] 2026-10-02 08:57:50,096 - torchtitan.observability.metrics - INFO - [31mstep: 64  [32mloss:  2.38074  [38;2;180;60;0mgrad_norm:  6.0938  [38;2;54;234;195mmemory: 52.77GiB(66.62%)  [34mtps: 2,737  [36mtflops: 149.41  [35mmfu: 15.11%[39m
[rank0]:[titan] 2026-10-02 08:57:50,100 - torchtitan.observability.metrics - INFO - [31mstep: 64  [32mloss: -1.00000  [38;2;180;60;0mgrad_norm:  6.0938  [38;2;54;234;195mmemory: 59.40GiB(74.99%)  [34mtps: 2,737  [36mtflops: 149.42  [35mmfu: 15.11%[39m
[rank3]:[titan] 2026-10-02 08:57:53,103 - torchtitan.observability.metrics - INFO - [31mstep: 65  [32mloss:  2.28352  [38;2;180;60;0mgrad_norm:  5.8750  [38;2;54;234;195mmemory: 52.77GiB(66.62%)  [34mtps: 2,725  [36mtflops: 148.76  [35mmfu: 15.04%[39m
[rank1]:[titan] 2026-10-02 08:57:53,108 - torchtitan.observability.metrics - INFO - [31mstep: 65  [32mloss: -1.00000  [38;2;180;60;0mgrad_norm:  5.8750  [38;2;54;234;195mmemory: 60.52GiB(76.41%)  [34mtps: 2,725  [36mtflops: 148.75  [35mmfu: 15.04%[39m
[rank2]:[titan] 2026-10-02 08:57:53,109 - torchtitan.observability.metrics - INFO - [31mstep: 65  [32mloss: -1.00000  [38;2;180;60;0mgrad_norm:  5.8750  [38;2;54;234;195mmemory: 65.89GiB(83.19%)  [34mtps: 2,725  [36mtflops: 148.75  [35mmfu: 15.04%[39m
[rank0]:[titan] 2026-10-02 08:57:53,107 - torchtitan.observability.metrics - INFO - [31mstep: 65  [32mloss: -1.00000  [38;2;180;60;0mgrad_norm:  5.8750  [38;2;54;234;195mmemory: 59.40GiB(74.99%)  [34mtps: 2,725  [36mtflops: 148.75  [35mmfu: 15.04%[39m
[rank1]:[titan] 2026-10-02 08:57:56,135 - torchtitan.observability.metrics - INFO - [31mstep: 66  [32mloss: -1.00000  [38;2;180;60;0mgrad_norm:  6.9062  [38;2;54;234;195mmemory: 60.52GiB(76.41%)  [34mtps: 2,707  [36mtflops: 147.79  [35mmfu: 14.94%[39m
[rank2]:[titan] 2026-10-02 08:57:56,136 - torchtitan.observability.metrics - INFO - [31mstep: 66  [32mloss: -1.00000  [38;2;180;60;0mgrad_norm:  6.9062  [38;2;54;234;195mmemory: 65.89GiB(83.19%)  [34mtps: 2,707  [36mtflops: 147.79  [35mmfu: 14.94%[39m
[rank3]:[titan] 2026-10-02 08:57:56,130 - torchtitan.observability.metrics - INFO - [31mstep: 66  [32mloss:  2.27377  [38;2;180;60;0mgrad_norm:  6.9062  [38;2;54;234;195mmemory: 52.77GiB(66.62%)  [34mtps: 2,707  [36mtflops: 147.79  [35mmfu: 14.94%[39m
[rank0]:[titan] 2026-10-02 08:57:56,133 - torchtitan.observability.metrics - INFO - [31mstep: 66  [32mloss: -1.00000  [38;2;180;60;0mgrad_norm:  6.9062  [38;2;54;234;195mmemory: 59.40GiB(74.99%)  [34mtps: 2,707  [36mtflops: 147.79  [35mmfu: 14.94%[39m
[rank2]:[titan] 2026-10-02 08:57:59,128 - torchtitan.observability.metrics - INFO - [31mstep: 67  [32mloss: -1.00000  [38;2;180;60;0mgrad_norm:  5.9688  [38;2;54;234;195mmemory: 65.89GiB(83.19%)  [34mtps: 2,739  [36mtflops: 149.53  [35mmfu: 15.12%[39m
[rank1]:[titan] 2026-10-02 08:57:59,126 - torchtitan.observability.metrics - INFO - [31mstep: 67  [32mloss: -1.00000  [38;2;180;60;0mgrad_norm:  5.9688  [38;2;54;234;195mmemory: 60.52GiB(76.41%)  [34mtps: 2,739  [36mtflops: 149.52  [35mmfu: 15.12%[39m
[rank3]:[titan] 2026-10-02 08:57:59,121 - torchtitan.observability.metrics - INFO - [31mstep: 67  [32mloss:  2.27276  [38;2;180;60;0mgrad_norm:  5.9688  [38;2;54;234;195mmemory: 52.77GiB(66.62%)  [34mtps: 2,739  [36mtflops: 149.54  [35mmfu: 15.12%[39m
[rank0]:[titan] 2026-10-02 08:57:59,125 - torchtitan.observability.metrics - INFO - [31mstep: 67  [32mloss: -1.00000  [38;2;180;60;0mgrad_norm:  5.9688  [38;2;54;234;195mmemory: 59.40GiB(74.99%)  [34mtps: 2,739  [36mtflops: 149.53  [35mmfu: 15.12%[39m
[rank2]:[titan] 2026-10-02 08:58:02,109 - torchtitan.observability.metrics - INFO - [31mstep: 68  [32mloss: -1.00000  [38;2;180;60;0mgrad_norm:  7.0625  [38;2;54;234;195mmemory: 65.89GiB(83.19%)  [34mtps: 2,748  [36mtflops: 150.06  [35mmfu: 15.17%[39m
[rank1]:[titan] 2026-10-02 08:58:02,107 - torchtitan.observability.metrics - INFO - [31mstep: 68  [32mloss: -1.00000  [38;2;180;60;0mgrad_norm:  7.0625  [38;2;54;234;195mmemory: 60.52GiB(76.41%)  [34mtps: 2,749  [36mtflops: 150.06  [35mmfu: 15.17%[39m
[rank3]:[titan] 2026-10-02 08:58:02,102 - torchtitan.observability.metrics - INFO - [31mstep: 68  [32mloss:  2.46900  [38;2;180;60;0mgrad_norm:  7.0625  [38;2;54;234;195mmemory: 52.77GiB(66.62%)  [34mtps: 2,748  [36mtflops: 150.06  [35mmfu: 15.17%[39m
[rank0]:[titan] 2026-10-02 08:58:02,106 - torchtitan.observability.metrics - INFO - [31mstep: 68  [32mloss: -1.00000  [38;2;180;60;0mgrad_norm:  7.0625  [38;2;54;234;195mmemory: 59.40GiB(74.99%)  [34mtps: 2,749  [36mtflops: 150.06  [35mmfu: 15.17%[39m
[rank2]:[titan] 2026-10-02 08:58:05,117 - torchtitan.observability.metrics - INFO - [31mstep: 69  [32mloss: -1.00000  [38;2;180;60;0mgrad_norm:  8.4375  [38;2;54;234;195mmemory: 65.89GiB(83.19%)  [34mtps: 2,724  [36mtflops: 148.71  [35mmfu: 15.04%[39m
[rank3]:[titan] 2026-10-02 08:58:05,110 - torchtitan.observability.metrics - INFO - [31mstep: 69  [32mloss:  2.88013  [38;2;180;60;0mgrad_norm:  8.4375  [38;2;54;234;195mmemory: 52.77GiB(66.62%)  [34mtps: 2,724  [36mtflops: 148.71  [35mmfu: 15.04%[39m
[rank1]:[titan] 2026-10-02 08:58:05,115 - torchtitan.observability.metrics - INFO - [31mstep: 69  [32mloss: -1.00000  [38;2;180;60;0mgrad_norm:  8.4375  [38;2;54;234;195mmemory: 60.52GiB(76.41%)  [34mtps: 2,724  [36mtflops: 148.71  [35mmfu: 15.04%[39m
[rank0]:[titan] 2026-10-02 08:58:05,114 - torchtitan.observability.metrics - INFO - [31mstep: 69  [32mloss: -1.00000  [38;2;180;60;0mgrad_norm:  8.4375  [38;2;54;234;195mmemory: 59.40GiB(74.99%)  [34mtps: 2,724  [36mtflops: 148.71  [35mmfu: 15.04%[39m
[rank2]:[titan] 2026-10-02 08:58:08,158 - torchtitan.observability.metrics - INFO - [31mstep: 70  [32mloss: -1.00000  [38;2;180;60;0mgrad_norm:  7.8438  [38;2;54;234;195mmemory: 65.89GiB(83.19%)  [34mtps: 2,694  [36mtflops: 147.06  [35mmfu: 14.87%[39m
[rank1]:[titan] 2026-10-02 08:58:08,157 - torchtitan.observability.metrics - INFO - [31mstep: 70  [32mloss: -1.00000  [38;2;180;60;0mgrad_norm:  7.8438  [38;2;54;234;195mmemory: 60.52GiB(76.41%)  [34mtps: 2,693  [36mtflops: 147.06  [35mmfu: 14.87%[39m
[rank3]:[titan] 2026-10-02 08:58:08,152 - torchtitan.observability.metrics - INFO - [31mstep: 70  [32mloss:  2.32293  [38;2;180;60;0mgrad_norm:  7.8438  [38;2;54;234;195mmemory: 52.77GiB(66.62%)  [34mtps: 2,693  [36mtflops: 147.06  [35mmfu: 14.87%[39m
[rank0]:[titan] 2026-10-02 08:58:08,156 - torchtitan.observability.metrics - INFO - [31mstep: 70  [32mloss: -1.00000  [38;2;180;60;0mgrad_norm:  7.8438  [38;2;54;234;195mmemory: 59.40GiB(74.99%)  [34mtps: 2,694  [36mtflops: 147.06  [35mmfu: 14.87%[39m
[rank1]:[titan] 2026-10-02 08:58:11,148 - torchtitan.observability.metrics - INFO - [31mstep: 71  [32mloss: -1.00000  [38;2;180;60;0mgrad_norm:  7.8438  [38;2;54;234;195mmemory: 60.52GiB(76.41%)  [34mtps: 2,739  [36mtflops: 149.56  [35mmfu: 15.12%[39m
[rank2]:[titan] 2026-10-02 08:58:11,149 - torchtitan.observability.metrics - INFO - [31mstep: 71  [32mloss: -1.00000  [38;2;180;60;0mgrad_norm:  7.8438  [38;2;54;234;195mmemory: 65.89GiB(83.19%)  [34mtps: 2,739  [36mtflops: 149.56  [35mmfu: 15.12%[39m
[rank3]:[titan] 2026-10-02 08:58:11,142 - torchtitan.observability.metrics - INFO - [31mstep: 71  [32mloss:  2.30475  [38;2;180;60;0mgrad_norm:  7.8438  [38;2;54;234;195mmemory: 52.77GiB(66.62%)  [34mtps: 2,739  [36mtflops: 149.57  [35mmfu: 15.12%[39m
[rank0]:[titan] 2026-10-02 08:58:11,146 - torchtitan.observability.metrics - INFO - [31mstep: 71  [32mloss: -1.00000  [38;2;180;60;0mgrad_norm:  7.8438  [38;2;54;234;195mmemory: 59.40GiB(74.99%)  [34mtps: 2,739  [36mtflops: 149.57  [35mmfu: 15.12%[39m
[rank1]:[titan] 2026-10-02 08:58:14,143 - torchtitan.observability.metrics - INFO - [31mstep: 72  [32mloss: -1.00000  [38;2;180;60;0mgrad_norm:  4.4688  [38;2;54;234;195mmemory: 60.52GiB(76.41%)  [34mtps: 2,736  [36mtflops: 149.35  [35mmfu: 15.10%[39m
[rank3]:[titan] 2026-10-02 08:58:14,137 - torchtitan.observability.metrics - INFO - [31mstep: 72  [32mloss:  2.31040  [38;2;180;60;0mgrad_norm:  4.4688  [38;2;54;234;195mmemory: 52.77GiB(66.62%)  [34mtps: 2,736  [36mtflops: 149.36  [35mmfu: 15.10%[39m
[rank2]:[titan] 2026-10-02 08:58:14,144 - torchtitan.observability.metrics - INFO - [31mstep: 72  [32mloss: -1.00000  [38;2;180;60;0mgrad_norm:  4.4688  [38;2;54;234;195mmemory: 65.89GiB(83.19%)  [34mtps: 2,736  [36mtflops: 149.35  [35mmfu: 15.10%[39m
[rank0]:[titan] 2026-10-02 08:58:14,142 - torchtitan.observability.metrics - INFO - [31mstep: 72  [32mloss: -1.00000  [38;2;180;60;0mgrad_norm:  4.4688  [38;2;54;234;195mmemory: 59.40GiB(74.99%)  [34mtps: 2,735  [36mtflops: 149.34  [35mmfu: 15.10%[39m
[rank2]:[titan] 2026-10-02 08:58:17,172 - torchtitan.observability.metrics - INFO - [31mstep: 73  [32mloss: -1.00000  [38;2;180;60;0mgrad_norm:  4.3438  [38;2;54;234;195mmemory: 65.89GiB(83.19%)  [34mtps: 2,706  [36mtflops: 147.72  [35mmfu: 14.94%[39m
[rank1]:[titan] 2026-10-02 08:58:17,171 - torchtitan.observability.metrics - INFO - [31mstep: 73  [32mloss: -1.00000  [38;2;180;60;0mgrad_norm:  4.3438  [38;2;54;234;195mmemory: 60.52GiB(76.41%)  [34mtps: 2,706  [36mtflops: 147.72  [35mmfu: 14.94%[39m
[rank3]:[titan] 2026-10-02 08:58:17,166 - torchtitan.observability.metrics - INFO - [31mstep: 73  [32mloss:  2.20383  [38;2;180;60;0mgrad_norm:  4.3438  [38;2;54;234;195mmemory: 52.77GiB(66.62%)  [34mtps: 2,705  [36mtflops: 147.71  [35mmfu: 14.94%[39m
[rank0]:[titan] 2026-10-02 08:58:17,169 - torchtitan.observability.metrics - INFO - [31mstep: 73  [32mloss: -1.00000  [38;2;180;60;0mgrad_norm:  4.3438  [38;2;54;234;195mmemory: 59.40GiB(74.99%)  [34mtps: 2,706  [36mtflops: 147.75  [35mmfu: 14.94%[39m
[rank1]:[titan] 2026-10-02 08:58:20,167 - torchtitan.observability.metrics - INFO - [31mstep: 74  [32mloss: -1.00000  [38;2;180;60;0mgrad_norm:  6.0000  [38;2;54;234;195mmemory: 60.52GiB(76.41%)  [34mtps: 2,734  [36mtflops: 149.28  [35mmfu: 15.09%[39m
[rank2]:[titan] 2026-10-02 08:58:20,169 - torchtitan.observability.metrics - INFO - [31mstep: 74  [32mloss: -1.00000  [38;2;180;60;0mgrad_norm:  6.0000  [38;2;54;234;195mmemory: 65.89GiB(83.19%)  [34mtps: 2,734  [36mtflops: 149.28  [35mmfu: 15.09%[39m
[rank3]:[titan] 2026-10-02 08:58:20,162 - torchtitan.observability.metrics - INFO - [31mstep: 74  [32mloss:  2.32699  [38;2;180;60;0mgrad_norm:  6.0000  [38;2;54;234;195mmemory: 52.77GiB(66.62%)  [34mtps: 2,734  [36mtflops: 149.28  [35mmfu: 15.09%[39m
[rank0]:[titan] 2026-10-02 08:58:20,166 - torchtitan.observability.metrics - INFO - [31mstep: 74  [32mloss: -1.00000  [38;2;180;60;0mgrad_norm:  6.0000  [38;2;54;234;195mmemory: 59.40GiB(74.99%)  [34mtps: 2,734  [36mtflops: 149.28  [35mmfu: 15.09%[39m
[rank2]:[titan] 2026-10-02 08:58:23,165 - torchtitan.observability.metrics - INFO - [31mstep: 75  [32mloss: -1.00000  [38;2;180;60;0mgrad_norm:  4.5625  [38;2;54;234;195mmemory: 65.89GiB(83.19%)  [34mtps: 2,735  [36mtflops: 149.30  [35mmfu: 15.10%[39m
[rank1]:[titan] 2026-10-02 08:58:23,163 - torchtitan.observability.metrics - INFO - [31mstep: 75  [32mloss: -1.00000  [38;2;180;60;0mgrad_norm:  4.5625  [38;2;54;234;195mmemory: 60.52GiB(76.41%)  [34mtps: 2,735  [36mtflops: 149.30  [35mmfu: 15.10%[39m
[rank3]:[titan] 2026-10-02 08:58:23,158 - torchtitan.observability.metrics - INFO - [31mstep: 75  [32mloss:  2.19065  [38;2;180;60;0mgrad_norm:  4.5625  [38;2;54;234;195mmemory: 52.77GiB(66.62%)  [34mtps: 2,735  [36mtflops: 149.30  [35mmfu: 15.10%[39m
[rank0]:[titan] 2026-10-02 08:58:23,162 - torchtitan.observability.metrics - INFO - [31mstep: 75  [32mloss: -1.00000  [38;2;180;60;0mgrad_norm:  4.5625  [38;2;54;234;195mmemory: 59.40GiB(74.99%)  [34mtps: 2,735  [36mtflops: 149.30  [35mmfu: 15.10%[39m
[rank3]:[titan] 2026-10-02 08:58:26,149 - torchtitan.observability.metrics - INFO - [31mstep: 76  [32mloss:  2.21109  [38;2;180;60;0mgrad_norm:  4.2812  [38;2;54;234;195mmemory: 52.77GiB(66.62%)  [34mtps: 2,739  [36mtflops: 149.55  [35mmfu: 15.12%[39m
[rank0]:[titan] 2026-10-02 08:58:26,153 - torchtitan.observability.metrics - INFO - [31mstep: 76  [32mloss: -1.00000  [38;2;180;60;0mgrad_norm:  4.2812  [38;2;54;234;195mmemory: 59.40GiB(74.99%)  [34mtps: 2,739  [36mtflops: 149.54  [35mmfu: 15.12%[39m
[rank1]:[titan] 2026-10-02 08:58:26,154 - torchtitan.observability.metrics - INFO - [31mstep: 76  [32mloss: -1.00000  [38;2;180;60;0mgrad_norm:  4.2812  [38;2;54;234;195mmemory: 60.52GiB(76.41%)  [34mtps: 2,739  [36mtflops: 149.55  [35mmfu: 15.12%[39m
[rank2]:[titan] 2026-10-02 08:58:26,156 - torchtitan.observability.metrics - INFO - [31mstep: 76  [32mloss: -1.00000  [38;2;180;60;0mgrad_norm:  4.2812  [38;2;54;234;195mmemory: 65.89GiB(83.19%)  [34mtps: 2,739  [36mtflops: 149.55  [35mmfu: 15.12%[39m
[rank1]:[titan] 2026-10-02 08:58:29,153 - torchtitan.observability.metrics - INFO - [31mstep: 77  [32mloss: -1.00000  [38;2;180;60;0mgrad_norm:  5.9062  [38;2;54;234;195mmemory: 60.52GiB(76.41%)  [34mtps: 2,733  [36mtflops: 149.19  [35mmfu: 15.08%[39m
[rank3]:[titan] 2026-10-02 08:58:29,148 - torchtitan.observability.metrics - INFO - [31mstep: 77  [32mloss:  2.13080  [38;2;180;60;0mgrad_norm:  5.9062  [38;2;54;234;195mmemory: 52.77GiB(66.62%)  [34mtps: 2,732  [36mtflops: 149.18  [35mmfu: 15.08%[39m
[rank2]:[titan] 2026-10-02 08:58:29,154 - torchtitan.observability.metrics - INFO - [31mstep: 77  [32mloss: -1.00000  [38;2;180;60;0mgrad_norm:  5.9062  [38;2;54;234;195mmemory: 65.89GiB(83.19%)  [34mtps: 2,732  [36mtflops: 149.18  [35mmfu: 15.08%[39m
[rank0]:[titan] 2026-10-02 08:58:29,152 - torchtitan.observability.metrics - INFO - [31mstep: 77  [32mloss: -1.00000  [38;2;180;60;0mgrad_norm:  5.9062  [38;2;54;234;195mmemory: 59.40GiB(74.99%)  [34mtps: 2,733  [36mtflops: 149.19  [35mmfu: 15.08%[39m
[rank3]:[titan] 2026-10-02 08:58:32,178 - torchtitan.observability.metrics - INFO - [31mstep: 78  [32mloss:  2.16375  [38;2;180;60;0mgrad_norm:  4.7500  [38;2;54;234;195mmemory: 52.77GiB(66.62%)  [34mtps: 2,703  [36mtflops: 147.60  [35mmfu: 14.92%[39m
[rank2]:[titan] 2026-10-02 08:58:32,185 - torchtitan.observability.metrics - INFO - [31mstep: 78  [32mloss: -1.00000  [38;2;180;60;0mgrad_norm:  4.7500  [38;2;54;234;195mmemory: 65.89GiB(83.19%)  [34mtps: 2,703  [36mtflops: 147.60  [35mmfu: 14.92%[39m
[rank1]:[titan] 2026-10-02 08:58:32,183 - torchtitan.observability.metrics - INFO - [31mstep: 78  [32mloss: -1.00000  [38;2;180;60;0mgrad_norm:  4.7500  [38;2;54;234;195mmemory: 60.52GiB(76.41%)  [34mtps: 2,703  [36mtflops: 147.60  [35mmfu: 14.92%[39m
[rank0]:[titan] 2026-10-02 08:58:32,182 - torchtitan.observability.metrics - INFO - [31mstep: 78  [32mloss: -1.00000  [38;2;180;60;0mgrad_norm:  4.7500  [38;2;54;234;195mmemory: 59.40GiB(74.99%)  [34mtps: 2,703  [36mtflops: 147.59  [35mmfu: 14.92%[39m
[rank3]:[titan] 2026-10-02 08:58:35,198 - torchtitan.observability.metrics - INFO - [31mstep: 79  [32mloss:  2.21208  [38;2;180;60;0mgrad_norm:  5.1250  [38;2;54;234;195mmemory: 52.77GiB(66.62%)  [34mtps: 2,713  [36mtflops: 148.12  [35mmfu: 14.98%[39m
[rank2]:[titan] 2026-10-02 08:58:35,205 - torchtitan.observability.metrics - INFO - [31mstep: 79  [32mloss: -1.00000  [38;2;180;60;0mgrad_norm:  5.1250  [38;2;54;234;195mmemory: 65.89GiB(83.19%)  [34mtps: 2,713  [36mtflops: 148.13  [35mmfu: 14.98%[39m
[rank1]:[titan] 2026-10-02 08:58:35,203 - torchtitan.observability.metrics - INFO - [31mstep: 79  [32mloss: -1.00000  [38;2;180;60;0mgrad_norm:  5.1250  [38;2;54;234;195mmemory: 60.52GiB(76.41%)  [34mtps: 2,713  [36mtflops: 148.12  [35mmfu: 14.98%[39m
[rank0]:[titan] 2026-10-02 08:58:35,202 - torchtitan.observability.metrics - INFO - [31mstep: 79  [32mloss: -1.00000  [38;2;180;60;0mgrad_norm:  5.1250  [38;2;54;234;195mmemory: 59.40GiB(74.99%)  [34mtps: 2,713  [36mtflops: 148.14  [35mmfu: 14.98%[39m
[rank2]:[titan] 2026-10-02 08:58:38,233 - torchtitan.observability.metrics - INFO - [31mstep: 80  [32mloss: -1.00000  [38;2;180;60;0mgrad_norm:  5.6875  [38;2;54;234;195mmemory: 65.89GiB(83.19%)  [34mtps: 2,706  [36mtflops: 147.72  [35mmfu: 14.94%[39m
[rank3]:[titan] 2026-10-02 08:58:38,226 - torchtitan.observability.metrics - INFO - [31mstep: 80  [32mloss:  2.29350  [38;2;180;60;0mgrad_norm:  5.6875  [38;2;54;234;195mmemory: 52.77GiB(66.62%)  [34mtps: 2,706  [36mtflops: 147.71  [35mmfu: 14.94%[39m
[rank1]:[titan] 2026-10-02 08:58:38,231 - torchtitan.observability.metrics - INFO - [31mstep: 80  [32mloss: -1.00000  [38;2;180;60;0mgrad_norm:  5.6875  [38;2;54;234;195mmemory: 60.52GiB(76.41%)  [34mtps: 2,706  [36mtflops: 147.71  [35mmfu: 14.94%[39m
[rank0]:[titan] 2026-10-02 08:58:38,230 - torchtitan.observability.metrics - INFO - [31mstep: 80  [32mloss: -1.00000  [38;2;180;60;0mgrad_norm:  5.6875  [38;2;54;234;195mmemory: 59.40GiB(74.99%)  [34mtps: 2,706  [36mtflops: 147.72  [35mmfu: 14.94%[39m
[rank2]:[titan] 2026-10-02 08:58:41,279 - torchtitan.observability.metrics - INFO - [31mstep: 81  [32mloss: -1.00000  [38;2;180;60;0mgrad_norm:  4.6875  [38;2;54;234;195mmemory: 65.89GiB(83.19%)  [34mtps: 2,690  [36mtflops: 146.85  [35mmfu: 14.85%[39m
[rank1]:[titan] 2026-10-02 08:58:41,278 - torchtitan.observability.metrics - INFO - [31mstep: 81  [32mloss: -1.00000  [38;2;180;60;0mgrad_norm:  4.6875  [38;2;54;234;195mmemory: 60.52GiB(76.41%)  [34mtps: 2,690  [36mtflops: 146.85  [35mmfu: 14.85%[39m
[rank3]:[titan] 2026-10-02 08:58:41,272 - torchtitan.observability.metrics - INFO - [31mstep: 81  [32mloss:  2.09447  [38;2;180;60;0mgrad_norm:  4.6875  [38;2;54;234;195mmemory: 52.77GiB(66.62%)  [34mtps: 2,690  [36mtflops: 146.85  [35mmfu: 14.85%[39m
[rank0]:[titan] 2026-10-02 08:58:41,276 - torchtitan.observability.metrics - INFO - [31mstep: 81  [32mloss: -1.00000  [38;2;180;60;0mgrad_norm:  4.6875  [38;2;54;234;195mmemory: 59.40GiB(74.99%)  [34mtps: 2,690  [36mtflops: 146.85  [35mmfu: 14.85%[39m
[rank2]:[titan] 2026-10-02 08:58:44,281 - torchtitan.observability.metrics - INFO - [31mstep: 82  [32mloss: -1.00000  [38;2;180;60;0mgrad_norm:  3.6875  [38;2;54;234;195mmemory: 65.89GiB(83.19%)  [34mtps: 2,730  [36mtflops: 149.04  [35mmfu: 15.07%[39m
[rank1]:[titan] 2026-10-02 08:58:44,279 - torchtitan.observability.metrics - INFO - [31mstep: 82  [32mloss: -1.00000  [38;2;180;60;0mgrad_norm:  3.6875  [38;2;54;234;195mmemory: 60.52GiB(76.41%)  [34mtps: 2,730  [36mtflops: 149.03  [35mmfu: 15.07%[39m
[rank3]:[titan] 2026-10-02 08:58:44,274 - torchtitan.observability.metrics - INFO - [31mstep: 82  [32mloss:  1.87804  [38;2;180;60;0mgrad_norm:  3.6875  [38;2;54;234;195mmemory: 52.77GiB(66.62%)  [34mtps: 2,730  [36mtflops: 149.04  [35mmfu: 15.07%[39m
[rank0]:[titan] 2026-10-02 08:58:44,278 - torchtitan.observability.metrics - INFO - [31mstep: 82  [32mloss: -1.00000  [38;2;180;60;0mgrad_norm:  3.6875  [38;2;54;234;195mmemory: 59.40GiB(74.99%)  [34mtps: 2,730  [36mtflops: 149.04  [35mmfu: 15.07%[39m
[rank3]:[titan] 2026-10-02 08:58:47,260 - torchtitan.observability.metrics - INFO - [31mstep: 83  [32mloss:  2.19254  [38;2;180;60;0mgrad_norm: 107.5000  [38;2;54;234;195mmemory: 52.77GiB(66.62%)  [34mtps: 2,744  [36mtflops: 149.79  [35mmfu: 15.15%[39m
[rank1]:[titan] 2026-10-02 08:58:47,265 - torchtitan.observability.metrics - INFO - [31mstep: 83  [32mloss: -1.00000  [38;2;180;60;0mgrad_norm: 107.5000  [38;2;54;234;195mmemory: 60.52GiB(76.41%)  [34mtps: 2,744  [36mtflops: 149.79  [35mmfu: 15.15%[39m
[rank2]:[titan] 2026-10-02 08:58:47,267 - torchtitan.observability.metrics - INFO - [31mstep: 83  [32mloss: -1.00000  [38;2;180;60;0mgrad_norm: 107.5000  [38;2;54;234;195mmemory: 65.89GiB(83.19%)  [34mtps: 2,744  [36mtflops: 149.79  [35mmfu: 15.15%[39m
[rank0]:[titan] 2026-10-02 08:58:47,264 - torchtitan.observability.metrics - INFO - [31mstep: 83  [32mloss: -1.00000  [38;2;180;60;0mgrad_norm: 107.5000  [38;2;54;234;195mmemory: 59.40GiB(74.99%)  [34mtps: 2,744  [36mtflops: 149.79  [35mmfu: 15.15%[39m
[rank3]:[titan] 2026-10-02 08:58:50,291 - torchtitan.observability.metrics - INFO - [31mstep: 84  [32mloss:  2.05663  [38;2;180;60;0mgrad_norm:  5.2188  [38;2;54;234;195mmemory: 52.77GiB(66.62%)  [34mtps: 2,704  [36mtflops: 147.60  [35mmfu: 14.92%[39m
[rank1]:[titan] 2026-10-02 08:58:50,296 - torchtitan.observability.metrics - INFO - [31mstep: 84  [32mloss: -1.00000  [38;2;180;60;0mgrad_norm:  5.2188  [38;2;54;234;195mmemory: 60.52GiB(76.41%)  [34mtps: 2,703  [36mtflops: 147.60  [35mmfu: 14.92%[39m
[rank2]:[titan] 2026-10-02 08:58:50,297 - torchtitan.observability.metrics - INFO - [31mstep: 84  [32mloss: -1.00000  [38;2;180;60;0mgrad_norm:  5.2188  [38;2;54;234;195mmemory: 65.89GiB(83.19%)  [34mtps: 2,703  [36mtflops: 147.60  [35mmfu: 14.92%[39m
[rank0]:[titan] 2026-10-02 08:58:50,295 - torchtitan.observability.metrics - INFO - [31mstep: 84  [32mloss: -1.00000  [38;2;180;60;0mgrad_norm:  5.2188  [38;2;54;234;195mmemory: 59.40GiB(74.99%)  [34mtps: 2,703  [36mtflops: 147.60  [35mmfu: 14.92%[39m
[rank1]:[titan] 2026-10-02 08:58:53,332 - torchtitan.observability.metrics - INFO - [31mstep: 85  [32mloss: -1.00000  [38;2;180;60;0mgrad_norm: 10.8125  [38;2;54;234;195mmemory: 60.52GiB(76.41%)  [34mtps: 2,699  [36mtflops: 147.35  [35mmfu: 14.90%[39m
[rank2]:[titan] 2026-10-02 08:58:53,333 - torchtitan.observability.metrics - INFO - [31mstep: 85  [32mloss: -1.00000  [38;2;180;60;0mgrad_norm: 10.8125  [38;2;54;234;195mmemory: 65.89GiB(83.19%)  [34mtps: 2,699  [36mtflops: 147.35  [35mmfu: 14.90%[39m
[rank3]:[titan] 2026-10-02 08:58:53,326 - torchtitan.observability.metrics - INFO - [31mstep: 85  [32mloss:  2.17033  [38;2;180;60;0mgrad_norm: 10.8125  [38;2;54;234;195mmemory: 52.77GiB(66.62%)  [34mtps: 2,699  [36mtflops: 147.35  [35mmfu: 14.90%[39m
[rank0]:[titan] 2026-10-02 08:58:53,330 - torchtitan.observability.metrics - INFO - [31mstep: 85  [32mloss: -1.00000  [38;2;180;60;0mgrad_norm: 10.8125  [38;2;54;234;195mmemory: 59.40GiB(74.99%)  [34mtps: 2,699  [36mtflops: 147.35  [35mmfu: 14.90%[39m
[rank1]:[titan] 2026-10-02 08:58:56,347 - torchtitan.observability.metrics - INFO - [31mstep: 86  [32mloss: -1.00000  [38;2;180;60;0mgrad_norm: 13.1250  [38;2;54;234;195mmemory: 60.52GiB(76.41%)  [34mtps: 2,717  [36mtflops: 148.36  [35mmfu: 15.00%[39m
[rank3]:[titan] 2026-10-02 08:58:56,342 - torchtitan.observability.metrics - INFO - [31mstep: 86  [32mloss:  2.08192  [38;2;180;60;0mgrad_norm: 13.1250  [38;2;54;234;195mmemory: 52.77GiB(66.62%)  [34mtps: 2,717  [36mtflops: 148.36  [35mmfu: 15.00%[39m
[rank2]:[titan] 2026-10-02 08:58:56,348 - torchtitan.observability.metrics - INFO - [31mstep: 86  [32mloss: -1.00000  [38;2;180;60;0mgrad_norm: 13.1250  [38;2;54;234;195mmemory: 65.89GiB(83.19%)  [34mtps: 2,717  [36mtflops: 148.36  [35mmfu: 15.00%[39m
[rank0]:[titan] 2026-10-02 08:58:56,345 - torchtitan.observability.metrics - INFO - [31mstep: 86  [32mloss: -1.00000  [38;2;180;60;0mgrad_norm: 13.1250  [38;2;54;234;195mmemory: 59.40GiB(74.99%)  [34mtps: 2,717  [36mtflops: 148.36  [35mmfu: 15.00%[39m
[rank1]:[titan] 2026-10-02 08:58:59,341 - torchtitan.observability.metrics - INFO - [31mstep: 87  [32mloss: -1.00000  [38;2;180;60;0mgrad_norm:  4.8125  [38;2;54;234;195mmemory: 60.52GiB(76.41%)  [34mtps: 2,736  [36mtflops: 149.37  [35mmfu: 15.10%[39m
[rank3]:[titan] 2026-10-02 08:58:59,336 - torchtitan.observability.metrics - INFO - [31mstep: 87  [32mloss:  1.93791  [38;2;180;60;0mgrad_norm:  4.8125  [38;2;54;234;195mmemory: 52.77GiB(66.62%)  [34mtps: 2,736  [36mtflops: 149.37  [35mmfu: 15.10%[39m
[rank2]:[titan] 2026-10-02 08:58:59,343 - torchtitan.observability.metrics - INFO - [31mstep: 87  [32mloss: -1.00000  [38;2;180;60;0mgrad_norm:  4.8125  [38;2;54;234;195mmemory: 65.89GiB(83.19%)  [34mtps: 2,736  [36mtflops: 149.37  [35mmfu: 15.10%[39m
[rank0]:[titan] 2026-10-02 08:58:59,340 - torchtitan.observability.metrics - INFO - [31mstep: 87  [32mloss: -1.00000  [38;2;180;60;0mgrad_norm:  4.8125  [38;2;54;234;195mmemory: 59.40GiB(74.99%)  [34mtps: 2,736  [36mtflops: 149.36  [35mmfu: 15.10%[39m
[rank3]:[titan] 2026-10-02 08:59:02,358 - torchtitan.observability.metrics - INFO - [31mstep: 88  [32mloss:  2.03553  [38;2;180;60;0mgrad_norm:  3.5156  [38;2;54;234;195mmemory: 52.77GiB(66.62%)  [34mtps: 2,711  [36mtflops: 148.02  [35mmfu: 14.97%[39m
[rank1]:[titan] 2026-10-02 08:59:02,363 - torchtitan.observability.metrics - INFO - [31mstep: 88  [32mloss: -1.00000  [38;2;180;60;0mgrad_norm:  3.5156  [38;2;54;234;195mmemory: 60.52GiB(76.41%)  [34mtps: 2,711  [36mtflops: 148.01  [35mmfu: 14.97%[39m
[rank2]:[titan] 2026-10-02 08:59:02,365 - torchtitan.observability.metrics - INFO - [31mstep: 88  [32mloss: -1.00000  [38;2;180;60;0mgrad_norm:  3.5156  [38;2;54;234;195mmemory: 65.89GiB(83.19%)  [34mtps: 2,711  [36mtflops: 148.02  [35mmfu: 14.97%[39m
[rank0]:[titan] 2026-10-02 08:59:02,362 - torchtitan.observability.metrics - INFO - [31mstep: 88  [32mloss: -1.00000  [38;2;180;60;0mgrad_norm:  3.5156  [38;2;54;234;195mmemory: 59.40GiB(74.99%)  [34mtps: 2,711  [36mtflops: 148.02  [35mmfu: 14.97%[39m
[rank3]:[titan] 2026-10-02 08:59:05,397 - torchtitan.observability.metrics - INFO - [31mstep: 89  [32mloss:  2.14687  [38;2;180;60;0mgrad_norm:  4.2500  [38;2;54;234;195mmemory: 52.77GiB(66.62%)  [34mtps: 2,696  [36mtflops: 147.19  [35mmfu: 14.88%[39m
[rank1]:[titan] 2026-10-02 08:59:05,402 - torchtitan.observability.metrics - INFO - [31mstep: 89  [32mloss: -1.00000  [38;2;180;60;0mgrad_norm:  4.2500  [38;2;54;234;195mmemory: 60.52GiB(76.41%)  [34mtps: 2,696  [36mtflops: 147.20  [35mmfu: 14.88%[39m
[rank2]:[titan] 2026-10-02 08:59:05,404 - torchtitan.observability.metrics - INFO - [31mstep: 89  [32mloss: -1.00000  [38;2;180;60;0mgrad_norm:  4.2500  [38;2;54;234;195mmemory: 65.89GiB(83.19%)  [34mtps: 2,696  [36mtflops: 147.20  [35mmfu: 14.88%[39m
[rank0]:[titan] 2026-10-02 08:59:05,401 - torchtitan.observability.metrics - INFO - [31mstep: 89  [32mloss: -1.00000  [38;2;180;60;0mgrad_norm:  4.2500  [38;2;54;234;195mmemory: 59.40GiB(74.99%)  [34mtps: 2,696  [36mtflops: 147.19  [35mmfu: 14.88%[39m
[rank3]:[titan] 2026-10-02 08:59:08,440 - torchtitan.observability.metrics - INFO - [31mstep: 90  [32mloss:  2.07858  [38;2;180;60;0mgrad_norm:  4.0312  [38;2;54;234;195mmemory: 52.77GiB(66.62%)  [34mtps: 2,693  [36mtflops: 147.01  [35mmfu: 14.86%[39m
[rank0]:[titan] 2026-10-02 08:59:08,444 - torchtitan.observability.metrics - INFO - [31mstep: 90  [32mloss: -1.00000  [38;2;180;60;0mgrad_norm:  4.0312  [38;2;54;234;195mmemory: 59.40GiB(74.99%)  [34mtps: 2,693  [36mtflops: 147.02  [35mmfu: 14.87%[39m
[rank1]:[titan] 2026-10-02 08:59:08,445 - torchtitan.observability.metrics - INFO - [31mstep: 90  [32mloss: -1.00000  [38;2;180;60;0mgrad_norm:  4.0312  [38;2;54;234;195mmemory: 60.52GiB(76.41%)  [34mtps: 2,693  [36mtflops: 147.02  [35mmfu: 14.87%[39m
[rank2]:[titan] 2026-10-02 08:59:08,446 - torchtitan.observability.metrics - INFO - [31mstep: 90  [32mloss: -1.00000  [38;2;180;60;0mgrad_norm:  4.0312  [38;2;54;234;195mmemory: 65.89GiB(83.19%)  [34mtps: 2,693  [36mtflops: 147.02  [35mmfu: 14.87%[39m
[rank1]:[titan] 2026-10-02 08:59:11,432 - torchtitan.observability.metrics - INFO - [31mstep: 91  [32mloss: -1.00000  [38;2;180;60;0mgrad_norm:  4.9688  [38;2;54;234;195mmemory: 60.52GiB(76.41%)  [34mtps: 2,742  [36mtflops: 149.72  [35mmfu: 15.14%[39m
[rank3]:[titan] 2026-10-02 08:59:11,427 - torchtitan.observability.metrics - INFO - [31mstep: 91  [32mloss:  2.02672  [38;2;180;60;0mgrad_norm:  4.9688  [38;2;54;234;195mmemory: 52.77GiB(66.62%)  [34mtps: 2,743  [36mtflops: 149.74  [35mmfu: 15.14%[39m
[rank2]:[titan] 2026-10-02 08:59:11,434 - torchtitan.observability.metrics - INFO - [31mstep: 91  [32mloss: -1.00000  [38;2;180;60;0mgrad_norm:  4.9688  [38;2;54;234;195mmemory: 65.89GiB(83.19%)  [34mtps: 2,742  [36mtflops: 149.73  [35mmfu: 15.14%[39m
[rank0]:[titan] 2026-10-02 08:59:11,431 - torchtitan.observability.metrics - INFO - [31mstep: 91  [32mloss: -1.00000  [38;2;180;60;0mgrad_norm:  4.9688  [38;2;54;234;195mmemory: 59.40GiB(74.99%)  [34mtps: 2,742  [36mtflops: 149.73  [35mmfu: 15.14%[39m
[rank3]:[titan] 2026-10-02 08:59:14,444 - torchtitan.observability.metrics - INFO - [31mstep: 92  [32mloss:  2.00628  [38;2;180;60;0mgrad_norm:  4.5000  [38;2;54;234;195mmemory: 52.77GiB(66.62%)  [34mtps: 2,716  [36mtflops: 148.26  [35mmfu: 14.99%[39m
[rank1]:[titan] 2026-10-02 08:59:14,450 - torchtitan.observability.metrics - INFO - [31mstep: 92  [32mloss: -1.00000  [38;2;180;60;0mgrad_norm:  4.5000  [38;2;54;234;195mmemory: 60.52GiB(76.41%)  [34mtps: 2,715  [36mtflops: 148.26  [35mmfu: 14.99%[39m
[rank2]:[titan] 2026-10-02 08:59:14,451 - torchtitan.observability.metrics - INFO - [31mstep: 92  [32mloss: -1.00000  [38;2;180;60;0mgrad_norm:  4.5000  [38;2;54;234;195mmemory: 65.89GiB(83.19%)  [34mtps: 2,716  [36mtflops: 148.26  [35mmfu: 14.99%[39m
[rank0]:[titan] 2026-10-02 08:59:14,448 - torchtitan.observability.metrics - INFO - [31mstep: 92  [32mloss: -1.00000  [38;2;180;60;0mgrad_norm:  4.5000  [38;2;54;234;195mmemory: 59.40GiB(74.99%)  [34mtps: 2,716  [36mtflops: 148.26  [35mmfu: 14.99%[39m
[rank3]:[titan] 2026-10-02 08:59:17,455 - torchtitan.observability.metrics - INFO - [31mstep: 93  [32mloss:  1.92739  [38;2;180;60;0mgrad_norm:  7.3125  [38;2;54;234;195mmemory: 52.77GiB(66.62%)  [34mtps: 2,721  [36mtflops: 148.56  [35mmfu: 15.02%[39m
[rank1]:[titan] 2026-10-02 08:59:17,460 - torchtitan.observability.metrics - INFO - [31mstep: 93  [32mloss: -1.00000  [38;2;180;60;0mgrad_norm:  7.3125  [38;2;54;234;195mmemory: 60.52GiB(76.41%)  [34mtps: 2,721  [36mtflops: 148.57  [35mmfu: 15.02%[39m
[rank2]:[titan] 2026-10-02 08:59:17,462 - torchtitan.observability.metrics - INFO - [31mstep: 93  [32mloss: -1.00000  [38;2;180;60;0mgrad_norm:  7.3125  [38;2;54;234;195mmemory: 65.89GiB(83.19%)  [34mtps: 2,721  [36mtflops: 148.57  [35mmfu: 15.02%[39m
[rank0]:[titan] 2026-10-02 08:59:17,459 - torchtitan.observability.metrics - INFO - [31mstep: 93  [32mloss: -1.00000  [38;2;180;60;0mgrad_norm:  7.3125  [38;2;54;234;195mmemory: 59.40GiB(74.99%)  [34mtps: 2,721  [36mtflops: 148.57  [35mmfu: 15.02%[39m
[rank1]:[titan] 2026-10-02 08:59:20,447 - torchtitan.observability.metrics - INFO - [31mstep: 94  [32mloss: -1.00000  [38;2;180;60;0mgrad_norm:  3.6250  [38;2;54;234;195mmemory: 60.52GiB(76.41%)  [34mtps: 2,743  [36mtflops: 149.76  [35mmfu: 15.14%[39m
[rank3]:[titan] 2026-10-02 08:59:20,442 - torchtitan.observability.metrics - INFO - [31mstep: 94  [32mloss:  1.99751  [38;2;180;60;0mgrad_norm:  3.6250  [38;2;54;234;195mmemory: 52.77GiB(66.62%)  [34mtps: 2,743  [36mtflops: 149.77  [35mmfu: 15.14%[39m
[rank2]:[titan] 2026-10-02 08:59:20,449 - torchtitan.observability.metrics - INFO - [31mstep: 94  [32mloss: -1.00000  [38;2;180;60;0mgrad_norm:  3.6250  [38;2;54;234;195mmemory: 65.89GiB(83.19%)  [34mtps: 2,743  [36mtflops: 149.76  [35mmfu: 15.14%[39m
[rank0]:[titan] 2026-10-02 08:59:20,446 - torchtitan.observability.metrics - INFO - [31mstep: 94  [32mloss: -1.00000  [38;2;180;60;0mgrad_norm:  3.6250  [38;2;54;234;195mmemory: 59.40GiB(74.99%)  [34mtps: 2,743  [36mtflops: 149.75  [35mmfu: 15.14%[39m
[rank3]:[titan] 2026-10-02 08:59:23,441 - torchtitan.observability.metrics - INFO - [31mstep: 95  [32mloss:  1.98553  [38;2;180;60;0mgrad_norm:  4.0312  [38;2;54;234;195mmemory: 52.77GiB(66.62%)  [34mtps: 2,732  [36mtflops: 149.16  [35mmfu: 15.08%[39m
[rank1]:[titan] 2026-10-02 08:59:23,446 - torchtitan.observability.metrics - INFO - [31mstep: 95  [32mloss: -1.00000  [38;2;180;60;0mgrad_norm:  4.0312  [38;2;54;234;195mmemory: 60.52GiB(76.41%)  [34mtps: 2,732  [36mtflops: 149.16  [35mmfu: 15.08%[39m
[rank2]:[titan] 2026-10-02 08:59:23,448 - torchtitan.observability.metrics - INFO - [31mstep: 95  [32mloss: -1.00000  [38;2;180;60;0mgrad_norm:  4.0312  [38;2;54;234;195mmemory: 65.89GiB(83.19%)  [34mtps: 2,732  [36mtflops: 149.16  [35mmfu: 15.08%[39m
[rank0]:[titan] 2026-10-02 08:59:23,445 - torchtitan.observability.metrics - INFO - [31mstep: 95  [32mloss: -1.00000  [38;2;180;60;0mgrad_norm:  4.0312  [38;2;54;234;195mmemory: 59.40GiB(74.99%)  [34mtps: 2,732  [36mtflops: 149.16  [35mmfu: 15.08%[39m
[rank1]:[titan] 2026-10-02 08:59:26,432 - torchtitan.observability.metrics - INFO - [31mstep: 96  [32mloss: -1.00000  [38;2;180;60;0mgrad_norm:  3.5938  [38;2;54;234;195mmemory: 60.52GiB(76.41%)  [34mtps: 2,744  [36mtflops: 149.82  [35mmfu: 15.15%[39m
[rank3]:[titan] 2026-10-02 08:59:26,427 - torchtitan.observability.metrics - INFO - [31mstep: 96  [32mloss:  2.04659  [38;2;180;60;0mgrad_norm:  3.5938  [38;2;54;234;195mmemory: 52.77GiB(66.62%)  [34mtps: 2,744  [36mtflops: 149.82  [35mmfu: 15.15%[39m
[rank2]:[titan] 2026-10-02 08:59:26,433 - torchtitan.observability.metrics - INFO - [31mstep: 96  [32mloss: -1.00000  [38;2;180;60;0mgrad_norm:  3.5938  [38;2;54;234;195mmemory: 65.89GiB(83.19%)  [34mtps: 2,744  [36mtflops: 149.82  [35mmfu: 15.15%[39m
[rank0]:[titan] 2026-10-02 08:59:26,431 - torchtitan.observability.metrics - INFO - [31mstep: 96  [32mloss: -1.00000  [38;2;180;60;0mgrad_norm:  3.5938  [38;2;54;234;195mmemory: 59.40GiB(74.99%)  [34mtps: 2,744  [36mtflops: 149.82  [35mmfu: 15.15%[39m
[rank1]:[titan] 2026-10-02 08:59:29,449 - torchtitan.observability.metrics - INFO - [31mstep: 97  [32mloss: -1.00000  [38;2;180;60;0mgrad_norm:  2.7188  [38;2;54;234;195mmemory: 60.52GiB(76.41%)  [34mtps: 2,715  [36mtflops: 148.24  [35mmfu: 14.99%[39m
[rank3]:[titan] 2026-10-02 08:59:29,444 - torchtitan.observability.metrics - INFO - [31mstep: 97  [32mloss:  2.09452  [38;2;180;60;0mgrad_norm:  2.7188  [38;2;54;234;195mmemory: 52.77GiB(66.62%)  [34mtps: 2,715  [36mtflops: 148.24  [35mmfu: 14.99%[39m
[rank2]:[titan] 2026-10-02 08:59:29,451 - torchtitan.observability.metrics - INFO - [31mstep: 97  [32mloss: -1.00000  [38;2;180;60;0mgrad_norm:  2.7188  [38;2;54;234;195mmemory: 65.89GiB(83.19%)  [34mtps: 2,715  [36mtflops: 148.23  [35mmfu: 14.99%[39m
[rank0]:[titan] 2026-10-02 08:59:29,448 - torchtitan.observability.metrics - INFO - [31mstep: 97  [32mloss: -1.00000  [38;2;180;60;0mgrad_norm:  2.7188  [38;2;54;234;195mmemory: 59.40GiB(74.99%)  [34mtps: 2,715  [36mtflops: 148.24  [35mmfu: 14.99%[39m
[rank1]:[titan] 2026-10-02 08:59:32,446 - torchtitan.observability.metrics - INFO - [31mstep: 98  [32mloss: -1.00000  [38;2;180;60;0mgrad_norm: 13.1875  [38;2;54;234;195mmemory: 60.52GiB(76.41%)  [34mtps: 2,734  [36mtflops: 149.29  [35mmfu: 15.09%[39m
[rank3]:[titan] 2026-10-02 08:59:32,440 - torchtitan.observability.metrics - INFO - [31mstep: 98  [32mloss:  2.07936  [38;2;180;60;0mgrad_norm: 13.1875  [38;2;54;234;195mmemory: 52.77GiB(66.62%)  [34mtps: 2,734  [36mtflops: 149.29  [35mmfu: 15.09%[39m
[rank2]:[titan] 2026-10-02 08:59:32,447 - torchtitan.observability.metrics - INFO - [31mstep: 98  [32mloss: -1.00000  [38;2;180;60;0mgrad_norm: 13.1875  [38;2;54;234;195mmemory: 65.89GiB(83.19%)  [34mtps: 2,734  [36mtflops: 149.29  [35mmfu: 15.10%[39m
[rank0]:[titan] 2026-10-02 08:59:32,444 - torchtitan.observability.metrics - INFO - [31mstep: 98  [32mloss: -1.00000  [38;2;180;60;0mgrad_norm: 13.1875  [38;2;54;234;195mmemory: 59.40GiB(74.99%)  [34mtps: 2,734  [36mtflops: 149.29  [35mmfu: 15.10%[39m
[rank1]:[titan] 2026-10-02 08:59:35,454 - torchtitan.observability.metrics - INFO - [31mstep: 99  [32mloss: -1.00000  [38;2;180;60;0mgrad_norm:  2.4375  [38;2;54;234;195mmemory: 60.52GiB(76.41%)  [34mtps: 2,723  [36mtflops: 148.68  [35mmfu: 15.03%[39m
[rank3]:[titan] 2026-10-02 08:59:35,449 - torchtitan.observability.metrics - INFO - [31mstep: 99  [32mloss:  1.89274  [38;2;180;60;0mgrad_norm:  2.4375  [38;2;54;234;195mmemory: 52.77GiB(66.62%)  [34mtps: 2,723  [36mtflops: 148.68  [35mmfu: 15.03%[39m
[rank2]:[titan] 2026-10-02 08:59:35,456 - torchtitan.observability.metrics - INFO - [31mstep: 99  [32mloss: -1.00000  [38;2;180;60;0mgrad_norm:  2.4375  [38;2;54;234;195mmemory: 65.89GiB(83.19%)  [34mtps: 2,723  [36mtflops: 148.68  [35mmfu: 15.03%[39m
[rank0]:[titan] 2026-10-02 08:59:35,453 - torchtitan.observability.metrics - INFO - [31mstep: 99  [32mloss: -1.00000  [38;2;180;60;0mgrad_norm:  2.4375  [38;2;54;234;195mmemory: 59.40GiB(74.99%)  [34mtps: 2,723  [36mtflops: 148.67  [35mmfu: 15.03%[39m
[rank1]:[titan] 2026-10-02 08:59:35,561 - torchtitan.tools.utils - INFO - [GC] Performing periodic GC collection took 0.06 seconds
[rank3]:[titan] 2026-10-02 08:59:35,537 - torchtitan.tools.utils - INFO - [GC] Performing periodic GC collection took 0.04 seconds
[rank2]:[titan] 2026-10-02 08:59:35,555 - torchtitan.tools.utils - INFO - [GC] Performing periodic GC collection took 0.05 seconds
[rank0]:[titan] 2026-10-02 08:59:35,591 - torchtitan.tools.utils - INFO - [GC] Performing periodic GC collection took 0.07 seconds
[rank1]:[titan] 2026-10-02 08:59:38,555 - torchtitan.observability.metrics - INFO - [31mstep: 100  [32mloss: -1.00000  [38;2;180;60;0mgrad_norm:  4.9375  [38;2;54;234;195mmemory: 60.52GiB(76.41%)  [34mtps: 2,642  [36mtflops: 144.24  [35mmfu: 14.58%[39m
[rank1]:[titan] 2026-10-02 08:59:38,556 - torchtitan.trainer - INFO - Training completed
[rank2]:[titan] 2026-10-02 08:59:38,557 - torchtitan.observability.metrics - INFO - [31mstep: 100  [32mloss: -1.00000  [38;2;180;60;0mgrad_norm:  4.9375  [38;2;54;234;195mmemory: 65.89GiB(83.19%)  [34mtps: 2,642  [36mtflops: 144.24  [35mmfu: 14.58%[39m
[rank2]:[titan] 2026-10-02 08:59:38,557 - torchtitan.trainer - INFO - Training completed
[rank3]:[titan] 2026-10-02 08:59:38,550 - torchtitan.observability.metrics - INFO - [31mstep: 100  [32mloss:  2.05389  [38;2;180;60;0mgrad_norm:  4.9375  [38;2;54;234;195mmemory: 52.77GiB(66.62%)  [34mtps: 2,642  [36mtflops: 144.24  [35mmfu: 14.58%[39m
[rank3]:[titan] 2026-10-02 08:59:38,551 - torchtitan.trainer - INFO - Training completed
[rank0]:[titan] 2026-10-02 08:59:38,554 - torchtitan.observability.metrics - INFO - [31mstep: 100  [32mloss: -1.00000  [38;2;180;60;0mgrad_norm:  4.9375  [38;2;54;234;195mmemory: 59.40GiB(74.99%)  [34mtps: 2,642  [36mtflops: 144.24  [35mmfu: 14.58%[39m
[rank0]:[titan] 2026-10-02 08:59:38,555 - torchtitan.trainer - INFO - Sleeping 2 seconds for other ranks to complete
[rank0]:[titan] 2026-10-02 08:59:40,555 - torchtitan.trainer - INFO - Training completed
[rank1]:[titan] 2026-10-02 08:59:42,790 - __main__ - INFO - Process group destroyed
[rank2]:[titan] 2026-10-02 08:59:42,864 - __main__ - INFO - Process group destroyed
[rank3]:[titan] 2026-10-02 08:59:42,880 - __main__ - INFO - Process group destroyed
[rank0]:[titan] 2026-10-02 08:59:42,842 - __main__ - INFO - Process group destroyed
