W0929 08:39:10.542000 103150 torch/distributed/run.py:982] 
W0929 08:39:10.542000 103150 torch/distributed/run.py:982] *****************************************
W0929 08:39:10.542000 103150 torch/distributed/run.py:982] Setting OMP_NUM_THREADS environment variable for each process to be 1 in default, to avoid your system being overloaded, please further tune the variable for optimal performance in your application as needed. 
W0929 08:39:10.542000 103150 torch/distributed/run.py:982] *****************************************
[rank0]:WARNING:absl:Failed to load jax profiler: No module named 'jax'
[rank1]:WARNING:absl:Failed to load jax profiler: No module named 'jax'
[rank2]:WARNING:absl:Failed to load jax profiler: No module named 'jax'
[rank3]:WARNING:absl:Failed to load jax profiler: No module named 'jax'
[rank0]:[titan] 2026-09-29 08:39:16,874 - __main__ - INFO - torchtitan version: 0.0.0+unknown (0.0.0 means __version__ is not defined correctly).
[rank2]:[titan] 2026-09-29 08:39:17,060 - __main__ - INFO - torchtitan version: 0.0.0+unknown (0.0.0 means __version__ is not defined correctly).
[rank3]:[titan] 2026-09-29 08:39:17,081 - __main__ - INFO - torchtitan version: 0.0.0+unknown (0.0.0 means __version__ is not defined correctly).
[rank1]:[titan] 2026-09-29 08:39:17,234 - __main__ - INFO - torchtitan version: 0.0.0+unknown (0.0.0 means __version__ is not defined correctly).
[rank0]:[titan] 2026-09-29 08:39:17,590 - torchtitan.observability.structured_logger.jsonl_handler - INFO - Structured logging -> JSONL: /root/mep/results/dep/twarm_w_dep_bubble/out/structured_logs/training.global_rank_0.20260929-083917-ARPJYF.jsonl
[rank2]:[titan] 2026-09-29 08:39:17,785 - torchtitan.observability.structured_logger.jsonl_handler - INFO - Structured logging -> JSONL: /root/mep/results/dep/twarm_w_dep_bubble/out/structured_logs/training.global_rank_2.20260929-083917-KMAOAB.jsonl
[rank3]:[titan] 2026-09-29 08:39:17,800 - torchtitan.observability.structured_logger.jsonl_handler - INFO - Structured logging -> JSONL: /root/mep/results/dep/twarm_w_dep_bubble/out/structured_logs/training.global_rank_3.20260929-083917-H0GWTG.jsonl
[rank0]:[titan] 2026-09-29 08:39:17,889 - torchtitan.distributed.utils - WARNING - ENV[TORCH_NCCL_ASYNC_ERROR_HANDLING] = 1 will be overridden to 3 based on job config
[rank1]:[titan] 2026-09-29 08:39:18,056 - torchtitan.observability.structured_logger.jsonl_handler - INFO - Structured logging -> JSONL: /root/mep/results/dep/twarm_w_dep_bubble/out/structured_logs/training.global_rank_1.20260929-083918-QM4231.jsonl
[rank2]:[titan] 2026-09-29 08:39:18,185 - torchtitan.distributed.utils - WARNING - ENV[TORCH_NCCL_ASYNC_ERROR_HANDLING] = 1 will be overridden to 3 based on job config
[rank3]:[titan] 2026-09-29 08:39:18,196 - torchtitan.distributed.utils - WARNING - ENV[TORCH_NCCL_ASYNC_ERROR_HANDLING] = 1 will be overridden to 3 based on job config
[rank1]:[titan] 2026-09-29 08:39:18,396 - torchtitan.distributed.utils - WARNING - ENV[TORCH_NCCL_ASYNC_ERROR_HANDLING] = 1 will be overridden to 3 based on job config
[rank0]:[titan] 2026-09-29 08:39:19,033 - torchtitan.tools.utils - INFO - [GC] Initial GC collection took 0.00 seconds
[rank2]:[titan] 2026-09-29 08:39:19,045 - torchtitan.tools.utils - INFO - [GC] Initial GC collection took 0.00 seconds
[rank1]:[titan] 2026-09-29 08:39:19,033 - torchtitan.tools.utils - INFO - [GC] Initial GC collection took 0.00 seconds
[rank3]:[titan] 2026-09-29 08:39:19,043 - torchtitan.tools.utils - INFO - [GC] Initial GC collection took 0.00 seconds
[rank0]:[titan] 2026-09-29 08:39:19,819 - torchtitan.distributed.parallelism_context - INFO - Building device mesh with parallelism: pp=2, dp_replicate=1, dp_shard=1, cp=1, tp=2, ep=2
[rank2]:[titan] 2026-09-29 08:39:19,820 - torchtitan.distributed.parallelism_context - INFO - Building device mesh with parallelism: pp=2, dp_replicate=1, dp_shard=1, cp=1, tp=2, ep=2
[rank1]:[titan] 2026-09-29 08:39:19,820 - torchtitan.distributed.parallelism_context - INFO - Building device mesh with parallelism: pp=2, dp_replicate=1, dp_shard=1, cp=1, tp=2, ep=2
[rank3]:[titan] 2026-09-29 08:39:19,820 - torchtitan.distributed.parallelism_context - INFO - Building device mesh with parallelism: pp=2, dp_replicate=1, dp_shard=1, cp=1, tp=2, ep=2
[rank0]:[titan] 2026-09-29 08:39:22,098 - torchtitan.distributed.parallelism_context - INFO - Successfully created meshes with active axes: ['pp', 'tp', 'ep']
[rank0]:[titan] 2026-09-29 08:39:22,103 - torchtitan.observability.metrics - INFO - CUDA capacity: NVIDIA H100 80GB HBM3 with 79.21GiB memory
[rank0]:[titan] 2026-09-29 08:39:22,120 - torchtitan.tools.utils - WARNING - Error running lspci: [Errno 2] No such file or directory: 'lspci', fallback to use device_name
[rank0]:[titan] 2026-09-29 08:39:22,121 - torchtitan.components.tokenizer - INFO - Loading tokenizer from tokenizer.json
[rank2]:[titan] 2026-09-29 08:39:22,057 - torchtitan.distributed.parallelism_context - INFO - Successfully created meshes with active axes: ['pp', 'tp', 'ep']
[rank2]:[titan] 2026-09-29 08:39:22,059 - torchtitan.observability.metrics - INFO - CUDA capacity: NVIDIA H100 80GB HBM3 with 79.21GiB memory
[rank2]:[titan] 2026-09-29 08:39:22,072 - torchtitan.tools.utils - WARNING - Error running lspci: [Errno 2] No such file or directory: 'lspci', fallback to use device_name
[rank2]:[titan] 2026-09-29 08:39:22,072 - torchtitan.components.tokenizer - INFO - Loading tokenizer from tokenizer.json
[rank3]:[titan] 2026-09-29 08:39:22,057 - torchtitan.distributed.parallelism_context - INFO - Successfully created meshes with active axes: ['pp', 'tp', 'ep']
[rank3]:[titan] 2026-09-29 08:39:22,059 - torchtitan.observability.metrics - INFO - CUDA capacity: NVIDIA H100 80GB HBM3 with 79.21GiB memory
[rank1]:[titan] 2026-09-29 08:39:22,097 - torchtitan.distributed.parallelism_context - INFO - Successfully created meshes with active axes: ['pp', 'tp', 'ep']
[rank3]:[titan] 2026-09-29 08:39:22,072 - torchtitan.tools.utils - WARNING - Error running lspci: [Errno 2] No such file or directory: 'lspci', fallback to use device_name
[rank3]:[titan] 2026-09-29 08:39:22,072 - torchtitan.components.tokenizer - INFO - Loading tokenizer from tokenizer.json
[rank1]:[titan] 2026-09-29 08:39:22,100 - torchtitan.observability.metrics - INFO - CUDA capacity: NVIDIA H100 80GB HBM3 with 79.21GiB memory
[rank1]:[titan] 2026-09-29 08:39:22,114 - torchtitan.tools.utils - WARNING - Error running lspci: [Errno 2] No such file or directory: 'lspci', fallback to use device_name
[rank1]:[titan] 2026-09-29 08:39:22,115 - torchtitan.components.tokenizer - INFO - Loading tokenizer from tokenizer.json
[rank2]:[titan] 2026-09-29 08:39:22,213 - torchtitan.protocols.state_dict_adapter - WARNING - model.safetensors.index.json not found at hf_assets_path: ./tests/assets/tokenizer/model.safetensors.index.json.                     Defaulting to saving a single safetensors file if checkpoint is saved in HF format
[rank2]:[titan] 2026-09-29 08:39:22,217 - torchtitan.models.utils - INFO - Total parameter count: 13,286,947,968, active parameters: 8,885,570,688
[rank0]:[titan] 2026-09-29 08:39:22,266 - torchtitan.protocols.state_dict_adapter - WARNING - model.safetensors.index.json not found at hf_assets_path: ./tests/assets/tokenizer/model.safetensors.index.json.                     Defaulting to saving a single safetensors file if checkpoint is saved in HF format
[rank0]:[titan] 2026-09-29 08:39:22,269 - torchtitan.models.utils - INFO - Total parameter count: 13,286,947,968, active parameters: 8,885,570,688
[rank0]:[titan] 2026-09-29 08:39:22,293 - torchtitan.distributed.activation_checkpoint - INFO - Applied SelectiveAC activation checkpointing to the model
[rank2]:[titan] 2026-09-29 08:39:22,237 - torchtitan.distributed.activation_checkpoint - INFO - Applied SelectiveAC activation checkpointing to the model
[rank3]:[titan] 2026-09-29 08:39:22,264 - torchtitan.protocols.state_dict_adapter - WARNING - model.safetensors.index.json not found at hf_assets_path: ./tests/assets/tokenizer/model.safetensors.index.json.                     Defaulting to saving a single safetensors file if checkpoint is saved in HF format
[rank1]:[titan] 2026-09-29 08:39:22,260 - torchtitan.protocols.state_dict_adapter - WARNING - model.safetensors.index.json not found at hf_assets_path: ./tests/assets/tokenizer/model.safetensors.index.json.                     Defaulting to saving a single safetensors file if checkpoint is saved in HF format
[rank3]:[titan] 2026-09-29 08:39:22,268 - torchtitan.models.utils - INFO - Total parameter count: 13,286,947,968, active parameters: 8,885,570,688
[rank1]:[titan] 2026-09-29 08:39:22,264 - torchtitan.models.utils - INFO - Total parameter count: 13,286,947,968, active parameters: 8,885,570,688
[rank1]:[titan] 2026-09-29 08:39:22,287 - torchtitan.distributed.activation_checkpoint - INFO - Applied SelectiveAC activation checkpointing to the model
[rank3]:[titan] 2026-09-29 08:39:22,289 - torchtitan.distributed.activation_checkpoint - INFO - Applied SelectiveAC activation checkpointing to the model
[rank2]:[titan] 2026-09-29 08:39:22,398 - torchtitan.distributed.pipeline_parallel - INFO - PP rank 1 is building stage_idx 1 with modules ['layers.2', 'layers.3', 'layers.4']
[rank0]:[titan] 2026-09-29 08:39:22,454 - torchtitan.distributed.pipeline_parallel - INFO - PP rank 0 is building stage_idx 0 with modules ['vision_encoder', 'tok_embeddings', 'layers.0', 'layers.1']
[rank2]:[titan] 2026-09-29 08:39:22,473 - torchtitan.distributed.pipeline_parallel - INFO - PP rank 1 is building stage_idx 3 with modules ['layers.8', 'layers.9']
[rank3]:[titan] 2026-09-29 08:39:22,450 - torchtitan.distributed.pipeline_parallel - INFO - PP rank 1 is building stage_idx 1 with modules ['layers.2', 'layers.3', 'layers.4']
[rank1]:[titan] 2026-09-29 08:39:22,448 - torchtitan.distributed.pipeline_parallel - INFO - PP rank 0 is building stage_idx 0 with modules ['vision_encoder', 'tok_embeddings', 'layers.0', 'layers.1']
[rank1]:[titan] 2026-09-29 08:39:22,522 - torchtitan.distributed.pipeline_parallel - INFO - PP rank 0 is building stage_idx 2 with modules ['layers.5', 'layers.6', 'layers.7']
[rank0]:[titan] 2026-09-29 08:39:22,527 - torchtitan.distributed.pipeline_parallel - INFO - PP rank 0 is building stage_idx 2 with modules ['layers.5', 'layers.6', 'layers.7']
[rank0]:[titan] 2026-09-29 08:39:22,601 - torchtitan.distributed.pipeline_parallel - INFO - PP rank 0 is building stage_idx 4 with modules ['layers.10', 'layers.11']
[rank2]:[titan] 2026-09-29 08:39:22,547 - torchtitan.distributed.pipeline_parallel - INFO - PP rank 1 is building stage_idx 5 with modules ['layers.12', 'layers.13']
[rank2]:[titan] 2026-09-29 08:39:22,621 - torchtitan.distributed.pipeline_parallel - INFO - PP rank 1 is building stage_idx 7 with modules ['layers.16', 'norm', 'lm_head', 'output_res_proj', 'output_res_norm']
[rank3]:[titan] 2026-09-29 08:39:22,524 - torchtitan.distributed.pipeline_parallel - INFO - PP rank 1 is building stage_idx 3 with modules ['layers.8', 'layers.9']
[rank3]:[titan] 2026-09-29 08:39:22,598 - torchtitan.distributed.pipeline_parallel - INFO - PP rank 1 is building stage_idx 5 with modules ['layers.12', 'layers.13']
[rank1]:[titan] 2026-09-29 08:39:22,596 - torchtitan.distributed.pipeline_parallel - INFO - PP rank 0 is building stage_idx 4 with modules ['layers.10', 'layers.11']
[rank0]:[titan] 2026-09-29 08:39:22,674 - torchtitan.distributed.pipeline_parallel - INFO - PP rank 0 is building stage_idx 6 with modules ['layers.14', 'layers.15']
[rank0]:[titan] 2026-09-29 08:39:22,689 - torchtitan.distributed.activation_checkpoint - INFO - Applied SelectiveAC activation checkpointing to the model
[rank0]:[titan] 2026-09-29 08:39:22,689 - torchtitan.distributed.activation_checkpoint - INFO - Applied SelectiveAC activation checkpointing to the model
[rank2]:[titan] 2026-09-29 08:39:22,637 - torchtitan.distributed.activation_checkpoint - INFO - Applied SelectiveAC activation checkpointing to the model
[rank3]:[titan] 2026-09-29 08:39:22,672 - torchtitan.distributed.pipeline_parallel - INFO - PP rank 1 is building stage_idx 7 with modules ['layers.16', 'norm', 'lm_head', 'output_res_proj', 'output_res_norm']
[rank1]:[titan] 2026-09-29 08:39:22,671 - torchtitan.distributed.pipeline_parallel - INFO - PP rank 0 is building stage_idx 6 with modules ['layers.14', 'layers.15']
[rank3]:[titan] 2026-09-29 08:39:22,687 - torchtitan.distributed.activation_checkpoint - INFO - Applied SelectiveAC activation checkpointing to the model
[rank1]:[titan] 2026-09-29 08:39:22,687 - torchtitan.distributed.activation_checkpoint - INFO - Applied SelectiveAC activation checkpointing to the model
[rank1]:[titan] 2026-09-29 08:39:22,687 - torchtitan.distributed.activation_checkpoint - INFO - Applied SelectiveAC activation checkpointing to the model
[rank2]:[titan] 2026-09-29 08:39:22,870 - torchtitan.distributed.fsdp - INFO - Applied FSDP to the model
[rank2]:[titan] 2026-09-29 08:39:22,880 - torchtitan.distributed.activation_checkpoint - INFO - Applied SelectiveAC activation checkpointing to the model
[rank2]:[titan] 2026-09-29 08:39:22,902 - torchtitan.distributed.fsdp - INFO - Applied FSDP to the model
[rank2]:[titan] 2026-09-29 08:39:22,913 - torchtitan.distributed.activation_checkpoint - INFO - Applied SelectiveAC activation checkpointing to the model
[rank3]:[titan] 2026-09-29 08:39:22,919 - torchtitan.distributed.fsdp - INFO - Applied FSDP to the model
[rank0]:[titan] 2026-09-29 08:39:22,937 - torchtitan.distributed.fsdp - INFO - Applied FSDP to the model
[rank0]:[titan] 2026-09-29 08:39:22,952 - torchtitan.distributed.activation_checkpoint - INFO - Applied SelectiveAC activation checkpointing to the model
[rank2]:[titan] 2026-09-29 08:39:22,934 - torchtitan.distributed.fsdp - INFO - Applied FSDP to the model
[rank2]:[titan] 2026-09-29 08:39:22,939 - torchtitan.distributed.activation_checkpoint - INFO - Applied SelectiveAC activation checkpointing to the model
[rank2]:[titan] 2026-09-29 08:39:22,959 - torchtitan.distributed.fsdp - INFO - Applied FSDP to the model
[rank2]:[titan] 2026-09-29 08:39:22,960 - torchtitan.distributed.pipeline_parallel - WARNING - Number of microbatches (4) is less than the total number of stages (8) which may result in a bubble in the pipeline.
[rank2]:[titan] 2026-09-29 08:39:22,960 - torchtitan.distributed.pipeline_parallel - INFO - Using pipeline schedule Interleaved1F1B with 4 microbatches and 8 stages.
[rank1]:[titan] 2026-09-29 08:39:22,932 - torchtitan.distributed.fsdp - INFO - Applied FSDP to the model
[rank1]:[titan] 2026-09-29 08:39:22,946 - torchtitan.distributed.activation_checkpoint - INFO - Applied SelectiveAC activation checkpointing to the model
[rank1]:[titan] 2026-09-29 08:39:23,019 - torchtitan.distributed.fsdp - INFO - Applied FSDP to the model
[rank3]:[titan] 2026-09-29 08:39:22,930 - torchtitan.distributed.activation_checkpoint - INFO - Applied SelectiveAC activation checkpointing to the model
[rank3]:[titan] 2026-09-29 08:39:22,952 - torchtitan.distributed.fsdp - INFO - Applied FSDP to the model
[rank3]:[titan] 2026-09-29 08:39:22,962 - torchtitan.distributed.activation_checkpoint - INFO - Applied SelectiveAC activation checkpointing to the model
[rank3]:[titan] 2026-09-29 08:39:22,984 - torchtitan.distributed.fsdp - INFO - Applied FSDP to the model
[rank3]:[titan] 2026-09-29 08:39:22,989 - torchtitan.distributed.activation_checkpoint - INFO - Applied SelectiveAC activation checkpointing to the model
[rank3]:[titan] 2026-09-29 08:39:23,018 - torchtitan.distributed.fsdp - INFO - Applied FSDP to the model
[rank3]:[titan] 2026-09-29 08:39:23,019 - torchtitan.distributed.pipeline_parallel - WARNING - Number of microbatches (4) is less than the total number of stages (8) which may result in a bubble in the pipeline.
[rank3]:[titan] 2026-09-29 08:39:23,019 - torchtitan.distributed.pipeline_parallel - INFO - Using pipeline schedule Interleaved1F1B with 4 microbatches and 8 stages.
[rank0]:[titan] 2026-09-29 08:39:23,024 - torchtitan.distributed.fsdp - INFO - Applied FSDP to the model
[rank0]:[titan] 2026-09-29 08:39:23,034 - torchtitan.distributed.activation_checkpoint - INFO - Applied SelectiveAC activation checkpointing to the model
[rank0]:[titan] 2026-09-29 08:39:23,054 - torchtitan.distributed.fsdp - INFO - Applied FSDP to the model
[rank0]:[titan] 2026-09-29 08:39:23,063 - torchtitan.distributed.activation_checkpoint - INFO - Applied SelectiveAC activation checkpointing to the model
[rank0]:[titan] 2026-09-29 08:39:23,083 - torchtitan.distributed.fsdp - INFO - Applied FSDP to the model
[rank0]:[titan] 2026-09-29 08:39:23,083 - torchtitan.distributed.pipeline_parallel - WARNING - Number of microbatches (4) is less than the total number of stages (8) which may result in a bubble in the pipeline.
[rank0]:[titan] 2026-09-29 08:39:23,084 - torchtitan.distributed.pipeline_parallel - INFO - Using pipeline schedule Interleaved1F1B with 4 microbatches and 8 stages.
[rank1]:[titan] 2026-09-29 08:39:23,029 - torchtitan.distributed.activation_checkpoint - INFO - Applied SelectiveAC activation checkpointing to the model
[rank1]:[titan] 2026-09-29 08:39:23,048 - torchtitan.distributed.fsdp - INFO - Applied FSDP to the model
[rank1]:[titan] 2026-09-29 08:39:23,058 - torchtitan.distributed.activation_checkpoint - INFO - Applied SelectiveAC activation checkpointing to the model
[rank1]:[titan] 2026-09-29 08:39:23,077 - torchtitan.distributed.fsdp - INFO - Applied FSDP to the model
[rank1]:[titan] 2026-09-29 08:39:23,077 - torchtitan.distributed.pipeline_parallel - WARNING - Number of microbatches (4) is less than the total number of stages (8) which may result in a bubble in the pipeline.
[rank1]:[titan] 2026-09-29 08:39:23,078 - torchtitan.distributed.pipeline_parallel - INFO - Using pipeline schedule Interleaved1F1B with 4 microbatches and 8 stages.
[rank0]:[titan] 2026-09-29 08:39:23,883 - torchtitan.models.kimi_k3.pipeline_parallel - INFO - Kimi K3 pipeline: 4 stage(s) on this rank [0, 2, 4, 6], block transport delta with rank store, vision encodes decoupled
[rank2]:[titan] 2026-09-29 08:39:23,883 - torchtitan.models.kimi_k3.pipeline_parallel - INFO - Kimi K3 pipeline: 4 stage(s) on this rank [1, 3, 5, 7], block transport delta with rank store, vision encodes decoupled
[rank1]:[titan] 2026-09-29 08:39:24,001 - torchtitan.models.kimi_k3.pipeline_parallel - INFO - Kimi K3 pipeline: 4 stage(s) on this rank [0, 2, 4, 6], block transport delta with rank store, vision encodes decoupled
[rank2]:[rank2]:W0929 08:39:24.021000 103229 torch/distributed/tensor/_redistribute.py:394] While redistributing from (_StridedShard(dim=0, sf=2), Shard(dim=0)) to (Replicate(), Replicate()), 2 sequential all_gather operations will be performed. This is suboptimal: multiple collective operations have higher latency (separate kernel launches and synchronization points) and may give inconsistent results between ranks due to different reduction orders. it is not possible to merge non-ascending order all_gather operations.
[rank3]:[titan] 2026-09-29 08:39:24,002 - torchtitan.models.kimi_k3.pipeline_parallel - INFO - Kimi K3 pipeline: 4 stage(s) on this rank [1, 3, 5, 7], block transport delta with rank store, vision encodes decoupled
[rank0]:[rank0]:W0929 08:39:24.036000 103227 torch/distributed/tensor/_redistribute.py:394] While redistributing from (_StridedShard(dim=0, sf=2), Shard(dim=0)) to (Replicate(), Replicate()), 2 sequential all_gather operations will be performed. This is suboptimal: multiple collective operations have higher latency (separate kernel launches and synchronization points) and may give inconsistent results between ranks due to different reduction orders. it is not possible to merge non-ascending order all_gather operations.
[rank1]:[rank1]:W0929 08:39:24.145000 103228 torch/distributed/tensor/_redistribute.py:394] While redistributing from (_StridedShard(dim=0, sf=2), Shard(dim=0)) to (Replicate(), Replicate()), 2 sequential all_gather operations will be performed. This is suboptimal: multiple collective operations have higher latency (separate kernel launches and synchronization points) and may give inconsistent results between ranks due to different reduction orders. it is not possible to merge non-ascending order all_gather operations.
[rank3]:[rank3]:W0929 08:39:24.136000 103230 torch/distributed/tensor/_redistribute.py:394] While redistributing from (_StridedShard(dim=0, sf=2), Shard(dim=0)) to (Replicate(), Replicate()), 2 sequential all_gather operations will be performed. This is suboptimal: multiple collective operations have higher latency (separate kernel launches and synchronization points) and may give inconsistent results between ranks due to different reduction orders. it is not possible to merge non-ascending order all_gather operations.
[rank2]:[rank2]:W0929 08:39:24.587000 103229 torch/distributed/tensor/_redistribute.py:394] While redistributing from (_StridedShard(dim=0, sf=2), Shard(dim=0)) to (Replicate(), Replicate()), 2 sequential all_gather operations will be performed. This is suboptimal: multiple collective operations have higher latency (separate kernel launches and synchronization points) and may give inconsistent results between ranks due to different reduction orders. it is not possible to merge non-ascending order all_gather operations.
[rank3]:[rank3]:W0929 08:39:24.587000 103230 torch/distributed/tensor/_redistribute.py:394] While redistributing from (_StridedShard(dim=0, sf=2), Shard(dim=0)) to (Replicate(), Replicate()), 2 sequential all_gather operations will be performed. This is suboptimal: multiple collective operations have higher latency (separate kernel launches and synchronization points) and may give inconsistent results between ranks due to different reduction orders. it is not possible to merge non-ascending order all_gather operations.
[rank0]:[rank0]:W0929 08:39:24.653000 103227 torch/distributed/tensor/_redistribute.py:394] While redistributing from (_StridedShard(dim=0, sf=2), Shard(dim=0)) to (Replicate(), Replicate()), 2 sequential all_gather operations will be performed. This is suboptimal: multiple collective operations have higher latency (separate kernel launches and synchronization points) and may give inconsistent results between ranks due to different reduction orders. it is not possible to merge non-ascending order all_gather operations.
[rank1]:[rank1]:W0929 08:39:24.653000 103228 torch/distributed/tensor/_redistribute.py:394] While redistributing from (_StridedShard(dim=0, sf=2), Shard(dim=0)) to (Replicate(), Replicate()), 2 sequential all_gather operations will be performed. This is suboptimal: multiple collective operations have higher latency (separate kernel launches and synchronization points) and may give inconsistent results between ranks due to different reduction orders. it is not possible to merge non-ascending order all_gather operations.
[rank2]:[titan] 2026-09-29 08:39:25,168 - torchtitan.training_engine - INFO - Model KimiK3Model.Config size: 13,286,947,968 total parameters
[rank2]:[titan] 2026-09-29 08:39:25,170 - torchtitan.components.optimizer.optimizer - INFO - Optimizer AdamW (model_part=0): 78 params [.*] {'lr': 0.0008, 'betas': (0.9, 0.95), 'eps': 1e-08, 'weight_decay': 0.1, 'foreach': None, 'fused': True}
[rank2]:[titan] 2026-09-29 08:39:25,170 - torchtitan.components.optimizer.optimizer - INFO - Optimizer AdamW (model_part=1): 56 params [.*] {'lr': 0.0008, 'betas': (0.9, 0.95), 'eps': 1e-08, 'weight_decay': 0.1, 'foreach': None, 'fused': True}
[rank2]:[titan] 2026-09-29 08:39:25,171 - torchtitan.components.optimizer.optimizer - INFO - Optimizer AdamW (model_part=2): 56 params [.*] {'lr': 0.0008, 'betas': (0.9, 0.95), 'eps': 1e-08, 'weight_decay': 0.1, 'foreach': None, 'fused': True}
[rank2]:[titan] 2026-09-29 08:39:25,171 - torchtitan.components.optimizer.optimizer - INFO - Optimizer AdamW (model_part=3): 26 params [.*] {'lr': 0.0008, 'betas': (0.9, 0.95), 'eps': 1e-08, 'weight_decay': 0.1, 'foreach': None, 'fused': True}
[rank2]:[titan] 2026-09-29 08:39:25,172 - torchtitan.components.optimizer.lr_scheduler - WARNING - Warmup (2) + decay (2) steps exceed total steps (2). Adjusting decay steps to 0.
[rank2]:[titan] 2026-09-29 08:39:25,173 - torchtitan.observability.metrics - WARNING - [31mPipeline Parallel loss is not visible. Please add [33mrank 2[31m to LOG_RANK environment variable in run_train.sh.[39m
[rank2]:[titan] 2026-09-29 08:39:25,173 - torchtitan.trainer - INFO - Peak FLOPS used for computing MFU: 9.890e+14
[rank2]:[titan] 2026-09-29 08:39:25,173 - torchtitan.trainer - INFO - CUDA memory usage for model: 7.42GiB(9.37%)
[rank2]:[titan] 2026-09-29 08:39:25,173 - torchtitan.trainer - INFO - Trainer is initialized with 8192 tokens per DP rank, 8192 tokens per train step, gradient accumulation steps 1, maximum context length 2048, total steps 2 (warmup 2)
[rank2]:[titan] 2026-09-29 08:39:25,173 - torchtitan.trainer - INFO - Training starts at step 1
[rank3]:[titan] 2026-09-29 08:39:25,168 - torchtitan.training_engine - INFO - Model KimiK3Model.Config size: 13,286,947,968 total parameters
[rank3]:[titan] 2026-09-29 08:39:25,170 - torchtitan.components.optimizer.optimizer - INFO - Optimizer AdamW (model_part=0): 78 params [.*] {'lr': 0.0008, 'betas': (0.9, 0.95), 'eps': 1e-08, 'weight_decay': 0.1, 'foreach': None, 'fused': True}
[rank3]:[titan] 2026-09-29 08:39:25,170 - torchtitan.components.optimizer.optimizer - INFO - Optimizer AdamW (model_part=1): 56 params [.*] {'lr': 0.0008, 'betas': (0.9, 0.95), 'eps': 1e-08, 'weight_decay': 0.1, 'foreach': None, 'fused': True}
[rank3]:[titan] 2026-09-29 08:39:25,171 - torchtitan.components.optimizer.optimizer - INFO - Optimizer AdamW (model_part=2): 56 params [.*] {'lr': 0.0008, 'betas': (0.9, 0.95), 'eps': 1e-08, 'weight_decay': 0.1, 'foreach': None, 'fused': True}
[rank3]:[titan] 2026-09-29 08:39:25,171 - torchtitan.components.optimizer.optimizer - INFO - Optimizer AdamW (model_part=3): 26 params [.*] {'lr': 0.0008, 'betas': (0.9, 0.95), 'eps': 1e-08, 'weight_decay': 0.1, 'foreach': None, 'fused': True}
[rank3]:[titan] 2026-09-29 08:39:25,172 - torchtitan.components.optimizer.lr_scheduler - WARNING - Warmup (2) + decay (2) steps exceed total steps (2). Adjusting decay steps to 0.
[rank3]:[titan] 2026-09-29 08:39:25,173 - torchtitan.observability.metrics - WARNING - [31mPipeline Parallel loss is not visible. Please add [33mrank 2[31m to LOG_RANK environment variable in run_train.sh.[39m
[rank3]:[titan] 2026-09-29 08:39:25,173 - torchtitan.trainer - INFO - Peak FLOPS used for computing MFU: 9.890e+14
[rank3]:[titan] 2026-09-29 08:39:25,173 - torchtitan.trainer - INFO - CUDA memory usage for model: 7.42GiB(9.37%)
[rank3]:[titan] 2026-09-29 08:39:25,173 - torchtitan.trainer - INFO - Trainer is initialized with 8192 tokens per DP rank, 8192 tokens per train step, gradient accumulation steps 1, maximum context length 2048, total steps 2 (warmup 2)
[rank3]:[titan] 2026-09-29 08:39:25,173 - torchtitan.trainer - INFO - Training starts at step 1
[rank0]:[titan] 2026-09-29 08:39:25,274 - torchtitan.training_engine - INFO - Model KimiK3Model.Config size: 13,286,947,968 total parameters
[rank0]:[titan] 2026-09-29 08:39:25,275 - torchtitan.components.optimizer.optimizer - INFO - Optimizer AdamW (model_part=0): 71 params [.*] {'lr': 0.0008, 'betas': (0.9, 0.95), 'eps': 1e-08, 'weight_decay': 0.1, 'foreach': None, 'fused': True}
[rank0]:[titan] 2026-09-29 08:39:25,276 - torchtitan.components.optimizer.optimizer - INFO - Optimizer AdamW (model_part=1): 78 params [.*] {'lr': 0.0008, 'betas': (0.9, 0.95), 'eps': 1e-08, 'weight_decay': 0.1, 'foreach': None, 'fused': True}
[rank0]:[titan] 2026-09-29 08:39:25,276 - torchtitan.components.optimizer.optimizer - INFO - Optimizer AdamW (model_part=2): 50 params [.*] {'lr': 0.0008, 'betas': (0.9, 0.95), 'eps': 1e-08, 'weight_decay': 0.1, 'foreach': None, 'fused': True}
[rank0]:[titan] 2026-09-29 08:39:25,277 - torchtitan.components.optimizer.optimizer - INFO - Optimizer AdamW (model_part=3): 50 params [.*] {'lr': 0.0008, 'betas': (0.9, 0.95), 'eps': 1e-08, 'weight_decay': 0.1, 'foreach': None, 'fused': True}
[rank0]:[titan] 2026-09-29 08:39:25,278 - torchtitan.components.optimizer.lr_scheduler - WARNING - Warmup (2) + decay (2) steps exceed total steps (2). Adjusting decay steps to 0.
[rank0]:[titan] 2026-09-29 08:39:25,279 - torchtitan.observability.metrics - WARNING - [31mPipeline Parallel loss is not visible. Please add [33mrank 2[31m to LOG_RANK environment variable in run_train.sh.[39m
[rank0]:[titan] 2026-09-29 08:39:25,279 - torchtitan.trainer - INFO - Peak FLOPS used for computing MFU: 9.890e+14
[rank0]:[titan] 2026-09-29 08:39:25,279 - torchtitan.trainer - INFO - CUDA memory usage for model: 9.35GiB(11.80%)
[rank0]:[titan] 2026-09-29 08:39:25,279 - torchtitan.trainer - INFO - Trainer is initialized with 8192 tokens per DP rank, 8192 tokens per train step, gradient accumulation steps 1, maximum context length 2048, total steps 2 (warmup 2)
[rank0]:[titan] 2026-09-29 08:39:25,279 - torchtitan.trainer - INFO - Training starts at step 1
[rank1]:[titan] 2026-09-29 08:39:25,274 - torchtitan.training_engine - INFO - Model KimiK3Model.Config size: 13,286,947,968 total parameters
[rank1]:[titan] 2026-09-29 08:39:25,275 - torchtitan.components.optimizer.optimizer - INFO - Optimizer AdamW (model_part=0): 71 params [.*] {'lr': 0.0008, 'betas': (0.9, 0.95), 'eps': 1e-08, 'weight_decay': 0.1, 'foreach': None, 'fused': True}
[rank1]:[titan] 2026-09-29 08:39:25,276 - torchtitan.components.optimizer.optimizer - INFO - Optimizer AdamW (model_part=1): 78 params [.*] {'lr': 0.0008, 'betas': (0.9, 0.95), 'eps': 1e-08, 'weight_decay': 0.1, 'foreach': None, 'fused': True}
[rank1]:[titan] 2026-09-29 08:39:25,276 - torchtitan.components.optimizer.optimizer - INFO - Optimizer AdamW (model_part=2): 50 params [.*] {'lr': 0.0008, 'betas': (0.9, 0.95), 'eps': 1e-08, 'weight_decay': 0.1, 'foreach': None, 'fused': True}
[rank1]:[titan] 2026-09-29 08:39:25,277 - torchtitan.components.optimizer.optimizer - INFO - Optimizer AdamW (model_part=3): 50 params [.*] {'lr': 0.0008, 'betas': (0.9, 0.95), 'eps': 1e-08, 'weight_decay': 0.1, 'foreach': None, 'fused': True}
[rank1]:[titan] 2026-09-29 08:39:25,278 - torchtitan.components.optimizer.lr_scheduler - WARNING - Warmup (2) + decay (2) steps exceed total steps (2). Adjusting decay steps to 0.
[rank1]:[titan] 2026-09-29 08:39:25,279 - torchtitan.observability.metrics - WARNING - [31mPipeline Parallel loss is not visible. Please add [33mrank 2[31m to LOG_RANK environment variable in run_train.sh.[39m
[rank1]:[titan] 2026-09-29 08:39:25,279 - torchtitan.trainer - INFO - Peak FLOPS used for computing MFU: 9.890e+14
[rank1]:[titan] 2026-09-29 08:39:25,279 - torchtitan.trainer - INFO - CUDA memory usage for model: 9.35GiB(11.80%)
[rank1]:[titan] 2026-09-29 08:39:25,279 - torchtitan.trainer - INFO - Trainer is initialized with 8192 tokens per DP rank, 8192 tokens per train step, gradient accumulation steps 1, maximum context length 2048, total steps 2 (warmup 2)
[rank1]:[titan] 2026-09-29 08:39:25,279 - torchtitan.trainer - INFO - Training starts at step 1
[rank2]:[titan] 2026-09-29 08:39:32,793 - torchtitan.models.kimi_k3.pipeline_parallel.vision_dep - INFO - vision_dep: 4 micro-batch(es) with images; encodes 3 before the schedule, 1 in idle slots; backwards 0 in idle slots, 4 after it
[rank3]:[titan] 2026-09-29 08:39:32,779 - torchtitan.models.kimi_k3.pipeline_parallel.vision_dep - INFO - vision_dep: 4 micro-batch(es) with images; encodes 3 before the schedule, 1 in idle slots; backwards 0 in idle slots, 4 after it
[rank1]:[titan] 2026-09-29 08:39:32,779 - torchtitan.models.kimi_k3.pipeline_parallel.vision_dep - INFO - vision_dep: 4 micro-batch(es) with images; encodes 3 before the schedule, 1 in idle slots; backwards 0 in idle slots, 4 after it
[rank0]:[titan] 2026-09-29 08:39:32,793 - torchtitan.models.kimi_k3.pipeline_parallel.vision_dep - INFO - vision_dep: 4 micro-batch(es) with images; encodes 3 before the schedule, 1 in idle slots; backwards 0 in idle slots, 4 after it
[rank0]:Autotune Choices Stats:
[rank0]:{"num_choices": 7, "num_triton_choices": 7, "best_kernel": "triton_flex_attention_5", "best_kernel_desc": "BLOCKS_ARE_CONTIGUOUS=False, BLOCK_M=64, BLOCK_N=64, FLOAT32_PRECISION=\"'ieee'\", GQA_SHARED_HEADS=1, HAS_FULL_BLOCKS=True, IS_DIVISIBLE=False, OUTPUT_LOGSUMEXP=False, OUTPUT_MAX=False, PRESCALE_QK=False, QK_HEAD_DIM=128, QK_HEAD_DIM_ROUNDED=128, ROWS_GUARANTEED_SAFE=False, SAFE_HEAD_DIM=True, SM_SCALE=0.08838834764831843, SPARSE_KV_BLOCK_SIZE=128, SPARSE_Q_BLOCK_SIZE=128, USE_TMA=False, V_HEAD_DIM=128, V_HEAD_DIM_ROUNDED=128, WRITE_DQ=True, num_stages=3, num_warps=4", "best_time": 0.018112000077962875, "best_triton_pos": 0}
[rank2]:Autotune Choices Stats:
[rank0]:AUTOTUNE flex_attention(1x48x192x128, 1x48x192x128, 1x48x192x128, 1x48x192, 1x48x192, 1x1x2, 1x1x2x2, 1x1x2, 1x1x2x2, 192)
[rank0]:strides: [6144, 128, 6144, 1], [6144, 128, 6144, 1], [6144, 128, 6144, 1], [9216, 192, 1], [9216, 192, 1], [s99, s99, 1], [s22*s72, s22*s72, s72, 1], [s94, s94, 1], [s28*s4, s28*s4, s4, 1], [1]
[rank0]:dtypes: torch.bfloat16, torch.bfloat16, torch.bfloat16, torch.float32, torch.float32, torch.int32, torch.int32, torch.int32, torch.int32, torch.int32
[rank2]:{"num_choices": 7, "num_triton_choices": 7, "best_kernel": "triton_flex_attention_5", "best_kernel_desc": "BLOCKS_ARE_CONTIGUOUS=False, BLOCK_M=64, BLOCK_N=64, FLOAT32_PRECISION=\"'ieee'\", GQA_SHARED_HEADS=1, HAS_FULL_BLOCKS=True, IS_DIVISIBLE=False, OUTPUT_LOGSUMEXP=False, OUTPUT_MAX=False, PRESCALE_QK=False, QK_HEAD_DIM=128, QK_HEAD_DIM_ROUNDED=128, ROWS_GUARANTEED_SAFE=False, SAFE_HEAD_DIM=True, SM_SCALE=0.08838834764831843, SPARSE_KV_BLOCK_SIZE=128, SPARSE_Q_BLOCK_SIZE=128, USE_TMA=False, V_HEAD_DIM=128, V_HEAD_DIM_ROUNDED=128, WRITE_DQ=True, num_stages=3, num_warps=4", "best_time": 0.017311999574303627, "best_triton_pos": 0}
[rank2]:AUTOTUNE flex_attention(1x48x160x128, 1x48x160x128, 1x48x160x128, 1x48x160, 1x48x160, 1x1x2, 1x1x2x2, 1x1x2, 1x1x2x2, 160)
[rank0]:  triton_flex_attention_5 0.0181 ms 100.0% BLOCKS_ARE_CONTIGUOUS=False, BLOCK_M=64, BLOCK_N=64, FLOAT32_PRECISION="'ieee'", GQA_SHARED_HEADS=1, HAS_FULL_BLOCKS=True, IS_DIVISIBLE=False, OUTPUT_LOGSUMEXP=False, OUTPUT_MAX=False, PRESCALE_QK=False, QK_HEAD_DIM=128, QK_HEAD_DIM_ROUNDED=128, ROWS_GUARANTEED_SAFE=False, SAFE_HEAD_DIM=True, SM_SCALE=0.08838834764831843, SPARSE_KV_BLOCK_SIZE=128, SPARSE_Q_BLOCK_SIZE=128, USE_TMA=False, V_HEAD_DIM=128, V_HEAD_DIM_ROUNDED=128, WRITE_DQ=True, num_stages=3, num_warps=4
[rank0]:  triton_flex_attention_6 0.0192 ms 94.5% BLOCKS_ARE_CONTIGUOUS=False, BLOCK_M=128, BLOCK_N=64, FLOAT32_PRECISION="'ieee'", GQA_SHARED_HEADS=1, HAS_FULL_BLOCKS=True, IS_DIVISIBLE=False, OUTPUT_LOGSUMEXP=False, OUTPUT_MAX=False, PRESCALE_QK=False, QK_HEAD_DIM=128, QK_HEAD_DIM_ROUNDED=128, ROWS_GUARANTEED_SAFE=False, SAFE_HEAD_DIM=True, SM_SCALE=0.08838834764831843, SPARSE_KV_BLOCK_SIZE=128, SPARSE_Q_BLOCK_SIZE=128, USE_TMA=False, V_HEAD_DIM=128, V_HEAD_DIM_ROUNDED=128, WRITE_DQ=True, num_stages=3, num_warps=8
[rank2]:strides: [6144, 128, 6144, 1], [6144, 128, 6144, 1], [6144, 128, 6144, 1], [7680, 160, 1], [7680, 160, 1], [s99, s99, 1], [s22*s72, s22*s72, s72, 1], [s94, s94, 1], [s28*s4, s28*s4, s4, 1], [1]
[rank0]:  triton_flex_attention_0 0.0220 ms 82.3% BLOCKS_ARE_CONTIGUOUS=False, BLOCK_M=128, BLOCK_N=64, FLOAT32_PRECISION="'ieee'", GQA_SHARED_HEADS=1, HAS_FULL_BLOCKS=True, IS_DIVISIBLE=False, OUTPUT_LOGSUMEXP=False, OUTPUT_MAX=False, PRESCALE_QK=False, QK_HEAD_DIM=128, QK_HEAD_DIM_ROUNDED=128, ROWS_GUARANTEED_SAFE=False, SAFE_HEAD_DIM=True, SM_SCALE=0.08838834764831843, SPARSE_KV_BLOCK_SIZE=128, SPARSE_Q_BLOCK_SIZE=128, USE_TMA=False, V_HEAD_DIM=128, V_HEAD_DIM_ROUNDED=128, WRITE_DQ=True, num_stages=3, num_warps=4
[rank2]:dtypes: torch.bfloat16, torch.bfloat16, torch.bfloat16, torch.float32, torch.float32, torch.int32, torch.int32, torch.int32, torch.int32, torch.int32
[rank0]:  triton_flex_attention_2 0.0224 ms 81.0% BLOCKS_ARE_CONTIGUOUS=False, BLOCK_M=128, BLOCK_N=128, FLOAT32_PRECISION="'ieee'", GQA_SHARED_HEADS=1, HAS_FULL_BLOCKS=True, IS_DIVISIBLE=False, OUTPUT_LOGSUMEXP=False, OUTPUT_MAX=False, PRESCALE_QK=False, QK_HEAD_DIM=128, QK_HEAD_DIM_ROUNDED=128, ROWS_GUARANTEED_SAFE=False, SAFE_HEAD_DIM=True, SM_SCALE=0.08838834764831843, SPARSE_KV_BLOCK_SIZE=128, SPARSE_Q_BLOCK_SIZE=128, USE_TMA=False, V_HEAD_DIM=128, V_HEAD_DIM_ROUNDED=128, WRITE_DQ=True, num_stages=2, num_warps=8
[rank2]:  triton_flex_attention_5 0.0173 ms 100.0% BLOCKS_ARE_CONTIGUOUS=False, BLOCK_M=64, BLOCK_N=64, FLOAT32_PRECISION="'ieee'", GQA_SHARED_HEADS=1, HAS_FULL_BLOCKS=True, IS_DIVISIBLE=False, OUTPUT_LOGSUMEXP=False, OUTPUT_MAX=False, PRESCALE_QK=False, QK_HEAD_DIM=128, QK_HEAD_DIM_ROUNDED=128, ROWS_GUARANTEED_SAFE=False, SAFE_HEAD_DIM=True, SM_SCALE=0.08838834764831843, SPARSE_KV_BLOCK_SIZE=128, SPARSE_Q_BLOCK_SIZE=128, USE_TMA=False, V_HEAD_DIM=128, V_HEAD_DIM_ROUNDED=128, WRITE_DQ=True, num_stages=3, num_warps=4
[rank0]:  triton_flex_attention_3 0.0234 ms 77.4% BLOCKS_ARE_CONTIGUOUS=False, BLOCK_M=128, BLOCK_N=128, FLOAT32_PRECISION="'ieee'", GQA_SHARED_HEADS=1, HAS_FULL_BLOCKS=True, IS_DIVISIBLE=False, OUTPUT_LOGSUMEXP=False, OUTPUT_MAX=False, PRESCALE_QK=False, QK_HEAD_DIM=128, QK_HEAD_DIM_ROUNDED=128, ROWS_GUARANTEED_SAFE=False, SAFE_HEAD_DIM=True, SM_SCALE=0.08838834764831843, SPARSE_KV_BLOCK_SIZE=128, SPARSE_Q_BLOCK_SIZE=128, USE_TMA=False, V_HEAD_DIM=128, V_HEAD_DIM_ROUNDED=128, WRITE_DQ=True, num_stages=1, num_warps=8
[rank0]:  triton_flex_attention_4 0.0271 ms 66.7% BLOCKS_ARE_CONTIGUOUS=False, BLOCK_M=64, BLOCK_N=128, FLOAT32_PRECISION="'ieee'", GQA_SHARED_HEADS=1, HAS_FULL_BLOCKS=True, IS_DIVISIBLE=False, OUTPUT_LOGSUMEXP=False, OUTPUT_MAX=False, PRESCALE_QK=False, QK_HEAD_DIM=128, QK_HEAD_DIM_ROUNDED=128, ROWS_GUARANTEED_SAFE=False, SAFE_HEAD_DIM=True, SM_SCALE=0.08838834764831843, SPARSE_KV_BLOCK_SIZE=128, SPARSE_Q_BLOCK_SIZE=128, USE_TMA=False, V_HEAD_DIM=128, V_HEAD_DIM_ROUNDED=128, WRITE_DQ=True, num_stages=3, num_warps=4
[rank2]:  triton_flex_attention_6 0.0186 ms 93.1% BLOCKS_ARE_CONTIGUOUS=False, BLOCK_M=128, BLOCK_N=64, FLOAT32_PRECISION="'ieee'", GQA_SHARED_HEADS=1, HAS_FULL_BLOCKS=True, IS_DIVISIBLE=False, OUTPUT_LOGSUMEXP=False, OUTPUT_MAX=False, PRESCALE_QK=False, QK_HEAD_DIM=128, QK_HEAD_DIM_ROUNDED=128, ROWS_GUARANTEED_SAFE=False, SAFE_HEAD_DIM=True, SM_SCALE=0.08838834764831843, SPARSE_KV_BLOCK_SIZE=128, SPARSE_Q_BLOCK_SIZE=128, USE_TMA=False, V_HEAD_DIM=128, V_HEAD_DIM_ROUNDED=128, WRITE_DQ=True, num_stages=3, num_warps=8
[rank2]:  triton_flex_attention_2 0.0218 ms 79.3% BLOCKS_ARE_CONTIGUOUS=False, BLOCK_M=128, BLOCK_N=128, FLOAT32_PRECISION="'ieee'", GQA_SHARED_HEADS=1, HAS_FULL_BLOCKS=True, IS_DIVISIBLE=False, OUTPUT_LOGSUMEXP=False, OUTPUT_MAX=False, PRESCALE_QK=False, QK_HEAD_DIM=128, QK_HEAD_DIM_ROUNDED=128, ROWS_GUARANTEED_SAFE=False, SAFE_HEAD_DIM=True, SM_SCALE=0.08838834764831843, SPARSE_KV_BLOCK_SIZE=128, SPARSE_Q_BLOCK_SIZE=128, USE_TMA=False, V_HEAD_DIM=128, V_HEAD_DIM_ROUNDED=128, WRITE_DQ=True, num_stages=2, num_warps=8
[rank0]:  triton_flex_attention_1 0.0314 ms 57.6% BLOCKS_ARE_CONTIGUOUS=False, BLOCK_M=128, BLOCK_N=128, FLOAT32_PRECISION="'ieee'", GQA_SHARED_HEADS=1, HAS_FULL_BLOCKS=True, IS_DIVISIBLE=False, OUTPUT_LOGSUMEXP=False, OUTPUT_MAX=False, PRESCALE_QK=False, QK_HEAD_DIM=128, QK_HEAD_DIM_ROUNDED=128, ROWS_GUARANTEED_SAFE=False, SAFE_HEAD_DIM=True, SM_SCALE=0.08838834764831843, SPARSE_KV_BLOCK_SIZE=128, SPARSE_Q_BLOCK_SIZE=128, USE_TMA=False, V_HEAD_DIM=128, V_HEAD_DIM_ROUNDED=128, WRITE_DQ=True, num_stages=3, num_warps=4
[rank2]:  triton_flex_attention_3 0.0222 ms 77.8% BLOCKS_ARE_CONTIGUOUS=False, BLOCK_M=128, BLOCK_N=128, FLOAT32_PRECISION="'ieee'", GQA_SHARED_HEADS=1, HAS_FULL_BLOCKS=True, IS_DIVISIBLE=False, OUTPUT_LOGSUMEXP=False, OUTPUT_MAX=False, PRESCALE_QK=False, QK_HEAD_DIM=128, QK_HEAD_DIM_ROUNDED=128, ROWS_GUARANTEED_SAFE=False, SAFE_HEAD_DIM=True, SM_SCALE=0.08838834764831843, SPARSE_KV_BLOCK_SIZE=128, SPARSE_Q_BLOCK_SIZE=128, USE_TMA=False, V_HEAD_DIM=128, V_HEAD_DIM_ROUNDED=128, WRITE_DQ=True, num_stages=1, num_warps=8
[rank0]:SingleProcess AUTOTUNE benchmarking takes 0.1209 seconds and 2.3675 seconds precompiling for 7 choices
[rank2]:  triton_flex_attention_0 0.0226 ms 76.7% BLOCKS_ARE_CONTIGUOUS=False, BLOCK_M=128, BLOCK_N=64, FLOAT32_PRECISION="'ieee'", GQA_SHARED_HEADS=1, HAS_FULL_BLOCKS=True, IS_DIVISIBLE=False, OUTPUT_LOGSUMEXP=False, OUTPUT_MAX=False, PRESCALE_QK=False, QK_HEAD_DIM=128, QK_HEAD_DIM_ROUNDED=128, ROWS_GUARANTEED_SAFE=False, SAFE_HEAD_DIM=True, SM_SCALE=0.08838834764831843, SPARSE_KV_BLOCK_SIZE=128, SPARSE_Q_BLOCK_SIZE=128, USE_TMA=False, V_HEAD_DIM=128, V_HEAD_DIM_ROUNDED=128, WRITE_DQ=True, num_stages=3, num_warps=4
[rank2]:  triton_flex_attention_4 0.0261 ms 66.3% BLOCKS_ARE_CONTIGUOUS=False, BLOCK_M=64, BLOCK_N=128, FLOAT32_PRECISION="'ieee'", GQA_SHARED_HEADS=1, HAS_FULL_BLOCKS=True, IS_DIVISIBLE=False, OUTPUT_LOGSUMEXP=False, OUTPUT_MAX=False, PRESCALE_QK=False, QK_HEAD_DIM=128, QK_HEAD_DIM_ROUNDED=128, ROWS_GUARANTEED_SAFE=False, SAFE_HEAD_DIM=True, SM_SCALE=0.08838834764831843, SPARSE_KV_BLOCK_SIZE=128, SPARSE_Q_BLOCK_SIZE=128, USE_TMA=False, V_HEAD_DIM=128, V_HEAD_DIM_ROUNDED=128, WRITE_DQ=True, num_stages=3, num_warps=4
[rank2]:  triton_flex_attention_1 0.0297 ms 58.3% BLOCKS_ARE_CONTIGUOUS=False, BLOCK_M=128, BLOCK_N=128, FLOAT32_PRECISION="'ieee'", GQA_SHARED_HEADS=1, HAS_FULL_BLOCKS=True, IS_DIVISIBLE=False, OUTPUT_LOGSUMEXP=False, OUTPUT_MAX=False, PRESCALE_QK=False, QK_HEAD_DIM=128, QK_HEAD_DIM_ROUNDED=128, ROWS_GUARANTEED_SAFE=False, SAFE_HEAD_DIM=True, SM_SCALE=0.08838834764831843, SPARSE_KV_BLOCK_SIZE=128, SPARSE_Q_BLOCK_SIZE=128, USE_TMA=False, V_HEAD_DIM=128, V_HEAD_DIM_ROUNDED=128, WRITE_DQ=True, num_stages=3, num_warps=4
[rank2]:SingleProcess AUTOTUNE benchmarking takes 0.1183 seconds and 2.3733 seconds precompiling for 7 choices
[rank1]:Autotune Choices Stats:
[rank1]:{"num_choices": 7, "num_triton_choices": 7, "best_kernel": "triton_flex_attention_5", "best_kernel_desc": "BLOCKS_ARE_CONTIGUOUS=False, BLOCK_M=64, BLOCK_N=64, FLOAT32_PRECISION=\"'ieee'\", GQA_SHARED_HEADS=1, HAS_FULL_BLOCKS=True, IS_DIVISIBLE=False, OUTPUT_LOGSUMEXP=False, OUTPUT_MAX=False, PRESCALE_QK=False, QK_HEAD_DIM=128, QK_HEAD_DIM_ROUNDED=128, ROWS_GUARANTEED_SAFE=False, SAFE_HEAD_DIM=True, SM_SCALE=0.08838834764831843, SPARSE_KV_BLOCK_SIZE=128, SPARSE_Q_BLOCK_SIZE=128, USE_TMA=False, V_HEAD_DIM=128, V_HEAD_DIM_ROUNDED=128, WRITE_DQ=True, num_stages=3, num_warps=4", "best_time": 0.017664000391960144, "best_triton_pos": 0}
[rank1]:AUTOTUNE flex_attention(1x48x192x128, 1x48x192x128, 1x48x192x128, 1x48x192, 1x48x192, 1x1x2, 1x1x2x2, 1x1x2, 1x1x2x2, 192)
[rank1]:strides: [6144, 128, 6144, 1], [6144, 128, 6144, 1], [6144, 128, 6144, 1], [9216, 192, 1], [9216, 192, 1], [s99, s99, 1], [s22*s72, s22*s72, s72, 1], [s94, s94, 1], [s28*s4, s28*s4, s4, 1], [1]
[rank1]:dtypes: torch.bfloat16, torch.bfloat16, torch.bfloat16, torch.float32, torch.float32, torch.int32, torch.int32, torch.int32, torch.int32, torch.int32
[rank1]:  triton_flex_attention_5 0.0177 ms 100.0% BLOCKS_ARE_CONTIGUOUS=False, BLOCK_M=64, BLOCK_N=64, FLOAT32_PRECISION="'ieee'", GQA_SHARED_HEADS=1, HAS_FULL_BLOCKS=True, IS_DIVISIBLE=False, OUTPUT_LOGSUMEXP=False, OUTPUT_MAX=False, PRESCALE_QK=False, QK_HEAD_DIM=128, QK_HEAD_DIM_ROUNDED=128, ROWS_GUARANTEED_SAFE=False, SAFE_HEAD_DIM=True, SM_SCALE=0.08838834764831843, SPARSE_KV_BLOCK_SIZE=128, SPARSE_Q_BLOCK_SIZE=128, USE_TMA=False, V_HEAD_DIM=128, V_HEAD_DIM_ROUNDED=128, WRITE_DQ=True, num_stages=3, num_warps=4
[rank1]:  triton_flex_attention_6 0.0188 ms 94.2% BLOCKS_ARE_CONTIGUOUS=False, BLOCK_M=128, BLOCK_N=64, FLOAT32_PRECISION="'ieee'", GQA_SHARED_HEADS=1, HAS_FULL_BLOCKS=True, IS_DIVISIBLE=False, OUTPUT_LOGSUMEXP=False, OUTPUT_MAX=False, PRESCALE_QK=False, QK_HEAD_DIM=128, QK_HEAD_DIM_ROUNDED=128, ROWS_GUARANTEED_SAFE=False, SAFE_HEAD_DIM=True, SM_SCALE=0.08838834764831843, SPARSE_KV_BLOCK_SIZE=128, SPARSE_Q_BLOCK_SIZE=128, USE_TMA=False, V_HEAD_DIM=128, V_HEAD_DIM_ROUNDED=128, WRITE_DQ=True, num_stages=3, num_warps=8
[rank1]:  triton_flex_attention_0 0.0217 ms 81.5% BLOCKS_ARE_CONTIGUOUS=False, BLOCK_M=128, BLOCK_N=64, FLOAT32_PRECISION="'ieee'", GQA_SHARED_HEADS=1, HAS_FULL_BLOCKS=True, IS_DIVISIBLE=False, OUTPUT_LOGSUMEXP=False, OUTPUT_MAX=False, PRESCALE_QK=False, QK_HEAD_DIM=128, QK_HEAD_DIM_ROUNDED=128, ROWS_GUARANTEED_SAFE=False, SAFE_HEAD_DIM=True, SM_SCALE=0.08838834764831843, SPARSE_KV_BLOCK_SIZE=128, SPARSE_Q_BLOCK_SIZE=128, USE_TMA=False, V_HEAD_DIM=128, V_HEAD_DIM_ROUNDED=128, WRITE_DQ=True, num_stages=3, num_warps=4
[rank1]:  triton_flex_attention_2 0.0221 ms 79.9% BLOCKS_ARE_CONTIGUOUS=False, BLOCK_M=128, BLOCK_N=128, FLOAT32_PRECISION="'ieee'", GQA_SHARED_HEADS=1, HAS_FULL_BLOCKS=True, IS_DIVISIBLE=False, OUTPUT_LOGSUMEXP=False, OUTPUT_MAX=False, PRESCALE_QK=False, QK_HEAD_DIM=128, QK_HEAD_DIM_ROUNDED=128, ROWS_GUARANTEED_SAFE=False, SAFE_HEAD_DIM=True, SM_SCALE=0.08838834764831843, SPARSE_KV_BLOCK_SIZE=128, SPARSE_Q_BLOCK_SIZE=128, USE_TMA=False, V_HEAD_DIM=128, V_HEAD_DIM_ROUNDED=128, WRITE_DQ=True, num_stages=2, num_warps=8
[rank1]:  triton_flex_attention_3 0.0232 ms 76.1% BLOCKS_ARE_CONTIGUOUS=False, BLOCK_M=128, BLOCK_N=128, FLOAT32_PRECISION="'ieee'", GQA_SHARED_HEADS=1, HAS_FULL_BLOCKS=True, IS_DIVISIBLE=False, OUTPUT_LOGSUMEXP=False, OUTPUT_MAX=False, PRESCALE_QK=False, QK_HEAD_DIM=128, QK_HEAD_DIM_ROUNDED=128, ROWS_GUARANTEED_SAFE=False, SAFE_HEAD_DIM=True, SM_SCALE=0.08838834764831843, SPARSE_KV_BLOCK_SIZE=128, SPARSE_Q_BLOCK_SIZE=128, USE_TMA=False, V_HEAD_DIM=128, V_HEAD_DIM_ROUNDED=128, WRITE_DQ=True, num_stages=1, num_warps=8
[rank1]:  triton_flex_attention_4 0.0268 ms 66.0% BLOCKS_ARE_CONTIGUOUS=False, BLOCK_M=64, BLOCK_N=128, FLOAT32_PRECISION="'ieee'", GQA_SHARED_HEADS=1, HAS_FULL_BLOCKS=True, IS_DIVISIBLE=False, OUTPUT_LOGSUMEXP=False, OUTPUT_MAX=False, PRESCALE_QK=False, QK_HEAD_DIM=128, QK_HEAD_DIM_ROUNDED=128, ROWS_GUARANTEED_SAFE=False, SAFE_HEAD_DIM=True, SM_SCALE=0.08838834764831843, SPARSE_KV_BLOCK_SIZE=128, SPARSE_Q_BLOCK_SIZE=128, USE_TMA=False, V_HEAD_DIM=128, V_HEAD_DIM_ROUNDED=128, WRITE_DQ=True, num_stages=3, num_warps=4
[rank1]:  triton_flex_attention_1 0.0311 ms 56.7% BLOCKS_ARE_CONTIGUOUS=False, BLOCK_M=128, BLOCK_N=128, FLOAT32_PRECISION="'ieee'", GQA_SHARED_HEADS=1, HAS_FULL_BLOCKS=True, IS_DIVISIBLE=False, OUTPUT_LOGSUMEXP=False, OUTPUT_MAX=False, PRESCALE_QK=False, QK_HEAD_DIM=128, QK_HEAD_DIM_ROUNDED=128, ROWS_GUARANTEED_SAFE=False, SAFE_HEAD_DIM=True, SM_SCALE=0.08838834764831843, SPARSE_KV_BLOCK_SIZE=128, SPARSE_Q_BLOCK_SIZE=128, USE_TMA=False, V_HEAD_DIM=128, V_HEAD_DIM_ROUNDED=128, WRITE_DQ=True, num_stages=3, num_warps=4
[rank1]:SingleProcess AUTOTUNE benchmarking takes 0.1164 seconds and 2.3387 seconds precompiling for 7 choices
[rank3]:Autotune Choices Stats:
[rank3]:{"num_choices": 7, "num_triton_choices": 7, "best_kernel": "triton_flex_attention_5", "best_kernel_desc": "BLOCKS_ARE_CONTIGUOUS=False, BLOCK_M=64, BLOCK_N=64, FLOAT32_PRECISION=\"'ieee'\", GQA_SHARED_HEADS=1, HAS_FULL_BLOCKS=True, IS_DIVISIBLE=False, OUTPUT_LOGSUMEXP=False, OUTPUT_MAX=False, PRESCALE_QK=False, QK_HEAD_DIM=128, QK_HEAD_DIM_ROUNDED=128, ROWS_GUARANTEED_SAFE=False, SAFE_HEAD_DIM=True, SM_SCALE=0.08838834764831843, SPARSE_KV_BLOCK_SIZE=128, SPARSE_Q_BLOCK_SIZE=128, USE_TMA=False, V_HEAD_DIM=128, V_HEAD_DIM_ROUNDED=128, WRITE_DQ=True, num_stages=3, num_warps=4", "best_time": 0.017343999817967415, "best_triton_pos": 0}
[rank3]:AUTOTUNE flex_attention(1x48x160x128, 1x48x160x128, 1x48x160x128, 1x48x160, 1x48x160, 1x1x2, 1x1x2x2, 1x1x2, 1x1x2x2, 160)
[rank3]:strides: [6144, 128, 6144, 1], [6144, 128, 6144, 1], [6144, 128, 6144, 1], [7680, 160, 1], [7680, 160, 1], [s99, s99, 1], [s22*s72, s22*s72, s72, 1], [s94, s94, 1], [s28*s4, s28*s4, s4, 1], [1]
[rank3]:dtypes: torch.bfloat16, torch.bfloat16, torch.bfloat16, torch.float32, torch.float32, torch.int32, torch.int32, torch.int32, torch.int32, torch.int32
[rank3]:  triton_flex_attention_5 0.0173 ms 100.0% BLOCKS_ARE_CONTIGUOUS=False, BLOCK_M=64, BLOCK_N=64, FLOAT32_PRECISION="'ieee'", GQA_SHARED_HEADS=1, HAS_FULL_BLOCKS=True, IS_DIVISIBLE=False, OUTPUT_LOGSUMEXP=False, OUTPUT_MAX=False, PRESCALE_QK=False, QK_HEAD_DIM=128, QK_HEAD_DIM_ROUNDED=128, ROWS_GUARANTEED_SAFE=False, SAFE_HEAD_DIM=True, SM_SCALE=0.08838834764831843, SPARSE_KV_BLOCK_SIZE=128, SPARSE_Q_BLOCK_SIZE=128, USE_TMA=False, V_HEAD_DIM=128, V_HEAD_DIM_ROUNDED=128, WRITE_DQ=True, num_stages=3, num_warps=4
[rank3]:  triton_flex_attention_6 0.0186 ms 93.3% BLOCKS_ARE_CONTIGUOUS=False, BLOCK_M=128, BLOCK_N=64, FLOAT32_PRECISION="'ieee'", GQA_SHARED_HEADS=1, HAS_FULL_BLOCKS=True, IS_DIVISIBLE=False, OUTPUT_LOGSUMEXP=False, OUTPUT_MAX=False, PRESCALE_QK=False, QK_HEAD_DIM=128, QK_HEAD_DIM_ROUNDED=128, ROWS_GUARANTEED_SAFE=False, SAFE_HEAD_DIM=True, SM_SCALE=0.08838834764831843, SPARSE_KV_BLOCK_SIZE=128, SPARSE_Q_BLOCK_SIZE=128, USE_TMA=False, V_HEAD_DIM=128, V_HEAD_DIM_ROUNDED=128, WRITE_DQ=True, num_stages=3, num_warps=8
[rank3]:  triton_flex_attention_2 0.0220 ms 78.9% BLOCKS_ARE_CONTIGUOUS=False, BLOCK_M=128, BLOCK_N=128, FLOAT32_PRECISION="'ieee'", GQA_SHARED_HEADS=1, HAS_FULL_BLOCKS=True, IS_DIVISIBLE=False, OUTPUT_LOGSUMEXP=False, OUTPUT_MAX=False, PRESCALE_QK=False, QK_HEAD_DIM=128, QK_HEAD_DIM_ROUNDED=128, ROWS_GUARANTEED_SAFE=False, SAFE_HEAD_DIM=True, SM_SCALE=0.08838834764831843, SPARSE_KV_BLOCK_SIZE=128, SPARSE_Q_BLOCK_SIZE=128, USE_TMA=False, V_HEAD_DIM=128, V_HEAD_DIM_ROUNDED=128, WRITE_DQ=True, num_stages=2, num_warps=8
[rank3]:  triton_flex_attention_0 0.0226 ms 76.9% BLOCKS_ARE_CONTIGUOUS=False, BLOCK_M=128, BLOCK_N=64, FLOAT32_PRECISION="'ieee'", GQA_SHARED_HEADS=1, HAS_FULL_BLOCKS=True, IS_DIVISIBLE=False, OUTPUT_LOGSUMEXP=False, OUTPUT_MAX=False, PRESCALE_QK=False, QK_HEAD_DIM=128, QK_HEAD_DIM_ROUNDED=128, ROWS_GUARANTEED_SAFE=False, SAFE_HEAD_DIM=True, SM_SCALE=0.08838834764831843, SPARSE_KV_BLOCK_SIZE=128, SPARSE_Q_BLOCK_SIZE=128, USE_TMA=False, V_HEAD_DIM=128, V_HEAD_DIM_ROUNDED=128, WRITE_DQ=True, num_stages=3, num_warps=4
[rank3]:  triton_flex_attention_3 0.0226 ms 76.9% BLOCKS_ARE_CONTIGUOUS=False, BLOCK_M=128, BLOCK_N=128, FLOAT32_PRECISION="'ieee'", GQA_SHARED_HEADS=1, HAS_FULL_BLOCKS=True, IS_DIVISIBLE=False, OUTPUT_LOGSUMEXP=False, OUTPUT_MAX=False, PRESCALE_QK=False, QK_HEAD_DIM=128, QK_HEAD_DIM_ROUNDED=128, ROWS_GUARANTEED_SAFE=False, SAFE_HEAD_DIM=True, SM_SCALE=0.08838834764831843, SPARSE_KV_BLOCK_SIZE=128, SPARSE_Q_BLOCK_SIZE=128, USE_TMA=False, V_HEAD_DIM=128, V_HEAD_DIM_ROUNDED=128, WRITE_DQ=True, num_stages=1, num_warps=8
[rank3]:  triton_flex_attention_4 0.0265 ms 65.4% BLOCKS_ARE_CONTIGUOUS=False, BLOCK_M=64, BLOCK_N=128, FLOAT32_PRECISION="'ieee'", GQA_SHARED_HEADS=1, HAS_FULL_BLOCKS=True, IS_DIVISIBLE=False, OUTPUT_LOGSUMEXP=False, OUTPUT_MAX=False, PRESCALE_QK=False, QK_HEAD_DIM=128, QK_HEAD_DIM_ROUNDED=128, ROWS_GUARANTEED_SAFE=False, SAFE_HEAD_DIM=True, SM_SCALE=0.08838834764831843, SPARSE_KV_BLOCK_SIZE=128, SPARSE_Q_BLOCK_SIZE=128, USE_TMA=False, V_HEAD_DIM=128, V_HEAD_DIM_ROUNDED=128, WRITE_DQ=True, num_stages=3, num_warps=4
[rank3]:  triton_flex_attention_1 0.0302 ms 57.4% BLOCKS_ARE_CONTIGUOUS=False, BLOCK_M=128, BLOCK_N=128, FLOAT32_PRECISION="'ieee'", GQA_SHARED_HEADS=1, HAS_FULL_BLOCKS=True, IS_DIVISIBLE=False, OUTPUT_LOGSUMEXP=False, OUTPUT_MAX=False, PRESCALE_QK=False, QK_HEAD_DIM=128, QK_HEAD_DIM_ROUNDED=128, ROWS_GUARANTEED_SAFE=False, SAFE_HEAD_DIM=True, SM_SCALE=0.08838834764831843, SPARSE_KV_BLOCK_SIZE=128, SPARSE_Q_BLOCK_SIZE=128, USE_TMA=False, V_HEAD_DIM=128, V_HEAD_DIM_ROUNDED=128, WRITE_DQ=True, num_stages=3, num_warps=4
[rank3]:SingleProcess AUTOTUNE benchmarking takes 0.1156 seconds and 2.3994 seconds precompiling for 7 choices
[rank2]:Autotune Choices Stats:
[rank2]:{"num_choices": 7, "num_triton_choices": 7, "best_kernel": "triton_flex_attention_13", "best_kernel_desc": "BLOCKS_ARE_CONTIGUOUS=False, BLOCK_M=128, BLOCK_N=64, FLOAT32_PRECISION=\"'ieee'\", GQA_SHARED_HEADS=1, HAS_FULL_BLOCKS=True, IS_DIVISIBLE=False, OUTPUT_LOGSUMEXP=False, OUTPUT_MAX=False, PRESCALE_QK=False, QK_HEAD_DIM=128, QK_HEAD_DIM_ROUNDED=128, ROWS_GUARANTEED_SAFE=False, SAFE_HEAD_DIM=True, SM_SCALE=0.08838834764831843, SPARSE_KV_BLOCK_SIZE=128, SPARSE_Q_BLOCK_SIZE=128, USE_TMA=False, V_HEAD_DIM=128, V_HEAD_DIM_ROUNDED=128, WRITE_DQ=True, num_stages=3, num_warps=8", "best_time": 0.019872000440955162, "best_triton_pos": 0}
[rank2]:AUTOTUNE flex_attention(1x48x192x128, 1x48x192x128, 1x48x192x128, 1x48x192, 1x48x192, 1x1x2, 1x1x2x2, 1x1x2, 1x1x2x2, 192)
[rank2]:strides: [6144, 128, 6144, 1], [6144, 128, 6144, 1], [6144, 128, 6144, 1], [48*s37, s37, 1], [48*s37, s37, 1], [s99, s99, 1], [s22*s72, s22*s72, s72, 1], [s94, s94, 1], [s28*s4, s28*s4, s4, 1], [1]
[rank2]:dtypes: torch.bfloat16, torch.bfloat16, torch.bfloat16, torch.float32, torch.float32, torch.int32, torch.int32, torch.int32, torch.int32, torch.int32
[rank2]:  triton_flex_attention_13 0.0199 ms 100.0% BLOCKS_ARE_CONTIGUOUS=False, BLOCK_M=128, BLOCK_N=64, FLOAT32_PRECISION="'ieee'", GQA_SHARED_HEADS=1, HAS_FULL_BLOCKS=True, IS_DIVISIBLE=False, OUTPUT_LOGSUMEXP=False, OUTPUT_MAX=False, PRESCALE_QK=False, QK_HEAD_DIM=128, QK_HEAD_DIM_ROUNDED=128, ROWS_GUARANTEED_SAFE=False, SAFE_HEAD_DIM=True, SM_SCALE=0.08838834764831843, SPARSE_KV_BLOCK_SIZE=128, SPARSE_Q_BLOCK_SIZE=128, USE_TMA=False, V_HEAD_DIM=128, V_HEAD_DIM_ROUNDED=128, WRITE_DQ=True, num_stages=3, num_warps=8
[rank2]:  triton_flex_attention_9 0.0244 ms 81.6% BLOCKS_ARE_CONTIGUOUS=False, BLOCK_M=128, BLOCK_N=128, FLOAT32_PRECISION="'ieee'", GQA_SHARED_HEADS=1, HAS_FULL_BLOCKS=True, IS_DIVISIBLE=False, OUTPUT_LOGSUMEXP=False, OUTPUT_MAX=False, PRESCALE_QK=False, QK_HEAD_DIM=128, QK_HEAD_DIM_ROUNDED=128, ROWS_GUARANTEED_SAFE=False, SAFE_HEAD_DIM=True, SM_SCALE=0.08838834764831843, SPARSE_KV_BLOCK_SIZE=128, SPARSE_Q_BLOCK_SIZE=128, USE_TMA=False, V_HEAD_DIM=128, V_HEAD_DIM_ROUNDED=128, WRITE_DQ=True, num_stages=2, num_warps=8
[rank2]:  triton_flex_attention_10 0.0259 ms 76.9% BLOCKS_ARE_CONTIGUOUS=False, BLOCK_M=128, BLOCK_N=128, FLOAT32_PRECISION="'ieee'", GQA_SHARED_HEADS=1, HAS_FULL_BLOCKS=True, IS_DIVISIBLE=False, OUTPUT_LOGSUMEXP=False, OUTPUT_MAX=False, PRESCALE_QK=False, QK_HEAD_DIM=128, QK_HEAD_DIM_ROUNDED=128, ROWS_GUARANTEED_SAFE=False, SAFE_HEAD_DIM=True, SM_SCALE=0.08838834764831843, SPARSE_KV_BLOCK_SIZE=128, SPARSE_Q_BLOCK_SIZE=128, USE_TMA=False, V_HEAD_DIM=128, V_HEAD_DIM_ROUNDED=128, WRITE_DQ=True, num_stages=1, num_warps=8
[rank2]:  triton_flex_attention_12 0.0260 ms 76.4% BLOCKS_ARE_CONTIGUOUS=False, BLOCK_M=64, BLOCK_N=64, FLOAT32_PRECISION="'ieee'", GQA_SHARED_HEADS=1, HAS_FULL_BLOCKS=True, IS_DIVISIBLE=False, OUTPUT_LOGSUMEXP=False, OUTPUT_MAX=False, PRESCALE_QK=False, QK_HEAD_DIM=128, QK_HEAD_DIM_ROUNDED=128, ROWS_GUARANTEED_SAFE=False, SAFE_HEAD_DIM=True, SM_SCALE=0.08838834764831843, SPARSE_KV_BLOCK_SIZE=128, SPARSE_Q_BLOCK_SIZE=128, USE_TMA=False, V_HEAD_DIM=128, V_HEAD_DIM_ROUNDED=128, WRITE_DQ=True, num_stages=3, num_warps=4
[rank2]:  triton_flex_attention_11 0.0316 ms 62.9% BLOCKS_ARE_CONTIGUOUS=False, BLOCK_M=64, BLOCK_N=128, FLOAT32_PRECISION="'ieee'", GQA_SHARED_HEADS=1, HAS_FULL_BLOCKS=True, IS_DIVISIBLE=False, OUTPUT_LOGSUMEXP=False, OUTPUT_MAX=False, PRESCALE_QK=False, QK_HEAD_DIM=128, QK_HEAD_DIM_ROUNDED=128, ROWS_GUARANTEED_SAFE=False, SAFE_HEAD_DIM=True, SM_SCALE=0.08838834764831843, SPARSE_KV_BLOCK_SIZE=128, SPARSE_Q_BLOCK_SIZE=128, USE_TMA=False, V_HEAD_DIM=128, V_HEAD_DIM_ROUNDED=128, WRITE_DQ=True, num_stages=3, num_warps=4
[rank2]:  triton_flex_attention_7 0.0320 ms 62.1% BLOCKS_ARE_CONTIGUOUS=False, BLOCK_M=128, BLOCK_N=64, FLOAT32_PRECISION="'ieee'", GQA_SHARED_HEADS=1, HAS_FULL_BLOCKS=True, IS_DIVISIBLE=False, OUTPUT_LOGSUMEXP=False, OUTPUT_MAX=False, PRESCALE_QK=False, QK_HEAD_DIM=128, QK_HEAD_DIM_ROUNDED=128, ROWS_GUARANTEED_SAFE=False, SAFE_HEAD_DIM=True, SM_SCALE=0.08838834764831843, SPARSE_KV_BLOCK_SIZE=128, SPARSE_Q_BLOCK_SIZE=128, USE_TMA=False, V_HEAD_DIM=128, V_HEAD_DIM_ROUNDED=128, WRITE_DQ=True, num_stages=3, num_warps=4
[rank2]:  triton_flex_attention_8 0.0461 ms 43.1% BLOCKS_ARE_CONTIGUOUS=False, BLOCK_M=128, BLOCK_N=128, FLOAT32_PRECISION="'ieee'", GQA_SHARED_HEADS=1, HAS_FULL_BLOCKS=True, IS_DIVISIBLE=False, OUTPUT_LOGSUMEXP=False, OUTPUT_MAX=False, PRESCALE_QK=False, QK_HEAD_DIM=128, QK_HEAD_DIM_ROUNDED=128, ROWS_GUARANTEED_SAFE=False, SAFE_HEAD_DIM=True, SM_SCALE=0.08838834764831843, SPARSE_KV_BLOCK_SIZE=128, SPARSE_Q_BLOCK_SIZE=128, USE_TMA=False, V_HEAD_DIM=128, V_HEAD_DIM_ROUNDED=128, WRITE_DQ=True, num_stages=3, num_warps=4
[rank2]:SingleProcess AUTOTUNE benchmarking takes 0.1248 seconds and 2.6339 seconds precompiling for 7 choices
[rank3]:Autotune Choices Stats:
[rank3]:{"num_choices": 7, "num_triton_choices": 7, "best_kernel": "triton_flex_attention_13", "best_kernel_desc": "BLOCKS_ARE_CONTIGUOUS=False, BLOCK_M=128, BLOCK_N=64, FLOAT32_PRECISION=\"'ieee'\", GQA_SHARED_HEADS=1, HAS_FULL_BLOCKS=True, IS_DIVISIBLE=False, OUTPUT_LOGSUMEXP=False, OUTPUT_MAX=False, PRESCALE_QK=False, QK_HEAD_DIM=128, QK_HEAD_DIM_ROUNDED=128, ROWS_GUARANTEED_SAFE=False, SAFE_HEAD_DIM=True, SM_SCALE=0.08838834764831843, SPARSE_KV_BLOCK_SIZE=128, SPARSE_Q_BLOCK_SIZE=128, USE_TMA=False, V_HEAD_DIM=128, V_HEAD_DIM_ROUNDED=128, WRITE_DQ=True, num_stages=3, num_warps=8", "best_time": 0.019936000928282738, "best_triton_pos": 0}
[rank3]:AUTOTUNE flex_attention(1x48x192x128, 1x48x192x128, 1x48x192x128, 1x48x192, 1x48x192, 1x1x2, 1x1x2x2, 1x1x2, 1x1x2x2, 192)
[rank3]:strides: [6144, 128, 6144, 1], [6144, 128, 6144, 1], [6144, 128, 6144, 1], [48*s37, s37, 1], [48*s37, s37, 1], [s99, s99, 1], [s22*s72, s22*s72, s72, 1], [s94, s94, 1], [s28*s4, s28*s4, s4, 1], [1]
[rank3]:dtypes: torch.bfloat16, torch.bfloat16, torch.bfloat16, torch.float32, torch.float32, torch.int32, torch.int32, torch.int32, torch.int32, torch.int32
[rank3]:  triton_flex_attention_13 0.0199 ms 100.0% BLOCKS_ARE_CONTIGUOUS=False, BLOCK_M=128, BLOCK_N=64, FLOAT32_PRECISION="'ieee'", GQA_SHARED_HEADS=1, HAS_FULL_BLOCKS=True, IS_DIVISIBLE=False, OUTPUT_LOGSUMEXP=False, OUTPUT_MAX=False, PRESCALE_QK=False, QK_HEAD_DIM=128, QK_HEAD_DIM_ROUNDED=128, ROWS_GUARANTEED_SAFE=False, SAFE_HEAD_DIM=True, SM_SCALE=0.08838834764831843, SPARSE_KV_BLOCK_SIZE=128, SPARSE_Q_BLOCK_SIZE=128, USE_TMA=False, V_HEAD_DIM=128, V_HEAD_DIM_ROUNDED=128, WRITE_DQ=True, num_stages=3, num_warps=8
[rank3]:  triton_flex_attention_9 0.0244 ms 81.8% BLOCKS_ARE_CONTIGUOUS=False, BLOCK_M=128, BLOCK_N=128, FLOAT32_PRECISION="'ieee'", GQA_SHARED_HEADS=1, HAS_FULL_BLOCKS=True, IS_DIVISIBLE=False, OUTPUT_LOGSUMEXP=False, OUTPUT_MAX=False, PRESCALE_QK=False, QK_HEAD_DIM=128, QK_HEAD_DIM_ROUNDED=128, ROWS_GUARANTEED_SAFE=False, SAFE_HEAD_DIM=True, SM_SCALE=0.08838834764831843, SPARSE_KV_BLOCK_SIZE=128, SPARSE_Q_BLOCK_SIZE=128, USE_TMA=False, V_HEAD_DIM=128, V_HEAD_DIM_ROUNDED=128, WRITE_DQ=True, num_stages=2, num_warps=8
[rank3]:  triton_flex_attention_12 0.0259 ms 77.0% BLOCKS_ARE_CONTIGUOUS=False, BLOCK_M=64, BLOCK_N=64, FLOAT32_PRECISION="'ieee'", GQA_SHARED_HEADS=1, HAS_FULL_BLOCKS=True, IS_DIVISIBLE=False, OUTPUT_LOGSUMEXP=False, OUTPUT_MAX=False, PRESCALE_QK=False, QK_HEAD_DIM=128, QK_HEAD_DIM_ROUNDED=128, ROWS_GUARANTEED_SAFE=False, SAFE_HEAD_DIM=True, SM_SCALE=0.08838834764831843, SPARSE_KV_BLOCK_SIZE=128, SPARSE_Q_BLOCK_SIZE=128, USE_TMA=False, V_HEAD_DIM=128, V_HEAD_DIM_ROUNDED=128, WRITE_DQ=True, num_stages=3, num_warps=4
[rank3]:  triton_flex_attention_10 0.0259 ms 76.9% BLOCKS_ARE_CONTIGUOUS=False, BLOCK_M=128, BLOCK_N=128, FLOAT32_PRECISION="'ieee'", GQA_SHARED_HEADS=1, HAS_FULL_BLOCKS=True, IS_DIVISIBLE=False, OUTPUT_LOGSUMEXP=False, OUTPUT_MAX=False, PRESCALE_QK=False, QK_HEAD_DIM=128, QK_HEAD_DIM_ROUNDED=128, ROWS_GUARANTEED_SAFE=False, SAFE_HEAD_DIM=True, SM_SCALE=0.08838834764831843, SPARSE_KV_BLOCK_SIZE=128, SPARSE_Q_BLOCK_SIZE=128, USE_TMA=False, V_HEAD_DIM=128, V_HEAD_DIM_ROUNDED=128, WRITE_DQ=True, num_stages=1, num_warps=8
[rank3]:  triton_flex_attention_11 0.0316 ms 63.1% BLOCKS_ARE_CONTIGUOUS=False, BLOCK_M=64, BLOCK_N=128, FLOAT32_PRECISION="'ieee'", GQA_SHARED_HEADS=1, HAS_FULL_BLOCKS=True, IS_DIVISIBLE=False, OUTPUT_LOGSUMEXP=False, OUTPUT_MAX=False, PRESCALE_QK=False, QK_HEAD_DIM=128, QK_HEAD_DIM_ROUNDED=128, ROWS_GUARANTEED_SAFE=False, SAFE_HEAD_DIM=True, SM_SCALE=0.08838834764831843, SPARSE_KV_BLOCK_SIZE=128, SPARSE_Q_BLOCK_SIZE=128, USE_TMA=False, V_HEAD_DIM=128, V_HEAD_DIM_ROUNDED=128, WRITE_DQ=True, num_stages=3, num_warps=4
[rank3]:  triton_flex_attention_7 0.0320 ms 62.2% BLOCKS_ARE_CONTIGUOUS=False, BLOCK_M=128, BLOCK_N=64, FLOAT32_PRECISION="'ieee'", GQA_SHARED_HEADS=1, HAS_FULL_BLOCKS=True, IS_DIVISIBLE=False, OUTPUT_LOGSUMEXP=False, OUTPUT_MAX=False, PRESCALE_QK=False, QK_HEAD_DIM=128, QK_HEAD_DIM_ROUNDED=128, ROWS_GUARANTEED_SAFE=False, SAFE_HEAD_DIM=True, SM_SCALE=0.08838834764831843, SPARSE_KV_BLOCK_SIZE=128, SPARSE_Q_BLOCK_SIZE=128, USE_TMA=False, V_HEAD_DIM=128, V_HEAD_DIM_ROUNDED=128, WRITE_DQ=True, num_stages=3, num_warps=4
[rank3]:  triton_flex_attention_8 0.0458 ms 43.5% BLOCKS_ARE_CONTIGUOUS=False, BLOCK_M=128, BLOCK_N=128, FLOAT32_PRECISION="'ieee'", GQA_SHARED_HEADS=1, HAS_FULL_BLOCKS=True, IS_DIVISIBLE=False, OUTPUT_LOGSUMEXP=False, OUTPUT_MAX=False, PRESCALE_QK=False, QK_HEAD_DIM=128, QK_HEAD_DIM_ROUNDED=128, ROWS_GUARANTEED_SAFE=False, SAFE_HEAD_DIM=True, SM_SCALE=0.08838834764831843, SPARSE_KV_BLOCK_SIZE=128, SPARSE_Q_BLOCK_SIZE=128, USE_TMA=False, V_HEAD_DIM=128, V_HEAD_DIM_ROUNDED=128, WRITE_DQ=True, num_stages=3, num_warps=4
[rank3]:SingleProcess AUTOTUNE benchmarking takes 0.1257 seconds and 2.6204 seconds precompiling for 7 choices
[rank0]:Autotune Choices Stats:
[rank0]:{"num_choices": 7, "num_triton_choices": 7, "best_kernel": "triton_flex_attention_12", "best_kernel_desc": "BLOCKS_ARE_CONTIGUOUS=False, BLOCK_M=64, BLOCK_N=64, FLOAT32_PRECISION=\"'ieee'\", GQA_SHARED_HEADS=1, HAS_FULL_BLOCKS=True, IS_DIVISIBLE=False, OUTPUT_LOGSUMEXP=True, OUTPUT_MAX=False, PRESCALE_QK=False, QK_HEAD_DIM=128, QK_HEAD_DIM_ROUNDED=128, ROWS_GUARANTEED_SAFE=False, SAFE_HEAD_DIM=True, SM_SCALE=0.08838834764831843, SPARSE_KV_BLOCK_SIZE=128, SPARSE_Q_BLOCK_SIZE=128, USE_TMA=False, V_HEAD_DIM=128, V_HEAD_DIM_ROUNDED=128, WRITE_DQ=True, num_stages=3, num_warps=4", "best_time": 0.01820800080895424, "best_triton_pos": 0}
[rank0]:AUTOTUNE flex_attention(1x48x192x128, 1x48x192x128, 1x48x192x128, 1x48x192, 1x48x192, 1x1x2, 1x1x2x2, 1x1x2, 1x1x2x2, 192)
[rank0]:strides: [6144, 128, 6144, 1], [6144, 128, 6144, 1], [6144, 128, 6144, 1], [9216, 192, 1], [9216, 192, 1], [s99, s99, 1], [s22*s72, s22*s72, s72, 1], [s94, s94, 1], [s28*s4, s28*s4, s4, 1], [1]
[rank0]:dtypes: torch.bfloat16, torch.bfloat16, torch.bfloat16, torch.float32, torch.float32, torch.int32, torch.int32, torch.int32, torch.int32, torch.int32
[rank0]:  triton_flex_attention_12 0.0182 ms 100.0% BLOCKS_ARE_CONTIGUOUS=False, BLOCK_M=64, BLOCK_N=64, FLOAT32_PRECISION="'ieee'", GQA_SHARED_HEADS=1, HAS_FULL_BLOCKS=True, IS_DIVISIBLE=False, OUTPUT_LOGSUMEXP=True, OUTPUT_MAX=False, PRESCALE_QK=False, QK_HEAD_DIM=128, QK_HEAD_DIM_ROUNDED=128, ROWS_GUARANTEED_SAFE=False, SAFE_HEAD_DIM=True, SM_SCALE=0.08838834764831843, SPARSE_KV_BLOCK_SIZE=128, SPARSE_Q_BLOCK_SIZE=128, USE_TMA=False, V_HEAD_DIM=128, V_HEAD_DIM_ROUNDED=128, WRITE_DQ=True, num_stages=3, num_warps=4
[rank0]:  triton_flex_attention_13 0.0188 ms 96.9% BLOCKS_ARE_CONTIGUOUS=False, BLOCK_M=128, BLOCK_N=64, FLOAT32_PRECISION="'ieee'", GQA_SHARED_HEADS=1, HAS_FULL_BLOCKS=True, IS_DIVISIBLE=False, OUTPUT_LOGSUMEXP=True, OUTPUT_MAX=False, PRESCALE_QK=False, QK_HEAD_DIM=128, QK_HEAD_DIM_ROUNDED=128, ROWS_GUARANTEED_SAFE=False, SAFE_HEAD_DIM=True, SM_SCALE=0.08838834764831843, SPARSE_KV_BLOCK_SIZE=128, SPARSE_Q_BLOCK_SIZE=128, USE_TMA=False, V_HEAD_DIM=128, V_HEAD_DIM_ROUNDED=128, WRITE_DQ=True, num_stages=3, num_warps=8
[rank0]:  triton_flex_attention_7 0.0218 ms 83.6% BLOCKS_ARE_CONTIGUOUS=False, BLOCK_M=128, BLOCK_N=64, FLOAT32_PRECISION="'ieee'", GQA_SHARED_HEADS=1, HAS_FULL_BLOCKS=True, IS_DIVISIBLE=False, OUTPUT_LOGSUMEXP=True, OUTPUT_MAX=False, PRESCALE_QK=False, QK_HEAD_DIM=128, QK_HEAD_DIM_ROUNDED=128, ROWS_GUARANTEED_SAFE=False, SAFE_HEAD_DIM=True, SM_SCALE=0.08838834764831843, SPARSE_KV_BLOCK_SIZE=128, SPARSE_Q_BLOCK_SIZE=128, USE_TMA=False, V_HEAD_DIM=128, V_HEAD_DIM_ROUNDED=128, WRITE_DQ=True, num_stages=3, num_warps=4
[rank0]:  triton_flex_attention_9 0.0224 ms 81.4% BLOCKS_ARE_CONTIGUOUS=False, BLOCK_M=128, BLOCK_N=128, FLOAT32_PRECISION="'ieee'", GQA_SHARED_HEADS=1, HAS_FULL_BLOCKS=True, IS_DIVISIBLE=False, OUTPUT_LOGSUMEXP=True, OUTPUT_MAX=False, PRESCALE_QK=False, QK_HEAD_DIM=128, QK_HEAD_DIM_ROUNDED=128, ROWS_GUARANTEED_SAFE=False, SAFE_HEAD_DIM=True, SM_SCALE=0.08838834764831843, SPARSE_KV_BLOCK_SIZE=128, SPARSE_Q_BLOCK_SIZE=128, USE_TMA=False, V_HEAD_DIM=128, V_HEAD_DIM_ROUNDED=128, WRITE_DQ=True, num_stages=2, num_warps=8
[rank0]:  triton_flex_attention_10 0.0236 ms 77.0% BLOCKS_ARE_CONTIGUOUS=False, BLOCK_M=128, BLOCK_N=128, FLOAT32_PRECISION="'ieee'", GQA_SHARED_HEADS=1, HAS_FULL_BLOCKS=True, IS_DIVISIBLE=False, OUTPUT_LOGSUMEXP=True, OUTPUT_MAX=False, PRESCALE_QK=False, QK_HEAD_DIM=128, QK_HEAD_DIM_ROUNDED=128, ROWS_GUARANTEED_SAFE=False, SAFE_HEAD_DIM=True, SM_SCALE=0.08838834764831843, SPARSE_KV_BLOCK_SIZE=128, SPARSE_Q_BLOCK_SIZE=128, USE_TMA=False, V_HEAD_DIM=128, V_HEAD_DIM_ROUNDED=128, WRITE_DQ=True, num_stages=1, num_warps=8
[rank0]:  triton_flex_attention_11 0.0268 ms 67.9% BLOCKS_ARE_CONTIGUOUS=False, BLOCK_M=64, BLOCK_N=128, FLOAT32_PRECISION="'ieee'", GQA_SHARED_HEADS=1, HAS_FULL_BLOCKS=True, IS_DIVISIBLE=False, OUTPUT_LOGSUMEXP=True, OUTPUT_MAX=False, PRESCALE_QK=False, QK_HEAD_DIM=128, QK_HEAD_DIM_ROUNDED=128, ROWS_GUARANTEED_SAFE=False, SAFE_HEAD_DIM=True, SM_SCALE=0.08838834764831843, SPARSE_KV_BLOCK_SIZE=128, SPARSE_Q_BLOCK_SIZE=128, USE_TMA=False, V_HEAD_DIM=128, V_HEAD_DIM_ROUNDED=128, WRITE_DQ=True, num_stages=3, num_warps=4
[rank0]:  triton_flex_attention_8 0.0316 ms 57.6% BLOCKS_ARE_CONTIGUOUS=False, BLOCK_M=128, BLOCK_N=128, FLOAT32_PRECISION="'ieee'", GQA_SHARED_HEADS=1, HAS_FULL_BLOCKS=True, IS_DIVISIBLE=False, OUTPUT_LOGSUMEXP=True, OUTPUT_MAX=False, PRESCALE_QK=False, QK_HEAD_DIM=128, QK_HEAD_DIM_ROUNDED=128, ROWS_GUARANTEED_SAFE=False, SAFE_HEAD_DIM=True, SM_SCALE=0.08838834764831843, SPARSE_KV_BLOCK_SIZE=128, SPARSE_Q_BLOCK_SIZE=128, USE_TMA=False, V_HEAD_DIM=128, V_HEAD_DIM_ROUNDED=128, WRITE_DQ=True, num_stages=3, num_warps=4
[rank0]:SingleProcess AUTOTUNE benchmarking takes 0.1158 seconds and 2.3804 seconds precompiling for 7 choices
[rank1]:Autotune Choices Stats:
[rank1]:{"num_choices": 7, "num_triton_choices": 7, "best_kernel": "triton_flex_attention_12", "best_kernel_desc": "BLOCKS_ARE_CONTIGUOUS=False, BLOCK_M=64, BLOCK_N=64, FLOAT32_PRECISION=\"'ieee'\", GQA_SHARED_HEADS=1, HAS_FULL_BLOCKS=True, IS_DIVISIBLE=False, OUTPUT_LOGSUMEXP=True, OUTPUT_MAX=False, PRESCALE_QK=False, QK_HEAD_DIM=128, QK_HEAD_DIM_ROUNDED=128, ROWS_GUARANTEED_SAFE=False, SAFE_HEAD_DIM=True, SM_SCALE=0.08838834764831843, SPARSE_KV_BLOCK_SIZE=128, SPARSE_Q_BLOCK_SIZE=128, USE_TMA=False, V_HEAD_DIM=128, V_HEAD_DIM_ROUNDED=128, WRITE_DQ=True, num_stages=3, num_warps=4", "best_time": 0.017791999503970146, "best_triton_pos": 0}
[rank1]:AUTOTUNE flex_attention(1x48x192x128, 1x48x192x128, 1x48x192x128, 1x48x192, 1x48x192, 1x1x2, 1x1x2x2, 1x1x2, 1x1x2x2, 192)
[rank1]:strides: [6144, 128, 6144, 1], [6144, 128, 6144, 1], [6144, 128, 6144, 1], [9216, 192, 1], [9216, 192, 1], [s99, s99, 1], [s22*s72, s22*s72, s72, 1], [s94, s94, 1], [s28*s4, s28*s4, s4, 1], [1]
[rank1]:dtypes: torch.bfloat16, torch.bfloat16, torch.bfloat16, torch.float32, torch.float32, torch.int32, torch.int32, torch.int32, torch.int32, torch.int32
[rank1]:  triton_flex_attention_12 0.0178 ms 100.0% BLOCKS_ARE_CONTIGUOUS=False, BLOCK_M=64, BLOCK_N=64, FLOAT32_PRECISION="'ieee'", GQA_SHARED_HEADS=1, HAS_FULL_BLOCKS=True, IS_DIVISIBLE=False, OUTPUT_LOGSUMEXP=True, OUTPUT_MAX=False, PRESCALE_QK=False, QK_HEAD_DIM=128, QK_HEAD_DIM_ROUNDED=128, ROWS_GUARANTEED_SAFE=False, SAFE_HEAD_DIM=True, SM_SCALE=0.08838834764831843, SPARSE_KV_BLOCK_SIZE=128, SPARSE_Q_BLOCK_SIZE=128, USE_TMA=False, V_HEAD_DIM=128, V_HEAD_DIM_ROUNDED=128, WRITE_DQ=True, num_stages=3, num_warps=4
[rank1]:  triton_flex_attention_13 0.0188 ms 94.9% BLOCKS_ARE_CONTIGUOUS=False, BLOCK_M=128, BLOCK_N=64, FLOAT32_PRECISION="'ieee'", GQA_SHARED_HEADS=1, HAS_FULL_BLOCKS=True, IS_DIVISIBLE=False, OUTPUT_LOGSUMEXP=True, OUTPUT_MAX=False, PRESCALE_QK=False, QK_HEAD_DIM=128, QK_HEAD_DIM_ROUNDED=128, ROWS_GUARANTEED_SAFE=False, SAFE_HEAD_DIM=True, SM_SCALE=0.08838834764831843, SPARSE_KV_BLOCK_SIZE=128, SPARSE_Q_BLOCK_SIZE=128, USE_TMA=False, V_HEAD_DIM=128, V_HEAD_DIM_ROUNDED=128, WRITE_DQ=True, num_stages=3, num_warps=8
[rank1]:  triton_flex_attention_7 0.0218 ms 81.8% BLOCKS_ARE_CONTIGUOUS=False, BLOCK_M=128, BLOCK_N=64, FLOAT32_PRECISION="'ieee'", GQA_SHARED_HEADS=1, HAS_FULL_BLOCKS=True, IS_DIVISIBLE=False, OUTPUT_LOGSUMEXP=True, OUTPUT_MAX=False, PRESCALE_QK=False, QK_HEAD_DIM=128, QK_HEAD_DIM_ROUNDED=128, ROWS_GUARANTEED_SAFE=False, SAFE_HEAD_DIM=True, SM_SCALE=0.08838834764831843, SPARSE_KV_BLOCK_SIZE=128, SPARSE_Q_BLOCK_SIZE=128, USE_TMA=False, V_HEAD_DIM=128, V_HEAD_DIM_ROUNDED=128, WRITE_DQ=True, num_stages=3, num_warps=4
[rank1]:  triton_flex_attention_9 0.0222 ms 80.0% BLOCKS_ARE_CONTIGUOUS=False, BLOCK_M=128, BLOCK_N=128, FLOAT32_PRECISION="'ieee'", GQA_SHARED_HEADS=1, HAS_FULL_BLOCKS=True, IS_DIVISIBLE=False, OUTPUT_LOGSUMEXP=True, OUTPUT_MAX=False, PRESCALE_QK=False, QK_HEAD_DIM=128, QK_HEAD_DIM_ROUNDED=128, ROWS_GUARANTEED_SAFE=False, SAFE_HEAD_DIM=True, SM_SCALE=0.08838834764831843, SPARSE_KV_BLOCK_SIZE=128, SPARSE_Q_BLOCK_SIZE=128, USE_TMA=False, V_HEAD_DIM=128, V_HEAD_DIM_ROUNDED=128, WRITE_DQ=True, num_stages=2, num_warps=8
[rank1]:  triton_flex_attention_10 0.0233 ms 76.3% BLOCKS_ARE_CONTIGUOUS=False, BLOCK_M=128, BLOCK_N=128, FLOAT32_PRECISION="'ieee'", GQA_SHARED_HEADS=1, HAS_FULL_BLOCKS=True, IS_DIVISIBLE=False, OUTPUT_LOGSUMEXP=True, OUTPUT_MAX=False, PRESCALE_QK=False, QK_HEAD_DIM=128, QK_HEAD_DIM_ROUNDED=128, ROWS_GUARANTEED_SAFE=False, SAFE_HEAD_DIM=True, SM_SCALE=0.08838834764831843, SPARSE_KV_BLOCK_SIZE=128, SPARSE_Q_BLOCK_SIZE=128, USE_TMA=False, V_HEAD_DIM=128, V_HEAD_DIM_ROUNDED=128, WRITE_DQ=True, num_stages=1, num_warps=8
[rank1]:  triton_flex_attention_11 0.0266 ms 67.0% BLOCKS_ARE_CONTIGUOUS=False, BLOCK_M=64, BLOCK_N=128, FLOAT32_PRECISION="'ieee'", GQA_SHARED_HEADS=1, HAS_FULL_BLOCKS=True, IS_DIVISIBLE=False, OUTPUT_LOGSUMEXP=True, OUTPUT_MAX=False, PRESCALE_QK=False, QK_HEAD_DIM=128, QK_HEAD_DIM_ROUNDED=128, ROWS_GUARANTEED_SAFE=False, SAFE_HEAD_DIM=True, SM_SCALE=0.08838834764831843, SPARSE_KV_BLOCK_SIZE=128, SPARSE_Q_BLOCK_SIZE=128, USE_TMA=False, V_HEAD_DIM=128, V_HEAD_DIM_ROUNDED=128, WRITE_DQ=True, num_stages=3, num_warps=4
[rank1]:  triton_flex_attention_8 0.0311 ms 57.1% BLOCKS_ARE_CONTIGUOUS=False, BLOCK_M=128, BLOCK_N=128, FLOAT32_PRECISION="'ieee'", GQA_SHARED_HEADS=1, HAS_FULL_BLOCKS=True, IS_DIVISIBLE=False, OUTPUT_LOGSUMEXP=True, OUTPUT_MAX=False, PRESCALE_QK=False, QK_HEAD_DIM=128, QK_HEAD_DIM_ROUNDED=128, ROWS_GUARANTEED_SAFE=False, SAFE_HEAD_DIM=True, SM_SCALE=0.08838834764831843, SPARSE_KV_BLOCK_SIZE=128, SPARSE_Q_BLOCK_SIZE=128, USE_TMA=False, V_HEAD_DIM=128, V_HEAD_DIM_ROUNDED=128, WRITE_DQ=True, num_stages=3, num_warps=4
[rank1]:SingleProcess AUTOTUNE benchmarking takes 0.1164 seconds and 2.3821 seconds precompiling for 7 choices
[rank1]:Autotune Choices Stats:
[rank1]:{"num_choices": 13, "num_triton_choices": 13, "best_kernel": "triton_flex_attention_backward_19", "best_kernel_desc": "BLOCKS_ARE_CONTIGUOUS=False, BLOCK_M1=32, BLOCK_M2=64, BLOCK_N1=64, BLOCK_N2=32, FLOAT32_PRECISION=\"'ieee'\", GQA_SHARED_HEADS=1, HAS_FULL_BLOCKS=True, IS_DIVISIBLE=False, OUTPUT_LOGSUMEXP=True, OUTPUT_MAX=False, PRESCALE_QK=False, QK_HEAD_DIM=128, QK_HEAD_DIM_ROUNDED=128, ROWS_GUARANTEED_SAFE=False, SAFE_HEAD_DIM=True, SM_SCALE=0.08838834764831843, SPARSE_KV_BLOCK_SIZE=128, SPARSE_Q_BLOCK_SIZE=128, USE_TMA=False, V_HEAD_DIM=128, V_HEAD_DIM_ROUNDED=128, WRITE_DQ=True, num_stages=3, num_warps=4", "best_time": 0.034432001411914825, "best_triton_pos": 0}
[rank1]:AUTOTUNE flex_attention_backward(1x48x192x128, 1x48x192x128, 1x48x192x128, 1x48x192, 1x48x192, 1x48x192x128, 1x48x192x128, 1x48x192x128, 1x1x2, 1x1x2x2, 1x1x2, 1x1x2x2, 1x1x2, 1x1x2x2, 1x1x2, 1x1x2x2, 192)
[rank1]:strides: [6144, 128, 6144, 1], [6144, 128, 6144, 1], [6144, 128, 6144, 1], [9216, 192, 1], [9216, 192, 1], [1179648, 128, 6144, 1], [1179648, 128, 6144, 1], [1179648, 128, 6144, 1], [s99, s99, 1], [s22*s72, s22*s72, s72, 1], [s56, s56, 1], [s53*s84, s53*s84, s53, 1], [s94, s94, 1], [s28*s4, s28*s4, s4, 1], [s100, s100, 1], [s10*s5, s10*s5, s10, 1], [1]
[rank1]:dtypes: torch.bfloat16, torch.bfloat16, torch.bfloat16, torch.float32, torch.float32, torch.bfloat16, torch.bfloat16, torch.bfloat16, torch.int32, torch.int32, torch.int32, torch.int32, torch.int32, torch.int32, torch.int32, torch.int32, torch.int32
[rank1]:  triton_flex_attention_backward_19 0.0344 ms 100.0% BLOCKS_ARE_CONTIGUOUS=False, BLOCK_M1=32, BLOCK_M2=64, BLOCK_N1=64, BLOCK_N2=32, FLOAT32_PRECISION="'ieee'", GQA_SHARED_HEADS=1, HAS_FULL_BLOCKS=True, IS_DIVISIBLE=False, OUTPUT_LOGSUMEXP=True, OUTPUT_MAX=False, PRESCALE_QK=False, QK_HEAD_DIM=128, QK_HEAD_DIM_ROUNDED=128, ROWS_GUARANTEED_SAFE=False, SAFE_HEAD_DIM=True, SM_SCALE=0.08838834764831843, SPARSE_KV_BLOCK_SIZE=128, SPARSE_Q_BLOCK_SIZE=128, USE_TMA=False, V_HEAD_DIM=128, V_HEAD_DIM_ROUNDED=128, WRITE_DQ=True, num_stages=3, num_warps=4
[rank1]:  triton_flex_attention_backward_20 0.0346 ms 99.6% BLOCKS_ARE_CONTIGUOUS=False, BLOCK_M1=32, BLOCK_M2=64, BLOCK_N1=64, BLOCK_N2=32, FLOAT32_PRECISION="'ieee'", GQA_SHARED_HEADS=1, HAS_FULL_BLOCKS=True, IS_DIVISIBLE=False, OUTPUT_LOGSUMEXP=True, OUTPUT_MAX=False, PRESCALE_QK=False, QK_HEAD_DIM=128, QK_HEAD_DIM_ROUNDED=128, ROWS_GUARANTEED_SAFE=False, SAFE_HEAD_DIM=True, SM_SCALE=0.08838834764831843, SPARSE_KV_BLOCK_SIZE=128, SPARSE_Q_BLOCK_SIZE=128, USE_TMA=False, V_HEAD_DIM=128, V_HEAD_DIM_ROUNDED=128, WRITE_DQ=True, num_stages=4, num_warps=4
[rank1]:  triton_flex_attention_backward_23 0.0388 ms 88.8% BLOCKS_ARE_CONTIGUOUS=False, BLOCK_M1=64, BLOCK_M2=64, BLOCK_N1=64, BLOCK_N2=64, FLOAT32_PRECISION="'ieee'", GQA_SHARED_HEADS=1, HAS_FULL_BLOCKS=True, IS_DIVISIBLE=False, OUTPUT_LOGSUMEXP=True, OUTPUT_MAX=False, PRESCALE_QK=False, QK_HEAD_DIM=128, QK_HEAD_DIM_ROUNDED=128, ROWS_GUARANTEED_SAFE=False, SAFE_HEAD_DIM=True, SM_SCALE=0.08838834764831843, SPARSE_KV_BLOCK_SIZE=128, SPARSE_Q_BLOCK_SIZE=128, USE_TMA=False, V_HEAD_DIM=128, V_HEAD_DIM_ROUNDED=128, WRITE_DQ=True, num_stages=3, num_warps=4
[rank1]:  triton_flex_attention_backward_26 0.0388 ms 88.7% BLOCKS_ARE_CONTIGUOUS=False, BLOCK_M1=64, BLOCK_M2=128, BLOCK_N1=128, BLOCK_N2=64, FLOAT32_PRECISION="'ieee'", GQA_SHARED_HEADS=1, HAS_FULL_BLOCKS=True, IS_DIVISIBLE=False, OUTPUT_LOGSUMEXP=True, OUTPUT_MAX=False, PRESCALE_QK=False, QK_HEAD_DIM=128, QK_HEAD_DIM_ROUNDED=128, ROWS_GUARANTEED_SAFE=False, SAFE_HEAD_DIM=True, SM_SCALE=0.08838834764831843, SPARSE_KV_BLOCK_SIZE=128, SPARSE_Q_BLOCK_SIZE=128, USE_TMA=False, V_HEAD_DIM=128, V_HEAD_DIM_ROUNDED=128, WRITE_DQ=True, num_stages=3, num_warps=8
[rank1]:  triton_flex_attention_backward_24 0.0401 ms 85.9% BLOCKS_ARE_CONTIGUOUS=False, BLOCK_M1=64, BLOCK_M2=64, BLOCK_N1=64, BLOCK_N2=64, FLOAT32_PRECISION="'ieee'", GQA_SHARED_HEADS=1, HAS_FULL_BLOCKS=True, IS_DIVISIBLE=False, OUTPUT_LOGSUMEXP=True, OUTPUT_MAX=False, PRESCALE_QK=False, QK_HEAD_DIM=128, QK_HEAD_DIM_ROUNDED=128, ROWS_GUARANTEED_SAFE=False, SAFE_HEAD_DIM=True, SM_SCALE=0.08838834764831843, SPARSE_KV_BLOCK_SIZE=128, SPARSE_Q_BLOCK_SIZE=128, USE_TMA=False, V_HEAD_DIM=128, V_HEAD_DIM_ROUNDED=128, WRITE_DQ=True, num_stages=4, num_warps=4
[rank1]:  triton_flex_attention_backward_22 0.0402 ms 85.7% BLOCKS_ARE_CONTIGUOUS=False, BLOCK_M1=64, BLOCK_M2=64, BLOCK_N1=64, BLOCK_N2=64, FLOAT32_PRECISION="'ieee'", GQA_SHARED_HEADS=1, HAS_FULL_BLOCKS=True, IS_DIVISIBLE=False, OUTPUT_LOGSUMEXP=True, OUTPUT_MAX=False, PRESCALE_QK=False, QK_HEAD_DIM=128, QK_HEAD_DIM_ROUNDED=128, ROWS_GUARANTEED_SAFE=False, SAFE_HEAD_DIM=True, SM_SCALE=0.08838834764831843, SPARSE_KV_BLOCK_SIZE=128, SPARSE_Q_BLOCK_SIZE=128, USE_TMA=False, V_HEAD_DIM=128, V_HEAD_DIM_ROUNDED=128, WRITE_DQ=True, num_stages=1, num_warps=4
[rank1]:  triton_flex_attention_backward_21 0.0410 ms 84.1% BLOCKS_ARE_CONTIGUOUS=False, BLOCK_M1=32, BLOCK_M2=64, BLOCK_N1=64, BLOCK_N2=32, FLOAT32_PRECISION="'ieee'", GQA_SHARED_HEADS=1, HAS_FULL_BLOCKS=True, IS_DIVISIBLE=False, OUTPUT_LOGSUMEXP=True, OUTPUT_MAX=False, PRESCALE_QK=False, QK_HEAD_DIM=128, QK_HEAD_DIM_ROUNDED=128, ROWS_GUARANTEED_SAFE=False, SAFE_HEAD_DIM=True, SM_SCALE=0.08838834764831843, SPARSE_KV_BLOCK_SIZE=128, SPARSE_Q_BLOCK_SIZE=128, USE_TMA=False, V_HEAD_DIM=128, V_HEAD_DIM_ROUNDED=128, WRITE_DQ=True, num_stages=5, num_warps=4
[rank1]:  triton_flex_attention_backward_18 0.0417 ms 82.6% BLOCKS_ARE_CONTIGUOUS=False, BLOCK_M1=32, BLOCK_M2=64, BLOCK_N1=64, BLOCK_N2=32, FLOAT32_PRECISION="'ieee'", GQA_SHARED_HEADS=1, HAS_FULL_BLOCKS=True, IS_DIVISIBLE=False, OUTPUT_LOGSUMEXP=True, OUTPUT_MAX=False, PRESCALE_QK=False, QK_HEAD_DIM=128, QK_HEAD_DIM_ROUNDED=128, ROWS_GUARANTEED_SAFE=False, SAFE_HEAD_DIM=True, SM_SCALE=0.08838834764831843, SPARSE_KV_BLOCK_SIZE=128, SPARSE_Q_BLOCK_SIZE=128, USE_TMA=False, V_HEAD_DIM=128, V_HEAD_DIM_ROUNDED=128, WRITE_DQ=True, num_stages=1, num_warps=4
[rank1]:  triton_flex_attention_backward_25 0.0419 ms 82.2% BLOCKS_ARE_CONTIGUOUS=False, BLOCK_M1=64, BLOCK_M2=64, BLOCK_N1=64, BLOCK_N2=64, FLOAT32_PRECISION="'ieee'", GQA_SHARED_HEADS=1, HAS_FULL_BLOCKS=True, IS_DIVISIBLE=False, OUTPUT_LOGSUMEXP=True, OUTPUT_MAX=False, PRESCALE_QK=False, QK_HEAD_DIM=128, QK_HEAD_DIM_ROUNDED=128, ROWS_GUARANTEED_SAFE=False, SAFE_HEAD_DIM=True, SM_SCALE=0.08838834764831843, SPARSE_KV_BLOCK_SIZE=128, SPARSE_Q_BLOCK_SIZE=128, USE_TMA=False, V_HEAD_DIM=128, V_HEAD_DIM_ROUNDED=128, WRITE_DQ=True, num_stages=5, num_warps=4
[rank1]:  triton_flex_attention_backward_15 0.0636 ms 54.1% BLOCKS_ARE_CONTIGUOUS=False, BLOCK_M1=32, BLOCK_M2=32, BLOCK_N1=32, BLOCK_N2=32, FLOAT32_PRECISION="'ieee'", GQA_SHARED_HEADS=1, HAS_FULL_BLOCKS=True, IS_DIVISIBLE=False, OUTPUT_LOGSUMEXP=True, OUTPUT_MAX=False, PRESCALE_QK=False, QK_HEAD_DIM=128, QK_HEAD_DIM_ROUNDED=128, ROWS_GUARANTEED_SAFE=False, SAFE_HEAD_DIM=True, SM_SCALE=0.08838834764831843, SPARSE_KV_BLOCK_SIZE=128, SPARSE_Q_BLOCK_SIZE=128, USE_TMA=False, V_HEAD_DIM=128, V_HEAD_DIM_ROUNDED=128, WRITE_DQ=True, num_stages=3, num_warps=4
[rank1]:SingleProcess AUTOTUNE benchmarking takes 0.2755 seconds and 3.9302 seconds precompiling for 13 choices
[rank0]:Autotune Choices Stats:
[rank0]:{"num_choices": 13, "num_triton_choices": 13, "best_kernel": "triton_flex_attention_backward_19", "best_kernel_desc": "BLOCKS_ARE_CONTIGUOUS=False, BLOCK_M1=32, BLOCK_M2=64, BLOCK_N1=64, BLOCK_N2=32, FLOAT32_PRECISION=\"'ieee'\", GQA_SHARED_HEADS=1, HAS_FULL_BLOCKS=True, IS_DIVISIBLE=False, OUTPUT_LOGSUMEXP=True, OUTPUT_MAX=False, PRESCALE_QK=False, QK_HEAD_DIM=128, QK_HEAD_DIM_ROUNDED=128, ROWS_GUARANTEED_SAFE=False, SAFE_HEAD_DIM=True, SM_SCALE=0.08838834764831843, SPARSE_KV_BLOCK_SIZE=128, SPARSE_Q_BLOCK_SIZE=128, USE_TMA=False, V_HEAD_DIM=128, V_HEAD_DIM_ROUNDED=128, WRITE_DQ=True, num_stages=3, num_warps=4", "best_time": 0.03446400165557861, "best_triton_pos": 0}
[rank0]:AUTOTUNE flex_attention_backward(1x48x192x128, 1x48x192x128, 1x48x192x128, 1x48x192, 1x48x192, 1x48x192x128, 1x48x192x128, 1x48x192x128, 1x1x2, 1x1x2x2, 1x1x2, 1x1x2x2, 1x1x2, 1x1x2x2, 1x1x2, 1x1x2x2, 192)
[rank0]:strides: [6144, 128, 6144, 1], [6144, 128, 6144, 1], [6144, 128, 6144, 1], [9216, 192, 1], [9216, 192, 1], [1179648, 128, 6144, 1], [1179648, 128, 6144, 1], [1179648, 128, 6144, 1], [s99, s99, 1], [s22*s72, s22*s72, s72, 1], [s56, s56, 1], [s53*s84, s53*s84, s53, 1], [s94, s94, 1], [s28*s4, s28*s4, s4, 1], [s100, s100, 1], [s10*s5, s10*s5, s10, 1], [1]
[rank0]:dtypes: torch.bfloat16, torch.bfloat16, torch.bfloat16, torch.float32, torch.float32, torch.bfloat16, torch.bfloat16, torch.bfloat16, torch.int32, torch.int32, torch.int32, torch.int32, torch.int32, torch.int32, torch.int32, torch.int32, torch.int32
[rank0]:  triton_flex_attention_backward_19 0.0345 ms 100.0% BLOCKS_ARE_CONTIGUOUS=False, BLOCK_M1=32, BLOCK_M2=64, BLOCK_N1=64, BLOCK_N2=32, FLOAT32_PRECISION="'ieee'", GQA_SHARED_HEADS=1, HAS_FULL_BLOCKS=True, IS_DIVISIBLE=False, OUTPUT_LOGSUMEXP=True, OUTPUT_MAX=False, PRESCALE_QK=False, QK_HEAD_DIM=128, QK_HEAD_DIM_ROUNDED=128, ROWS_GUARANTEED_SAFE=False, SAFE_HEAD_DIM=True, SM_SCALE=0.08838834764831843, SPARSE_KV_BLOCK_SIZE=128, SPARSE_Q_BLOCK_SIZE=128, USE_TMA=False, V_HEAD_DIM=128, V_HEAD_DIM_ROUNDED=128, WRITE_DQ=True, num_stages=3, num_warps=4
[rank0]:  triton_flex_attention_backward_20 0.0348 ms 99.0% BLOCKS_ARE_CONTIGUOUS=False, BLOCK_M1=32, BLOCK_M2=64, BLOCK_N1=64, BLOCK_N2=32, FLOAT32_PRECISION="'ieee'", GQA_SHARED_HEADS=1, HAS_FULL_BLOCKS=True, IS_DIVISIBLE=False, OUTPUT_LOGSUMEXP=True, OUTPUT_MAX=False, PRESCALE_QK=False, QK_HEAD_DIM=128, QK_HEAD_DIM_ROUNDED=128, ROWS_GUARANTEED_SAFE=False, SAFE_HEAD_DIM=True, SM_SCALE=0.08838834764831843, SPARSE_KV_BLOCK_SIZE=128, SPARSE_Q_BLOCK_SIZE=128, USE_TMA=False, V_HEAD_DIM=128, V_HEAD_DIM_ROUNDED=128, WRITE_DQ=True, num_stages=4, num_warps=4
[rank0]:  triton_flex_attention_backward_26 0.0390 ms 88.4% BLOCKS_ARE_CONTIGUOUS=False, BLOCK_M1=64, BLOCK_M2=128, BLOCK_N1=128, BLOCK_N2=64, FLOAT32_PRECISION="'ieee'", GQA_SHARED_HEADS=1, HAS_FULL_BLOCKS=True, IS_DIVISIBLE=False, OUTPUT_LOGSUMEXP=True, OUTPUT_MAX=False, PRESCALE_QK=False, QK_HEAD_DIM=128, QK_HEAD_DIM_ROUNDED=128, ROWS_GUARANTEED_SAFE=False, SAFE_HEAD_DIM=True, SM_SCALE=0.08838834764831843, SPARSE_KV_BLOCK_SIZE=128, SPARSE_Q_BLOCK_SIZE=128, USE_TMA=False, V_HEAD_DIM=128, V_HEAD_DIM_ROUNDED=128, WRITE_DQ=True, num_stages=3, num_warps=8
[rank0]:  triton_flex_attention_backward_23 0.0393 ms 87.7% BLOCKS_ARE_CONTIGUOUS=False, BLOCK_M1=64, BLOCK_M2=64, BLOCK_N1=64, BLOCK_N2=64, FLOAT32_PRECISION="'ieee'", GQA_SHARED_HEADS=1, HAS_FULL_BLOCKS=True, IS_DIVISIBLE=False, OUTPUT_LOGSUMEXP=True, OUTPUT_MAX=False, PRESCALE_QK=False, QK_HEAD_DIM=128, QK_HEAD_DIM_ROUNDED=128, ROWS_GUARANTEED_SAFE=False, SAFE_HEAD_DIM=True, SM_SCALE=0.08838834764831843, SPARSE_KV_BLOCK_SIZE=128, SPARSE_Q_BLOCK_SIZE=128, USE_TMA=False, V_HEAD_DIM=128, V_HEAD_DIM_ROUNDED=128, WRITE_DQ=True, num_stages=3, num_warps=4
[rank0]:  triton_flex_attention_backward_24 0.0402 ms 85.7% BLOCKS_ARE_CONTIGUOUS=False, BLOCK_M1=64, BLOCK_M2=64, BLOCK_N1=64, BLOCK_N2=64, FLOAT32_PRECISION="'ieee'", GQA_SHARED_HEADS=1, HAS_FULL_BLOCKS=True, IS_DIVISIBLE=False, OUTPUT_LOGSUMEXP=True, OUTPUT_MAX=False, PRESCALE_QK=False, QK_HEAD_DIM=128, QK_HEAD_DIM_ROUNDED=128, ROWS_GUARANTEED_SAFE=False, SAFE_HEAD_DIM=True, SM_SCALE=0.08838834764831843, SPARSE_KV_BLOCK_SIZE=128, SPARSE_Q_BLOCK_SIZE=128, USE_TMA=False, V_HEAD_DIM=128, V_HEAD_DIM_ROUNDED=128, WRITE_DQ=True, num_stages=4, num_warps=4
[rank0]:  triton_flex_attention_backward_22 0.0403 ms 85.5% BLOCKS_ARE_CONTIGUOUS=False, BLOCK_M1=64, BLOCK_M2=64, BLOCK_N1=64, BLOCK_N2=64, FLOAT32_PRECISION="'ieee'", GQA_SHARED_HEADS=1, HAS_FULL_BLOCKS=True, IS_DIVISIBLE=False, OUTPUT_LOGSUMEXP=True, OUTPUT_MAX=False, PRESCALE_QK=False, QK_HEAD_DIM=128, QK_HEAD_DIM_ROUNDED=128, ROWS_GUARANTEED_SAFE=False, SAFE_HEAD_DIM=True, SM_SCALE=0.08838834764831843, SPARSE_KV_BLOCK_SIZE=128, SPARSE_Q_BLOCK_SIZE=128, USE_TMA=False, V_HEAD_DIM=128, V_HEAD_DIM_ROUNDED=128, WRITE_DQ=True, num_stages=1, num_warps=4
[rank0]:  triton_flex_attention_backward_18 0.0413 ms 83.4% BLOCKS_ARE_CONTIGUOUS=False, BLOCK_M1=32, BLOCK_M2=64, BLOCK_N1=64, BLOCK_N2=32, FLOAT32_PRECISION="'ieee'", GQA_SHARED_HEADS=1, HAS_FULL_BLOCKS=True, IS_DIVISIBLE=False, OUTPUT_LOGSUMEXP=True, OUTPUT_MAX=False, PRESCALE_QK=False, QK_HEAD_DIM=128, QK_HEAD_DIM_ROUNDED=128, ROWS_GUARANTEED_SAFE=False, SAFE_HEAD_DIM=True, SM_SCALE=0.08838834764831843, SPARSE_KV_BLOCK_SIZE=128, SPARSE_Q_BLOCK_SIZE=128, USE_TMA=False, V_HEAD_DIM=128, V_HEAD_DIM_ROUNDED=128, WRITE_DQ=True, num_stages=1, num_warps=4
[rank0]:  triton_flex_attention_backward_21 0.0414 ms 83.2% BLOCKS_ARE_CONTIGUOUS=False, BLOCK_M1=32, BLOCK_M2=64, BLOCK_N1=64, BLOCK_N2=32, FLOAT32_PRECISION="'ieee'", GQA_SHARED_HEADS=1, HAS_FULL_BLOCKS=True, IS_DIVISIBLE=False, OUTPUT_LOGSUMEXP=True, OUTPUT_MAX=False, PRESCALE_QK=False, QK_HEAD_DIM=128, QK_HEAD_DIM_ROUNDED=128, ROWS_GUARANTEED_SAFE=False, SAFE_HEAD_DIM=True, SM_SCALE=0.08838834764831843, SPARSE_KV_BLOCK_SIZE=128, SPARSE_Q_BLOCK_SIZE=128, USE_TMA=False, V_HEAD_DIM=128, V_HEAD_DIM_ROUNDED=128, WRITE_DQ=True, num_stages=5, num_warps=4
[rank0]:  triton_flex_attention_backward_25 0.0424 ms 81.3% BLOCKS_ARE_CONTIGUOUS=False, BLOCK_M1=64, BLOCK_M2=64, BLOCK_N1=64, BLOCK_N2=64, FLOAT32_PRECISION="'ieee'", GQA_SHARED_HEADS=1, HAS_FULL_BLOCKS=True, IS_DIVISIBLE=False, OUTPUT_LOGSUMEXP=True, OUTPUT_MAX=False, PRESCALE_QK=False, QK_HEAD_DIM=128, QK_HEAD_DIM_ROUNDED=128, ROWS_GUARANTEED_SAFE=False, SAFE_HEAD_DIM=True, SM_SCALE=0.08838834764831843, SPARSE_KV_BLOCK_SIZE=128, SPARSE_Q_BLOCK_SIZE=128, USE_TMA=False, V_HEAD_DIM=128, V_HEAD_DIM_ROUNDED=128, WRITE_DQ=True, num_stages=5, num_warps=4
[rank0]:  triton_flex_attention_backward_15 0.0638 ms 54.0% BLOCKS_ARE_CONTIGUOUS=False, BLOCK_M1=32, BLOCK_M2=32, BLOCK_N1=32, BLOCK_N2=32, FLOAT32_PRECISION="'ieee'", GQA_SHARED_HEADS=1, HAS_FULL_BLOCKS=True, IS_DIVISIBLE=False, OUTPUT_LOGSUMEXP=True, OUTPUT_MAX=False, PRESCALE_QK=False, QK_HEAD_DIM=128, QK_HEAD_DIM_ROUNDED=128, ROWS_GUARANTEED_SAFE=False, SAFE_HEAD_DIM=True, SM_SCALE=0.08838834764831843, SPARSE_KV_BLOCK_SIZE=128, SPARSE_Q_BLOCK_SIZE=128, USE_TMA=False, V_HEAD_DIM=128, V_HEAD_DIM_ROUNDED=128, WRITE_DQ=True, num_stages=3, num_warps=4
[rank0]:SingleProcess AUTOTUNE benchmarking takes 0.2795 seconds and 3.8953 seconds precompiling for 13 choices
[rank1]:/root/mep/venv_src/lib/python3.12/site-packages/spmd_types/_collectives.py:305: FutureWarning: `torch.distributed._functional_collectives.all_gather_tensor` is deprecated. Please use `torch.distributed._functional_collectives.all_gather_single` instead.
[rank1]:  result = funcol.all_gather_tensor(x, gather_dim, pg)
[rank0]:/root/mep/venv_src/lib/python3.12/site-packages/spmd_types/_collectives.py:305: FutureWarning: `torch.distributed._functional_collectives.all_gather_tensor` is deprecated. Please use `torch.distributed._functional_collectives.all_gather_single` instead.
[rank0]:  result = funcol.all_gather_tensor(x, gather_dim, pg)
[rank1]:/root/mep/venv_src/lib/python3.12/site-packages/spmd_types/_collectives.py:633: FutureWarning: `torch.distributed._functional_collectives.reduce_scatter_tensor` is deprecated. Please use `torch.distributed._functional_collectives.reduce_scatter_single` instead.
[rank1]:  result = funcol.reduce_scatter_tensor(x, "sum", scatter_dim, pg)
[rank0]:/root/mep/venv_src/lib/python3.12/site-packages/spmd_types/_collectives.py:633: FutureWarning: `torch.distributed._functional_collectives.reduce_scatter_tensor` is deprecated. Please use `torch.distributed._functional_collectives.reduce_scatter_single` instead.
[rank0]:  result = funcol.reduce_scatter_tensor(x, "sum", scatter_dim, pg)
[rank1]:/root/mep/venv_src/lib/python3.12/site-packages/torch/distributed/fsdp/_fully_shard/_fsdp_state.py:336: UserWarning: FSDP2-wrapped module (FSDPCheckpointWrapper) returned a view tensor. An in-place op on this view (e.g., `x += y`) will silently drop the pre-backward hook and skip the all-gather, which can cause backward to fail or produce wrong gradients. Use out-of-place ops (`out = out + y`, not `out += y`) or `.clone()` the output before any in-place op.
[rank0]:/root/mep/venv_src/lib/python3.12/site-packages/torch/distributed/fsdp/_fully_shard/_fsdp_state.py:336: UserWarning: FSDP2-wrapped module (FSDPCheckpointWrapper) returned a view tensor. An in-place op on this view (e.g., `x += y`) will silently drop the pre-backward hook and skip the all-gather, which can cause backward to fail or produce wrong gradients. Use out-of-place ops (`out = out + y`, not `out += y`) or `.clone()` the output before any in-place op.
[rank0]:  output = self._register_pre_backward_hook(output)
[rank0]:/root/mep/venv_src/lib/python3.12/site-packages/torch/distributed/fsdp/_fully_shard/_fsdp_state.py:336: UserWarning: FSDP2-wrapped module (FSDPKimiK3Model) returned a view tensor. An in-place op on this view (e.g., `x += y`) will silently drop the pre-backward hook and skip the all-gather, which can cause backward to fail or produce wrong gradients. Use out-of-place ops (`out = out + y`, not `out += y`) or `.clone()` the output before any in-place op.
[rank0]:  output = self._register_pre_backward_hook(output)
[rank1]:  output = self._register_pre_backward_hook(output)
[rank1]:/root/mep/venv_src/lib/python3.12/site-packages/torch/distributed/fsdp/_fully_shard/_fsdp_state.py:336: UserWarning: FSDP2-wrapped module (FSDPKimiK3Model) returned a view tensor. An in-place op on this view (e.g., `x += y`) will silently drop the pre-backward hook and skip the all-gather, which can cause backward to fail or produce wrong gradients. Use out-of-place ops (`out = out + y`, not `out += y`) or `.clone()` the output before any in-place op.
[rank1]:  output = self._register_pre_backward_hook(output)
[rank3]:/root/mep/venv_src/lib/python3.12/site-packages/spmd_types/_collectives.py:305: FutureWarning: `torch.distributed._functional_collectives.all_gather_tensor` is deprecated. Please use `torch.distributed._functional_collectives.all_gather_single` instead.
[rank3]:  result = funcol.all_gather_tensor(x, gather_dim, pg)
[rank2]:/root/mep/venv_src/lib/python3.12/site-packages/spmd_types/_collectives.py:305: FutureWarning: `torch.distributed._functional_collectives.all_gather_tensor` is deprecated. Please use `torch.distributed._functional_collectives.all_gather_single` instead.
[rank2]:  result = funcol.all_gather_tensor(x, gather_dim, pg)
[rank3]:/root/mep/venv_src/lib/python3.12/site-packages/spmd_types/_collectives.py:633: FutureWarning: `torch.distributed._functional_collectives.reduce_scatter_tensor` is deprecated. Please use `torch.distributed._functional_collectives.reduce_scatter_single` instead.
[rank3]:  result = funcol.reduce_scatter_tensor(x, "sum", scatter_dim, pg)
[rank2]:/root/mep/venv_src/lib/python3.12/site-packages/spmd_types/_collectives.py:633: FutureWarning: `torch.distributed._functional_collectives.reduce_scatter_tensor` is deprecated. Please use `torch.distributed._functional_collectives.reduce_scatter_single` instead.
[rank2]:  result = funcol.reduce_scatter_tensor(x, "sum", scatter_dim, pg)
[rank3]:/root/mep/venv_src/lib/python3.12/site-packages/torch/distributed/fsdp/_fully_shard/_fsdp_state.py:336: UserWarning: FSDP2-wrapped module (FSDPCheckpointWrapper) returned a view tensor. An in-place op on this view (e.g., `x += y`) will silently drop the pre-backward hook and skip the all-gather, which can cause backward to fail or produce wrong gradients. Use out-of-place ops (`out = out + y`, not `out += y`) or `.clone()` the output before any in-place op.
[rank3]:  output = self._register_pre_backward_hook(output)
[rank2]:/root/mep/venv_src/lib/python3.12/site-packages/torch/distributed/fsdp/_fully_shard/_fsdp_state.py:336: UserWarning: FSDP2-wrapped module (FSDPCheckpointWrapper) returned a view tensor. An in-place op on this view (e.g., `x += y`) will silently drop the pre-backward hook and skip the all-gather, which can cause backward to fail or produce wrong gradients. Use out-of-place ops (`out = out + y`, not `out += y`) or `.clone()` the output before any in-place op.
[rank2]:  output = self._register_pre_backward_hook(output)
[rank3]:Autotune Choices Stats:
[rank3]:{"num_choices": 6, "num_triton_choices": 6, "best_kernel": "triton_flex_attention_14", "best_kernel_desc": "BLOCKS_ARE_CONTIGUOUS=False, BLOCK_M=128, BLOCK_N=64, FLOAT32_PRECISION=\"'ieee'\", GQA_SHARED_HEADS=1, HAS_FULL_BLOCKS=True, IS_DIVISIBLE=False, OUTPUT_LOGSUMEXP=True, OUTPUT_MAX=False, PRESCALE_QK=False, QK_HEAD_DIM=96, QK_HEAD_DIM_ROUNDED=128, ROWS_GUARANTEED_SAFE=False, SAFE_HEAD_DIM=False, SM_SCALE=0.10206207261596575, SPARSE_KV_BLOCK_SIZE=128, SPARSE_Q_BLOCK_SIZE=128, USE_TMA=False, V_HEAD_DIM=64, V_HEAD_DIM_ROUNDED=64, WRITE_DQ=True, num_stages=3, num_warps=4", "best_time": 0.593504011631012, "best_triton_pos": 0}
[rank3]:AUTOTUNE flex_attention(1x48x2048x96, 1x48x2048x96, 1x48x2048x64, 1x48x2048, 1x48x2048, 1x1x16, 1x1x16x16, 1x1x16, 1x1x16x16, 2048, 2176)
[rank3]:strides: [4608, 96, 4608, 1], [4608, 96, 4608, 1], [48*s73, s73, 48*s73, 1], [48*s37, s37, 1], [48*s37, s37, 1], [s99, s99, 1], [s22*s72, s22*s72, s72, 1], [s94, s94, 1], [s28*s4, s28*s4, s4, 1], [1], [1]
[rank3]:dtypes: torch.bfloat16, torch.bfloat16, torch.bfloat16, torch.float32, torch.float32, torch.int32, torch.int32, torch.int32, torch.int32, torch.int32, torch.int32
[rank3]:  triton_flex_attention_14 0.5935 ms 100.0% BLOCKS_ARE_CONTIGUOUS=False, BLOCK_M=128, BLOCK_N=64, FLOAT32_PRECISION="'ieee'", GQA_SHARED_HEADS=1, HAS_FULL_BLOCKS=True, IS_DIVISIBLE=False, OUTPUT_LOGSUMEXP=True, OUTPUT_MAX=False, PRESCALE_QK=False, QK_HEAD_DIM=96, QK_HEAD_DIM_ROUNDED=128, ROWS_GUARANTEED_SAFE=False, SAFE_HEAD_DIM=False, SM_SCALE=0.10206207261596575, SPARSE_KV_BLOCK_SIZE=128, SPARSE_Q_BLOCK_SIZE=128, USE_TMA=False, V_HEAD_DIM=64, V_HEAD_DIM_ROUNDED=64, WRITE_DQ=True, num_stages=3, num_warps=4
[rank3]:  triton_flex_attention_16 0.7017 ms 84.6% BLOCKS_ARE_CONTIGUOUS=False, BLOCK_M=128, BLOCK_N=128, FLOAT32_PRECISION="'ieee'", GQA_SHARED_HEADS=1, HAS_FULL_BLOCKS=True, IS_DIVISIBLE=False, OUTPUT_LOGSUMEXP=True, OUTPUT_MAX=False, PRESCALE_QK=False, QK_HEAD_DIM=96, QK_HEAD_DIM_ROUNDED=128, ROWS_GUARANTEED_SAFE=False, SAFE_HEAD_DIM=False, SM_SCALE=0.10206207261596575, SPARSE_KV_BLOCK_SIZE=128, SPARSE_Q_BLOCK_SIZE=128, USE_TMA=False, V_HEAD_DIM=64, V_HEAD_DIM_ROUNDED=64, WRITE_DQ=True, num_stages=2, num_warps=8
[rank3]:  triton_flex_attention_19 0.7049 ms 84.2% BLOCKS_ARE_CONTIGUOUS=False, BLOCK_M=64, BLOCK_N=64, FLOAT32_PRECISION="'ieee'", GQA_SHARED_HEADS=1, HAS_FULL_BLOCKS=True, IS_DIVISIBLE=False, OUTPUT_LOGSUMEXP=True, OUTPUT_MAX=False, PRESCALE_QK=False, QK_HEAD_DIM=96, QK_HEAD_DIM_ROUNDED=128, ROWS_GUARANTEED_SAFE=False, SAFE_HEAD_DIM=False, SM_SCALE=0.10206207261596575, SPARSE_KV_BLOCK_SIZE=128, SPARSE_Q_BLOCK_SIZE=128, USE_TMA=False, V_HEAD_DIM=64, V_HEAD_DIM_ROUNDED=64, WRITE_DQ=True, num_stages=3, num_warps=4
[rank3]:  triton_flex_attention_17 0.7430 ms 79.9% BLOCKS_ARE_CONTIGUOUS=False, BLOCK_M=128, BLOCK_N=128, FLOAT32_PRECISION="'ieee'", GQA_SHARED_HEADS=1, HAS_FULL_BLOCKS=True, IS_DIVISIBLE=False, OUTPUT_LOGSUMEXP=True, OUTPUT_MAX=False, PRESCALE_QK=False, QK_HEAD_DIM=96, QK_HEAD_DIM_ROUNDED=128, ROWS_GUARANTEED_SAFE=False, SAFE_HEAD_DIM=False, SM_SCALE=0.10206207261596575, SPARSE_KV_BLOCK_SIZE=128, SPARSE_Q_BLOCK_SIZE=128, USE_TMA=False, V_HEAD_DIM=64, V_HEAD_DIM_ROUNDED=64, WRITE_DQ=True, num_stages=1, num_warps=8
[rank3]:  triton_flex_attention_18 0.9562 ms 62.1% BLOCKS_ARE_CONTIGUOUS=False, BLOCK_M=64, BLOCK_N=128, FLOAT32_PRECISION="'ieee'", GQA_SHARED_HEADS=1, HAS_FULL_BLOCKS=True, IS_DIVISIBLE=False, OUTPUT_LOGSUMEXP=True, OUTPUT_MAX=False, PRESCALE_QK=False, QK_HEAD_DIM=96, QK_HEAD_DIM_ROUNDED=128, ROWS_GUARANTEED_SAFE=False, SAFE_HEAD_DIM=False, SM_SCALE=0.10206207261596575, SPARSE_KV_BLOCK_SIZE=128, SPARSE_Q_BLOCK_SIZE=128, USE_TMA=False, V_HEAD_DIM=64, V_HEAD_DIM_ROUNDED=64, WRITE_DQ=True, num_stages=3, num_warps=4
[rank3]:  triton_flex_attention_15 1.8711 ms 31.7% BLOCKS_ARE_CONTIGUOUS=False, BLOCK_M=128, BLOCK_N=128, FLOAT32_PRECISION="'ieee'", GQA_SHARED_HEADS=1, HAS_FULL_BLOCKS=True, IS_DIVISIBLE=False, OUTPUT_LOGSUMEXP=True, OUTPUT_MAX=False, PRESCALE_QK=False, QK_HEAD_DIM=96, QK_HEAD_DIM_ROUNDED=128, ROWS_GUARANTEED_SAFE=False, SAFE_HEAD_DIM=False, SM_SCALE=0.10206207261596575, SPARSE_KV_BLOCK_SIZE=128, SPARSE_Q_BLOCK_SIZE=128, USE_TMA=False, V_HEAD_DIM=64, V_HEAD_DIM_ROUNDED=64, WRITE_DQ=True, num_stages=3, num_warps=4
[rank3]:SingleProcess AUTOTUNE benchmarking takes 0.2517 seconds and 2.2555 seconds precompiling for 6 choices
[rank2]:Autotune Choices Stats:
[rank2]:{"num_choices": 6, "num_triton_choices": 6, "best_kernel": "triton_flex_attention_14", "best_kernel_desc": "BLOCKS_ARE_CONTIGUOUS=False, BLOCK_M=128, BLOCK_N=64, FLOAT32_PRECISION=\"'ieee'\", GQA_SHARED_HEADS=1, HAS_FULL_BLOCKS=True, IS_DIVISIBLE=False, OUTPUT_LOGSUMEXP=True, OUTPUT_MAX=False, PRESCALE_QK=False, QK_HEAD_DIM=96, QK_HEAD_DIM_ROUNDED=128, ROWS_GUARANTEED_SAFE=False, SAFE_HEAD_DIM=False, SM_SCALE=0.10206207261596575, SPARSE_KV_BLOCK_SIZE=128, SPARSE_Q_BLOCK_SIZE=128, USE_TMA=False, V_HEAD_DIM=64, V_HEAD_DIM_ROUNDED=64, WRITE_DQ=True, num_stages=3, num_warps=4", "best_time": 0.5856639742851257, "best_triton_pos": 0}
[rank2]:AUTOTUNE flex_attention(1x48x2048x96, 1x48x2048x96, 1x48x2048x64, 1x48x2048, 1x48x2048, 1x1x16, 1x1x16x16, 1x1x16, 1x1x16x16, 2048, 2176)
[rank2]:strides: [4608, 96, 4608, 1], [4608, 96, 4608, 1], [48*s73, s73, 48*s73, 1], [48*s37, s37, 1], [48*s37, s37, 1], [s99, s99, 1], [s22*s72, s22*s72, s72, 1], [s94, s94, 1], [s28*s4, s28*s4, s4, 1], [1], [1]
[rank2]:dtypes: torch.bfloat16, torch.bfloat16, torch.bfloat16, torch.float32, torch.float32, torch.int32, torch.int32, torch.int32, torch.int32, torch.int32, torch.int32
[rank2]:  triton_flex_attention_14 0.5857 ms 100.0% BLOCKS_ARE_CONTIGUOUS=False, BLOCK_M=128, BLOCK_N=64, FLOAT32_PRECISION="'ieee'", GQA_SHARED_HEADS=1, HAS_FULL_BLOCKS=True, IS_DIVISIBLE=False, OUTPUT_LOGSUMEXP=True, OUTPUT_MAX=False, PRESCALE_QK=False, QK_HEAD_DIM=96, QK_HEAD_DIM_ROUNDED=128, ROWS_GUARANTEED_SAFE=False, SAFE_HEAD_DIM=False, SM_SCALE=0.10206207261596575, SPARSE_KV_BLOCK_SIZE=128, SPARSE_Q_BLOCK_SIZE=128, USE_TMA=False, V_HEAD_DIM=64, V_HEAD_DIM_ROUNDED=64, WRITE_DQ=True, num_stages=3, num_warps=4
[rank2]:  triton_flex_attention_16 0.6916 ms 84.7% BLOCKS_ARE_CONTIGUOUS=False, BLOCK_M=128, BLOCK_N=128, FLOAT32_PRECISION="'ieee'", GQA_SHARED_HEADS=1, HAS_FULL_BLOCKS=True, IS_DIVISIBLE=False, OUTPUT_LOGSUMEXP=True, OUTPUT_MAX=False, PRESCALE_QK=False, QK_HEAD_DIM=96, QK_HEAD_DIM_ROUNDED=128, ROWS_GUARANTEED_SAFE=False, SAFE_HEAD_DIM=False, SM_SCALE=0.10206207261596575, SPARSE_KV_BLOCK_SIZE=128, SPARSE_Q_BLOCK_SIZE=128, USE_TMA=False, V_HEAD_DIM=64, V_HEAD_DIM_ROUNDED=64, WRITE_DQ=True, num_stages=2, num_warps=8
[rank2]:  triton_flex_attention_19 0.7054 ms 83.0% BLOCKS_ARE_CONTIGUOUS=False, BLOCK_M=64, BLOCK_N=64, FLOAT32_PRECISION="'ieee'", GQA_SHARED_HEADS=1, HAS_FULL_BLOCKS=True, IS_DIVISIBLE=False, OUTPUT_LOGSUMEXP=True, OUTPUT_MAX=False, PRESCALE_QK=False, QK_HEAD_DIM=96, QK_HEAD_DIM_ROUNDED=128, ROWS_GUARANTEED_SAFE=False, SAFE_HEAD_DIM=False, SM_SCALE=0.10206207261596575, SPARSE_KV_BLOCK_SIZE=128, SPARSE_Q_BLOCK_SIZE=128, USE_TMA=False, V_HEAD_DIM=64, V_HEAD_DIM_ROUNDED=64, WRITE_DQ=True, num_stages=3, num_warps=4
[rank2]:  triton_flex_attention_17 0.7330 ms 79.9% BLOCKS_ARE_CONTIGUOUS=False, BLOCK_M=128, BLOCK_N=128, FLOAT32_PRECISION="'ieee'", GQA_SHARED_HEADS=1, HAS_FULL_BLOCKS=True, IS_DIVISIBLE=False, OUTPUT_LOGSUMEXP=True, OUTPUT_MAX=False, PRESCALE_QK=False, QK_HEAD_DIM=96, QK_HEAD_DIM_ROUNDED=128, ROWS_GUARANTEED_SAFE=False, SAFE_HEAD_DIM=False, SM_SCALE=0.10206207261596575, SPARSE_KV_BLOCK_SIZE=128, SPARSE_Q_BLOCK_SIZE=128, USE_TMA=False, V_HEAD_DIM=64, V_HEAD_DIM_ROUNDED=64, WRITE_DQ=True, num_stages=1, num_warps=8
[rank2]:  triton_flex_attention_18 0.9586 ms 61.1% BLOCKS_ARE_CONTIGUOUS=False, BLOCK_M=64, BLOCK_N=128, FLOAT32_PRECISION="'ieee'", GQA_SHARED_HEADS=1, HAS_FULL_BLOCKS=True, IS_DIVISIBLE=False, OUTPUT_LOGSUMEXP=True, OUTPUT_MAX=False, PRESCALE_QK=False, QK_HEAD_DIM=96, QK_HEAD_DIM_ROUNDED=128, ROWS_GUARANTEED_SAFE=False, SAFE_HEAD_DIM=False, SM_SCALE=0.10206207261596575, SPARSE_KV_BLOCK_SIZE=128, SPARSE_Q_BLOCK_SIZE=128, USE_TMA=False, V_HEAD_DIM=64, V_HEAD_DIM_ROUNDED=64, WRITE_DQ=True, num_stages=3, num_warps=4
[rank2]:  triton_flex_attention_15 1.8731 ms 31.3% BLOCKS_ARE_CONTIGUOUS=False, BLOCK_M=128, BLOCK_N=128, FLOAT32_PRECISION="'ieee'", GQA_SHARED_HEADS=1, HAS_FULL_BLOCKS=True, IS_DIVISIBLE=False, OUTPUT_LOGSUMEXP=True, OUTPUT_MAX=False, PRESCALE_QK=False, QK_HEAD_DIM=96, QK_HEAD_DIM_ROUNDED=128, ROWS_GUARANTEED_SAFE=False, SAFE_HEAD_DIM=False, SM_SCALE=0.10206207261596575, SPARSE_KV_BLOCK_SIZE=128, SPARSE_Q_BLOCK_SIZE=128, USE_TMA=False, V_HEAD_DIM=64, V_HEAD_DIM_ROUNDED=64, WRITE_DQ=True, num_stages=3, num_warps=4
[rank2]:SingleProcess AUTOTUNE benchmarking takes 0.2564 seconds and 2.2732 seconds precompiling for 6 choices
[rank3]:Autotune Choices Stats:
[rank3]:{"num_choices": 13, "num_triton_choices": 13, "best_kernel": "triton_flex_attention_backward_32", "best_kernel_desc": "BLOCKS_ARE_CONTIGUOUS=False, BLOCK_M1=64, BLOCK_M2=128, BLOCK_N1=128, BLOCK_N2=64, FLOAT32_PRECISION=\"'ieee'\", GQA_SHARED_HEADS=1, HAS_FULL_BLOCKS=True, IS_DIVISIBLE=False, OUTPUT_LOGSUMEXP=True, OUTPUT_MAX=False, PRESCALE_QK=False, QK_HEAD_DIM=96, QK_HEAD_DIM_ROUNDED=128, ROWS_GUARANTEED_SAFE=False, SAFE_HEAD_DIM=False, SM_SCALE=0.10206207261596575, SPARSE_KV_BLOCK_SIZE=128, SPARSE_Q_BLOCK_SIZE=128, USE_TMA=False, V_HEAD_DIM=64, V_HEAD_DIM_ROUNDED=64, WRITE_DQ=True, num_stages=3, num_warps=8", "best_time": 1.6473920345306396, "best_triton_pos": 0}
[rank3]:AUTOTUNE flex_attention_backward(1x48x2048x96, 1x48x2048x96, 1x48x2048x64, 1x48x2048, 1x48x2048, 1x48x2048x64, 1x48x2048x96, 1x48x2048x64, 1x1x16, 1x1x16x16, 1x1x16, 1x1x16x16, 1x1x16, 1x1x16x16, 1x1x16, 1x1x16x16, 2048, 2176)
[rank3]:strides: [4608, 96, 4608, 1], [4608, 96, 4608, 1], [48*s73, s73, 48*s73, 1], [48*Max(1, s37), Max(1, s37), 1], [48*s37, s37, 1], [3072*Max(1, s37), 64*Max(1, s37), 64, 1], [4608*s37, 96, 4608, 1], [3072*s0, 64, 3072, 1], [s99, s99, 1], [s22*s72, s22*s72, s72, 1], [s56, s56, 1], [s53*s84, s53*s84, s53, 1], [s94, s94, 1], [s28*s4, s28*s4, s4, 1], [s100, s100, 1], [s11*s5, s11*s5, s11, 1], [1], [1]
[rank3]:dtypes: torch.bfloat16, torch.bfloat16, torch.bfloat16, torch.float32, torch.float32, torch.bfloat16, torch.bfloat16, torch.bfloat16, torch.int32, torch.int32, torch.int32, torch.int32, torch.int32, torch.int32, torch.int32, torch.int32, torch.int32, torch.int32
[rank3]:  triton_flex_attention_backward_32 1.6474 ms 100.0% BLOCKS_ARE_CONTIGUOUS=False, BLOCK_M1=64, BLOCK_M2=128, BLOCK_N1=128, BLOCK_N2=64, FLOAT32_PRECISION="'ieee'", GQA_SHARED_HEADS=1, HAS_FULL_BLOCKS=True, IS_DIVISIBLE=False, OUTPUT_LOGSUMEXP=True, OUTPUT_MAX=False, PRESCALE_QK=False, QK_HEAD_DIM=96, QK_HEAD_DIM_ROUNDED=128, ROWS_GUARANTEED_SAFE=False, SAFE_HEAD_DIM=False, SM_SCALE=0.10206207261596575, SPARSE_KV_BLOCK_SIZE=128, SPARSE_Q_BLOCK_SIZE=128, USE_TMA=False, V_HEAD_DIM=64, V_HEAD_DIM_ROUNDED=64, WRITE_DQ=True, num_stages=3, num_warps=8
[rank3]:  triton_flex_attention_backward_29 1.8219 ms 90.4% BLOCKS_ARE_CONTIGUOUS=False, BLOCK_M1=64, BLOCK_M2=64, BLOCK_N1=64, BLOCK_N2=64, FLOAT32_PRECISION="'ieee'", GQA_SHARED_HEADS=1, HAS_FULL_BLOCKS=True, IS_DIVISIBLE=False, OUTPUT_LOGSUMEXP=True, OUTPUT_MAX=False, PRESCALE_QK=False, QK_HEAD_DIM=96, QK_HEAD_DIM_ROUNDED=128, ROWS_GUARANTEED_SAFE=False, SAFE_HEAD_DIM=False, SM_SCALE=0.10206207261596575, SPARSE_KV_BLOCK_SIZE=128, SPARSE_Q_BLOCK_SIZE=128, USE_TMA=False, V_HEAD_DIM=64, V_HEAD_DIM_ROUNDED=64, WRITE_DQ=True, num_stages=3, num_warps=4
[rank3]:  triton_flex_attention_backward_27 1.9744 ms 83.4% BLOCKS_ARE_CONTIGUOUS=False, BLOCK_M1=32, BLOCK_M2=64, BLOCK_N1=64, BLOCK_N2=32, FLOAT32_PRECISION="'ieee'", GQA_SHARED_HEADS=1, HAS_FULL_BLOCKS=True, IS_DIVISIBLE=False, OUTPUT_LOGSUMEXP=True, OUTPUT_MAX=False, PRESCALE_QK=False, QK_HEAD_DIM=96, QK_HEAD_DIM_ROUNDED=128, ROWS_GUARANTEED_SAFE=False, SAFE_HEAD_DIM=False, SM_SCALE=0.10206207261596575, SPARSE_KV_BLOCK_SIZE=128, SPARSE_Q_BLOCK_SIZE=128, USE_TMA=False, V_HEAD_DIM=64, V_HEAD_DIM_ROUNDED=64, WRITE_DQ=True, num_stages=5, num_warps=4
[rank3]:  triton_flex_attention_backward_25 2.0062 ms 82.1% BLOCKS_ARE_CONTIGUOUS=False, BLOCK_M1=32, BLOCK_M2=64, BLOCK_N1=64, BLOCK_N2=32, FLOAT32_PRECISION="'ieee'", GQA_SHARED_HEADS=1, HAS_FULL_BLOCKS=True, IS_DIVISIBLE=False, OUTPUT_LOGSUMEXP=True, OUTPUT_MAX=False, PRESCALE_QK=False, QK_HEAD_DIM=96, QK_HEAD_DIM_ROUNDED=128, ROWS_GUARANTEED_SAFE=False, SAFE_HEAD_DIM=False, SM_SCALE=0.10206207261596575, SPARSE_KV_BLOCK_SIZE=128, SPARSE_Q_BLOCK_SIZE=128, USE_TMA=False, V_HEAD_DIM=64, V_HEAD_DIM_ROUNDED=64, WRITE_DQ=True, num_stages=3, num_warps=4
[rank3]:  triton_flex_attention_backward_26 2.0189 ms 81.6% BLOCKS_ARE_CONTIGUOUS=False, BLOCK_M1=32, BLOCK_M2=64, BLOCK_N1=64, BLOCK_N2=32, FLOAT32_PRECISION="'ieee'", GQA_SHARED_HEADS=1, HAS_FULL_BLOCKS=True, IS_DIVISIBLE=False, OUTPUT_LOGSUMEXP=True, OUTPUT_MAX=False, PRESCALE_QK=False, QK_HEAD_DIM=96, QK_HEAD_DIM_ROUNDED=128, ROWS_GUARANTEED_SAFE=False, SAFE_HEAD_DIM=False, SM_SCALE=0.10206207261596575, SPARSE_KV_BLOCK_SIZE=128, SPARSE_Q_BLOCK_SIZE=128, USE_TMA=False, V_HEAD_DIM=64, V_HEAD_DIM_ROUNDED=64, WRITE_DQ=True, num_stages=4, num_warps=4
[rank3]:  triton_flex_attention_backward_28 2.2933 ms 71.8% BLOCKS_ARE_CONTIGUOUS=False, BLOCK_M1=64, BLOCK_M2=64, BLOCK_N1=64, BLOCK_N2=64, FLOAT32_PRECISION="'ieee'", GQA_SHARED_HEADS=1, HAS_FULL_BLOCKS=True, IS_DIVISIBLE=False, OUTPUT_LOGSUMEXP=True, OUTPUT_MAX=False, PRESCALE_QK=False, QK_HEAD_DIM=96, QK_HEAD_DIM_ROUNDED=128, ROWS_GUARANTEED_SAFE=False, SAFE_HEAD_DIM=False, SM_SCALE=0.10206207261596575, SPARSE_KV_BLOCK_SIZE=128, SPARSE_Q_BLOCK_SIZE=128, USE_TMA=False, V_HEAD_DIM=64, V_HEAD_DIM_ROUNDED=64, WRITE_DQ=True, num_stages=1, num_warps=4
[rank3]:  triton_flex_attention_backward_24 2.3985 ms 68.7% BLOCKS_ARE_CONTIGUOUS=False, BLOCK_M1=32, BLOCK_M2=64, BLOCK_N1=64, BLOCK_N2=32, FLOAT32_PRECISION="'ieee'", GQA_SHARED_HEADS=1, HAS_FULL_BLOCKS=True, IS_DIVISIBLE=False, OUTPUT_LOGSUMEXP=True, OUTPUT_MAX=False, PRESCALE_QK=False, QK_HEAD_DIM=96, QK_HEAD_DIM_ROUNDED=128, ROWS_GUARANTEED_SAFE=False, SAFE_HEAD_DIM=False, SM_SCALE=0.10206207261596575, SPARSE_KV_BLOCK_SIZE=128, SPARSE_Q_BLOCK_SIZE=128, USE_TMA=False, V_HEAD_DIM=64, V_HEAD_DIM_ROUNDED=64, WRITE_DQ=True, num_stages=1, num_warps=4
[rank3]:  triton_flex_attention_backward_30 2.7975 ms 58.9% BLOCKS_ARE_CONTIGUOUS=False, BLOCK_M1=64, BLOCK_M2=64, BLOCK_N1=64, BLOCK_N2=64, FLOAT32_PRECISION="'ieee'", GQA_SHARED_HEADS=1, HAS_FULL_BLOCKS=True, IS_DIVISIBLE=False, OUTPUT_LOGSUMEXP=True, OUTPUT_MAX=False, PRESCALE_QK=False, QK_HEAD_DIM=96, QK_HEAD_DIM_ROUNDED=128, ROWS_GUARANTEED_SAFE=False, SAFE_HEAD_DIM=False, SM_SCALE=0.10206207261596575, SPARSE_KV_BLOCK_SIZE=128, SPARSE_Q_BLOCK_SIZE=128, USE_TMA=False, V_HEAD_DIM=64, V_HEAD_DIM_ROUNDED=64, WRITE_DQ=True, num_stages=4, num_warps=4
[rank3]:  triton_flex_attention_backward_31 2.8016 ms 58.8% BLOCKS_ARE_CONTIGUOUS=False, BLOCK_M1=64, BLOCK_M2=64, BLOCK_N1=64, BLOCK_N2=64, FLOAT32_PRECISION="'ieee'", GQA_SHARED_HEADS=1, HAS_FULL_BLOCKS=True, IS_DIVISIBLE=False, OUTPUT_LOGSUMEXP=True, OUTPUT_MAX=False, PRESCALE_QK=False, QK_HEAD_DIM=96, QK_HEAD_DIM_ROUNDED=128, ROWS_GUARANTEED_SAFE=False, SAFE_HEAD_DIM=False, SM_SCALE=0.10206207261596575, SPARSE_KV_BLOCK_SIZE=128, SPARSE_Q_BLOCK_SIZE=128, USE_TMA=False, V_HEAD_DIM=64, V_HEAD_DIM_ROUNDED=64, WRITE_DQ=True, num_stages=5, num_warps=4
[rank3]:  triton_flex_attention_backward_22 4.2846 ms 38.4% BLOCKS_ARE_CONTIGUOUS=False, BLOCK_M1=32, BLOCK_M2=32, BLOCK_N1=32, BLOCK_N2=32, FLOAT32_PRECISION="'ieee'", GQA_SHARED_HEADS=1, HAS_FULL_BLOCKS=True, IS_DIVISIBLE=False, OUTPUT_LOGSUMEXP=True, OUTPUT_MAX=False, PRESCALE_QK=False, QK_HEAD_DIM=96, QK_HEAD_DIM_ROUNDED=128, ROWS_GUARANTEED_SAFE=False, SAFE_HEAD_DIM=False, SM_SCALE=0.10206207261596575, SPARSE_KV_BLOCK_SIZE=128, SPARSE_Q_BLOCK_SIZE=128, USE_TMA=False, V_HEAD_DIM=64, V_HEAD_DIM_ROUNDED=64, WRITE_DQ=True, num_stages=4, num_warps=4
[rank3]:SingleProcess AUTOTUNE benchmarking takes 0.7274 seconds and 3.5894 seconds precompiling for 13 choices
[rank2]:Autotune Choices Stats:
[rank2]:{"num_choices": 13, "num_triton_choices": 13, "best_kernel": "triton_flex_attention_backward_32", "best_kernel_desc": "BLOCKS_ARE_CONTIGUOUS=False, BLOCK_M1=64, BLOCK_M2=128, BLOCK_N1=128, BLOCK_N2=64, FLOAT32_PRECISION=\"'ieee'\", GQA_SHARED_HEADS=1, HAS_FULL_BLOCKS=True, IS_DIVISIBLE=False, OUTPUT_LOGSUMEXP=True, OUTPUT_MAX=False, PRESCALE_QK=False, QK_HEAD_DIM=96, QK_HEAD_DIM_ROUNDED=128, ROWS_GUARANTEED_SAFE=False, SAFE_HEAD_DIM=False, SM_SCALE=0.10206207261596575, SPARSE_KV_BLOCK_SIZE=128, SPARSE_Q_BLOCK_SIZE=128, USE_TMA=False, V_HEAD_DIM=64, V_HEAD_DIM_ROUNDED=64, WRITE_DQ=True, num_stages=3, num_warps=8", "best_time": 1.646239995956421, "best_triton_pos": 0}
[rank2]:AUTOTUNE flex_attention_backward(1x48x2048x96, 1x48x2048x96, 1x48x2048x64, 1x48x2048, 1x48x2048, 1x48x2048x64, 1x48x2048x96, 1x48x2048x64, 1x1x16, 1x1x16x16, 1x1x16, 1x1x16x16, 1x1x16, 1x1x16x16, 1x1x16, 1x1x16x16, 2048, 2176)
[rank2]:strides: [4608, 96, 4608, 1], [4608, 96, 4608, 1], [48*s73, s73, 48*s73, 1], [48*Max(1, s37), Max(1, s37), 1], [48*s37, s37, 1], [3072*Max(1, s37), 64*Max(1, s37), 64, 1], [4608*s37, 96, 4608, 1], [3072*s0, 64, 3072, 1], [s99, s99, 1], [s22*s72, s22*s72, s72, 1], [s56, s56, 1], [s53*s84, s53*s84, s53, 1], [s94, s94, 1], [s28*s4, s28*s4, s4, 1], [s100, s100, 1], [s11*s5, s11*s5, s11, 1], [1], [1]
[rank2]:dtypes: torch.bfloat16, torch.bfloat16, torch.bfloat16, torch.float32, torch.float32, torch.bfloat16, torch.bfloat16, torch.bfloat16, torch.int32, torch.int32, torch.int32, torch.int32, torch.int32, torch.int32, torch.int32, torch.int32, torch.int32, torch.int32
[rank2]:  triton_flex_attention_backward_32 1.6462 ms 100.0% BLOCKS_ARE_CONTIGUOUS=False, BLOCK_M1=64, BLOCK_M2=128, BLOCK_N1=128, BLOCK_N2=64, FLOAT32_PRECISION="'ieee'", GQA_SHARED_HEADS=1, HAS_FULL_BLOCKS=True, IS_DIVISIBLE=False, OUTPUT_LOGSUMEXP=True, OUTPUT_MAX=False, PRESCALE_QK=False, QK_HEAD_DIM=96, QK_HEAD_DIM_ROUNDED=128, ROWS_GUARANTEED_SAFE=False, SAFE_HEAD_DIM=False, SM_SCALE=0.10206207261596575, SPARSE_KV_BLOCK_SIZE=128, SPARSE_Q_BLOCK_SIZE=128, USE_TMA=False, V_HEAD_DIM=64, V_HEAD_DIM_ROUNDED=64, WRITE_DQ=True, num_stages=3, num_warps=8
[rank2]:  triton_flex_attention_backward_29 1.8235 ms 90.3% BLOCKS_ARE_CONTIGUOUS=False, BLOCK_M1=64, BLOCK_M2=64, BLOCK_N1=64, BLOCK_N2=64, FLOAT32_PRECISION="'ieee'", GQA_SHARED_HEADS=1, HAS_FULL_BLOCKS=True, IS_DIVISIBLE=False, OUTPUT_LOGSUMEXP=True, OUTPUT_MAX=False, PRESCALE_QK=False, QK_HEAD_DIM=96, QK_HEAD_DIM_ROUNDED=128, ROWS_GUARANTEED_SAFE=False, SAFE_HEAD_DIM=False, SM_SCALE=0.10206207261596575, SPARSE_KV_BLOCK_SIZE=128, SPARSE_Q_BLOCK_SIZE=128, USE_TMA=False, V_HEAD_DIM=64, V_HEAD_DIM_ROUNDED=64, WRITE_DQ=True, num_stages=3, num_warps=4
[rank2]:  triton_flex_attention_backward_27 1.9747 ms 83.4% BLOCKS_ARE_CONTIGUOUS=False, BLOCK_M1=32, BLOCK_M2=64, BLOCK_N1=64, BLOCK_N2=32, FLOAT32_PRECISION="'ieee'", GQA_SHARED_HEADS=1, HAS_FULL_BLOCKS=True, IS_DIVISIBLE=False, OUTPUT_LOGSUMEXP=True, OUTPUT_MAX=False, PRESCALE_QK=False, QK_HEAD_DIM=96, QK_HEAD_DIM_ROUNDED=128, ROWS_GUARANTEED_SAFE=False, SAFE_HEAD_DIM=False, SM_SCALE=0.10206207261596575, SPARSE_KV_BLOCK_SIZE=128, SPARSE_Q_BLOCK_SIZE=128, USE_TMA=False, V_HEAD_DIM=64, V_HEAD_DIM_ROUNDED=64, WRITE_DQ=True, num_stages=5, num_warps=4
[rank2]:  triton_flex_attention_backward_25 2.0098 ms 81.9% BLOCKS_ARE_CONTIGUOUS=False, BLOCK_M1=32, BLOCK_M2=64, BLOCK_N1=64, BLOCK_N2=32, FLOAT32_PRECISION="'ieee'", GQA_SHARED_HEADS=1, HAS_FULL_BLOCKS=True, IS_DIVISIBLE=False, OUTPUT_LOGSUMEXP=True, OUTPUT_MAX=False, PRESCALE_QK=False, QK_HEAD_DIM=96, QK_HEAD_DIM_ROUNDED=128, ROWS_GUARANTEED_SAFE=False, SAFE_HEAD_DIM=False, SM_SCALE=0.10206207261596575, SPARSE_KV_BLOCK_SIZE=128, SPARSE_Q_BLOCK_SIZE=128, USE_TMA=False, V_HEAD_DIM=64, V_HEAD_DIM_ROUNDED=64, WRITE_DQ=True, num_stages=3, num_warps=4
[rank2]:  triton_flex_attention_backward_26 2.0180 ms 81.6% BLOCKS_ARE_CONTIGUOUS=False, BLOCK_M1=32, BLOCK_M2=64, BLOCK_N1=64, BLOCK_N2=32, FLOAT32_PRECISION="'ieee'", GQA_SHARED_HEADS=1, HAS_FULL_BLOCKS=True, IS_DIVISIBLE=False, OUTPUT_LOGSUMEXP=True, OUTPUT_MAX=False, PRESCALE_QK=False, QK_HEAD_DIM=96, QK_HEAD_DIM_ROUNDED=128, ROWS_GUARANTEED_SAFE=False, SAFE_HEAD_DIM=False, SM_SCALE=0.10206207261596575, SPARSE_KV_BLOCK_SIZE=128, SPARSE_Q_BLOCK_SIZE=128, USE_TMA=False, V_HEAD_DIM=64, V_HEAD_DIM_ROUNDED=64, WRITE_DQ=True, num_stages=4, num_warps=4
[rank2]:  triton_flex_attention_backward_28 2.2954 ms 71.7% BLOCKS_ARE_CONTIGUOUS=False, BLOCK_M1=64, BLOCK_M2=64, BLOCK_N1=64, BLOCK_N2=64, FLOAT32_PRECISION="'ieee'", GQA_SHARED_HEADS=1, HAS_FULL_BLOCKS=True, IS_DIVISIBLE=False, OUTPUT_LOGSUMEXP=True, OUTPUT_MAX=False, PRESCALE_QK=False, QK_HEAD_DIM=96, QK_HEAD_DIM_ROUNDED=128, ROWS_GUARANTEED_SAFE=False, SAFE_HEAD_DIM=False, SM_SCALE=0.10206207261596575, SPARSE_KV_BLOCK_SIZE=128, SPARSE_Q_BLOCK_SIZE=128, USE_TMA=False, V_HEAD_DIM=64, V_HEAD_DIM_ROUNDED=64, WRITE_DQ=True, num_stages=1, num_warps=4
[rank2]:  triton_flex_attention_backward_24 2.3992 ms 68.6% BLOCKS_ARE_CONTIGUOUS=False, BLOCK_M1=32, BLOCK_M2=64, BLOCK_N1=64, BLOCK_N2=32, FLOAT32_PRECISION="'ieee'", GQA_SHARED_HEADS=1, HAS_FULL_BLOCKS=True, IS_DIVISIBLE=False, OUTPUT_LOGSUMEXP=True, OUTPUT_MAX=False, PRESCALE_QK=False, QK_HEAD_DIM=96, QK_HEAD_DIM_ROUNDED=128, ROWS_GUARANTEED_SAFE=False, SAFE_HEAD_DIM=False, SM_SCALE=0.10206207261596575, SPARSE_KV_BLOCK_SIZE=128, SPARSE_Q_BLOCK_SIZE=128, USE_TMA=False, V_HEAD_DIM=64, V_HEAD_DIM_ROUNDED=64, WRITE_DQ=True, num_stages=1, num_warps=4
[rank2]:  triton_flex_attention_backward_30 2.7964 ms 58.9% BLOCKS_ARE_CONTIGUOUS=False, BLOCK_M1=64, BLOCK_M2=64, BLOCK_N1=64, BLOCK_N2=64, FLOAT32_PRECISION="'ieee'", GQA_SHARED_HEADS=1, HAS_FULL_BLOCKS=True, IS_DIVISIBLE=False, OUTPUT_LOGSUMEXP=True, OUTPUT_MAX=False, PRESCALE_QK=False, QK_HEAD_DIM=96, QK_HEAD_DIM_ROUNDED=128, ROWS_GUARANTEED_SAFE=False, SAFE_HEAD_DIM=False, SM_SCALE=0.10206207261596575, SPARSE_KV_BLOCK_SIZE=128, SPARSE_Q_BLOCK_SIZE=128, USE_TMA=False, V_HEAD_DIM=64, V_HEAD_DIM_ROUNDED=64, WRITE_DQ=True, num_stages=4, num_warps=4
[rank2]:  triton_flex_attention_backward_31 2.7980 ms 58.8% BLOCKS_ARE_CONTIGUOUS=False, BLOCK_M1=64, BLOCK_M2=64, BLOCK_N1=64, BLOCK_N2=64, FLOAT32_PRECISION="'ieee'", GQA_SHARED_HEADS=1, HAS_FULL_BLOCKS=True, IS_DIVISIBLE=False, OUTPUT_LOGSUMEXP=True, OUTPUT_MAX=False, PRESCALE_QK=False, QK_HEAD_DIM=96, QK_HEAD_DIM_ROUNDED=128, ROWS_GUARANTEED_SAFE=False, SAFE_HEAD_DIM=False, SM_SCALE=0.10206207261596575, SPARSE_KV_BLOCK_SIZE=128, SPARSE_Q_BLOCK_SIZE=128, USE_TMA=False, V_HEAD_DIM=64, V_HEAD_DIM_ROUNDED=64, WRITE_DQ=True, num_stages=5, num_warps=4
[rank2]:  triton_flex_attention_backward_21 4.3069 ms 38.2% BLOCKS_ARE_CONTIGUOUS=False, BLOCK_M1=32, BLOCK_M2=32, BLOCK_N1=32, BLOCK_N2=32, FLOAT32_PRECISION="'ieee'", GQA_SHARED_HEADS=1, HAS_FULL_BLOCKS=True, IS_DIVISIBLE=False, OUTPUT_LOGSUMEXP=True, OUTPUT_MAX=False, PRESCALE_QK=False, QK_HEAD_DIM=96, QK_HEAD_DIM_ROUNDED=128, ROWS_GUARANTEED_SAFE=False, SAFE_HEAD_DIM=False, SM_SCALE=0.10206207261596575, SPARSE_KV_BLOCK_SIZE=128, SPARSE_Q_BLOCK_SIZE=128, USE_TMA=False, V_HEAD_DIM=64, V_HEAD_DIM_ROUNDED=64, WRITE_DQ=True, num_stages=3, num_warps=4
[rank2]:SingleProcess AUTOTUNE benchmarking takes 0.7259 seconds and 3.5787 seconds precompiling for 13 choices
[rank3]:/root/mep/venv_src/lib/python3.12/site-packages/spmd_types/_collectives.py:633: FutureWarning: `torch.distributed._functional_collectives.reduce_scatter_tensor` is deprecated. Please use `torch.distributed._functional_collectives.reduce_scatter_single` instead.
[rank3]:  result = funcol.reduce_scatter_tensor(x, "sum", scatter_dim, pg)
[rank3]:/root/mep/venv_src/lib/python3.12/site-packages/spmd_types/_collectives.py:305: FutureWarning: `torch.distributed._functional_collectives.all_gather_tensor` is deprecated. Please use `torch.distributed._functional_collectives.all_gather_single` instead.
[rank3]:  result = funcol.all_gather_tensor(x, gather_dim, pg)
[rank3]:/root/mep/venv_src/lib/python3.12/site-packages/torch/distributed/fsdp/_fully_shard/_fsdp_state.py:336: UserWarning: FSDP2-wrapped module (FSDPCheckpointWrapper) returned a view tensor. An in-place op on this view (e.g., `x += y`) will silently drop the pre-backward hook and skip the all-gather, which can cause backward to fail or produce wrong gradients. Use out-of-place ops (`out = out + y`, not `out += y`) or `.clone()` the output before any in-place op.
[rank3]:  output = self._register_pre_backward_hook(output)
[rank2]:/root/mep/venv_src/lib/python3.12/site-packages/spmd_types/_collectives.py:633: FutureWarning: `torch.distributed._functional_collectives.reduce_scatter_tensor` is deprecated. Please use `torch.distributed._functional_collectives.reduce_scatter_single` instead.
[rank2]:  result = funcol.reduce_scatter_tensor(x, "sum", scatter_dim, pg)
[rank2]:/root/mep/venv_src/lib/python3.12/site-packages/spmd_types/_collectives.py:305: FutureWarning: `torch.distributed._functional_collectives.all_gather_tensor` is deprecated. Please use `torch.distributed._functional_collectives.all_gather_single` instead.
[rank2]:  result = funcol.all_gather_tensor(x, gather_dim, pg)
[rank2]:/root/mep/venv_src/lib/python3.12/site-packages/torch/distributed/fsdp/_fully_shard/_fsdp_state.py:336: UserWarning: FSDP2-wrapped module (FSDPCheckpointWrapper) returned a view tensor. An in-place op on this view (e.g., `x += y`) will silently drop the pre-backward hook and skip the all-gather, which can cause backward to fail or produce wrong gradients. Use out-of-place ops (`out = out + y`, not `out += y`) or `.clone()` the output before any in-place op.
[rank2]:  output = self._register_pre_backward_hook(output)
[rank0]:Autotune Choices Stats:
[rank0]:{"num_choices": 6, "num_triton_choices": 6, "best_kernel": "triton_flex_attention_27", "best_kernel_desc": "BLOCKS_ARE_CONTIGUOUS=False, BLOCK_M=128, BLOCK_N=64, FLOAT32_PRECISION=\"'ieee'\", GQA_SHARED_HEADS=1, HAS_FULL_BLOCKS=True, IS_DIVISIBLE=False, OUTPUT_LOGSUMEXP=True, OUTPUT_MAX=False, PRESCALE_QK=False, QK_HEAD_DIM=96, QK_HEAD_DIM_ROUNDED=128, ROWS_GUARANTEED_SAFE=False, SAFE_HEAD_DIM=False, SM_SCALE=0.10206207261596575, SPARSE_KV_BLOCK_SIZE=128, SPARSE_Q_BLOCK_SIZE=128, USE_TMA=False, V_HEAD_DIM=64, V_HEAD_DIM_ROUNDED=64, WRITE_DQ=True, num_stages=3, num_warps=4", "best_time": 0.5890880227088928, "best_triton_pos": 0}
[rank0]:AUTOTUNE flex_attention(1x48x2048x96, 1x48x2048x96, 1x48x2048x64, 1x48x2048, 1x48x2048, 1x1x16, 1x1x16x16, 1x1x16, 1x1x16x16, 2048, 2176)
[rank0]:strides: [4608, 96, 4608, 1], [4608, 96, 4608, 1], [48*s73, s73, 48*s73, 1], [48*s37, s37, 1], [48*s37, s37, 1], [s99, s99, 1], [s22*s72, s22*s72, s72, 1], [s94, s94, 1], [s28*s4, s28*s4, s4, 1], [1], [1]
[rank0]:dtypes: torch.bfloat16, torch.bfloat16, torch.bfloat16, torch.float32, torch.float32, torch.int32, torch.int32, torch.int32, torch.int32, torch.int32, torch.int32
[rank0]:  triton_flex_attention_27 0.5891 ms 100.0% BLOCKS_ARE_CONTIGUOUS=False, BLOCK_M=128, BLOCK_N=64, FLOAT32_PRECISION="'ieee'", GQA_SHARED_HEADS=1, HAS_FULL_BLOCKS=True, IS_DIVISIBLE=False, OUTPUT_LOGSUMEXP=True, OUTPUT_MAX=False, PRESCALE_QK=False, QK_HEAD_DIM=96, QK_HEAD_DIM_ROUNDED=128, ROWS_GUARANTEED_SAFE=False, SAFE_HEAD_DIM=False, SM_SCALE=0.10206207261596575, SPARSE_KV_BLOCK_SIZE=128, SPARSE_Q_BLOCK_SIZE=128, USE_TMA=False, V_HEAD_DIM=64, V_HEAD_DIM_ROUNDED=64, WRITE_DQ=True, num_stages=3, num_warps=4
[rank0]:  triton_flex_attention_29 0.7022 ms 83.9% BLOCKS_ARE_CONTIGUOUS=False, BLOCK_M=128, BLOCK_N=128, FLOAT32_PRECISION="'ieee'", GQA_SHARED_HEADS=1, HAS_FULL_BLOCKS=True, IS_DIVISIBLE=False, OUTPUT_LOGSUMEXP=True, OUTPUT_MAX=False, PRESCALE_QK=False, QK_HEAD_DIM=96, QK_HEAD_DIM_ROUNDED=128, ROWS_GUARANTEED_SAFE=False, SAFE_HEAD_DIM=False, SM_SCALE=0.10206207261596575, SPARSE_KV_BLOCK_SIZE=128, SPARSE_Q_BLOCK_SIZE=128, USE_TMA=False, V_HEAD_DIM=64, V_HEAD_DIM_ROUNDED=64, WRITE_DQ=True, num_stages=2, num_warps=8
[rank0]:  triton_flex_attention_32 0.7102 ms 82.9% BLOCKS_ARE_CONTIGUOUS=False, BLOCK_M=64, BLOCK_N=64, FLOAT32_PRECISION="'ieee'", GQA_SHARED_HEADS=1, HAS_FULL_BLOCKS=True, IS_DIVISIBLE=False, OUTPUT_LOGSUMEXP=True, OUTPUT_MAX=False, PRESCALE_QK=False, QK_HEAD_DIM=96, QK_HEAD_DIM_ROUNDED=128, ROWS_GUARANTEED_SAFE=False, SAFE_HEAD_DIM=False, SM_SCALE=0.10206207261596575, SPARSE_KV_BLOCK_SIZE=128, SPARSE_Q_BLOCK_SIZE=128, USE_TMA=False, V_HEAD_DIM=64, V_HEAD_DIM_ROUNDED=64, WRITE_DQ=True, num_stages=3, num_warps=4
[rank0]:  triton_flex_attention_30 0.7339 ms 80.3% BLOCKS_ARE_CONTIGUOUS=False, BLOCK_M=128, BLOCK_N=128, FLOAT32_PRECISION="'ieee'", GQA_SHARED_HEADS=1, HAS_FULL_BLOCKS=True, IS_DIVISIBLE=False, OUTPUT_LOGSUMEXP=True, OUTPUT_MAX=False, PRESCALE_QK=False, QK_HEAD_DIM=96, QK_HEAD_DIM_ROUNDED=128, ROWS_GUARANTEED_SAFE=False, SAFE_HEAD_DIM=False, SM_SCALE=0.10206207261596575, SPARSE_KV_BLOCK_SIZE=128, SPARSE_Q_BLOCK_SIZE=128, USE_TMA=False, V_HEAD_DIM=64, V_HEAD_DIM_ROUNDED=64, WRITE_DQ=True, num_stages=1, num_warps=8
[rank0]:  triton_flex_attention_31 0.9600 ms 61.4% BLOCKS_ARE_CONTIGUOUS=False, BLOCK_M=64, BLOCK_N=128, FLOAT32_PRECISION="'ieee'", GQA_SHARED_HEADS=1, HAS_FULL_BLOCKS=True, IS_DIVISIBLE=False, OUTPUT_LOGSUMEXP=True, OUTPUT_MAX=False, PRESCALE_QK=False, QK_HEAD_DIM=96, QK_HEAD_DIM_ROUNDED=128, ROWS_GUARANTEED_SAFE=False, SAFE_HEAD_DIM=False, SM_SCALE=0.10206207261596575, SPARSE_KV_BLOCK_SIZE=128, SPARSE_Q_BLOCK_SIZE=128, USE_TMA=False, V_HEAD_DIM=64, V_HEAD_DIM_ROUNDED=64, WRITE_DQ=True, num_stages=3, num_warps=4
[rank0]:  triton_flex_attention_28 1.8775 ms 31.4% BLOCKS_ARE_CONTIGUOUS=False, BLOCK_M=128, BLOCK_N=128, FLOAT32_PRECISION="'ieee'", GQA_SHARED_HEADS=1, HAS_FULL_BLOCKS=True, IS_DIVISIBLE=False, OUTPUT_LOGSUMEXP=True, OUTPUT_MAX=False, PRESCALE_QK=False, QK_HEAD_DIM=96, QK_HEAD_DIM_ROUNDED=128, ROWS_GUARANTEED_SAFE=False, SAFE_HEAD_DIM=False, SM_SCALE=0.10206207261596575, SPARSE_KV_BLOCK_SIZE=128, SPARSE_Q_BLOCK_SIZE=128, USE_TMA=False, V_HEAD_DIM=64, V_HEAD_DIM_ROUNDED=64, WRITE_DQ=True, num_stages=3, num_warps=4
[rank0]:SingleProcess AUTOTUNE benchmarking takes 0.2503 seconds and 0.0209 seconds precompiling for 6 choices
[rank1]:Autotune Choices Stats:
[rank1]:{"num_choices": 6, "num_triton_choices": 6, "best_kernel": "triton_flex_attention_27", "best_kernel_desc": "BLOCKS_ARE_CONTIGUOUS=False, BLOCK_M=128, BLOCK_N=64, FLOAT32_PRECISION=\"'ieee'\", GQA_SHARED_HEADS=1, HAS_FULL_BLOCKS=True, IS_DIVISIBLE=False, OUTPUT_LOGSUMEXP=True, OUTPUT_MAX=False, PRESCALE_QK=False, QK_HEAD_DIM=96, QK_HEAD_DIM_ROUNDED=128, ROWS_GUARANTEED_SAFE=False, SAFE_HEAD_DIM=False, SM_SCALE=0.10206207261596575, SPARSE_KV_BLOCK_SIZE=128, SPARSE_Q_BLOCK_SIZE=128, USE_TMA=False, V_HEAD_DIM=64, V_HEAD_DIM_ROUNDED=64, WRITE_DQ=True, num_stages=3, num_warps=4", "best_time": 0.5856959819793701, "best_triton_pos": 0}
[rank1]:AUTOTUNE flex_attention(1x48x2048x96, 1x48x2048x96, 1x48x2048x64, 1x48x2048, 1x48x2048, 1x1x16, 1x1x16x16, 1x1x16, 1x1x16x16, 2048, 2176)
[rank1]:strides: [4608, 96, 4608, 1], [4608, 96, 4608, 1], [48*s73, s73, 48*s73, 1], [48*s37, s37, 1], [48*s37, s37, 1], [s99, s99, 1], [s22*s72, s22*s72, s72, 1], [s94, s94, 1], [s28*s4, s28*s4, s4, 1], [1], [1]
[rank1]:dtypes: torch.bfloat16, torch.bfloat16, torch.bfloat16, torch.float32, torch.float32, torch.int32, torch.int32, torch.int32, torch.int32, torch.int32, torch.int32
[rank1]:  triton_flex_attention_27 0.5857 ms 100.0% BLOCKS_ARE_CONTIGUOUS=False, BLOCK_M=128, BLOCK_N=64, FLOAT32_PRECISION="'ieee'", GQA_SHARED_HEADS=1, HAS_FULL_BLOCKS=True, IS_DIVISIBLE=False, OUTPUT_LOGSUMEXP=True, OUTPUT_MAX=False, PRESCALE_QK=False, QK_HEAD_DIM=96, QK_HEAD_DIM_ROUNDED=128, ROWS_GUARANTEED_SAFE=False, SAFE_HEAD_DIM=False, SM_SCALE=0.10206207261596575, SPARSE_KV_BLOCK_SIZE=128, SPARSE_Q_BLOCK_SIZE=128, USE_TMA=False, V_HEAD_DIM=64, V_HEAD_DIM_ROUNDED=64, WRITE_DQ=True, num_stages=3, num_warps=4
[rank1]:  triton_flex_attention_29 0.6928 ms 84.5% BLOCKS_ARE_CONTIGUOUS=False, BLOCK_M=128, BLOCK_N=128, FLOAT32_PRECISION="'ieee'", GQA_SHARED_HEADS=1, HAS_FULL_BLOCKS=True, IS_DIVISIBLE=False, OUTPUT_LOGSUMEXP=True, OUTPUT_MAX=False, PRESCALE_QK=False, QK_HEAD_DIM=96, QK_HEAD_DIM_ROUNDED=128, ROWS_GUARANTEED_SAFE=False, SAFE_HEAD_DIM=False, SM_SCALE=0.10206207261596575, SPARSE_KV_BLOCK_SIZE=128, SPARSE_Q_BLOCK_SIZE=128, USE_TMA=False, V_HEAD_DIM=64, V_HEAD_DIM_ROUNDED=64, WRITE_DQ=True, num_stages=2, num_warps=8
[rank1]:  triton_flex_attention_32 0.7064 ms 82.9% BLOCKS_ARE_CONTIGUOUS=False, BLOCK_M=64, BLOCK_N=64, FLOAT32_PRECISION="'ieee'", GQA_SHARED_HEADS=1, HAS_FULL_BLOCKS=True, IS_DIVISIBLE=False, OUTPUT_LOGSUMEXP=True, OUTPUT_MAX=False, PRESCALE_QK=False, QK_HEAD_DIM=96, QK_HEAD_DIM_ROUNDED=128, ROWS_GUARANTEED_SAFE=False, SAFE_HEAD_DIM=False, SM_SCALE=0.10206207261596575, SPARSE_KV_BLOCK_SIZE=128, SPARSE_Q_BLOCK_SIZE=128, USE_TMA=False, V_HEAD_DIM=64, V_HEAD_DIM_ROUNDED=64, WRITE_DQ=True, num_stages=3, num_warps=4
[rank1]:  triton_flex_attention_30 0.7348 ms 79.7% BLOCKS_ARE_CONTIGUOUS=False, BLOCK_M=128, BLOCK_N=128, FLOAT32_PRECISION="'ieee'", GQA_SHARED_HEADS=1, HAS_FULL_BLOCKS=True, IS_DIVISIBLE=False, OUTPUT_LOGSUMEXP=True, OUTPUT_MAX=False, PRESCALE_QK=False, QK_HEAD_DIM=96, QK_HEAD_DIM_ROUNDED=128, ROWS_GUARANTEED_SAFE=False, SAFE_HEAD_DIM=False, SM_SCALE=0.10206207261596575, SPARSE_KV_BLOCK_SIZE=128, SPARSE_Q_BLOCK_SIZE=128, USE_TMA=False, V_HEAD_DIM=64, V_HEAD_DIM_ROUNDED=64, WRITE_DQ=True, num_stages=1, num_warps=8
[rank1]:  triton_flex_attention_31 0.9606 ms 61.0% BLOCKS_ARE_CONTIGUOUS=False, BLOCK_M=64, BLOCK_N=128, FLOAT32_PRECISION="'ieee'", GQA_SHARED_HEADS=1, HAS_FULL_BLOCKS=True, IS_DIVISIBLE=False, OUTPUT_LOGSUMEXP=True, OUTPUT_MAX=False, PRESCALE_QK=False, QK_HEAD_DIM=96, QK_HEAD_DIM_ROUNDED=128, ROWS_GUARANTEED_SAFE=False, SAFE_HEAD_DIM=False, SM_SCALE=0.10206207261596575, SPARSE_KV_BLOCK_SIZE=128, SPARSE_Q_BLOCK_SIZE=128, USE_TMA=False, V_HEAD_DIM=64, V_HEAD_DIM_ROUNDED=64, WRITE_DQ=True, num_stages=3, num_warps=4
[rank1]:  triton_flex_attention_28 1.8793 ms 31.2% BLOCKS_ARE_CONTIGUOUS=False, BLOCK_M=128, BLOCK_N=128, FLOAT32_PRECISION="'ieee'", GQA_SHARED_HEADS=1, HAS_FULL_BLOCKS=True, IS_DIVISIBLE=False, OUTPUT_LOGSUMEXP=True, OUTPUT_MAX=False, PRESCALE_QK=False, QK_HEAD_DIM=96, QK_HEAD_DIM_ROUNDED=128, ROWS_GUARANTEED_SAFE=False, SAFE_HEAD_DIM=False, SM_SCALE=0.10206207261596575, SPARSE_KV_BLOCK_SIZE=128, SPARSE_Q_BLOCK_SIZE=128, USE_TMA=False, V_HEAD_DIM=64, V_HEAD_DIM_ROUNDED=64, WRITE_DQ=True, num_stages=3, num_warps=4
[rank1]:SingleProcess AUTOTUNE benchmarking takes 0.2517 seconds and 0.0214 seconds precompiling for 6 choices
[rank0]:Autotune Choices Stats:
[rank0]:{"num_choices": 13, "num_triton_choices": 13, "best_kernel": "triton_flex_attention_backward_45", "best_kernel_desc": "BLOCKS_ARE_CONTIGUOUS=False, BLOCK_M1=64, BLOCK_M2=128, BLOCK_N1=128, BLOCK_N2=64, FLOAT32_PRECISION=\"'ieee'\", GQA_SHARED_HEADS=1, HAS_FULL_BLOCKS=True, IS_DIVISIBLE=False, OUTPUT_LOGSUMEXP=True, OUTPUT_MAX=False, PRESCALE_QK=False, QK_HEAD_DIM=96, QK_HEAD_DIM_ROUNDED=128, ROWS_GUARANTEED_SAFE=False, SAFE_HEAD_DIM=False, SM_SCALE=0.10206207261596575, SPARSE_KV_BLOCK_SIZE=128, SPARSE_Q_BLOCK_SIZE=128, USE_TMA=False, V_HEAD_DIM=64, V_HEAD_DIM_ROUNDED=64, WRITE_DQ=True, num_stages=3, num_warps=8", "best_time": 1.6601279973983765, "best_triton_pos": 0}
[rank0]:AUTOTUNE flex_attention_backward(1x48x2048x96, 1x48x2048x96, 1x48x2048x64, 1x48x2048, 1x48x2048, 1x48x2048x64, 1x48x2048x96, 1x48x2048x64, 1x1x16, 1x1x16x16, 1x1x16, 1x1x16x16, 1x1x16, 1x1x16x16, 1x1x16, 1x1x16x16, 2048, 2176)
[rank0]:strides: [4608, 96, 4608, 1], [4608, 96, 4608, 1], [48*s73, s73, 48*s73, 1], [48*Max(1, s37), Max(1, s37), 1], [48*s37, s37, 1], [3072*Max(1, s37), 64*Max(1, s37), 64, 1], [4608*s37, 96, 4608, 1], [3072*s0, 64, 3072, 1], [s99, s99, 1], [s22*s72, s22*s72, s72, 1], [s56, s56, 1], [s53*s84, s53*s84, s53, 1], [s94, s94, 1], [s28*s4, s28*s4, s4, 1], [s100, s100, 1], [s11*s5, s11*s5, s11, 1], [1], [1]
[rank0]:dtypes: torch.bfloat16, torch.bfloat16, torch.bfloat16, torch.float32, torch.float32, torch.bfloat16, torch.bfloat16, torch.bfloat16, torch.int32, torch.int32, torch.int32, torch.int32, torch.int32, torch.int32, torch.int32, torch.int32, torch.int32, torch.int32
[rank0]:  triton_flex_attention_backward_45 1.6601 ms 100.0% BLOCKS_ARE_CONTIGUOUS=False, BLOCK_M1=64, BLOCK_M2=128, BLOCK_N1=128, BLOCK_N2=64, FLOAT32_PRECISION="'ieee'", GQA_SHARED_HEADS=1, HAS_FULL_BLOCKS=True, IS_DIVISIBLE=False, OUTPUT_LOGSUMEXP=True, OUTPUT_MAX=False, PRESCALE_QK=False, QK_HEAD_DIM=96, QK_HEAD_DIM_ROUNDED=128, ROWS_GUARANTEED_SAFE=False, SAFE_HEAD_DIM=False, SM_SCALE=0.10206207261596575, SPARSE_KV_BLOCK_SIZE=128, SPARSE_Q_BLOCK_SIZE=128, USE_TMA=False, V_HEAD_DIM=64, V_HEAD_DIM_ROUNDED=64, WRITE_DQ=True, num_stages=3, num_warps=8
[rank0]:  triton_flex_attention_backward_42 1.8418 ms 90.1% BLOCKS_ARE_CONTIGUOUS=False, BLOCK_M1=64, BLOCK_M2=64, BLOCK_N1=64, BLOCK_N2=64, FLOAT32_PRECISION="'ieee'", GQA_SHARED_HEADS=1, HAS_FULL_BLOCKS=True, IS_DIVISIBLE=False, OUTPUT_LOGSUMEXP=True, OUTPUT_MAX=False, PRESCALE_QK=False, QK_HEAD_DIM=96, QK_HEAD_DIM_ROUNDED=128, ROWS_GUARANTEED_SAFE=False, SAFE_HEAD_DIM=False, SM_SCALE=0.10206207261596575, SPARSE_KV_BLOCK_SIZE=128, SPARSE_Q_BLOCK_SIZE=128, USE_TMA=False, V_HEAD_DIM=64, V_HEAD_DIM_ROUNDED=64, WRITE_DQ=True, num_stages=3, num_warps=4
[rank0]:  triton_flex_attention_backward_40 1.9905 ms 83.4% BLOCKS_ARE_CONTIGUOUS=False, BLOCK_M1=32, BLOCK_M2=64, BLOCK_N1=64, BLOCK_N2=32, FLOAT32_PRECISION="'ieee'", GQA_SHARED_HEADS=1, HAS_FULL_BLOCKS=True, IS_DIVISIBLE=False, OUTPUT_LOGSUMEXP=True, OUTPUT_MAX=False, PRESCALE_QK=False, QK_HEAD_DIM=96, QK_HEAD_DIM_ROUNDED=128, ROWS_GUARANTEED_SAFE=False, SAFE_HEAD_DIM=False, SM_SCALE=0.10206207261596575, SPARSE_KV_BLOCK_SIZE=128, SPARSE_Q_BLOCK_SIZE=128, USE_TMA=False, V_HEAD_DIM=64, V_HEAD_DIM_ROUNDED=64, WRITE_DQ=True, num_stages=5, num_warps=4
[rank0]:  triton_flex_attention_backward_38 2.0196 ms 82.2% BLOCKS_ARE_CONTIGUOUS=False, BLOCK_M1=32, BLOCK_M2=64, BLOCK_N1=64, BLOCK_N2=32, FLOAT32_PRECISION="'ieee'", GQA_SHARED_HEADS=1, HAS_FULL_BLOCKS=True, IS_DIVISIBLE=False, OUTPUT_LOGSUMEXP=True, OUTPUT_MAX=False, PRESCALE_QK=False, QK_HEAD_DIM=96, QK_HEAD_DIM_ROUNDED=128, ROWS_GUARANTEED_SAFE=False, SAFE_HEAD_DIM=False, SM_SCALE=0.10206207261596575, SPARSE_KV_BLOCK_SIZE=128, SPARSE_Q_BLOCK_SIZE=128, USE_TMA=False, V_HEAD_DIM=64, V_HEAD_DIM_ROUNDED=64, WRITE_DQ=True, num_stages=3, num_warps=4
[rank0]:  triton_flex_attention_backward_39 2.0360 ms 81.5% BLOCKS_ARE_CONTIGUOUS=False, BLOCK_M1=32, BLOCK_M2=64, BLOCK_N1=64, BLOCK_N2=32, FLOAT32_PRECISION="'ieee'", GQA_SHARED_HEADS=1, HAS_FULL_BLOCKS=True, IS_DIVISIBLE=False, OUTPUT_LOGSUMEXP=True, OUTPUT_MAX=False, PRESCALE_QK=False, QK_HEAD_DIM=96, QK_HEAD_DIM_ROUNDED=128, ROWS_GUARANTEED_SAFE=False, SAFE_HEAD_DIM=False, SM_SCALE=0.10206207261596575, SPARSE_KV_BLOCK_SIZE=128, SPARSE_Q_BLOCK_SIZE=128, USE_TMA=False, V_HEAD_DIM=64, V_HEAD_DIM_ROUNDED=64, WRITE_DQ=True, num_stages=4, num_warps=4
[rank0]:  triton_flex_attention_backward_41 2.3205 ms 71.5% BLOCKS_ARE_CONTIGUOUS=False, BLOCK_M1=64, BLOCK_M2=64, BLOCK_N1=64, BLOCK_N2=64, FLOAT32_PRECISION="'ieee'", GQA_SHARED_HEADS=1, HAS_FULL_BLOCKS=True, IS_DIVISIBLE=False, OUTPUT_LOGSUMEXP=True, OUTPUT_MAX=False, PRESCALE_QK=False, QK_HEAD_DIM=96, QK_HEAD_DIM_ROUNDED=128, ROWS_GUARANTEED_SAFE=False, SAFE_HEAD_DIM=False, SM_SCALE=0.10206207261596575, SPARSE_KV_BLOCK_SIZE=128, SPARSE_Q_BLOCK_SIZE=128, USE_TMA=False, V_HEAD_DIM=64, V_HEAD_DIM_ROUNDED=64, WRITE_DQ=True, num_stages=1, num_warps=4
[rank0]:  triton_flex_attention_backward_37 2.4160 ms 68.7% BLOCKS_ARE_CONTIGUOUS=False, BLOCK_M1=32, BLOCK_M2=64, BLOCK_N1=64, BLOCK_N2=32, FLOAT32_PRECISION="'ieee'", GQA_SHARED_HEADS=1, HAS_FULL_BLOCKS=True, IS_DIVISIBLE=False, OUTPUT_LOGSUMEXP=True, OUTPUT_MAX=False, PRESCALE_QK=False, QK_HEAD_DIM=96, QK_HEAD_DIM_ROUNDED=128, ROWS_GUARANTEED_SAFE=False, SAFE_HEAD_DIM=False, SM_SCALE=0.10206207261596575, SPARSE_KV_BLOCK_SIZE=128, SPARSE_Q_BLOCK_SIZE=128, USE_TMA=False, V_HEAD_DIM=64, V_HEAD_DIM_ROUNDED=64, WRITE_DQ=True, num_stages=1, num_warps=4
[rank0]:  triton_flex_attention_backward_43 2.8213 ms 58.8% BLOCKS_ARE_CONTIGUOUS=False, BLOCK_M1=64, BLOCK_M2=64, BLOCK_N1=64, BLOCK_N2=64, FLOAT32_PRECISION="'ieee'", GQA_SHARED_HEADS=1, HAS_FULL_BLOCKS=True, IS_DIVISIBLE=False, OUTPUT_LOGSUMEXP=True, OUTPUT_MAX=False, PRESCALE_QK=False, QK_HEAD_DIM=96, QK_HEAD_DIM_ROUNDED=128, ROWS_GUARANTEED_SAFE=False, SAFE_HEAD_DIM=False, SM_SCALE=0.10206207261596575, SPARSE_KV_BLOCK_SIZE=128, SPARSE_Q_BLOCK_SIZE=128, USE_TMA=False, V_HEAD_DIM=64, V_HEAD_DIM_ROUNDED=64, WRITE_DQ=True, num_stages=4, num_warps=4
[rank0]:  triton_flex_attention_backward_44 2.8214 ms 58.8% BLOCKS_ARE_CONTIGUOUS=False, BLOCK_M1=64, BLOCK_M2=64, BLOCK_N1=64, BLOCK_N2=64, FLOAT32_PRECISION="'ieee'", GQA_SHARED_HEADS=1, HAS_FULL_BLOCKS=True, IS_DIVISIBLE=False, OUTPUT_LOGSUMEXP=True, OUTPUT_MAX=False, PRESCALE_QK=False, QK_HEAD_DIM=96, QK_HEAD_DIM_ROUNDED=128, ROWS_GUARANTEED_SAFE=False, SAFE_HEAD_DIM=False, SM_SCALE=0.10206207261596575, SPARSE_KV_BLOCK_SIZE=128, SPARSE_Q_BLOCK_SIZE=128, USE_TMA=False, V_HEAD_DIM=64, V_HEAD_DIM_ROUNDED=64, WRITE_DQ=True, num_stages=5, num_warps=4
[rank0]:  triton_flex_attention_backward_35 4.2726 ms 38.9% BLOCKS_ARE_CONTIGUOUS=False, BLOCK_M1=32, BLOCK_M2=32, BLOCK_N1=32, BLOCK_N2=32, FLOAT32_PRECISION="'ieee'", GQA_SHARED_HEADS=1, HAS_FULL_BLOCKS=True, IS_DIVISIBLE=False, OUTPUT_LOGSUMEXP=True, OUTPUT_MAX=False, PRESCALE_QK=False, QK_HEAD_DIM=96, QK_HEAD_DIM_ROUNDED=128, ROWS_GUARANTEED_SAFE=False, SAFE_HEAD_DIM=False, SM_SCALE=0.10206207261596575, SPARSE_KV_BLOCK_SIZE=128, SPARSE_Q_BLOCK_SIZE=128, USE_TMA=False, V_HEAD_DIM=64, V_HEAD_DIM_ROUNDED=64, WRITE_DQ=True, num_stages=4, num_warps=4
[rank0]:SingleProcess AUTOTUNE benchmarking takes 0.7494 seconds and 0.0492 seconds precompiling for 13 choices
[rank1]:Autotune Choices Stats:
[rank1]:{"num_choices": 13, "num_triton_choices": 13, "best_kernel": "triton_flex_attention_backward_45", "best_kernel_desc": "BLOCKS_ARE_CONTIGUOUS=False, BLOCK_M1=64, BLOCK_M2=128, BLOCK_N1=128, BLOCK_N2=64, FLOAT32_PRECISION=\"'ieee'\", GQA_SHARED_HEADS=1, HAS_FULL_BLOCKS=True, IS_DIVISIBLE=False, OUTPUT_LOGSUMEXP=True, OUTPUT_MAX=False, PRESCALE_QK=False, QK_HEAD_DIM=96, QK_HEAD_DIM_ROUNDED=128, ROWS_GUARANTEED_SAFE=False, SAFE_HEAD_DIM=False, SM_SCALE=0.10206207261596575, SPARSE_KV_BLOCK_SIZE=128, SPARSE_Q_BLOCK_SIZE=128, USE_TMA=False, V_HEAD_DIM=64, V_HEAD_DIM_ROUNDED=64, WRITE_DQ=True, num_stages=3, num_warps=8", "best_time": 1.6605759859085083, "best_triton_pos": 0}
[rank1]:AUTOTUNE flex_attention_backward(1x48x2048x96, 1x48x2048x96, 1x48x2048x64, 1x48x2048, 1x48x2048, 1x48x2048x64, 1x48x2048x96, 1x48x2048x64, 1x1x16, 1x1x16x16, 1x1x16, 1x1x16x16, 1x1x16, 1x1x16x16, 1x1x16, 1x1x16x16, 2048, 2176)
[rank1]:strides: [4608, 96, 4608, 1], [4608, 96, 4608, 1], [48*s73, s73, 48*s73, 1], [48*Max(1, s37), Max(1, s37), 1], [48*s37, s37, 1], [3072*Max(1, s37), 64*Max(1, s37), 64, 1], [4608*s37, 96, 4608, 1], [3072*s0, 64, 3072, 1], [s99, s99, 1], [s22*s72, s22*s72, s72, 1], [s56, s56, 1], [s53*s84, s53*s84, s53, 1], [s94, s94, 1], [s28*s4, s28*s4, s4, 1], [s100, s100, 1], [s11*s5, s11*s5, s11, 1], [1], [1]
[rank1]:dtypes: torch.bfloat16, torch.bfloat16, torch.bfloat16, torch.float32, torch.float32, torch.bfloat16, torch.bfloat16, torch.bfloat16, torch.int32, torch.int32, torch.int32, torch.int32, torch.int32, torch.int32, torch.int32, torch.int32, torch.int32, torch.int32
[rank1]:  triton_flex_attention_backward_45 1.6606 ms 100.0% BLOCKS_ARE_CONTIGUOUS=False, BLOCK_M1=64, BLOCK_M2=128, BLOCK_N1=128, BLOCK_N2=64, FLOAT32_PRECISION="'ieee'", GQA_SHARED_HEADS=1, HAS_FULL_BLOCKS=True, IS_DIVISIBLE=False, OUTPUT_LOGSUMEXP=True, OUTPUT_MAX=False, PRESCALE_QK=False, QK_HEAD_DIM=96, QK_HEAD_DIM_ROUNDED=128, ROWS_GUARANTEED_SAFE=False, SAFE_HEAD_DIM=False, SM_SCALE=0.10206207261596575, SPARSE_KV_BLOCK_SIZE=128, SPARSE_Q_BLOCK_SIZE=128, USE_TMA=False, V_HEAD_DIM=64, V_HEAD_DIM_ROUNDED=64, WRITE_DQ=True, num_stages=3, num_warps=8
[rank1]:  triton_flex_attention_backward_42 1.8376 ms 90.4% BLOCKS_ARE_CONTIGUOUS=False, BLOCK_M1=64, BLOCK_M2=64, BLOCK_N1=64, BLOCK_N2=64, FLOAT32_PRECISION="'ieee'", GQA_SHARED_HEADS=1, HAS_FULL_BLOCKS=True, IS_DIVISIBLE=False, OUTPUT_LOGSUMEXP=True, OUTPUT_MAX=False, PRESCALE_QK=False, QK_HEAD_DIM=96, QK_HEAD_DIM_ROUNDED=128, ROWS_GUARANTEED_SAFE=False, SAFE_HEAD_DIM=False, SM_SCALE=0.10206207261596575, SPARSE_KV_BLOCK_SIZE=128, SPARSE_Q_BLOCK_SIZE=128, USE_TMA=False, V_HEAD_DIM=64, V_HEAD_DIM_ROUNDED=64, WRITE_DQ=True, num_stages=3, num_warps=4
[rank1]:  triton_flex_attention_backward_40 1.9919 ms 83.4% BLOCKS_ARE_CONTIGUOUS=False, BLOCK_M1=32, BLOCK_M2=64, BLOCK_N1=64, BLOCK_N2=32, FLOAT32_PRECISION="'ieee'", GQA_SHARED_HEADS=1, HAS_FULL_BLOCKS=True, IS_DIVISIBLE=False, OUTPUT_LOGSUMEXP=True, OUTPUT_MAX=False, PRESCALE_QK=False, QK_HEAD_DIM=96, QK_HEAD_DIM_ROUNDED=128, ROWS_GUARANTEED_SAFE=False, SAFE_HEAD_DIM=False, SM_SCALE=0.10206207261596575, SPARSE_KV_BLOCK_SIZE=128, SPARSE_Q_BLOCK_SIZE=128, USE_TMA=False, V_HEAD_DIM=64, V_HEAD_DIM_ROUNDED=64, WRITE_DQ=True, num_stages=5, num_warps=4
[rank1]:  triton_flex_attention_backward_38 2.0230 ms 82.1% BLOCKS_ARE_CONTIGUOUS=False, BLOCK_M1=32, BLOCK_M2=64, BLOCK_N1=64, BLOCK_N2=32, FLOAT32_PRECISION="'ieee'", GQA_SHARED_HEADS=1, HAS_FULL_BLOCKS=True, IS_DIVISIBLE=False, OUTPUT_LOGSUMEXP=True, OUTPUT_MAX=False, PRESCALE_QK=False, QK_HEAD_DIM=96, QK_HEAD_DIM_ROUNDED=128, ROWS_GUARANTEED_SAFE=False, SAFE_HEAD_DIM=False, SM_SCALE=0.10206207261596575, SPARSE_KV_BLOCK_SIZE=128, SPARSE_Q_BLOCK_SIZE=128, USE_TMA=False, V_HEAD_DIM=64, V_HEAD_DIM_ROUNDED=64, WRITE_DQ=True, num_stages=3, num_warps=4
[rank1]:  triton_flex_attention_backward_39 2.0361 ms 81.6% BLOCKS_ARE_CONTIGUOUS=False, BLOCK_M1=32, BLOCK_M2=64, BLOCK_N1=64, BLOCK_N2=32, FLOAT32_PRECISION="'ieee'", GQA_SHARED_HEADS=1, HAS_FULL_BLOCKS=True, IS_DIVISIBLE=False, OUTPUT_LOGSUMEXP=True, OUTPUT_MAX=False, PRESCALE_QK=False, QK_HEAD_DIM=96, QK_HEAD_DIM_ROUNDED=128, ROWS_GUARANTEED_SAFE=False, SAFE_HEAD_DIM=False, SM_SCALE=0.10206207261596575, SPARSE_KV_BLOCK_SIZE=128, SPARSE_Q_BLOCK_SIZE=128, USE_TMA=False, V_HEAD_DIM=64, V_HEAD_DIM_ROUNDED=64, WRITE_DQ=True, num_stages=4, num_warps=4
[rank1]:  triton_flex_attention_backward_41 2.3132 ms 71.8% BLOCKS_ARE_CONTIGUOUS=False, BLOCK_M1=64, BLOCK_M2=64, BLOCK_N1=64, BLOCK_N2=64, FLOAT32_PRECISION="'ieee'", GQA_SHARED_HEADS=1, HAS_FULL_BLOCKS=True, IS_DIVISIBLE=False, OUTPUT_LOGSUMEXP=True, OUTPUT_MAX=False, PRESCALE_QK=False, QK_HEAD_DIM=96, QK_HEAD_DIM_ROUNDED=128, ROWS_GUARANTEED_SAFE=False, SAFE_HEAD_DIM=False, SM_SCALE=0.10206207261596575, SPARSE_KV_BLOCK_SIZE=128, SPARSE_Q_BLOCK_SIZE=128, USE_TMA=False, V_HEAD_DIM=64, V_HEAD_DIM_ROUNDED=64, WRITE_DQ=True, num_stages=1, num_warps=4
[rank1]:  triton_flex_attention_backward_37 2.4147 ms 68.8% BLOCKS_ARE_CONTIGUOUS=False, BLOCK_M1=32, BLOCK_M2=64, BLOCK_N1=64, BLOCK_N2=32, FLOAT32_PRECISION="'ieee'", GQA_SHARED_HEADS=1, HAS_FULL_BLOCKS=True, IS_DIVISIBLE=False, OUTPUT_LOGSUMEXP=True, OUTPUT_MAX=False, PRESCALE_QK=False, QK_HEAD_DIM=96, QK_HEAD_DIM_ROUNDED=128, ROWS_GUARANTEED_SAFE=False, SAFE_HEAD_DIM=False, SM_SCALE=0.10206207261596575, SPARSE_KV_BLOCK_SIZE=128, SPARSE_Q_BLOCK_SIZE=128, USE_TMA=False, V_HEAD_DIM=64, V_HEAD_DIM_ROUNDED=64, WRITE_DQ=True, num_stages=1, num_warps=4
[rank1]:  triton_flex_attention_backward_43 2.8228 ms 58.8% BLOCKS_ARE_CONTIGUOUS=False, BLOCK_M1=64, BLOCK_M2=64, BLOCK_N1=64, BLOCK_N2=64, FLOAT32_PRECISION="'ieee'", GQA_SHARED_HEADS=1, HAS_FULL_BLOCKS=True, IS_DIVISIBLE=False, OUTPUT_LOGSUMEXP=True, OUTPUT_MAX=False, PRESCALE_QK=False, QK_HEAD_DIM=96, QK_HEAD_DIM_ROUNDED=128, ROWS_GUARANTEED_SAFE=False, SAFE_HEAD_DIM=False, SM_SCALE=0.10206207261596575, SPARSE_KV_BLOCK_SIZE=128, SPARSE_Q_BLOCK_SIZE=128, USE_TMA=False, V_HEAD_DIM=64, V_HEAD_DIM_ROUNDED=64, WRITE_DQ=True, num_stages=4, num_warps=4
[rank1]:  triton_flex_attention_backward_44 2.8241 ms 58.8% BLOCKS_ARE_CONTIGUOUS=False, BLOCK_M1=64, BLOCK_M2=64, BLOCK_N1=64, BLOCK_N2=64, FLOAT32_PRECISION="'ieee'", GQA_SHARED_HEADS=1, HAS_FULL_BLOCKS=True, IS_DIVISIBLE=False, OUTPUT_LOGSUMEXP=True, OUTPUT_MAX=False, PRESCALE_QK=False, QK_HEAD_DIM=96, QK_HEAD_DIM_ROUNDED=128, ROWS_GUARANTEED_SAFE=False, SAFE_HEAD_DIM=False, SM_SCALE=0.10206207261596575, SPARSE_KV_BLOCK_SIZE=128, SPARSE_Q_BLOCK_SIZE=128, USE_TMA=False, V_HEAD_DIM=64, V_HEAD_DIM_ROUNDED=64, WRITE_DQ=True, num_stages=5, num_warps=4
[rank1]:  triton_flex_attention_backward_35 4.2666 ms 38.9% BLOCKS_ARE_CONTIGUOUS=False, BLOCK_M1=32, BLOCK_M2=32, BLOCK_N1=32, BLOCK_N2=32, FLOAT32_PRECISION="'ieee'", GQA_SHARED_HEADS=1, HAS_FULL_BLOCKS=True, IS_DIVISIBLE=False, OUTPUT_LOGSUMEXP=True, OUTPUT_MAX=False, PRESCALE_QK=False, QK_HEAD_DIM=96, QK_HEAD_DIM_ROUNDED=128, ROWS_GUARANTEED_SAFE=False, SAFE_HEAD_DIM=False, SM_SCALE=0.10206207261596575, SPARSE_KV_BLOCK_SIZE=128, SPARSE_Q_BLOCK_SIZE=128, USE_TMA=False, V_HEAD_DIM=64, V_HEAD_DIM_ROUNDED=64, WRITE_DQ=True, num_stages=4, num_warps=4
[rank1]:SingleProcess AUTOTUNE benchmarking takes 0.7303 seconds and 0.0586 seconds precompiling for 13 choices
[rank0]:/root/mep/venv_src/lib/python3.12/site-packages/spmd_types/_collectives.py:633: FutureWarning: `torch.distributed._functional_collectives.reduce_scatter_tensor` is deprecated. Please use `torch.distributed._functional_collectives.reduce_scatter_single` instead.
[rank0]:  result = funcol.reduce_scatter_tensor(x, "sum", scatter_dim, pg)
[rank0]:/root/mep/venv_src/lib/python3.12/site-packages/spmd_types/_collectives.py:305: FutureWarning: `torch.distributed._functional_collectives.all_gather_tensor` is deprecated. Please use `torch.distributed._functional_collectives.all_gather_single` instead.
[rank0]:  result = funcol.all_gather_tensor(x, gather_dim, pg)
[rank0]:/root/mep/venv_src/lib/python3.12/site-packages/torch/distributed/fsdp/_fully_shard/_fsdp_state.py:336: UserWarning: FSDP2-wrapped module (FSDPCheckpointWrapper) returned a view tensor. An in-place op on this view (e.g., `x += y`) will silently drop the pre-backward hook and skip the all-gather, which can cause backward to fail or produce wrong gradients. Use out-of-place ops (`out = out + y`, not `out += y`) or `.clone()` the output before any in-place op.
[rank0]:  output = self._register_pre_backward_hook(output)
[rank0]:/root/mep/venv_src/lib/python3.12/site-packages/torch/distributed/fsdp/_fully_shard/_fsdp_state.py:336: UserWarning: FSDP2-wrapped module (FSDPKimiK3Model) returned a view tensor. An in-place op on this view (e.g., `x += y`) will silently drop the pre-backward hook and skip the all-gather, which can cause backward to fail or produce wrong gradients. Use out-of-place ops (`out = out + y`, not `out += y`) or `.clone()` the output before any in-place op.
[rank0]:  output = self._register_pre_backward_hook(output)
[rank1]:/root/mep/venv_src/lib/python3.12/site-packages/spmd_types/_collectives.py:633: FutureWarning: `torch.distributed._functional_collectives.reduce_scatter_tensor` is deprecated. Please use `torch.distributed._functional_collectives.reduce_scatter_single` instead.
[rank1]:  result = funcol.reduce_scatter_tensor(x, "sum", scatter_dim, pg)
[rank1]:/root/mep/venv_src/lib/python3.12/site-packages/spmd_types/_collectives.py:305: FutureWarning: `torch.distributed._functional_collectives.all_gather_tensor` is deprecated. Please use `torch.distributed._functional_collectives.all_gather_single` instead.
[rank1]:  result = funcol.all_gather_tensor(x, gather_dim, pg)
[rank1]:/root/mep/venv_src/lib/python3.12/site-packages/torch/distributed/fsdp/_fully_shard/_fsdp_state.py:336: UserWarning: FSDP2-wrapped module (FSDPCheckpointWrapper) returned a view tensor. An in-place op on this view (e.g., `x += y`) will silently drop the pre-backward hook and skip the all-gather, which can cause backward to fail or produce wrong gradients. Use out-of-place ops (`out = out + y`, not `out += y`) or `.clone()` the output before any in-place op.
[rank1]:  output = self._register_pre_backward_hook(output)
[rank1]:/root/mep/venv_src/lib/python3.12/site-packages/torch/distributed/fsdp/_fully_shard/_fsdp_state.py:336: UserWarning: FSDP2-wrapped module (FSDPKimiK3Model) returned a view tensor. An in-place op on this view (e.g., `x += y`) will silently drop the pre-backward hook and skip the all-gather, which can cause backward to fail or produce wrong gradients. Use out-of-place ops (`out = out + y`, not `out += y`) or `.clone()` the output before any in-place op.
[rank1]:  output = self._register_pre_backward_hook(output)
[rank3]:/root/mep/venv_src/lib/python3.12/site-packages/torch/distributed/fsdp/_fully_shard/_fsdp_state.py:336: UserWarning: FSDP2-wrapped module (FSDPKimiK3Model) returned a view tensor. An in-place op on this view (e.g., `x += y`) will silently drop the pre-backward hook and skip the all-gather, which can cause backward to fail or produce wrong gradients. Use out-of-place ops (`out = out + y`, not `out += y`) or `.clone()` the output before any in-place op.
[rank3]:  output = self._register_pre_backward_hook(output)
[rank2]:/root/mep/venv_src/lib/python3.12/site-packages/torch/distributed/fsdp/_fully_shard/_fsdp_state.py:336: UserWarning: FSDP2-wrapped module (FSDPKimiK3Model) returned a view tensor. An in-place op on this view (e.g., `x += y`) will silently drop the pre-backward hook and skip the all-gather, which can cause backward to fail or produce wrong gradients. Use out-of-place ops (`out = out + y`, not `out += y`) or `.clone()` the output before any in-place op.
[rank2]:  output = self._register_pre_backward_hook(output)
[rank2]:Autotune Choices Stats:
[rank2]:{"num_choices": 7, "num_triton_choices": 7, "best_kernel": "triton_flex_attention_39", "best_kernel_desc": "BLOCKS_ARE_CONTIGUOUS=False, BLOCK_M=128, BLOCK_N=64, FLOAT32_PRECISION=\"'ieee'\", GQA_SHARED_HEADS=1, HAS_FULL_BLOCKS=True, IS_DIVISIBLE=False, OUTPUT_LOGSUMEXP=True, OUTPUT_MAX=False, PRESCALE_QK=False, QK_HEAD_DIM=128, QK_HEAD_DIM_ROUNDED=128, ROWS_GUARANTEED_SAFE=False, SAFE_HEAD_DIM=True, SM_SCALE=0.08838834764831843, SPARSE_KV_BLOCK_SIZE=128, SPARSE_Q_BLOCK_SIZE=128, USE_TMA=False, V_HEAD_DIM=128, V_HEAD_DIM_ROUNDED=128, WRITE_DQ=True, num_stages=3, num_warps=8", "best_time": 0.01961600035429001, "best_triton_pos": 0}
[rank2]:AUTOTUNE flex_attention(1x48x160x128, 1x48x160x128, 1x48x160x128, 1x48x160, 1x48x160, 1x1x2, 1x1x2x2, 1x1x2, 1x1x2x2, 160)
[rank2]:strides: [6144, 128, 6144, 1], [6144, 128, 6144, 1], [6144, 128, 6144, 1], [48*s37, s37, 1], [48*s37, s37, 1], [s99, s99, 1], [s22*s72, s22*s72, s72, 1], [s94, s94, 1], [s28*s4, s28*s4, s4, 1], [1]
[rank2]:dtypes: torch.bfloat16, torch.bfloat16, torch.bfloat16, torch.float32, torch.float32, torch.int32, torch.int32, torch.int32, torch.int32, torch.int32
[rank2]:  triton_flex_attention_39 0.0196 ms 100.0% BLOCKS_ARE_CONTIGUOUS=False, BLOCK_M=128, BLOCK_N=64, FLOAT32_PRECISION="'ieee'", GQA_SHARED_HEADS=1, HAS_FULL_BLOCKS=True, IS_DIVISIBLE=False, OUTPUT_LOGSUMEXP=True, OUTPUT_MAX=False, PRESCALE_QK=False, QK_HEAD_DIM=128, QK_HEAD_DIM_ROUNDED=128, ROWS_GUARANTEED_SAFE=False, SAFE_HEAD_DIM=True, SM_SCALE=0.08838834764831843, SPARSE_KV_BLOCK_SIZE=128, SPARSE_Q_BLOCK_SIZE=128, USE_TMA=False, V_HEAD_DIM=128, V_HEAD_DIM_ROUNDED=128, WRITE_DQ=True, num_stages=3, num_warps=8
[rank2]:  triton_flex_attention_35 0.0237 ms 82.8% BLOCKS_ARE_CONTIGUOUS=False, BLOCK_M=128, BLOCK_N=128, FLOAT32_PRECISION="'ieee'", GQA_SHARED_HEADS=1, HAS_FULL_BLOCKS=True, IS_DIVISIBLE=False, OUTPUT_LOGSUMEXP=True, OUTPUT_MAX=False, PRESCALE_QK=False, QK_HEAD_DIM=128, QK_HEAD_DIM_ROUNDED=128, ROWS_GUARANTEED_SAFE=False, SAFE_HEAD_DIM=True, SM_SCALE=0.08838834764831843, SPARSE_KV_BLOCK_SIZE=128, SPARSE_Q_BLOCK_SIZE=128, USE_TMA=False, V_HEAD_DIM=128, V_HEAD_DIM_ROUNDED=128, WRITE_DQ=True, num_stages=2, num_warps=8
[rank2]:  triton_flex_attention_36 0.0260 ms 75.5% BLOCKS_ARE_CONTIGUOUS=False, BLOCK_M=128, BLOCK_N=128, FLOAT32_PRECISION="'ieee'", GQA_SHARED_HEADS=1, HAS_FULL_BLOCKS=True, IS_DIVISIBLE=False, OUTPUT_LOGSUMEXP=True, OUTPUT_MAX=False, PRESCALE_QK=False, QK_HEAD_DIM=128, QK_HEAD_DIM_ROUNDED=128, ROWS_GUARANTEED_SAFE=False, SAFE_HEAD_DIM=True, SM_SCALE=0.08838834764831843, SPARSE_KV_BLOCK_SIZE=128, SPARSE_Q_BLOCK_SIZE=128, USE_TMA=False, V_HEAD_DIM=128, V_HEAD_DIM_ROUNDED=128, WRITE_DQ=True, num_stages=1, num_warps=8
[rank2]:  triton_flex_attention_38 0.0260 ms 75.5% BLOCKS_ARE_CONTIGUOUS=False, BLOCK_M=64, BLOCK_N=64, FLOAT32_PRECISION="'ieee'", GQA_SHARED_HEADS=1, HAS_FULL_BLOCKS=True, IS_DIVISIBLE=False, OUTPUT_LOGSUMEXP=True, OUTPUT_MAX=False, PRESCALE_QK=False, QK_HEAD_DIM=128, QK_HEAD_DIM_ROUNDED=128, ROWS_GUARANTEED_SAFE=False, SAFE_HEAD_DIM=True, SM_SCALE=0.08838834764831843, SPARSE_KV_BLOCK_SIZE=128, SPARSE_Q_BLOCK_SIZE=128, USE_TMA=False, V_HEAD_DIM=128, V_HEAD_DIM_ROUNDED=128, WRITE_DQ=True, num_stages=3, num_warps=4
[rank2]:  triton_flex_attention_33 0.0313 ms 62.7% BLOCKS_ARE_CONTIGUOUS=False, BLOCK_M=128, BLOCK_N=64, FLOAT32_PRECISION="'ieee'", GQA_SHARED_HEADS=1, HAS_FULL_BLOCKS=True, IS_DIVISIBLE=False, OUTPUT_LOGSUMEXP=True, OUTPUT_MAX=False, PRESCALE_QK=False, QK_HEAD_DIM=128, QK_HEAD_DIM_ROUNDED=128, ROWS_GUARANTEED_SAFE=False, SAFE_HEAD_DIM=True, SM_SCALE=0.08838834764831843, SPARSE_KV_BLOCK_SIZE=128, SPARSE_Q_BLOCK_SIZE=128, USE_TMA=False, V_HEAD_DIM=128, V_HEAD_DIM_ROUNDED=128, WRITE_DQ=True, num_stages=3, num_warps=4
[rank2]:  triton_flex_attention_37 0.0319 ms 61.4% BLOCKS_ARE_CONTIGUOUS=False, BLOCK_M=64, BLOCK_N=128, FLOAT32_PRECISION="'ieee'", GQA_SHARED_HEADS=1, HAS_FULL_BLOCKS=True, IS_DIVISIBLE=False, OUTPUT_LOGSUMEXP=True, OUTPUT_MAX=False, PRESCALE_QK=False, QK_HEAD_DIM=128, QK_HEAD_DIM_ROUNDED=128, ROWS_GUARANTEED_SAFE=False, SAFE_HEAD_DIM=True, SM_SCALE=0.08838834764831843, SPARSE_KV_BLOCK_SIZE=128, SPARSE_Q_BLOCK_SIZE=128, USE_TMA=False, V_HEAD_DIM=128, V_HEAD_DIM_ROUNDED=128, WRITE_DQ=True, num_stages=3, num_warps=4
[rank2]:  triton_flex_attention_34 0.0458 ms 42.8% BLOCKS_ARE_CONTIGUOUS=False, BLOCK_M=128, BLOCK_N=128, FLOAT32_PRECISION="'ieee'", GQA_SHARED_HEADS=1, HAS_FULL_BLOCKS=True, IS_DIVISIBLE=False, OUTPUT_LOGSUMEXP=True, OUTPUT_MAX=False, PRESCALE_QK=False, QK_HEAD_DIM=128, QK_HEAD_DIM_ROUNDED=128, ROWS_GUARANTEED_SAFE=False, SAFE_HEAD_DIM=True, SM_SCALE=0.08838834764831843, SPARSE_KV_BLOCK_SIZE=128, SPARSE_Q_BLOCK_SIZE=128, USE_TMA=False, V_HEAD_DIM=128, V_HEAD_DIM_ROUNDED=128, WRITE_DQ=True, num_stages=3, num_warps=4
[rank2]:SingleProcess AUTOTUNE benchmarking takes 0.1229 seconds and 2.5924 seconds precompiling for 7 choices
[rank3]:Autotune Choices Stats:
[rank3]:{"num_choices": 7, "num_triton_choices": 7, "best_kernel": "triton_flex_attention_39", "best_kernel_desc": "BLOCKS_ARE_CONTIGUOUS=False, BLOCK_M=128, BLOCK_N=64, FLOAT32_PRECISION=\"'ieee'\", GQA_SHARED_HEADS=1, HAS_FULL_BLOCKS=True, IS_DIVISIBLE=False, OUTPUT_LOGSUMEXP=True, OUTPUT_MAX=False, PRESCALE_QK=False, QK_HEAD_DIM=128, QK_HEAD_DIM_ROUNDED=128, ROWS_GUARANTEED_SAFE=False, SAFE_HEAD_DIM=True, SM_SCALE=0.08838834764831843, SPARSE_KV_BLOCK_SIZE=128, SPARSE_Q_BLOCK_SIZE=128, USE_TMA=False, V_HEAD_DIM=128, V_HEAD_DIM_ROUNDED=128, WRITE_DQ=True, num_stages=3, num_warps=8", "best_time": 0.01974399946630001, "best_triton_pos": 0}
[rank3]:AUTOTUNE flex_attention(1x48x160x128, 1x48x160x128, 1x48x160x128, 1x48x160, 1x48x160, 1x1x2, 1x1x2x2, 1x1x2, 1x1x2x2, 160)
[rank3]:strides: [6144, 128, 6144, 1], [6144, 128, 6144, 1], [6144, 128, 6144, 1], [48*s37, s37, 1], [48*s37, s37, 1], [s99, s99, 1], [s22*s72, s22*s72, s72, 1], [s94, s94, 1], [s28*s4, s28*s4, s4, 1], [1]
[rank3]:dtypes: torch.bfloat16, torch.bfloat16, torch.bfloat16, torch.float32, torch.float32, torch.int32, torch.int32, torch.int32, torch.int32, torch.int32
[rank3]:  triton_flex_attention_39 0.0197 ms 100.0% BLOCKS_ARE_CONTIGUOUS=False, BLOCK_M=128, BLOCK_N=64, FLOAT32_PRECISION="'ieee'", GQA_SHARED_HEADS=1, HAS_FULL_BLOCKS=True, IS_DIVISIBLE=False, OUTPUT_LOGSUMEXP=True, OUTPUT_MAX=False, PRESCALE_QK=False, QK_HEAD_DIM=128, QK_HEAD_DIM_ROUNDED=128, ROWS_GUARANTEED_SAFE=False, SAFE_HEAD_DIM=True, SM_SCALE=0.08838834764831843, SPARSE_KV_BLOCK_SIZE=128, SPARSE_Q_BLOCK_SIZE=128, USE_TMA=False, V_HEAD_DIM=128, V_HEAD_DIM_ROUNDED=128, WRITE_DQ=True, num_stages=3, num_warps=8
[rank3]:  triton_flex_attention_35 0.0237 ms 83.3% BLOCKS_ARE_CONTIGUOUS=False, BLOCK_M=128, BLOCK_N=128, FLOAT32_PRECISION="'ieee'", GQA_SHARED_HEADS=1, HAS_FULL_BLOCKS=True, IS_DIVISIBLE=False, OUTPUT_LOGSUMEXP=True, OUTPUT_MAX=False, PRESCALE_QK=False, QK_HEAD_DIM=128, QK_HEAD_DIM_ROUNDED=128, ROWS_GUARANTEED_SAFE=False, SAFE_HEAD_DIM=True, SM_SCALE=0.08838834764831843, SPARSE_KV_BLOCK_SIZE=128, SPARSE_Q_BLOCK_SIZE=128, USE_TMA=False, V_HEAD_DIM=128, V_HEAD_DIM_ROUNDED=128, WRITE_DQ=True, num_stages=2, num_warps=8
[rank3]:  triton_flex_attention_36 0.0260 ms 76.1% BLOCKS_ARE_CONTIGUOUS=False, BLOCK_M=128, BLOCK_N=128, FLOAT32_PRECISION="'ieee'", GQA_SHARED_HEADS=1, HAS_FULL_BLOCKS=True, IS_DIVISIBLE=False, OUTPUT_LOGSUMEXP=True, OUTPUT_MAX=False, PRESCALE_QK=False, QK_HEAD_DIM=128, QK_HEAD_DIM_ROUNDED=128, ROWS_GUARANTEED_SAFE=False, SAFE_HEAD_DIM=True, SM_SCALE=0.08838834764831843, SPARSE_KV_BLOCK_SIZE=128, SPARSE_Q_BLOCK_SIZE=128, USE_TMA=False, V_HEAD_DIM=128, V_HEAD_DIM_ROUNDED=128, WRITE_DQ=True, num_stages=1, num_warps=8
[rank3]:  triton_flex_attention_38 0.0262 ms 75.4% BLOCKS_ARE_CONTIGUOUS=False, BLOCK_M=64, BLOCK_N=64, FLOAT32_PRECISION="'ieee'", GQA_SHARED_HEADS=1, HAS_FULL_BLOCKS=True, IS_DIVISIBLE=False, OUTPUT_LOGSUMEXP=True, OUTPUT_MAX=False, PRESCALE_QK=False, QK_HEAD_DIM=128, QK_HEAD_DIM_ROUNDED=128, ROWS_GUARANTEED_SAFE=False, SAFE_HEAD_DIM=True, SM_SCALE=0.08838834764831843, SPARSE_KV_BLOCK_SIZE=128, SPARSE_Q_BLOCK_SIZE=128, USE_TMA=False, V_HEAD_DIM=128, V_HEAD_DIM_ROUNDED=128, WRITE_DQ=True, num_stages=3, num_warps=4
[rank3]:  triton_flex_attention_33 0.0312 ms 63.2% BLOCKS_ARE_CONTIGUOUS=False, BLOCK_M=128, BLOCK_N=64, FLOAT32_PRECISION="'ieee'", GQA_SHARED_HEADS=1, HAS_FULL_BLOCKS=True, IS_DIVISIBLE=False, OUTPUT_LOGSUMEXP=True, OUTPUT_MAX=False, PRESCALE_QK=False, QK_HEAD_DIM=128, QK_HEAD_DIM_ROUNDED=128, ROWS_GUARANTEED_SAFE=False, SAFE_HEAD_DIM=True, SM_SCALE=0.08838834764831843, SPARSE_KV_BLOCK_SIZE=128, SPARSE_Q_BLOCK_SIZE=128, USE_TMA=False, V_HEAD_DIM=128, V_HEAD_DIM_ROUNDED=128, WRITE_DQ=True, num_stages=3, num_warps=4
[rank3]:  triton_flex_attention_37 0.0318 ms 62.1% BLOCKS_ARE_CONTIGUOUS=False, BLOCK_M=64, BLOCK_N=128, FLOAT32_PRECISION="'ieee'", GQA_SHARED_HEADS=1, HAS_FULL_BLOCKS=True, IS_DIVISIBLE=False, OUTPUT_LOGSUMEXP=True, OUTPUT_MAX=False, PRESCALE_QK=False, QK_HEAD_DIM=128, QK_HEAD_DIM_ROUNDED=128, ROWS_GUARANTEED_SAFE=False, SAFE_HEAD_DIM=True, SM_SCALE=0.08838834764831843, SPARSE_KV_BLOCK_SIZE=128, SPARSE_Q_BLOCK_SIZE=128, USE_TMA=False, V_HEAD_DIM=128, V_HEAD_DIM_ROUNDED=128, WRITE_DQ=True, num_stages=3, num_warps=4
[rank3]:  triton_flex_attention_34 0.0460 ms 42.9% BLOCKS_ARE_CONTIGUOUS=False, BLOCK_M=128, BLOCK_N=128, FLOAT32_PRECISION="'ieee'", GQA_SHARED_HEADS=1, HAS_FULL_BLOCKS=True, IS_DIVISIBLE=False, OUTPUT_LOGSUMEXP=True, OUTPUT_MAX=False, PRESCALE_QK=False, QK_HEAD_DIM=128, QK_HEAD_DIM_ROUNDED=128, ROWS_GUARANTEED_SAFE=False, SAFE_HEAD_DIM=True, SM_SCALE=0.08838834764831843, SPARSE_KV_BLOCK_SIZE=128, SPARSE_Q_BLOCK_SIZE=128, USE_TMA=False, V_HEAD_DIM=128, V_HEAD_DIM_ROUNDED=128, WRITE_DQ=True, num_stages=3, num_warps=4
[rank3]:SingleProcess AUTOTUNE benchmarking takes 0.1259 seconds and 2.5876 seconds precompiling for 7 choices
[rank2]:Autotune Choices Stats:
[rank2]:{"num_choices": 13, "num_triton_choices": 13, "best_kernel": "triton_flex_attention_backward_45", "best_kernel_desc": "BLOCKS_ARE_CONTIGUOUS=False, BLOCK_M1=32, BLOCK_M2=64, BLOCK_N1=64, BLOCK_N2=32, FLOAT32_PRECISION=\"'ieee'\", GQA_SHARED_HEADS=1, HAS_FULL_BLOCKS=True, IS_DIVISIBLE=False, OUTPUT_LOGSUMEXP=True, OUTPUT_MAX=False, PRESCALE_QK=False, QK_HEAD_DIM=128, QK_HEAD_DIM_ROUNDED=128, ROWS_GUARANTEED_SAFE=False, SAFE_HEAD_DIM=True, SM_SCALE=0.08838834764831843, SPARSE_KV_BLOCK_SIZE=128, SPARSE_Q_BLOCK_SIZE=128, USE_TMA=False, V_HEAD_DIM=128, V_HEAD_DIM_ROUNDED=128, WRITE_DQ=True, num_stages=3, num_warps=4", "best_time": 0.033663999289274216, "best_triton_pos": 0}
[rank2]:AUTOTUNE flex_attention_backward(1x48x160x128, 1x48x160x128, 1x48x160x128, 1x48x160, 1x48x160, 1x48x160x128, 1x48x160x128, 1x48x160x128, 1x1x2, 1x1x2x2, 1x1x2, 1x1x2x2, 1x1x2, 1x1x2x2, 1x1x2, 1x1x2x2, 160)
[rank2]:strides: [6144, 128, 6144, 1], [6144, 128, 6144, 1], [6144, 128, 6144, 1], [48*Max(1, s37), Max(1, s37), 1], [48*s37, s37, 1], [6144*Max(1, s37), 128*Max(1, s37), 128, 1], [6144*s37, 128, 6144, 1], [6144*s0, 128, 6144, 1], [s99, s99, 1], [s22*s72, s22*s72, s72, 1], [s56, s56, 1], [s53*s84, s53*s84, s53, 1], [s94, s94, 1], [s28*s4, s28*s4, s4, 1], [s100, s100, 1], [s11*s5, s11*s5, s11, 1], [1]
[rank2]:dtypes: torch.bfloat16, torch.bfloat16, torch.bfloat16, torch.float32, torch.float32, torch.bfloat16, torch.bfloat16, torch.bfloat16, torch.int32, torch.int32, torch.int32, torch.int32, torch.int32, torch.int32, torch.int32, torch.int32, torch.int32
[rank2]:  triton_flex_attention_backward_45 0.0337 ms 100.0% BLOCKS_ARE_CONTIGUOUS=False, BLOCK_M1=32, BLOCK_M2=64, BLOCK_N1=64, BLOCK_N2=32, FLOAT32_PRECISION="'ieee'", GQA_SHARED_HEADS=1, HAS_FULL_BLOCKS=True, IS_DIVISIBLE=False, OUTPUT_LOGSUMEXP=True, OUTPUT_MAX=False, PRESCALE_QK=False, QK_HEAD_DIM=128, QK_HEAD_DIM_ROUNDED=128, ROWS_GUARANTEED_SAFE=False, SAFE_HEAD_DIM=True, SM_SCALE=0.08838834764831843, SPARSE_KV_BLOCK_SIZE=128, SPARSE_Q_BLOCK_SIZE=128, USE_TMA=False, V_HEAD_DIM=128, V_HEAD_DIM_ROUNDED=128, WRITE_DQ=True, num_stages=3, num_warps=4
[rank2]:  triton_flex_attention_backward_46 0.0343 ms 98.2% BLOCKS_ARE_CONTIGUOUS=False, BLOCK_M1=32, BLOCK_M2=64, BLOCK_N1=64, BLOCK_N2=32, FLOAT32_PRECISION="'ieee'", GQA_SHARED_HEADS=1, HAS_FULL_BLOCKS=True, IS_DIVISIBLE=False, OUTPUT_LOGSUMEXP=True, OUTPUT_MAX=False, PRESCALE_QK=False, QK_HEAD_DIM=128, QK_HEAD_DIM_ROUNDED=128, ROWS_GUARANTEED_SAFE=False, SAFE_HEAD_DIM=True, SM_SCALE=0.08838834764831843, SPARSE_KV_BLOCK_SIZE=128, SPARSE_Q_BLOCK_SIZE=128, USE_TMA=False, V_HEAD_DIM=128, V_HEAD_DIM_ROUNDED=128, WRITE_DQ=True, num_stages=4, num_warps=4
[rank2]:  triton_flex_attention_backward_52 0.0412 ms 81.6% BLOCKS_ARE_CONTIGUOUS=False, BLOCK_M1=64, BLOCK_M2=128, BLOCK_N1=128, BLOCK_N2=64, FLOAT32_PRECISION="'ieee'", GQA_SHARED_HEADS=1, HAS_FULL_BLOCKS=True, IS_DIVISIBLE=False, OUTPUT_LOGSUMEXP=True, OUTPUT_MAX=False, PRESCALE_QK=False, QK_HEAD_DIM=128, QK_HEAD_DIM_ROUNDED=128, ROWS_GUARANTEED_SAFE=False, SAFE_HEAD_DIM=True, SM_SCALE=0.08838834764831843, SPARSE_KV_BLOCK_SIZE=128, SPARSE_Q_BLOCK_SIZE=128, USE_TMA=False, V_HEAD_DIM=128, V_HEAD_DIM_ROUNDED=128, WRITE_DQ=True, num_stages=3, num_warps=8
[rank2]:  triton_flex_attention_backward_47 0.0420 ms 80.1% BLOCKS_ARE_CONTIGUOUS=False, BLOCK_M1=32, BLOCK_M2=64, BLOCK_N1=64, BLOCK_N2=32, FLOAT32_PRECISION="'ieee'", GQA_SHARED_HEADS=1, HAS_FULL_BLOCKS=True, IS_DIVISIBLE=False, OUTPUT_LOGSUMEXP=True, OUTPUT_MAX=False, PRESCALE_QK=False, QK_HEAD_DIM=128, QK_HEAD_DIM_ROUNDED=128, ROWS_GUARANTEED_SAFE=False, SAFE_HEAD_DIM=True, SM_SCALE=0.08838834764831843, SPARSE_KV_BLOCK_SIZE=128, SPARSE_Q_BLOCK_SIZE=128, USE_TMA=False, V_HEAD_DIM=128, V_HEAD_DIM_ROUNDED=128, WRITE_DQ=True, num_stages=5, num_warps=4
[rank2]:  triton_flex_attention_backward_44 0.0439 ms 76.7% BLOCKS_ARE_CONTIGUOUS=False, BLOCK_M1=32, BLOCK_M2=64, BLOCK_N1=64, BLOCK_N2=32, FLOAT32_PRECISION="'ieee'", GQA_SHARED_HEADS=1, HAS_FULL_BLOCKS=True, IS_DIVISIBLE=False, OUTPUT_LOGSUMEXP=True, OUTPUT_MAX=False, PRESCALE_QK=False, QK_HEAD_DIM=128, QK_HEAD_DIM_ROUNDED=128, ROWS_GUARANTEED_SAFE=False, SAFE_HEAD_DIM=True, SM_SCALE=0.08838834764831843, SPARSE_KV_BLOCK_SIZE=128, SPARSE_Q_BLOCK_SIZE=128, USE_TMA=False, V_HEAD_DIM=128, V_HEAD_DIM_ROUNDED=128, WRITE_DQ=True, num_stages=1, num_warps=4
[rank2]:  triton_flex_attention_backward_41 0.0452 ms 74.4% BLOCKS_ARE_CONTIGUOUS=False, BLOCK_M1=32, BLOCK_M2=32, BLOCK_N1=32, BLOCK_N2=32, FLOAT32_PRECISION="'ieee'", GQA_SHARED_HEADS=1, HAS_FULL_BLOCKS=True, IS_DIVISIBLE=False, OUTPUT_LOGSUMEXP=True, OUTPUT_MAX=False, PRESCALE_QK=False, QK_HEAD_DIM=128, QK_HEAD_DIM_ROUNDED=128, ROWS_GUARANTEED_SAFE=False, SAFE_HEAD_DIM=True, SM_SCALE=0.08838834764831843, SPARSE_KV_BLOCK_SIZE=128, SPARSE_Q_BLOCK_SIZE=128, USE_TMA=False, V_HEAD_DIM=128, V_HEAD_DIM_ROUNDED=128, WRITE_DQ=True, num_stages=3, num_warps=4
[rank2]:  triton_flex_attention_backward_49 0.0460 ms 73.2% BLOCKS_ARE_CONTIGUOUS=False, BLOCK_M1=64, BLOCK_M2=64, BLOCK_N1=64, BLOCK_N2=64, FLOAT32_PRECISION="'ieee'", GQA_SHARED_HEADS=1, HAS_FULL_BLOCKS=True, IS_DIVISIBLE=False, OUTPUT_LOGSUMEXP=True, OUTPUT_MAX=False, PRESCALE_QK=False, QK_HEAD_DIM=128, QK_HEAD_DIM_ROUNDED=128, ROWS_GUARANTEED_SAFE=False, SAFE_HEAD_DIM=True, SM_SCALE=0.08838834764831843, SPARSE_KV_BLOCK_SIZE=128, SPARSE_Q_BLOCK_SIZE=128, USE_TMA=False, V_HEAD_DIM=128, V_HEAD_DIM_ROUNDED=128, WRITE_DQ=True, num_stages=3, num_warps=4
[rank2]:  triton_flex_attention_backward_42 0.0464 ms 72.5% BLOCKS_ARE_CONTIGUOUS=False, BLOCK_M1=32, BLOCK_M2=32, BLOCK_N1=32, BLOCK_N2=32, FLOAT32_PRECISION="'ieee'", GQA_SHARED_HEADS=1, HAS_FULL_BLOCKS=True, IS_DIVISIBLE=False, OUTPUT_LOGSUMEXP=True, OUTPUT_MAX=False, PRESCALE_QK=False, QK_HEAD_DIM=128, QK_HEAD_DIM_ROUNDED=128, ROWS_GUARANTEED_SAFE=False, SAFE_HEAD_DIM=True, SM_SCALE=0.08838834764831843, SPARSE_KV_BLOCK_SIZE=128, SPARSE_Q_BLOCK_SIZE=128, USE_TMA=False, V_HEAD_DIM=128, V_HEAD_DIM_ROUNDED=128, WRITE_DQ=True, num_stages=4, num_warps=4
[rank2]:  triton_flex_attention_backward_40 0.0473 ms 71.1% BLOCKS_ARE_CONTIGUOUS=False, BLOCK_M1=32, BLOCK_M2=32, BLOCK_N1=32, BLOCK_N2=32, FLOAT32_PRECISION="'ieee'", GQA_SHARED_HEADS=1, HAS_FULL_BLOCKS=True, IS_DIVISIBLE=False, OUTPUT_LOGSUMEXP=True, OUTPUT_MAX=False, PRESCALE_QK=False, QK_HEAD_DIM=128, QK_HEAD_DIM_ROUNDED=128, ROWS_GUARANTEED_SAFE=False, SAFE_HEAD_DIM=True, SM_SCALE=0.08838834764831843, SPARSE_KV_BLOCK_SIZE=128, SPARSE_Q_BLOCK_SIZE=128, USE_TMA=False, V_HEAD_DIM=128, V_HEAD_DIM_ROUNDED=128, WRITE_DQ=True, num_stages=1, num_warps=4
[rank2]:  triton_flex_attention_backward_43 0.0480 ms 70.1% BLOCKS_ARE_CONTIGUOUS=False, BLOCK_M1=32, BLOCK_M2=32, BLOCK_N1=32, BLOCK_N2=32, FLOAT32_PRECISION="'ieee'", GQA_SHARED_HEADS=1, HAS_FULL_BLOCKS=True, IS_DIVISIBLE=False, OUTPUT_LOGSUMEXP=True, OUTPUT_MAX=False, PRESCALE_QK=False, QK_HEAD_DIM=128, QK_HEAD_DIM_ROUNDED=128, ROWS_GUARANTEED_SAFE=False, SAFE_HEAD_DIM=True, SM_SCALE=0.08838834764831843, SPARSE_KV_BLOCK_SIZE=128, SPARSE_Q_BLOCK_SIZE=128, USE_TMA=False, V_HEAD_DIM=128, V_HEAD_DIM_ROUNDED=128, WRITE_DQ=True, num_stages=5, num_warps=4
[rank2]:SingleProcess AUTOTUNE benchmarking takes 0.3056 seconds and 4.8301 seconds precompiling for 13 choices
[rank3]:Autotune Choices Stats:
[rank3]:{"num_choices": 13, "num_triton_choices": 13, "best_kernel": "triton_flex_attention_backward_46", "best_kernel_desc": "BLOCKS_ARE_CONTIGUOUS=False, BLOCK_M1=32, BLOCK_M2=64, BLOCK_N1=64, BLOCK_N2=32, FLOAT32_PRECISION=\"'ieee'\", GQA_SHARED_HEADS=1, HAS_FULL_BLOCKS=True, IS_DIVISIBLE=False, OUTPUT_LOGSUMEXP=True, OUTPUT_MAX=False, PRESCALE_QK=False, QK_HEAD_DIM=128, QK_HEAD_DIM_ROUNDED=128, ROWS_GUARANTEED_SAFE=False, SAFE_HEAD_DIM=True, SM_SCALE=0.08838834764831843, SPARSE_KV_BLOCK_SIZE=128, SPARSE_Q_BLOCK_SIZE=128, USE_TMA=False, V_HEAD_DIM=128, V_HEAD_DIM_ROUNDED=128, WRITE_DQ=True, num_stages=4, num_warps=4", "best_time": 0.03497600182890892, "best_triton_pos": 0}
[rank3]:AUTOTUNE flex_attention_backward(1x48x160x128, 1x48x160x128, 1x48x160x128, 1x48x160, 1x48x160, 1x48x160x128, 1x48x160x128, 1x48x160x128, 1x1x2, 1x1x2x2, 1x1x2, 1x1x2x2, 1x1x2, 1x1x2x2, 1x1x2, 1x1x2x2, 160)
[rank3]:strides: [6144, 128, 6144, 1], [6144, 128, 6144, 1], [6144, 128, 6144, 1], [48*Max(1, s37), Max(1, s37), 1], [48*s37, s37, 1], [6144*Max(1, s37), 128*Max(1, s37), 128, 1], [6144*s37, 128, 6144, 1], [6144*s0, 128, 6144, 1], [s99, s99, 1], [s22*s72, s22*s72, s72, 1], [s56, s56, 1], [s53*s84, s53*s84, s53, 1], [s94, s94, 1], [s28*s4, s28*s4, s4, 1], [s100, s100, 1], [s11*s5, s11*s5, s11, 1], [1]
[rank3]:dtypes: torch.bfloat16, torch.bfloat16, torch.bfloat16, torch.float32, torch.float32, torch.bfloat16, torch.bfloat16, torch.bfloat16, torch.int32, torch.int32, torch.int32, torch.int32, torch.int32, torch.int32, torch.int32, torch.int32, torch.int32
[rank3]:  triton_flex_attention_backward_46 0.0350 ms 100.0% BLOCKS_ARE_CONTIGUOUS=False, BLOCK_M1=32, BLOCK_M2=64, BLOCK_N1=64, BLOCK_N2=32, FLOAT32_PRECISION="'ieee'", GQA_SHARED_HEADS=1, HAS_FULL_BLOCKS=True, IS_DIVISIBLE=False, OUTPUT_LOGSUMEXP=True, OUTPUT_MAX=False, PRESCALE_QK=False, QK_HEAD_DIM=128, QK_HEAD_DIM_ROUNDED=128, ROWS_GUARANTEED_SAFE=False, SAFE_HEAD_DIM=True, SM_SCALE=0.08838834764831843, SPARSE_KV_BLOCK_SIZE=128, SPARSE_Q_BLOCK_SIZE=128, USE_TMA=False, V_HEAD_DIM=128, V_HEAD_DIM_ROUNDED=128, WRITE_DQ=True, num_stages=4, num_warps=4
[rank3]:  triton_flex_attention_backward_45 0.0358 ms 97.8% BLOCKS_ARE_CONTIGUOUS=False, BLOCK_M1=32, BLOCK_M2=64, BLOCK_N1=64, BLOCK_N2=32, FLOAT32_PRECISION="'ieee'", GQA_SHARED_HEADS=1, HAS_FULL_BLOCKS=True, IS_DIVISIBLE=False, OUTPUT_LOGSUMEXP=True, OUTPUT_MAX=False, PRESCALE_QK=False, QK_HEAD_DIM=128, QK_HEAD_DIM_ROUNDED=128, ROWS_GUARANTEED_SAFE=False, SAFE_HEAD_DIM=True, SM_SCALE=0.08838834764831843, SPARSE_KV_BLOCK_SIZE=128, SPARSE_Q_BLOCK_SIZE=128, USE_TMA=False, V_HEAD_DIM=128, V_HEAD_DIM_ROUNDED=128, WRITE_DQ=True, num_stages=3, num_warps=4
[rank3]:  triton_flex_attention_backward_52 0.0413 ms 84.7% BLOCKS_ARE_CONTIGUOUS=False, BLOCK_M1=64, BLOCK_M2=128, BLOCK_N1=128, BLOCK_N2=64, FLOAT32_PRECISION="'ieee'", GQA_SHARED_HEADS=1, HAS_FULL_BLOCKS=True, IS_DIVISIBLE=False, OUTPUT_LOGSUMEXP=True, OUTPUT_MAX=False, PRESCALE_QK=False, QK_HEAD_DIM=128, QK_HEAD_DIM_ROUNDED=128, ROWS_GUARANTEED_SAFE=False, SAFE_HEAD_DIM=True, SM_SCALE=0.08838834764831843, SPARSE_KV_BLOCK_SIZE=128, SPARSE_Q_BLOCK_SIZE=128, USE_TMA=False, V_HEAD_DIM=128, V_HEAD_DIM_ROUNDED=128, WRITE_DQ=True, num_stages=3, num_warps=8
[rank3]:  triton_flex_attention_backward_47 0.0417 ms 83.9% BLOCKS_ARE_CONTIGUOUS=False, BLOCK_M1=32, BLOCK_M2=64, BLOCK_N1=64, BLOCK_N2=32, FLOAT32_PRECISION="'ieee'", GQA_SHARED_HEADS=1, HAS_FULL_BLOCKS=True, IS_DIVISIBLE=False, OUTPUT_LOGSUMEXP=True, OUTPUT_MAX=False, PRESCALE_QK=False, QK_HEAD_DIM=128, QK_HEAD_DIM_ROUNDED=128, ROWS_GUARANTEED_SAFE=False, SAFE_HEAD_DIM=True, SM_SCALE=0.08838834764831843, SPARSE_KV_BLOCK_SIZE=128, SPARSE_Q_BLOCK_SIZE=128, USE_TMA=False, V_HEAD_DIM=128, V_HEAD_DIM_ROUNDED=128, WRITE_DQ=True, num_stages=5, num_warps=4
[rank3]:  triton_flex_attention_backward_44 0.0433 ms 80.7% BLOCKS_ARE_CONTIGUOUS=False, BLOCK_M1=32, BLOCK_M2=64, BLOCK_N1=64, BLOCK_N2=32, FLOAT32_PRECISION="'ieee'", GQA_SHARED_HEADS=1, HAS_FULL_BLOCKS=True, IS_DIVISIBLE=False, OUTPUT_LOGSUMEXP=True, OUTPUT_MAX=False, PRESCALE_QK=False, QK_HEAD_DIM=128, QK_HEAD_DIM_ROUNDED=128, ROWS_GUARANTEED_SAFE=False, SAFE_HEAD_DIM=True, SM_SCALE=0.08838834764831843, SPARSE_KV_BLOCK_SIZE=128, SPARSE_Q_BLOCK_SIZE=128, USE_TMA=False, V_HEAD_DIM=128, V_HEAD_DIM_ROUNDED=128, WRITE_DQ=True, num_stages=1, num_warps=4
[rank3]:  triton_flex_attention_backward_41 0.0453 ms 77.1% BLOCKS_ARE_CONTIGUOUS=False, BLOCK_M1=32, BLOCK_M2=32, BLOCK_N1=32, BLOCK_N2=32, FLOAT32_PRECISION="'ieee'", GQA_SHARED_HEADS=1, HAS_FULL_BLOCKS=True, IS_DIVISIBLE=False, OUTPUT_LOGSUMEXP=True, OUTPUT_MAX=False, PRESCALE_QK=False, QK_HEAD_DIM=128, QK_HEAD_DIM_ROUNDED=128, ROWS_GUARANTEED_SAFE=False, SAFE_HEAD_DIM=True, SM_SCALE=0.08838834764831843, SPARSE_KV_BLOCK_SIZE=128, SPARSE_Q_BLOCK_SIZE=128, USE_TMA=False, V_HEAD_DIM=128, V_HEAD_DIM_ROUNDED=128, WRITE_DQ=True, num_stages=3, num_warps=4
[rank3]:  triton_flex_attention_backward_49 0.0460 ms 76.1% BLOCKS_ARE_CONTIGUOUS=False, BLOCK_M1=64, BLOCK_M2=64, BLOCK_N1=64, BLOCK_N2=64, FLOAT32_PRECISION="'ieee'", GQA_SHARED_HEADS=1, HAS_FULL_BLOCKS=True, IS_DIVISIBLE=False, OUTPUT_LOGSUMEXP=True, OUTPUT_MAX=False, PRESCALE_QK=False, QK_HEAD_DIM=128, QK_HEAD_DIM_ROUNDED=128, ROWS_GUARANTEED_SAFE=False, SAFE_HEAD_DIM=True, SM_SCALE=0.08838834764831843, SPARSE_KV_BLOCK_SIZE=128, SPARSE_Q_BLOCK_SIZE=128, USE_TMA=False, V_HEAD_DIM=128, V_HEAD_DIM_ROUNDED=128, WRITE_DQ=True, num_stages=3, num_warps=4
[rank3]:  triton_flex_attention_backward_42 0.0470 ms 74.5% BLOCKS_ARE_CONTIGUOUS=False, BLOCK_M1=32, BLOCK_M2=32, BLOCK_N1=32, BLOCK_N2=32, FLOAT32_PRECISION="'ieee'", GQA_SHARED_HEADS=1, HAS_FULL_BLOCKS=True, IS_DIVISIBLE=False, OUTPUT_LOGSUMEXP=True, OUTPUT_MAX=False, PRESCALE_QK=False, QK_HEAD_DIM=128, QK_HEAD_DIM_ROUNDED=128, ROWS_GUARANTEED_SAFE=False, SAFE_HEAD_DIM=True, SM_SCALE=0.08838834764831843, SPARSE_KV_BLOCK_SIZE=128, SPARSE_Q_BLOCK_SIZE=128, USE_TMA=False, V_HEAD_DIM=128, V_HEAD_DIM_ROUNDED=128, WRITE_DQ=True, num_stages=4, num_warps=4
[rank3]:  triton_flex_attention_backward_40 0.0477 ms 73.3% BLOCKS_ARE_CONTIGUOUS=False, BLOCK_M1=32, BLOCK_M2=32, BLOCK_N1=32, BLOCK_N2=32, FLOAT32_PRECISION="'ieee'", GQA_SHARED_HEADS=1, HAS_FULL_BLOCKS=True, IS_DIVISIBLE=False, OUTPUT_LOGSUMEXP=True, OUTPUT_MAX=False, PRESCALE_QK=False, QK_HEAD_DIM=128, QK_HEAD_DIM_ROUNDED=128, ROWS_GUARANTEED_SAFE=False, SAFE_HEAD_DIM=True, SM_SCALE=0.08838834764831843, SPARSE_KV_BLOCK_SIZE=128, SPARSE_Q_BLOCK_SIZE=128, USE_TMA=False, V_HEAD_DIM=128, V_HEAD_DIM_ROUNDED=128, WRITE_DQ=True, num_stages=1, num_warps=4
[rank3]:  triton_flex_attention_backward_48 0.0483 ms 72.4% BLOCKS_ARE_CONTIGUOUS=False, BLOCK_M1=64, BLOCK_M2=64, BLOCK_N1=64, BLOCK_N2=64, FLOAT32_PRECISION="'ieee'", GQA_SHARED_HEADS=1, HAS_FULL_BLOCKS=True, IS_DIVISIBLE=False, OUTPUT_LOGSUMEXP=True, OUTPUT_MAX=False, PRESCALE_QK=False, QK_HEAD_DIM=128, QK_HEAD_DIM_ROUNDED=128, ROWS_GUARANTEED_SAFE=False, SAFE_HEAD_DIM=True, SM_SCALE=0.08838834764831843, SPARSE_KV_BLOCK_SIZE=128, SPARSE_Q_BLOCK_SIZE=128, USE_TMA=False, V_HEAD_DIM=128, V_HEAD_DIM_ROUNDED=128, WRITE_DQ=True, num_stages=1, num_warps=4
[rank3]:SingleProcess AUTOTUNE benchmarking takes 0.3070 seconds and 4.7923 seconds precompiling for 13 choices
[rank2]:[rank2]:W0929 08:41:15.939000 103229 torch/distributed/tensor/_redistribute.py:394] While redistributing from (_NormPartial(2.0), _NormPartial(2.0)) to (Replicate(), Replicate()), 2 sequential all_reduce operations will be performed. This is suboptimal: multiple collective operations have higher latency (separate kernel launches and synchronization points) and may give inconsistent results between ranks due to different reduction orders. To optimize, flatten mesh dimensions ["edp_shard", "ep"] so DTensor can use a single operation instead.
[rank0]:[rank0]:W0929 08:41:15.976000 103227 torch/distributed/tensor/_redistribute.py:394] While redistributing from (_NormPartial(2.0), _NormPartial(2.0)) to (Replicate(), Replicate()), 2 sequential all_reduce operations will be performed. This is suboptimal: multiple collective operations have higher latency (separate kernel launches and synchronization points) and may give inconsistent results between ranks due to different reduction orders. To optimize, flatten mesh dimensions ["edp_shard", "ep"] so DTensor can use a single operation instead.
[rank3]:[rank3]:W0929 08:41:15.937000 103230 torch/distributed/tensor/_redistribute.py:394] While redistributing from (_NormPartial(2.0), _NormPartial(2.0)) to (Replicate(), Replicate()), 2 sequential all_reduce operations will be performed. This is suboptimal: multiple collective operations have higher latency (separate kernel launches and synchronization points) and may give inconsistent results between ranks due to different reduction orders. To optimize, flatten mesh dimensions ["edp_shard", "ep"] so DTensor can use a single operation instead.
[rank1]:[rank1]:W0929 08:41:15.970000 103228 torch/distributed/tensor/_redistribute.py:394] While redistributing from (_NormPartial(2.0), _NormPartial(2.0)) to (Replicate(), Replicate()), 2 sequential all_reduce operations will be performed. This is suboptimal: multiple collective operations have higher latency (separate kernel launches and synchronization points) and may give inconsistent results between ranks due to different reduction orders. To optimize, flatten mesh dimensions ["edp_shard", "ep"] so DTensor can use a single operation instead.
[rank2]:[rank2]:W0929 08:41:16.233000 103229 torch/distributed/tensor/_redistribute.py:394] While redistributing from (_NormPartial(2.0), _NormPartial(2.0)) to (Replicate(), Replicate()), 2 sequential all_reduce operations will be performed. This is suboptimal: multiple collective operations have higher latency (separate kernel launches and synchronization points) and may give inconsistent results between ranks due to different reduction orders. To optimize, flatten mesh dimensions ["dp_shard", "tp"] so DTensor can use a single operation instead.
[rank3]:[rank3]:W0929 08:41:16.233000 103230 torch/distributed/tensor/_redistribute.py:394] While redistributing from (_NormPartial(2.0), _NormPartial(2.0)) to (Replicate(), Replicate()), 2 sequential all_reduce operations will be performed. This is suboptimal: multiple collective operations have higher latency (separate kernel launches and synchronization points) and may give inconsistent results between ranks due to different reduction orders. To optimize, flatten mesh dimensions ["dp_shard", "tp"] so DTensor can use a single operation instead.
[rank0]:[rank0]:W0929 08:41:16.324000 103227 torch/distributed/tensor/_redistribute.py:394] While redistributing from (_NormPartial(2.0), _NormPartial(2.0)) to (Replicate(), Replicate()), 2 sequential all_reduce operations will be performed. This is suboptimal: multiple collective operations have higher latency (separate kernel launches and synchronization points) and may give inconsistent results between ranks due to different reduction orders. To optimize, flatten mesh dimensions ["dp_shard", "tp"] so DTensor can use a single operation instead.
[rank1]:[rank1]:W0929 08:41:16.315000 103228 torch/distributed/tensor/_redistribute.py:394] While redistributing from (_NormPartial(2.0), _NormPartial(2.0)) to (Replicate(), Replicate()), 2 sequential all_reduce operations will be performed. This is suboptimal: multiple collective operations have higher latency (separate kernel launches and synchronization points) and may give inconsistent results between ranks due to different reduction orders. To optimize, flatten mesh dimensions ["dp_shard", "tp"] so DTensor can use a single operation instead.
[rank2]:[titan] 2026-09-29 08:41:17,299 - torchtitan.observability.metrics - INFO - [31mstep:  1  [32mloss:  8.06417  [38;2;180;60;0mgrad_norm: 82.5000  [38;2;54;234;195mmemory: 47.39GiB(59.83%)  [34mtps: 18  [36mtflops: 0.97  [35mmfu: 0.10%[39m
[rank2]:[titan] 2026-09-29 08:41:17,300 - torchtitan.distributed.utils - INFO - Synchronizing and adjusting timeout for all ProcessGroups to 0:01:40
[rank3]:[titan] 2026-09-29 08:41:17,297 - torchtitan.observability.metrics - INFO - [31mstep:  1  [32mloss:  8.06417  [38;2;180;60;0mgrad_norm: 82.5000  [38;2;54;234;195mmemory: 47.47GiB(59.93%)  [34mtps: 18  [36mtflops: 0.97  [35mmfu: 0.10%[39m
[rank3]:[titan] 2026-09-29 08:41:17,298 - torchtitan.distributed.utils - INFO - Synchronizing and adjusting timeout for all ProcessGroups to 0:01:40
[rank0]:[titan] 2026-09-29 08:41:17,535 - torchtitan.observability.metrics - INFO - [31mstep:  1  [32mloss: -1.00000  [38;2;180;60;0mgrad_norm: 82.5000  [38;2;54;234;195mmemory: 53.10GiB(67.04%)  [34mtps: 18  [36mtflops: 0.97  [35mmfu: 0.10%[39m
[rank0]:[titan] 2026-09-29 08:41:17,535 - torchtitan.distributed.utils - INFO - Synchronizing and adjusting timeout for all ProcessGroups to 0:01:40
[rank2]:/root/mep/venv_src/lib/python3.12/site-packages/spmd_types/_collectives.py:305: FutureWarning: `torch.distributed._functional_collectives.all_gather_tensor` is deprecated. Please use `torch.distributed._functional_collectives.all_gather_single` instead.
[rank2]:  result = funcol.all_gather_tensor(x, gather_dim, pg)
[rank2]:/root/mep/venv_src/lib/python3.12/site-packages/spmd_types/_collectives.py:633: FutureWarning: `torch.distributed._functional_collectives.reduce_scatter_tensor` is deprecated. Please use `torch.distributed._functional_collectives.reduce_scatter_single` instead.
[rank2]:  result = funcol.reduce_scatter_tensor(x, "sum", scatter_dim, pg)
[rank1]:[titan] 2026-09-29 08:41:17,512 - torchtitan.observability.metrics - INFO - [31mstep:  1  [32mloss: -1.00000  [38;2;180;60;0mgrad_norm: 82.5000  [38;2;54;234;195mmemory: 52.86GiB(66.74%)  [34mtps: 18  [36mtflops: 0.97  [35mmfu: 0.10%[39m
[rank1]:[titan] 2026-09-29 08:41:17,512 - torchtitan.distributed.utils - INFO - Synchronizing and adjusting timeout for all ProcessGroups to 0:01:40
[rank3]:/root/mep/venv_src/lib/python3.12/site-packages/spmd_types/_collectives.py:305: FutureWarning: `torch.distributed._functional_collectives.all_gather_tensor` is deprecated. Please use `torch.distributed._functional_collectives.all_gather_single` instead.
[rank3]:  result = funcol.all_gather_tensor(x, gather_dim, pg)
[rank3]:/root/mep/venv_src/lib/python3.12/site-packages/spmd_types/_collectives.py:633: FutureWarning: `torch.distributed._functional_collectives.reduce_scatter_tensor` is deprecated. Please use `torch.distributed._functional_collectives.reduce_scatter_single` instead.
[rank3]:  result = funcol.reduce_scatter_tensor(x, "sum", scatter_dim, pg)
[rank0]:Autotune Choices Stats:
[rank0]:{"num_choices": 7, "num_triton_choices": 7, "best_kernel": "triton_flex_attention_52", "best_kernel_desc": "BLOCKS_ARE_CONTIGUOUS=False, BLOCK_M=128, BLOCK_N=64, FLOAT32_PRECISION=\"'ieee'\", GQA_SHARED_HEADS=1, HAS_FULL_BLOCKS=True, IS_DIVISIBLE=False, OUTPUT_LOGSUMEXP=False, OUTPUT_MAX=False, PRESCALE_QK=False, QK_HEAD_DIM=128, QK_HEAD_DIM_ROUNDED=128, ROWS_GUARANTEED_SAFE=False, SAFE_HEAD_DIM=True, SM_SCALE=0.08838834764831843, SPARSE_KV_BLOCK_SIZE=128, SPARSE_Q_BLOCK_SIZE=128, USE_TMA=False, V_HEAD_DIM=128, V_HEAD_DIM_ROUNDED=128, WRITE_DQ=True, num_stages=3, num_warps=8", "best_time": 0.023520000278949738, "best_triton_pos": 0}
[rank0]:AUTOTUNE flex_attention(1x48x256x128, 1x48x256x128, 1x48x256x128, 1x48x256, 1x48x256, 1x1x2, 1x1x2x2, 1x1x2, 1x1x2x2, 256)
[rank0]:strides: [6144, 128, 6144, 1], [6144, 128, 6144, 1], [6144, 128, 6144, 1], [48*s37, s37, 1], [48*s37, s37, 1], [s99, s99, 1], [s22*s72, s22*s72, s72, 1], [s94, s94, 1], [s28*s4, s28*s4, s4, 1], [1]
[rank0]:dtypes: torch.bfloat16, torch.bfloat16, torch.bfloat16, torch.float32, torch.float32, torch.int32, torch.int32, torch.int32, torch.int32, torch.int32
[rank0]:  triton_flex_attention_52 0.0235 ms 100.0% BLOCKS_ARE_CONTIGUOUS=False, BLOCK_M=128, BLOCK_N=64, FLOAT32_PRECISION="'ieee'", GQA_SHARED_HEADS=1, HAS_FULL_BLOCKS=True, IS_DIVISIBLE=False, OUTPUT_LOGSUMEXP=False, OUTPUT_MAX=False, PRESCALE_QK=False, QK_HEAD_DIM=128, QK_HEAD_DIM_ROUNDED=128, ROWS_GUARANTEED_SAFE=False, SAFE_HEAD_DIM=True, SM_SCALE=0.08838834764831843, SPARSE_KV_BLOCK_SIZE=128, SPARSE_Q_BLOCK_SIZE=128, USE_TMA=False, V_HEAD_DIM=128, V_HEAD_DIM_ROUNDED=128, WRITE_DQ=True, num_stages=3, num_warps=8
[rank0]:  triton_flex_attention_48 0.0257 ms 91.4% BLOCKS_ARE_CONTIGUOUS=False, BLOCK_M=128, BLOCK_N=128, FLOAT32_PRECISION="'ieee'", GQA_SHARED_HEADS=1, HAS_FULL_BLOCKS=True, IS_DIVISIBLE=False, OUTPUT_LOGSUMEXP=False, OUTPUT_MAX=False, PRESCALE_QK=False, QK_HEAD_DIM=128, QK_HEAD_DIM_ROUNDED=128, ROWS_GUARANTEED_SAFE=False, SAFE_HEAD_DIM=True, SM_SCALE=0.08838834764831843, SPARSE_KV_BLOCK_SIZE=128, SPARSE_Q_BLOCK_SIZE=128, USE_TMA=False, V_HEAD_DIM=128, V_HEAD_DIM_ROUNDED=128, WRITE_DQ=True, num_stages=2, num_warps=8
[rank0]:  triton_flex_attention_49 0.0281 ms 83.7% BLOCKS_ARE_CONTIGUOUS=False, BLOCK_M=128, BLOCK_N=128, FLOAT32_PRECISION="'ieee'", GQA_SHARED_HEADS=1, HAS_FULL_BLOCKS=True, IS_DIVISIBLE=False, OUTPUT_LOGSUMEXP=False, OUTPUT_MAX=False, PRESCALE_QK=False, QK_HEAD_DIM=128, QK_HEAD_DIM_ROUNDED=128, ROWS_GUARANTEED_SAFE=False, SAFE_HEAD_DIM=True, SM_SCALE=0.08838834764831843, SPARSE_KV_BLOCK_SIZE=128, SPARSE_Q_BLOCK_SIZE=128, USE_TMA=False, V_HEAD_DIM=128, V_HEAD_DIM_ROUNDED=128, WRITE_DQ=True, num_stages=1, num_warps=8
[rank0]:  triton_flex_attention_51 0.0312 ms 75.3% BLOCKS_ARE_CONTIGUOUS=False, BLOCK_M=64, BLOCK_N=64, FLOAT32_PRECISION="'ieee'", GQA_SHARED_HEADS=1, HAS_FULL_BLOCKS=True, IS_DIVISIBLE=False, OUTPUT_LOGSUMEXP=False, OUTPUT_MAX=False, PRESCALE_QK=False, QK_HEAD_DIM=128, QK_HEAD_DIM_ROUNDED=128, ROWS_GUARANTEED_SAFE=False, SAFE_HEAD_DIM=True, SM_SCALE=0.08838834764831843, SPARSE_KV_BLOCK_SIZE=128, SPARSE_Q_BLOCK_SIZE=128, USE_TMA=False, V_HEAD_DIM=128, V_HEAD_DIM_ROUNDED=128, WRITE_DQ=True, num_stages=3, num_warps=4
[rank0]:  triton_flex_attention_50 0.0330 ms 71.2% BLOCKS_ARE_CONTIGUOUS=False, BLOCK_M=64, BLOCK_N=128, FLOAT32_PRECISION="'ieee'", GQA_SHARED_HEADS=1, HAS_FULL_BLOCKS=True, IS_DIVISIBLE=False, OUTPUT_LOGSUMEXP=False, OUTPUT_MAX=False, PRESCALE_QK=False, QK_HEAD_DIM=128, QK_HEAD_DIM_ROUNDED=128, ROWS_GUARANTEED_SAFE=False, SAFE_HEAD_DIM=True, SM_SCALE=0.08838834764831843, SPARSE_KV_BLOCK_SIZE=128, SPARSE_Q_BLOCK_SIZE=128, USE_TMA=False, V_HEAD_DIM=128, V_HEAD_DIM_ROUNDED=128, WRITE_DQ=True, num_stages=3, num_warps=4
[rank0]:  triton_flex_attention_46 0.0401 ms 58.7% BLOCKS_ARE_CONTIGUOUS=False, BLOCK_M=128, BLOCK_N=64, FLOAT32_PRECISION="'ieee'", GQA_SHARED_HEADS=1, HAS_FULL_BLOCKS=True, IS_DIVISIBLE=False, OUTPUT_LOGSUMEXP=False, OUTPUT_MAX=False, PRESCALE_QK=False, QK_HEAD_DIM=128, QK_HEAD_DIM_ROUNDED=128, ROWS_GUARANTEED_SAFE=False, SAFE_HEAD_DIM=True, SM_SCALE=0.08838834764831843, SPARSE_KV_BLOCK_SIZE=128, SPARSE_Q_BLOCK_SIZE=128, USE_TMA=False, V_HEAD_DIM=128, V_HEAD_DIM_ROUNDED=128, WRITE_DQ=True, num_stages=3, num_warps=4
[rank0]:  triton_flex_attention_47 0.0477 ms 49.3% BLOCKS_ARE_CONTIGUOUS=False, BLOCK_M=128, BLOCK_N=128, FLOAT32_PRECISION="'ieee'", GQA_SHARED_HEADS=1, HAS_FULL_BLOCKS=True, IS_DIVISIBLE=False, OUTPUT_LOGSUMEXP=False, OUTPUT_MAX=False, PRESCALE_QK=False, QK_HEAD_DIM=128, QK_HEAD_DIM_ROUNDED=128, ROWS_GUARANTEED_SAFE=False, SAFE_HEAD_DIM=True, SM_SCALE=0.08838834764831843, SPARSE_KV_BLOCK_SIZE=128, SPARSE_Q_BLOCK_SIZE=128, USE_TMA=False, V_HEAD_DIM=128, V_HEAD_DIM_ROUNDED=128, WRITE_DQ=True, num_stages=3, num_warps=4
[rank0]:SingleProcess AUTOTUNE benchmarking takes 0.1293 seconds and 0.0210 seconds precompiling for 7 choices
[rank1]:Autotune Choices Stats:
[rank1]:{"num_choices": 7, "num_triton_choices": 7, "best_kernel": "triton_flex_attention_52", "best_kernel_desc": "BLOCKS_ARE_CONTIGUOUS=False, BLOCK_M=128, BLOCK_N=64, FLOAT32_PRECISION=\"'ieee'\", GQA_SHARED_HEADS=1, HAS_FULL_BLOCKS=True, IS_DIVISIBLE=False, OUTPUT_LOGSUMEXP=False, OUTPUT_MAX=False, PRESCALE_QK=False, QK_HEAD_DIM=128, QK_HEAD_DIM_ROUNDED=128, ROWS_GUARANTEED_SAFE=False, SAFE_HEAD_DIM=True, SM_SCALE=0.08838834764831843, SPARSE_KV_BLOCK_SIZE=128, SPARSE_Q_BLOCK_SIZE=128, USE_TMA=False, V_HEAD_DIM=128, V_HEAD_DIM_ROUNDED=128, WRITE_DQ=True, num_stages=3, num_warps=8", "best_time": 0.023264000192284584, "best_triton_pos": 0}
[rank1]:AUTOTUNE flex_attention(1x48x256x128, 1x48x256x128, 1x48x256x128, 1x48x256, 1x48x256, 1x1x2, 1x1x2x2, 1x1x2, 1x1x2x2, 256)
[rank1]:strides: [6144, 128, 6144, 1], [6144, 128, 6144, 1], [6144, 128, 6144, 1], [48*s37, s37, 1], [48*s37, s37, 1], [s99, s99, 1], [s22*s72, s22*s72, s72, 1], [s94, s94, 1], [s28*s4, s28*s4, s4, 1], [1]
[rank1]:dtypes: torch.bfloat16, torch.bfloat16, torch.bfloat16, torch.float32, torch.float32, torch.int32, torch.int32, torch.int32, torch.int32, torch.int32
[rank1]:  triton_flex_attention_52 0.0233 ms 100.0% BLOCKS_ARE_CONTIGUOUS=False, BLOCK_M=128, BLOCK_N=64, FLOAT32_PRECISION="'ieee'", GQA_SHARED_HEADS=1, HAS_FULL_BLOCKS=True, IS_DIVISIBLE=False, OUTPUT_LOGSUMEXP=False, OUTPUT_MAX=False, PRESCALE_QK=False, QK_HEAD_DIM=128, QK_HEAD_DIM_ROUNDED=128, ROWS_GUARANTEED_SAFE=False, SAFE_HEAD_DIM=True, SM_SCALE=0.08838834764831843, SPARSE_KV_BLOCK_SIZE=128, SPARSE_Q_BLOCK_SIZE=128, USE_TMA=False, V_HEAD_DIM=128, V_HEAD_DIM_ROUNDED=128, WRITE_DQ=True, num_stages=3, num_warps=8
[rank1]:  triton_flex_attention_48 0.0254 ms 91.7% BLOCKS_ARE_CONTIGUOUS=False, BLOCK_M=128, BLOCK_N=128, FLOAT32_PRECISION="'ieee'", GQA_SHARED_HEADS=1, HAS_FULL_BLOCKS=True, IS_DIVISIBLE=False, OUTPUT_LOGSUMEXP=False, OUTPUT_MAX=False, PRESCALE_QK=False, QK_HEAD_DIM=128, QK_HEAD_DIM_ROUNDED=128, ROWS_GUARANTEED_SAFE=False, SAFE_HEAD_DIM=True, SM_SCALE=0.08838834764831843, SPARSE_KV_BLOCK_SIZE=128, SPARSE_Q_BLOCK_SIZE=128, USE_TMA=False, V_HEAD_DIM=128, V_HEAD_DIM_ROUNDED=128, WRITE_DQ=True, num_stages=2, num_warps=8
[rank1]:  triton_flex_attention_49 0.0276 ms 84.4% BLOCKS_ARE_CONTIGUOUS=False, BLOCK_M=128, BLOCK_N=128, FLOAT32_PRECISION="'ieee'", GQA_SHARED_HEADS=1, HAS_FULL_BLOCKS=True, IS_DIVISIBLE=False, OUTPUT_LOGSUMEXP=False, OUTPUT_MAX=False, PRESCALE_QK=False, QK_HEAD_DIM=128, QK_HEAD_DIM_ROUNDED=128, ROWS_GUARANTEED_SAFE=False, SAFE_HEAD_DIM=True, SM_SCALE=0.08838834764831843, SPARSE_KV_BLOCK_SIZE=128, SPARSE_Q_BLOCK_SIZE=128, USE_TMA=False, V_HEAD_DIM=128, V_HEAD_DIM_ROUNDED=128, WRITE_DQ=True, num_stages=1, num_warps=8
[rank1]:  triton_flex_attention_51 0.0309 ms 75.3% BLOCKS_ARE_CONTIGUOUS=False, BLOCK_M=64, BLOCK_N=64, FLOAT32_PRECISION="'ieee'", GQA_SHARED_HEADS=1, HAS_FULL_BLOCKS=True, IS_DIVISIBLE=False, OUTPUT_LOGSUMEXP=False, OUTPUT_MAX=False, PRESCALE_QK=False, QK_HEAD_DIM=128, QK_HEAD_DIM_ROUNDED=128, ROWS_GUARANTEED_SAFE=False, SAFE_HEAD_DIM=True, SM_SCALE=0.08838834764831843, SPARSE_KV_BLOCK_SIZE=128, SPARSE_Q_BLOCK_SIZE=128, USE_TMA=False, V_HEAD_DIM=128, V_HEAD_DIM_ROUNDED=128, WRITE_DQ=True, num_stages=3, num_warps=4
[rank1]:  triton_flex_attention_50 0.0326 ms 71.3% BLOCKS_ARE_CONTIGUOUS=False, BLOCK_M=64, BLOCK_N=128, FLOAT32_PRECISION="'ieee'", GQA_SHARED_HEADS=1, HAS_FULL_BLOCKS=True, IS_DIVISIBLE=False, OUTPUT_LOGSUMEXP=False, OUTPUT_MAX=False, PRESCALE_QK=False, QK_HEAD_DIM=128, QK_HEAD_DIM_ROUNDED=128, ROWS_GUARANTEED_SAFE=False, SAFE_HEAD_DIM=True, SM_SCALE=0.08838834764831843, SPARSE_KV_BLOCK_SIZE=128, SPARSE_Q_BLOCK_SIZE=128, USE_TMA=False, V_HEAD_DIM=128, V_HEAD_DIM_ROUNDED=128, WRITE_DQ=True, num_stages=3, num_warps=4
[rank1]:  triton_flex_attention_46 0.0399 ms 58.3% BLOCKS_ARE_CONTIGUOUS=False, BLOCK_M=128, BLOCK_N=64, FLOAT32_PRECISION="'ieee'", GQA_SHARED_HEADS=1, HAS_FULL_BLOCKS=True, IS_DIVISIBLE=False, OUTPUT_LOGSUMEXP=False, OUTPUT_MAX=False, PRESCALE_QK=False, QK_HEAD_DIM=128, QK_HEAD_DIM_ROUNDED=128, ROWS_GUARANTEED_SAFE=False, SAFE_HEAD_DIM=True, SM_SCALE=0.08838834764831843, SPARSE_KV_BLOCK_SIZE=128, SPARSE_Q_BLOCK_SIZE=128, USE_TMA=False, V_HEAD_DIM=128, V_HEAD_DIM_ROUNDED=128, WRITE_DQ=True, num_stages=3, num_warps=4
[rank1]:  triton_flex_attention_47 0.0477 ms 48.8% BLOCKS_ARE_CONTIGUOUS=False, BLOCK_M=128, BLOCK_N=128, FLOAT32_PRECISION="'ieee'", GQA_SHARED_HEADS=1, HAS_FULL_BLOCKS=True, IS_DIVISIBLE=False, OUTPUT_LOGSUMEXP=False, OUTPUT_MAX=False, PRESCALE_QK=False, QK_HEAD_DIM=128, QK_HEAD_DIM_ROUNDED=128, ROWS_GUARANTEED_SAFE=False, SAFE_HEAD_DIM=True, SM_SCALE=0.08838834764831843, SPARSE_KV_BLOCK_SIZE=128, SPARSE_Q_BLOCK_SIZE=128, USE_TMA=False, V_HEAD_DIM=128, V_HEAD_DIM_ROUNDED=128, WRITE_DQ=True, num_stages=3, num_warps=4
[rank1]:SingleProcess AUTOTUNE benchmarking takes 0.1254 seconds and 0.0212 seconds precompiling for 7 choices
[rank0]:/root/mep/venv_src/lib/python3.12/site-packages/spmd_types/_collectives.py:305: FutureWarning: `torch.distributed._functional_collectives.all_gather_tensor` is deprecated. Please use `torch.distributed._functional_collectives.all_gather_single` instead.
[rank0]:  result = funcol.all_gather_tensor(x, gather_dim, pg)
[rank0]:/root/mep/venv_src/lib/python3.12/site-packages/spmd_types/_collectives.py:633: FutureWarning: `torch.distributed._functional_collectives.reduce_scatter_tensor` is deprecated. Please use `torch.distributed._functional_collectives.reduce_scatter_single` instead.
[rank0]:  result = funcol.reduce_scatter_tensor(x, "sum", scatter_dim, pg)
[rank0]:/root/mep/venv_src/lib/python3.12/site-packages/torch/distributed/fsdp/_fully_shard/_fsdp_state.py:336: UserWarning: FSDP2-wrapped module (FSDPCheckpointWrapper) returned a view tensor. An in-place op on this view (e.g., `x += y`) will silently drop the pre-backward hook and skip the all-gather, which can cause backward to fail or produce wrong gradients. Use out-of-place ops (`out = out + y`, not `out += y`) or `.clone()` the output before any in-place op.
[rank0]:  output = self._register_pre_backward_hook(output)
[rank0]:/root/mep/venv_src/lib/python3.12/site-packages/torch/distributed/fsdp/_fully_shard/_fsdp_state.py:336: UserWarning: FSDP2-wrapped module (FSDPKimiK3Model) returned a view tensor. An in-place op on this view (e.g., `x += y`) will silently drop the pre-backward hook and skip the all-gather, which can cause backward to fail or produce wrong gradients. Use out-of-place ops (`out = out + y`, not `out += y`) or `.clone()` the output before any in-place op.
[rank0]:  output = self._register_pre_backward_hook(output)
[rank1]:/root/mep/venv_src/lib/python3.12/site-packages/spmd_types/_collectives.py:305: FutureWarning: `torch.distributed._functional_collectives.all_gather_tensor` is deprecated. Please use `torch.distributed._functional_collectives.all_gather_single` instead.
[rank1]:  result = funcol.all_gather_tensor(x, gather_dim, pg)
[rank1]:/root/mep/venv_src/lib/python3.12/site-packages/spmd_types/_collectives.py:633: FutureWarning: `torch.distributed._functional_collectives.reduce_scatter_tensor` is deprecated. Please use `torch.distributed._functional_collectives.reduce_scatter_single` instead.
[rank1]:  result = funcol.reduce_scatter_tensor(x, "sum", scatter_dim, pg)
[rank1]:/root/mep/venv_src/lib/python3.12/site-packages/torch/distributed/fsdp/_fully_shard/_fsdp_state.py:336: UserWarning: FSDP2-wrapped module (FSDPCheckpointWrapper) returned a view tensor. An in-place op on this view (e.g., `x += y`) will silently drop the pre-backward hook and skip the all-gather, which can cause backward to fail or produce wrong gradients. Use out-of-place ops (`out = out + y`, not `out += y`) or `.clone()` the output before any in-place op.
[rank1]:  output = self._register_pre_backward_hook(output)
[rank1]:/root/mep/venv_src/lib/python3.12/site-packages/torch/distributed/fsdp/_fully_shard/_fsdp_state.py:336: UserWarning: FSDP2-wrapped module (FSDPKimiK3Model) returned a view tensor. An in-place op on this view (e.g., `x += y`) will silently drop the pre-backward hook and skip the all-gather, which can cause backward to fail or produce wrong gradients. Use out-of-place ops (`out = out + y`, not `out += y`) or `.clone()` the output before any in-place op.
[rank1]:  output = self._register_pre_backward_hook(output)
[rank2]:/root/mep/venv_src/lib/python3.12/site-packages/torch/distributed/fsdp/_fully_shard/_fsdp_state.py:336: UserWarning: FSDP2-wrapped module (FSDPCheckpointWrapper) returned a view tensor. An in-place op on this view (e.g., `x += y`) will silently drop the pre-backward hook and skip the all-gather, which can cause backward to fail or produce wrong gradients. Use out-of-place ops (`out = out + y`, not `out += y`) or `.clone()` the output before any in-place op.
[rank2]:  output = self._register_pre_backward_hook(output)
[rank3]:/root/mep/venv_src/lib/python3.12/site-packages/torch/distributed/fsdp/_fully_shard/_fsdp_state.py:336: UserWarning: FSDP2-wrapped module (FSDPCheckpointWrapper) returned a view tensor. An in-place op on this view (e.g., `x += y`) will silently drop the pre-backward hook and skip the all-gather, which can cause backward to fail or produce wrong gradients. Use out-of-place ops (`out = out + y`, not `out += y`) or `.clone()` the output before any in-place op.
[rank3]:  output = self._register_pre_backward_hook(output)
[rank2]:/root/mep/venv_src/lib/python3.12/site-packages/torch/distributed/fsdp/_fully_shard/_fsdp_state.py:336: UserWarning: FSDP2-wrapped module (FSDPKimiK3Model) returned a view tensor. An in-place op on this view (e.g., `x += y`) will silently drop the pre-backward hook and skip the all-gather, which can cause backward to fail or produce wrong gradients. Use out-of-place ops (`out = out + y`, not `out += y`) or `.clone()` the output before any in-place op.
[rank2]:  output = self._register_pre_backward_hook(output)
[rank3]:/root/mep/venv_src/lib/python3.12/site-packages/torch/distributed/fsdp/_fully_shard/_fsdp_state.py:336: UserWarning: FSDP2-wrapped module (FSDPKimiK3Model) returned a view tensor. An in-place op on this view (e.g., `x += y`) will silently drop the pre-backward hook and skip the all-gather, which can cause backward to fail or produce wrong gradients. Use out-of-place ops (`out = out + y`, not `out += y`) or `.clone()` the output before any in-place op.
[rank3]:  output = self._register_pre_backward_hook(output)
[rank0]:Autotune Choices Stats:
[rank0]:{"num_choices": 7, "num_triton_choices": 7, "best_kernel": "triton_flex_attention_59", "best_kernel_desc": "BLOCKS_ARE_CONTIGUOUS=False, BLOCK_M=128, BLOCK_N=64, FLOAT32_PRECISION=\"'ieee'\", GQA_SHARED_HEADS=1, HAS_FULL_BLOCKS=True, IS_DIVISIBLE=False, OUTPUT_LOGSUMEXP=True, OUTPUT_MAX=False, PRESCALE_QK=False, QK_HEAD_DIM=128, QK_HEAD_DIM_ROUNDED=128, ROWS_GUARANTEED_SAFE=False, SAFE_HEAD_DIM=True, SM_SCALE=0.08838834764831843, SPARSE_KV_BLOCK_SIZE=128, SPARSE_Q_BLOCK_SIZE=128, USE_TMA=False, V_HEAD_DIM=128, V_HEAD_DIM_ROUNDED=128, WRITE_DQ=True, num_stages=3, num_warps=8", "best_time": 0.02319999970495701, "best_triton_pos": 0}
[rank0]:AUTOTUNE flex_attention(1x48x256x128, 1x48x256x128, 1x48x256x128, 1x48x256, 1x48x256, 1x1x2, 1x1x2x2, 1x1x2, 1x1x2x2, 256)
[rank0]:strides: [6144, 128, 6144, 1], [6144, 128, 6144, 1], [6144, 128, 6144, 1], [48*s37, s37, 1], [48*s37, s37, 1], [s99, s99, 1], [s22*s72, s22*s72, s72, 1], [s94, s94, 1], [s28*s4, s28*s4, s4, 1], [1]
[rank0]:dtypes: torch.bfloat16, torch.bfloat16, torch.bfloat16, torch.float32, torch.float32, torch.int32, torch.int32, torch.int32, torch.int32, torch.int32
[rank0]:  triton_flex_attention_59 0.0232 ms 100.0% BLOCKS_ARE_CONTIGUOUS=False, BLOCK_M=128, BLOCK_N=64, FLOAT32_PRECISION="'ieee'", GQA_SHARED_HEADS=1, HAS_FULL_BLOCKS=True, IS_DIVISIBLE=False, OUTPUT_LOGSUMEXP=True, OUTPUT_MAX=False, PRESCALE_QK=False, QK_HEAD_DIM=128, QK_HEAD_DIM_ROUNDED=128, ROWS_GUARANTEED_SAFE=False, SAFE_HEAD_DIM=True, SM_SCALE=0.08838834764831843, SPARSE_KV_BLOCK_SIZE=128, SPARSE_Q_BLOCK_SIZE=128, USE_TMA=False, V_HEAD_DIM=128, V_HEAD_DIM_ROUNDED=128, WRITE_DQ=True, num_stages=3, num_warps=8
[rank0]:  triton_flex_attention_55 0.0256 ms 90.7% BLOCKS_ARE_CONTIGUOUS=False, BLOCK_M=128, BLOCK_N=128, FLOAT32_PRECISION="'ieee'", GQA_SHARED_HEADS=1, HAS_FULL_BLOCKS=True, IS_DIVISIBLE=False, OUTPUT_LOGSUMEXP=True, OUTPUT_MAX=False, PRESCALE_QK=False, QK_HEAD_DIM=128, QK_HEAD_DIM_ROUNDED=128, ROWS_GUARANTEED_SAFE=False, SAFE_HEAD_DIM=True, SM_SCALE=0.08838834764831843, SPARSE_KV_BLOCK_SIZE=128, SPARSE_Q_BLOCK_SIZE=128, USE_TMA=False, V_HEAD_DIM=128, V_HEAD_DIM_ROUNDED=128, WRITE_DQ=True, num_stages=2, num_warps=8
[rank0]:  triton_flex_attention_56 0.0282 ms 82.4% BLOCKS_ARE_CONTIGUOUS=False, BLOCK_M=128, BLOCK_N=128, FLOAT32_PRECISION="'ieee'", GQA_SHARED_HEADS=1, HAS_FULL_BLOCKS=True, IS_DIVISIBLE=False, OUTPUT_LOGSUMEXP=True, OUTPUT_MAX=False, PRESCALE_QK=False, QK_HEAD_DIM=128, QK_HEAD_DIM_ROUNDED=128, ROWS_GUARANTEED_SAFE=False, SAFE_HEAD_DIM=True, SM_SCALE=0.08838834764831843, SPARSE_KV_BLOCK_SIZE=128, SPARSE_Q_BLOCK_SIZE=128, USE_TMA=False, V_HEAD_DIM=128, V_HEAD_DIM_ROUNDED=128, WRITE_DQ=True, num_stages=1, num_warps=8
[rank0]:  triton_flex_attention_58 0.0314 ms 73.9% BLOCKS_ARE_CONTIGUOUS=False, BLOCK_M=64, BLOCK_N=64, FLOAT32_PRECISION="'ieee'", GQA_SHARED_HEADS=1, HAS_FULL_BLOCKS=True, IS_DIVISIBLE=False, OUTPUT_LOGSUMEXP=True, OUTPUT_MAX=False, PRESCALE_QK=False, QK_HEAD_DIM=128, QK_HEAD_DIM_ROUNDED=128, ROWS_GUARANTEED_SAFE=False, SAFE_HEAD_DIM=True, SM_SCALE=0.08838834764831843, SPARSE_KV_BLOCK_SIZE=128, SPARSE_Q_BLOCK_SIZE=128, USE_TMA=False, V_HEAD_DIM=128, V_HEAD_DIM_ROUNDED=128, WRITE_DQ=True, num_stages=3, num_warps=4
[rank0]:  triton_flex_attention_57 0.0331 ms 70.0% BLOCKS_ARE_CONTIGUOUS=False, BLOCK_M=64, BLOCK_N=128, FLOAT32_PRECISION="'ieee'", GQA_SHARED_HEADS=1, HAS_FULL_BLOCKS=True, IS_DIVISIBLE=False, OUTPUT_LOGSUMEXP=True, OUTPUT_MAX=False, PRESCALE_QK=False, QK_HEAD_DIM=128, QK_HEAD_DIM_ROUNDED=128, ROWS_GUARANTEED_SAFE=False, SAFE_HEAD_DIM=True, SM_SCALE=0.08838834764831843, SPARSE_KV_BLOCK_SIZE=128, SPARSE_Q_BLOCK_SIZE=128, USE_TMA=False, V_HEAD_DIM=128, V_HEAD_DIM_ROUNDED=128, WRITE_DQ=True, num_stages=3, num_warps=4
[rank0]:  triton_flex_attention_53 0.0399 ms 58.1% BLOCKS_ARE_CONTIGUOUS=False, BLOCK_M=128, BLOCK_N=64, FLOAT32_PRECISION="'ieee'", GQA_SHARED_HEADS=1, HAS_FULL_BLOCKS=True, IS_DIVISIBLE=False, OUTPUT_LOGSUMEXP=True, OUTPUT_MAX=False, PRESCALE_QK=False, QK_HEAD_DIM=128, QK_HEAD_DIM_ROUNDED=128, ROWS_GUARANTEED_SAFE=False, SAFE_HEAD_DIM=True, SM_SCALE=0.08838834764831843, SPARSE_KV_BLOCK_SIZE=128, SPARSE_Q_BLOCK_SIZE=128, USE_TMA=False, V_HEAD_DIM=128, V_HEAD_DIM_ROUNDED=128, WRITE_DQ=True, num_stages=3, num_warps=4
[rank0]:  triton_flex_attention_54 0.0474 ms 49.0% BLOCKS_ARE_CONTIGUOUS=False, BLOCK_M=128, BLOCK_N=128, FLOAT32_PRECISION="'ieee'", GQA_SHARED_HEADS=1, HAS_FULL_BLOCKS=True, IS_DIVISIBLE=False, OUTPUT_LOGSUMEXP=True, OUTPUT_MAX=False, PRESCALE_QK=False, QK_HEAD_DIM=128, QK_HEAD_DIM_ROUNDED=128, ROWS_GUARANTEED_SAFE=False, SAFE_HEAD_DIM=True, SM_SCALE=0.08838834764831843, SPARSE_KV_BLOCK_SIZE=128, SPARSE_Q_BLOCK_SIZE=128, USE_TMA=False, V_HEAD_DIM=128, V_HEAD_DIM_ROUNDED=128, WRITE_DQ=True, num_stages=3, num_warps=4
[rank0]:SingleProcess AUTOTUNE benchmarking takes 0.1246 seconds and 0.0212 seconds precompiling for 7 choices
[rank1]:Autotune Choices Stats:
[rank1]:{"num_choices": 7, "num_triton_choices": 7, "best_kernel": "triton_flex_attention_59", "best_kernel_desc": "BLOCKS_ARE_CONTIGUOUS=False, BLOCK_M=128, BLOCK_N=64, FLOAT32_PRECISION=\"'ieee'\", GQA_SHARED_HEADS=1, HAS_FULL_BLOCKS=True, IS_DIVISIBLE=False, OUTPUT_LOGSUMEXP=True, OUTPUT_MAX=False, PRESCALE_QK=False, QK_HEAD_DIM=128, QK_HEAD_DIM_ROUNDED=128, ROWS_GUARANTEED_SAFE=False, SAFE_HEAD_DIM=True, SM_SCALE=0.08838834764831843, SPARSE_KV_BLOCK_SIZE=128, SPARSE_Q_BLOCK_SIZE=128, USE_TMA=False, V_HEAD_DIM=128, V_HEAD_DIM_ROUNDED=128, WRITE_DQ=True, num_stages=3, num_warps=8", "best_time": 0.02304000034928322, "best_triton_pos": 0}
[rank1]:AUTOTUNE flex_attention(1x48x256x128, 1x48x256x128, 1x48x256x128, 1x48x256, 1x48x256, 1x1x2, 1x1x2x2, 1x1x2, 1x1x2x2, 256)
[rank1]:strides: [6144, 128, 6144, 1], [6144, 128, 6144, 1], [6144, 128, 6144, 1], [48*s37, s37, 1], [48*s37, s37, 1], [s99, s99, 1], [s22*s72, s22*s72, s72, 1], [s94, s94, 1], [s28*s4, s28*s4, s4, 1], [1]
[rank1]:dtypes: torch.bfloat16, torch.bfloat16, torch.bfloat16, torch.float32, torch.float32, torch.int32, torch.int32, torch.int32, torch.int32, torch.int32
[rank1]:  triton_flex_attention_59 0.0230 ms 100.0% BLOCKS_ARE_CONTIGUOUS=False, BLOCK_M=128, BLOCK_N=64, FLOAT32_PRECISION="'ieee'", GQA_SHARED_HEADS=1, HAS_FULL_BLOCKS=True, IS_DIVISIBLE=False, OUTPUT_LOGSUMEXP=True, OUTPUT_MAX=False, PRESCALE_QK=False, QK_HEAD_DIM=128, QK_HEAD_DIM_ROUNDED=128, ROWS_GUARANTEED_SAFE=False, SAFE_HEAD_DIM=True, SM_SCALE=0.08838834764831843, SPARSE_KV_BLOCK_SIZE=128, SPARSE_Q_BLOCK_SIZE=128, USE_TMA=False, V_HEAD_DIM=128, V_HEAD_DIM_ROUNDED=128, WRITE_DQ=True, num_stages=3, num_warps=8
[rank1]:  triton_flex_attention_55 0.0254 ms 90.8% BLOCKS_ARE_CONTIGUOUS=False, BLOCK_M=128, BLOCK_N=128, FLOAT32_PRECISION="'ieee'", GQA_SHARED_HEADS=1, HAS_FULL_BLOCKS=True, IS_DIVISIBLE=False, OUTPUT_LOGSUMEXP=True, OUTPUT_MAX=False, PRESCALE_QK=False, QK_HEAD_DIM=128, QK_HEAD_DIM_ROUNDED=128, ROWS_GUARANTEED_SAFE=False, SAFE_HEAD_DIM=True, SM_SCALE=0.08838834764831843, SPARSE_KV_BLOCK_SIZE=128, SPARSE_Q_BLOCK_SIZE=128, USE_TMA=False, V_HEAD_DIM=128, V_HEAD_DIM_ROUNDED=128, WRITE_DQ=True, num_stages=2, num_warps=8
[rank1]:  triton_flex_attention_56 0.0277 ms 83.1% BLOCKS_ARE_CONTIGUOUS=False, BLOCK_M=128, BLOCK_N=128, FLOAT32_PRECISION="'ieee'", GQA_SHARED_HEADS=1, HAS_FULL_BLOCKS=True, IS_DIVISIBLE=False, OUTPUT_LOGSUMEXP=True, OUTPUT_MAX=False, PRESCALE_QK=False, QK_HEAD_DIM=128, QK_HEAD_DIM_ROUNDED=128, ROWS_GUARANTEED_SAFE=False, SAFE_HEAD_DIM=True, SM_SCALE=0.08838834764831843, SPARSE_KV_BLOCK_SIZE=128, SPARSE_Q_BLOCK_SIZE=128, USE_TMA=False, V_HEAD_DIM=128, V_HEAD_DIM_ROUNDED=128, WRITE_DQ=True, num_stages=1, num_warps=8
[rank1]:  triton_flex_attention_58 0.0312 ms 73.8% BLOCKS_ARE_CONTIGUOUS=False, BLOCK_M=64, BLOCK_N=64, FLOAT32_PRECISION="'ieee'", GQA_SHARED_HEADS=1, HAS_FULL_BLOCKS=True, IS_DIVISIBLE=False, OUTPUT_LOGSUMEXP=True, OUTPUT_MAX=False, PRESCALE_QK=False, QK_HEAD_DIM=128, QK_HEAD_DIM_ROUNDED=128, ROWS_GUARANTEED_SAFE=False, SAFE_HEAD_DIM=True, SM_SCALE=0.08838834764831843, SPARSE_KV_BLOCK_SIZE=128, SPARSE_Q_BLOCK_SIZE=128, USE_TMA=False, V_HEAD_DIM=128, V_HEAD_DIM_ROUNDED=128, WRITE_DQ=True, num_stages=3, num_warps=4
[rank1]:  triton_flex_attention_57 0.0329 ms 70.0% BLOCKS_ARE_CONTIGUOUS=False, BLOCK_M=64, BLOCK_N=128, FLOAT32_PRECISION="'ieee'", GQA_SHARED_HEADS=1, HAS_FULL_BLOCKS=True, IS_DIVISIBLE=False, OUTPUT_LOGSUMEXP=True, OUTPUT_MAX=False, PRESCALE_QK=False, QK_HEAD_DIM=128, QK_HEAD_DIM_ROUNDED=128, ROWS_GUARANTEED_SAFE=False, SAFE_HEAD_DIM=True, SM_SCALE=0.08838834764831843, SPARSE_KV_BLOCK_SIZE=128, SPARSE_Q_BLOCK_SIZE=128, USE_TMA=False, V_HEAD_DIM=128, V_HEAD_DIM_ROUNDED=128, WRITE_DQ=True, num_stages=3, num_warps=4
[rank1]:  triton_flex_attention_53 0.0397 ms 58.0% BLOCKS_ARE_CONTIGUOUS=False, BLOCK_M=128, BLOCK_N=64, FLOAT32_PRECISION="'ieee'", GQA_SHARED_HEADS=1, HAS_FULL_BLOCKS=True, IS_DIVISIBLE=False, OUTPUT_LOGSUMEXP=True, OUTPUT_MAX=False, PRESCALE_QK=False, QK_HEAD_DIM=128, QK_HEAD_DIM_ROUNDED=128, ROWS_GUARANTEED_SAFE=False, SAFE_HEAD_DIM=True, SM_SCALE=0.08838834764831843, SPARSE_KV_BLOCK_SIZE=128, SPARSE_Q_BLOCK_SIZE=128, USE_TMA=False, V_HEAD_DIM=128, V_HEAD_DIM_ROUNDED=128, WRITE_DQ=True, num_stages=3, num_warps=4
[rank1]:  triton_flex_attention_54 0.0466 ms 49.4% BLOCKS_ARE_CONTIGUOUS=False, BLOCK_M=128, BLOCK_N=128, FLOAT32_PRECISION="'ieee'", GQA_SHARED_HEADS=1, HAS_FULL_BLOCKS=True, IS_DIVISIBLE=False, OUTPUT_LOGSUMEXP=True, OUTPUT_MAX=False, PRESCALE_QK=False, QK_HEAD_DIM=128, QK_HEAD_DIM_ROUNDED=128, ROWS_GUARANTEED_SAFE=False, SAFE_HEAD_DIM=True, SM_SCALE=0.08838834764831843, SPARSE_KV_BLOCK_SIZE=128, SPARSE_Q_BLOCK_SIZE=128, USE_TMA=False, V_HEAD_DIM=128, V_HEAD_DIM_ROUNDED=128, WRITE_DQ=True, num_stages=3, num_warps=4
[rank1]:SingleProcess AUTOTUNE benchmarking takes 0.1230 seconds and 0.0297 seconds precompiling for 7 choices
[rank0]:Autotune Choices Stats:
[rank0]:{"num_choices": 13, "num_triton_choices": 13, "best_kernel": "triton_flex_attention_backward_65", "best_kernel_desc": "BLOCKS_ARE_CONTIGUOUS=False, BLOCK_M1=32, BLOCK_M2=64, BLOCK_N1=64, BLOCK_N2=32, FLOAT32_PRECISION=\"'ieee'\", GQA_SHARED_HEADS=1, HAS_FULL_BLOCKS=True, IS_DIVISIBLE=False, OUTPUT_LOGSUMEXP=True, OUTPUT_MAX=False, PRESCALE_QK=False, QK_HEAD_DIM=128, QK_HEAD_DIM_ROUNDED=128, ROWS_GUARANTEED_SAFE=False, SAFE_HEAD_DIM=True, SM_SCALE=0.08838834764831843, SPARSE_KV_BLOCK_SIZE=128, SPARSE_Q_BLOCK_SIZE=128, USE_TMA=False, V_HEAD_DIM=128, V_HEAD_DIM_ROUNDED=128, WRITE_DQ=True, num_stages=3, num_warps=4", "best_time": 0.04879999905824661, "best_triton_pos": 0}
[rank0]:AUTOTUNE flex_attention_backward(1x48x256x128, 1x48x256x128, 1x48x256x128, 1x48x256, 1x48x256, 1x48x256x128, 1x48x256x128, 1x48x256x128, 1x1x2, 1x1x2x2, 1x1x2, 1x1x2x2, 1x1x2, 1x1x2x2, 1x1x2, 1x1x2x2, 256)
[rank0]:strides: [6144, 128, 6144, 1], [6144, 128, 6144, 1], [6144, 128, 6144, 1], [48*Max(1, s37), Max(1, s37), 1], [48*s37, s37, 1], [6144*Max(1, s37), 128*Max(1, s37), 128, 1], [6144*s37, 128, 6144, 1], [6144*s0, 128, 6144, 1], [s99, s99, 1], [s22*s72, s22*s72, s72, 1], [s56, s56, 1], [s53*s84, s53*s84, s53, 1], [s94, s94, 1], [s28*s4, s28*s4, s4, 1], [s100, s100, 1], [s11*s5, s11*s5, s11, 1], [1]
[rank0]:dtypes: torch.bfloat16, torch.bfloat16, torch.bfloat16, torch.float32, torch.float32, torch.bfloat16, torch.bfloat16, torch.bfloat16, torch.int32, torch.int32, torch.int32, torch.int32, torch.int32, torch.int32, torch.int32, torch.int32, torch.int32
[rank0]:  triton_flex_attention_backward_65 0.0488 ms 100.0% BLOCKS_ARE_CONTIGUOUS=False, BLOCK_M1=32, BLOCK_M2=64, BLOCK_N1=64, BLOCK_N2=32, FLOAT32_PRECISION="'ieee'", GQA_SHARED_HEADS=1, HAS_FULL_BLOCKS=True, IS_DIVISIBLE=False, OUTPUT_LOGSUMEXP=True, OUTPUT_MAX=False, PRESCALE_QK=False, QK_HEAD_DIM=128, QK_HEAD_DIM_ROUNDED=128, ROWS_GUARANTEED_SAFE=False, SAFE_HEAD_DIM=True, SM_SCALE=0.08838834764831843, SPARSE_KV_BLOCK_SIZE=128, SPARSE_Q_BLOCK_SIZE=128, USE_TMA=False, V_HEAD_DIM=128, V_HEAD_DIM_ROUNDED=128, WRITE_DQ=True, num_stages=3, num_warps=4
[rank0]:  triton_flex_attention_backward_66 0.0496 ms 98.4% BLOCKS_ARE_CONTIGUOUS=False, BLOCK_M1=32, BLOCK_M2=64, BLOCK_N1=64, BLOCK_N2=32, FLOAT32_PRECISION="'ieee'", GQA_SHARED_HEADS=1, HAS_FULL_BLOCKS=True, IS_DIVISIBLE=False, OUTPUT_LOGSUMEXP=True, OUTPUT_MAX=False, PRESCALE_QK=False, QK_HEAD_DIM=128, QK_HEAD_DIM_ROUNDED=128, ROWS_GUARANTEED_SAFE=False, SAFE_HEAD_DIM=True, SM_SCALE=0.08838834764831843, SPARSE_KV_BLOCK_SIZE=128, SPARSE_Q_BLOCK_SIZE=128, USE_TMA=False, V_HEAD_DIM=128, V_HEAD_DIM_ROUNDED=128, WRITE_DQ=True, num_stages=4, num_warps=4
[rank0]:  triton_flex_attention_backward_72 0.0518 ms 94.3% BLOCKS_ARE_CONTIGUOUS=False, BLOCK_M1=64, BLOCK_M2=128, BLOCK_N1=128, BLOCK_N2=64, FLOAT32_PRECISION="'ieee'", GQA_SHARED_HEADS=1, HAS_FULL_BLOCKS=True, IS_DIVISIBLE=False, OUTPUT_LOGSUMEXP=True, OUTPUT_MAX=False, PRESCALE_QK=False, QK_HEAD_DIM=128, QK_HEAD_DIM_ROUNDED=128, ROWS_GUARANTEED_SAFE=False, SAFE_HEAD_DIM=True, SM_SCALE=0.08838834764831843, SPARSE_KV_BLOCK_SIZE=128, SPARSE_Q_BLOCK_SIZE=128, USE_TMA=False, V_HEAD_DIM=128, V_HEAD_DIM_ROUNDED=128, WRITE_DQ=True, num_stages=3, num_warps=8
[rank0]:  triton_flex_attention_backward_64 0.0618 ms 79.0% BLOCKS_ARE_CONTIGUOUS=False, BLOCK_M1=32, BLOCK_M2=64, BLOCK_N1=64, BLOCK_N2=32, FLOAT32_PRECISION="'ieee'", GQA_SHARED_HEADS=1, HAS_FULL_BLOCKS=True, IS_DIVISIBLE=False, OUTPUT_LOGSUMEXP=True, OUTPUT_MAX=False, PRESCALE_QK=False, QK_HEAD_DIM=128, QK_HEAD_DIM_ROUNDED=128, ROWS_GUARANTEED_SAFE=False, SAFE_HEAD_DIM=True, SM_SCALE=0.08838834764831843, SPARSE_KV_BLOCK_SIZE=128, SPARSE_Q_BLOCK_SIZE=128, USE_TMA=False, V_HEAD_DIM=128, V_HEAD_DIM_ROUNDED=128, WRITE_DQ=True, num_stages=1, num_warps=4
[rank0]:  triton_flex_attention_backward_67 0.0658 ms 74.2% BLOCKS_ARE_CONTIGUOUS=False, BLOCK_M1=32, BLOCK_M2=64, BLOCK_N1=64, BLOCK_N2=32, FLOAT32_PRECISION="'ieee'", GQA_SHARED_HEADS=1, HAS_FULL_BLOCKS=True, IS_DIVISIBLE=False, OUTPUT_LOGSUMEXP=True, OUTPUT_MAX=False, PRESCALE_QK=False, QK_HEAD_DIM=128, QK_HEAD_DIM_ROUNDED=128, ROWS_GUARANTEED_SAFE=False, SAFE_HEAD_DIM=True, SM_SCALE=0.08838834764831843, SPARSE_KV_BLOCK_SIZE=128, SPARSE_Q_BLOCK_SIZE=128, USE_TMA=False, V_HEAD_DIM=128, V_HEAD_DIM_ROUNDED=128, WRITE_DQ=True, num_stages=5, num_warps=4
[rank0]:  triton_flex_attention_backward_68 0.0660 ms 74.0% BLOCKS_ARE_CONTIGUOUS=False, BLOCK_M1=64, BLOCK_M2=64, BLOCK_N1=64, BLOCK_N2=64, FLOAT32_PRECISION="'ieee'", GQA_SHARED_HEADS=1, HAS_FULL_BLOCKS=True, IS_DIVISIBLE=False, OUTPUT_LOGSUMEXP=True, OUTPUT_MAX=False, PRESCALE_QK=False, QK_HEAD_DIM=128, QK_HEAD_DIM_ROUNDED=128, ROWS_GUARANTEED_SAFE=False, SAFE_HEAD_DIM=True, SM_SCALE=0.08838834764831843, SPARSE_KV_BLOCK_SIZE=128, SPARSE_Q_BLOCK_SIZE=128, USE_TMA=False, V_HEAD_DIM=128, V_HEAD_DIM_ROUNDED=128, WRITE_DQ=True, num_stages=1, num_warps=4
[rank0]:  triton_flex_attention_backward_69 0.0699 ms 69.8% BLOCKS_ARE_CONTIGUOUS=False, BLOCK_M1=64, BLOCK_M2=64, BLOCK_N1=64, BLOCK_N2=64, FLOAT32_PRECISION="'ieee'", GQA_SHARED_HEADS=1, HAS_FULL_BLOCKS=True, IS_DIVISIBLE=False, OUTPUT_LOGSUMEXP=True, OUTPUT_MAX=False, PRESCALE_QK=False, QK_HEAD_DIM=128, QK_HEAD_DIM_ROUNDED=128, ROWS_GUARANTEED_SAFE=False, SAFE_HEAD_DIM=True, SM_SCALE=0.08838834764831843, SPARSE_KV_BLOCK_SIZE=128, SPARSE_Q_BLOCK_SIZE=128, USE_TMA=False, V_HEAD_DIM=128, V_HEAD_DIM_ROUNDED=128, WRITE_DQ=True, num_stages=3, num_warps=4
[rank0]:  triton_flex_attention_backward_70 0.0751 ms 65.0% BLOCKS_ARE_CONTIGUOUS=False, BLOCK_M1=64, BLOCK_M2=64, BLOCK_N1=64, BLOCK_N2=64, FLOAT32_PRECISION="'ieee'", GQA_SHARED_HEADS=1, HAS_FULL_BLOCKS=True, IS_DIVISIBLE=False, OUTPUT_LOGSUMEXP=True, OUTPUT_MAX=False, PRESCALE_QK=False, QK_HEAD_DIM=128, QK_HEAD_DIM_ROUNDED=128, ROWS_GUARANTEED_SAFE=False, SAFE_HEAD_DIM=True, SM_SCALE=0.08838834764831843, SPARSE_KV_BLOCK_SIZE=128, SPARSE_Q_BLOCK_SIZE=128, USE_TMA=False, V_HEAD_DIM=128, V_HEAD_DIM_ROUNDED=128, WRITE_DQ=True, num_stages=4, num_warps=4
[rank0]:  triton_flex_attention_backward_71 0.0929 ms 52.5% BLOCKS_ARE_CONTIGUOUS=False, BLOCK_M1=64, BLOCK_M2=64, BLOCK_N1=64, BLOCK_N2=64, FLOAT32_PRECISION="'ieee'", GQA_SHARED_HEADS=1, HAS_FULL_BLOCKS=True, IS_DIVISIBLE=False, OUTPUT_LOGSUMEXP=True, OUTPUT_MAX=False, PRESCALE_QK=False, QK_HEAD_DIM=128, QK_HEAD_DIM_ROUNDED=128, ROWS_GUARANTEED_SAFE=False, SAFE_HEAD_DIM=True, SM_SCALE=0.08838834764831843, SPARSE_KV_BLOCK_SIZE=128, SPARSE_Q_BLOCK_SIZE=128, USE_TMA=False, V_HEAD_DIM=128, V_HEAD_DIM_ROUNDED=128, WRITE_DQ=True, num_stages=5, num_warps=4
[rank0]:  triton_flex_attention_backward_61 0.0955 ms 51.1% BLOCKS_ARE_CONTIGUOUS=False, BLOCK_M1=32, BLOCK_M2=32, BLOCK_N1=32, BLOCK_N2=32, FLOAT32_PRECISION="'ieee'", GQA_SHARED_HEADS=1, HAS_FULL_BLOCKS=True, IS_DIVISIBLE=False, OUTPUT_LOGSUMEXP=True, OUTPUT_MAX=False, PRESCALE_QK=False, QK_HEAD_DIM=128, QK_HEAD_DIM_ROUNDED=128, ROWS_GUARANTEED_SAFE=False, SAFE_HEAD_DIM=True, SM_SCALE=0.08838834764831843, SPARSE_KV_BLOCK_SIZE=128, SPARSE_Q_BLOCK_SIZE=128, USE_TMA=False, V_HEAD_DIM=128, V_HEAD_DIM_ROUNDED=128, WRITE_DQ=True, num_stages=3, num_warps=4
[rank0]:SingleProcess AUTOTUNE benchmarking takes 0.3494 seconds and 0.0467 seconds precompiling for 13 choices
[rank1]:Autotune Choices Stats:
[rank1]:{"num_choices": 13, "num_triton_choices": 13, "best_kernel": "triton_flex_attention_backward_65", "best_kernel_desc": "BLOCKS_ARE_CONTIGUOUS=False, BLOCK_M1=32, BLOCK_M2=64, BLOCK_N1=64, BLOCK_N2=32, FLOAT32_PRECISION=\"'ieee'\", GQA_SHARED_HEADS=1, HAS_FULL_BLOCKS=True, IS_DIVISIBLE=False, OUTPUT_LOGSUMEXP=True, OUTPUT_MAX=False, PRESCALE_QK=False, QK_HEAD_DIM=128, QK_HEAD_DIM_ROUNDED=128, ROWS_GUARANTEED_SAFE=False, SAFE_HEAD_DIM=True, SM_SCALE=0.08838834764831843, SPARSE_KV_BLOCK_SIZE=128, SPARSE_Q_BLOCK_SIZE=128, USE_TMA=False, V_HEAD_DIM=128, V_HEAD_DIM_ROUNDED=128, WRITE_DQ=True, num_stages=3, num_warps=4", "best_time": 0.04864000156521797, "best_triton_pos": 0}
[rank1]:AUTOTUNE flex_attention_backward(1x48x256x128, 1x48x256x128, 1x48x256x128, 1x48x256, 1x48x256, 1x48x256x128, 1x48x256x128, 1x48x256x128, 1x1x2, 1x1x2x2, 1x1x2, 1x1x2x2, 1x1x2, 1x1x2x2, 1x1x2, 1x1x2x2, 256)
[rank1]:strides: [6144, 128, 6144, 1], [6144, 128, 6144, 1], [6144, 128, 6144, 1], [48*Max(1, s37), Max(1, s37), 1], [48*s37, s37, 1], [6144*Max(1, s37), 128*Max(1, s37), 128, 1], [6144*s37, 128, 6144, 1], [6144*s0, 128, 6144, 1], [s99, s99, 1], [s22*s72, s22*s72, s72, 1], [s56, s56, 1], [s53*s84, s53*s84, s53, 1], [s94, s94, 1], [s28*s4, s28*s4, s4, 1], [s100, s100, 1], [s11*s5, s11*s5, s11, 1], [1]
[rank1]:dtypes: torch.bfloat16, torch.bfloat16, torch.bfloat16, torch.float32, torch.float32, torch.bfloat16, torch.bfloat16, torch.bfloat16, torch.int32, torch.int32, torch.int32, torch.int32, torch.int32, torch.int32, torch.int32, torch.int32, torch.int32
[rank1]:  triton_flex_attention_backward_65 0.0486 ms 100.0% BLOCKS_ARE_CONTIGUOUS=False, BLOCK_M1=32, BLOCK_M2=64, BLOCK_N1=64, BLOCK_N2=32, FLOAT32_PRECISION="'ieee'", GQA_SHARED_HEADS=1, HAS_FULL_BLOCKS=True, IS_DIVISIBLE=False, OUTPUT_LOGSUMEXP=True, OUTPUT_MAX=False, PRESCALE_QK=False, QK_HEAD_DIM=128, QK_HEAD_DIM_ROUNDED=128, ROWS_GUARANTEED_SAFE=False, SAFE_HEAD_DIM=True, SM_SCALE=0.08838834764831843, SPARSE_KV_BLOCK_SIZE=128, SPARSE_Q_BLOCK_SIZE=128, USE_TMA=False, V_HEAD_DIM=128, V_HEAD_DIM_ROUNDED=128, WRITE_DQ=True, num_stages=3, num_warps=4
[rank1]:  triton_flex_attention_backward_66 0.0495 ms 98.2% BLOCKS_ARE_CONTIGUOUS=False, BLOCK_M1=32, BLOCK_M2=64, BLOCK_N1=64, BLOCK_N2=32, FLOAT32_PRECISION="'ieee'", GQA_SHARED_HEADS=1, HAS_FULL_BLOCKS=True, IS_DIVISIBLE=False, OUTPUT_LOGSUMEXP=True, OUTPUT_MAX=False, PRESCALE_QK=False, QK_HEAD_DIM=128, QK_HEAD_DIM_ROUNDED=128, ROWS_GUARANTEED_SAFE=False, SAFE_HEAD_DIM=True, SM_SCALE=0.08838834764831843, SPARSE_KV_BLOCK_SIZE=128, SPARSE_Q_BLOCK_SIZE=128, USE_TMA=False, V_HEAD_DIM=128, V_HEAD_DIM_ROUNDED=128, WRITE_DQ=True, num_stages=4, num_warps=4
[rank1]:  triton_flex_attention_backward_72 0.0516 ms 94.2% BLOCKS_ARE_CONTIGUOUS=False, BLOCK_M1=64, BLOCK_M2=128, BLOCK_N1=128, BLOCK_N2=64, FLOAT32_PRECISION="'ieee'", GQA_SHARED_HEADS=1, HAS_FULL_BLOCKS=True, IS_DIVISIBLE=False, OUTPUT_LOGSUMEXP=True, OUTPUT_MAX=False, PRESCALE_QK=False, QK_HEAD_DIM=128, QK_HEAD_DIM_ROUNDED=128, ROWS_GUARANTEED_SAFE=False, SAFE_HEAD_DIM=True, SM_SCALE=0.08838834764831843, SPARSE_KV_BLOCK_SIZE=128, SPARSE_Q_BLOCK_SIZE=128, USE_TMA=False, V_HEAD_DIM=128, V_HEAD_DIM_ROUNDED=128, WRITE_DQ=True, num_stages=3, num_warps=8
[rank1]:  triton_flex_attention_backward_64 0.0624 ms 78.0% BLOCKS_ARE_CONTIGUOUS=False, BLOCK_M1=32, BLOCK_M2=64, BLOCK_N1=64, BLOCK_N2=32, FLOAT32_PRECISION="'ieee'", GQA_SHARED_HEADS=1, HAS_FULL_BLOCKS=True, IS_DIVISIBLE=False, OUTPUT_LOGSUMEXP=True, OUTPUT_MAX=False, PRESCALE_QK=False, QK_HEAD_DIM=128, QK_HEAD_DIM_ROUNDED=128, ROWS_GUARANTEED_SAFE=False, SAFE_HEAD_DIM=True, SM_SCALE=0.08838834764831843, SPARSE_KV_BLOCK_SIZE=128, SPARSE_Q_BLOCK_SIZE=128, USE_TMA=False, V_HEAD_DIM=128, V_HEAD_DIM_ROUNDED=128, WRITE_DQ=True, num_stages=1, num_warps=4
[rank1]:  triton_flex_attention_backward_67 0.0655 ms 74.3% BLOCKS_ARE_CONTIGUOUS=False, BLOCK_M1=32, BLOCK_M2=64, BLOCK_N1=64, BLOCK_N2=32, FLOAT32_PRECISION="'ieee'", GQA_SHARED_HEADS=1, HAS_FULL_BLOCKS=True, IS_DIVISIBLE=False, OUTPUT_LOGSUMEXP=True, OUTPUT_MAX=False, PRESCALE_QK=False, QK_HEAD_DIM=128, QK_HEAD_DIM_ROUNDED=128, ROWS_GUARANTEED_SAFE=False, SAFE_HEAD_DIM=True, SM_SCALE=0.08838834764831843, SPARSE_KV_BLOCK_SIZE=128, SPARSE_Q_BLOCK_SIZE=128, USE_TMA=False, V_HEAD_DIM=128, V_HEAD_DIM_ROUNDED=128, WRITE_DQ=True, num_stages=5, num_warps=4
[rank1]:  triton_flex_attention_backward_68 0.0657 ms 74.0% BLOCKS_ARE_CONTIGUOUS=False, BLOCK_M1=64, BLOCK_M2=64, BLOCK_N1=64, BLOCK_N2=64, FLOAT32_PRECISION="'ieee'", GQA_SHARED_HEADS=1, HAS_FULL_BLOCKS=True, IS_DIVISIBLE=False, OUTPUT_LOGSUMEXP=True, OUTPUT_MAX=False, PRESCALE_QK=False, QK_HEAD_DIM=128, QK_HEAD_DIM_ROUNDED=128, ROWS_GUARANTEED_SAFE=False, SAFE_HEAD_DIM=True, SM_SCALE=0.08838834764831843, SPARSE_KV_BLOCK_SIZE=128, SPARSE_Q_BLOCK_SIZE=128, USE_TMA=False, V_HEAD_DIM=128, V_HEAD_DIM_ROUNDED=128, WRITE_DQ=True, num_stages=1, num_warps=4
[rank1]:  triton_flex_attention_backward_69 0.0693 ms 70.1% BLOCKS_ARE_CONTIGUOUS=False, BLOCK_M1=64, BLOCK_M2=64, BLOCK_N1=64, BLOCK_N2=64, FLOAT32_PRECISION="'ieee'", GQA_SHARED_HEADS=1, HAS_FULL_BLOCKS=True, IS_DIVISIBLE=False, OUTPUT_LOGSUMEXP=True, OUTPUT_MAX=False, PRESCALE_QK=False, QK_HEAD_DIM=128, QK_HEAD_DIM_ROUNDED=128, ROWS_GUARANTEED_SAFE=False, SAFE_HEAD_DIM=True, SM_SCALE=0.08838834764831843, SPARSE_KV_BLOCK_SIZE=128, SPARSE_Q_BLOCK_SIZE=128, USE_TMA=False, V_HEAD_DIM=128, V_HEAD_DIM_ROUNDED=128, WRITE_DQ=True, num_stages=3, num_warps=4
[rank1]:  triton_flex_attention_backward_70 0.0751 ms 64.8% BLOCKS_ARE_CONTIGUOUS=False, BLOCK_M1=64, BLOCK_M2=64, BLOCK_N1=64, BLOCK_N2=64, FLOAT32_PRECISION="'ieee'", GQA_SHARED_HEADS=1, HAS_FULL_BLOCKS=True, IS_DIVISIBLE=False, OUTPUT_LOGSUMEXP=True, OUTPUT_MAX=False, PRESCALE_QK=False, QK_HEAD_DIM=128, QK_HEAD_DIM_ROUNDED=128, ROWS_GUARANTEED_SAFE=False, SAFE_HEAD_DIM=True, SM_SCALE=0.08838834764831843, SPARSE_KV_BLOCK_SIZE=128, SPARSE_Q_BLOCK_SIZE=128, USE_TMA=False, V_HEAD_DIM=128, V_HEAD_DIM_ROUNDED=128, WRITE_DQ=True, num_stages=4, num_warps=4
[rank1]:  triton_flex_attention_backward_71 0.0924 ms 52.7% BLOCKS_ARE_CONTIGUOUS=False, BLOCK_M1=64, BLOCK_M2=64, BLOCK_N1=64, BLOCK_N2=64, FLOAT32_PRECISION="'ieee'", GQA_SHARED_HEADS=1, HAS_FULL_BLOCKS=True, IS_DIVISIBLE=False, OUTPUT_LOGSUMEXP=True, OUTPUT_MAX=False, PRESCALE_QK=False, QK_HEAD_DIM=128, QK_HEAD_DIM_ROUNDED=128, ROWS_GUARANTEED_SAFE=False, SAFE_HEAD_DIM=True, SM_SCALE=0.08838834764831843, SPARSE_KV_BLOCK_SIZE=128, SPARSE_Q_BLOCK_SIZE=128, USE_TMA=False, V_HEAD_DIM=128, V_HEAD_DIM_ROUNDED=128, WRITE_DQ=True, num_stages=5, num_warps=4
[rank1]:  triton_flex_attention_backward_61 0.0952 ms 51.1% BLOCKS_ARE_CONTIGUOUS=False, BLOCK_M1=32, BLOCK_M2=32, BLOCK_N1=32, BLOCK_N2=32, FLOAT32_PRECISION="'ieee'", GQA_SHARED_HEADS=1, HAS_FULL_BLOCKS=True, IS_DIVISIBLE=False, OUTPUT_LOGSUMEXP=True, OUTPUT_MAX=False, PRESCALE_QK=False, QK_HEAD_DIM=128, QK_HEAD_DIM_ROUNDED=128, ROWS_GUARANTEED_SAFE=False, SAFE_HEAD_DIM=True, SM_SCALE=0.08838834764831843, SPARSE_KV_BLOCK_SIZE=128, SPARSE_Q_BLOCK_SIZE=128, USE_TMA=False, V_HEAD_DIM=128, V_HEAD_DIM_ROUNDED=128, WRITE_DQ=True, num_stages=3, num_warps=4
[rank1]:SingleProcess AUTOTUNE benchmarking takes 0.3438 seconds and 0.0407 seconds precompiling for 13 choices
[rank2]:[titan] 2026-09-29 08:41:26,391 - torchtitan.observability.metrics - INFO - [31mstep:  2  [32mloss:  7.54234  [38;2;180;60;0mgrad_norm: 200.0000  [38;2;54;234;195mmemory: 57.98GiB(73.19%)  [34mtps: 225  [36mtflops: 12.30  [35mmfu: 1.24%[39m
[rank2]:[titan] 2026-09-29 08:41:26,391 - torchtitan.trainer - INFO - Training completed
[rank0]:[titan] 2026-09-29 08:41:26,397 - torchtitan.observability.metrics - INFO - [31mstep:  2  [32mloss: -1.00000  [38;2;180;60;0mgrad_norm: 200.0000  [38;2;54;234;195mmemory: 67.03GiB(84.62%)  [34mtps: 231  [36mtflops: 12.62  [35mmfu: 1.28%[39m
[rank0]:[titan] 2026-09-29 08:41:26,397 - torchtitan.trainer - INFO - Sleeping 2 seconds for other ranks to complete
[rank3]:[titan] 2026-09-29 08:41:26,391 - torchtitan.observability.metrics - INFO - [31mstep:  2  [32mloss:  7.54234  [38;2;180;60;0mgrad_norm: 200.0000  [38;2;54;234;195mmemory: 57.92GiB(73.12%)  [34mtps: 225  [36mtflops: 12.30  [35mmfu: 1.24%[39m
[rank3]:[titan] 2026-09-29 08:41:26,391 - torchtitan.trainer - INFO - Training completed
[rank1]:[titan] 2026-09-29 08:41:26,397 - torchtitan.observability.metrics - INFO - [31mstep:  2  [32mloss: -1.00000  [38;2;180;60;0mgrad_norm: 200.0000  [38;2;54;234;195mmemory: 66.59GiB(84.07%)  [34mtps: 231  [36mtflops: 12.59  [35mmfu: 1.27%[39m
[rank1]:[titan] 2026-09-29 08:41:26,397 - torchtitan.trainer - INFO - Training completed
[rank0]:[titan] 2026-09-29 08:41:28,397 - torchtitan.trainer - INFO - Training completed
[rank3]:[titan] 2026-09-29 08:41:32,130 - __main__ - INFO - Process group destroyed
[rank1]:[titan] 2026-09-29 08:41:32,130 - __main__ - INFO - Process group destroyed
[rank2]:[titan] 2026-09-29 08:41:32,479 - __main__ - INFO - Process group destroyed
[rank0]:[titan] 2026-09-29 08:41:32,479 - __main__ - INFO - Process group destroyed
