{
  "args": {
    "model": "/workspace/torchtitan_attention_residual/phase11/hf_kimi_48b_e32_dummy",
    "tp": 8,
    "prefill": 4096,
    "decode": 256,
    "warmup": 2,
    "timed": 5,
    "disable_cuda_graph": true,
    "out": "/workspace/torchtitan_attention_residual/phase11/bench_results_prod_20260513-074606/kimi_48b_e64_tp8_ctx4096.json"
  },
  "modes": {
    "vanilla": {
      "prefill_ttft_ms_mean": 86.59242420108058,
      "prefill_ttft_ms_stdev": 0.5727079826615378,
      "decode_tps_mean": 28.378969199381235,
      "decode_tps_stdev": 0.04439159246468153,
      "prefill_ttft_raw": [
        86.94231499976013,
        86.50546900753397,
        86.40755999658722,
        85.79682699928526,
        87.30995000223629
      ],
      "decode_tps_raw": [
        28.34775785536339,
        28.39583744380171,
        28.375825569058104,
        28.33087510755589,
        28.44455002112707
      ]
    },
    "naive": {
      "prefill_ttft_ms_mean": 101.34380979870912,
      "prefill_ttft_ms_stdev": 1.3339399761124542,
      "decode_tps_mean": 23.32688062077261,
      "decode_tps_stdev": 0.0686172974502131,
      "prefill_ttft_raw": [
        102.24214500340167,
        101.5402220073156,
        99.90329899301287,
        100.07843699713703,
        102.9549459926784
      ],
      "decode_tps_raw": [
        23.24091919083186,
        23.293741863844716,
        23.35862668359696,
        23.31800958392011,
        23.423105781669403
      ]
    },
    "two-phase": {
      "prefill_ttft_ms_mean": 105.39530560199637,
      "prefill_ttft_ms_stdev": 2.6236213492549867,
      "decode_tps_mean": 22.490562538008753,
      "decode_tps_stdev": 0.02820579150571992,
      "prefill_ttft_raw": [
        109.91296799329575,
        105.3135570109589,
        103.88546199828852,
        104.46001500531565,
        103.40452600212302
      ],
      "decode_tps_raw": [
        22.509272861578744,
        22.514419609408943,
        22.45286642356483,
        22.467753276285297,
        22.508500519205942
      ]
    },
    "shard": {
      "prefill_ttft_ms_mean": 105.76660959923174,
      "prefill_ttft_ms_stdev": 3.1793300514577982,
      "decode_tps_mean": 22.377044414896343,
      "decode_tps_stdev": 0.13043275966375162,
      "prefill_ttft_raw": [
        109.62424598983489,
        105.86545600381214,
        107.99448299803771,
        103.5273320012493,
        101.82153100322466
      ],
      "decode_tps_raw": [
        22.15321934764492,
        22.483466391077663,
        22.424473897582203,
        22.380968277610204,
        22.44309416056672
      ]
    }
  }
}