{
  "args": {
    "model": "/workspace/torchtitan_attention_residual/phase11/hf_kimi_48b_e32_dummy",
    "tp": 8,
    "prefill": 16384,
    "decode": 256,
    "warmup": 2,
    "timed": 5,
    "disable_cuda_graph": true,
    "out": "/workspace/torchtitan_attention_residual/phase11/bench_results_prod_20260513-074606/kimi_48b_e64_tp8_ctx16384.json"
  },
  "modes": {
    "vanilla": {
      "prefill_ttft_ms_mean": 90.76555480132811,
      "prefill_ttft_ms_stdev": 0.6224909541824565,
      "decode_tps_mean": 28.00981677691328,
      "decode_tps_stdev": 0.0510076057030194,
      "prefill_ttft_raw": [
        91.13124500436243,
        91.56272999825887,
        90.36710299551487,
        89.97724800428841,
        90.78944800421596
      ],
      "decode_tps_raw": [
        27.939675061664854,
        28.012341214177102,
        28.04505109197142,
        27.98290903996617,
        28.069107476786847
      ]
    },
    "naive": {
      "prefill_ttft_ms_mean": 104.49170499923639,
      "prefill_ttft_ms_stdev": 1.135653948511875,
      "decode_tps_mean": 23.25998691110858,
      "decode_tps_stdev": 0.11566731574279047,
      "prefill_ttft_raw": [
        104.9797320010839,
        105.5873959994642,
        105.33156800374854,
        103.47725699830335,
        103.08257199358195
      ],
      "decode_tps_raw": [
        23.128450453412754,
        23.208441196608497,
        23.200470609225196,
        23.364143929280672,
        23.398428367015775
      ]
    },
    "two-phase": {
      "prefill_ttft_ms_mean": 107.86847379931714,
      "prefill_ttft_ms_stdev": 1.6636853392441853,
      "decode_tps_mean": 22.40976975357023,
      "decode_tps_stdev": 0.05025732295761648,
      "prefill_ttft_raw": [
        110.28590200294275,
        106.76557999977376,
        106.37336400395725,
        108.89668599702418,
        107.02083699288778
      ],
      "decode_tps_raw": [
        22.475820230332406,
        22.43671643477657,
        22.354303087733317,
        22.36616920001656,
        22.415839814992292
      ]
    },
    "shard": {
      "prefill_ttft_ms_mean": 110.13569920323789,
      "prefill_ttft_ms_stdev": 3.6855288556364028,
      "decode_tps_mean": 21.998824408943037,
      "decode_tps_stdev": 0.22062027355262737,
      "prefill_ttft_raw": [
        109.26509200362489,
        109.9335129983956,
        116.2692439975217,
        108.8518550095614,
        106.35879200708587
      ],
      "decode_tps_raw": [
        21.707482705709698,
        21.998350847045085,
        22.042571851908175,
        21.926478143909918,
        22.319238496142304
      ]
    }
  }
}