{
  "args": {
    "model": "/workspace/torchtitan_attention_residual/phase11/hf_qwen3_14b_attn_res_dummy",
    "tp": 8,
    "prefill": 4096,
    "decode": 256,
    "warmup": 2,
    "timed": 5,
    "disable_cuda_graph": true,
    "out": "/workspace/torchtitan_attention_residual/phase11/bench_results_prod_20260513-074606/qwen3_14b_tp8_ctx4096.json"
  },
  "modes": {
    "vanilla": {
      "prefill_ttft_ms_mean": 48.3714843983762,
      "prefill_ttft_ms_stdev": 1.8910377313685753,
      "decode_tps_mean": 50.37034720497068,
      "decode_tps_stdev": 0.2820111693412162,
      "prefill_ttft_raw": [
        47.095481990254484,
        51.465504002408125,
        48.14028101100121,
        46.631897988845594,
        48.52425699937157
      ],
      "decode_tps_raw": [
        50.36223054960893,
        50.71452130840094,
        50.47685663947713,
        50.36157555459323,
        49.936551972773174
      ]
    },
    "naive": {
      "prefill_ttft_ms_mean": 71.24659680121113,
      "prefill_ttft_ms_stdev": 2.529224672561136,
      "decode_tps_mean": 32.801987099149386,
      "decode_tps_stdev": 0.16770451752616833,
      "prefill_ttft_raw": [
        73.91442799416836,
        68.95612200605683,
        71.89796899911016,
        73.20921501377597,
        68.2552499929443
      ],
      "decode_tps_raw": [
        32.61595551209548,
        32.65167558157347,
        33.02052429145383,
        32.87821483795506,
        32.84356527266908
      ]
    },
    "two-phase": {
      "prefill_ttft_ms_mean": 71.20566719968338,
      "prefill_ttft_ms_stdev": 3.5608683516481117,
      "decode_tps_mean": 31.816214725216543,
      "decode_tps_stdev": 0.03424894727504936,
      "prefill_ttft_raw": [
        77.5416469987249,
        69.84182199812494,
        69.89244199940003,
        69.76095300342422,
        68.99147199874278
      ],
      "decode_tps_raw": [
        31.795015306678653,
        31.83590999968608,
        31.835094556424373,
        31.84843676490746,
        31.76661699838615
      ]
    },
    "shard": {
      "prefill_ttft_ms_mean": 79.01233279844746,
      "prefill_ttft_ms_stdev": 1.0373052850476312,
      "decode_tps_mean": 28.556330501570642,
      "decode_tps_stdev": 0.07049694793882362,
      "prefill_ttft_raw": [
        80.3160429932177,
        79.73333599511534,
        77.64680100081023,
        78.71856000565458,
        78.64692399743944
      ],
      "decode_tps_raw": [
        28.477543244265288,
        28.596509663629057,
        28.598167727380144,
        28.626486106248095,
        28.482945766330634
      ]
    }
  }
}