W0915 08:43:51.708000 14597 torch/distributed/run.py:982] 
W0915 08:43:51.708000 14597 torch/distributed/run.py:982] *****************************************
W0915 08:43:51.708000 14597 torch/distributed/run.py:982] Setting OMP_NUM_THREADS environment variable for each process to be 1 in default, to avoid your system being overloaded, please further tune the variable for optimal performance in your application as needed. 
W0915 08:43:51.708000 14597 torch/distributed/run.py:982] *****************************************
WARNING:absl:Failed to load jax profiler: No module named 'jax'
WARNING:absl:Failed to load jax profiler: No module named 'jax'
WARNING:absl:Failed to load jax profiler: No module named 'jax'
WARNING:absl:Failed to load jax profiler: No module named 'jax'
[titan] 2026-09-15 08:44:00,079 - __main__ - INFO - torchtitan version: 0.0.0+unknown (0.0.0 means __version__ is not defined correctly).
[titan] 2026-09-15 08:44:00,167 - __main__ - INFO - torchtitan version: 0.0.0+unknown (0.0.0 means __version__ is not defined correctly).
[titan] 2026-09-15 08:44:00,733 - torchtitan.components.checkpointer.base - WARNING - initial_load_model_only=True has no effect without an initial_load_path.
[titan] 2026-09-15 08:44:00,824 - torchtitan.components.checkpointer.base - WARNING - initial_load_model_only=True has no effect without an initial_load_path.
[titan] 2026-09-15 08:44:00,827 - torchtitan.observability.structured_logger.jsonl_handler - INFO - Structured logging -> JSONL: /workspace/tp_h100_out/dp2_tp2/structured_logs/training.global_rank_3.20260915-084400-UJMZ4P.jsonl
[titan] 2026-09-15 08:44:00,898 - torchtitan.components.checkpointer.base - WARNING - initial_load_model_only=True has no effect without an initial_load_path.
[titan] 2026-09-15 08:44:00,990 - torchtitan.components.checkpointer.base - WARNING - initial_load_model_only=True has no effect without an initial_load_path.
[titan] 2026-09-15 08:44:00,993 - torchtitan.observability.structured_logger.jsonl_handler - INFO - Structured logging -> JSONL: /workspace/tp_h100_out/dp2_tp2/structured_logs/training.global_rank_0.20260915-084400-S60IEH.jsonl
[titan] 2026-09-15 08:44:01,109 - __main__ - INFO - torchtitan version: 0.0.0+unknown (0.0.0 means __version__ is not defined correctly).
[titan] 2026-09-15 08:44:01,233 - __main__ - INFO - torchtitan version: 0.0.0+unknown (0.0.0 means __version__ is not defined correctly).
[titan] 2026-09-15 08:44:01,745 - torchtitan.components.checkpointer.base - WARNING - initial_load_model_only=True has no effect without an initial_load_path.
[titan] 2026-09-15 08:44:01,836 - torchtitan.components.checkpointer.base - WARNING - initial_load_model_only=True has no effect without an initial_load_path.
[titan] 2026-09-15 08:44:01,840 - torchtitan.observability.structured_logger.jsonl_handler - INFO - Structured logging -> JSONL: /workspace/tp_h100_out/dp2_tp2/structured_logs/training.global_rank_1.20260915-084401-6C6XPK.jsonl
[titan] 2026-09-15 08:44:01,937 - torchtitan.components.checkpointer.base - WARNING - initial_load_model_only=True has no effect without an initial_load_path.
[titan] 2026-09-15 08:44:02,028 - torchtitan.components.checkpointer.base - WARNING - initial_load_model_only=True has no effect without an initial_load_path.
[titan] 2026-09-15 08:44:02,032 - torchtitan.observability.structured_logger.jsonl_handler - INFO - Structured logging -> JSONL: /workspace/tp_h100_out/dp2_tp2/structured_logs/training.global_rank_2.20260915-084402-K0I4R9.jsonl
[titan] 2026-09-15 08:44:02,045 - torchtitan.distributed.utils - WARNING - ENV[TORCH_NCCL_ASYNC_ERROR_HANDLING] = 1 will be overridden to 3 based on job config
[titan] 2026-09-15 08:44:02,046 - torchtitan.distributed.utils - WARNING - ENV[TORCH_NCCL_ASYNC_ERROR_HANDLING] = 1 will be overridden to 3 based on job config
[titan] 2026-09-15 08:44:02,992 - torchtitan.distributed.utils - WARNING - ENV[TORCH_NCCL_ASYNC_ERROR_HANDLING] = 1 will be overridden to 3 based on job config
[titan] 2026-09-15 08:44:03,040 - torchtitan.distributed.utils - WARNING - ENV[TORCH_NCCL_ASYNC_ERROR_HANDLING] = 1 will be overridden to 3 based on job config
[titan] 2026-09-15 08:44:05,054 - torchtitan.distributed.parallel_dims - INFO - Building device mesh with parallelism: pp=1, dp_replicate=1, dp_shard=2, cp=1, tp=2, ep=1
[titan] 2026-09-15 08:44:05,054 - torchtitan.distributed.parallel_dims - INFO - Building device mesh with parallelism: pp=1, dp_replicate=1, dp_shard=2, cp=1, tp=2, ep=1
[titan] 2026-09-15 08:44:05,054 - torchtitan.distributed.parallel_dims - INFO - Building device mesh with parallelism: pp=1, dp_replicate=1, dp_shard=2, cp=1, tp=2, ep=1
[titan] 2026-09-15 08:44:05,066 - torchtitan.distributed.parallel_dims - INFO - Building device mesh with parallelism: pp=1, dp_replicate=1, dp_shard=2, cp=1, tp=2, ep=1
[titan] 2026-09-15 08:44:06,151 - torchtitan.distributed.parallel_dims - INFO - Successfully created meshes with active dimensions: ['batch', 'loss', 'tp', 'dp', 'dp_shard']
[titan] 2026-09-15 08:44:06,151 - torchtitan.distributed.parallel_dims - INFO - Successfully created meshes with active dimensions: ['batch', 'loss', 'tp', 'dp', 'dp_shard']
[titan] 2026-09-15 08:44:06,151 - torchtitan.distributed.parallel_dims - INFO - Successfully created meshes with active dimensions: ['batch', 'loss', 'tp', 'dp', 'dp_shard']
[titan] 2026-09-15 08:44:06,151 - torchtitan.distributed.parallel_dims - INFO - Successfully created meshes with active dimensions: ['batch', 'loss', 'tp', 'dp', 'dp_shard']
[titan] 2026-09-15 08:44:06,151 - torchtitan.tools.utils - INFO - [GC] Initial GC collection took 0.00 seconds
[titan] 2026-09-15 08:44:06,151 - torchtitan.tools.utils - INFO - [GC] Initial GC collection took 0.00 seconds
[titan] 2026-09-15 08:44:06,151 - torchtitan.tools.utils - INFO - [GC] Initial GC collection took 0.00 seconds
[titan] 2026-09-15 08:44:06,151 - torchtitan.tools.utils - INFO - [GC] Initial GC collection took 0.00 seconds
[titan] 2026-09-15 08:44:06,151 - torchtitan.distributed.utils - INFO - Deterministic algorithm enabled (expect perf degradation).
[titan] 2026-09-15 08:44:06,151 - torchtitan.distributed.utils - INFO - Deterministic algorithm enabled (expect perf degradation).
[titan] 2026-09-15 08:44:06,151 - torchtitan.distributed.utils - INFO - Deterministic algorithm enabled (expect perf degradation).
[titan] 2026-09-15 08:44:06,151 - torchtitan.distributed.utils - INFO - Deterministic algorithm enabled (expect perf degradation).
[titan] 2026-09-15 08:44:06,174 - torchtitan.trainer - INFO - Building kimi_k3 debugmodel
[titan] 2026-09-15 08:44:06,174 - torchtitan.trainer - INFO - Building kimi_k3 debugmodel
[titan] 2026-09-15 08:44:06,174 - torchtitan.trainer - INFO - Building kimi_k3 debugmodel
[titan] 2026-09-15 08:44:06,174 - torchtitan.trainer - INFO - Building kimi_k3 debugmodel
[titan] 2026-09-15 08:44:06,375 - torchtitan.observability.metrics - INFO - CUDA capacity: NVIDIA H100 80GB HBM3 with 79.18GiB memory
[titan] 2026-09-15 08:44:06,375 - torchtitan.observability.metrics - INFO - CUDA capacity: NVIDIA H100 80GB HBM3 with 79.18GiB memory
[titan] 2026-09-15 08:44:06,376 - torchtitan.observability.metrics - INFO - CUDA capacity: NVIDIA H100 80GB HBM3 with 79.18GiB memory
[titan] 2026-09-15 08:44:06,376 - torchtitan.tools.utils - WARNING - Error running lspci: [Errno 2] No such file or directory: 'lspci', fallback to use device_name
[titan] 2026-09-15 08:44:06,376 - torchtitan.observability.metrics - INFO - CUDA capacity: NVIDIA H100 80GB HBM3 with 79.18GiB memory
[titan] 2026-09-15 08:44:06,376 - torchtitan.tools.utils - WARNING - Error running lspci: [Errno 2] No such file or directory: 'lspci', fallback to use device_name
[titan] 2026-09-15 08:44:06,376 - torchtitan.tools.utils - WARNING - Error running lspci: [Errno 2] No such file or directory: 'lspci', fallback to use device_name
[titan] 2026-09-15 08:44:06,376 - torchtitan.tools.utils - WARNING - Error running lspci: [Errno 2] No such file or directory: 'lspci', fallback to use device_name
[titan] 2026-09-15 08:44:06,381 - torchtitan.models.utils - INFO - Total parameter count: 1,119,984,672, active parameters: 535,879,200
[titan] 2026-09-15 08:44:06,381 - torchtitan.trainer - INFO - [34mModel kimi_k3 debugmodel [31msize: 1,119,984,672 total parameters[39m
[titan] 2026-09-15 08:44:06,381 - torchtitan.models.utils - INFO - Total parameter count: 1,119,984,672, active parameters: 535,879,200
[titan] 2026-09-15 08:44:06,382 - torchtitan.trainer - INFO - [34mModel kimi_k3 debugmodel [31msize: 1,119,984,672 total parameters[39m
[titan] 2026-09-15 08:44:06,382 - torchtitan.models.utils - INFO - Total parameter count: 1,119,984,672, active parameters: 535,879,200
[titan] 2026-09-15 08:44:06,382 - torchtitan.trainer - INFO - [34mModel kimi_k3 debugmodel [31msize: 1,119,984,672 total parameters[39m
[titan] 2026-09-15 08:44:06,382 - torchtitan.models.utils - INFO - Total parameter count: 1,119,984,672, active parameters: 535,879,200
[titan] 2026-09-15 08:44:06,382 - torchtitan.trainer - INFO - [34mModel kimi_k3 debugmodel [31msize: 1,119,984,672 total parameters[39m
[titan] 2026-09-15 08:44:06,536 - torchtitan.distributed.activation_checkpoint - INFO - Applied SelectiveAC activation checkpointing to the model
[titan] 2026-09-15 08:44:06,537 - torchtitan.distributed.activation_checkpoint - INFO - Applied SelectiveAC activation checkpointing to the model
[titan] 2026-09-15 08:44:06,537 - torchtitan.distributed.activation_checkpoint - INFO - Applied SelectiveAC activation checkpointing to the model
[titan] 2026-09-15 08:44:06,537 - torchtitan.distributed.activation_checkpoint - INFO - Applied SelectiveAC activation checkpointing to the model
[titan] 2026-09-15 08:44:06,538 - torchtitan.distributed.activation_checkpoint - INFO - Applied SelectiveAC activation checkpointing to the model
[titan] 2026-09-15 08:44:06,539 - torchtitan.distributed.activation_checkpoint - INFO - Applied SelectiveAC activation checkpointing to the model
[titan] 2026-09-15 08:44:06,539 - torchtitan.distributed.activation_checkpoint - INFO - Applied SelectiveAC activation checkpointing to the model
[titan] 2026-09-15 08:44:06,539 - torchtitan.distributed.activation_checkpoint - INFO - Applied SelectiveAC activation checkpointing to the model
[titan] 2026-09-15 08:44:07,146 - torchtitan.distributed.fsdp - INFO - Applied FSDP to the model
[titan] 2026-09-15 08:44:07,146 - torchtitan.distributed.fsdp - INFO - Applied FSDP to the model
[titan] 2026-09-15 08:44:07,148 - torchtitan.distributed.fsdp - INFO - Applied FSDP to the model
[titan] 2026-09-15 08:44:07,150 - torchtitan.distributed.fsdp - INFO - Applied FSDP to the model
[rank0]:W0915 08:44:07.473000 14638 torch/distributed/tensor/_redistribute.py:394] While redistributing from (_StridedShard(dim=0, sf=2), Shard(dim=0)) to (Replicate(), Replicate()), 2 sequential all_gather operations will be performed. This is suboptimal: multiple collective operations have higher latency (separate kernel launches and synchronization points) and may give inconsistent results between ranks due to different reduction orders. it is not possible to merge non-ascending order all_gather operations.
[rank2]:W0915 08:44:07.473000 14640 torch/distributed/tensor/_redistribute.py:394] While redistributing from (_StridedShard(dim=0, sf=2), Shard(dim=0)) to (Replicate(), Replicate()), 2 sequential all_gather operations will be performed. This is suboptimal: multiple collective operations have higher latency (separate kernel launches and synchronization points) and may give inconsistent results between ranks due to different reduction orders. it is not possible to merge non-ascending order all_gather operations.
[rank1]:W0915 08:44:07.480000 14639 torch/distributed/tensor/_redistribute.py:394] While redistributing from (_StridedShard(dim=0, sf=2), Shard(dim=0)) to (Replicate(), Replicate()), 2 sequential all_gather operations will be performed. This is suboptimal: multiple collective operations have higher latency (separate kernel launches and synchronization points) and may give inconsistent results between ranks due to different reduction orders. it is not possible to merge non-ascending order all_gather operations.
[rank3]:W0915 08:44:07.483000 14641 torch/distributed/tensor/_redistribute.py:394] While redistributing from (_StridedShard(dim=0, sf=2), Shard(dim=0)) to (Replicate(), Replicate()), 2 sequential all_gather operations will be performed. This is suboptimal: multiple collective operations have higher latency (separate kernel launches and synchronization points) and may give inconsistent results between ranks due to different reduction orders. it is not possible to merge non-ascending order all_gather operations.
[titan] 2026-09-15 08:44:08,948 - torchtitan.tools.utils - WARNING - Error running lspci: [Errno 2] No such file or directory: 'lspci', fallback to use device_name
[titan] 2026-09-15 08:44:08,949 - torchtitan.trainer - INFO - Peak FLOPS used for computing MFU: 9.890e+14
[titan] 2026-09-15 08:44:08,949 - torchtitan.trainer - INFO - CUDA memory usage for model: 1.09GiB(1.38%)
[titan] 2026-09-15 08:44:08,949 - torchtitan.tools.utils - WARNING - Error running lspci: [Errno 2] No such file or directory: 'lspci', fallback to use device_name
[titan] 2026-09-15 08:44:08,949 - torchtitan.trainer - INFO - Peak FLOPS used for computing MFU: 9.890e+14
[titan] 2026-09-15 08:44:08,949 - torchtitan.tools.utils - WARNING - Error running lspci: [Errno 2] No such file or directory: 'lspci', fallback to use device_name
[titan] 2026-09-15 08:44:08,949 - torchtitan.trainer - INFO - Peak FLOPS used for computing MFU: 9.890e+14
[titan] 2026-09-15 08:44:08,949 - torchtitan.tools.utils - WARNING - Error running lspci: [Errno 2] No such file or directory: 'lspci', fallback to use device_name
[titan] 2026-09-15 08:44:08,949 - torchtitan.trainer - INFO - CUDA memory usage for model: 1.09GiB(1.38%)
[titan] 2026-09-15 08:44:08,949 - torchtitan.trainer - INFO - Peak FLOPS used for computing MFU: 9.890e+14
[titan] 2026-09-15 08:44:08,949 - torchtitan.trainer - INFO - CUDA memory usage for model: 1.09GiB(1.38%)
[titan] 2026-09-15 08:44:08,949 - torchtitan.trainer - INFO - CUDA memory usage for model: 1.09GiB(1.38%)
[titan] 2026-09-15 08:44:08,953 - torchtitan.components.optimizer.optimizer - INFO - Optimizer AdamW (model_part=0): 726 params [.*] {'fused': True, 'foreach': False, 'lr': 0.0008, 'betas': (0.9, 0.95), 'eps': 1e-08, 'weight_decay': 0.1}
[titan] 2026-09-15 08:44:08,954 - torchtitan.components.optimizer.optimizer - INFO - Optimizer AdamW (model_part=0): 726 params [.*] {'fused': True, 'foreach': False, 'lr': 0.0008, 'betas': (0.9, 0.95), 'eps': 1e-08, 'weight_decay': 0.1}
[titan] 2026-09-15 08:44:08,954 - torchtitan.components.optimizer.optimizer - INFO - Optimizer AdamW (model_part=0): 726 params [.*] {'fused': True, 'foreach': False, 'lr': 0.0008, 'betas': (0.9, 0.95), 'eps': 1e-08, 'weight_decay': 0.1}
[titan] 2026-09-15 08:44:08,954 - torchtitan.components.optimizer.optimizer - INFO - Optimizer AdamW (model_part=0): 726 params [.*] {'fused': True, 'foreach': False, 'lr': 0.0008, 'betas': (0.9, 0.95), 'eps': 1e-08, 'weight_decay': 0.1}
[titan] 2026-09-15 08:44:08,957 - torchtitan.components.tokenizer - INFO - Loading tokenizer from tokenizer.json
[titan] 2026-09-15 08:44:08,957 - torchtitan.components.tokenizer - INFO - Loading tokenizer from tokenizer.json
[titan] 2026-09-15 08:44:08,958 - torchtitan.components.tokenizer - INFO - Loading tokenizer from tokenizer.json
[titan] 2026-09-15 08:44:08,958 - torchtitan.components.tokenizer - INFO - Loading tokenizer from tokenizer.json
[titan] 2026-09-15 08:44:08,978 - torchtitan.protocols.state_dict_adapter - WARNING - model.safetensors.index.json not found at hf_assets_path: ./tests/assets/tokenizer/model.safetensors.index.json.                     Defaulting to saving a single safetensors file if checkpoint is saved in HF format
[titan] 2026-09-15 08:44:08,978 - torchtitan.components.checkpointer.base - WARNING - initial_load_model_only=True has no effect without an initial_load_path.
[titan] 2026-09-15 08:44:08,980 - torchtitan.protocols.state_dict_adapter - WARNING - model.safetensors.index.json not found at hf_assets_path: ./tests/assets/tokenizer/model.safetensors.index.json.                     Defaulting to saving a single safetensors file if checkpoint is saved in HF format
[titan] 2026-09-15 08:44:08,980 - torchtitan.protocols.state_dict_adapter - WARNING - model.safetensors.index.json not found at hf_assets_path: ./tests/assets/tokenizer/model.safetensors.index.json.                     Defaulting to saving a single safetensors file if checkpoint is saved in HF format
[titan] 2026-09-15 08:44:08,980 - torchtitan.components.checkpointer.base - WARNING - initial_load_model_only=True has no effect without an initial_load_path.
[titan] 2026-09-15 08:44:08,980 - torchtitan.components.checkpointer.base - WARNING - initial_load_model_only=True has no effect without an initial_load_path.
[titan] 2026-09-15 08:44:09,018 - torchtitan.components.checkpointer.dcp - INFO - Checkpointing active. Checkpoints will be loaded from and saved to /workspace/tp_h100_out/dp2_tp2/checkpoint
[titan] 2026-09-15 08:44:09,018 - torchtitan.trainer - INFO - Trainer is initialized with 256 tokens per DP rank, 512 tokens per train step, gradient accumulation steps 1, maximum context length 2048, total steps 100 (warmup 2)
[titan] 2026-09-15 08:44:09,019 - torchtitan.components.checkpointer.base - INFO - Loading the checkpoint from /workspace/tp_h100_out/dp2_tp2/checkpoint/step-0.
[titan] 2026-09-15 08:44:09,021 - torchtitan.components.checkpointer.dcp - INFO - Checkpointing active. Checkpoints will be loaded from and saved to /workspace/tp_h100_out/dp2_tp2/checkpoint
[titan] 2026-09-15 08:44:09,021 - torchtitan.trainer - INFO - Trainer is initialized with 256 tokens per DP rank, 512 tokens per train step, gradient accumulation steps 1, maximum context length 2048, total steps 100 (warmup 2)
[titan] 2026-09-15 08:44:09,022 - torchtitan.components.checkpointer.dcp - INFO - Checkpointing active. Checkpoints will be loaded from and saved to /workspace/tp_h100_out/dp2_tp2/checkpoint
[titan] 2026-09-15 08:44:09,022 - torchtitan.trainer - INFO - Trainer is initialized with 256 tokens per DP rank, 512 tokens per train step, gradient accumulation steps 1, maximum context length 2048, total steps 100 (warmup 2)
[titan] 2026-09-15 08:44:09,022 - torchtitan.components.checkpointer.base - INFO - Loading the checkpoint from /workspace/tp_h100_out/dp2_tp2/checkpoint/step-0.
[titan] 2026-09-15 08:44:09,022 - torchtitan.components.checkpointer.base - INFO - Loading the checkpoint from /workspace/tp_h100_out/dp2_tp2/checkpoint/step-0.
[titan] 2026-09-15 08:44:09,028 - torchtitan.protocols.state_dict_adapter - WARNING - model.safetensors.index.json not found at hf_assets_path: ./tests/assets/tokenizer/model.safetensors.index.json.                     Defaulting to saving a single safetensors file if checkpoint is saved in HF format
[titan] 2026-09-15 08:44:09,028 - torchtitan.components.checkpointer.base - WARNING - initial_load_model_only=True has no effect without an initial_load_path.
[titan] 2026-09-15 08:44:09,068 - torchtitan.components.checkpointer.dcp - INFO - Checkpointing active. Checkpoints will be loaded from and saved to /workspace/tp_h100_out/dp2_tp2/checkpoint
[titan] 2026-09-15 08:44:09,068 - torchtitan.trainer - INFO - Trainer is initialized with 256 tokens per DP rank, 512 tokens per train step, gradient accumulation steps 1, maximum context length 2048, total steps 100 (warmup 2)
[titan] 2026-09-15 08:44:09,069 - torchtitan.components.checkpointer.base - INFO - Loading the checkpoint from /workspace/tp_h100_out/dp2_tp2/checkpoint/step-0.
[titan] 2026-09-15 08:44:14,394 - torchtitan.tools.utils - INFO - [GC] GC collection for checkpoint loading. took 0.03 seconds
[titan] 2026-09-15 08:44:14,394 - torchtitan.tools.utils - INFO - [GC] GC collection for checkpoint loading. took 0.03 seconds
[titan] 2026-09-15 08:44:14,394 - torchtitan.components.checkpointer.base - INFO - Finished loading the checkpoint in 5.37 seconds.
[titan] 2026-09-15 08:44:14,394 - torchtitan.components.checkpointer.base - INFO - Finished loading the checkpoint in 5.38 seconds.
[titan] 2026-09-15 08:44:14,395 - torchtitan.trainer - INFO - Training starts at step 1
[titan] 2026-09-15 08:44:14,395 - torchtitan.tools.utils - INFO - [GC] GC collection for checkpoint loading. took 0.03 seconds
[titan] 2026-09-15 08:44:14,395 - torchtitan.trainer - INFO - Training starts at step 1
[titan] 2026-09-15 08:44:14,395 - torchtitan.components.checkpointer.base - INFO - Finished loading the checkpoint in 5.37 seconds.
[titan] 2026-09-15 08:44:14,395 - torchtitan.trainer - INFO - Training starts at step 1
[titan] 2026-09-15 08:44:14,396 - torchtitan.tools.utils - INFO - [GC] GC collection for checkpoint loading. took 0.03 seconds
[titan] 2026-09-15 08:44:14,396 - torchtitan.components.checkpointer.base - INFO - Finished loading the checkpoint in 5.33 seconds.
[titan] 2026-09-15 08:44:14,397 - torchtitan.trainer - INFO - Training starts at step 1
/workspace/venv/lib/python3.12/site-packages/torch/distributed/fsdp/_fully_shard/_fsdp_state.py:336: UserWarning: FSDP2-wrapped module (FSDPKimiK3VisionEncoder) returned a view tensor. An in-place op on this view (e.g., `x += y`) will silently drop the pre-backward hook and skip the all-gather, which can cause backward to fail or produce wrong gradients. Use out-of-place ops (`out = out + y`, not `out += y`) or `.clone()` the output before any in-place op.
  output = self._register_pre_backward_hook(output)
/workspace/venv/lib/python3.12/site-packages/torch/distributed/fsdp/_fully_shard/_fsdp_state.py:336: UserWarning: FSDP2-wrapped module (FSDPKimiK3VisionEncoder) returned a view tensor. An in-place op on this view (e.g., `x += y`) will silently drop the pre-backward hook and skip the all-gather, which can cause backward to fail or produce wrong gradients. Use out-of-place ops (`out = out + y`, not `out += y`) or `.clone()` the output before any in-place op.
  output = self._register_pre_backward_hook(output)
/workspace/venv/lib/python3.12/site-packages/spmd_types/_collectives.py:305: FutureWarning: `torch.distributed._functional_collectives.all_gather_tensor` is deprecated. Please use `torch.distributed._functional_collectives.all_gather_single` instead.
  result = funcol.all_gather_tensor(x, gather_dim, pg)
/workspace/venv/lib/python3.12/site-packages/spmd_types/_collectives.py:305: FutureWarning: `torch.distributed._functional_collectives.all_gather_tensor` is deprecated. Please use `torch.distributed._functional_collectives.all_gather_single` instead.
  result = funcol.all_gather_tensor(x, gather_dim, pg)
/workspace/venv/lib/python3.12/site-packages/torch/distributed/fsdp/_fully_shard/_fsdp_state.py:336: UserWarning: FSDP2-wrapped module (FSDPKimiK3VisionEncoder) returned a view tensor. An in-place op on this view (e.g., `x += y`) will silently drop the pre-backward hook and skip the all-gather, which can cause backward to fail or produce wrong gradients. Use out-of-place ops (`out = out + y`, not `out += y`) or `.clone()` the output before any in-place op.
  output = self._register_pre_backward_hook(output)
/workspace/venv/lib/python3.12/site-packages/torch/distributed/fsdp/_fully_shard/_fsdp_state.py:336: UserWarning: FSDP2-wrapped module (FSDPKimiK3VisionEncoder) returned a view tensor. An in-place op on this view (e.g., `x += y`) will silently drop the pre-backward hook and skip the all-gather, which can cause backward to fail or produce wrong gradients. Use out-of-place ops (`out = out + y`, not `out += y`) or `.clone()` the output before any in-place op.
  output = self._register_pre_backward_hook(output)
/workspace/venv/lib/python3.12/site-packages/spmd_types/_collectives.py:305: FutureWarning: `torch.distributed._functional_collectives.all_gather_tensor` is deprecated. Please use `torch.distributed._functional_collectives.all_gather_single` instead.
  result = funcol.all_gather_tensor(x, gather_dim, pg)
/workspace/venv/lib/python3.12/site-packages/spmd_types/_collectives.py:305: FutureWarning: `torch.distributed._functional_collectives.all_gather_tensor` is deprecated. Please use `torch.distributed._functional_collectives.all_gather_single` instead.
  result = funcol.all_gather_tensor(x, gather_dim, pg)
/workspace/venv/lib/python3.12/site-packages/spmd_types/_collectives.py:633: FutureWarning: `torch.distributed._functional_collectives.reduce_scatter_tensor` is deprecated. Please use `torch.distributed._functional_collectives.reduce_scatter_single` instead.
  result = funcol.reduce_scatter_tensor(x, "sum", scatter_dim, pg)
/workspace/venv/lib/python3.12/site-packages/spmd_types/_collectives.py:633: FutureWarning: `torch.distributed._functional_collectives.reduce_scatter_tensor` is deprecated. Please use `torch.distributed._functional_collectives.reduce_scatter_single` instead.
  result = funcol.reduce_scatter_tensor(x, "sum", scatter_dim, pg)
/workspace/venv/lib/python3.12/site-packages/spmd_types/_collectives.py:633: FutureWarning: `torch.distributed._functional_collectives.reduce_scatter_tensor` is deprecated. Please use `torch.distributed._functional_collectives.reduce_scatter_single` instead.
  result = funcol.reduce_scatter_tensor(x, "sum", scatter_dim, pg)
/workspace/venv/lib/python3.12/site-packages/spmd_types/_collectives.py:633: FutureWarning: `torch.distributed._functional_collectives.reduce_scatter_tensor` is deprecated. Please use `torch.distributed._functional_collectives.reduce_scatter_single` instead.
  result = funcol.reduce_scatter_tensor(x, "sum", scatter_dim, pg)
/workspace/venv/lib/python3.12/site-packages/torch/distributed/fsdp/_fully_shard/_fsdp_state.py:336: UserWarning: FSDP2-wrapped module (FSDPCheckpointWrapper) returned a view tensor. An in-place op on this view (e.g., `x += y`) will silently drop the pre-backward hook and skip the all-gather, which can cause backward to fail or produce wrong gradients. Use out-of-place ops (`out = out + y`, not `out += y`) or `.clone()` the output before any in-place op.
  output = self._register_pre_backward_hook(output)
/workspace/venv/lib/python3.12/site-packages/torch/distributed/fsdp/_fully_shard/_fsdp_state.py:336: UserWarning: FSDP2-wrapped module (FSDPCheckpointWrapper) returned a view tensor. An in-place op on this view (e.g., `x += y`) will silently drop the pre-backward hook and skip the all-gather, which can cause backward to fail or produce wrong gradients. Use out-of-place ops (`out = out + y`, not `out += y`) or `.clone()` the output before any in-place op.
  output = self._register_pre_backward_hook(output)
/workspace/venv/lib/python3.12/site-packages/torch/distributed/fsdp/_fully_shard/_fsdp_state.py:336: UserWarning: FSDP2-wrapped module (FSDPCheckpointWrapper) returned a view tensor. An in-place op on this view (e.g., `x += y`) will silently drop the pre-backward hook and skip the all-gather, which can cause backward to fail or produce wrong gradients. Use out-of-place ops (`out = out + y`, not `out += y`) or `.clone()` the output before any in-place op.
  output = self._register_pre_backward_hook(output)
/workspace/venv/lib/python3.12/site-packages/torch/distributed/fsdp/_fully_shard/_fsdp_state.py:336: UserWarning: FSDP2-wrapped module (FSDPCheckpointWrapper) returned a view tensor. An in-place op on this view (e.g., `x += y`) will silently drop the pre-backward hook and skip the all-gather, which can cause backward to fail or produce wrong gradients. Use out-of-place ops (`out = out + y`, not `out += y`) or `.clone()` the output before any in-place op.
  output = self._register_pre_backward_hook(output)
/workspace/venv/lib/python3.12/site-packages/spmd_types/_collectives.py:633: FutureWarning: `torch.distributed._functional_collectives.reduce_scatter_tensor` is deprecated. Please use `torch.distributed._functional_collectives.reduce_scatter_single` instead.
  result = funcol.reduce_scatter_tensor(x, "sum", scatter_dim, pg)
/workspace/venv/lib/python3.12/site-packages/spmd_types/_collectives.py:305: FutureWarning: `torch.distributed._functional_collectives.all_gather_tensor` is deprecated. Please use `torch.distributed._functional_collectives.all_gather_single` instead.
  result = funcol.all_gather_tensor(x, gather_dim, pg)
/workspace/venv/lib/python3.12/site-packages/torch/distributed/fsdp/_fully_shard/_fsdp_state.py:336: UserWarning: FSDP2-wrapped module (FSDPCheckpointWrapper) returned a view tensor. An in-place op on this view (e.g., `x += y`) will silently drop the pre-backward hook and skip the all-gather, which can cause backward to fail or produce wrong gradients. Use out-of-place ops (`out = out + y`, not `out += y`) or `.clone()` the output before any in-place op.
  output = self._register_pre_backward_hook(output)
/workspace/venv/lib/python3.12/site-packages/spmd_types/_collectives.py:633: FutureWarning: `torch.distributed._functional_collectives.reduce_scatter_tensor` is deprecated. Please use `torch.distributed._functional_collectives.reduce_scatter_single` instead.
  result = funcol.reduce_scatter_tensor(x, "sum", scatter_dim, pg)
/workspace/venv/lib/python3.12/site-packages/spmd_types/_collectives.py:305: FutureWarning: `torch.distributed._functional_collectives.all_gather_tensor` is deprecated. Please use `torch.distributed._functional_collectives.all_gather_single` instead.
  result = funcol.all_gather_tensor(x, gather_dim, pg)
/workspace/venv/lib/python3.12/site-packages/torch/distributed/fsdp/_fully_shard/_fsdp_state.py:336: UserWarning: FSDP2-wrapped module (FSDPCheckpointWrapper) returned a view tensor. An in-place op on this view (e.g., `x += y`) will silently drop the pre-backward hook and skip the all-gather, which can cause backward to fail or produce wrong gradients. Use out-of-place ops (`out = out + y`, not `out += y`) or `.clone()` the output before any in-place op.
  output = self._register_pre_backward_hook(output)
/workspace/venv/lib/python3.12/site-packages/spmd_types/_collectives.py:633: FutureWarning: `torch.distributed._functional_collectives.reduce_scatter_tensor` is deprecated. Please use `torch.distributed._functional_collectives.reduce_scatter_single` instead.
  result = funcol.reduce_scatter_tensor(x, "sum", scatter_dim, pg)
/workspace/venv/lib/python3.12/site-packages/spmd_types/_collectives.py:305: FutureWarning: `torch.distributed._functional_collectives.all_gather_tensor` is deprecated. Please use `torch.distributed._functional_collectives.all_gather_single` instead.
  result = funcol.all_gather_tensor(x, gather_dim, pg)
/workspace/venv/lib/python3.12/site-packages/torch/distributed/fsdp/_fully_shard/_fsdp_state.py:336: UserWarning: FSDP2-wrapped module (FSDPCheckpointWrapper) returned a view tensor. An in-place op on this view (e.g., `x += y`) will silently drop the pre-backward hook and skip the all-gather, which can cause backward to fail or produce wrong gradients. Use out-of-place ops (`out = out + y`, not `out += y`) or `.clone()` the output before any in-place op.
  output = self._register_pre_backward_hook(output)
/workspace/venv/lib/python3.12/site-packages/spmd_types/_collectives.py:633: FutureWarning: `torch.distributed._functional_collectives.reduce_scatter_tensor` is deprecated. Please use `torch.distributed._functional_collectives.reduce_scatter_single` instead.
  result = funcol.reduce_scatter_tensor(x, "sum", scatter_dim, pg)
/workspace/venv/lib/python3.12/site-packages/spmd_types/_collectives.py:305: FutureWarning: `torch.distributed._functional_collectives.all_gather_tensor` is deprecated. Please use `torch.distributed._functional_collectives.all_gather_single` instead.
  result = funcol.all_gather_tensor(x, gather_dim, pg)
/workspace/venv/lib/python3.12/site-packages/torch/distributed/fsdp/_fully_shard/_fsdp_state.py:336: UserWarning: FSDP2-wrapped module (FSDPCheckpointWrapper) returned a view tensor. An in-place op on this view (e.g., `x += y`) will silently drop the pre-backward hook and skip the all-gather, which can cause backward to fail or produce wrong gradients. Use out-of-place ops (`out = out + y`, not `out += y`) or `.clone()` the output before any in-place op.
  output = self._register_pre_backward_hook(output)
[rank1]:W0915 08:45:03.576000 14639 torch/distributed/tensor/_redistribute.py:394] While redistributing from (_NormPartial(2.0), _NormPartial(2.0)) to (Replicate(), Replicate()), 2 sequential all_reduce operations will be performed. This is suboptimal: multiple collective operations have higher latency (separate kernel launches and synchronization points) and may give inconsistent results between ranks due to different reduction orders. To optimize, flatten mesh dimensions ["dp_shard", "tp"] so DTensor can use a single operation instead.
[rank3]:W0915 08:45:03.583000 14641 torch/distributed/tensor/_redistribute.py:394] While redistributing from (_NormPartial(2.0), _NormPartial(2.0)) to (Replicate(), Replicate()), 2 sequential all_reduce operations will be performed. This is suboptimal: multiple collective operations have higher latency (separate kernel launches and synchronization points) and may give inconsistent results between ranks due to different reduction orders. To optimize, flatten mesh dimensions ["dp_shard", "tp"] so DTensor can use a single operation instead.
[rank2]:W0915 08:45:03.586000 14640 torch/distributed/tensor/_redistribute.py:394] While redistributing from (_NormPartial(2.0), _NormPartial(2.0)) to (Replicate(), Replicate()), 2 sequential all_reduce operations will be performed. This is suboptimal: multiple collective operations have higher latency (separate kernel launches and synchronization points) and may give inconsistent results between ranks due to different reduction orders. To optimize, flatten mesh dimensions ["dp_shard", "tp"] so DTensor can use a single operation instead.
[rank0]:W0915 08:45:03.586000 14638 torch/distributed/tensor/_redistribute.py:394] While redistributing from (_NormPartial(2.0), _NormPartial(2.0)) to (Replicate(), Replicate()), 2 sequential all_reduce operations will be performed. This is suboptimal: multiple collective operations have higher latency (separate kernel launches and synchronization points) and may give inconsistent results between ranks due to different reduction orders. To optimize, flatten mesh dimensions ["dp_shard", "tp"] so DTensor can use a single operation instead.
[titan] 2026-09-15 08:45:09,225 - torchtitan.observability.metrics - INFO - [31mstep:  1  [32mloss: 12.50688  [38;2;180;60;0mgrad_norm: 24.7500  [38;2;54;234;195mmemory:  3.43GiB(4.33%)  [34mtps: 2  [36mtflops: 0.01  [35mmfu: 0.00%[39m
[titan] 2026-09-15 08:45:09,225 - torchtitan.observability.metrics - INFO - [31mstep:  1  [32mloss: 12.50688  [38;2;180;60;0mgrad_norm: 24.7500  [38;2;54;234;195mmemory:  3.43GiB(4.33%)  [34mtps: 2  [36mtflops: 0.01  [35mmfu: 0.00%[39m
[titan] 2026-09-15 08:45:09,228 - torchtitan.distributed.utils - INFO - Synchronizing and adjusting timeout for all ProcessGroups to 0:01:40
[titan] 2026-09-15 08:45:09,229 - torchtitan.distributed.utils - INFO - Synchronizing and adjusting timeout for all ProcessGroups to 0:01:40
[titan] 2026-09-15 08:45:09,292 - torchtitan.observability.metrics - INFO - [31mstep:  1  [32mloss: 12.50688  [38;2;180;60;0mgrad_norm: 24.7500  [38;2;54;234;195mmemory:  3.43GiB(4.33%)  [34mtps: 2  [36mtflops: 0.01  [35mmfu: 0.00%[39m
[titan] 2026-09-15 08:45:09,293 - torchtitan.observability.metrics - INFO - [31mstep:  1  [32mloss: 12.50688  [38;2;180;60;0mgrad_norm: 24.7500  [38;2;54;234;195mmemory:  3.43GiB(4.33%)  [34mtps: 2  [36mtflops: 0.01  [35mmfu: 0.00%[39m
[titan] 2026-09-15 08:45:09,297 - torchtitan.distributed.utils - INFO - Synchronizing and adjusting timeout for all ProcessGroups to 0:01:40
[titan] 2026-09-15 08:45:09,298 - torchtitan.distributed.utils - INFO - Synchronizing and adjusting timeout for all ProcessGroups to 0:01:40
/workspace/venv/lib/python3.12/site-packages/torch/distributed/fsdp/_fully_shard/_fsdp_state.py:336: UserWarning: FSDP2-wrapped module (FSDPKimiK3VisionEncoder) returned a view tensor. An in-place op on this view (e.g., `x += y`) will silently drop the pre-backward hook and skip the all-gather, which can cause backward to fail or produce wrong gradients. Use out-of-place ops (`out = out + y`, not `out += y`) or `.clone()` the output before any in-place op.
  output = self._register_pre_backward_hook(output)
/workspace/venv/lib/python3.12/site-packages/torch/distributed/fsdp/_fully_shard/_fsdp_state.py:336: UserWarning: FSDP2-wrapped module (FSDPKimiK3VisionEncoder) returned a view tensor. An in-place op on this view (e.g., `x += y`) will silently drop the pre-backward hook and skip the all-gather, which can cause backward to fail or produce wrong gradients. Use out-of-place ops (`out = out + y`, not `out += y`) or `.clone()` the output before any in-place op.
  output = self._register_pre_backward_hook(output)
/workspace/venv/lib/python3.12/site-packages/torch/distributed/fsdp/_fully_shard/_fsdp_state.py:336: UserWarning: FSDP2-wrapped module (FSDPKimiK3VisionEncoder) returned a view tensor. An in-place op on this view (e.g., `x += y`) will silently drop the pre-backward hook and skip the all-gather, which can cause backward to fail or produce wrong gradients. Use out-of-place ops (`out = out + y`, not `out += y`) or `.clone()` the output before any in-place op.
  output = self._register_pre_backward_hook(output)
/workspace/venv/lib/python3.12/site-packages/torch/distributed/fsdp/_fully_shard/_fsdp_state.py:336: UserWarning: FSDP2-wrapped module (FSDPKimiK3VisionEncoder) returned a view tensor. An in-place op on this view (e.g., `x += y`) will silently drop the pre-backward hook and skip the all-gather, which can cause backward to fail or produce wrong gradients. Use out-of-place ops (`out = out + y`, not `out += y`) or `.clone()` the output before any in-place op.
  output = self._register_pre_backward_hook(output)
/workspace/venv/lib/python3.12/site-packages/spmd_types/_collectives.py:305: FutureWarning: `torch.distributed._functional_collectives.all_gather_tensor` is deprecated. Please use `torch.distributed._functional_collectives.all_gather_single` instead.
  result = funcol.all_gather_tensor(x, gather_dim, pg)
/workspace/venv/lib/python3.12/site-packages/spmd_types/_collectives.py:305: FutureWarning: `torch.distributed._functional_collectives.all_gather_tensor` is deprecated. Please use `torch.distributed._functional_collectives.all_gather_single` instead.
  result = funcol.all_gather_tensor(x, gather_dim, pg)
/workspace/venv/lib/python3.12/site-packages/spmd_types/_collectives.py:633: FutureWarning: `torch.distributed._functional_collectives.reduce_scatter_tensor` is deprecated. Please use `torch.distributed._functional_collectives.reduce_scatter_single` instead.
  result = funcol.reduce_scatter_tensor(x, "sum", scatter_dim, pg)
/workspace/venv/lib/python3.12/site-packages/spmd_types/_collectives.py:633: FutureWarning: `torch.distributed._functional_collectives.reduce_scatter_tensor` is deprecated. Please use `torch.distributed._functional_collectives.reduce_scatter_single` instead.
  result = funcol.reduce_scatter_tensor(x, "sum", scatter_dim, pg)
/workspace/venv/lib/python3.12/site-packages/torch/distributed/fsdp/_fully_shard/_fsdp_state.py:336: UserWarning: FSDP2-wrapped module (FSDPCheckpointWrapper) returned a view tensor. An in-place op on this view (e.g., `x += y`) will silently drop the pre-backward hook and skip the all-gather, which can cause backward to fail or produce wrong gradients. Use out-of-place ops (`out = out + y`, not `out += y`) or `.clone()` the output before any in-place op.
  output = self._register_pre_backward_hook(output)
/workspace/venv/lib/python3.12/site-packages/torch/distributed/fsdp/_fully_shard/_fsdp_state.py:336: UserWarning: FSDP2-wrapped module (FSDPCheckpointWrapper) returned a view tensor. An in-place op on this view (e.g., `x += y`) will silently drop the pre-backward hook and skip the all-gather, which can cause backward to fail or produce wrong gradients. Use out-of-place ops (`out = out + y`, not `out += y`) or `.clone()` the output before any in-place op.
  output = self._register_pre_backward_hook(output)
[titan] 2026-09-15 08:45:18,187 - torchtitan.observability.metrics - INFO - [31mstep:  2  [32mloss: 11.48251  [38;2;180;60;0mgrad_norm: 26.8750  [38;2;54;234;195mmemory:  3.86GiB(4.87%)  [34mtps: 14  [36mtflops: 0.05  [35mmfu: 0.01%[39m
[titan] 2026-09-15 08:45:18,187 - torchtitan.observability.metrics - INFO - [31mstep:  2  [32mloss: 11.48251  [38;2;180;60;0mgrad_norm: 26.8750  [38;2;54;234;195mmemory:  3.86GiB(4.87%)  [34mtps: 14  [36mtflops: 0.05  [35mmfu: 0.01%[39m
[titan] 2026-09-15 08:45:18,193 - torchtitan.observability.metrics - INFO - [31mstep:  2  [32mloss: 11.48251  [38;2;180;60;0mgrad_norm: 26.8750  [38;2;54;234;195mmemory:  3.86GiB(4.87%)  [34mtps: 14  [36mtflops: 0.05  [35mmfu: 0.01%[39m
[titan] 2026-09-15 08:45:18,193 - torchtitan.observability.metrics - INFO - [31mstep:  2  [32mloss: 11.48251  [38;2;180;60;0mgrad_norm: 26.8750  [38;2;54;234;195mmemory:  3.86GiB(4.87%)  [34mtps: 14  [36mtflops: 0.05  [35mmfu: 0.01%[39m
/workspace/venv/lib/python3.12/site-packages/torch/distributed/fsdp/_fully_shard/_fsdp_state.py:336: UserWarning: FSDP2-wrapped module (FSDPKimiK3VisionEncoder) returned a view tensor. An in-place op on this view (e.g., `x += y`) will silently drop the pre-backward hook and skip the all-gather, which can cause backward to fail or produce wrong gradients. Use out-of-place ops (`out = out + y`, not `out += y`) or `.clone()` the output before any in-place op.
  output = self._register_pre_backward_hook(output)
/workspace/venv/lib/python3.12/site-packages/torch/distributed/fsdp/_fully_shard/_fsdp_state.py:336: UserWarning: FSDP2-wrapped module (FSDPKimiK3VisionEncoder) returned a view tensor. An in-place op on this view (e.g., `x += y`) will silently drop the pre-backward hook and skip the all-gather, which can cause backward to fail or produce wrong gradients. Use out-of-place ops (`out = out + y`, not `out += y`) or `.clone()` the output before any in-place op.
  output = self._register_pre_backward_hook(output)
/workspace/venv/lib/python3.12/site-packages/spmd_types/_collectives.py:305: FutureWarning: `torch.distributed._functional_collectives.all_gather_tensor` is deprecated. Please use `torch.distributed._functional_collectives.all_gather_single` instead.
  result = funcol.all_gather_tensor(x, gather_dim, pg)
/workspace/venv/lib/python3.12/site-packages/spmd_types/_collectives.py:305: FutureWarning: `torch.distributed._functional_collectives.all_gather_tensor` is deprecated. Please use `torch.distributed._functional_collectives.all_gather_single` instead.
  result = funcol.all_gather_tensor(x, gather_dim, pg)
/workspace/venv/lib/python3.12/site-packages/spmd_types/_collectives.py:633: FutureWarning: `torch.distributed._functional_collectives.reduce_scatter_tensor` is deprecated. Please use `torch.distributed._functional_collectives.reduce_scatter_single` instead.
  result = funcol.reduce_scatter_tensor(x, "sum", scatter_dim, pg)
/workspace/venv/lib/python3.12/site-packages/spmd_types/_collectives.py:633: FutureWarning: `torch.distributed._functional_collectives.reduce_scatter_tensor` is deprecated. Please use `torch.distributed._functional_collectives.reduce_scatter_single` instead.
  result = funcol.reduce_scatter_tensor(x, "sum", scatter_dim, pg)
/workspace/venv/lib/python3.12/site-packages/torch/distributed/fsdp/_fully_shard/_fsdp_state.py:336: UserWarning: FSDP2-wrapped module (FSDPCheckpointWrapper) returned a view tensor. An in-place op on this view (e.g., `x += y`) will silently drop the pre-backward hook and skip the all-gather, which can cause backward to fail or produce wrong gradients. Use out-of-place ops (`out = out + y`, not `out += y`) or `.clone()` the output before any in-place op.
  output = self._register_pre_backward_hook(output)
/workspace/venv/lib/python3.12/site-packages/torch/distributed/fsdp/_fully_shard/_fsdp_state.py:336: UserWarning: FSDP2-wrapped module (FSDPCheckpointWrapper) returned a view tensor. An in-place op on this view (e.g., `x += y`) will silently drop the pre-backward hook and skip the all-gather, which can cause backward to fail or produce wrong gradients. Use out-of-place ops (`out = out + y`, not `out += y`) or `.clone()` the output before any in-place op.
  output = self._register_pre_backward_hook(output)
[titan] 2026-09-15 08:45:22,987 - torchtitan.observability.metrics - INFO - [31mstep:  3  [32mloss: 10.32063  [38;2;180;60;0mgrad_norm: 19.0000  [38;2;54;234;195mmemory:  3.86GiB(4.87%)  [34mtps: 27  [36mtflops: 0.09  [35mmfu: 0.01%[39m
[titan] 2026-09-15 08:45:22,987 - torchtitan.observability.metrics - INFO - [31mstep:  3  [32mloss: 10.32063  [38;2;180;60;0mgrad_norm: 19.0000  [38;2;54;234;195mmemory:  3.86GiB(4.88%)  [34mtps: 27  [36mtflops: 0.09  [35mmfu: 0.01%[39m
[titan] 2026-09-15 08:45:22,995 - torchtitan.observability.metrics - INFO - [31mstep:  3  [32mloss: 10.32063  [38;2;180;60;0mgrad_norm: 19.0000  [38;2;54;234;195mmemory:  3.86GiB(4.87%)  [34mtps: 27  [36mtflops: 0.09  [35mmfu: 0.01%[39m
[titan] 2026-09-15 08:45:22,995 - torchtitan.observability.metrics - INFO - [31mstep:  3  [32mloss: 10.32063  [38;2;180;60;0mgrad_norm: 19.0000  [38;2;54;234;195mmemory:  3.86GiB(4.88%)  [34mtps: 27  [36mtflops: 0.09  [35mmfu: 0.01%[39m
[titan] 2026-09-15 08:45:24,115 - torchtitan.observability.metrics - INFO - [31mstep:  4  [32mloss:  8.86244  [38;2;180;60;0mgrad_norm: 13.8750  [38;2;54;234;195mmemory:  3.86GiB(4.87%)  [34mtps: 114  [36mtflops: 0.40  [35mmfu: 0.04%[39m
[titan] 2026-09-15 08:45:24,115 - torchtitan.observability.metrics - INFO - [31mstep:  4  [32mloss:  8.86244  [38;2;180;60;0mgrad_norm: 13.8750  [38;2;54;234;195mmemory:  3.86GiB(4.88%)  [34mtps: 114  [36mtflops: 0.40  [35mmfu: 0.04%[39m
[titan] 2026-09-15 08:45:24,135 - torchtitan.observability.metrics - INFO - [31mstep:  4  [32mloss:  8.86244  [38;2;180;60;0mgrad_norm: 13.8750  [38;2;54;234;195mmemory:  3.86GiB(4.87%)  [34mtps: 112  [36mtflops: 0.39  [35mmfu: 0.04%[39m
[titan] 2026-09-15 08:45:24,135 - torchtitan.observability.metrics - INFO - [31mstep:  4  [32mloss:  8.86244  [38;2;180;60;0mgrad_norm: 13.8750  [38;2;54;234;195mmemory:  3.86GiB(4.88%)  [34mtps: 112  [36mtflops: 0.39  [35mmfu: 0.04%[39m
[titan] 2026-09-15 08:45:25,269 - torchtitan.observability.metrics - INFO - [31mstep:  5  [32mloss:  7.04639  [38;2;180;60;0mgrad_norm: 11.1875  [38;2;54;234;195mmemory:  3.86GiB(4.88%)  [34mtps: 111  [36mtflops: 0.39  [35mmfu: 0.04%[39m
[titan] 2026-09-15 08:45:25,269 - torchtitan.observability.metrics - INFO - [31mstep:  5  [32mloss:  7.04639  [38;2;180;60;0mgrad_norm: 11.1875  [38;2;54;234;195mmemory:  3.86GiB(4.88%)  [34mtps: 111  [36mtflops: 0.39  [35mmfu: 0.04%[39m
[titan] 2026-09-15 08:45:25,278 - torchtitan.observability.metrics - INFO - [31mstep:  5  [32mloss:  7.04639  [38;2;180;60;0mgrad_norm: 11.1875  [38;2;54;234;195mmemory:  3.86GiB(4.88%)  [34mtps: 112  [36mtflops: 0.39  [35mmfu: 0.04%[39m
[titan] 2026-09-15 08:45:25,278 - torchtitan.observability.metrics - INFO - [31mstep:  5  [32mloss:  7.04639  [38;2;180;60;0mgrad_norm: 11.1875  [38;2;54;234;195mmemory:  3.86GiB(4.88%)  [34mtps: 112  [36mtflops: 0.39  [35mmfu: 0.04%[39m
[titan] 2026-09-15 08:45:26,395 - torchtitan.observability.metrics - INFO - [31mstep:  6  [32mloss:  6.54659  [38;2;180;60;0mgrad_norm: 13.1250  [38;2;54;234;195mmemory:  3.86GiB(4.88%)  [34mtps: 115  [36mtflops: 0.40  [35mmfu: 0.04%[39m
[titan] 2026-09-15 08:45:26,395 - torchtitan.observability.metrics - INFO - [31mstep:  6  [32mloss:  6.54659  [38;2;180;60;0mgrad_norm: 13.1250  [38;2;54;234;195mmemory:  3.86GiB(4.88%)  [34mtps: 115  [36mtflops: 0.40  [35mmfu: 0.04%[39m
[titan] 2026-09-15 08:45:26,415 - torchtitan.observability.metrics - INFO - [31mstep:  6  [32mloss:  6.54659  [38;2;180;60;0mgrad_norm: 13.1250  [38;2;54;234;195mmemory:  3.86GiB(4.88%)  [34mtps: 112  [36mtflops: 0.39  [35mmfu: 0.04%[39m
[titan] 2026-09-15 08:45:26,415 - torchtitan.observability.metrics - INFO - [31mstep:  6  [32mloss:  6.54659  [38;2;180;60;0mgrad_norm: 13.1250  [38;2;54;234;195mmemory:  3.86GiB(4.88%)  [34mtps: 112  [36mtflops: 0.39  [35mmfu: 0.04%[39m
[titan] 2026-09-15 08:45:27,543 - torchtitan.observability.metrics - INFO - [31mstep:  7  [32mloss:  6.19446  [38;2;180;60;0mgrad_norm: 11.0000  [38;2;54;234;195mmemory:  3.86GiB(4.88%)  [34mtps: 112  [36mtflops: 0.39  [35mmfu: 0.04%[39m
[titan] 2026-09-15 08:45:27,543 - torchtitan.observability.metrics - INFO - [31mstep:  7  [32mloss:  6.19446  [38;2;180;60;0mgrad_norm: 11.0000  [38;2;54;234;195mmemory:  3.86GiB(4.88%)  [34mtps: 112  [36mtflops: 0.39  [35mmfu: 0.04%[39m
[titan] 2026-09-15 08:45:27,563 - torchtitan.observability.metrics - INFO - [31mstep:  7  [32mloss:  6.19446  [38;2;180;60;0mgrad_norm: 11.0000  [38;2;54;234;195mmemory:  3.86GiB(4.88%)  [34mtps: 112  [36mtflops: 0.39  [35mmfu: 0.04%[39m
[titan] 2026-09-15 08:45:27,564 - torchtitan.observability.metrics - INFO - [31mstep:  7  [32mloss:  6.19446  [38;2;180;60;0mgrad_norm: 11.0000  [38;2;54;234;195mmemory:  3.86GiB(4.88%)  [34mtps: 112  [36mtflops: 0.39  [35mmfu: 0.04%[39m
[titan] 2026-09-15 08:45:28,685 - torchtitan.observability.metrics - INFO - [31mstep:  8  [32mloss:  5.77785  [38;2;180;60;0mgrad_norm:  9.2500  [38;2;54;234;195mmemory:  3.86GiB(4.88%)  [34mtps: 114  [36mtflops: 0.40  [35mmfu: 0.04%[39m
[titan] 2026-09-15 08:45:28,685 - torchtitan.observability.metrics - INFO - [31mstep:  8  [32mloss:  5.77785  [38;2;180;60;0mgrad_norm:  9.2500  [38;2;54;234;195mmemory:  3.86GiB(4.88%)  [34mtps: 114  [36mtflops: 0.40  [35mmfu: 0.04%[39m
[titan] 2026-09-15 08:45:28,688 - torchtitan.observability.metrics - INFO - [31mstep:  8  [32mloss:  5.77785  [38;2;180;60;0mgrad_norm:  9.2500  [38;2;54;234;195mmemory:  3.86GiB(4.88%)  [34mtps: 112  [36mtflops: 0.39  [35mmfu: 0.04%[39m
[titan] 2026-09-15 08:45:28,688 - torchtitan.observability.metrics - INFO - [31mstep:  8  [32mloss:  5.77785  [38;2;180;60;0mgrad_norm:  9.2500  [38;2;54;234;195mmemory:  3.86GiB(4.88%)  [34mtps: 112  [36mtflops: 0.39  [35mmfu: 0.04%[39m
[titan] 2026-09-15 08:45:29,822 - torchtitan.observability.metrics - INFO - [31mstep:  9  [32mloss:  4.08187  [38;2;180;60;0mgrad_norm:  7.2500  [38;2;54;234;195mmemory:  3.86GiB(4.88%)  [34mtps: 113  [36mtflops: 0.39  [35mmfu: 0.04%[39m
[titan] 2026-09-15 08:45:29,822 - torchtitan.observability.metrics - INFO - [31mstep:  9  [32mloss:  4.08187  [38;2;180;60;0mgrad_norm:  7.2500  [38;2;54;234;195mmemory:  3.86GiB(4.88%)  [34mtps: 113  [36mtflops: 0.39  [35mmfu: 0.04%[39m
[titan] 2026-09-15 08:45:29,822 - torchtitan.observability.metrics - INFO - [31mstep:  9  [32mloss:  4.08187  [38;2;180;60;0mgrad_norm:  7.2500  [38;2;54;234;195mmemory:  3.86GiB(4.88%)  [34mtps: 113  [36mtflops: 0.39  [35mmfu: 0.04%[39m
[titan] 2026-09-15 08:45:29,822 - torchtitan.observability.metrics - INFO - [31mstep:  9  [32mloss:  4.08187  [38;2;180;60;0mgrad_norm:  7.2500  [38;2;54;234;195mmemory:  3.86GiB(4.88%)  [34mtps: 113  [36mtflops: 0.39  [35mmfu: 0.04%[39m
[titan] 2026-09-15 08:45:30,962 - torchtitan.observability.metrics - INFO - [31mstep: 10  [32mloss:  3.88132  [38;2;180;60;0mgrad_norm:  5.0625  [38;2;54;234;195mmemory:  3.86GiB(4.88%)  [34mtps: 112  [36mtflops: 0.39  [35mmfu: 0.04%[39m
[titan] 2026-09-15 08:45:30,962 - torchtitan.observability.metrics - INFO - [31mstep: 10  [32mloss:  3.88132  [38;2;180;60;0mgrad_norm:  5.0625  [38;2;54;234;195mmemory:  3.86GiB(4.88%)  [34mtps: 112  [36mtflops: 0.39  [35mmfu: 0.04%[39m
[titan] 2026-09-15 08:45:30,962 - torchtitan.observability.metrics - INFO - [31mstep: 10  [32mloss:  3.88132  [38;2;180;60;0mgrad_norm:  5.0625  [38;2;54;234;195mmemory:  3.86GiB(4.88%)  [34mtps: 112  [36mtflops: 0.39  [35mmfu: 0.04%[39m
[titan] 2026-09-15 08:45:30,963 - torchtitan.observability.metrics - INFO - [31mstep: 10  [32mloss:  3.88132  [38;2;180;60;0mgrad_norm:  5.0625  [38;2;54;234;195mmemory:  3.86GiB(4.88%)  [34mtps: 112  [36mtflops: 0.39  [35mmfu: 0.04%[39m
[titan] 2026-09-15 08:45:32,092 - torchtitan.observability.metrics - INFO - [31mstep: 11  [32mloss:  3.80786  [38;2;180;60;0mgrad_norm:  7.3750  [38;2;54;234;195mmemory:  3.86GiB(4.88%)  [34mtps: 113  [36mtflops: 0.40  [35mmfu: 0.04%[39m
[titan] 2026-09-15 08:45:32,092 - torchtitan.observability.metrics - INFO - [31mstep: 11  [32mloss:  3.80786  [38;2;180;60;0mgrad_norm:  7.3750  [38;2;54;234;195mmemory:  3.86GiB(4.88%)  [34mtps: 113  [36mtflops: 0.40  [35mmfu: 0.04%[39m
[titan] 2026-09-15 08:45:32,099 - torchtitan.observability.metrics - INFO - [31mstep: 11  [32mloss:  3.80786  [38;2;180;60;0mgrad_norm:  7.3750  [38;2;54;234;195mmemory:  3.86GiB(4.88%)  [34mtps: 113  [36mtflops: 0.39  [35mmfu: 0.04%[39m
[titan] 2026-09-15 08:45:32,099 - torchtitan.observability.metrics - INFO - [31mstep: 11  [32mloss:  3.80786  [38;2;180;60;0mgrad_norm:  7.3750  [38;2;54;234;195mmemory:  3.86GiB(4.88%)  [34mtps: 113  [36mtflops: 0.39  [35mmfu: 0.04%[39m
[titan] 2026-09-15 08:45:33,227 - torchtitan.observability.metrics - INFO - [31mstep: 12  [32mloss:  3.93978  [38;2;180;60;0mgrad_norm:  5.9688  [38;2;54;234;195mmemory:  3.86GiB(4.88%)  [34mtps: 113  [36mtflops: 0.39  [35mmfu: 0.04%[39m
[titan] 2026-09-15 08:45:33,227 - torchtitan.observability.metrics - INFO - [31mstep: 12  [32mloss:  3.93978  [38;2;180;60;0mgrad_norm:  5.9688  [38;2;54;234;195mmemory:  3.86GiB(4.88%)  [34mtps: 113  [36mtflops: 0.39  [35mmfu: 0.04%[39m
[titan] 2026-09-15 08:45:33,233 - torchtitan.observability.metrics - INFO - [31mstep: 12  [32mloss:  3.93978  [38;2;180;60;0mgrad_norm:  5.9688  [38;2;54;234;195mmemory:  3.86GiB(4.88%)  [34mtps: 113  [36mtflops: 0.39  [35mmfu: 0.04%[39m
[titan] 2026-09-15 08:45:33,234 - torchtitan.observability.metrics - INFO - [31mstep: 12  [32mloss:  3.93978  [38;2;180;60;0mgrad_norm:  5.9688  [38;2;54;234;195mmemory:  3.86GiB(4.88%)  [34mtps: 113  [36mtflops: 0.39  [35mmfu: 0.04%[39m
[titan] 2026-09-15 08:45:34,365 - torchtitan.observability.metrics - INFO - [31mstep: 13  [32mloss:  3.20780  [38;2;180;60;0mgrad_norm:  5.0938  [38;2;54;234;195mmemory:  3.86GiB(4.88%)  [34mtps: 112  [36mtflops: 0.39  [35mmfu: 0.04%[39m
[titan] 2026-09-15 08:45:34,366 - torchtitan.observability.metrics - INFO - [31mstep: 13  [32mloss:  3.20780  [38;2;180;60;0mgrad_norm:  5.0938  [38;2;54;234;195mmemory:  3.86GiB(4.88%)  [34mtps: 112  [36mtflops: 0.39  [35mmfu: 0.04%[39m
[titan] 2026-09-15 08:45:34,367 - torchtitan.observability.metrics - INFO - [31mstep: 13  [32mloss:  3.20780  [38;2;180;60;0mgrad_norm:  5.0938  [38;2;54;234;195mmemory:  3.86GiB(4.88%)  [34mtps: 113  [36mtflops: 0.39  [35mmfu: 0.04%[39m
[titan] 2026-09-15 08:45:34,367 - torchtitan.observability.metrics - INFO - [31mstep: 13  [32mloss:  3.20780  [38;2;180;60;0mgrad_norm:  5.0938  [38;2;54;234;195mmemory:  3.86GiB(4.88%)  [34mtps: 113  [36mtflops: 0.39  [35mmfu: 0.04%[39m
[titan] 2026-09-15 08:45:35,500 - torchtitan.observability.metrics - INFO - [31mstep: 14  [32mloss:  3.14538  [38;2;180;60;0mgrad_norm:  4.2812  [38;2;54;234;195mmemory:  3.86GiB(4.88%)  [34mtps: 113  [36mtflops: 0.39  [35mmfu: 0.04%[39m
[titan] 2026-09-15 08:45:35,500 - torchtitan.observability.metrics - INFO - [31mstep: 14  [32mloss:  3.14538  [38;2;180;60;0mgrad_norm:  4.2812  [38;2;54;234;195mmemory:  3.86GiB(4.88%)  [34mtps: 113  [36mtflops: 0.39  [35mmfu: 0.04%[39m
[titan] 2026-09-15 08:45:35,511 - torchtitan.observability.metrics - INFO - [31mstep: 14  [32mloss:  3.14538  [38;2;180;60;0mgrad_norm:  4.2812  [38;2;54;234;195mmemory:  3.86GiB(4.88%)  [34mtps: 112  [36mtflops: 0.39  [35mmfu: 0.04%[39m
[titan] 2026-09-15 08:45:35,512 - torchtitan.observability.metrics - INFO - [31mstep: 14  [32mloss:  3.14538  [38;2;180;60;0mgrad_norm:  4.2812  [38;2;54;234;195mmemory:  3.86GiB(4.88%)  [34mtps: 112  [36mtflops: 0.39  [35mmfu: 0.04%[39m
[titan] 2026-09-15 08:45:36,644 - torchtitan.observability.metrics - INFO - [31mstep: 15  [32mloss:  3.98725  [38;2;180;60;0mgrad_norm:  4.2500  [38;2;54;234;195mmemory:  3.86GiB(4.88%)  [34mtps: 112  [36mtflops: 0.39  [35mmfu: 0.04%[39m
[titan] 2026-09-15 08:45:36,644 - torchtitan.observability.metrics - INFO - [31mstep: 15  [32mloss:  3.98725  [38;2;180;60;0mgrad_norm:  4.2500  [38;2;54;234;195mmemory:  3.86GiB(4.88%)  [34mtps: 112  [36mtflops: 0.39  [35mmfu: 0.04%[39m
[titan] 2026-09-15 08:45:36,644 - torchtitan.observability.metrics - INFO - [31mstep: 15  [32mloss:  3.98725  [38;2;180;60;0mgrad_norm:  4.2500  [38;2;54;234;195mmemory:  3.86GiB(4.88%)  [34mtps: 113  [36mtflops: 0.39  [35mmfu: 0.04%[39m
[titan] 2026-09-15 08:45:36,644 - torchtitan.observability.metrics - INFO - [31mstep: 15  [32mloss:  3.98725  [38;2;180;60;0mgrad_norm:  4.2500  [38;2;54;234;195mmemory:  3.86GiB(4.88%)  [34mtps: 113  [36mtflops: 0.39  [35mmfu: 0.04%[39m
[titan] 2026-09-15 08:45:37,776 - torchtitan.observability.metrics - INFO - [31mstep: 16  [32mloss:  3.36130  [38;2;180;60;0mgrad_norm:  6.2500  [38;2;54;234;195mmemory:  3.86GiB(4.88%)  [34mtps: 113  [36mtflops: 0.39  [35mmfu: 0.04%[39m
[titan] 2026-09-15 08:45:37,776 - torchtitan.observability.metrics - INFO - [31mstep: 16  [32mloss:  3.36130  [38;2;180;60;0mgrad_norm:  6.2500  [38;2;54;234;195mmemory:  3.86GiB(4.88%)  [34mtps: 113  [36mtflops: 0.39  [35mmfu: 0.04%[39m
[titan] 2026-09-15 08:45:37,777 - torchtitan.observability.metrics - INFO - [31mstep: 16  [32mloss:  3.36130  [38;2;180;60;0mgrad_norm:  6.2500  [38;2;54;234;195mmemory:  3.86GiB(4.88%)  [34mtps: 113  [36mtflops: 0.39  [35mmfu: 0.04%[39m
[titan] 2026-09-15 08:45:37,777 - torchtitan.observability.metrics - INFO - [31mstep: 16  [32mloss:  3.36130  [38;2;180;60;0mgrad_norm:  6.2500  [38;2;54;234;195mmemory:  3.86GiB(4.88%)  [34mtps: 113  [36mtflops: 0.39  [35mmfu: 0.04%[39m
[titan] 2026-09-15 08:45:38,908 - torchtitan.observability.metrics - INFO - [31mstep: 17  [32mloss:  3.35446  [38;2;180;60;0mgrad_norm:  5.3125  [38;2;54;234;195mmemory:  3.86GiB(4.88%)  [34mtps: 113  [36mtflops: 0.39  [35mmfu: 0.04%[39m
[titan] 2026-09-15 08:45:38,908 - torchtitan.observability.metrics - INFO - [31mstep: 17  [32mloss:  3.35446  [38;2;180;60;0mgrad_norm:  5.3125  [38;2;54;234;195mmemory:  3.86GiB(4.88%)  [34mtps: 113  [36mtflops: 0.39  [35mmfu: 0.04%[39m
[titan] 2026-09-15 08:45:38,910 - torchtitan.observability.metrics - INFO - [31mstep: 17  [32mloss:  3.35446  [38;2;180;60;0mgrad_norm:  5.3125  [38;2;54;234;195mmemory:  3.86GiB(4.88%)  [34mtps: 113  [36mtflops: 0.39  [35mmfu: 0.04%[39m
[titan] 2026-09-15 08:45:38,910 - torchtitan.observability.metrics - INFO - [31mstep: 17  [32mloss:  3.35446  [38;2;180;60;0mgrad_norm:  5.3125  [38;2;54;234;195mmemory:  3.86GiB(4.88%)  [34mtps: 113  [36mtflops: 0.39  [35mmfu: 0.04%[39m
[titan] 2026-09-15 08:45:40,040 - torchtitan.observability.metrics - INFO - [31mstep: 18  [32mloss:  2.64437  [38;2;180;60;0mgrad_norm:  5.0312  [38;2;54;234;195mmemory:  3.86GiB(4.88%)  [34mtps: 113  [36mtflops: 0.40  [35mmfu: 0.04%[39m
[titan] 2026-09-15 08:45:40,041 - torchtitan.observability.metrics - INFO - [31mstep: 18  [32mloss:  2.64437  [38;2;180;60;0mgrad_norm:  5.0312  [38;2;54;234;195mmemory:  3.86GiB(4.88%)  [34mtps: 113  [36mtflops: 0.40  [35mmfu: 0.04%[39m
[titan] 2026-09-15 08:45:40,041 - torchtitan.observability.metrics - INFO - [31mstep: 18  [32mloss:  2.64437  [38;2;180;60;0mgrad_norm:  5.0312  [38;2;54;234;195mmemory:  3.86GiB(4.88%)  [34mtps: 113  [36mtflops: 0.39  [35mmfu: 0.04%[39m
[titan] 2026-09-15 08:45:40,041 - torchtitan.observability.metrics - INFO - [31mstep: 18  [32mloss:  2.64437  [38;2;180;60;0mgrad_norm:  5.0312  [38;2;54;234;195mmemory:  3.86GiB(4.88%)  [34mtps: 113  [36mtflops: 0.39  [35mmfu: 0.04%[39m
[titan] 2026-09-15 08:45:41,172 - torchtitan.observability.metrics - INFO - [31mstep: 19  [32mloss:  3.48676  [38;2;180;60;0mgrad_norm:  4.5000  [38;2;54;234;195mmemory:  3.86GiB(4.88%)  [34mtps: 113  [36mtflops: 0.39  [35mmfu: 0.04%[39m
[titan] 2026-09-15 08:45:41,172 - torchtitan.observability.metrics - INFO - [31mstep: 19  [32mloss:  3.48676  [38;2;180;60;0mgrad_norm:  4.5000  [38;2;54;234;195mmemory:  3.86GiB(4.88%)  [34mtps: 113  [36mtflops: 0.39  [35mmfu: 0.04%[39m
[titan] 2026-09-15 08:45:41,173 - torchtitan.observability.metrics - INFO - [31mstep: 19  [32mloss:  3.48676  [38;2;180;60;0mgrad_norm:  4.5000  [38;2;54;234;195mmemory:  3.86GiB(4.88%)  [34mtps: 113  [36mtflops: 0.39  [35mmfu: 0.04%[39m
[titan] 2026-09-15 08:45:41,173 - torchtitan.observability.metrics - INFO - [31mstep: 19  [32mloss:  3.48676  [38;2;180;60;0mgrad_norm:  4.5000  [38;2;54;234;195mmemory:  3.86GiB(4.88%)  [34mtps: 113  [36mtflops: 0.39  [35mmfu: 0.04%[39m
[titan] 2026-09-15 08:45:42,310 - torchtitan.observability.metrics - INFO - [31mstep: 20  [32mloss:  3.41127  [38;2;180;60;0mgrad_norm:  4.7500  [38;2;54;234;195mmemory:  3.86GiB(4.88%)  [34mtps: 112  [36mtflops: 0.39  [35mmfu: 0.04%[39m
[titan] 2026-09-15 08:45:42,310 - torchtitan.observability.metrics - INFO - [31mstep: 20  [32mloss:  3.41127  [38;2;180;60;0mgrad_norm:  4.7500  [38;2;54;234;195mmemory:  3.86GiB(4.88%)  [34mtps: 112  [36mtflops: 0.39  [35mmfu: 0.04%[39m
[titan] 2026-09-15 08:45:42,311 - torchtitan.observability.metrics - INFO - [31mstep: 20  [32mloss:  3.41127  [38;2;180;60;0mgrad_norm:  4.7500  [38;2;54;234;195mmemory:  3.86GiB(4.88%)  [34mtps: 113  [36mtflops: 0.39  [35mmfu: 0.04%[39m
[titan] 2026-09-15 08:45:42,311 - torchtitan.observability.metrics - INFO - [31mstep: 20  [32mloss:  3.41127  [38;2;180;60;0mgrad_norm:  4.7500  [38;2;54;234;195mmemory:  3.86GiB(4.88%)  [34mtps: 113  [36mtflops: 0.39  [35mmfu: 0.04%[39m
[titan] 2026-09-15 08:45:43,432 - torchtitan.observability.metrics - INFO - [31mstep: 21  [32mloss:  3.27739  [38;2;180;60;0mgrad_norm:  4.9688  [38;2;54;234;195mmemory:  3.86GiB(4.88%)  [34mtps: 114  [36mtflops: 0.40  [35mmfu: 0.04%[39m
[titan] 2026-09-15 08:45:43,432 - torchtitan.observability.metrics - INFO - [31mstep: 21  [32mloss:  3.27739  [38;2;180;60;0mgrad_norm:  4.9688  [38;2;54;234;195mmemory:  3.86GiB(4.88%)  [34mtps: 114  [36mtflops: 0.40  [35mmfu: 0.04%[39m
[titan] 2026-09-15 08:45:43,436 - torchtitan.observability.metrics - INFO - [31mstep: 21  [32mloss:  3.27739  [38;2;180;60;0mgrad_norm:  4.9688  [38;2;54;234;195mmemory:  3.86GiB(4.88%)  [34mtps: 114  [36mtflops: 0.40  [35mmfu: 0.04%[39m
[titan] 2026-09-15 08:45:43,436 - torchtitan.observability.metrics - INFO - [31mstep: 21  [32mloss:  3.27739  [38;2;180;60;0mgrad_norm:  4.9688  [38;2;54;234;195mmemory:  3.86GiB(4.88%)  [34mtps: 114  [36mtflops: 0.40  [35mmfu: 0.04%[39m
[titan] 2026-09-15 08:45:44,541 - torchtitan.observability.metrics - INFO - [31mstep: 22  [32mloss:  2.96866  [38;2;180;60;0mgrad_norm:  4.0312  [38;2;54;234;195mmemory:  3.86GiB(4.88%)  [34mtps: 116  [36mtflops: 0.40  [35mmfu: 0.04%[39m
[titan] 2026-09-15 08:45:44,541 - torchtitan.observability.metrics - INFO - [31mstep: 22  [32mloss:  2.96866  [38;2;180;60;0mgrad_norm:  4.0312  [38;2;54;234;195mmemory:  3.86GiB(4.88%)  [34mtps: 116  [36mtflops: 0.40  [35mmfu: 0.04%[39m
[titan] 2026-09-15 08:45:44,543 - torchtitan.observability.metrics - INFO - [31mstep: 22  [32mloss:  2.96866  [38;2;180;60;0mgrad_norm:  4.0312  [38;2;54;234;195mmemory:  3.86GiB(4.88%)  [34mtps: 115  [36mtflops: 0.40  [35mmfu: 0.04%[39m
[titan] 2026-09-15 08:45:44,543 - torchtitan.observability.metrics - INFO - [31mstep: 22  [32mloss:  2.96866  [38;2;180;60;0mgrad_norm:  4.0312  [38;2;54;234;195mmemory:  3.86GiB(4.88%)  [34mtps: 115  [36mtflops: 0.40  [35mmfu: 0.04%[39m
[titan] 2026-09-15 08:45:45,651 - torchtitan.observability.metrics - INFO - [31mstep: 23  [32mloss:  2.72924  [38;2;180;60;0mgrad_norm:  3.7812  [38;2;54;234;195mmemory:  3.86GiB(4.88%)  [34mtps: 115  [36mtflops: 0.40  [35mmfu: 0.04%[39m
[titan] 2026-09-15 08:45:45,651 - torchtitan.observability.metrics - INFO - [31mstep: 23  [32mloss:  2.72924  [38;2;180;60;0mgrad_norm:  3.7812  [38;2;54;234;195mmemory:  3.86GiB(4.88%)  [34mtps: 115  [36mtflops: 0.40  [35mmfu: 0.04%[39m
[titan] 2026-09-15 08:45:45,669 - torchtitan.observability.metrics - INFO - [31mstep: 23  [32mloss:  2.72924  [38;2;180;60;0mgrad_norm:  3.7812  [38;2;54;234;195mmemory:  3.86GiB(4.88%)  [34mtps: 114  [36mtflops: 0.40  [35mmfu: 0.04%[39m
[titan] 2026-09-15 08:45:45,669 - torchtitan.observability.metrics - INFO - [31mstep: 23  [32mloss:  2.72924  [38;2;180;60;0mgrad_norm:  3.7812  [38;2;54;234;195mmemory:  3.86GiB(4.88%)  [34mtps: 114  [36mtflops: 0.40  [35mmfu: 0.04%[39m
[titan] 2026-09-15 08:45:46,799 - torchtitan.observability.metrics - INFO - [31mstep: 24  [32mloss:  3.08926  [38;2;180;60;0mgrad_norm:  5.1562  [38;2;54;234;195mmemory:  3.86GiB(4.88%)  [34mtps: 113  [36mtflops: 0.40  [35mmfu: 0.04%[39m
[titan] 2026-09-15 08:45:46,799 - torchtitan.observability.metrics - INFO - [31mstep: 24  [32mloss:  3.08926  [38;2;180;60;0mgrad_norm:  5.1562  [38;2;54;234;195mmemory:  3.86GiB(4.88%)  [34mtps: 113  [36mtflops: 0.40  [35mmfu: 0.04%[39m
[titan] 2026-09-15 08:45:46,804 - torchtitan.observability.metrics - INFO - [31mstep: 24  [32mloss:  3.08926  [38;2;180;60;0mgrad_norm:  5.1562  [38;2;54;234;195mmemory:  3.86GiB(4.88%)  [34mtps: 111  [36mtflops: 0.39  [35mmfu: 0.04%[39m
[titan] 2026-09-15 08:45:46,804 - torchtitan.observability.metrics - INFO - [31mstep: 24  [32mloss:  3.08926  [38;2;180;60;0mgrad_norm:  5.1562  [38;2;54;234;195mmemory:  3.86GiB(4.88%)  [34mtps: 111  [36mtflops: 0.39  [35mmfu: 0.04%[39m
[titan] 2026-09-15 08:45:47,933 - torchtitan.observability.metrics - INFO - [31mstep: 25  [32mloss:  2.95539  [38;2;180;60;0mgrad_norm:  4.5938  [38;2;54;234;195mmemory:  3.86GiB(4.88%)  [34mtps: 113  [36mtflops: 0.39  [35mmfu: 0.04%[39m
[titan] 2026-09-15 08:45:47,934 - torchtitan.observability.metrics - INFO - [31mstep: 25  [32mloss:  2.95539  [38;2;180;60;0mgrad_norm:  4.5938  [38;2;54;234;195mmemory:  3.86GiB(4.88%)  [34mtps: 113  [36mtflops: 0.39  [35mmfu: 0.04%[39m
[titan] 2026-09-15 08:45:47,938 - torchtitan.observability.metrics - INFO - [31mstep: 25  [32mloss:  2.95539  [38;2;180;60;0mgrad_norm:  4.5938  [38;2;54;234;195mmemory:  3.86GiB(4.88%)  [34mtps: 113  [36mtflops: 0.39  [35mmfu: 0.04%[39m
[titan] 2026-09-15 08:45:47,938 - torchtitan.observability.metrics - INFO - [31mstep: 25  [32mloss:  2.95539  [38;2;180;60;0mgrad_norm:  4.5938  [38;2;54;234;195mmemory:  3.86GiB(4.88%)  [34mtps: 113  [36mtflops: 0.39  [35mmfu: 0.04%[39m
[titan] 2026-09-15 08:45:49,075 - torchtitan.observability.metrics - INFO - [31mstep: 26  [32mloss:  3.10768  [38;2;180;60;0mgrad_norm:  2.9375  [38;2;54;234;195mmemory:  3.86GiB(4.88%)  [34mtps: 112  [36mtflops: 0.39  [35mmfu: 0.04%[39m
[titan] 2026-09-15 08:45:49,075 - torchtitan.observability.metrics - INFO - [31mstep: 26  [32mloss:  3.10768  [38;2;180;60;0mgrad_norm:  2.9375  [38;2;54;234;195mmemory:  3.86GiB(4.88%)  [34mtps: 112  [36mtflops: 0.39  [35mmfu: 0.04%[39m
[titan] 2026-09-15 08:45:49,077 - torchtitan.observability.metrics - INFO - [31mstep: 26  [32mloss:  3.10768  [38;2;180;60;0mgrad_norm:  2.9375  [38;2;54;234;195mmemory:  3.86GiB(4.88%)  [34mtps: 112  [36mtflops: 0.39  [35mmfu: 0.04%[39m
[titan] 2026-09-15 08:45:49,078 - torchtitan.observability.metrics - INFO - [31mstep: 26  [32mloss:  3.10768  [38;2;180;60;0mgrad_norm:  2.9375  [38;2;54;234;195mmemory:  3.86GiB(4.88%)  [34mtps: 112  [36mtflops: 0.39  [35mmfu: 0.04%[39m
[titan] 2026-09-15 08:45:50,212 - torchtitan.observability.metrics - INFO - [31mstep: 27  [32mloss:  2.91138  [38;2;180;60;0mgrad_norm:  3.5000  [38;2;54;234;195mmemory:  3.86GiB(4.88%)  [34mtps: 113  [36mtflops: 0.39  [35mmfu: 0.04%[39m
[titan] 2026-09-15 08:45:50,212 - torchtitan.observability.metrics - INFO - [31mstep: 27  [32mloss:  2.91138  [38;2;180;60;0mgrad_norm:  3.5000  [38;2;54;234;195mmemory:  3.86GiB(4.88%)  [34mtps: 113  [36mtflops: 0.39  [35mmfu: 0.04%[39m
[titan] 2026-09-15 08:45:50,218 - torchtitan.observability.metrics - INFO - [31mstep: 27  [32mloss:  2.91138  [38;2;180;60;0mgrad_norm:  3.5000  [38;2;54;234;195mmemory:  3.86GiB(4.88%)  [34mtps: 112  [36mtflops: 0.39  [35mmfu: 0.04%[39m
[titan] 2026-09-15 08:45:50,218 - torchtitan.observability.metrics - INFO - [31mstep: 27  [32mloss:  2.91138  [38;2;180;60;0mgrad_norm:  3.5000  [38;2;54;234;195mmemory:  3.86GiB(4.88%)  [34mtps: 112  [36mtflops: 0.39  [35mmfu: 0.04%[39m
[titan] 2026-09-15 08:45:51,355 - torchtitan.observability.metrics - INFO - [31mstep: 28  [32mloss:  3.26744  [38;2;180;60;0mgrad_norm:  2.9219  [38;2;54;234;195mmemory:  3.86GiB(4.88%)  [34mtps: 112  [36mtflops: 0.39  [35mmfu: 0.04%[39m
[titan] 2026-09-15 08:45:51,355 - torchtitan.observability.metrics - INFO - [31mstep: 28  [32mloss:  3.26744  [38;2;180;60;0mgrad_norm:  2.9219  [38;2;54;234;195mmemory:  3.86GiB(4.88%)  [34mtps: 113  [36mtflops: 0.39  [35mmfu: 0.04%[39m
[titan] 2026-09-15 08:45:51,355 - torchtitan.observability.metrics - INFO - [31mstep: 28  [32mloss:  3.26744  [38;2;180;60;0mgrad_norm:  2.9219  [38;2;54;234;195mmemory:  3.86GiB(4.88%)  [34mtps: 112  [36mtflops: 0.39  [35mmfu: 0.04%[39m
[titan] 2026-09-15 08:45:51,355 - torchtitan.observability.metrics - INFO - [31mstep: 28  [32mloss:  3.26744  [38;2;180;60;0mgrad_norm:  2.9219  [38;2;54;234;195mmemory:  3.86GiB(4.88%)  [34mtps: 113  [36mtflops: 0.39  [35mmfu: 0.04%[39m
[titan] 2026-09-15 08:45:52,510 - torchtitan.observability.metrics - INFO - [31mstep: 29  [32mloss:  3.05950  [38;2;180;60;0mgrad_norm:  2.9375  [38;2;54;234;195mmemory:  3.86GiB(4.88%)  [34mtps: 111  [36mtflops: 0.39  [35mmfu: 0.04%[39m
[titan] 2026-09-15 08:45:52,510 - torchtitan.observability.metrics - INFO - [31mstep: 29  [32mloss:  3.05950  [38;2;180;60;0mgrad_norm:  2.9375  [38;2;54;234;195mmemory:  3.86GiB(4.88%)  [34mtps: 111  [36mtflops: 0.39  [35mmfu: 0.04%[39m
[titan] 2026-09-15 08:45:52,511 - torchtitan.observability.metrics - INFO - [31mstep: 29  [32mloss:  3.05950  [38;2;180;60;0mgrad_norm:  2.9375  [38;2;54;234;195mmemory:  3.86GiB(4.88%)  [34mtps: 111  [36mtflops: 0.39  [35mmfu: 0.04%[39m
[titan] 2026-09-15 08:45:52,511 - torchtitan.observability.metrics - INFO - [31mstep: 29  [32mloss:  3.05950  [38;2;180;60;0mgrad_norm:  2.9375  [38;2;54;234;195mmemory:  3.86GiB(4.88%)  [34mtps: 111  [36mtflops: 0.39  [35mmfu: 0.04%[39m
[titan] 2026-09-15 08:45:53,647 - torchtitan.observability.metrics - INFO - [31mstep: 30  [32mloss:  3.00491  [38;2;180;60;0mgrad_norm:  4.5625  [38;2;54;234;195mmemory:  3.86GiB(4.88%)  [34mtps: 113  [36mtflops: 0.39  [35mmfu: 0.04%[39m
[titan] 2026-09-15 08:45:53,648 - torchtitan.observability.metrics - INFO - [31mstep: 30  [32mloss:  3.00491  [38;2;180;60;0mgrad_norm:  4.5625  [38;2;54;234;195mmemory:  3.86GiB(4.88%)  [34mtps: 113  [36mtflops: 0.39  [35mmfu: 0.04%[39m
[titan] 2026-09-15 08:45:53,649 - torchtitan.observability.metrics - INFO - [31mstep: 30  [32mloss:  3.00491  [38;2;180;60;0mgrad_norm:  4.5625  [38;2;54;234;195mmemory:  3.86GiB(4.88%)  [34mtps: 113  [36mtflops: 0.39  [35mmfu: 0.04%[39m
[titan] 2026-09-15 08:45:53,649 - torchtitan.observability.metrics - INFO - [31mstep: 30  [32mloss:  3.00491  [38;2;180;60;0mgrad_norm:  4.5625  [38;2;54;234;195mmemory:  3.86GiB(4.88%)  [34mtps: 113  [36mtflops: 0.39  [35mmfu: 0.04%[39m
[titan] 2026-09-15 08:45:54,784 - torchtitan.observability.metrics - INFO - [31mstep: 31  [32mloss:  2.83087  [38;2;180;60;0mgrad_norm:  3.4531  [38;2;54;234;195mmemory:  3.86GiB(4.88%)  [34mtps: 113  [36mtflops: 0.39  [35mmfu: 0.04%[39m
[titan] 2026-09-15 08:45:54,784 - torchtitan.observability.metrics - INFO - [31mstep: 31  [32mloss:  2.83087  [38;2;180;60;0mgrad_norm:  3.4531  [38;2;54;234;195mmemory:  3.86GiB(4.88%)  [34mtps: 113  [36mtflops: 0.39  [35mmfu: 0.04%[39m
[titan] 2026-09-15 08:45:54,786 - torchtitan.observability.metrics - INFO - [31mstep: 31  [32mloss:  2.83087  [38;2;180;60;0mgrad_norm:  3.4531  [38;2;54;234;195mmemory:  3.86GiB(4.88%)  [34mtps: 113  [36mtflops: 0.39  [35mmfu: 0.04%[39m
[titan] 2026-09-15 08:45:54,786 - torchtitan.observability.metrics - INFO - [31mstep: 31  [32mloss:  2.83087  [38;2;180;60;0mgrad_norm:  3.4531  [38;2;54;234;195mmemory:  3.86GiB(4.88%)  [34mtps: 113  [36mtflops: 0.39  [35mmfu: 0.04%[39m
[titan] 2026-09-15 08:45:55,922 - torchtitan.observability.metrics - INFO - [31mstep: 32  [32mloss:  2.91502  [38;2;180;60;0mgrad_norm:  4.5312  [38;2;54;234;195mmemory:  3.86GiB(4.88%)  [34mtps: 113  [36mtflops: 0.39  [35mmfu: 0.04%[39m
[titan] 2026-09-15 08:45:55,922 - torchtitan.observability.metrics - INFO - [31mstep: 32  [32mloss:  2.91502  [38;2;180;60;0mgrad_norm:  4.5312  [38;2;54;234;195mmemory:  3.86GiB(4.88%)  [34mtps: 112  [36mtflops: 0.39  [35mmfu: 0.04%[39m
[titan] 2026-09-15 08:45:55,923 - torchtitan.observability.metrics - INFO - [31mstep: 32  [32mloss:  2.91502  [38;2;180;60;0mgrad_norm:  4.5312  [38;2;54;234;195mmemory:  3.86GiB(4.88%)  [34mtps: 113  [36mtflops: 0.39  [35mmfu: 0.04%[39m
[titan] 2026-09-15 08:45:55,923 - torchtitan.observability.metrics - INFO - [31mstep: 32  [32mloss:  2.91502  [38;2;180;60;0mgrad_norm:  4.5312  [38;2;54;234;195mmemory:  3.86GiB(4.88%)  [34mtps: 113  [36mtflops: 0.39  [35mmfu: 0.04%[39m
[titan] 2026-09-15 08:45:57,059 - torchtitan.observability.metrics - INFO - [31mstep: 33  [32mloss:  3.17750  [38;2;180;60;0mgrad_norm:  5.1562  [38;2;54;234;195mmemory:  3.86GiB(4.88%)  [34mtps: 113  [36mtflops: 0.39  [35mmfu: 0.04%[39m
[titan] 2026-09-15 08:45:57,059 - torchtitan.observability.metrics - INFO - [31mstep: 33  [32mloss:  3.17750  [38;2;180;60;0mgrad_norm:  5.1562  [38;2;54;234;195mmemory:  3.86GiB(4.88%)  [34mtps: 113  [36mtflops: 0.39  [35mmfu: 0.04%[39m
[titan] 2026-09-15 08:45:57,061 - torchtitan.observability.metrics - INFO - [31mstep: 33  [32mloss:  3.17750  [38;2;180;60;0mgrad_norm:  5.1562  [38;2;54;234;195mmemory:  3.86GiB(4.88%)  [34mtps: 112  [36mtflops: 0.39  [35mmfu: 0.04%[39m
[titan] 2026-09-15 08:45:57,061 - torchtitan.observability.metrics - INFO - [31mstep: 33  [32mloss:  3.17750  [38;2;180;60;0mgrad_norm:  5.1562  [38;2;54;234;195mmemory:  3.86GiB(4.88%)  [34mtps: 112  [36mtflops: 0.39  [35mmfu: 0.04%[39m
[titan] 2026-09-15 08:45:58,225 - torchtitan.observability.metrics - INFO - [31mstep: 34  [32mloss:  3.55507  [38;2;180;60;0mgrad_norm:  4.1875  [38;2;54;234;195mmemory:  3.86GiB(4.88%)  [34mtps: 110  [36mtflops: 0.38  [35mmfu: 0.04%[39m
[titan] 2026-09-15 08:45:58,225 - torchtitan.observability.metrics - INFO - [31mstep: 34  [32mloss:  3.55507  [38;2;180;60;0mgrad_norm:  4.1875  [38;2;54;234;195mmemory:  3.86GiB(4.88%)  [34mtps: 110  [36mtflops: 0.38  [35mmfu: 0.04%[39m
[titan] 2026-09-15 08:45:58,226 - torchtitan.observability.metrics - INFO - [31mstep: 34  [32mloss:  3.55507  [38;2;180;60;0mgrad_norm:  4.1875  [38;2;54;234;195mmemory:  3.86GiB(4.88%)  [34mtps: 110  [36mtflops: 0.38  [35mmfu: 0.04%[39m
[titan] 2026-09-15 08:45:58,226 - torchtitan.observability.metrics - INFO - [31mstep: 34  [32mloss:  3.55507  [38;2;180;60;0mgrad_norm:  4.1875  [38;2;54;234;195mmemory:  3.86GiB(4.88%)  [34mtps: 110  [36mtflops: 0.38  [35mmfu: 0.04%[39m
[titan] 2026-09-15 08:45:59,374 - torchtitan.observability.metrics - INFO - [31mstep: 35  [32mloss:  2.84973  [38;2;180;60;0mgrad_norm:  4.5312  [38;2;54;234;195mmemory:  3.86GiB(4.88%)  [34mtps: 111  [36mtflops: 0.39  [35mmfu: 0.04%[39m
[titan] 2026-09-15 08:45:59,374 - torchtitan.observability.metrics - INFO - [31mstep: 35  [32mloss:  2.84973  [38;2;180;60;0mgrad_norm:  4.5312  [38;2;54;234;195mmemory:  3.86GiB(4.88%)  [34mtps: 111  [36mtflops: 0.39  [35mmfu: 0.04%[39m
[titan] 2026-09-15 08:45:59,375 - torchtitan.observability.metrics - INFO - [31mstep: 35  [32mloss:  2.84973  [38;2;180;60;0mgrad_norm:  4.5312  [38;2;54;234;195mmemory:  3.86GiB(4.88%)  [34mtps: 111  [36mtflops: 0.39  [35mmfu: 0.04%[39m
[titan] 2026-09-15 08:45:59,375 - torchtitan.observability.metrics - INFO - [31mstep: 35  [32mloss:  2.84973  [38;2;180;60;0mgrad_norm:  4.5312  [38;2;54;234;195mmemory:  3.86GiB(4.88%)  [34mtps: 111  [36mtflops: 0.39  [35mmfu: 0.04%[39m
[titan] 2026-09-15 08:46:00,535 - torchtitan.observability.metrics - INFO - [31mstep: 36  [32mloss:  3.60716  [38;2;180;60;0mgrad_norm:  4.8750  [38;2;54;234;195mmemory:  3.86GiB(4.88%)  [34mtps: 110  [36mtflops: 0.38  [35mmfu: 0.04%[39m
[titan] 2026-09-15 08:46:00,535 - torchtitan.observability.metrics - INFO - [31mstep: 36  [32mloss:  3.60716  [38;2;180;60;0mgrad_norm:  4.8750  [38;2;54;234;195mmemory:  3.86GiB(4.88%)  [34mtps: 110  [36mtflops: 0.38  [35mmfu: 0.04%[39m
[titan] 2026-09-15 08:46:00,536 - torchtitan.observability.metrics - INFO - [31mstep: 36  [32mloss:  3.60716  [38;2;180;60;0mgrad_norm:  4.8750  [38;2;54;234;195mmemory:  3.86GiB(4.88%)  [34mtps: 110  [36mtflops: 0.38  [35mmfu: 0.04%[39m
[titan] 2026-09-15 08:46:00,536 - torchtitan.observability.metrics - INFO - [31mstep: 36  [32mloss:  3.60716  [38;2;180;60;0mgrad_norm:  4.8750  [38;2;54;234;195mmemory:  3.86GiB(4.88%)  [34mtps: 110  [36mtflops: 0.38  [35mmfu: 0.04%[39m
[titan] 2026-09-15 08:46:01,679 - torchtitan.observability.metrics - INFO - [31mstep: 37  [32mloss:  3.00967  [38;2;180;60;0mgrad_norm:  3.9219  [38;2;54;234;195mmemory:  3.86GiB(4.88%)  [34mtps: 112  [36mtflops: 0.39  [35mmfu: 0.04%[39m
[titan] 2026-09-15 08:46:01,679 - torchtitan.observability.metrics - INFO - [31mstep: 37  [32mloss:  3.00967  [38;2;180;60;0mgrad_norm:  3.9219  [38;2;54;234;195mmemory:  3.86GiB(4.88%)  [34mtps: 112  [36mtflops: 0.39  [35mmfu: 0.04%[39m
[titan] 2026-09-15 08:46:01,681 - torchtitan.observability.metrics - INFO - [31mstep: 37  [32mloss:  3.00967  [38;2;180;60;0mgrad_norm:  3.9219  [38;2;54;234;195mmemory:  3.86GiB(4.88%)  [34mtps: 112  [36mtflops: 0.39  [35mmfu: 0.04%[39m
[titan] 2026-09-15 08:46:01,681 - torchtitan.observability.metrics - INFO - [31mstep: 37  [32mloss:  3.00967  [38;2;180;60;0mgrad_norm:  3.9219  [38;2;54;234;195mmemory:  3.86GiB(4.88%)  [34mtps: 112  [36mtflops: 0.39  [35mmfu: 0.04%[39m
[titan] 2026-09-15 08:46:02,819 - torchtitan.observability.metrics - INFO - [31mstep: 38  [32mloss:  2.82612  [38;2;180;60;0mgrad_norm:  5.0938  [38;2;54;234;195mmemory:  3.86GiB(4.88%)  [34mtps: 112  [36mtflops: 0.39  [35mmfu: 0.04%[39m
[titan] 2026-09-15 08:46:02,819 - torchtitan.observability.metrics - INFO - [31mstep: 38  [32mloss:  2.82612  [38;2;180;60;0mgrad_norm:  5.0938  [38;2;54;234;195mmemory:  3.86GiB(4.88%)  [34mtps: 112  [36mtflops: 0.39  [35mmfu: 0.04%[39m
[titan] 2026-09-15 08:46:02,820 - torchtitan.observability.metrics - INFO - [31mstep: 38  [32mloss:  2.82612  [38;2;180;60;0mgrad_norm:  5.0938  [38;2;54;234;195mmemory:  3.86GiB(4.88%)  [34mtps: 112  [36mtflops: 0.39  [35mmfu: 0.04%[39m
[titan] 2026-09-15 08:46:02,820 - torchtitan.observability.metrics - INFO - [31mstep: 38  [32mloss:  2.82612  [38;2;180;60;0mgrad_norm:  5.0938  [38;2;54;234;195mmemory:  3.86GiB(4.88%)  [34mtps: 112  [36mtflops: 0.39  [35mmfu: 0.04%[39m
[titan] 2026-09-15 08:46:03,963 - torchtitan.observability.metrics - INFO - [31mstep: 39  [32mloss:  2.68934  [38;2;180;60;0mgrad_norm:  3.3906  [38;2;54;234;195mmemory:  3.86GiB(4.88%)  [34mtps: 112  [36mtflops: 0.39  [35mmfu: 0.04%[39m
[titan] 2026-09-15 08:46:03,963 - torchtitan.observability.metrics - INFO - [31mstep: 39  [32mloss:  2.68934  [38;2;180;60;0mgrad_norm:  3.3906  [38;2;54;234;195mmemory:  3.86GiB(4.88%)  [34mtps: 112  [36mtflops: 0.39  [35mmfu: 0.04%[39m
[titan] 2026-09-15 08:46:03,964 - torchtitan.observability.metrics - INFO - [31mstep: 39  [32mloss:  2.68934  [38;2;180;60;0mgrad_norm:  3.3906  [38;2;54;234;195mmemory:  3.86GiB(4.88%)  [34mtps: 112  [36mtflops: 0.39  [35mmfu: 0.04%[39m
[titan] 2026-09-15 08:46:03,964 - torchtitan.observability.metrics - INFO - [31mstep: 39  [32mloss:  2.68934  [38;2;180;60;0mgrad_norm:  3.3906  [38;2;54;234;195mmemory:  3.86GiB(4.88%)  [34mtps: 112  [36mtflops: 0.39  [35mmfu: 0.04%[39m
[titan] 2026-09-15 08:46:05,106 - torchtitan.observability.metrics - INFO - [31mstep: 40  [32mloss:  2.48618  [38;2;180;60;0mgrad_norm:  2.3125  [38;2;54;234;195mmemory:  3.86GiB(4.88%)  [34mtps: 112  [36mtflops: 0.39  [35mmfu: 0.04%[39m
[titan] 2026-09-15 08:46:05,106 - torchtitan.observability.metrics - INFO - [31mstep: 40  [32mloss:  2.48618  [38;2;180;60;0mgrad_norm:  2.3125  [38;2;54;234;195mmemory:  3.86GiB(4.88%)  [34mtps: 112  [36mtflops: 0.39  [35mmfu: 0.04%[39m
[titan] 2026-09-15 08:46:05,106 - torchtitan.observability.metrics - INFO - [31mstep: 40  [32mloss:  2.48618  [38;2;180;60;0mgrad_norm:  2.3125  [38;2;54;234;195mmemory:  3.86GiB(4.88%)  [34mtps: 112  [36mtflops: 0.39  [35mmfu: 0.04%[39m
[titan] 2026-09-15 08:46:05,106 - torchtitan.observability.metrics - INFO - [31mstep: 40  [32mloss:  2.48618  [38;2;180;60;0mgrad_norm:  2.3125  [38;2;54;234;195mmemory:  3.86GiB(4.88%)  [34mtps: 112  [36mtflops: 0.39  [35mmfu: 0.04%[39m
[titan] 2026-09-15 08:46:06,247 - torchtitan.observability.metrics - INFO - [31mstep: 41  [32mloss:  3.22268  [38;2;180;60;0mgrad_norm:  4.0938  [38;2;54;234;195mmemory:  3.86GiB(4.88%)  [34mtps: 112  [36mtflops: 0.39  [35mmfu: 0.04%[39m
[titan] 2026-09-15 08:46:06,247 - torchtitan.observability.metrics - INFO - [31mstep: 41  [32mloss:  3.22268  [38;2;180;60;0mgrad_norm:  4.0938  [38;2;54;234;195mmemory:  3.86GiB(4.88%)  [34mtps: 112  [36mtflops: 0.39  [35mmfu: 0.04%[39m
[titan] 2026-09-15 08:46:06,247 - torchtitan.observability.metrics - INFO - [31mstep: 41  [32mloss:  3.22268  [38;2;180;60;0mgrad_norm:  4.0938  [38;2;54;234;195mmemory:  3.86GiB(4.88%)  [34mtps: 112  [36mtflops: 0.39  [35mmfu: 0.04%[39m
[titan] 2026-09-15 08:46:06,247 - torchtitan.observability.metrics - INFO - [31mstep: 41  [32mloss:  3.22268  [38;2;180;60;0mgrad_norm:  4.0938  [38;2;54;234;195mmemory:  3.86GiB(4.88%)  [34mtps: 112  [36mtflops: 0.39  [35mmfu: 0.04%[39m
[titan] 2026-09-15 08:46:07,385 - torchtitan.observability.metrics - INFO - [31mstep: 42  [32mloss:  3.24823  [38;2;180;60;0mgrad_norm:  4.7812  [38;2;54;234;195mmemory:  3.86GiB(4.88%)  [34mtps: 112  [36mtflops: 0.39  [35mmfu: 0.04%[39m
[titan] 2026-09-15 08:46:07,385 - torchtitan.observability.metrics - INFO - [31mstep: 42  [32mloss:  3.24823  [38;2;180;60;0mgrad_norm:  4.7812  [38;2;54;234;195mmemory:  3.86GiB(4.88%)  [34mtps: 112  [36mtflops: 0.39  [35mmfu: 0.04%[39m
[titan] 2026-09-15 08:46:07,385 - torchtitan.observability.metrics - INFO - [31mstep: 42  [32mloss:  3.24823  [38;2;180;60;0mgrad_norm:  4.7812  [38;2;54;234;195mmemory:  3.86GiB(4.88%)  [34mtps: 112  [36mtflops: 0.39  [35mmfu: 0.04%[39m
[titan] 2026-09-15 08:46:07,386 - torchtitan.observability.metrics - INFO - [31mstep: 42  [32mloss:  3.24823  [38;2;180;60;0mgrad_norm:  4.7812  [38;2;54;234;195mmemory:  3.86GiB(4.88%)  [34mtps: 112  [36mtflops: 0.39  [35mmfu: 0.04%[39m
[titan] 2026-09-15 08:46:08,523 - torchtitan.observability.metrics - INFO - [31mstep: 43  [32mloss:  3.26888  [38;2;180;60;0mgrad_norm:  5.6562  [38;2;54;234;195mmemory:  3.86GiB(4.88%)  [34mtps: 112  [36mtflops: 0.39  [35mmfu: 0.04%[39m
[titan] 2026-09-15 08:46:08,523 - torchtitan.observability.metrics - INFO - [31mstep: 43  [32mloss:  3.26888  [38;2;180;60;0mgrad_norm:  5.6562  [38;2;54;234;195mmemory:  3.86GiB(4.88%)  [34mtps: 112  [36mtflops: 0.39  [35mmfu: 0.04%[39m
[titan] 2026-09-15 08:46:08,524 - torchtitan.observability.metrics - INFO - [31mstep: 43  [32mloss:  3.26888  [38;2;180;60;0mgrad_norm:  5.6562  [38;2;54;234;195mmemory:  3.86GiB(4.88%)  [34mtps: 112  [36mtflops: 0.39  [35mmfu: 0.04%[39m
[titan] 2026-09-15 08:46:08,524 - torchtitan.observability.metrics - INFO - [31mstep: 43  [32mloss:  3.26888  [38;2;180;60;0mgrad_norm:  5.6562  [38;2;54;234;195mmemory:  3.86GiB(4.88%)  [34mtps: 112  [36mtflops: 0.39  [35mmfu: 0.04%[39m
[titan] 2026-09-15 08:46:09,662 - torchtitan.observability.metrics - INFO - [31mstep: 44  [32mloss:  2.86771  [38;2;180;60;0mgrad_norm:  5.4375  [38;2;54;234;195mmemory:  3.86GiB(4.88%)  [34mtps: 112  [36mtflops: 0.39  [35mmfu: 0.04%[39m
[titan] 2026-09-15 08:46:09,662 - torchtitan.observability.metrics - INFO - [31mstep: 44  [32mloss:  2.86771  [38;2;180;60;0mgrad_norm:  5.4375  [38;2;54;234;195mmemory:  3.86GiB(4.88%)  [34mtps: 112  [36mtflops: 0.39  [35mmfu: 0.04%[39m
[titan] 2026-09-15 08:46:09,663 - torchtitan.observability.metrics - INFO - [31mstep: 44  [32mloss:  2.86771  [38;2;180;60;0mgrad_norm:  5.4375  [38;2;54;234;195mmemory:  3.86GiB(4.88%)  [34mtps: 112  [36mtflops: 0.39  [35mmfu: 0.04%[39m
[titan] 2026-09-15 08:46:09,664 - torchtitan.observability.metrics - INFO - [31mstep: 44  [32mloss:  2.86771  [38;2;180;60;0mgrad_norm:  5.4375  [38;2;54;234;195mmemory:  3.86GiB(4.88%)  [34mtps: 112  [36mtflops: 0.39  [35mmfu: 0.04%[39m
[titan] 2026-09-15 08:46:10,798 - torchtitan.observability.metrics - INFO - [31mstep: 45  [32mloss:  2.96077  [38;2;180;60;0mgrad_norm:  4.3125  [38;2;54;234;195mmemory:  3.86GiB(4.88%)  [34mtps: 113  [36mtflops: 0.39  [35mmfu: 0.04%[39m
[titan] 2026-09-15 08:46:10,799 - torchtitan.observability.metrics - INFO - [31mstep: 45  [32mloss:  2.96077  [38;2;180;60;0mgrad_norm:  4.3125  [38;2;54;234;195mmemory:  3.86GiB(4.88%)  [34mtps: 113  [36mtflops: 0.39  [35mmfu: 0.04%[39m
[titan] 2026-09-15 08:46:10,799 - torchtitan.observability.metrics - INFO - [31mstep: 45  [32mloss:  2.96077  [38;2;180;60;0mgrad_norm:  4.3125  [38;2;54;234;195mmemory:  3.86GiB(4.88%)  [34mtps: 113  [36mtflops: 0.39  [35mmfu: 0.04%[39m
[titan] 2026-09-15 08:46:10,799 - torchtitan.observability.metrics - INFO - [31mstep: 45  [32mloss:  2.96077  [38;2;180;60;0mgrad_norm:  4.3125  [38;2;54;234;195mmemory:  3.86GiB(4.88%)  [34mtps: 113  [36mtflops: 0.39  [35mmfu: 0.04%[39m
[titan] 2026-09-15 08:46:11,933 - torchtitan.observability.metrics - INFO - [31mstep: 46  [32mloss:  2.83753  [38;2;180;60;0mgrad_norm:  2.9531  [38;2;54;234;195mmemory:  3.86GiB(4.88%)  [34mtps: 113  [36mtflops: 0.39  [35mmfu: 0.04%[39m
[titan] 2026-09-15 08:46:11,933 - torchtitan.observability.metrics - INFO - [31mstep: 46  [32mloss:  2.83753  [38;2;180;60;0mgrad_norm:  2.9531  [38;2;54;234;195mmemory:  3.86GiB(4.88%)  [34mtps: 113  [36mtflops: 0.39  [35mmfu: 0.04%[39m
[titan] 2026-09-15 08:46:11,933 - torchtitan.observability.metrics - INFO - [31mstep: 46  [32mloss:  2.83753  [38;2;180;60;0mgrad_norm:  2.9531  [38;2;54;234;195mmemory:  3.86GiB(4.88%)  [34mtps: 113  [36mtflops: 0.39  [35mmfu: 0.04%[39m
[titan] 2026-09-15 08:46:11,933 - torchtitan.observability.metrics - INFO - [31mstep: 46  [32mloss:  2.83753  [38;2;180;60;0mgrad_norm:  2.9531  [38;2;54;234;195mmemory:  3.86GiB(4.88%)  [34mtps: 113  [36mtflops: 0.39  [35mmfu: 0.04%[39m
[titan] 2026-09-15 08:46:13,066 - torchtitan.observability.metrics - INFO - [31mstep: 47  [32mloss:  2.45136  [38;2;180;60;0mgrad_norm:  5.3438  [38;2;54;234;195mmemory:  3.86GiB(4.88%)  [34mtps: 113  [36mtflops: 0.39  [35mmfu: 0.04%[39m
[titan] 2026-09-15 08:46:13,066 - torchtitan.observability.metrics - INFO - [31mstep: 47  [32mloss:  2.45136  [38;2;180;60;0mgrad_norm:  5.3438  [38;2;54;234;195mmemory:  3.86GiB(4.88%)  [34mtps: 113  [36mtflops: 0.39  [35mmfu: 0.04%[39m
[titan] 2026-09-15 08:46:13,067 - torchtitan.observability.metrics - INFO - [31mstep: 47  [32mloss:  2.45136  [38;2;180;60;0mgrad_norm:  5.3438  [38;2;54;234;195mmemory:  3.86GiB(4.88%)  [34mtps: 113  [36mtflops: 0.39  [35mmfu: 0.04%[39m
[titan] 2026-09-15 08:46:13,067 - torchtitan.observability.metrics - INFO - [31mstep: 47  [32mloss:  2.45136  [38;2;180;60;0mgrad_norm:  5.3438  [38;2;54;234;195mmemory:  3.86GiB(4.88%)  [34mtps: 113  [36mtflops: 0.39  [35mmfu: 0.04%[39m
[titan] 2026-09-15 08:46:14,199 - torchtitan.observability.metrics - INFO - [31mstep: 48  [32mloss:  2.12356  [38;2;180;60;0mgrad_norm:  3.9531  [38;2;54;234;195mmemory:  3.86GiB(4.88%)  [34mtps: 113  [36mtflops: 0.39  [35mmfu: 0.04%[39m
[titan] 2026-09-15 08:46:14,199 - torchtitan.observability.metrics - INFO - [31mstep: 48  [32mloss:  2.12356  [38;2;180;60;0mgrad_norm:  3.9531  [38;2;54;234;195mmemory:  3.86GiB(4.88%)  [34mtps: 113  [36mtflops: 0.39  [35mmfu: 0.04%[39m
[titan] 2026-09-15 08:46:14,202 - torchtitan.observability.metrics - INFO - [31mstep: 48  [32mloss:  2.12356  [38;2;180;60;0mgrad_norm:  3.9531  [38;2;54;234;195mmemory:  3.86GiB(4.88%)  [34mtps: 113  [36mtflops: 0.39  [35mmfu: 0.04%[39m
[titan] 2026-09-15 08:46:14,202 - torchtitan.observability.metrics - INFO - [31mstep: 48  [32mloss:  2.12356  [38;2;180;60;0mgrad_norm:  3.9531  [38;2;54;234;195mmemory:  3.86GiB(4.88%)  [34mtps: 113  [36mtflops: 0.39  [35mmfu: 0.04%[39m
[titan] 2026-09-15 08:46:15,339 - torchtitan.observability.metrics - INFO - [31mstep: 49  [32mloss:  2.36594  [38;2;180;60;0mgrad_norm:  2.5312  [38;2;54;234;195mmemory:  3.86GiB(4.88%)  [34mtps: 112  [36mtflops: 0.39  [35mmfu: 0.04%[39m
[titan] 2026-09-15 08:46:15,339 - torchtitan.observability.metrics - INFO - [31mstep: 49  [32mloss:  2.36594  [38;2;180;60;0mgrad_norm:  2.5312  [38;2;54;234;195mmemory:  3.86GiB(4.88%)  [34mtps: 112  [36mtflops: 0.39  [35mmfu: 0.04%[39m
[titan] 2026-09-15 08:46:15,342 - torchtitan.observability.metrics - INFO - [31mstep: 49  [32mloss:  2.36594  [38;2;180;60;0mgrad_norm:  2.5312  [38;2;54;234;195mmemory:  3.86GiB(4.88%)  [34mtps: 112  [36mtflops: 0.39  [35mmfu: 0.04%[39m
[titan] 2026-09-15 08:46:15,342 - torchtitan.observability.metrics - INFO - [31mstep: 49  [32mloss:  2.36594  [38;2;180;60;0mgrad_norm:  2.5312  [38;2;54;234;195mmemory:  3.86GiB(4.88%)  [34mtps: 112  [36mtflops: 0.39  [35mmfu: 0.04%[39m
[titan] 2026-09-15 08:46:15,466 - torchtitan.tools.utils - INFO - [GC] Performing periodic GC collection took 0.12 seconds
[titan] 2026-09-15 08:46:15,476 - torchtitan.tools.utils - INFO - [GC] Performing periodic GC collection took 0.13 seconds
[titan] 2026-09-15 08:46:15,489 - torchtitan.tools.utils - INFO - [GC] Performing periodic GC collection took 0.14 seconds
[titan] 2026-09-15 08:46:15,490 - torchtitan.tools.utils - INFO - [GC] Performing periodic GC collection took 0.14 seconds
[titan] 2026-09-15 08:46:16,634 - torchtitan.observability.metrics - INFO - [31mstep: 50  [32mloss:  2.81012  [38;2;180;60;0mgrad_norm: 14.5625  [38;2;54;234;195mmemory:  3.86GiB(4.88%)  [34mtps: 99  [36mtflops: 0.34  [35mmfu: 0.03%[39m
[titan] 2026-09-15 08:46:16,634 - torchtitan.observability.metrics - INFO - [31mstep: 50  [32mloss:  2.81012  [38;2;180;60;0mgrad_norm: 14.5625  [38;2;54;234;195mmemory:  3.86GiB(4.88%)  [34mtps: 99  [36mtflops: 0.34  [35mmfu: 0.03%[39m
[titan] 2026-09-15 08:46:16,635 - torchtitan.observability.metrics - INFO - [31mstep: 50  [32mloss:  2.81012  [38;2;180;60;0mgrad_norm: 14.5625  [38;2;54;234;195mmemory:  3.86GiB(4.88%)  [34mtps: 99  [36mtflops: 0.35  [35mmfu: 0.03%[39m
[titan] 2026-09-15 08:46:16,635 - torchtitan.observability.metrics - INFO - [31mstep: 50  [32mloss:  2.81012  [38;2;180;60;0mgrad_norm: 14.5625  [38;2;54;234;195mmemory:  3.86GiB(4.88%)  [34mtps: 99  [36mtflops: 0.35  [35mmfu: 0.03%[39m
[titan] 2026-09-15 08:46:17,768 - torchtitan.observability.metrics - INFO - [31mstep: 51  [32mloss:  2.66527  [38;2;180;60;0mgrad_norm:  3.7969  [38;2;54;234;195mmemory:  3.86GiB(4.88%)  [34mtps: 113  [36mtflops: 0.39  [35mmfu: 0.04%[39m
[titan] 2026-09-15 08:46:17,768 - torchtitan.observability.metrics - INFO - [31mstep: 51  [32mloss:  2.66527  [38;2;180;60;0mgrad_norm:  3.7969  [38;2;54;234;195mmemory:  3.86GiB(4.88%)  [34mtps: 113  [36mtflops: 0.39  [35mmfu: 0.04%[39m
[titan] 2026-09-15 08:46:17,769 - torchtitan.observability.metrics - INFO - [31mstep: 51  [32mloss:  2.66527  [38;2;180;60;0mgrad_norm:  3.7969  [38;2;54;234;195mmemory:  3.86GiB(4.88%)  [34mtps: 113  [36mtflops: 0.39  [35mmfu: 0.04%[39m
[titan] 2026-09-15 08:46:17,769 - torchtitan.observability.metrics - INFO - [31mstep: 51  [32mloss:  2.66527  [38;2;180;60;0mgrad_norm:  3.7969  [38;2;54;234;195mmemory:  3.86GiB(4.88%)  [34mtps: 113  [36mtflops: 0.39  [35mmfu: 0.04%[39m
[titan] 2026-09-15 08:46:18,901 - torchtitan.observability.metrics - INFO - [31mstep: 52  [32mloss:  2.27511  [38;2;180;60;0mgrad_norm:  3.9062  [38;2;54;234;195mmemory:  3.86GiB(4.88%)  [34mtps: 113  [36mtflops: 0.39  [35mmfu: 0.04%[39m
[titan] 2026-09-15 08:46:18,902 - torchtitan.observability.metrics - INFO - [31mstep: 52  [32mloss:  2.27511  [38;2;180;60;0mgrad_norm:  3.9062  [38;2;54;234;195mmemory:  3.86GiB(4.88%)  [34mtps: 113  [36mtflops: 0.39  [35mmfu: 0.04%[39m
[titan] 2026-09-15 08:46:18,903 - torchtitan.observability.metrics - INFO - [31mstep: 52  [32mloss:  2.27511  [38;2;180;60;0mgrad_norm:  3.9062  [38;2;54;234;195mmemory:  3.86GiB(4.88%)  [34mtps: 113  [36mtflops: 0.39  [35mmfu: 0.04%[39m
[titan] 2026-09-15 08:46:18,903 - torchtitan.observability.metrics - INFO - [31mstep: 52  [32mloss:  2.27511  [38;2;180;60;0mgrad_norm:  3.9062  [38;2;54;234;195mmemory:  3.86GiB(4.88%)  [34mtps: 113  [36mtflops: 0.39  [35mmfu: 0.04%[39m
[titan] 2026-09-15 08:46:20,038 - torchtitan.observability.metrics - INFO - [31mstep: 53  [32mloss:  2.96562  [38;2;180;60;0mgrad_norm:  3.8438  [38;2;54;234;195mmemory:  3.86GiB(4.88%)  [34mtps: 113  [36mtflops: 0.39  [35mmfu: 0.04%[39m
[titan] 2026-09-15 08:46:20,038 - torchtitan.observability.metrics - INFO - [31mstep: 53  [32mloss:  2.96562  [38;2;180;60;0mgrad_norm:  3.8438  [38;2;54;234;195mmemory:  3.86GiB(4.88%)  [34mtps: 113  [36mtflops: 0.39  [35mmfu: 0.04%[39m
[titan] 2026-09-15 08:46:20,039 - torchtitan.observability.metrics - INFO - [31mstep: 53  [32mloss:  2.96562  [38;2;180;60;0mgrad_norm:  3.8438  [38;2;54;234;195mmemory:  3.86GiB(4.88%)  [34mtps: 113  [36mtflops: 0.39  [35mmfu: 0.04%[39m
[titan] 2026-09-15 08:46:20,040 - torchtitan.observability.metrics - INFO - [31mstep: 53  [32mloss:  2.96562  [38;2;180;60;0mgrad_norm:  3.8438  [38;2;54;234;195mmemory:  3.86GiB(4.88%)  [34mtps: 113  [36mtflops: 0.39  [35mmfu: 0.04%[39m
[titan] 2026-09-15 08:46:21,174 - torchtitan.observability.metrics - INFO - [31mstep: 54  [32mloss:  1.91200  [38;2;180;60;0mgrad_norm:  3.5625  [38;2;54;234;195mmemory:  3.86GiB(4.88%)  [34mtps: 113  [36mtflops: 0.39  [35mmfu: 0.04%[39m
[titan] 2026-09-15 08:46:21,174 - torchtitan.observability.metrics - INFO - [31mstep: 54  [32mloss:  1.91200  [38;2;180;60;0mgrad_norm:  3.5625  [38;2;54;234;195mmemory:  3.86GiB(4.88%)  [34mtps: 113  [36mtflops: 0.39  [35mmfu: 0.04%[39m
[titan] 2026-09-15 08:46:21,175 - torchtitan.observability.metrics - INFO - [31mstep: 54  [32mloss:  1.91200  [38;2;180;60;0mgrad_norm:  3.5625  [38;2;54;234;195mmemory:  3.86GiB(4.88%)  [34mtps: 113  [36mtflops: 0.39  [35mmfu: 0.04%[39m
[titan] 2026-09-15 08:46:21,175 - torchtitan.observability.metrics - INFO - [31mstep: 54  [32mloss:  1.91200  [38;2;180;60;0mgrad_norm:  3.5625  [38;2;54;234;195mmemory:  3.86GiB(4.88%)  [34mtps: 113  [36mtflops: 0.39  [35mmfu: 0.04%[39m
[titan] 2026-09-15 08:46:22,311 - torchtitan.observability.metrics - INFO - [31mstep: 55  [32mloss:  1.89682  [38;2;180;60;0mgrad_norm:  2.9844  [38;2;54;234;195mmemory:  3.86GiB(4.88%)  [34mtps: 113  [36mtflops: 0.39  [35mmfu: 0.04%[39m
[titan] 2026-09-15 08:46:22,311 - torchtitan.observability.metrics - INFO - [31mstep: 55  [32mloss:  1.89682  [38;2;180;60;0mgrad_norm:  2.9844  [38;2;54;234;195mmemory:  3.86GiB(4.88%)  [34mtps: 113  [36mtflops: 0.39  [35mmfu: 0.04%[39m
[titan] 2026-09-15 08:46:22,313 - torchtitan.observability.metrics - INFO - [31mstep: 55  [32mloss:  1.89682  [38;2;180;60;0mgrad_norm:  2.9844  [38;2;54;234;195mmemory:  3.86GiB(4.88%)  [34mtps: 113  [36mtflops: 0.39  [35mmfu: 0.04%[39m
[titan] 2026-09-15 08:46:22,313 - torchtitan.observability.metrics - INFO - [31mstep: 55  [32mloss:  1.89682  [38;2;180;60;0mgrad_norm:  2.9844  [38;2;54;234;195mmemory:  3.86GiB(4.88%)  [34mtps: 113  [36mtflops: 0.39  [35mmfu: 0.04%[39m
[titan] 2026-09-15 08:46:23,450 - torchtitan.observability.metrics - INFO - [31mstep: 56  [32mloss:  2.96698  [38;2;180;60;0mgrad_norm:  3.2031  [38;2;54;234;195mmemory:  3.86GiB(4.88%)  [34mtps: 113  [36mtflops: 0.39  [35mmfu: 0.04%[39m
[titan] 2026-09-15 08:46:23,450 - torchtitan.observability.metrics - INFO - [31mstep: 56  [32mloss:  2.96698  [38;2;180;60;0mgrad_norm:  3.2031  [38;2;54;234;195mmemory:  3.86GiB(4.88%)  [34mtps: 113  [36mtflops: 0.39  [35mmfu: 0.04%[39m
[titan] 2026-09-15 08:46:23,451 - torchtitan.observability.metrics - INFO - [31mstep: 56  [32mloss:  2.96698  [38;2;180;60;0mgrad_norm:  3.2031  [38;2;54;234;195mmemory:  3.86GiB(4.88%)  [34mtps: 112  [36mtflops: 0.39  [35mmfu: 0.04%[39m
[titan] 2026-09-15 08:46:23,451 - torchtitan.observability.metrics - INFO - [31mstep: 56  [32mloss:  2.96698  [38;2;180;60;0mgrad_norm:  3.2031  [38;2;54;234;195mmemory:  3.86GiB(4.88%)  [34mtps: 112  [36mtflops: 0.39  [35mmfu: 0.04%[39m
[titan] 2026-09-15 08:46:24,609 - torchtitan.observability.metrics - INFO - [31mstep: 57  [32mloss:  3.29332  [38;2;180;60;0mgrad_norm:  3.5000  [38;2;54;234;195mmemory:  3.86GiB(4.88%)  [34mtps: 111  [36mtflops: 0.39  [35mmfu: 0.04%[39m
[titan] 2026-09-15 08:46:24,609 - torchtitan.observability.metrics - INFO - [31mstep: 57  [32mloss:  3.29332  [38;2;180;60;0mgrad_norm:  3.5000  [38;2;54;234;195mmemory:  3.86GiB(4.88%)  [34mtps: 111  [36mtflops: 0.39  [35mmfu: 0.04%[39m
[titan] 2026-09-15 08:46:24,629 - torchtitan.observability.metrics - INFO - [31mstep: 57  [32mloss:  3.29332  [38;2;180;60;0mgrad_norm:  3.5000  [38;2;54;234;195mmemory:  3.86GiB(4.88%)  [34mtps: 109  [36mtflops: 0.38  [35mmfu: 0.04%[39m
[titan] 2026-09-15 08:46:24,629 - torchtitan.observability.metrics - INFO - [31mstep: 57  [32mloss:  3.29332  [38;2;180;60;0mgrad_norm:  3.5000  [38;2;54;234;195mmemory:  3.86GiB(4.88%)  [34mtps: 109  [36mtflops: 0.38  [35mmfu: 0.04%[39m
[titan] 2026-09-15 08:46:25,744 - torchtitan.observability.metrics - INFO - [31mstep: 58  [32mloss:  1.66430  [38;2;180;60;0mgrad_norm:  2.4531  [38;2;54;234;195mmemory:  3.86GiB(4.88%)  [34mtps: 113  [36mtflops: 0.39  [35mmfu: 0.04%[39m
[titan] 2026-09-15 08:46:25,744 - torchtitan.observability.metrics - INFO - [31mstep: 58  [32mloss:  1.66430  [38;2;180;60;0mgrad_norm:  2.4531  [38;2;54;234;195mmemory:  3.86GiB(4.88%)  [34mtps: 113  [36mtflops: 0.39  [35mmfu: 0.04%[39m
[titan] 2026-09-15 08:46:25,763 - torchtitan.observability.metrics - INFO - [31mstep: 58  [32mloss:  1.66430  [38;2;180;60;0mgrad_norm:  2.4531  [38;2;54;234;195mmemory:  3.86GiB(4.88%)  [34mtps: 113  [36mtflops: 0.39  [35mmfu: 0.04%[39m
[titan] 2026-09-15 08:46:25,764 - torchtitan.observability.metrics - INFO - [31mstep: 58  [32mloss:  1.66430  [38;2;180;60;0mgrad_norm:  2.4531  [38;2;54;234;195mmemory:  3.86GiB(4.88%)  [34mtps: 113  [36mtflops: 0.39  [35mmfu: 0.04%[39m
[titan] 2026-09-15 08:46:26,884 - torchtitan.observability.metrics - INFO - [31mstep: 59  [32mloss:  2.91014  [38;2;180;60;0mgrad_norm:  3.8594  [38;2;54;234;195mmemory:  3.86GiB(4.88%)  [34mtps: 112  [36mtflops: 0.39  [35mmfu: 0.04%[39m
[titan] 2026-09-15 08:46:26,884 - torchtitan.observability.metrics - INFO - [31mstep: 59  [32mloss:  2.91014  [38;2;180;60;0mgrad_norm:  3.8594  [38;2;54;234;195mmemory:  3.86GiB(4.88%)  [34mtps: 112  [36mtflops: 0.39  [35mmfu: 0.04%[39m
[titan] 2026-09-15 08:46:26,905 - torchtitan.observability.metrics - INFO - [31mstep: 59  [32mloss:  2.91014  [38;2;180;60;0mgrad_norm:  3.8594  [38;2;54;234;195mmemory:  3.86GiB(4.88%)  [34mtps: 112  [36mtflops: 0.39  [35mmfu: 0.04%[39m
[titan] 2026-09-15 08:46:26,905 - torchtitan.observability.metrics - INFO - [31mstep: 59  [32mloss:  2.91014  [38;2;180;60;0mgrad_norm:  3.8594  [38;2;54;234;195mmemory:  3.86GiB(4.88%)  [34mtps: 112  [36mtflops: 0.39  [35mmfu: 0.04%[39m
[titan] 2026-09-15 08:46:28,027 - torchtitan.observability.metrics - INFO - [31mstep: 60  [32mloss:  1.41371  [38;2;180;60;0mgrad_norm:  2.0625  [38;2;54;234;195mmemory:  3.86GiB(4.88%)  [34mtps: 112  [36mtflops: 0.39  [35mmfu: 0.04%[39m
[titan] 2026-09-15 08:46:28,027 - torchtitan.observability.metrics - INFO - [31mstep: 60  [32mloss:  1.41371  [38;2;180;60;0mgrad_norm:  2.0625  [38;2;54;234;195mmemory:  3.86GiB(4.88%)  [34mtps: 112  [36mtflops: 0.39  [35mmfu: 0.04%[39m
[titan] 2026-09-15 08:46:28,047 - torchtitan.observability.metrics - INFO - [31mstep: 60  [32mloss:  1.41371  [38;2;180;60;0mgrad_norm:  2.0625  [38;2;54;234;195mmemory:  3.86GiB(4.88%)  [34mtps: 112  [36mtflops: 0.39  [35mmfu: 0.04%[39m
[titan] 2026-09-15 08:46:28,047 - torchtitan.observability.metrics - INFO - [31mstep: 60  [32mloss:  1.41371  [38;2;180;60;0mgrad_norm:  2.0625  [38;2;54;234;195mmemory:  3.86GiB(4.88%)  [34mtps: 112  [36mtflops: 0.39  [35mmfu: 0.04%[39m
[titan] 2026-09-15 08:46:29,168 - torchtitan.observability.metrics - INFO - [31mstep: 61  [32mloss:  2.50003  [38;2;180;60;0mgrad_norm: 10.4375  [38;2;54;234;195mmemory:  3.86GiB(4.88%)  [34mtps: 112  [36mtflops: 0.39  [35mmfu: 0.04%[39m
[titan] 2026-09-15 08:46:29,168 - torchtitan.observability.metrics - INFO - [31mstep: 61  [32mloss:  2.50003  [38;2;180;60;0mgrad_norm: 10.4375  [38;2;54;234;195mmemory:  3.86GiB(4.88%)  [34mtps: 112  [36mtflops: 0.39  [35mmfu: 0.04%[39m
[titan] 2026-09-15 08:46:29,188 - torchtitan.observability.metrics - INFO - [31mstep: 61  [32mloss:  2.50003  [38;2;180;60;0mgrad_norm: 10.4375  [38;2;54;234;195mmemory:  3.86GiB(4.88%)  [34mtps: 112  [36mtflops: 0.39  [35mmfu: 0.04%[39m
[titan] 2026-09-15 08:46:29,188 - torchtitan.observability.metrics - INFO - [31mstep: 61  [32mloss:  2.50003  [38;2;180;60;0mgrad_norm: 10.4375  [38;2;54;234;195mmemory:  3.86GiB(4.88%)  [34mtps: 112  [36mtflops: 0.39  [35mmfu: 0.04%[39m
[titan] 2026-09-15 08:46:30,307 - torchtitan.observability.metrics - INFO - [31mstep: 62  [32mloss:  3.15756  [38;2;180;60;0mgrad_norm:  3.6719  [38;2;54;234;195mmemory:  3.86GiB(4.88%)  [34mtps: 112  [36mtflops: 0.39  [35mmfu: 0.04%[39m
[titan] 2026-09-15 08:46:30,307 - torchtitan.observability.metrics - INFO - [31mstep: 62  [32mloss:  3.15756  [38;2;180;60;0mgrad_norm:  3.6719  [38;2;54;234;195mmemory:  3.86GiB(4.88%)  [34mtps: 112  [36mtflops: 0.39  [35mmfu: 0.04%[39m
[titan] 2026-09-15 08:46:30,328 - torchtitan.observability.metrics - INFO - [31mstep: 62  [32mloss:  3.15756  [38;2;180;60;0mgrad_norm:  3.6719  [38;2;54;234;195mmemory:  3.86GiB(4.88%)  [34mtps: 112  [36mtflops: 0.39  [35mmfu: 0.04%[39m
[titan] 2026-09-15 08:46:30,328 - torchtitan.observability.metrics - INFO - [31mstep: 62  [32mloss:  3.15756  [38;2;180;60;0mgrad_norm:  3.6719  [38;2;54;234;195mmemory:  3.86GiB(4.88%)  [34mtps: 112  [36mtflops: 0.39  [35mmfu: 0.04%[39m
[titan] 2026-09-15 08:46:31,447 - torchtitan.observability.metrics - INFO - [31mstep: 63  [32mloss:  1.91035  [38;2;180;60;0mgrad_norm:  3.6250  [38;2;54;234;195mmemory:  3.86GiB(4.88%)  [34mtps: 112  [36mtflops: 0.39  [35mmfu: 0.04%[39m
[titan] 2026-09-15 08:46:31,447 - torchtitan.observability.metrics - INFO - [31mstep: 63  [32mloss:  1.91035  [38;2;180;60;0mgrad_norm:  3.6250  [38;2;54;234;195mmemory:  3.86GiB(4.88%)  [34mtps: 112  [36mtflops: 0.39  [35mmfu: 0.04%[39m
[titan] 2026-09-15 08:46:31,467 - torchtitan.observability.metrics - INFO - [31mstep: 63  [32mloss:  1.91035  [38;2;180;60;0mgrad_norm:  3.6250  [38;2;54;234;195mmemory:  3.86GiB(4.88%)  [34mtps: 112  [36mtflops: 0.39  [35mmfu: 0.04%[39m
[titan] 2026-09-15 08:46:31,467 - torchtitan.observability.metrics - INFO - [31mstep: 63  [32mloss:  1.91035  [38;2;180;60;0mgrad_norm:  3.6250  [38;2;54;234;195mmemory:  3.86GiB(4.88%)  [34mtps: 112  [36mtflops: 0.39  [35mmfu: 0.04%[39m
[titan] 2026-09-15 08:46:32,586 - torchtitan.observability.metrics - INFO - [31mstep: 64  [32mloss:  1.68574  [38;2;180;60;0mgrad_norm:  2.8750  [38;2;54;234;195mmemory:  3.86GiB(4.88%)  [34mtps: 112  [36mtflops: 0.39  [35mmfu: 0.04%[39m
[titan] 2026-09-15 08:46:32,586 - torchtitan.observability.metrics - INFO - [31mstep: 64  [32mloss:  1.68574  [38;2;180;60;0mgrad_norm:  2.8750  [38;2;54;234;195mmemory:  3.86GiB(4.88%)  [34mtps: 112  [36mtflops: 0.39  [35mmfu: 0.04%[39m
[titan] 2026-09-15 08:46:32,606 - torchtitan.observability.metrics - INFO - [31mstep: 64  [32mloss:  1.68574  [38;2;180;60;0mgrad_norm:  2.8750  [38;2;54;234;195mmemory:  3.86GiB(4.88%)  [34mtps: 112  [36mtflops: 0.39  [35mmfu: 0.04%[39m
[titan] 2026-09-15 08:46:32,606 - torchtitan.observability.metrics - INFO - [31mstep: 64  [32mloss:  1.68574  [38;2;180;60;0mgrad_norm:  2.8750  [38;2;54;234;195mmemory:  3.86GiB(4.88%)  [34mtps: 112  [36mtflops: 0.39  [35mmfu: 0.04%[39m
[titan] 2026-09-15 08:46:33,724 - torchtitan.observability.metrics - INFO - [31mstep: 65  [32mloss:  2.50431  [38;2;180;60;0mgrad_norm:  3.6250  [38;2;54;234;195mmemory:  3.86GiB(4.88%)  [34mtps: 113  [36mtflops: 0.39  [35mmfu: 0.04%[39m
[titan] 2026-09-15 08:46:33,724 - torchtitan.observability.metrics - INFO - [31mstep: 65  [32mloss:  2.50431  [38;2;180;60;0mgrad_norm:  3.6250  [38;2;54;234;195mmemory:  3.86GiB(4.88%)  [34mtps: 113  [36mtflops: 0.39  [35mmfu: 0.04%[39m
[titan] 2026-09-15 08:46:33,744 - torchtitan.observability.metrics - INFO - [31mstep: 65  [32mloss:  2.50431  [38;2;180;60;0mgrad_norm:  3.6250  [38;2;54;234;195mmemory:  3.86GiB(4.88%)  [34mtps: 113  [36mtflops: 0.39  [35mmfu: 0.04%[39m
[titan] 2026-09-15 08:46:33,744 - torchtitan.observability.metrics - INFO - [31mstep: 65  [32mloss:  2.50431  [38;2;180;60;0mgrad_norm:  3.6250  [38;2;54;234;195mmemory:  3.86GiB(4.88%)  [34mtps: 113  [36mtflops: 0.39  [35mmfu: 0.04%[39m
[titan] 2026-09-15 08:46:34,862 - torchtitan.observability.metrics - INFO - [31mstep: 66  [32mloss:  2.41217  [38;2;180;60;0mgrad_norm:  3.0781  [38;2;54;234;195mmemory:  3.86GiB(4.88%)  [34mtps: 113  [36mtflops: 0.39  [35mmfu: 0.04%[39m
[titan] 2026-09-15 08:46:34,862 - torchtitan.observability.metrics - INFO - [31mstep: 66  [32mloss:  2.41217  [38;2;180;60;0mgrad_norm:  3.0781  [38;2;54;234;195mmemory:  3.86GiB(4.88%)  [34mtps: 113  [36mtflops: 0.39  [35mmfu: 0.04%[39m
[titan] 2026-09-15 08:46:34,882 - torchtitan.observability.metrics - INFO - [31mstep: 66  [32mloss:  2.41217  [38;2;180;60;0mgrad_norm:  3.0781  [38;2;54;234;195mmemory:  3.86GiB(4.88%)  [34mtps: 113  [36mtflops: 0.39  [35mmfu: 0.04%[39m
[titan] 2026-09-15 08:46:34,882 - torchtitan.observability.metrics - INFO - [31mstep: 66  [32mloss:  2.41217  [38;2;180;60;0mgrad_norm:  3.0781  [38;2;54;234;195mmemory:  3.86GiB(4.88%)  [34mtps: 113  [36mtflops: 0.39  [35mmfu: 0.04%[39m
[titan] 2026-09-15 08:46:36,001 - torchtitan.observability.metrics - INFO - [31mstep: 67  [32mloss:  2.32153  [38;2;180;60;0mgrad_norm:  4.6562  [38;2;54;234;195mmemory:  3.86GiB(4.88%)  [34mtps: 112  [36mtflops: 0.39  [35mmfu: 0.04%[39m
[titan] 2026-09-15 08:46:36,001 - torchtitan.observability.metrics - INFO - [31mstep: 67  [32mloss:  2.32153  [38;2;180;60;0mgrad_norm:  4.6562  [38;2;54;234;195mmemory:  3.86GiB(4.88%)  [34mtps: 112  [36mtflops: 0.39  [35mmfu: 0.04%[39m
[titan] 2026-09-15 08:46:36,021 - torchtitan.observability.metrics - INFO - [31mstep: 67  [32mloss:  2.32153  [38;2;180;60;0mgrad_norm:  4.6562  [38;2;54;234;195mmemory:  3.86GiB(4.88%)  [34mtps: 112  [36mtflops: 0.39  [35mmfu: 0.04%[39m
[titan] 2026-09-15 08:46:36,021 - torchtitan.observability.metrics - INFO - [31mstep: 67  [32mloss:  2.32153  [38;2;180;60;0mgrad_norm:  4.6562  [38;2;54;234;195mmemory:  3.86GiB(4.88%)  [34mtps: 112  [36mtflops: 0.39  [35mmfu: 0.04%[39m
[titan] 2026-09-15 08:46:37,141 - torchtitan.observability.metrics - INFO - [31mstep: 68  [32mloss:  2.41517  [38;2;180;60;0mgrad_norm:  3.5156  [38;2;54;234;195mmemory:  3.86GiB(4.88%)  [34mtps: 112  [36mtflops: 0.39  [35mmfu: 0.04%[39m
[titan] 2026-09-15 08:46:37,141 - torchtitan.observability.metrics - INFO - [31mstep: 68  [32mloss:  2.41517  [38;2;180;60;0mgrad_norm:  3.5156  [38;2;54;234;195mmemory:  3.86GiB(4.88%)  [34mtps: 112  [36mtflops: 0.39  [35mmfu: 0.04%[39m
[titan] 2026-09-15 08:46:37,161 - torchtitan.observability.metrics - INFO - [31mstep: 68  [32mloss:  2.41517  [38;2;180;60;0mgrad_norm:  3.5156  [38;2;54;234;195mmemory:  3.86GiB(4.88%)  [34mtps: 112  [36mtflops: 0.39  [35mmfu: 0.04%[39m
[titan] 2026-09-15 08:46:37,161 - torchtitan.observability.metrics - INFO - [31mstep: 68  [32mloss:  2.41517  [38;2;180;60;0mgrad_norm:  3.5156  [38;2;54;234;195mmemory:  3.86GiB(4.88%)  [34mtps: 112  [36mtflops: 0.39  [35mmfu: 0.04%[39m
[titan] 2026-09-15 08:46:38,278 - torchtitan.observability.metrics - INFO - [31mstep: 69  [32mloss:  2.41104  [38;2;180;60;0mgrad_norm:  3.1719  [38;2;54;234;195mmemory:  3.86GiB(4.88%)  [34mtps: 113  [36mtflops: 0.39  [35mmfu: 0.04%[39m
[titan] 2026-09-15 08:46:38,278 - torchtitan.observability.metrics - INFO - [31mstep: 69  [32mloss:  2.41104  [38;2;180;60;0mgrad_norm:  3.1719  [38;2;54;234;195mmemory:  3.86GiB(4.88%)  [34mtps: 113  [36mtflops: 0.39  [35mmfu: 0.04%[39m
[titan] 2026-09-15 08:46:38,298 - torchtitan.observability.metrics - INFO - [31mstep: 69  [32mloss:  2.41104  [38;2;180;60;0mgrad_norm:  3.1719  [38;2;54;234;195mmemory:  3.86GiB(4.88%)  [34mtps: 113  [36mtflops: 0.39  [35mmfu: 0.04%[39m
[titan] 2026-09-15 08:46:38,299 - torchtitan.observability.metrics - INFO - [31mstep: 69  [32mloss:  2.41104  [38;2;180;60;0mgrad_norm:  3.1719  [38;2;54;234;195mmemory:  3.86GiB(4.88%)  [34mtps: 113  [36mtflops: 0.39  [35mmfu: 0.04%[39m
[titan] 2026-09-15 08:46:39,419 - torchtitan.observability.metrics - INFO - [31mstep: 70  [32mloss:  0.96938  [38;2;180;60;0mgrad_norm:  2.6562  [38;2;54;234;195mmemory:  3.86GiB(4.88%)  [34mtps: 112  [36mtflops: 0.39  [35mmfu: 0.04%[39m
[titan] 2026-09-15 08:46:39,419 - torchtitan.observability.metrics - INFO - [31mstep: 70  [32mloss:  0.96938  [38;2;180;60;0mgrad_norm:  2.6562  [38;2;54;234;195mmemory:  3.86GiB(4.88%)  [34mtps: 112  [36mtflops: 0.39  [35mmfu: 0.04%[39m
[titan] 2026-09-15 08:46:39,439 - torchtitan.observability.metrics - INFO - [31mstep: 70  [32mloss:  0.96938  [38;2;180;60;0mgrad_norm:  2.6562  [38;2;54;234;195mmemory:  3.86GiB(4.88%)  [34mtps: 112  [36mtflops: 0.39  [35mmfu: 0.04%[39m
[titan] 2026-09-15 08:46:39,439 - torchtitan.observability.metrics - INFO - [31mstep: 70  [32mloss:  0.96938  [38;2;180;60;0mgrad_norm:  2.6562  [38;2;54;234;195mmemory:  3.86GiB(4.88%)  [34mtps: 112  [36mtflops: 0.39  [35mmfu: 0.04%[39m
[titan] 2026-09-15 08:46:40,559 - torchtitan.observability.metrics - INFO - [31mstep: 71  [32mloss:  2.00759  [38;2;180;60;0mgrad_norm:  2.5938  [38;2;54;234;195mmemory:  3.86GiB(4.88%)  [34mtps: 112  [36mtflops: 0.39  [35mmfu: 0.04%[39m
[titan] 2026-09-15 08:46:40,559 - torchtitan.observability.metrics - INFO - [31mstep: 71  [32mloss:  2.00759  [38;2;180;60;0mgrad_norm:  2.5938  [38;2;54;234;195mmemory:  3.86GiB(4.88%)  [34mtps: 112  [36mtflops: 0.39  [35mmfu: 0.04%[39m
[titan] 2026-09-15 08:46:40,580 - torchtitan.observability.metrics - INFO - [31mstep: 71  [32mloss:  2.00759  [38;2;180;60;0mgrad_norm:  2.5938  [38;2;54;234;195mmemory:  3.86GiB(4.88%)  [34mtps: 112  [36mtflops: 0.39  [35mmfu: 0.04%[39m
[titan] 2026-09-15 08:46:40,580 - torchtitan.observability.metrics - INFO - [31mstep: 71  [32mloss:  2.00759  [38;2;180;60;0mgrad_norm:  2.5938  [38;2;54;234;195mmemory:  3.86GiB(4.88%)  [34mtps: 112  [36mtflops: 0.39  [35mmfu: 0.04%[39m
[titan] 2026-09-15 08:46:41,700 - torchtitan.observability.metrics - INFO - [31mstep: 72  [32mloss:  1.85096  [38;2;180;60;0mgrad_norm:  2.8125  [38;2;54;234;195mmemory:  3.86GiB(4.88%)  [34mtps: 112  [36mtflops: 0.39  [35mmfu: 0.04%[39m
[titan] 2026-09-15 08:46:41,700 - torchtitan.observability.metrics - INFO - [31mstep: 72  [32mloss:  1.85096  [38;2;180;60;0mgrad_norm:  2.8125  [38;2;54;234;195mmemory:  3.86GiB(4.88%)  [34mtps: 112  [36mtflops: 0.39  [35mmfu: 0.04%[39m
[titan] 2026-09-15 08:46:41,720 - torchtitan.observability.metrics - INFO - [31mstep: 72  [32mloss:  1.85096  [38;2;180;60;0mgrad_norm:  2.8125  [38;2;54;234;195mmemory:  3.86GiB(4.88%)  [34mtps: 112  [36mtflops: 0.39  [35mmfu: 0.04%[39m
[titan] 2026-09-15 08:46:41,720 - torchtitan.observability.metrics - INFO - [31mstep: 72  [32mloss:  1.85096  [38;2;180;60;0mgrad_norm:  2.8125  [38;2;54;234;195mmemory:  3.86GiB(4.88%)  [34mtps: 112  [36mtflops: 0.39  [35mmfu: 0.04%[39m
[titan] 2026-09-15 08:46:42,860 - torchtitan.observability.metrics - INFO - [31mstep: 73  [32mloss:  1.93013  [38;2;180;60;0mgrad_norm:  3.6719  [38;2;54;234;195mmemory:  3.86GiB(4.88%)  [34mtps: 112  [36mtflops: 0.39  [35mmfu: 0.04%[39m
[titan] 2026-09-15 08:46:42,860 - torchtitan.observability.metrics - INFO - [31mstep: 73  [32mloss:  1.93013  [38;2;180;60;0mgrad_norm:  3.6719  [38;2;54;234;195mmemory:  3.86GiB(4.88%)  [34mtps: 112  [36mtflops: 0.39  [35mmfu: 0.04%[39m
[titan] 2026-09-15 08:46:42,880 - torchtitan.observability.metrics - INFO - [31mstep: 73  [32mloss:  1.93013  [38;2;180;60;0mgrad_norm:  3.6719  [38;2;54;234;195mmemory:  3.86GiB(4.88%)  [34mtps: 108  [36mtflops: 0.38  [35mmfu: 0.04%[39m
[titan] 2026-09-15 08:46:42,880 - torchtitan.observability.metrics - INFO - [31mstep: 73  [32mloss:  1.93013  [38;2;180;60;0mgrad_norm:  3.6719  [38;2;54;234;195mmemory:  3.86GiB(4.88%)  [34mtps: 108  [36mtflops: 0.38  [35mmfu: 0.04%[39m
[titan] 2026-09-15 08:46:43,988 - torchtitan.observability.metrics - INFO - [31mstep: 74  [32mloss:  1.50887  [38;2;180;60;0mgrad_norm:  2.4219  [38;2;54;234;195mmemory:  3.86GiB(4.88%)  [34mtps: 114  [36mtflops: 0.40  [35mmfu: 0.04%[39m
[titan] 2026-09-15 08:46:43,988 - torchtitan.observability.metrics - INFO - [31mstep: 74  [32mloss:  1.50887  [38;2;180;60;0mgrad_norm:  2.4219  [38;2;54;234;195mmemory:  3.86GiB(4.88%)  [34mtps: 114  [36mtflops: 0.40  [35mmfu: 0.04%[39m
[titan] 2026-09-15 08:46:44,004 - torchtitan.observability.metrics - INFO - [31mstep: 74  [32mloss:  1.50887  [38;2;180;60;0mgrad_norm:  2.4219  [38;2;54;234;195mmemory:  3.86GiB(4.88%)  [34mtps: 114  [36mtflops: 0.40  [35mmfu: 0.04%[39m
[titan] 2026-09-15 08:46:44,004 - torchtitan.observability.metrics - INFO - [31mstep: 74  [32mloss:  1.50887  [38;2;180;60;0mgrad_norm:  2.4219  [38;2;54;234;195mmemory:  3.86GiB(4.88%)  [34mtps: 114  [36mtflops: 0.40  [35mmfu: 0.04%[39m
[titan] 2026-09-15 08:46:45,105 - torchtitan.observability.metrics - INFO - [31mstep: 75  [32mloss:  2.03361  [38;2;180;60;0mgrad_norm:  3.8438  [38;2;54;234;195mmemory:  3.86GiB(4.88%)  [34mtps: 115  [36mtflops: 0.40  [35mmfu: 0.04%[39m
[titan] 2026-09-15 08:46:45,105 - torchtitan.observability.metrics - INFO - [31mstep: 75  [32mloss:  2.03361  [38;2;180;60;0mgrad_norm:  3.8438  [38;2;54;234;195mmemory:  3.86GiB(4.88%)  [34mtps: 115  [36mtflops: 0.40  [35mmfu: 0.04%[39m
[titan] 2026-09-15 08:46:45,124 - torchtitan.observability.metrics - INFO - [31mstep: 75  [32mloss:  2.03361  [38;2;180;60;0mgrad_norm:  3.8438  [38;2;54;234;195mmemory:  3.86GiB(4.88%)  [34mtps: 114  [36mtflops: 0.40  [35mmfu: 0.04%[39m
[titan] 2026-09-15 08:46:45,124 - torchtitan.observability.metrics - INFO - [31mstep: 75  [32mloss:  2.03361  [38;2;180;60;0mgrad_norm:  3.8438  [38;2;54;234;195mmemory:  3.86GiB(4.88%)  [34mtps: 114  [36mtflops: 0.40  [35mmfu: 0.04%[39m
[titan] 2026-09-15 08:46:46,223 - torchtitan.observability.metrics - INFO - [31mstep: 76  [32mloss:  2.57243  [38;2;180;60;0mgrad_norm:  5.8125  [38;2;54;234;195mmemory:  3.86GiB(4.88%)  [34mtps: 115  [36mtflops: 0.40  [35mmfu: 0.04%[39m
[titan] 2026-09-15 08:46:46,223 - torchtitan.observability.metrics - INFO - [31mstep: 76  [32mloss:  2.57243  [38;2;180;60;0mgrad_norm:  5.8125  [38;2;54;234;195mmemory:  3.86GiB(4.88%)  [34mtps: 115  [36mtflops: 0.40  [35mmfu: 0.04%[39m
[titan] 2026-09-15 08:46:46,234 - torchtitan.observability.metrics - INFO - [31mstep: 76  [32mloss:  2.57243  [38;2;180;60;0mgrad_norm:  5.8125  [38;2;54;234;195mmemory:  3.86GiB(4.88%)  [34mtps: 115  [36mtflops: 0.40  [35mmfu: 0.04%[39m
[titan] 2026-09-15 08:46:46,234 - torchtitan.observability.metrics - INFO - [31mstep: 76  [32mloss:  2.57243  [38;2;180;60;0mgrad_norm:  5.8125  [38;2;54;234;195mmemory:  3.86GiB(4.88%)  [34mtps: 115  [36mtflops: 0.40  [35mmfu: 0.04%[39m
[titan] 2026-09-15 08:46:47,386 - torchtitan.observability.metrics - INFO - [31mstep: 77  [32mloss:  1.14844  [38;2;180;60;0mgrad_norm:  2.4531  [38;2;54;234;195mmemory:  3.86GiB(4.88%)  [34mtps: 111  [36mtflops: 0.39  [35mmfu: 0.04%[39m
[titan] 2026-09-15 08:46:47,386 - torchtitan.observability.metrics - INFO - [31mstep: 77  [32mloss:  1.14844  [38;2;180;60;0mgrad_norm:  2.4531  [38;2;54;234;195mmemory:  3.86GiB(4.88%)  [34mtps: 111  [36mtflops: 0.39  [35mmfu: 0.04%[39m
[titan] 2026-09-15 08:46:47,407 - torchtitan.observability.metrics - INFO - [31mstep: 77  [32mloss:  1.14844  [38;2;180;60;0mgrad_norm:  2.4531  [38;2;54;234;195mmemory:  3.86GiB(4.88%)  [34mtps: 108  [36mtflops: 0.38  [35mmfu: 0.04%[39m
[titan] 2026-09-15 08:46:47,407 - torchtitan.observability.metrics - INFO - [31mstep: 77  [32mloss:  1.14844  [38;2;180;60;0mgrad_norm:  2.4531  [38;2;54;234;195mmemory:  3.86GiB(4.88%)  [34mtps: 108  [36mtflops: 0.38  [35mmfu: 0.04%[39m
[titan] 2026-09-15 08:46:48,539 - torchtitan.observability.metrics - INFO - [31mstep: 78  [32mloss:  3.41137  [38;2;180;60;0mgrad_norm:  5.3125  [38;2;54;234;195mmemory:  3.86GiB(4.88%)  [34mtps: 111  [36mtflops: 0.39  [35mmfu: 0.04%[39m
[titan] 2026-09-15 08:46:48,539 - torchtitan.observability.metrics - INFO - [31mstep: 78  [32mloss:  3.41137  [38;2;180;60;0mgrad_norm:  5.3125  [38;2;54;234;195mmemory:  3.86GiB(4.88%)  [34mtps: 111  [36mtflops: 0.39  [35mmfu: 0.04%[39m
[titan] 2026-09-15 08:46:48,559 - torchtitan.observability.metrics - INFO - [31mstep: 78  [32mloss:  3.41137  [38;2;180;60;0mgrad_norm:  5.3125  [38;2;54;234;195mmemory:  3.86GiB(4.88%)  [34mtps: 111  [36mtflops: 0.39  [35mmfu: 0.04%[39m
[titan] 2026-09-15 08:46:48,559 - torchtitan.observability.metrics - INFO - [31mstep: 78  [32mloss:  3.41137  [38;2;180;60;0mgrad_norm:  5.3125  [38;2;54;234;195mmemory:  3.86GiB(4.88%)  [34mtps: 111  [36mtflops: 0.39  [35mmfu: 0.04%[39m
[titan] 2026-09-15 08:46:49,699 - torchtitan.observability.metrics - INFO - [31mstep: 79  [32mloss:  2.99383  [38;2;180;60;0mgrad_norm:  4.5625  [38;2;54;234;195mmemory:  3.86GiB(4.88%)  [34mtps: 110  [36mtflops: 0.39  [35mmfu: 0.04%[39m
[titan] 2026-09-15 08:46:49,699 - torchtitan.observability.metrics - INFO - [31mstep: 79  [32mloss:  2.99383  [38;2;180;60;0mgrad_norm:  4.5625  [38;2;54;234;195mmemory:  3.86GiB(4.88%)  [34mtps: 110  [36mtflops: 0.39  [35mmfu: 0.04%[39m
[titan] 2026-09-15 08:46:49,720 - torchtitan.observability.metrics - INFO - [31mstep: 79  [32mloss:  2.99383  [38;2;180;60;0mgrad_norm:  4.5625  [38;2;54;234;195mmemory:  3.86GiB(4.88%)  [34mtps: 110  [36mtflops: 0.39  [35mmfu: 0.04%[39m
[titan] 2026-09-15 08:46:49,720 - torchtitan.observability.metrics - INFO - [31mstep: 79  [32mloss:  2.99383  [38;2;180;60;0mgrad_norm:  4.5625  [38;2;54;234;195mmemory:  3.86GiB(4.88%)  [34mtps: 110  [36mtflops: 0.39  [35mmfu: 0.04%[39m
[titan] 2026-09-15 08:46:50,849 - torchtitan.observability.metrics - INFO - [31mstep: 80  [32mloss:  2.77064  [38;2;180;60;0mgrad_norm:  4.3125  [38;2;54;234;195mmemory:  3.86GiB(4.88%)  [34mtps: 111  [36mtflops: 0.39  [35mmfu: 0.04%[39m
[titan] 2026-09-15 08:46:50,849 - torchtitan.observability.metrics - INFO - [31mstep: 80  [32mloss:  2.77064  [38;2;180;60;0mgrad_norm:  4.3125  [38;2;54;234;195mmemory:  3.86GiB(4.88%)  [34mtps: 111  [36mtflops: 0.39  [35mmfu: 0.04%[39m
[titan] 2026-09-15 08:46:50,869 - torchtitan.observability.metrics - INFO - [31mstep: 80  [32mloss:  2.77064  [38;2;180;60;0mgrad_norm:  4.3125  [38;2;54;234;195mmemory:  3.86GiB(4.88%)  [34mtps: 111  [36mtflops: 0.39  [35mmfu: 0.04%[39m
[titan] 2026-09-15 08:46:50,869 - torchtitan.observability.metrics - INFO - [31mstep: 80  [32mloss:  2.77064  [38;2;180;60;0mgrad_norm:  4.3125  [38;2;54;234;195mmemory:  3.86GiB(4.88%)  [34mtps: 111  [36mtflops: 0.39  [35mmfu: 0.04%[39m
[titan] 2026-09-15 08:46:51,996 - torchtitan.observability.metrics - INFO - [31mstep: 81  [32mloss:  0.60348  [38;2;180;60;0mgrad_norm:  2.0000  [38;2;54;234;195mmemory:  3.86GiB(4.88%)  [34mtps: 112  [36mtflops: 0.39  [35mmfu: 0.04%[39m
[titan] 2026-09-15 08:46:51,996 - torchtitan.observability.metrics - INFO - [31mstep: 81  [32mloss:  0.60348  [38;2;180;60;0mgrad_norm:  2.0000  [38;2;54;234;195mmemory:  3.86GiB(4.88%)  [34mtps: 112  [36mtflops: 0.39  [35mmfu: 0.04%[39m
[titan] 2026-09-15 08:46:52,016 - torchtitan.observability.metrics - INFO - [31mstep: 81  [32mloss:  0.60348  [38;2;180;60;0mgrad_norm:  2.0000  [38;2;54;234;195mmemory:  3.86GiB(4.88%)  [34mtps: 112  [36mtflops: 0.39  [35mmfu: 0.04%[39m
[titan] 2026-09-15 08:46:52,016 - torchtitan.observability.metrics - INFO - [31mstep: 81  [32mloss:  0.60348  [38;2;180;60;0mgrad_norm:  2.0000  [38;2;54;234;195mmemory:  3.86GiB(4.88%)  [34mtps: 112  [36mtflops: 0.39  [35mmfu: 0.04%[39m
[titan] 2026-09-15 08:46:53,149 - torchtitan.observability.metrics - INFO - [31mstep: 82  [32mloss:  2.41534  [38;2;180;60;0mgrad_norm:  3.0469  [38;2;54;234;195mmemory:  3.86GiB(4.88%)  [34mtps: 111  [36mtflops: 0.39  [35mmfu: 0.04%[39m
[titan] 2026-09-15 08:46:53,149 - torchtitan.observability.metrics - INFO - [31mstep: 82  [32mloss:  2.41534  [38;2;180;60;0mgrad_norm:  3.0469  [38;2;54;234;195mmemory:  3.86GiB(4.88%)  [34mtps: 111  [36mtflops: 0.39  [35mmfu: 0.04%[39m
[titan] 2026-09-15 08:46:53,169 - torchtitan.observability.metrics - INFO - [31mstep: 82  [32mloss:  2.41534  [38;2;180;60;0mgrad_norm:  3.0469  [38;2;54;234;195mmemory:  3.86GiB(4.88%)  [34mtps: 111  [36mtflops: 0.39  [35mmfu: 0.04%[39m
[titan] 2026-09-15 08:46:53,169 - torchtitan.observability.metrics - INFO - [31mstep: 82  [32mloss:  2.41534  [38;2;180;60;0mgrad_norm:  3.0469  [38;2;54;234;195mmemory:  3.86GiB(4.88%)  [34mtps: 111  [36mtflops: 0.39  [35mmfu: 0.04%[39m
[titan] 2026-09-15 08:46:54,298 - torchtitan.observability.metrics - INFO - [31mstep: 83  [32mloss:  1.40844  [38;2;180;60;0mgrad_norm:  3.2188  [38;2;54;234;195mmemory:  3.86GiB(4.88%)  [34mtps: 111  [36mtflops: 0.39  [35mmfu: 0.04%[39m
[titan] 2026-09-15 08:46:54,298 - torchtitan.observability.metrics - INFO - [31mstep: 83  [32mloss:  1.40844  [38;2;180;60;0mgrad_norm:  3.2188  [38;2;54;234;195mmemory:  3.86GiB(4.88%)  [34mtps: 111  [36mtflops: 0.39  [35mmfu: 0.04%[39m
[titan] 2026-09-15 08:46:54,318 - torchtitan.observability.metrics - INFO - [31mstep: 83  [32mloss:  1.40844  [38;2;180;60;0mgrad_norm:  3.2188  [38;2;54;234;195mmemory:  3.86GiB(4.88%)  [34mtps: 111  [36mtflops: 0.39  [35mmfu: 0.04%[39m
[titan] 2026-09-15 08:46:54,318 - torchtitan.observability.metrics - INFO - [31mstep: 83  [32mloss:  1.40844  [38;2;180;60;0mgrad_norm:  3.2188  [38;2;54;234;195mmemory:  3.86GiB(4.88%)  [34mtps: 111  [36mtflops: 0.39  [35mmfu: 0.04%[39m
[titan] 2026-09-15 08:46:55,451 - torchtitan.observability.metrics - INFO - [31mstep: 84  [32mloss:  2.12826  [38;2;180;60;0mgrad_norm:  4.8438  [38;2;54;234;195mmemory:  3.86GiB(4.88%)  [34mtps: 111  [36mtflops: 0.39  [35mmfu: 0.04%[39m
[titan] 2026-09-15 08:46:55,451 - torchtitan.observability.metrics - INFO - [31mstep: 84  [32mloss:  2.12826  [38;2;180;60;0mgrad_norm:  4.8438  [38;2;54;234;195mmemory:  3.86GiB(4.88%)  [34mtps: 111  [36mtflops: 0.39  [35mmfu: 0.04%[39m
[titan] 2026-09-15 08:46:55,472 - torchtitan.observability.metrics - INFO - [31mstep: 84  [32mloss:  2.12826  [38;2;180;60;0mgrad_norm:  4.8438  [38;2;54;234;195mmemory:  3.86GiB(4.88%)  [34mtps: 111  [36mtflops: 0.39  [35mmfu: 0.04%[39m
[titan] 2026-09-15 08:46:55,472 - torchtitan.observability.metrics - INFO - [31mstep: 84  [32mloss:  2.12826  [38;2;180;60;0mgrad_norm:  4.8438  [38;2;54;234;195mmemory:  3.86GiB(4.88%)  [34mtps: 111  [36mtflops: 0.39  [35mmfu: 0.04%[39m
[titan] 2026-09-15 08:46:56,619 - torchtitan.observability.metrics - INFO - [31mstep: 85  [32mloss:  1.53834  [38;2;180;60;0mgrad_norm:  4.1875  [38;2;54;234;195mmemory:  3.86GiB(4.88%)  [34mtps: 110  [36mtflops: 0.38  [35mmfu: 0.04%[39m
[titan] 2026-09-15 08:46:56,619 - torchtitan.observability.metrics - INFO - [31mstep: 85  [32mloss:  1.53834  [38;2;180;60;0mgrad_norm:  4.1875  [38;2;54;234;195mmemory:  3.86GiB(4.88%)  [34mtps: 110  [36mtflops: 0.38  [35mmfu: 0.04%[39m
[titan] 2026-09-15 08:46:56,639 - torchtitan.observability.metrics - INFO - [31mstep: 85  [32mloss:  1.53834  [38;2;180;60;0mgrad_norm:  4.1875  [38;2;54;234;195mmemory:  3.86GiB(4.88%)  [34mtps: 110  [36mtflops: 0.38  [35mmfu: 0.04%[39m
[titan] 2026-09-15 08:46:56,640 - torchtitan.observability.metrics - INFO - [31mstep: 85  [32mloss:  1.53834  [38;2;180;60;0mgrad_norm:  4.1875  [38;2;54;234;195mmemory:  3.86GiB(4.88%)  [34mtps: 110  [36mtflops: 0.38  [35mmfu: 0.04%[39m
[titan] 2026-09-15 08:46:57,771 - torchtitan.observability.metrics - INFO - [31mstep: 86  [32mloss:  1.19191  [38;2;180;60;0mgrad_norm:  2.6875  [38;2;54;234;195mmemory:  3.86GiB(4.88%)  [34mtps: 111  [36mtflops: 0.39  [35mmfu: 0.04%[39m
[titan] 2026-09-15 08:46:57,771 - torchtitan.observability.metrics - INFO - [31mstep: 86  [32mloss:  1.19191  [38;2;180;60;0mgrad_norm:  2.6875  [38;2;54;234;195mmemory:  3.86GiB(4.88%)  [34mtps: 111  [36mtflops: 0.39  [35mmfu: 0.04%[39m
[titan] 2026-09-15 08:46:57,792 - torchtitan.observability.metrics - INFO - [31mstep: 86  [32mloss:  1.19191  [38;2;180;60;0mgrad_norm:  2.6875  [38;2;54;234;195mmemory:  3.86GiB(4.88%)  [34mtps: 111  [36mtflops: 0.39  [35mmfu: 0.04%[39m
[titan] 2026-09-15 08:46:57,792 - torchtitan.observability.metrics - INFO - [31mstep: 86  [32mloss:  1.19191  [38;2;180;60;0mgrad_norm:  2.6875  [38;2;54;234;195mmemory:  3.86GiB(4.88%)  [34mtps: 111  [36mtflops: 0.39  [35mmfu: 0.04%[39m
[titan] 2026-09-15 08:46:58,921 - torchtitan.observability.metrics - INFO - [31mstep: 87  [32mloss:  1.78657  [38;2;180;60;0mgrad_norm:  2.4688  [38;2;54;234;195mmemory:  3.86GiB(4.88%)  [34mtps: 111  [36mtflops: 0.39  [35mmfu: 0.04%[39m
[titan] 2026-09-15 08:46:58,921 - torchtitan.observability.metrics - INFO - [31mstep: 87  [32mloss:  1.78657  [38;2;180;60;0mgrad_norm:  2.4688  [38;2;54;234;195mmemory:  3.86GiB(4.88%)  [34mtps: 111  [36mtflops: 0.39  [35mmfu: 0.04%[39m
[titan] 2026-09-15 08:46:58,941 - torchtitan.observability.metrics - INFO - [31mstep: 87  [32mloss:  1.78657  [38;2;180;60;0mgrad_norm:  2.4688  [38;2;54;234;195mmemory:  3.86GiB(4.88%)  [34mtps: 111  [36mtflops: 0.39  [35mmfu: 0.04%[39m
[titan] 2026-09-15 08:46:58,941 - torchtitan.observability.metrics - INFO - [31mstep: 87  [32mloss:  1.78657  [38;2;180;60;0mgrad_norm:  2.4688  [38;2;54;234;195mmemory:  3.86GiB(4.88%)  [34mtps: 111  [36mtflops: 0.39  [35mmfu: 0.04%[39m
[titan] 2026-09-15 08:47:00,071 - torchtitan.observability.metrics - INFO - [31mstep: 88  [32mloss:  0.99661  [38;2;180;60;0mgrad_norm:  3.1719  [38;2;54;234;195mmemory:  3.86GiB(4.88%)  [34mtps: 111  [36mtflops: 0.39  [35mmfu: 0.04%[39m
[titan] 2026-09-15 08:47:00,071 - torchtitan.observability.metrics - INFO - [31mstep: 88  [32mloss:  0.99661  [38;2;180;60;0mgrad_norm:  3.1719  [38;2;54;234;195mmemory:  3.86GiB(4.88%)  [34mtps: 111  [36mtflops: 0.39  [35mmfu: 0.04%[39m
[titan] 2026-09-15 08:47:00,091 - torchtitan.observability.metrics - INFO - [31mstep: 88  [32mloss:  0.99661  [38;2;180;60;0mgrad_norm:  3.1719  [38;2;54;234;195mmemory:  3.86GiB(4.88%)  [34mtps: 111  [36mtflops: 0.39  [35mmfu: 0.04%[39m
[titan] 2026-09-15 08:47:00,092 - torchtitan.observability.metrics - INFO - [31mstep: 88  [32mloss:  0.99661  [38;2;180;60;0mgrad_norm:  3.1719  [38;2;54;234;195mmemory:  3.86GiB(4.88%)  [34mtps: 111  [36mtflops: 0.39  [35mmfu: 0.04%[39m
[titan] 2026-09-15 08:47:01,220 - torchtitan.observability.metrics - INFO - [31mstep: 89  [32mloss:  1.11667  [38;2;180;60;0mgrad_norm:  3.0000  [38;2;54;234;195mmemory:  3.86GiB(4.88%)  [34mtps: 111  [36mtflops: 0.39  [35mmfu: 0.04%[39m
[titan] 2026-09-15 08:47:01,220 - torchtitan.observability.metrics - INFO - [31mstep: 89  [32mloss:  1.11667  [38;2;180;60;0mgrad_norm:  3.0000  [38;2;54;234;195mmemory:  3.86GiB(4.88%)  [34mtps: 111  [36mtflops: 0.39  [35mmfu: 0.04%[39m
[titan] 2026-09-15 08:47:01,240 - torchtitan.observability.metrics - INFO - [31mstep: 89  [32mloss:  1.11667  [38;2;180;60;0mgrad_norm:  3.0000  [38;2;54;234;195mmemory:  3.86GiB(4.88%)  [34mtps: 111  [36mtflops: 0.39  [35mmfu: 0.04%[39m
[titan] 2026-09-15 08:47:01,240 - torchtitan.observability.metrics - INFO - [31mstep: 89  [32mloss:  1.11667  [38;2;180;60;0mgrad_norm:  3.0000  [38;2;54;234;195mmemory:  3.86GiB(4.88%)  [34mtps: 111  [36mtflops: 0.39  [35mmfu: 0.04%[39m
[titan] 2026-09-15 08:47:02,373 - torchtitan.observability.metrics - INFO - [31mstep: 90  [32mloss:  0.82140  [38;2;180;60;0mgrad_norm:  1.6016  [38;2;54;234;195mmemory:  3.86GiB(4.88%)  [34mtps: 111  [36mtflops: 0.39  [35mmfu: 0.04%[39m
[titan] 2026-09-15 08:47:02,373 - torchtitan.observability.metrics - INFO - [31mstep: 90  [32mloss:  0.82140  [38;2;180;60;0mgrad_norm:  1.6016  [38;2;54;234;195mmemory:  3.86GiB(4.88%)  [34mtps: 111  [36mtflops: 0.39  [35mmfu: 0.04%[39m
[titan] 2026-09-15 08:47:02,393 - torchtitan.observability.metrics - INFO - [31mstep: 90  [32mloss:  0.82140  [38;2;180;60;0mgrad_norm:  1.6016  [38;2;54;234;195mmemory:  3.86GiB(4.88%)  [34mtps: 111  [36mtflops: 0.39  [35mmfu: 0.04%[39m
[titan] 2026-09-15 08:47:02,394 - torchtitan.observability.metrics - INFO - [31mstep: 90  [32mloss:  0.82140  [38;2;180;60;0mgrad_norm:  1.6016  [38;2;54;234;195mmemory:  3.86GiB(4.88%)  [34mtps: 111  [36mtflops: 0.39  [35mmfu: 0.04%[39m
[titan] 2026-09-15 08:47:03,532 - torchtitan.observability.metrics - INFO - [31mstep: 91  [32mloss:  1.42933  [38;2;180;60;0mgrad_norm:  3.1406  [38;2;54;234;195mmemory:  3.86GiB(4.88%)  [34mtps: 111  [36mtflops: 0.39  [35mmfu: 0.04%[39m
[titan] 2026-09-15 08:47:03,532 - torchtitan.observability.metrics - INFO - [31mstep: 91  [32mloss:  1.42933  [38;2;180;60;0mgrad_norm:  3.1406  [38;2;54;234;195mmemory:  3.86GiB(4.88%)  [34mtps: 111  [36mtflops: 0.39  [35mmfu: 0.04%[39m
[titan] 2026-09-15 08:47:03,552 - torchtitan.observability.metrics - INFO - [31mstep: 91  [32mloss:  1.42933  [38;2;180;60;0mgrad_norm:  3.1406  [38;2;54;234;195mmemory:  3.86GiB(4.88%)  [34mtps: 111  [36mtflops: 0.39  [35mmfu: 0.04%[39m
[titan] 2026-09-15 08:47:03,552 - torchtitan.observability.metrics - INFO - [31mstep: 91  [32mloss:  1.42933  [38;2;180;60;0mgrad_norm:  3.1406  [38;2;54;234;195mmemory:  3.86GiB(4.88%)  [34mtps: 111  [36mtflops: 0.39  [35mmfu: 0.04%[39m
[titan] 2026-09-15 08:47:04,688 - torchtitan.observability.metrics - INFO - [31mstep: 92  [32mloss:  0.64473  [38;2;180;60;0mgrad_norm:  1.3125  [38;2;54;234;195mmemory:  3.86GiB(4.88%)  [34mtps: 111  [36mtflops: 0.39  [35mmfu: 0.04%[39m
[titan] 2026-09-15 08:47:04,688 - torchtitan.observability.metrics - INFO - [31mstep: 92  [32mloss:  0.64473  [38;2;180;60;0mgrad_norm:  1.3125  [38;2;54;234;195mmemory:  3.86GiB(4.88%)  [34mtps: 111  [36mtflops: 0.39  [35mmfu: 0.04%[39m
[titan] 2026-09-15 08:47:04,708 - torchtitan.observability.metrics - INFO - [31mstep: 92  [32mloss:  0.64473  [38;2;180;60;0mgrad_norm:  1.3125  [38;2;54;234;195mmemory:  3.86GiB(4.88%)  [34mtps: 111  [36mtflops: 0.39  [35mmfu: 0.04%[39m
[titan] 2026-09-15 08:47:04,708 - torchtitan.observability.metrics - INFO - [31mstep: 92  [32mloss:  0.64473  [38;2;180;60;0mgrad_norm:  1.3125  [38;2;54;234;195mmemory:  3.86GiB(4.88%)  [34mtps: 111  [36mtflops: 0.39  [35mmfu: 0.04%[39m
[titan] 2026-09-15 08:47:05,841 - torchtitan.observability.metrics - INFO - [31mstep: 93  [32mloss:  1.65180  [38;2;180;60;0mgrad_norm:  3.5781  [38;2;54;234;195mmemory:  3.86GiB(4.88%)  [34mtps: 111  [36mtflops: 0.39  [35mmfu: 0.04%[39m
[titan] 2026-09-15 08:47:05,841 - torchtitan.observability.metrics - INFO - [31mstep: 93  [32mloss:  1.65180  [38;2;180;60;0mgrad_norm:  3.5781  [38;2;54;234;195mmemory:  3.86GiB(4.88%)  [34mtps: 111  [36mtflops: 0.39  [35mmfu: 0.04%[39m
[titan] 2026-09-15 08:47:05,861 - torchtitan.observability.metrics - INFO - [31mstep: 93  [32mloss:  1.65180  [38;2;180;60;0mgrad_norm:  3.5781  [38;2;54;234;195mmemory:  3.86GiB(4.88%)  [34mtps: 111  [36mtflops: 0.39  [35mmfu: 0.04%[39m
[titan] 2026-09-15 08:47:05,862 - torchtitan.observability.metrics - INFO - [31mstep: 93  [32mloss:  1.65180  [38;2;180;60;0mgrad_norm:  3.5781  [38;2;54;234;195mmemory:  3.86GiB(4.88%)  [34mtps: 111  [36mtflops: 0.39  [35mmfu: 0.04%[39m
[titan] 2026-09-15 08:47:06,996 - torchtitan.observability.metrics - INFO - [31mstep: 94  [32mloss:  1.16951  [38;2;180;60;0mgrad_norm:  3.1094  [38;2;54;234;195mmemory:  3.86GiB(4.88%)  [34mtps: 111  [36mtflops: 0.39  [35mmfu: 0.04%[39m
[titan] 2026-09-15 08:47:06,996 - torchtitan.observability.metrics - INFO - [31mstep: 94  [32mloss:  1.16951  [38;2;180;60;0mgrad_norm:  3.1094  [38;2;54;234;195mmemory:  3.86GiB(4.88%)  [34mtps: 111  [36mtflops: 0.39  [35mmfu: 0.04%[39m
[titan] 2026-09-15 08:47:07,017 - torchtitan.observability.metrics - INFO - [31mstep: 94  [32mloss:  1.16951  [38;2;180;60;0mgrad_norm:  3.1094  [38;2;54;234;195mmemory:  3.86GiB(4.88%)  [34mtps: 111  [36mtflops: 0.39  [35mmfu: 0.04%[39m
[titan] 2026-09-15 08:47:07,017 - torchtitan.observability.metrics - INFO - [31mstep: 94  [32mloss:  1.16951  [38;2;180;60;0mgrad_norm:  3.1094  [38;2;54;234;195mmemory:  3.86GiB(4.88%)  [34mtps: 111  [36mtflops: 0.39  [35mmfu: 0.04%[39m
[titan] 2026-09-15 08:47:08,145 - torchtitan.observability.metrics - INFO - [31mstep: 95  [32mloss:  0.71171  [38;2;180;60;0mgrad_norm:  2.4375  [38;2;54;234;195mmemory:  3.86GiB(4.88%)  [34mtps: 114  [36mtflops: 0.40  [35mmfu: 0.04%[39m
[titan] 2026-09-15 08:47:08,145 - torchtitan.observability.metrics - INFO - [31mstep: 95  [32mloss:  0.71171  [38;2;180;60;0mgrad_norm:  2.4375  [38;2;54;234;195mmemory:  3.86GiB(4.88%)  [34mtps: 114  [36mtflops: 0.40  [35mmfu: 0.04%[39m
[titan] 2026-09-15 08:47:08,165 - torchtitan.observability.metrics - INFO - [31mstep: 95  [32mloss:  0.71171  [38;2;180;60;0mgrad_norm:  2.4375  [38;2;54;234;195mmemory:  3.86GiB(4.88%)  [34mtps: 110  [36mtflops: 0.38  [35mmfu: 0.04%[39m
[titan] 2026-09-15 08:47:08,165 - torchtitan.observability.metrics - INFO - [31mstep: 95  [32mloss:  0.71171  [38;2;180;60;0mgrad_norm:  2.4375  [38;2;54;234;195mmemory:  3.86GiB(4.88%)  [34mtps: 109  [36mtflops: 0.38  [35mmfu: 0.04%[39m
[titan] 2026-09-15 08:47:09,284 - torchtitan.observability.metrics - INFO - [31mstep: 96  [32mloss:  1.45097  [38;2;180;60;0mgrad_norm:  3.4375  [38;2;54;234;195mmemory:  3.86GiB(4.88%)  [34mtps: 112  [36mtflops: 0.39  [35mmfu: 0.04%[39m
[titan] 2026-09-15 08:47:09,284 - torchtitan.observability.metrics - INFO - [31mstep: 96  [32mloss:  1.45097  [38;2;180;60;0mgrad_norm:  3.4375  [38;2;54;234;195mmemory:  3.86GiB(4.88%)  [34mtps: 112  [36mtflops: 0.39  [35mmfu: 0.04%[39m
[titan] 2026-09-15 08:47:09,303 - torchtitan.observability.metrics - INFO - [31mstep: 96  [32mloss:  1.45097  [38;2;180;60;0mgrad_norm:  3.4375  [38;2;54;234;195mmemory:  3.86GiB(4.88%)  [34mtps: 112  [36mtflops: 0.39  [35mmfu: 0.04%[39m
[titan] 2026-09-15 08:47:09,303 - torchtitan.observability.metrics - INFO - [31mstep: 96  [32mloss:  1.45097  [38;2;180;60;0mgrad_norm:  3.4375  [38;2;54;234;195mmemory:  3.86GiB(4.88%)  [34mtps: 112  [36mtflops: 0.39  [35mmfu: 0.04%[39m
[titan] 2026-09-15 08:47:10,419 - torchtitan.observability.metrics - INFO - [31mstep: 97  [32mloss:  2.31692  [38;2;180;60;0mgrad_norm:  5.5312  [38;2;54;234;195mmemory:  3.86GiB(4.88%)  [34mtps: 113  [36mtflops: 0.39  [35mmfu: 0.04%[39m
[titan] 2026-09-15 08:47:10,419 - torchtitan.observability.metrics - INFO - [31mstep: 97  [32mloss:  2.31692  [38;2;180;60;0mgrad_norm:  5.5312  [38;2;54;234;195mmemory:  3.86GiB(4.88%)  [34mtps: 113  [36mtflops: 0.39  [35mmfu: 0.04%[39m
[titan] 2026-09-15 08:47:10,439 - torchtitan.observability.metrics - INFO - [31mstep: 97  [32mloss:  2.31692  [38;2;180;60;0mgrad_norm:  5.5312  [38;2;54;234;195mmemory:  3.86GiB(4.88%)  [34mtps: 113  [36mtflops: 0.39  [35mmfu: 0.04%[39m
[titan] 2026-09-15 08:47:10,439 - torchtitan.observability.metrics - INFO - [31mstep: 97  [32mloss:  2.31692  [38;2;180;60;0mgrad_norm:  5.5312  [38;2;54;234;195mmemory:  3.86GiB(4.88%)  [34mtps: 113  [36mtflops: 0.39  [35mmfu: 0.04%[39m
[titan] 2026-09-15 08:47:11,563 - torchtitan.observability.metrics - INFO - [31mstep: 98  [32mloss:  1.77605  [38;2;180;60;0mgrad_norm:  3.8125  [38;2;54;234;195mmemory:  3.86GiB(4.88%)  [34mtps: 112  [36mtflops: 0.39  [35mmfu: 0.04%[39m
[titan] 2026-09-15 08:47:11,564 - torchtitan.observability.metrics - INFO - [31mstep: 98  [32mloss:  1.77605  [38;2;180;60;0mgrad_norm:  3.8125  [38;2;54;234;195mmemory:  3.86GiB(4.88%)  [34mtps: 112  [36mtflops: 0.39  [35mmfu: 0.04%[39m
[titan] 2026-09-15 08:47:11,580 - torchtitan.observability.metrics - INFO - [31mstep: 98  [32mloss:  1.77605  [38;2;180;60;0mgrad_norm:  3.8125  [38;2;54;234;195mmemory:  3.86GiB(4.88%)  [34mtps: 112  [36mtflops: 0.39  [35mmfu: 0.04%[39m
[titan] 2026-09-15 08:47:11,580 - torchtitan.observability.metrics - INFO - [31mstep: 98  [32mloss:  1.77605  [38;2;180;60;0mgrad_norm:  3.8125  [38;2;54;234;195mmemory:  3.86GiB(4.88%)  [34mtps: 112  [36mtflops: 0.39  [35mmfu: 0.04%[39m
[titan] 2026-09-15 08:47:12,697 - torchtitan.observability.metrics - INFO - [31mstep: 99  [32mloss:  1.00105  [38;2;180;60;0mgrad_norm:  2.6406  [38;2;54;234;195mmemory:  3.86GiB(4.88%)  [34mtps: 113  [36mtflops: 0.39  [35mmfu: 0.04%[39m
[titan] 2026-09-15 08:47:12,697 - torchtitan.observability.metrics - INFO - [31mstep: 99  [32mloss:  1.00105  [38;2;180;60;0mgrad_norm:  2.6406  [38;2;54;234;195mmemory:  3.86GiB(4.88%)  [34mtps: 113  [36mtflops: 0.39  [35mmfu: 0.04%[39m
[titan] 2026-09-15 08:47:12,716 - torchtitan.observability.metrics - INFO - [31mstep: 99  [32mloss:  1.00105  [38;2;180;60;0mgrad_norm:  2.6406  [38;2;54;234;195mmemory:  3.86GiB(4.88%)  [34mtps: 113  [36mtflops: 0.39  [35mmfu: 0.04%[39m
[titan] 2026-09-15 08:47:12,716 - torchtitan.observability.metrics - INFO - [31mstep: 99  [32mloss:  1.00105  [38;2;180;60;0mgrad_norm:  2.6406  [38;2;54;234;195mmemory:  3.86GiB(4.88%)  [34mtps: 113  [36mtflops: 0.39  [35mmfu: 0.04%[39m
[titan] 2026-09-15 08:47:12,832 - torchtitan.tools.utils - INFO - [GC] Performing periodic GC collection took 0.13 seconds
[titan] 2026-09-15 08:47:12,834 - torchtitan.tools.utils - INFO - [GC] Performing periodic GC collection took 0.13 seconds
[titan] 2026-09-15 08:47:12,887 - torchtitan.tools.utils - INFO - [GC] Performing periodic GC collection took 0.16 seconds
[titan] 2026-09-15 08:47:12,888 - torchtitan.tools.utils - INFO - [GC] Performing periodic GC collection took 0.17 seconds
[titan] 2026-09-15 08:47:14,014 - torchtitan.observability.metrics - INFO - [31mstep: 100  [32mloss:  0.96263  [38;2;180;60;0mgrad_norm:  2.6719  [38;2;54;234;195mmemory:  3.86GiB(4.88%)  [34mtps: 97  [36mtflops: 0.34  [35mmfu: 0.03%[39m
[titan] 2026-09-15 08:47:14,014 - torchtitan.observability.metrics - INFO - [31mstep: 100  [32mloss:  0.96263  [38;2;180;60;0mgrad_norm:  2.6719  [38;2;54;234;195mmemory:  3.86GiB(4.88%)  [34mtps: 97  [36mtflops: 0.34  [35mmfu: 0.03%[39m
[titan] 2026-09-15 08:47:14,018 - torchtitan.components.checkpointer.dcp - INFO - Saving the checkpoint.
[titan] 2026-09-15 08:47:14,018 - torchtitan.components.checkpointer.dcp - INFO - Saving a full checkpoint at last step, step 100.
[titan] 2026-09-15 08:47:14,018 - torchtitan.components.checkpointer.dcp - INFO - Saving the checkpoint.
[titan] 2026-09-15 08:47:14,018 - torchtitan.components.checkpointer.dcp - INFO - Saving a full checkpoint at last step, step 100.
[titan] 2026-09-15 08:47:14,033 - torchtitan.observability.metrics - INFO - [31mstep: 100  [32mloss:  0.96263  [38;2;180;60;0mgrad_norm:  2.6719  [38;2;54;234;195mmemory:  3.86GiB(4.88%)  [34mtps: 97  [36mtflops: 0.34  [35mmfu: 0.03%[39m
[titan] 2026-09-15 08:47:14,033 - torchtitan.observability.metrics - INFO - [31mstep: 100  [32mloss:  0.96263  [38;2;180;60;0mgrad_norm:  2.6719  [38;2;54;234;195mmemory:  3.86GiB(4.88%)  [34mtps: 97  [36mtflops: 0.34  [35mmfu: 0.03%[39m
[titan] 2026-09-15 08:47:14,039 - torchtitan.components.checkpointer.dcp - INFO - Saving the checkpoint.
[titan] 2026-09-15 08:47:14,039 - torchtitan.components.checkpointer.dcp - INFO - Saving a full checkpoint at last step, step 100.
[titan] 2026-09-15 08:47:14,038 - torchtitan.components.checkpointer.dcp - INFO - Saving the checkpoint.
[titan] 2026-09-15 08:47:14,039 - torchtitan.components.checkpointer.dcp - INFO - Saving a full checkpoint at last step, step 100.
[titan] 2026-09-15 08:47:20,229 - torchtitan.tools.utils - INFO - [GC] GC collection invoked by checkpointer. took 0.04 seconds
[titan] 2026-09-15 08:47:20,240 - torchtitan.components.checkpointer.dcp - INFO - Last step checkpoint completed in 6.20s
[titan] 2026-09-15 08:47:20,240 - torchtitan.trainer - INFO - Sleeping 2 seconds for other ranks to complete
[titan] 2026-09-15 08:47:20,277 - torchtitan.tools.utils - INFO - [GC] GC collection invoked by checkpointer. took 0.05 seconds
[titan] 2026-09-15 08:47:20,283 - torchtitan.components.checkpointer.dcp - INFO - Last step checkpoint completed in 6.27s
[titan] 2026-09-15 08:47:20,284 - torchtitan.trainer - INFO - Training completed
[titan] 2026-09-15 08:47:20,285 - torchtitan.components.checkpointer.base - INFO - Destroying the purge thread.
[titan] 2026-09-15 08:47:20,317 - torchtitan.tools.utils - INFO - [GC] GC collection invoked by checkpointer. took 0.08 seconds
[titan] 2026-09-15 08:47:20,323 - torchtitan.components.checkpointer.dcp - INFO - Last step checkpoint completed in 6.28s
[titan] 2026-09-15 08:47:20,324 - torchtitan.trainer - INFO - Training completed
[titan] 2026-09-15 08:47:20,325 - torchtitan.components.checkpointer.base - INFO - Destroying the purge thread.
[titan] 2026-09-15 08:47:20,326 - torchtitan.tools.utils - INFO - [GC] GC collection invoked by checkpointer. took 0.09 seconds
[titan] 2026-09-15 08:47:20,332 - torchtitan.components.checkpointer.dcp - INFO - Last step checkpoint completed in 6.31s
[titan] 2026-09-15 08:47:20,333 - torchtitan.trainer - INFO - Training completed
[titan] 2026-09-15 08:47:20,333 - torchtitan.components.checkpointer.base - INFO - Destroying the purge thread.
[titan] 2026-09-15 08:47:22,241 - torchtitan.trainer - INFO - Training completed
[titan] 2026-09-15 08:47:22,241 - torchtitan.components.checkpointer.base - INFO - Destroying the purge thread.
[titan] 2026-09-15 08:47:24,361 - __main__ - INFO - Process group destroyed
[titan] 2026-09-15 08:47:24,373 - __main__ - INFO - Process group destroyed
[titan] 2026-09-15 08:47:24,618 - __main__ - INFO - Process group destroyed
[titan] 2026-09-15 08:47:24,643 - __main__ - INFO - Process group destroyed
