W0913 09:10:50.835000 37497 torch/distributed/run.py:982] 
W0913 09:10:50.835000 37497 torch/distributed/run.py:982] *****************************************
W0913 09:10:50.835000 37497 torch/distributed/run.py:982] Setting OMP_NUM_THREADS environment variable for each process to be 1 in default, to avoid your system being overloaded, please further tune the variable for optimal performance in your application as needed. 
W0913 09:10:50.835000 37497 torch/distributed/run.py:982] *****************************************
WARNING:absl:Failed to load jax profiler: No module named 'jax'
WARNING:absl:Failed to load jax profiler: No module named 'jax'
WARNING:absl:Failed to load jax profiler: No module named 'jax'
WARNING:absl:Failed to load jax profiler: No module named 'jax'
[titan] 2026-09-13 09:10:55,711 - root - INFO - torchtitan version: 0.0.0+unknown (0.0.0 means __version__ is not defined correctly).
[titan] 2026-09-13 09:10:55,811 - root - INFO - torchtitan version: 0.0.0+unknown (0.0.0 means __version__ is not defined correctly).
[titan] 2026-09-13 09:10:55,813 - root - INFO - torchtitan version: 0.0.0+unknown (0.0.0 means __version__ is not defined correctly).
[titan] 2026-09-13 09:10:55,838 - root - INFO - torchtitan version: 0.0.0+unknown (0.0.0 means __version__ is not defined correctly).
[titan] 2026-09-13 09:10:56,346 - root - WARNING - initial_load_model_only=True has no effect without an initial_load_path.
[titan] 2026-09-13 09:10:56,419 - root - WARNING - initial_load_model_only=True has no effect without an initial_load_path.
[titan] 2026-09-13 09:10:56,420 - torchtitan.observability.structured_logger.jsonl_handler - INFO - Structured logging -> JSONL: /workspace/out_c4/gn32_c4_d2_pp2/structured_logs/training.global_rank_1.20260913-091056-BJ5CJK.jsonl
[titan] 2026-09-13 09:10:56,444 - root - WARNING - initial_load_model_only=True has no effect without an initial_load_path.
[titan] 2026-09-13 09:10:56,450 - root - WARNING - initial_load_model_only=True has no effect without an initial_load_path.
[titan] 2026-09-13 09:10:56,494 - root - WARNING - initial_load_model_only=True has no effect without an initial_load_path.
[titan] 2026-09-13 09:10:56,516 - root - WARNING - initial_load_model_only=True has no effect without an initial_load_path.
[titan] 2026-09-13 09:10:56,517 - torchtitan.observability.structured_logger.jsonl_handler - INFO - Structured logging -> JSONL: /workspace/out_c4/gn32_c4_d2_pp2/structured_logs/training.global_rank_0.20260913-091056-919OMQ.jsonl
[titan] 2026-09-13 09:10:56,522 - root - WARNING - initial_load_model_only=True has no effect without an initial_load_path.
[titan] 2026-09-13 09:10:56,523 - torchtitan.observability.structured_logger.jsonl_handler - INFO - Structured logging -> JSONL: /workspace/out_c4/gn32_c4_d2_pp2/structured_logs/training.global_rank_3.20260913-091056-4K5QCL.jsonl
[titan] 2026-09-13 09:10:56,567 - root - WARNING - initial_load_model_only=True has no effect without an initial_load_path.
[titan] 2026-09-13 09:10:56,568 - torchtitan.observability.structured_logger.jsonl_handler - INFO - Structured logging -> JSONL: /workspace/out_c4/gn32_c4_d2_pp2/structured_logs/training.global_rank_2.20260913-091056-FI6QMZ.jsonl
[titan] 2026-09-13 09:10:56,738 - root - WARNING - ENV[TORCH_NCCL_ASYNC_ERROR_HANDLING] = 1 will be overridden to 3 based on job config
[titan] 2026-09-13 09:10:56,970 - root - WARNING - ENV[TORCH_NCCL_ASYNC_ERROR_HANDLING] = 1 will be overridden to 3 based on job config
[titan] 2026-09-13 09:10:56,986 - root - WARNING - ENV[TORCH_NCCL_ASYNC_ERROR_HANDLING] = 1 will be overridden to 3 based on job config
[titan] 2026-09-13 09:10:56,986 - root - WARNING - ENV[TORCH_NCCL_ASYNC_ERROR_HANDLING] = 1 will be overridden to 3 based on job config
[titan] 2026-09-13 09:10:57,277 - root - INFO - Building device mesh with parallelism: pp=2, dp_replicate=1, dp_shard=2, cp=1, tp=1, ep=1
[titan] 2026-09-13 09:10:57,277 - root - INFO - Building device mesh with parallelism: pp=2, dp_replicate=1, dp_shard=2, cp=1, tp=1, ep=1
[titan] 2026-09-13 09:10:57,277 - root - INFO - Building device mesh with parallelism: pp=2, dp_replicate=1, dp_shard=2, cp=1, tp=1, ep=1
[titan] 2026-09-13 09:10:57,278 - root - INFO - Building device mesh with parallelism: pp=2, dp_replicate=1, dp_shard=2, cp=1, tp=1, ep=1
[titan] 2026-09-13 09:10:57,891 - root - INFO - Successfully created meshes with active dimensions: ['pp', 'batch', 'loss', 'dp', 'dp_shard']
[titan] 2026-09-13 09:10:57,891 - root - INFO - Successfully created meshes with active dimensions: ['pp', 'batch', 'loss', 'dp', 'dp_shard']
[titan] 2026-09-13 09:10:57,891 - root - INFO - Successfully created meshes with active dimensions: ['pp', 'batch', 'loss', 'dp', 'dp_shard']
[titan] 2026-09-13 09:10:57,891 - root - INFO - Successfully created meshes with active dimensions: ['pp', 'batch', 'loss', 'dp', 'dp_shard']
[titan] 2026-09-13 09:10:57,892 - root - INFO - [GC] Initial GC collection took 0.00 seconds
[titan] 2026-09-13 09:10:57,892 - root - INFO - [GC] Initial GC collection took 0.00 seconds
[titan] 2026-09-13 09:10:57,892 - root - INFO - [GC] Initial GC collection took 0.00 seconds
[titan] 2026-09-13 09:10:57,892 - root - INFO - Deterministic algorithm enabled (expect perf degradation).
[titan] 2026-09-13 09:10:57,892 - root - INFO - Deterministic algorithm enabled (expect perf degradation).
[titan] 2026-09-13 09:10:57,892 - root - INFO - [GC] Initial GC collection took 0.00 seconds
[titan] 2026-09-13 09:10:57,892 - root - INFO - Deterministic algorithm enabled (expect perf degradation).
[titan] 2026-09-13 09:10:57,892 - root - INFO - Deterministic algorithm enabled (expect perf degradation).
[titan] 2026-09-13 09:10:57,909 - root - INFO - Building kimi_k3 debugmodel
[titan] 2026-09-13 09:10:57,909 - root - INFO - Building kimi_k3 debugmodel
[titan] 2026-09-13 09:10:57,910 - root - INFO - Building kimi_k3 debugmodel
[titan] 2026-09-13 09:10:57,912 - root - INFO - Building kimi_k3 debugmodel
[titan] 2026-09-13 09:10:58,057 - root - INFO - CUDA capacity: NVIDIA H100 PCIe with 79.18GiB memory
[titan] 2026-09-13 09:10:58,058 - root - WARNING - Error running lspci: [Errno 2] No such file or directory: 'lspci', fallback to use device_name
[titan] 2026-09-13 09:10:58,059 - root - INFO - CUDA capacity: NVIDIA H100 PCIe with 79.18GiB memory
[titan] 2026-09-13 09:10:58,059 - root - INFO - CUDA capacity: NVIDIA H100 PCIe with 79.18GiB memory
[titan] 2026-09-13 09:10:58,060 - root - WARNING - Error running lspci: [Errno 2] No such file or directory: 'lspci', fallback to use device_name
[titan] 2026-09-13 09:10:58,061 - root - WARNING - Error running lspci: [Errno 2] No such file or directory: 'lspci', fallback to use device_name
[titan] 2026-09-13 09:10:58,062 - root - INFO - CUDA capacity: NVIDIA H100 PCIe with 79.18GiB memory
[titan] 2026-09-13 09:10:58,063 - root - INFO - Total parameter count: 1,119,984,672, active parameters: 535,879,200
[titan] 2026-09-13 09:10:58,063 - root - INFO - [34mModel kimi_k3 debugmodel [31msize: 1,119,984,672 total parameters[39m
[titan] 2026-09-13 09:10:58,063 - root - WARNING - Error running lspci: [Errno 2] No such file or directory: 'lspci', fallback to use device_name
[titan] 2026-09-13 09:10:58,065 - root - INFO - Total parameter count: 1,119,984,672, active parameters: 535,879,200
[titan] 2026-09-13 09:10:58,065 - root - INFO - [34mModel kimi_k3 debugmodel [31msize: 1,119,984,672 total parameters[39m
[titan] 2026-09-13 09:10:58,065 - root - INFO - Total parameter count: 1,119,984,672, active parameters: 535,879,200
[titan] 2026-09-13 09:10:58,066 - root - INFO - [34mModel kimi_k3 debugmodel [31msize: 1,119,984,672 total parameters[39m
[titan] 2026-09-13 09:10:58,068 - root - INFO - Total parameter count: 1,119,984,672, active parameters: 535,879,200
[titan] 2026-09-13 09:10:58,069 - root - INFO - [34mModel kimi_k3 debugmodel [31msize: 1,119,984,672 total parameters[39m
[rank0]:W0913 09:10:58.145000 37566 torch/_logging/_internal.py:1394] Pipeline parallelism is using an eager NCCL communicator. Consider creating its process group with backend="nccl-lazy" so peer communicators are initialized lazily and traffic to different peers can overlap.
[titan] 2026-09-13 09:10:58,146 - root - INFO - PP rank 0 is building stage_idx 0 with modules ['vision_encoder', 'tok_embeddings', 'layers.0', 'layers.1', 'layers.2', 'layers.3', 'layers.4', 'layers.5', 'layers.6', 'layers.7', 'layers.8', 'layers.9', 'layers.10', 'layers.11']
[rank1]:W0913 09:10:58.148000 37567 torch/_logging/_internal.py:1394] Pipeline parallelism is using an eager NCCL communicator. Consider creating its process group with backend="nccl-lazy" so peer communicators are initialized lazily and traffic to different peers can overlap.
[titan] 2026-09-13 09:10:58,149 - root - INFO - PP rank 0 is building stage_idx 0 with modules ['vision_encoder', 'tok_embeddings', 'layers.0', 'layers.1', 'layers.2', 'layers.3', 'layers.4', 'layers.5', 'layers.6', 'layers.7', 'layers.8', 'layers.9', 'layers.10', 'layers.11']
[rank3]:W0913 09:10:58.148000 37569 torch/_logging/_internal.py:1394] Pipeline parallelism is using an eager NCCL communicator. Consider creating its process group with backend="nccl-lazy" so peer communicators are initialized lazily and traffic to different peers can overlap.
[titan] 2026-09-13 09:10:58,149 - root - INFO - PP rank 1 is building stage_idx 1 with modules ['layers.12', 'layers.13', 'layers.14', 'layers.15', 'layers.16', 'layers.17', 'layers.18', 'layers.19', 'layers.20', 'layers.21', 'layers.22', 'layers.23', 'norm', 'lm_head', 'output_res_proj', 'output_res_norm']
[rank2]:W0913 09:10:58.152000 37568 torch/_logging/_internal.py:1394] Pipeline parallelism is using an eager NCCL communicator. Consider creating its process group with backend="nccl-lazy" so peer communicators are initialized lazily and traffic to different peers can overlap.
[titan] 2026-09-13 09:10:58,152 - root - INFO - PP rank 1 is building stage_idx 1 with modules ['layers.12', 'layers.13', 'layers.14', 'layers.15', 'layers.16', 'layers.17', 'layers.18', 'layers.19', 'layers.20', 'layers.21', 'layers.22', 'layers.23', 'norm', 'lm_head', 'output_res_proj', 'output_res_norm']
[titan] 2026-09-13 09:10:58,167 - root - INFO - Applied SelectiveAC activation checkpointing to the model
[titan] 2026-09-13 09:10:58,168 - root - INFO - Applied SelectiveAC activation checkpointing to the model
[titan] 2026-09-13 09:10:58,169 - root - INFO - Applied SelectiveAC activation checkpointing to the model
[titan] 2026-09-13 09:10:58,170 - root - INFO - Applied SelectiveAC activation checkpointing to the model
[titan] 2026-09-13 09:10:58,171 - root - INFO - Applied SelectiveAC activation checkpointing to the model
[titan] 2026-09-13 09:10:58,175 - root - INFO - Applied SelectiveAC activation checkpointing to the model
[titan] 2026-09-13 09:10:58,315 - root - INFO - Applied FSDP to the model
[titan] 2026-09-13 09:10:58,315 - root - INFO - Using pipeline schedule 1F1B with 4 microbatches and 2 stages.
[titan] 2026-09-13 09:10:58,315 - root - INFO - Kimi K3 pipeline: 1 stage(s) on this rank [1], block transport delta with rank store
[titan] 2026-09-13 09:10:58,323 - root - INFO - Applied FSDP to the model
[titan] 2026-09-13 09:10:58,324 - root - INFO - Using pipeline schedule 1F1B with 4 microbatches and 2 stages.
[titan] 2026-09-13 09:10:58,324 - root - INFO - Kimi K3 pipeline: 1 stage(s) on this rank [1], block transport delta with rank store
[titan] 2026-09-13 09:10:58,344 - root - INFO - Applied FSDP to the model
[titan] 2026-09-13 09:10:58,344 - root - INFO - Using pipeline schedule 1F1B with 4 microbatches and 2 stages.
[titan] 2026-09-13 09:10:58,345 - root - INFO - Kimi K3 pipeline: 1 stage(s) on this rank [0], block transport delta with rank store
[titan] 2026-09-13 09:10:58,346 - root - INFO - Applied FSDP to the model
[titan] 2026-09-13 09:10:58,346 - root - INFO - Using pipeline schedule 1F1B with 4 microbatches and 2 stages.
[titan] 2026-09-13 09:10:58,346 - root - INFO - Kimi K3 pipeline: 1 stage(s) on this rank [0], block transport delta with rank store
[titan] 2026-09-13 09:10:58,752 - root - WARNING - [31mPipeline Parallel loss is not visible. Please add [33mrank 2[31m to LOG_RANK environment variable in run_train.sh.[39m
[titan] 2026-09-13 09:10:58,753 - root - WARNING - [31mPipeline Parallel loss is not visible. Please add [33mrank 2[31m to LOG_RANK environment variable in run_train.sh.[39m
[titan] 2026-09-13 09:10:58,754 - root - WARNING - Error running lspci: [Errno 2] No such file or directory: 'lspci', fallback to use device_name
[titan] 2026-09-13 09:10:58,754 - root - INFO - Peak FLOPS used for computing MFU: 7.560e+14
[titan] 2026-09-13 09:10:58,754 - root - WARNING - Error running lspci: [Errno 2] No such file or directory: 'lspci', fallback to use device_name
[titan] 2026-09-13 09:10:58,754 - root - INFO - Peak FLOPS used for computing MFU: 7.560e+14
[titan] 2026-09-13 09:10:58,754 - root - INFO - CUDA memory usage for model: 1.41GiB(1.78%)
[titan] 2026-09-13 09:10:58,754 - root - INFO - CUDA memory usage for model: 1.41GiB(1.78%)
[titan] 2026-09-13 09:10:58,756 - root - INFO - Optimizer AdamW (model_part=0): 346 params [.*] {'fused': True, 'foreach': False, 'lr': 0.0008, 'betas': (0.9, 0.95), 'eps': 1e-08, 'weight_decay': 0.1}
[titan] 2026-09-13 09:10:58,756 - root - INFO - Optimizer AdamW (model_part=0): 346 params [.*] {'fused': True, 'foreach': False, 'lr': 0.0008, 'betas': (0.9, 0.95), 'eps': 1e-08, 'weight_decay': 0.1}
[titan] 2026-09-13 09:10:58,758 - root - INFO - Loading tokenizer from tokenizer.json
[titan] 2026-09-13 09:10:58,758 - root - INFO - Loading tokenizer from tokenizer.json
[titan] 2026-09-13 09:10:58,895 - root - WARNING - [31mPipeline Parallel loss is not visible. Please add [33mrank 2[31m to LOG_RANK environment variable in run_train.sh.[39m
[titan] 2026-09-13 09:10:58,895 - root - WARNING - [31mPipeline Parallel loss is not visible. Please add [33mrank 2[31m to LOG_RANK environment variable in run_train.sh.[39m
[titan] 2026-09-13 09:10:58,896 - root - WARNING - Error running lspci: [Errno 2] No such file or directory: 'lspci', fallback to use device_name
[titan] 2026-09-13 09:10:58,896 - root - INFO - Peak FLOPS used for computing MFU: 7.560e+14
[titan] 2026-09-13 09:10:58,897 - root - INFO - CUDA memory usage for model: 0.55GiB(0.70%)
[titan] 2026-09-13 09:10:58,897 - root - WARNING - Error running lspci: [Errno 2] No such file or directory: 'lspci', fallback to use device_name
[titan] 2026-09-13 09:10:58,897 - root - INFO - Peak FLOPS used for computing MFU: 7.560e+14
[titan] 2026-09-13 09:10:58,897 - root - INFO - CUDA memory usage for model: 0.55GiB(0.70%)
[titan] 2026-09-13 09:10:58,899 - root - INFO - Optimizer AdamW (model_part=0): 404 params [.*] {'fused': True, 'foreach': False, 'lr': 0.0008, 'betas': (0.9, 0.95), 'eps': 1e-08, 'weight_decay': 0.1}
[titan] 2026-09-13 09:10:58,899 - root - INFO - Optimizer AdamW (model_part=0): 404 params [.*] {'fused': True, 'foreach': False, 'lr': 0.0008, 'betas': (0.9, 0.95), 'eps': 1e-08, 'weight_decay': 0.1}
[titan] 2026-09-13 09:10:58,901 - root - INFO - Loading tokenizer from tokenizer.json
[titan] 2026-09-13 09:10:58,901 - root - INFO - Loading tokenizer from tokenizer.json
[titan] 2026-09-13 09:10:59,061 - httpx - INFO - HTTP Request: HEAD https://s3.amazonaws.com/datasets.huggingface.co/datasets/datasets/json/json.py "HTTP/1.1 200 OK"
[titan] 2026-09-13 09:10:59,069 - httpx - INFO - HTTP Request: HEAD https://s3.amazonaws.com/datasets.huggingface.co/datasets/datasets/json/json.py "HTTP/1.1 200 OK"
[titan] 2026-09-13 09:10:59,132 - root - WARNING - model.safetensors.index.json not found at hf_assets_path: ./tests/assets/tokenizer/model.safetensors.index.json.                     Defaulting to saving a single safetensors file if checkpoint is saved in HF format
[titan] 2026-09-13 09:10:59,132 - root - WARNING - initial_load_model_only=True has no effect without an initial_load_path.
[titan] 2026-09-13 09:10:59,135 - root - WARNING - model.safetensors.index.json not found at hf_assets_path: ./tests/assets/tokenizer/model.safetensors.index.json.                     Defaulting to saving a single safetensors file if checkpoint is saved in HF format
[titan] 2026-09-13 09:10:59,135 - root - WARNING - initial_load_model_only=True has no effect without an initial_load_path.
[titan] 2026-09-13 09:10:59,138 - root - INFO - Checkpointing active. Checkpoints will be loaded from and saved to /workspace/out_c4/gn32_c4_d2_pp2/checkpoint
[titan] 2026-09-13 09:10:59,138 - root - INFO - Trainer is initialized with 1024 tokens per DP rank, 2048 tokens per train step, gradient accumulation steps 1, maximum context length 2048, total steps 100 (warmup 2)
[titan] 2026-09-13 09:10:59,139 - root - INFO - Loading the checkpoint from /workspace/out_c4/gn32_c4_d2_pp2/checkpoint/step-0.
[titan] 2026-09-13 09:10:59,140 - root - INFO - Checkpointing active. Checkpoints will be loaded from and saved to /workspace/out_c4/gn32_c4_d2_pp2/checkpoint
[titan] 2026-09-13 09:10:59,141 - root - INFO - Trainer is initialized with 1024 tokens per DP rank, 2048 tokens per train step, gradient accumulation steps 1, maximum context length 2048, total steps 100 (warmup 2)
[titan] 2026-09-13 09:10:59,141 - root - INFO - Loading the checkpoint from /workspace/out_c4/gn32_c4_d2_pp2/checkpoint/step-0.
[titan] 2026-09-13 09:10:59,195 - httpx - INFO - HTTP Request: HEAD https://s3.amazonaws.com/datasets.huggingface.co/datasets/datasets/json/json.py "HTTP/1.1 200 OK"
[titan] 2026-09-13 09:10:59,211 - httpx - INFO - HTTP Request: HEAD https://s3.amazonaws.com/datasets.huggingface.co/datasets/datasets/json/json.py "HTTP/1.1 200 OK"
[titan] 2026-09-13 09:10:59,266 - root - WARNING - model.safetensors.index.json not found at hf_assets_path: ./tests/assets/tokenizer/model.safetensors.index.json.                     Defaulting to saving a single safetensors file if checkpoint is saved in HF format
[titan] 2026-09-13 09:10:59,266 - root - WARNING - initial_load_model_only=True has no effect without an initial_load_path.
[titan] 2026-09-13 09:10:59,273 - root - INFO - Checkpointing active. Checkpoints will be loaded from and saved to /workspace/out_c4/gn32_c4_d2_pp2/checkpoint
[titan] 2026-09-13 09:10:59,273 - root - INFO - Trainer is initialized with 1024 tokens per DP rank, 2048 tokens per train step, gradient accumulation steps 1, maximum context length 2048, total steps 100 (warmup 2)
[titan] 2026-09-13 09:10:59,273 - root - INFO - Loading the checkpoint from /workspace/out_c4/gn32_c4_d2_pp2/checkpoint/step-0.
[titan] 2026-09-13 09:10:59,283 - root - WARNING - model.safetensors.index.json not found at hf_assets_path: ./tests/assets/tokenizer/model.safetensors.index.json.                     Defaulting to saving a single safetensors file if checkpoint is saved in HF format
[titan] 2026-09-13 09:10:59,283 - root - WARNING - initial_load_model_only=True has no effect without an initial_load_path.
[titan] 2026-09-13 09:10:59,289 - root - INFO - Checkpointing active. Checkpoints will be loaded from and saved to /workspace/out_c4/gn32_c4_d2_pp2/checkpoint
[titan] 2026-09-13 09:10:59,289 - root - INFO - Trainer is initialized with 1024 tokens per DP rank, 2048 tokens per train step, gradient accumulation steps 1, maximum context length 2048, total steps 100 (warmup 2)
[titan] 2026-09-13 09:10:59,290 - root - INFO - Loading the checkpoint from /workspace/out_c4/gn32_c4_d2_pp2/checkpoint/step-0.
[titan] 2026-09-13 09:11:00,416 - root - INFO - [GC] GC collection for checkpoint loading. took 0.02 seconds
[titan] 2026-09-13 09:11:00,416 - root - INFO - Finished loading the checkpoint in 1.27 seconds.
[titan] 2026-09-13 09:11:00,416 - root - INFO - Training starts at step 1
[titan] 2026-09-13 09:11:00,416 - root - INFO - [GC] GC collection for checkpoint loading. took 0.02 seconds
[titan] 2026-09-13 09:11:00,417 - root - INFO - Finished loading the checkpoint in 1.28 seconds.
[titan] 2026-09-13 09:11:00,417 - root - INFO - Training starts at step 1
[titan] 2026-09-13 09:11:00,430 - root - INFO - [GC] GC collection for checkpoint loading. took 0.02 seconds
[titan] 2026-09-13 09:11:00,430 - root - INFO - Finished loading the checkpoint in 1.14 seconds.
[titan] 2026-09-13 09:11:00,430 - root - INFO - Training starts at step 1
[titan] 2026-09-13 09:11:00,430 - root - INFO - [GC] GC collection for checkpoint loading. took 0.02 seconds
[titan] 2026-09-13 09:11:00,430 - root - INFO - Finished loading the checkpoint in 1.16 seconds.
[titan] 2026-09-13 09:11:00,431 - root - INFO - Training starts at step 1
/workspace/venv_pp/lib/python3.12/site-packages/torch/distributed/fsdp/_fully_shard/_fsdp_state.py:336: UserWarning: FSDP2-wrapped module (FSDPCheckpointWrapper) returned a view tensor. An in-place op on this view (e.g., `x += y`) will silently drop the pre-backward hook and skip the all-gather, which can cause backward to fail or produce wrong gradients. Use out-of-place ops (`out = out + y`, not `out += y`) or `.clone()` the output before any in-place op.
  output = self._register_pre_backward_hook(output)
/workspace/venv_pp/lib/python3.12/site-packages/torch/distributed/fsdp/_fully_shard/_fsdp_state.py:336: UserWarning: FSDP2-wrapped module (FSDPCheckpointWrapper) returned a view tensor. An in-place op on this view (e.g., `x += y`) will silently drop the pre-backward hook and skip the all-gather, which can cause backward to fail or produce wrong gradients. Use out-of-place ops (`out = out + y`, not `out += y`) or `.clone()` the output before any in-place op.
  output = self._register_pre_backward_hook(output)
/workspace/venv_pp/lib/python3.12/site-packages/torch/distributed/fsdp/_fully_shard/_fsdp_state.py:336: UserWarning: FSDP2-wrapped module (FSDPCheckpointWrapper) returned a view tensor. An in-place op on this view (e.g., `x += y`) will silently drop the pre-backward hook and skip the all-gather, which can cause backward to fail or produce wrong gradients. Use out-of-place ops (`out = out + y`, not `out += y`) or `.clone()` the output before any in-place op.
  output = self._register_pre_backward_hook(output)
/workspace/venv_pp/lib/python3.12/site-packages/torch/distributed/fsdp/_fully_shard/_fsdp_state.py:336: UserWarning: FSDP2-wrapped module (FSDPCheckpointWrapper) returned a view tensor. An in-place op on this view (e.g., `x += y`) will silently drop the pre-backward hook and skip the all-gather, which can cause backward to fail or produce wrong gradients. Use out-of-place ops (`out = out + y`, not `out += y`) or `.clone()` the output before any in-place op.
  output = self._register_pre_backward_hook(output)
/workspace/venv_pp/lib/python3.12/site-packages/torch/distributed/fsdp/_fully_shard/_fsdp_state.py:336: UserWarning: FSDP2-wrapped module (FSDPKimiK3Model) returned a view tensor. An in-place op on this view (e.g., `x += y`) will silently drop the pre-backward hook and skip the all-gather, which can cause backward to fail or produce wrong gradients. Use out-of-place ops (`out = out + y`, not `out += y`) or `.clone()` the output before any in-place op.
  output = self._register_pre_backward_hook(output)
/workspace/venv_pp/lib/python3.12/site-packages/torch/distributed/fsdp/_fully_shard/_fsdp_state.py:336: UserWarning: FSDP2-wrapped module (FSDPKimiK3Model) returned a view tensor. An in-place op on this view (e.g., `x += y`) will silently drop the pre-backward hook and skip the all-gather, which can cause backward to fail or produce wrong gradients. Use out-of-place ops (`out = out + y`, not `out += y`) or `.clone()` the output before any in-place op.
  output = self._register_pre_backward_hook(output)
/workspace/venv_pp/lib/python3.12/site-packages/torch/distributed/fsdp/_fully_shard/_fsdp_state.py:336: UserWarning: FSDP2-wrapped module (FSDPCheckpointWrapper) returned a view tensor. An in-place op on this view (e.g., `x += y`) will silently drop the pre-backward hook and skip the all-gather, which can cause backward to fail or produce wrong gradients. Use out-of-place ops (`out = out + y`, not `out += y`) or `.clone()` the output before any in-place op.
  output = self._register_pre_backward_hook(output)
/workspace/venv_pp/lib/python3.12/site-packages/torch/distributed/fsdp/_fully_shard/_fsdp_state.py:336: UserWarning: FSDP2-wrapped module (FSDPCheckpointWrapper) returned a view tensor. An in-place op on this view (e.g., `x += y`) will silently drop the pre-backward hook and skip the all-gather, which can cause backward to fail or produce wrong gradients. Use out-of-place ops (`out = out + y`, not `out += y`) or `.clone()` the output before any in-place op.
  output = self._register_pre_backward_hook(output)
/workspace/venv_pp/lib/python3.12/site-packages/torch/distributed/fsdp/_fully_shard/_fsdp_state.py:336: UserWarning: FSDP2-wrapped module (FSDPCheckpointWrapper) returned a view tensor. An in-place op on this view (e.g., `x += y`) will silently drop the pre-backward hook and skip the all-gather, which can cause backward to fail or produce wrong gradients. Use out-of-place ops (`out = out + y`, not `out += y`) or `.clone()` the output before any in-place op.
  output = self._register_pre_backward_hook(output)
/workspace/venv_pp/lib/python3.12/site-packages/torch/distributed/fsdp/_fully_shard/_fsdp_state.py:336: UserWarning: FSDP2-wrapped module (FSDPCheckpointWrapper) returned a view tensor. An in-place op on this view (e.g., `x += y`) will silently drop the pre-backward hook and skip the all-gather, which can cause backward to fail or produce wrong gradients. Use out-of-place ops (`out = out + y`, not `out += y`) or `.clone()` the output before any in-place op.
  output = self._register_pre_backward_hook(output)
[titan] 2026-09-13 09:11:32,389 - root - INFO - [31mstep:  1  [32mloss: -2.00000  [38;2;180;60;0mgrad_norm: 14.4183  [38;2;54;234;195mmemory:  5.65GiB(7.14%)  [34mtps: 15  [36mtflops: 0.05  [35mmfu: 0.01%[39m
[titan] 2026-09-13 09:11:32,389 - root - INFO - [31mstep:  1  [32mloss: -2.00000  [38;2;180;60;0mgrad_norm: 14.4183  [38;2;54;234;195mmemory:  5.65GiB(7.14%)  [34mtps: 15  [36mtflops: 0.05  [35mmfu: 0.01%[39m
[titan] 2026-09-13 09:11:32,389 - root - INFO - Synchronizing and adjusting timeout for all ProcessGroups to 0:01:40
[titan] 2026-09-13 09:11:32,390 - root - INFO - Synchronizing and adjusting timeout for all ProcessGroups to 0:01:40
[titan] 2026-09-13 09:11:32,443 - root - INFO - [31mstep:  1  [32mloss: 12.58074  [38;2;180;60;0mgrad_norm: 14.4183  [38;2;54;234;195mmemory:  6.98GiB(8.82%)  [34mtps: 15  [36mtflops: 0.05  [35mmfu: 0.01%[39m
[titan] 2026-09-13 09:11:32,443 - root - INFO - [31mstep:  1  [32mloss: 12.58074  [38;2;180;60;0mgrad_norm: 14.4183  [38;2;54;234;195mmemory:  6.98GiB(8.82%)  [34mtps: 15  [36mtflops: 0.05  [35mmfu: 0.01%[39m
[titan] 2026-09-13 09:11:32,443 - root - INFO - Synchronizing and adjusting timeout for all ProcessGroups to 0:01:40
[titan] 2026-09-13 09:11:32,443 - root - INFO - Synchronizing and adjusting timeout for all ProcessGroups to 0:01:40
[titan] 2026-09-13 09:11:33,734 - root - INFO - [31mstep:  2  [32mloss: -2.00000  [38;2;180;60;0mgrad_norm: 15.1644  [38;2;54;234;195mmemory:  6.38GiB(8.06%)  [34mtps: 381  [36mtflops: 1.33  [35mmfu: 0.18%[39m
[titan] 2026-09-13 09:11:33,734 - root - INFO - [31mstep:  2  [32mloss: -2.00000  [38;2;180;60;0mgrad_norm: 15.1644  [38;2;54;234;195mmemory:  6.38GiB(8.06%)  [34mtps: 381  [36mtflops: 1.33  [35mmfu: 0.18%[39m
[titan] 2026-09-13 09:11:33,734 - root - INFO - [31mstep:  2  [32mloss:  9.71706  [38;2;180;60;0mgrad_norm: 15.1644  [38;2;54;234;195mmemory:  7.75GiB(9.79%)  [34mtps: 396  [36mtflops: 1.38  [35mmfu: 0.18%[39m
[titan] 2026-09-13 09:11:33,734 - root - INFO - [31mstep:  2  [32mloss:  9.71706  [38;2;180;60;0mgrad_norm: 15.1644  [38;2;54;234;195mmemory:  7.75GiB(9.79%)  [34mtps: 396  [36mtflops: 1.38  [35mmfu: 0.18%[39m
[titan] 2026-09-13 09:11:35,012 - root - INFO - [31mstep:  3  [32mloss: -2.00000  [38;2;180;60;0mgrad_norm:  9.6420  [38;2;54;234;195mmemory:  6.38GiB(8.06%)  [34mtps: 401  [36mtflops: 1.40  [35mmfu: 0.18%[39m
[titan] 2026-09-13 09:11:35,012 - root - INFO - [31mstep:  3  [32mloss: -2.00000  [38;2;180;60;0mgrad_norm:  9.6420  [38;2;54;234;195mmemory:  6.38GiB(8.06%)  [34mtps: 401  [36mtflops: 1.40  [35mmfu: 0.18%[39m
[titan] 2026-09-13 09:11:35,012 - root - INFO - [31mstep:  3  [32mloss:  7.44165  [38;2;180;60;0mgrad_norm:  9.6420  [38;2;54;234;195mmemory:  7.75GiB(9.79%)  [34mtps: 401  [36mtflops: 1.40  [35mmfu: 0.18%[39m
[titan] 2026-09-13 09:11:35,012 - root - INFO - [31mstep:  3  [32mloss:  7.44165  [38;2;180;60;0mgrad_norm:  9.6420  [38;2;54;234;195mmemory:  7.75GiB(9.79%)  [34mtps: 401  [36mtflops: 1.40  [35mmfu: 0.18%[39m
[titan] 2026-09-13 09:11:36,291 - root - INFO - [31mstep:  4  [32mloss: -2.00000  [38;2;180;60;0mgrad_norm:  6.2456  [38;2;54;234;195mmemory:  6.38GiB(8.06%)  [34mtps: 400  [36mtflops: 1.40  [35mmfu: 0.18%[39m
[titan] 2026-09-13 09:11:36,291 - root - INFO - [31mstep:  4  [32mloss: -2.00000  [38;2;180;60;0mgrad_norm:  6.2456  [38;2;54;234;195mmemory:  6.38GiB(8.06%)  [34mtps: 400  [36mtflops: 1.40  [35mmfu: 0.18%[39m
[titan] 2026-09-13 09:11:36,291 - root - INFO - [31mstep:  4  [32mloss:  6.88729  [38;2;180;60;0mgrad_norm:  6.2456  [38;2;54;234;195mmemory:  7.75GiB(9.79%)  [34mtps: 400  [36mtflops: 1.40  [35mmfu: 0.18%[39m
[titan] 2026-09-13 09:11:36,291 - root - INFO - [31mstep:  4  [32mloss:  6.88729  [38;2;180;60;0mgrad_norm:  6.2456  [38;2;54;234;195mmemory:  7.75GiB(9.79%)  [34mtps: 400  [36mtflops: 1.40  [35mmfu: 0.18%[39m
[titan] 2026-09-13 09:11:37,581 - root - INFO - [31mstep:  5  [32mloss: -2.00000  [38;2;180;60;0mgrad_norm: 10.7873  [38;2;54;234;195mmemory:  6.38GiB(8.06%)  [34mtps: 397  [36mtflops: 1.39  [35mmfu: 0.18%[39m
[titan] 2026-09-13 09:11:37,581 - root - INFO - [31mstep:  5  [32mloss: -2.00000  [38;2;180;60;0mgrad_norm: 10.7873  [38;2;54;234;195mmemory:  6.38GiB(8.06%)  [34mtps: 397  [36mtflops: 1.38  [35mmfu: 0.18%[39m
[titan] 2026-09-13 09:11:37,581 - root - INFO - [31mstep:  5  [32mloss:  5.30761  [38;2;180;60;0mgrad_norm: 10.7873  [38;2;54;234;195mmemory:  7.75GiB(9.79%)  [34mtps: 397  [36mtflops: 1.39  [35mmfu: 0.18%[39m
[titan] 2026-09-13 09:11:37,581 - root - INFO - [31mstep:  5  [32mloss:  5.30761  [38;2;180;60;0mgrad_norm: 10.7873  [38;2;54;234;195mmemory:  7.75GiB(9.79%)  [34mtps: 397  [36mtflops: 1.39  [35mmfu: 0.18%[39m
[titan] 2026-09-13 09:11:38,867 - root - INFO - [31mstep:  6  [32mloss: -2.00000  [38;2;180;60;0mgrad_norm:  5.8191  [38;2;54;234;195mmemory:  6.38GiB(8.06%)  [34mtps: 398  [36mtflops: 1.39  [35mmfu: 0.18%[39m
[titan] 2026-09-13 09:11:38,868 - root - INFO - [31mstep:  6  [32mloss: -2.00000  [38;2;180;60;0mgrad_norm:  5.8191  [38;2;54;234;195mmemory:  6.38GiB(8.06%)  [34mtps: 398  [36mtflops: 1.39  [35mmfu: 0.18%[39m
[titan] 2026-09-13 09:11:38,868 - root - INFO - [31mstep:  6  [32mloss:  4.65380  [38;2;180;60;0mgrad_norm:  5.8191  [38;2;54;234;195mmemory:  7.75GiB(9.79%)  [34mtps: 398  [36mtflops: 1.39  [35mmfu: 0.18%[39m
[titan] 2026-09-13 09:11:38,868 - root - INFO - [31mstep:  6  [32mloss:  4.65380  [38;2;180;60;0mgrad_norm:  5.8191  [38;2;54;234;195mmemory:  7.75GiB(9.79%)  [34mtps: 398  [36mtflops: 1.39  [35mmfu: 0.18%[39m
[titan] 2026-09-13 09:11:40,153 - root - INFO - [31mstep:  7  [32mloss: -2.00000  [38;2;180;60;0mgrad_norm:  6.3588  [38;2;54;234;195mmemory:  6.38GiB(8.06%)  [34mtps: 398  [36mtflops: 1.39  [35mmfu: 0.18%[39m
[titan] 2026-09-13 09:11:40,153 - root - INFO - [31mstep:  7  [32mloss: -2.00000  [38;2;180;60;0mgrad_norm:  6.3588  [38;2;54;234;195mmemory:  6.38GiB(8.06%)  [34mtps: 398  [36mtflops: 1.39  [35mmfu: 0.18%[39m
[titan] 2026-09-13 09:11:40,153 - root - INFO - [31mstep:  7  [32mloss:  4.35240  [38;2;180;60;0mgrad_norm:  6.3588  [38;2;54;234;195mmemory:  7.75GiB(9.79%)  [34mtps: 398  [36mtflops: 1.39  [35mmfu: 0.18%[39m
[titan] 2026-09-13 09:11:40,154 - root - INFO - [31mstep:  7  [32mloss:  4.35240  [38;2;180;60;0mgrad_norm:  6.3588  [38;2;54;234;195mmemory:  7.75GiB(9.79%)  [34mtps: 398  [36mtflops: 1.39  [35mmfu: 0.18%[39m
[titan] 2026-09-13 09:11:41,434 - root - INFO - [31mstep:  8  [32mloss: -2.00000  [38;2;180;60;0mgrad_norm:  6.2371  [38;2;54;234;195mmemory:  6.38GiB(8.06%)  [34mtps: 400  [36mtflops: 1.39  [35mmfu: 0.18%[39m
[titan] 2026-09-13 09:11:41,434 - root - INFO - [31mstep:  8  [32mloss: -2.00000  [38;2;180;60;0mgrad_norm:  6.2371  [38;2;54;234;195mmemory:  6.38GiB(8.06%)  [34mtps: 400  [36mtflops: 1.39  [35mmfu: 0.18%[39m
[titan] 2026-09-13 09:11:41,435 - root - INFO - [31mstep:  8  [32mloss:  3.89379  [38;2;180;60;0mgrad_norm:  6.2371  [38;2;54;234;195mmemory:  7.75GiB(9.79%)  [34mtps: 400  [36mtflops: 1.39  [35mmfu: 0.18%[39m
[titan] 2026-09-13 09:11:41,435 - root - INFO - [31mstep:  8  [32mloss:  3.89379  [38;2;180;60;0mgrad_norm:  6.2371  [38;2;54;234;195mmemory:  7.75GiB(9.79%)  [34mtps: 400  [36mtflops: 1.39  [35mmfu: 0.18%[39m
[titan] 2026-09-13 09:11:42,717 - root - INFO - [31mstep:  9  [32mloss: -2.00000  [38;2;180;60;0mgrad_norm:  4.7712  [38;2;54;234;195mmemory:  6.38GiB(8.06%)  [34mtps: 399  [36mtflops: 1.39  [35mmfu: 0.18%[39m
[titan] 2026-09-13 09:11:42,717 - root - INFO - [31mstep:  9  [32mloss: -2.00000  [38;2;180;60;0mgrad_norm:  4.7712  [38;2;54;234;195mmemory:  6.38GiB(8.06%)  [34mtps: 399  [36mtflops: 1.39  [35mmfu: 0.18%[39m
[titan] 2026-09-13 09:11:42,718 - root - INFO - [31mstep:  9  [32mloss:  3.46775  [38;2;180;60;0mgrad_norm:  4.7712  [38;2;54;234;195mmemory:  7.75GiB(9.79%)  [34mtps: 399  [36mtflops: 1.39  [35mmfu: 0.18%[39m
[titan] 2026-09-13 09:11:42,718 - root - INFO - [31mstep:  9  [32mloss:  3.46775  [38;2;180;60;0mgrad_norm:  4.7712  [38;2;54;234;195mmemory:  7.75GiB(9.79%)  [34mtps: 399  [36mtflops: 1.39  [35mmfu: 0.18%[39m
[titan] 2026-09-13 09:11:44,005 - root - INFO - [31mstep: 10  [32mloss: -2.00000  [38;2;180;60;0mgrad_norm:  3.8945  [38;2;54;234;195mmemory:  6.38GiB(8.06%)  [34mtps: 398  [36mtflops: 1.39  [35mmfu: 0.18%[39m
[titan] 2026-09-13 09:11:44,005 - root - INFO - [31mstep: 10  [32mloss: -2.00000  [38;2;180;60;0mgrad_norm:  3.8945  [38;2;54;234;195mmemory:  6.38GiB(8.06%)  [34mtps: 398  [36mtflops: 1.39  [35mmfu: 0.18%[39m
[titan] 2026-09-13 09:11:44,006 - root - INFO - [31mstep: 10  [32mloss:  3.23021  [38;2;180;60;0mgrad_norm:  3.8945  [38;2;54;234;195mmemory:  7.75GiB(9.79%)  [34mtps: 398  [36mtflops: 1.39  [35mmfu: 0.18%[39m
[titan] 2026-09-13 09:11:44,006 - root - INFO - [31mstep: 10  [32mloss:  3.23021  [38;2;180;60;0mgrad_norm:  3.8945  [38;2;54;234;195mmemory:  7.75GiB(9.79%)  [34mtps: 398  [36mtflops: 1.39  [35mmfu: 0.18%[39m
[titan] 2026-09-13 09:11:45,292 - root - INFO - [31mstep: 11  [32mloss: -2.00000  [38;2;180;60;0mgrad_norm:  4.6594  [38;2;54;234;195mmemory:  6.38GiB(8.06%)  [34mtps: 398  [36mtflops: 1.39  [35mmfu: 0.18%[39m
[titan] 2026-09-13 09:11:45,292 - root - INFO - [31mstep: 11  [32mloss: -2.00000  [38;2;180;60;0mgrad_norm:  4.6594  [38;2;54;234;195mmemory:  6.38GiB(8.06%)  [34mtps: 398  [36mtflops: 1.39  [35mmfu: 0.18%[39m
[titan] 2026-09-13 09:11:45,292 - root - INFO - [31mstep: 11  [32mloss:  3.47655  [38;2;180;60;0mgrad_norm:  4.6594  [38;2;54;234;195mmemory:  7.75GiB(9.79%)  [34mtps: 398  [36mtflops: 1.39  [35mmfu: 0.18%[39m
[titan] 2026-09-13 09:11:45,292 - root - INFO - [31mstep: 11  [32mloss:  3.47655  [38;2;180;60;0mgrad_norm:  4.6594  [38;2;54;234;195mmemory:  7.75GiB(9.79%)  [34mtps: 398  [36mtflops: 1.39  [35mmfu: 0.18%[39m
[titan] 2026-09-13 09:11:46,580 - root - INFO - [31mstep: 12  [32mloss: -2.00000  [38;2;180;60;0mgrad_norm:  2.7956  [38;2;54;234;195mmemory:  6.38GiB(8.06%)  [34mtps: 398  [36mtflops: 1.39  [35mmfu: 0.18%[39m
[titan] 2026-09-13 09:11:46,580 - root - INFO - [31mstep: 12  [32mloss: -2.00000  [38;2;180;60;0mgrad_norm:  2.7956  [38;2;54;234;195mmemory:  6.38GiB(8.06%)  [34mtps: 398  [36mtflops: 1.39  [35mmfu: 0.18%[39m
[titan] 2026-09-13 09:11:46,580 - root - INFO - [31mstep: 12  [32mloss:  3.31731  [38;2;180;60;0mgrad_norm:  2.7956  [38;2;54;234;195mmemory:  7.75GiB(9.79%)  [34mtps: 398  [36mtflops: 1.39  [35mmfu: 0.18%[39m
[titan] 2026-09-13 09:11:46,580 - root - INFO - [31mstep: 12  [32mloss:  3.31731  [38;2;180;60;0mgrad_norm:  2.7956  [38;2;54;234;195mmemory:  7.75GiB(9.79%)  [34mtps: 398  [36mtflops: 1.39  [35mmfu: 0.18%[39m
[titan] 2026-09-13 09:11:47,860 - root - INFO - [31mstep: 13  [32mloss: -2.00000  [38;2;180;60;0mgrad_norm:  2.8429  [38;2;54;234;195mmemory:  6.38GiB(8.06%)  [34mtps: 400  [36mtflops: 1.40  [35mmfu: 0.18%[39m
[titan] 2026-09-13 09:11:47,860 - root - INFO - [31mstep: 13  [32mloss: -2.00000  [38;2;180;60;0mgrad_norm:  2.8429  [38;2;54;234;195mmemory:  6.38GiB(8.06%)  [34mtps: 400  [36mtflops: 1.40  [35mmfu: 0.18%[39m
[titan] 2026-09-13 09:11:47,861 - root - INFO - [31mstep: 13  [32mloss:  2.98169  [38;2;180;60;0mgrad_norm:  2.8429  [38;2;54;234;195mmemory:  7.75GiB(9.79%)  [34mtps: 400  [36mtflops: 1.40  [35mmfu: 0.18%[39m
[titan] 2026-09-13 09:11:47,861 - root - INFO - [31mstep: 13  [32mloss:  2.98169  [38;2;180;60;0mgrad_norm:  2.8429  [38;2;54;234;195mmemory:  7.75GiB(9.79%)  [34mtps: 400  [36mtflops: 1.40  [35mmfu: 0.18%[39m
[titan] 2026-09-13 09:11:49,140 - root - INFO - [31mstep: 14  [32mloss: -2.00000  [38;2;180;60;0mgrad_norm:  3.1697  [38;2;54;234;195mmemory:  6.38GiB(8.06%)  [34mtps: 400  [36mtflops: 1.40  [35mmfu: 0.18%[39m
[titan] 2026-09-13 09:11:49,140 - root - INFO - [31mstep: 14  [32mloss: -2.00000  [38;2;180;60;0mgrad_norm:  3.1697  [38;2;54;234;195mmemory:  6.38GiB(8.06%)  [34mtps: 400  [36mtflops: 1.40  [35mmfu: 0.18%[39m
[titan] 2026-09-13 09:11:49,141 - root - INFO - [31mstep: 14  [32mloss:  3.22577  [38;2;180;60;0mgrad_norm:  3.1697  [38;2;54;234;195mmemory:  7.75GiB(9.79%)  [34mtps: 400  [36mtflops: 1.40  [35mmfu: 0.18%[39m
[titan] 2026-09-13 09:11:49,141 - root - INFO - [31mstep: 14  [32mloss:  3.22577  [38;2;180;60;0mgrad_norm:  3.1697  [38;2;54;234;195mmemory:  7.75GiB(9.79%)  [34mtps: 400  [36mtflops: 1.40  [35mmfu: 0.18%[39m
[titan] 2026-09-13 09:11:50,424 - root - INFO - [31mstep: 15  [32mloss: -2.00000  [38;2;180;60;0mgrad_norm:  2.4033  [38;2;54;234;195mmemory:  6.38GiB(8.06%)  [34mtps: 399  [36mtflops: 1.39  [35mmfu: 0.18%[39m
[titan] 2026-09-13 09:11:50,424 - root - INFO - [31mstep: 15  [32mloss: -2.00000  [38;2;180;60;0mgrad_norm:  2.4033  [38;2;54;234;195mmemory:  6.38GiB(8.06%)  [34mtps: 399  [36mtflops: 1.39  [35mmfu: 0.18%[39m
[titan] 2026-09-13 09:11:50,425 - root - INFO - [31mstep: 15  [32mloss:  3.06210  [38;2;180;60;0mgrad_norm:  2.4033  [38;2;54;234;195mmemory:  7.75GiB(9.79%)  [34mtps: 399  [36mtflops: 1.39  [35mmfu: 0.18%[39m
[titan] 2026-09-13 09:11:50,425 - root - INFO - [31mstep: 15  [32mloss:  3.06210  [38;2;180;60;0mgrad_norm:  2.4033  [38;2;54;234;195mmemory:  7.75GiB(9.79%)  [34mtps: 399  [36mtflops: 1.39  [35mmfu: 0.18%[39m
[titan] 2026-09-13 09:11:51,704 - root - INFO - [31mstep: 16  [32mloss: -2.00000  [38;2;180;60;0mgrad_norm:  2.1885  [38;2;54;234;195mmemory:  6.38GiB(8.06%)  [34mtps: 400  [36mtflops: 1.40  [35mmfu: 0.18%[39m
[titan] 2026-09-13 09:11:51,704 - root - INFO - [31mstep: 16  [32mloss: -2.00000  [38;2;180;60;0mgrad_norm:  2.1885  [38;2;54;234;195mmemory:  6.38GiB(8.06%)  [34mtps: 400  [36mtflops: 1.40  [35mmfu: 0.18%[39m
[titan] 2026-09-13 09:11:51,705 - root - INFO - [31mstep: 16  [32mloss:  2.95809  [38;2;180;60;0mgrad_norm:  2.1885  [38;2;54;234;195mmemory:  7.75GiB(9.79%)  [34mtps: 400  [36mtflops: 1.40  [35mmfu: 0.18%[39m
[titan] 2026-09-13 09:11:51,705 - root - INFO - [31mstep: 16  [32mloss:  2.95809  [38;2;180;60;0mgrad_norm:  2.1885  [38;2;54;234;195mmemory:  7.75GiB(9.79%)  [34mtps: 400  [36mtflops: 1.40  [35mmfu: 0.18%[39m
[titan] 2026-09-13 09:11:52,987 - root - INFO - [31mstep: 17  [32mloss: -2.00000  [38;2;180;60;0mgrad_norm:  2.6911  [38;2;54;234;195mmemory:  6.38GiB(8.06%)  [34mtps: 399  [36mtflops: 1.39  [35mmfu: 0.18%[39m
[titan] 2026-09-13 09:11:52,987 - root - INFO - [31mstep: 17  [32mloss: -2.00000  [38;2;180;60;0mgrad_norm:  2.6911  [38;2;54;234;195mmemory:  6.38GiB(8.06%)  [34mtps: 399  [36mtflops: 1.39  [35mmfu: 0.18%[39m
[titan] 2026-09-13 09:11:52,988 - root - INFO - [31mstep: 17  [32mloss:  2.92356  [38;2;180;60;0mgrad_norm:  2.6911  [38;2;54;234;195mmemory:  7.75GiB(9.79%)  [34mtps: 399  [36mtflops: 1.39  [35mmfu: 0.18%[39m
[titan] 2026-09-13 09:11:52,988 - root - INFO - [31mstep: 17  [32mloss:  2.92356  [38;2;180;60;0mgrad_norm:  2.6911  [38;2;54;234;195mmemory:  7.75GiB(9.79%)  [34mtps: 399  [36mtflops: 1.39  [35mmfu: 0.18%[39m
[titan] 2026-09-13 09:11:54,267 - root - INFO - [31mstep: 18  [32mloss: -2.00000  [38;2;180;60;0mgrad_norm:  2.2444  [38;2;54;234;195mmemory:  6.38GiB(8.06%)  [34mtps: 400  [36mtflops: 1.40  [35mmfu: 0.18%[39m
[titan] 2026-09-13 09:11:54,267 - root - INFO - [31mstep: 18  [32mloss: -2.00000  [38;2;180;60;0mgrad_norm:  2.2444  [38;2;54;234;195mmemory:  6.38GiB(8.06%)  [34mtps: 400  [36mtflops: 1.40  [35mmfu: 0.18%[39m
[titan] 2026-09-13 09:11:54,267 - root - INFO - [31mstep: 18  [32mloss:  2.96391  [38;2;180;60;0mgrad_norm:  2.2444  [38;2;54;234;195mmemory:  7.75GiB(9.79%)  [34mtps: 400  [36mtflops: 1.40  [35mmfu: 0.18%[39m
[titan] 2026-09-13 09:11:54,268 - root - INFO - [31mstep: 18  [32mloss:  2.96391  [38;2;180;60;0mgrad_norm:  2.2444  [38;2;54;234;195mmemory:  7.75GiB(9.79%)  [34mtps: 400  [36mtflops: 1.40  [35mmfu: 0.18%[39m
[titan] 2026-09-13 09:11:55,548 - root - INFO - [31mstep: 19  [32mloss: -2.00000  [38;2;180;60;0mgrad_norm:  1.8478  [38;2;54;234;195mmemory:  6.38GiB(8.06%)  [34mtps: 400  [36mtflops: 1.39  [35mmfu: 0.18%[39m
[titan] 2026-09-13 09:11:55,548 - root - INFO - [31mstep: 19  [32mloss: -2.00000  [38;2;180;60;0mgrad_norm:  1.8478  [38;2;54;234;195mmemory:  6.38GiB(8.06%)  [34mtps: 400  [36mtflops: 1.39  [35mmfu: 0.18%[39m
[titan] 2026-09-13 09:11:55,549 - root - INFO - [31mstep: 19  [32mloss:  3.03153  [38;2;180;60;0mgrad_norm:  1.8478  [38;2;54;234;195mmemory:  7.75GiB(9.79%)  [34mtps: 400  [36mtflops: 1.39  [35mmfu: 0.18%[39m
[titan] 2026-09-13 09:11:55,549 - root - INFO - [31mstep: 19  [32mloss:  3.03153  [38;2;180;60;0mgrad_norm:  1.8478  [38;2;54;234;195mmemory:  7.75GiB(9.79%)  [34mtps: 400  [36mtflops: 1.39  [35mmfu: 0.18%[39m
[titan] 2026-09-13 09:11:56,830 - root - INFO - [31mstep: 20  [32mloss: -2.00000  [38;2;180;60;0mgrad_norm:  2.3092  [38;2;54;234;195mmemory:  6.38GiB(8.06%)  [34mtps: 400  [36mtflops: 1.39  [35mmfu: 0.18%[39m
[titan] 2026-09-13 09:11:56,830 - root - INFO - [31mstep: 20  [32mloss: -2.00000  [38;2;180;60;0mgrad_norm:  2.3092  [38;2;54;234;195mmemory:  6.38GiB(8.06%)  [34mtps: 400  [36mtflops: 1.39  [35mmfu: 0.18%[39m
[titan] 2026-09-13 09:11:56,830 - root - INFO - [31mstep: 20  [32mloss:  2.91615  [38;2;180;60;0mgrad_norm:  2.3092  [38;2;54;234;195mmemory:  7.75GiB(9.79%)  [34mtps: 400  [36mtflops: 1.39  [35mmfu: 0.18%[39m
[titan] 2026-09-13 09:11:56,830 - root - INFO - [31mstep: 20  [32mloss:  2.91615  [38;2;180;60;0mgrad_norm:  2.3092  [38;2;54;234;195mmemory:  7.75GiB(9.79%)  [34mtps: 400  [36mtflops: 1.39  [35mmfu: 0.18%[39m
[titan] 2026-09-13 09:11:58,118 - root - INFO - [31mstep: 21  [32mloss: -2.00000  [38;2;180;60;0mgrad_norm:  2.1235  [38;2;54;234;195mmemory:  6.38GiB(8.06%)  [34mtps: 397  [36mtflops: 1.39  [35mmfu: 0.18%[39m
[titan] 2026-09-13 09:11:58,118 - root - INFO - [31mstep: 21  [32mloss: -2.00000  [38;2;180;60;0mgrad_norm:  2.1235  [38;2;54;234;195mmemory:  6.38GiB(8.06%)  [34mtps: 397  [36mtflops: 1.39  [35mmfu: 0.18%[39m
[titan] 2026-09-13 09:11:58,118 - root - INFO - [31mstep: 21  [32mloss:  3.00398  [38;2;180;60;0mgrad_norm:  2.1235  [38;2;54;234;195mmemory:  7.75GiB(9.79%)  [34mtps: 397  [36mtflops: 1.39  [35mmfu: 0.18%[39m
[titan] 2026-09-13 09:11:58,119 - root - INFO - [31mstep: 21  [32mloss:  3.00398  [38;2;180;60;0mgrad_norm:  2.1235  [38;2;54;234;195mmemory:  7.75GiB(9.79%)  [34mtps: 397  [36mtflops: 1.39  [35mmfu: 0.18%[39m
[titan] 2026-09-13 09:11:59,403 - root - INFO - [31mstep: 22  [32mloss: -2.00000  [38;2;180;60;0mgrad_norm:  1.9411  [38;2;54;234;195mmemory:  6.38GiB(8.06%)  [34mtps: 398  [36mtflops: 1.39  [35mmfu: 0.18%[39m
[titan] 2026-09-13 09:11:59,403 - root - INFO - [31mstep: 22  [32mloss: -2.00000  [38;2;180;60;0mgrad_norm:  1.9411  [38;2;54;234;195mmemory:  6.38GiB(8.06%)  [34mtps: 398  [36mtflops: 1.39  [35mmfu: 0.18%[39m
[titan] 2026-09-13 09:11:59,404 - root - INFO - [31mstep: 22  [32mloss:  2.85993  [38;2;180;60;0mgrad_norm:  1.9411  [38;2;54;234;195mmemory:  7.75GiB(9.79%)  [34mtps: 399  [36mtflops: 1.39  [35mmfu: 0.18%[39m
[titan] 2026-09-13 09:11:59,404 - root - INFO - [31mstep: 22  [32mloss:  2.85993  [38;2;180;60;0mgrad_norm:  1.9411  [38;2;54;234;195mmemory:  7.75GiB(9.79%)  [34mtps: 399  [36mtflops: 1.39  [35mmfu: 0.18%[39m
[titan] 2026-09-13 09:12:00,680 - root - INFO - [31mstep: 23  [32mloss: -2.00000  [38;2;180;60;0mgrad_norm:  1.6973  [38;2;54;234;195mmemory:  6.38GiB(8.06%)  [34mtps: 401  [36mtflops: 1.40  [35mmfu: 0.19%[39m
[titan] 2026-09-13 09:12:00,680 - root - INFO - [31mstep: 23  [32mloss: -2.00000  [38;2;180;60;0mgrad_norm:  1.6973  [38;2;54;234;195mmemory:  6.38GiB(8.06%)  [34mtps: 401  [36mtflops: 1.40  [35mmfu: 0.19%[39m
[titan] 2026-09-13 09:12:00,680 - root - INFO - [31mstep: 23  [32mloss:  2.73534  [38;2;180;60;0mgrad_norm:  1.6973  [38;2;54;234;195mmemory:  7.75GiB(9.79%)  [34mtps: 401  [36mtflops: 1.40  [35mmfu: 0.19%[39m
[titan] 2026-09-13 09:12:00,681 - root - INFO - [31mstep: 23  [32mloss:  2.73534  [38;2;180;60;0mgrad_norm:  1.6973  [38;2;54;234;195mmemory:  7.75GiB(9.79%)  [34mtps: 401  [36mtflops: 1.40  [35mmfu: 0.19%[39m
[titan] 2026-09-13 09:12:01,961 - root - INFO - [31mstep: 24  [32mloss: -2.00000  [38;2;180;60;0mgrad_norm:  1.8031  [38;2;54;234;195mmemory:  6.38GiB(8.06%)  [34mtps: 400  [36mtflops: 1.39  [35mmfu: 0.18%[39m
[titan] 2026-09-13 09:12:01,961 - root - INFO - [31mstep: 24  [32mloss: -2.00000  [38;2;180;60;0mgrad_norm:  1.8031  [38;2;54;234;195mmemory:  6.38GiB(8.06%)  [34mtps: 400  [36mtflops: 1.39  [35mmfu: 0.18%[39m
[titan] 2026-09-13 09:12:01,962 - root - INFO - [31mstep: 24  [32mloss:  2.84102  [38;2;180;60;0mgrad_norm:  1.8031  [38;2;54;234;195mmemory:  7.75GiB(9.79%)  [34mtps: 400  [36mtflops: 1.39  [35mmfu: 0.18%[39m
[titan] 2026-09-13 09:12:01,962 - root - INFO - [31mstep: 24  [32mloss:  2.84102  [38;2;180;60;0mgrad_norm:  1.8031  [38;2;54;234;195mmemory:  7.75GiB(9.79%)  [34mtps: 400  [36mtflops: 1.39  [35mmfu: 0.18%[39m
[titan] 2026-09-13 09:12:03,240 - root - INFO - [31mstep: 25  [32mloss: -2.00000  [38;2;180;60;0mgrad_norm:  3.0748  [38;2;54;234;195mmemory:  6.38GiB(8.06%)  [34mtps: 400  [36mtflops: 1.40  [35mmfu: 0.18%[39m
[titan] 2026-09-13 09:12:03,240 - root - INFO - [31mstep: 25  [32mloss: -2.00000  [38;2;180;60;0mgrad_norm:  3.0748  [38;2;54;234;195mmemory:  6.38GiB(8.06%)  [34mtps: 400  [36mtflops: 1.40  [35mmfu: 0.18%[39m
[titan] 2026-09-13 09:12:03,240 - root - INFO - [31mstep: 25  [32mloss:  3.06250  [38;2;180;60;0mgrad_norm:  3.0748  [38;2;54;234;195mmemory:  7.75GiB(9.79%)  [34mtps: 400  [36mtflops: 1.40  [35mmfu: 0.18%[39m
[titan] 2026-09-13 09:12:03,240 - root - INFO - [31mstep: 25  [32mloss:  3.06250  [38;2;180;60;0mgrad_norm:  3.0748  [38;2;54;234;195mmemory:  7.75GiB(9.79%)  [34mtps: 400  [36mtflops: 1.40  [35mmfu: 0.18%[39m
[titan] 2026-09-13 09:12:04,529 - root - INFO - [31mstep: 26  [32mloss: -2.00000  [38;2;180;60;0mgrad_norm:  1.7867  [38;2;54;234;195mmemory:  6.38GiB(8.06%)  [34mtps: 397  [36mtflops: 1.39  [35mmfu: 0.18%[39m
[titan] 2026-09-13 09:12:04,529 - root - INFO - [31mstep: 26  [32mloss: -2.00000  [38;2;180;60;0mgrad_norm:  1.7867  [38;2;54;234;195mmemory:  6.38GiB(8.06%)  [34mtps: 397  [36mtflops: 1.39  [35mmfu: 0.18%[39m
[titan] 2026-09-13 09:12:04,530 - root - INFO - [31mstep: 26  [32mloss:  2.72239  [38;2;180;60;0mgrad_norm:  1.7867  [38;2;54;234;195mmemory:  7.75GiB(9.79%)  [34mtps: 397  [36mtflops: 1.39  [35mmfu: 0.18%[39m
[titan] 2026-09-13 09:12:04,530 - root - INFO - [31mstep: 26  [32mloss:  2.72239  [38;2;180;60;0mgrad_norm:  1.7867  [38;2;54;234;195mmemory:  7.75GiB(9.79%)  [34mtps: 397  [36mtflops: 1.39  [35mmfu: 0.18%[39m
[titan] 2026-09-13 09:12:05,808 - root - INFO - [31mstep: 27  [32mloss: -2.00000  [38;2;180;60;0mgrad_norm:  1.5175  [38;2;54;234;195mmemory:  6.38GiB(8.06%)  [34mtps: 400  [36mtflops: 1.40  [35mmfu: 0.18%[39m
[titan] 2026-09-13 09:12:05,808 - root - INFO - [31mstep: 27  [32mloss: -2.00000  [38;2;180;60;0mgrad_norm:  1.5175  [38;2;54;234;195mmemory:  6.38GiB(8.06%)  [34mtps: 400  [36mtflops: 1.40  [35mmfu: 0.18%[39m
[titan] 2026-09-13 09:12:05,809 - root - INFO - [31mstep: 27  [32mloss:  2.85189  [38;2;180;60;0mgrad_norm:  1.5175  [38;2;54;234;195mmemory:  7.75GiB(9.79%)  [34mtps: 400  [36mtflops: 1.40  [35mmfu: 0.18%[39m
[titan] 2026-09-13 09:12:05,809 - root - INFO - [31mstep: 27  [32mloss:  2.85189  [38;2;180;60;0mgrad_norm:  1.5175  [38;2;54;234;195mmemory:  7.75GiB(9.79%)  [34mtps: 400  [36mtflops: 1.40  [35mmfu: 0.18%[39m
[titan] 2026-09-13 09:12:07,093 - root - INFO - [31mstep: 28  [32mloss: -2.00000  [38;2;180;60;0mgrad_norm:  1.9371  [38;2;54;234;195mmemory:  6.38GiB(8.06%)  [34mtps: 398  [36mtflops: 1.39  [35mmfu: 0.18%[39m
[titan] 2026-09-13 09:12:07,093 - root - INFO - [31mstep: 28  [32mloss: -2.00000  [38;2;180;60;0mgrad_norm:  1.9371  [38;2;54;234;195mmemory:  6.38GiB(8.06%)  [34mtps: 398  [36mtflops: 1.39  [35mmfu: 0.18%[39m
[titan] 2026-09-13 09:12:07,094 - root - INFO - [31mstep: 28  [32mloss:  2.90744  [38;2;180;60;0mgrad_norm:  1.9371  [38;2;54;234;195mmemory:  7.75GiB(9.79%)  [34mtps: 398  [36mtflops: 1.39  [35mmfu: 0.18%[39m
[titan] 2026-09-13 09:12:07,094 - root - INFO - [31mstep: 28  [32mloss:  2.90744  [38;2;180;60;0mgrad_norm:  1.9371  [38;2;54;234;195mmemory:  7.75GiB(9.79%)  [34mtps: 398  [36mtflops: 1.39  [35mmfu: 0.18%[39m
[titan] 2026-09-13 09:12:08,372 - root - INFO - [31mstep: 29  [32mloss: -2.00000  [38;2;180;60;0mgrad_norm:  1.6699  [38;2;54;234;195mmemory:  6.38GiB(8.06%)  [34mtps: 400  [36mtflops: 1.40  [35mmfu: 0.18%[39m
[titan] 2026-09-13 09:12:08,372 - root - INFO - [31mstep: 29  [32mloss: -2.00000  [38;2;180;60;0mgrad_norm:  1.6699  [38;2;54;234;195mmemory:  6.38GiB(8.06%)  [34mtps: 400  [36mtflops: 1.40  [35mmfu: 0.18%[39m
[titan] 2026-09-13 09:12:08,373 - root - INFO - [31mstep: 29  [32mloss:  2.67332  [38;2;180;60;0mgrad_norm:  1.6699  [38;2;54;234;195mmemory:  7.75GiB(9.79%)  [34mtps: 401  [36mtflops: 1.40  [35mmfu: 0.18%[39m
[titan] 2026-09-13 09:12:08,373 - root - INFO - [31mstep: 29  [32mloss:  2.67332  [38;2;180;60;0mgrad_norm:  1.6699  [38;2;54;234;195mmemory:  7.75GiB(9.79%)  [34mtps: 401  [36mtflops: 1.40  [35mmfu: 0.18%[39m
[titan] 2026-09-13 09:12:09,656 - root - INFO - [31mstep: 30  [32mloss: -2.00000  [38;2;180;60;0mgrad_norm:  1.2880  [38;2;54;234;195mmemory:  6.38GiB(8.06%)  [34mtps: 399  [36mtflops: 1.39  [35mmfu: 0.18%[39m
[titan] 2026-09-13 09:12:09,656 - root - INFO - [31mstep: 30  [32mloss: -2.00000  [38;2;180;60;0mgrad_norm:  1.2880  [38;2;54;234;195mmemory:  6.38GiB(8.06%)  [34mtps: 399  [36mtflops: 1.39  [35mmfu: 0.18%[39m
[titan] 2026-09-13 09:12:09,657 - root - INFO - [31mstep: 30  [32mloss:  2.84017  [38;2;180;60;0mgrad_norm:  1.2880  [38;2;54;234;195mmemory:  7.75GiB(9.79%)  [34mtps: 399  [36mtflops: 1.39  [35mmfu: 0.18%[39m
[titan] 2026-09-13 09:12:09,657 - root - INFO - [31mstep: 30  [32mloss:  2.84017  [38;2;180;60;0mgrad_norm:  1.2880  [38;2;54;234;195mmemory:  7.75GiB(9.79%)  [34mtps: 399  [36mtflops: 1.39  [35mmfu: 0.18%[39m
[titan] 2026-09-13 09:12:10,937 - root - INFO - [31mstep: 31  [32mloss: -2.00000  [38;2;180;60;0mgrad_norm:  2.0083  [38;2;54;234;195mmemory:  6.38GiB(8.06%)  [34mtps: 400  [36mtflops: 1.40  [35mmfu: 0.18%[39m
[titan] 2026-09-13 09:12:10,937 - root - INFO - [31mstep: 31  [32mloss: -2.00000  [38;2;180;60;0mgrad_norm:  2.0083  [38;2;54;234;195mmemory:  6.38GiB(8.06%)  [34mtps: 400  [36mtflops: 1.40  [35mmfu: 0.18%[39m
[titan] 2026-09-13 09:12:10,937 - root - INFO - [31mstep: 31  [32mloss:  2.80127  [38;2;180;60;0mgrad_norm:  2.0083  [38;2;54;234;195mmemory:  7.75GiB(9.79%)  [34mtps: 400  [36mtflops: 1.40  [35mmfu: 0.18%[39m
[titan] 2026-09-13 09:12:10,937 - root - INFO - [31mstep: 31  [32mloss:  2.80127  [38;2;180;60;0mgrad_norm:  2.0083  [38;2;54;234;195mmemory:  7.75GiB(9.79%)  [34mtps: 400  [36mtflops: 1.40  [35mmfu: 0.18%[39m
[titan] 2026-09-13 09:12:12,220 - root - INFO - [31mstep: 32  [32mloss: -2.00000  [38;2;180;60;0mgrad_norm:  2.1490  [38;2;54;234;195mmemory:  6.38GiB(8.06%)  [34mtps: 399  [36mtflops: 1.39  [35mmfu: 0.18%[39m
[titan] 2026-09-13 09:12:12,220 - root - INFO - [31mstep: 32  [32mloss: -2.00000  [38;2;180;60;0mgrad_norm:  2.1490  [38;2;54;234;195mmemory:  6.38GiB(8.06%)  [34mtps: 399  [36mtflops: 1.39  [35mmfu: 0.18%[39m
[titan] 2026-09-13 09:12:12,220 - root - INFO - [31mstep: 32  [32mloss:  2.78384  [38;2;180;60;0mgrad_norm:  2.1490  [38;2;54;234;195mmemory:  7.75GiB(9.79%)  [34mtps: 399  [36mtflops: 1.39  [35mmfu: 0.18%[39m
[titan] 2026-09-13 09:12:12,220 - root - INFO - [31mstep: 32  [32mloss:  2.78384  [38;2;180;60;0mgrad_norm:  2.1490  [38;2;54;234;195mmemory:  7.75GiB(9.79%)  [34mtps: 399  [36mtflops: 1.39  [35mmfu: 0.18%[39m
[titan] 2026-09-13 09:12:13,508 - root - INFO - [31mstep: 33  [32mloss: -2.00000  [38;2;180;60;0mgrad_norm:  1.0042  [38;2;54;234;195mmemory:  6.38GiB(8.06%)  [34mtps: 398  [36mtflops: 1.39  [35mmfu: 0.18%[39m
[titan] 2026-09-13 09:12:13,508 - root - INFO - [31mstep: 33  [32mloss: -2.00000  [38;2;180;60;0mgrad_norm:  1.0042  [38;2;54;234;195mmemory:  6.38GiB(8.06%)  [34mtps: 398  [36mtflops: 1.39  [35mmfu: 0.18%[39m
[titan] 2026-09-13 09:12:13,508 - root - INFO - [31mstep: 33  [32mloss:  2.62879  [38;2;180;60;0mgrad_norm:  1.0042  [38;2;54;234;195mmemory:  7.75GiB(9.79%)  [34mtps: 398  [36mtflops: 1.39  [35mmfu: 0.18%[39m
[titan] 2026-09-13 09:12:13,508 - root - INFO - [31mstep: 33  [32mloss:  2.62879  [38;2;180;60;0mgrad_norm:  1.0042  [38;2;54;234;195mmemory:  7.75GiB(9.79%)  [34mtps: 398  [36mtflops: 1.39  [35mmfu: 0.18%[39m
[titan] 2026-09-13 09:12:14,789 - root - INFO - [31mstep: 34  [32mloss: -2.00000  [38;2;180;60;0mgrad_norm:  1.6735  [38;2;54;234;195mmemory:  6.38GiB(8.06%)  [34mtps: 400  [36mtflops: 1.39  [35mmfu: 0.18%[39m
[titan] 2026-09-13 09:12:14,789 - root - INFO - [31mstep: 34  [32mloss: -2.00000  [38;2;180;60;0mgrad_norm:  1.6735  [38;2;54;234;195mmemory:  6.38GiB(8.06%)  [34mtps: 400  [36mtflops: 1.39  [35mmfu: 0.18%[39m
[titan] 2026-09-13 09:12:14,790 - root - INFO - [31mstep: 34  [32mloss:  2.62905  [38;2;180;60;0mgrad_norm:  1.6735  [38;2;54;234;195mmemory:  7.75GiB(9.79%)  [34mtps: 400  [36mtflops: 1.39  [35mmfu: 0.18%[39m
[titan] 2026-09-13 09:12:14,790 - root - INFO - [31mstep: 34  [32mloss:  2.62905  [38;2;180;60;0mgrad_norm:  1.6735  [38;2;54;234;195mmemory:  7.75GiB(9.79%)  [34mtps: 400  [36mtflops: 1.39  [35mmfu: 0.18%[39m
[titan] 2026-09-13 09:12:16,074 - root - INFO - [31mstep: 35  [32mloss: -2.00000  [38;2;180;60;0mgrad_norm:  1.7036  [38;2;54;234;195mmemory:  6.38GiB(8.06%)  [34mtps: 399  [36mtflops: 1.39  [35mmfu: 0.18%[39m
[titan] 2026-09-13 09:12:16,074 - root - INFO - [31mstep: 35  [32mloss: -2.00000  [38;2;180;60;0mgrad_norm:  1.7036  [38;2;54;234;195mmemory:  6.38GiB(8.06%)  [34mtps: 399  [36mtflops: 1.39  [35mmfu: 0.18%[39m
[titan] 2026-09-13 09:12:16,074 - root - INFO - [31mstep: 35  [32mloss:  2.77440  [38;2;180;60;0mgrad_norm:  1.7036  [38;2;54;234;195mmemory:  7.75GiB(9.79%)  [34mtps: 399  [36mtflops: 1.39  [35mmfu: 0.18%[39m
[titan] 2026-09-13 09:12:16,074 - root - INFO - [31mstep: 35  [32mloss:  2.77440  [38;2;180;60;0mgrad_norm:  1.7036  [38;2;54;234;195mmemory:  7.75GiB(9.79%)  [34mtps: 399  [36mtflops: 1.39  [35mmfu: 0.18%[39m
[titan] 2026-09-13 09:12:17,357 - root - INFO - [31mstep: 36  [32mloss: -2.00000  [38;2;180;60;0mgrad_norm:  1.5351  [38;2;54;234;195mmemory:  6.38GiB(8.06%)  [34mtps: 399  [36mtflops: 1.39  [35mmfu: 0.18%[39m
[titan] 2026-09-13 09:12:17,357 - root - INFO - [31mstep: 36  [32mloss: -2.00000  [38;2;180;60;0mgrad_norm:  1.5351  [38;2;54;234;195mmemory:  6.38GiB(8.06%)  [34mtps: 399  [36mtflops: 1.39  [35mmfu: 0.18%[39m
[titan] 2026-09-13 09:12:17,357 - root - INFO - [31mstep: 36  [32mloss:  2.61845  [38;2;180;60;0mgrad_norm:  1.5351  [38;2;54;234;195mmemory:  7.75GiB(9.79%)  [34mtps: 399  [36mtflops: 1.39  [35mmfu: 0.18%[39m
[titan] 2026-09-13 09:12:17,357 - root - INFO - [31mstep: 36  [32mloss:  2.61845  [38;2;180;60;0mgrad_norm:  1.5351  [38;2;54;234;195mmemory:  7.75GiB(9.79%)  [34mtps: 399  [36mtflops: 1.39  [35mmfu: 0.18%[39m
[titan] 2026-09-13 09:12:18,641 - root - INFO - [31mstep: 37  [32mloss: -2.00000  [38;2;180;60;0mgrad_norm:  1.4296  [38;2;54;234;195mmemory:  6.38GiB(8.06%)  [34mtps: 399  [36mtflops: 1.39  [35mmfu: 0.18%[39m
[titan] 2026-09-13 09:12:18,642 - root - INFO - [31mstep: 37  [32mloss: -2.00000  [38;2;180;60;0mgrad_norm:  1.4296  [38;2;54;234;195mmemory:  6.38GiB(8.06%)  [34mtps: 399  [36mtflops: 1.39  [35mmfu: 0.18%[39m
[titan] 2026-09-13 09:12:18,642 - root - INFO - [31mstep: 37  [32mloss:  2.76612  [38;2;180;60;0mgrad_norm:  1.4296  [38;2;54;234;195mmemory:  7.75GiB(9.79%)  [34mtps: 399  [36mtflops: 1.39  [35mmfu: 0.18%[39m
[titan] 2026-09-13 09:12:18,642 - root - INFO - [31mstep: 37  [32mloss:  2.76612  [38;2;180;60;0mgrad_norm:  1.4296  [38;2;54;234;195mmemory:  7.75GiB(9.79%)  [34mtps: 399  [36mtflops: 1.39  [35mmfu: 0.18%[39m
[titan] 2026-09-13 09:12:19,927 - root - INFO - [31mstep: 38  [32mloss: -2.00000  [38;2;180;60;0mgrad_norm:  2.1754  [38;2;54;234;195mmemory:  6.38GiB(8.06%)  [34mtps: 398  [36mtflops: 1.39  [35mmfu: 0.18%[39m
[titan] 2026-09-13 09:12:19,927 - root - INFO - [31mstep: 38  [32mloss: -2.00000  [38;2;180;60;0mgrad_norm:  2.1754  [38;2;54;234;195mmemory:  6.38GiB(8.06%)  [34mtps: 398  [36mtflops: 1.39  [35mmfu: 0.18%[39m
[titan] 2026-09-13 09:12:19,928 - root - INFO - [31mstep: 38  [32mloss:  2.66919  [38;2;180;60;0mgrad_norm:  2.1754  [38;2;54;234;195mmemory:  7.75GiB(9.79%)  [34mtps: 398  [36mtflops: 1.39  [35mmfu: 0.18%[39m
[titan] 2026-09-13 09:12:19,928 - root - INFO - [31mstep: 38  [32mloss:  2.66919  [38;2;180;60;0mgrad_norm:  2.1754  [38;2;54;234;195mmemory:  7.75GiB(9.79%)  [34mtps: 398  [36mtflops: 1.39  [35mmfu: 0.18%[39m
[titan] 2026-09-13 09:12:21,217 - root - INFO - [31mstep: 39  [32mloss: -2.00000  [38;2;180;60;0mgrad_norm:  1.9943  [38;2;54;234;195mmemory:  6.38GiB(8.06%)  [34mtps: 397  [36mtflops: 1.39  [35mmfu: 0.18%[39m
[titan] 2026-09-13 09:12:21,217 - root - INFO - [31mstep: 39  [32mloss: -2.00000  [38;2;180;60;0mgrad_norm:  1.9943  [38;2;54;234;195mmemory:  6.38GiB(8.06%)  [34mtps: 397  [36mtflops: 1.39  [35mmfu: 0.18%[39m
[titan] 2026-09-13 09:12:21,217 - root - INFO - [31mstep: 39  [32mloss:  2.70963  [38;2;180;60;0mgrad_norm:  1.9943  [38;2;54;234;195mmemory:  7.75GiB(9.79%)  [34mtps: 397  [36mtflops: 1.39  [35mmfu: 0.18%[39m
[titan] 2026-09-13 09:12:21,217 - root - INFO - [31mstep: 39  [32mloss:  2.70963  [38;2;180;60;0mgrad_norm:  1.9943  [38;2;54;234;195mmemory:  7.75GiB(9.79%)  [34mtps: 397  [36mtflops: 1.39  [35mmfu: 0.18%[39m
[titan] 2026-09-13 09:12:22,503 - root - INFO - [31mstep: 40  [32mloss: -2.00000  [38;2;180;60;0mgrad_norm:  1.5169  [38;2;54;234;195mmemory:  6.38GiB(8.06%)  [34mtps: 398  [36mtflops: 1.39  [35mmfu: 0.18%[39m
[titan] 2026-09-13 09:12:22,503 - root - INFO - [31mstep: 40  [32mloss: -2.00000  [38;2;180;60;0mgrad_norm:  1.5169  [38;2;54;234;195mmemory:  6.38GiB(8.06%)  [34mtps: 398  [36mtflops: 1.39  [35mmfu: 0.18%[39m
[titan] 2026-09-13 09:12:22,503 - root - INFO - [31mstep: 40  [32mloss:  2.74367  [38;2;180;60;0mgrad_norm:  1.5169  [38;2;54;234;195mmemory:  7.75GiB(9.79%)  [34mtps: 398  [36mtflops: 1.39  [35mmfu: 0.18%[39m
[titan] 2026-09-13 09:12:22,503 - root - INFO - [31mstep: 40  [32mloss:  2.74367  [38;2;180;60;0mgrad_norm:  1.5169  [38;2;54;234;195mmemory:  7.75GiB(9.79%)  [34mtps: 398  [36mtflops: 1.39  [35mmfu: 0.18%[39m
[titan] 2026-09-13 09:12:23,778 - root - INFO - [31mstep: 41  [32mloss: -2.00000  [38;2;180;60;0mgrad_norm:  1.6200  [38;2;54;234;195mmemory:  6.38GiB(8.06%)  [34mtps: 401  [36mtflops: 1.40  [35mmfu: 0.19%[39m
[titan] 2026-09-13 09:12:23,779 - root - INFO - [31mstep: 41  [32mloss: -2.00000  [38;2;180;60;0mgrad_norm:  1.6200  [38;2;54;234;195mmemory:  6.38GiB(8.06%)  [34mtps: 401  [36mtflops: 1.40  [35mmfu: 0.19%[39m
[titan] 2026-09-13 09:12:23,779 - root - INFO - [31mstep: 41  [32mloss:  2.77389  [38;2;180;60;0mgrad_norm:  1.6200  [38;2;54;234;195mmemory:  7.75GiB(9.79%)  [34mtps: 401  [36mtflops: 1.40  [35mmfu: 0.19%[39m
[titan] 2026-09-13 09:12:23,779 - root - INFO - [31mstep: 41  [32mloss:  2.77389  [38;2;180;60;0mgrad_norm:  1.6200  [38;2;54;234;195mmemory:  7.75GiB(9.79%)  [34mtps: 401  [36mtflops: 1.40  [35mmfu: 0.19%[39m
[titan] 2026-09-13 09:12:25,059 - root - INFO - [31mstep: 42  [32mloss: -2.00000  [38;2;180;60;0mgrad_norm:  1.9899  [38;2;54;234;195mmemory:  6.38GiB(8.06%)  [34mtps: 400  [36mtflops: 1.40  [35mmfu: 0.18%[39m
[titan] 2026-09-13 09:12:25,059 - root - INFO - [31mstep: 42  [32mloss: -2.00000  [38;2;180;60;0mgrad_norm:  1.9899  [38;2;54;234;195mmemory:  6.38GiB(8.06%)  [34mtps: 400  [36mtflops: 1.40  [35mmfu: 0.18%[39m
[titan] 2026-09-13 09:12:25,060 - root - INFO - [31mstep: 42  [32mloss:  2.71202  [38;2;180;60;0mgrad_norm:  1.9899  [38;2;54;234;195mmemory:  7.75GiB(9.79%)  [34mtps: 400  [36mtflops: 1.40  [35mmfu: 0.18%[39m
[titan] 2026-09-13 09:12:25,060 - root - INFO - [31mstep: 42  [32mloss:  2.71202  [38;2;180;60;0mgrad_norm:  1.9899  [38;2;54;234;195mmemory:  7.75GiB(9.79%)  [34mtps: 400  [36mtflops: 1.40  [35mmfu: 0.18%[39m
[titan] 2026-09-13 09:12:26,339 - root - INFO - [31mstep: 43  [32mloss: -2.00000  [38;2;180;60;0mgrad_norm:  1.4393  [38;2;54;234;195mmemory:  6.38GiB(8.06%)  [34mtps: 400  [36mtflops: 1.40  [35mmfu: 0.18%[39m
[titan] 2026-09-13 09:12:26,339 - root - INFO - [31mstep: 43  [32mloss: -2.00000  [38;2;180;60;0mgrad_norm:  1.4393  [38;2;54;234;195mmemory:  6.38GiB(8.06%)  [34mtps: 400  [36mtflops: 1.40  [35mmfu: 0.18%[39m
[titan] 2026-09-13 09:12:26,340 - root - INFO - [31mstep: 43  [32mloss:  2.67257  [38;2;180;60;0mgrad_norm:  1.4393  [38;2;54;234;195mmemory:  7.75GiB(9.79%)  [34mtps: 400  [36mtflops: 1.40  [35mmfu: 0.18%[39m
[titan] 2026-09-13 09:12:26,340 - root - INFO - [31mstep: 43  [32mloss:  2.67257  [38;2;180;60;0mgrad_norm:  1.4393  [38;2;54;234;195mmemory:  7.75GiB(9.79%)  [34mtps: 400  [36mtflops: 1.40  [35mmfu: 0.18%[39m
[titan] 2026-09-13 09:12:27,626 - root - INFO - [31mstep: 44  [32mloss: -2.00000  [38;2;180;60;0mgrad_norm:  1.1041  [38;2;54;234;195mmemory:  6.38GiB(8.06%)  [34mtps: 398  [36mtflops: 1.39  [35mmfu: 0.18%[39m
[titan] 2026-09-13 09:12:27,626 - root - INFO - [31mstep: 44  [32mloss: -2.00000  [38;2;180;60;0mgrad_norm:  1.1041  [38;2;54;234;195mmemory:  6.38GiB(8.06%)  [34mtps: 398  [36mtflops: 1.39  [35mmfu: 0.18%[39m
[titan] 2026-09-13 09:12:27,627 - root - INFO - [31mstep: 44  [32mloss:  2.60737  [38;2;180;60;0mgrad_norm:  1.1041  [38;2;54;234;195mmemory:  7.75GiB(9.79%)  [34mtps: 398  [36mtflops: 1.39  [35mmfu: 0.18%[39m
[titan] 2026-09-13 09:12:27,627 - root - INFO - [31mstep: 44  [32mloss:  2.60737  [38;2;180;60;0mgrad_norm:  1.1041  [38;2;54;234;195mmemory:  7.75GiB(9.79%)  [34mtps: 398  [36mtflops: 1.39  [35mmfu: 0.18%[39m
[titan] 2026-09-13 09:12:28,910 - root - INFO - [31mstep: 45  [32mloss: -2.00000  [38;2;180;60;0mgrad_norm:  1.3496  [38;2;54;234;195mmemory:  6.38GiB(8.06%)  [34mtps: 399  [36mtflops: 1.39  [35mmfu: 0.18%[39m
[titan] 2026-09-13 09:12:28,910 - root - INFO - [31mstep: 45  [32mloss: -2.00000  [38;2;180;60;0mgrad_norm:  1.3496  [38;2;54;234;195mmemory:  6.38GiB(8.06%)  [34mtps: 399  [36mtflops: 1.39  [35mmfu: 0.18%[39m
[titan] 2026-09-13 09:12:28,911 - root - INFO - [31mstep: 45  [32mloss:  2.72731  [38;2;180;60;0mgrad_norm:  1.3496  [38;2;54;234;195mmemory:  7.75GiB(9.79%)  [34mtps: 399  [36mtflops: 1.39  [35mmfu: 0.18%[39m
[titan] 2026-09-13 09:12:28,911 - root - INFO - [31mstep: 45  [32mloss:  2.72731  [38;2;180;60;0mgrad_norm:  1.3496  [38;2;54;234;195mmemory:  7.75GiB(9.79%)  [34mtps: 399  [36mtflops: 1.39  [35mmfu: 0.18%[39m
[titan] 2026-09-13 09:12:30,199 - root - INFO - [31mstep: 46  [32mloss: -2.00000  [38;2;180;60;0mgrad_norm:  1.0514  [38;2;54;234;195mmemory:  6.38GiB(8.06%)  [34mtps: 397  [36mtflops: 1.39  [35mmfu: 0.18%[39m
[titan] 2026-09-13 09:12:30,199 - root - INFO - [31mstep: 46  [32mloss: -2.00000  [38;2;180;60;0mgrad_norm:  1.0514  [38;2;54;234;195mmemory:  6.38GiB(8.06%)  [34mtps: 397  [36mtflops: 1.39  [35mmfu: 0.18%[39m
[titan] 2026-09-13 09:12:30,200 - root - INFO - [31mstep: 46  [32mloss:  2.64542  [38;2;180;60;0mgrad_norm:  1.0514  [38;2;54;234;195mmemory:  7.75GiB(9.79%)  [34mtps: 397  [36mtflops: 1.39  [35mmfu: 0.18%[39m
[titan] 2026-09-13 09:12:30,200 - root - INFO - [31mstep: 46  [32mloss:  2.64542  [38;2;180;60;0mgrad_norm:  1.0514  [38;2;54;234;195mmemory:  7.75GiB(9.79%)  [34mtps: 397  [36mtflops: 1.39  [35mmfu: 0.18%[39m
[titan] 2026-09-13 09:12:31,483 - root - INFO - [31mstep: 47  [32mloss: -2.00000  [38;2;180;60;0mgrad_norm:  1.6044  [38;2;54;234;195mmemory:  6.38GiB(8.06%)  [34mtps: 399  [36mtflops: 1.39  [35mmfu: 0.18%[39m
[titan] 2026-09-13 09:12:31,483 - root - INFO - [31mstep: 47  [32mloss: -2.00000  [38;2;180;60;0mgrad_norm:  1.6044  [38;2;54;234;195mmemory:  6.38GiB(8.06%)  [34mtps: 399  [36mtflops: 1.39  [35mmfu: 0.18%[39m
[titan] 2026-09-13 09:12:31,484 - root - INFO - [31mstep: 47  [32mloss:  2.70910  [38;2;180;60;0mgrad_norm:  1.6044  [38;2;54;234;195mmemory:  7.75GiB(9.79%)  [34mtps: 399  [36mtflops: 1.39  [35mmfu: 0.18%[39m
[titan] 2026-09-13 09:12:31,484 - root - INFO - [31mstep: 47  [32mloss:  2.70910  [38;2;180;60;0mgrad_norm:  1.6044  [38;2;54;234;195mmemory:  7.75GiB(9.79%)  [34mtps: 399  [36mtflops: 1.39  [35mmfu: 0.18%[39m
[titan] 2026-09-13 09:12:32,766 - root - INFO - [31mstep: 48  [32mloss: -2.00000  [38;2;180;60;0mgrad_norm:  1.2864  [38;2;54;234;195mmemory:  6.38GiB(8.06%)  [34mtps: 399  [36mtflops: 1.39  [35mmfu: 0.18%[39m
[titan] 2026-09-13 09:12:32,766 - root - INFO - [31mstep: 48  [32mloss: -2.00000  [38;2;180;60;0mgrad_norm:  1.2864  [38;2;54;234;195mmemory:  6.38GiB(8.06%)  [34mtps: 399  [36mtflops: 1.39  [35mmfu: 0.18%[39m
[titan] 2026-09-13 09:12:32,767 - root - INFO - [31mstep: 48  [32mloss:  2.69846  [38;2;180;60;0mgrad_norm:  1.2864  [38;2;54;234;195mmemory:  7.75GiB(9.79%)  [34mtps: 399  [36mtflops: 1.39  [35mmfu: 0.18%[39m
[titan] 2026-09-13 09:12:32,767 - root - INFO - [31mstep: 48  [32mloss:  2.69846  [38;2;180;60;0mgrad_norm:  1.2864  [38;2;54;234;195mmemory:  7.75GiB(9.79%)  [34mtps: 399  [36mtflops: 1.39  [35mmfu: 0.18%[39m
[titan] 2026-09-13 09:12:34,057 - root - INFO - [31mstep: 49  [32mloss: -2.00000  [38;2;180;60;0mgrad_norm:  1.1216  [38;2;54;234;195mmemory:  6.38GiB(8.06%)  [34mtps: 397  [36mtflops: 1.38  [35mmfu: 0.18%[39m
[titan] 2026-09-13 09:12:34,057 - root - INFO - [31mstep: 49  [32mloss: -2.00000  [38;2;180;60;0mgrad_norm:  1.1216  [38;2;54;234;195mmemory:  6.38GiB(8.06%)  [34mtps: 397  [36mtflops: 1.38  [35mmfu: 0.18%[39m
[titan] 2026-09-13 09:12:34,058 - root - INFO - [31mstep: 49  [32mloss:  2.69619  [38;2;180;60;0mgrad_norm:  1.1216  [38;2;54;234;195mmemory:  7.75GiB(9.79%)  [34mtps: 397  [36mtflops: 1.38  [35mmfu: 0.18%[39m
[titan] 2026-09-13 09:12:34,058 - root - INFO - [31mstep: 49  [32mloss:  2.69619  [38;2;180;60;0mgrad_norm:  1.1216  [38;2;54;234;195mmemory:  7.75GiB(9.79%)  [34mtps: 397  [36mtflops: 1.38  [35mmfu: 0.18%[39m
[titan] 2026-09-13 09:12:34,284 - root - INFO - [GC] Performing periodic GC collection took 0.23 seconds
[titan] 2026-09-13 09:12:34,291 - root - INFO - [GC] Performing periodic GC collection took 0.23 seconds
[titan] 2026-09-13 09:12:34,384 - root - INFO - [GC] Performing periodic GC collection took 0.33 seconds
[titan] 2026-09-13 09:12:34,391 - root - INFO - [GC] Performing periodic GC collection took 0.33 seconds
[titan] 2026-09-13 09:12:35,672 - root - INFO - [31mstep: 50  [32mloss: -2.00000  [38;2;180;60;0mgrad_norm:  1.8416  [38;2;54;234;195mmemory:  6.38GiB(8.06%)  [34mtps: 317  [36mtflops: 1.11  [35mmfu: 0.15%[39m
[titan] 2026-09-13 09:12:35,672 - root - INFO - [31mstep: 50  [32mloss: -2.00000  [38;2;180;60;0mgrad_norm:  1.8416  [38;2;54;234;195mmemory:  6.38GiB(8.06%)  [34mtps: 317  [36mtflops: 1.11  [35mmfu: 0.15%[39m
[titan] 2026-09-13 09:12:35,672 - root - INFO - [31mstep: 50  [32mloss:  2.63785  [38;2;180;60;0mgrad_norm:  1.8416  [38;2;54;234;195mmemory:  7.75GiB(9.79%)  [34mtps: 317  [36mtflops: 1.11  [35mmfu: 0.15%[39m
[titan] 2026-09-13 09:12:35,672 - root - INFO - [31mstep: 50  [32mloss:  2.63785  [38;2;180;60;0mgrad_norm:  1.8416  [38;2;54;234;195mmemory:  7.75GiB(9.79%)  [34mtps: 317  [36mtflops: 1.11  [35mmfu: 0.15%[39m
[titan] 2026-09-13 09:12:36,969 - root - INFO - [31mstep: 51  [32mloss: -2.00000  [38;2;180;60;0mgrad_norm:  1.6979  [38;2;54;234;195mmemory:  6.38GiB(8.06%)  [34mtps: 395  [36mtflops: 1.38  [35mmfu: 0.18%[39m
[titan] 2026-09-13 09:12:36,969 - root - INFO - [31mstep: 51  [32mloss: -2.00000  [38;2;180;60;0mgrad_norm:  1.6979  [38;2;54;234;195mmemory:  6.38GiB(8.06%)  [34mtps: 395  [36mtflops: 1.38  [35mmfu: 0.18%[39m
[titan] 2026-09-13 09:12:36,970 - root - INFO - [31mstep: 51  [32mloss:  2.64916  [38;2;180;60;0mgrad_norm:  1.6979  [38;2;54;234;195mmemory:  7.75GiB(9.79%)  [34mtps: 395  [36mtflops: 1.38  [35mmfu: 0.18%[39m
[titan] 2026-09-13 09:12:36,970 - root - INFO - [31mstep: 51  [32mloss:  2.64916  [38;2;180;60;0mgrad_norm:  1.6979  [38;2;54;234;195mmemory:  7.75GiB(9.79%)  [34mtps: 395  [36mtflops: 1.38  [35mmfu: 0.18%[39m
[titan] 2026-09-13 09:12:38,271 - root - INFO - [31mstep: 52  [32mloss: -2.00000  [38;2;180;60;0mgrad_norm:  1.4043  [38;2;54;234;195mmemory:  6.38GiB(8.06%)  [34mtps: 394  [36mtflops: 1.37  [35mmfu: 0.18%[39m
[titan] 2026-09-13 09:12:38,271 - root - INFO - [31mstep: 52  [32mloss: -2.00000  [38;2;180;60;0mgrad_norm:  1.4043  [38;2;54;234;195mmemory:  6.38GiB(8.06%)  [34mtps: 394  [36mtflops: 1.37  [35mmfu: 0.18%[39m
[titan] 2026-09-13 09:12:38,271 - root - INFO - [31mstep: 52  [32mloss:  2.58708  [38;2;180;60;0mgrad_norm:  1.4043  [38;2;54;234;195mmemory:  7.75GiB(9.79%)  [34mtps: 394  [36mtflops: 1.37  [35mmfu: 0.18%[39m
[titan] 2026-09-13 09:12:38,271 - root - INFO - [31mstep: 52  [32mloss:  2.58708  [38;2;180;60;0mgrad_norm:  1.4043  [38;2;54;234;195mmemory:  7.75GiB(9.79%)  [34mtps: 394  [36mtflops: 1.37  [35mmfu: 0.18%[39m
[titan] 2026-09-13 09:12:39,571 - root - INFO - [31mstep: 53  [32mloss: -2.00000  [38;2;180;60;0mgrad_norm:  1.9042  [38;2;54;234;195mmemory:  6.38GiB(8.06%)  [34mtps: 394  [36mtflops: 1.37  [35mmfu: 0.18%[39m
[titan] 2026-09-13 09:12:39,571 - root - INFO - [31mstep: 53  [32mloss: -2.00000  [38;2;180;60;0mgrad_norm:  1.9042  [38;2;54;234;195mmemory:  6.38GiB(8.06%)  [34mtps: 394  [36mtflops: 1.37  [35mmfu: 0.18%[39m
[titan] 2026-09-13 09:12:39,572 - root - INFO - [31mstep: 53  [32mloss:  2.71714  [38;2;180;60;0mgrad_norm:  1.9042  [38;2;54;234;195mmemory:  7.75GiB(9.79%)  [34mtps: 394  [36mtflops: 1.37  [35mmfu: 0.18%[39m
[titan] 2026-09-13 09:12:39,572 - root - INFO - [31mstep: 53  [32mloss:  2.71714  [38;2;180;60;0mgrad_norm:  1.9042  [38;2;54;234;195mmemory:  7.75GiB(9.79%)  [34mtps: 394  [36mtflops: 1.37  [35mmfu: 0.18%[39m
[titan] 2026-09-13 09:12:40,870 - root - INFO - [31mstep: 54  [32mloss: -2.00000  [38;2;180;60;0mgrad_norm:  2.1086  [38;2;54;234;195mmemory:  6.38GiB(8.06%)  [34mtps: 394  [36mtflops: 1.38  [35mmfu: 0.18%[39m
[titan] 2026-09-13 09:12:40,870 - root - INFO - [31mstep: 54  [32mloss: -2.00000  [38;2;180;60;0mgrad_norm:  2.1086  [38;2;54;234;195mmemory:  6.38GiB(8.06%)  [34mtps: 394  [36mtflops: 1.38  [35mmfu: 0.18%[39m
[titan] 2026-09-13 09:12:40,870 - root - INFO - [31mstep: 54  [32mloss:  2.79849  [38;2;180;60;0mgrad_norm:  2.1086  [38;2;54;234;195mmemory:  7.75GiB(9.79%)  [34mtps: 394  [36mtflops: 1.38  [35mmfu: 0.18%[39m
[titan] 2026-09-13 09:12:40,870 - root - INFO - [31mstep: 54  [32mloss:  2.79849  [38;2;180;60;0mgrad_norm:  2.1086  [38;2;54;234;195mmemory:  7.75GiB(9.79%)  [34mtps: 394  [36mtflops: 1.38  [35mmfu: 0.18%[39m
[titan] 2026-09-13 09:12:42,167 - root - INFO - [31mstep: 55  [32mloss: -2.00000  [38;2;180;60;0mgrad_norm:  1.6478  [38;2;54;234;195mmemory:  6.38GiB(8.06%)  [34mtps: 395  [36mtflops: 1.38  [35mmfu: 0.18%[39m
[titan] 2026-09-13 09:12:42,167 - root - INFO - [31mstep: 55  [32mloss: -2.00000  [38;2;180;60;0mgrad_norm:  1.6478  [38;2;54;234;195mmemory:  6.38GiB(8.06%)  [34mtps: 395  [36mtflops: 1.38  [35mmfu: 0.18%[39m
[titan] 2026-09-13 09:12:42,168 - root - INFO - [31mstep: 55  [32mloss:  2.86636  [38;2;180;60;0mgrad_norm:  1.6478  [38;2;54;234;195mmemory:  7.75GiB(9.79%)  [34mtps: 395  [36mtflops: 1.38  [35mmfu: 0.18%[39m
[titan] 2026-09-13 09:12:42,168 - root - INFO - [31mstep: 55  [32mloss:  2.86636  [38;2;180;60;0mgrad_norm:  1.6478  [38;2;54;234;195mmemory:  7.75GiB(9.79%)  [34mtps: 395  [36mtflops: 1.38  [35mmfu: 0.18%[39m
[titan] 2026-09-13 09:12:43,475 - root - INFO - [31mstep: 56  [32mloss: -2.00000  [38;2;180;60;0mgrad_norm:  1.5574  [38;2;54;234;195mmemory:  6.38GiB(8.06%)  [34mtps: 392  [36mtflops: 1.37  [35mmfu: 0.18%[39m
[titan] 2026-09-13 09:12:43,475 - root - INFO - [31mstep: 56  [32mloss: -2.00000  [38;2;180;60;0mgrad_norm:  1.5574  [38;2;54;234;195mmemory:  6.38GiB(8.06%)  [34mtps: 392  [36mtflops: 1.37  [35mmfu: 0.18%[39m
[titan] 2026-09-13 09:12:43,476 - root - INFO - [31mstep: 56  [32mloss:  2.53669  [38;2;180;60;0mgrad_norm:  1.5574  [38;2;54;234;195mmemory:  7.75GiB(9.79%)  [34mtps: 392  [36mtflops: 1.37  [35mmfu: 0.18%[39m
[titan] 2026-09-13 09:12:43,476 - root - INFO - [31mstep: 56  [32mloss:  2.53669  [38;2;180;60;0mgrad_norm:  1.5574  [38;2;54;234;195mmemory:  7.75GiB(9.79%)  [34mtps: 392  [36mtflops: 1.37  [35mmfu: 0.18%[39m
[titan] 2026-09-13 09:12:44,786 - root - INFO - [31mstep: 57  [32mloss: -2.00000  [38;2;180;60;0mgrad_norm:  1.8749  [38;2;54;234;195mmemory:  6.38GiB(8.06%)  [34mtps: 391  [36mtflops: 1.36  [35mmfu: 0.18%[39m
[titan] 2026-09-13 09:12:44,786 - root - INFO - [31mstep: 57  [32mloss: -2.00000  [38;2;180;60;0mgrad_norm:  1.8749  [38;2;54;234;195mmemory:  6.38GiB(8.06%)  [34mtps: 391  [36mtflops: 1.36  [35mmfu: 0.18%[39m
[titan] 2026-09-13 09:12:44,787 - root - INFO - [31mstep: 57  [32mloss:  2.62420  [38;2;180;60;0mgrad_norm:  1.8749  [38;2;54;234;195mmemory:  7.75GiB(9.79%)  [34mtps: 391  [36mtflops: 1.36  [35mmfu: 0.18%[39m
[titan] 2026-09-13 09:12:44,787 - root - INFO - [31mstep: 57  [32mloss:  2.62420  [38;2;180;60;0mgrad_norm:  1.8749  [38;2;54;234;195mmemory:  7.75GiB(9.79%)  [34mtps: 391  [36mtflops: 1.36  [35mmfu: 0.18%[39m
[titan] 2026-09-13 09:12:46,087 - root - INFO - [31mstep: 58  [32mloss: -2.00000  [38;2;180;60;0mgrad_norm:  1.8496  [38;2;54;234;195mmemory:  6.38GiB(8.06%)  [34mtps: 394  [36mtflops: 1.37  [35mmfu: 0.18%[39m
[titan] 2026-09-13 09:12:46,087 - root - INFO - [31mstep: 58  [32mloss: -2.00000  [38;2;180;60;0mgrad_norm:  1.8496  [38;2;54;234;195mmemory:  6.38GiB(8.06%)  [34mtps: 394  [36mtflops: 1.37  [35mmfu: 0.18%[39m
[titan] 2026-09-13 09:12:46,087 - root - INFO - [31mstep: 58  [32mloss:  2.57474  [38;2;180;60;0mgrad_norm:  1.8496  [38;2;54;234;195mmemory:  7.75GiB(9.79%)  [34mtps: 394  [36mtflops: 1.37  [35mmfu: 0.18%[39m
[titan] 2026-09-13 09:12:46,088 - root - INFO - [31mstep: 58  [32mloss:  2.57474  [38;2;180;60;0mgrad_norm:  1.8496  [38;2;54;234;195mmemory:  7.75GiB(9.79%)  [34mtps: 394  [36mtflops: 1.37  [35mmfu: 0.18%[39m
[titan] 2026-09-13 09:12:47,394 - root - INFO - [31mstep: 59  [32mloss: -2.00000  [38;2;180;60;0mgrad_norm:  1.3105  [38;2;54;234;195mmemory:  6.38GiB(8.06%)  [34mtps: 392  [36mtflops: 1.37  [35mmfu: 0.18%[39m
[titan] 2026-09-13 09:12:47,394 - root - INFO - [31mstep: 59  [32mloss: -2.00000  [38;2;180;60;0mgrad_norm:  1.3105  [38;2;54;234;195mmemory:  6.38GiB(8.06%)  [34mtps: 392  [36mtflops: 1.37  [35mmfu: 0.18%[39m
[titan] 2026-09-13 09:12:47,395 - root - INFO - [31mstep: 59  [32mloss:  2.55583  [38;2;180;60;0mgrad_norm:  1.3105  [38;2;54;234;195mmemory:  7.75GiB(9.79%)  [34mtps: 392  [36mtflops: 1.37  [35mmfu: 0.18%[39m
[titan] 2026-09-13 09:12:47,395 - root - INFO - [31mstep: 59  [32mloss:  2.55583  [38;2;180;60;0mgrad_norm:  1.3105  [38;2;54;234;195mmemory:  7.75GiB(9.79%)  [34mtps: 392  [36mtflops: 1.37  [35mmfu: 0.18%[39m
[titan] 2026-09-13 09:12:48,696 - root - INFO - [31mstep: 60  [32mloss: -2.00000  [38;2;180;60;0mgrad_norm:  1.9228  [38;2;54;234;195mmemory:  6.38GiB(8.06%)  [34mtps: 393  [36mtflops: 1.37  [35mmfu: 0.18%[39m
[titan] 2026-09-13 09:12:48,696 - root - INFO - [31mstep: 60  [32mloss: -2.00000  [38;2;180;60;0mgrad_norm:  1.9228  [38;2;54;234;195mmemory:  6.38GiB(8.06%)  [34mtps: 393  [36mtflops: 1.37  [35mmfu: 0.18%[39m
[titan] 2026-09-13 09:12:48,696 - root - INFO - [31mstep: 60  [32mloss:  2.53870  [38;2;180;60;0mgrad_norm:  1.9228  [38;2;54;234;195mmemory:  7.75GiB(9.79%)  [34mtps: 393  [36mtflops: 1.37  [35mmfu: 0.18%[39m
[titan] 2026-09-13 09:12:48,696 - root - INFO - [31mstep: 60  [32mloss:  2.53870  [38;2;180;60;0mgrad_norm:  1.9228  [38;2;54;234;195mmemory:  7.75GiB(9.79%)  [34mtps: 393  [36mtflops: 1.37  [35mmfu: 0.18%[39m
[titan] 2026-09-13 09:12:49,995 - root - INFO - [31mstep: 61  [32mloss: -2.00000  [38;2;180;60;0mgrad_norm:  2.1481  [38;2;54;234;195mmemory:  6.38GiB(8.06%)  [34mtps: 394  [36mtflops: 1.38  [35mmfu: 0.18%[39m
[titan] 2026-09-13 09:12:49,995 - root - INFO - [31mstep: 61  [32mloss: -2.00000  [38;2;180;60;0mgrad_norm:  2.1481  [38;2;54;234;195mmemory:  6.38GiB(8.06%)  [34mtps: 394  [36mtflops: 1.38  [35mmfu: 0.18%[39m
[titan] 2026-09-13 09:12:49,995 - root - INFO - [31mstep: 61  [32mloss:  2.56480  [38;2;180;60;0mgrad_norm:  2.1481  [38;2;54;234;195mmemory:  7.75GiB(9.79%)  [34mtps: 394  [36mtflops: 1.38  [35mmfu: 0.18%[39m
[titan] 2026-09-13 09:12:49,995 - root - INFO - [31mstep: 61  [32mloss:  2.56480  [38;2;180;60;0mgrad_norm:  2.1481  [38;2;54;234;195mmemory:  7.75GiB(9.79%)  [34mtps: 394  [36mtflops: 1.38  [35mmfu: 0.18%[39m
[titan] 2026-09-13 09:12:51,297 - root - INFO - [31mstep: 62  [32mloss: -2.00000  [38;2;180;60;0mgrad_norm:  1.6748  [38;2;54;234;195mmemory:  6.38GiB(8.06%)  [34mtps: 393  [36mtflops: 1.37  [35mmfu: 0.18%[39m
[titan] 2026-09-13 09:12:51,297 - root - INFO - [31mstep: 62  [32mloss: -2.00000  [38;2;180;60;0mgrad_norm:  1.6748  [38;2;54;234;195mmemory:  6.38GiB(8.06%)  [34mtps: 393  [36mtflops: 1.37  [35mmfu: 0.18%[39m
[titan] 2026-09-13 09:12:51,298 - root - INFO - [31mstep: 62  [32mloss:  2.68725  [38;2;180;60;0mgrad_norm:  1.6748  [38;2;54;234;195mmemory:  7.75GiB(9.79%)  [34mtps: 393  [36mtflops: 1.37  [35mmfu: 0.18%[39m
[titan] 2026-09-13 09:12:51,298 - root - INFO - [31mstep: 62  [32mloss:  2.68725  [38;2;180;60;0mgrad_norm:  1.6748  [38;2;54;234;195mmemory:  7.75GiB(9.79%)  [34mtps: 393  [36mtflops: 1.37  [35mmfu: 0.18%[39m
[titan] 2026-09-13 09:12:52,599 - root - INFO - [31mstep: 63  [32mloss: -2.00000  [38;2;180;60;0mgrad_norm:  1.1143  [38;2;54;234;195mmemory:  6.38GiB(8.06%)  [34mtps: 394  [36mtflops: 1.37  [35mmfu: 0.18%[39m
[titan] 2026-09-13 09:12:52,599 - root - INFO - [31mstep: 63  [32mloss: -2.00000  [38;2;180;60;0mgrad_norm:  1.1143  [38;2;54;234;195mmemory:  6.38GiB(8.06%)  [34mtps: 394  [36mtflops: 1.37  [35mmfu: 0.18%[39m
[titan] 2026-09-13 09:12:52,600 - root - INFO - [31mstep: 63  [32mloss:  2.65414  [38;2;180;60;0mgrad_norm:  1.1143  [38;2;54;234;195mmemory:  7.75GiB(9.79%)  [34mtps: 393  [36mtflops: 1.37  [35mmfu: 0.18%[39m
[titan] 2026-09-13 09:12:52,600 - root - INFO - [31mstep: 63  [32mloss:  2.65414  [38;2;180;60;0mgrad_norm:  1.1143  [38;2;54;234;195mmemory:  7.75GiB(9.79%)  [34mtps: 393  [36mtflops: 1.37  [35mmfu: 0.18%[39m
[titan] 2026-09-13 09:12:53,906 - root - INFO - [31mstep: 64  [32mloss: -2.00000  [38;2;180;60;0mgrad_norm:  1.7725  [38;2;54;234;195mmemory:  6.38GiB(8.06%)  [34mtps: 392  [36mtflops: 1.37  [35mmfu: 0.18%[39m
[titan] 2026-09-13 09:12:53,906 - root - INFO - [31mstep: 64  [32mloss: -2.00000  [38;2;180;60;0mgrad_norm:  1.7725  [38;2;54;234;195mmemory:  6.38GiB(8.06%)  [34mtps: 392  [36mtflops: 1.37  [35mmfu: 0.18%[39m
[titan] 2026-09-13 09:12:53,907 - root - INFO - [31mstep: 64  [32mloss:  2.64295  [38;2;180;60;0mgrad_norm:  1.7725  [38;2;54;234;195mmemory:  7.75GiB(9.79%)  [34mtps: 392  [36mtflops: 1.37  [35mmfu: 0.18%[39m
[titan] 2026-09-13 09:12:53,907 - root - INFO - [31mstep: 64  [32mloss:  2.64295  [38;2;180;60;0mgrad_norm:  1.7725  [38;2;54;234;195mmemory:  7.75GiB(9.79%)  [34mtps: 392  [36mtflops: 1.37  [35mmfu: 0.18%[39m
[titan] 2026-09-13 09:12:55,210 - root - INFO - [31mstep: 65  [32mloss: -2.00000  [38;2;180;60;0mgrad_norm:  1.6846  [38;2;54;234;195mmemory:  6.38GiB(8.06%)  [34mtps: 393  [36mtflops: 1.37  [35mmfu: 0.18%[39m
[titan] 2026-09-13 09:12:55,210 - root - INFO - [31mstep: 65  [32mloss: -2.00000  [38;2;180;60;0mgrad_norm:  1.6846  [38;2;54;234;195mmemory:  6.38GiB(8.06%)  [34mtps: 393  [36mtflops: 1.37  [35mmfu: 0.18%[39m
[titan] 2026-09-13 09:12:55,210 - root - INFO - [31mstep: 65  [32mloss:  2.67101  [38;2;180;60;0mgrad_norm:  1.6846  [38;2;54;234;195mmemory:  7.75GiB(9.79%)  [34mtps: 393  [36mtflops: 1.37  [35mmfu: 0.18%[39m
[titan] 2026-09-13 09:12:55,210 - root - INFO - [31mstep: 65  [32mloss:  2.67101  [38;2;180;60;0mgrad_norm:  1.6846  [38;2;54;234;195mmemory:  7.75GiB(9.79%)  [34mtps: 393  [36mtflops: 1.37  [35mmfu: 0.18%[39m
[titan] 2026-09-13 09:12:56,516 - root - INFO - [31mstep: 66  [32mloss: -2.00000  [38;2;180;60;0mgrad_norm:  1.3683  [38;2;54;234;195mmemory:  6.38GiB(8.06%)  [34mtps: 392  [36mtflops: 1.37  [35mmfu: 0.18%[39m
[titan] 2026-09-13 09:12:56,516 - root - INFO - [31mstep: 66  [32mloss: -2.00000  [38;2;180;60;0mgrad_norm:  1.3683  [38;2;54;234;195mmemory:  6.38GiB(8.06%)  [34mtps: 392  [36mtflops: 1.37  [35mmfu: 0.18%[39m
[titan] 2026-09-13 09:12:56,516 - root - INFO - [31mstep: 66  [32mloss:  2.55315  [38;2;180;60;0mgrad_norm:  1.3683  [38;2;54;234;195mmemory:  7.75GiB(9.79%)  [34mtps: 392  [36mtflops: 1.37  [35mmfu: 0.18%[39m
[titan] 2026-09-13 09:12:56,516 - root - INFO - [31mstep: 66  [32mloss:  2.55315  [38;2;180;60;0mgrad_norm:  1.3683  [38;2;54;234;195mmemory:  7.75GiB(9.79%)  [34mtps: 392  [36mtflops: 1.37  [35mmfu: 0.18%[39m
[titan] 2026-09-13 09:12:57,819 - root - INFO - [31mstep: 67  [32mloss: -2.00000  [38;2;180;60;0mgrad_norm:  1.4229  [38;2;54;234;195mmemory:  6.38GiB(8.06%)  [34mtps: 393  [36mtflops: 1.37  [35mmfu: 0.18%[39m
[titan] 2026-09-13 09:12:57,819 - root - INFO - [31mstep: 67  [32mloss: -2.00000  [38;2;180;60;0mgrad_norm:  1.4229  [38;2;54;234;195mmemory:  6.38GiB(8.06%)  [34mtps: 393  [36mtflops: 1.37  [35mmfu: 0.18%[39m
[titan] 2026-09-13 09:12:57,820 - root - INFO - [31mstep: 67  [32mloss:  2.48199  [38;2;180;60;0mgrad_norm:  1.4229  [38;2;54;234;195mmemory:  7.75GiB(9.79%)  [34mtps: 393  [36mtflops: 1.37  [35mmfu: 0.18%[39m
[titan] 2026-09-13 09:12:57,820 - root - INFO - [31mstep: 67  [32mloss:  2.48199  [38;2;180;60;0mgrad_norm:  1.4229  [38;2;54;234;195mmemory:  7.75GiB(9.79%)  [34mtps: 393  [36mtflops: 1.37  [35mmfu: 0.18%[39m
[titan] 2026-09-13 09:12:59,122 - root - INFO - [31mstep: 68  [32mloss: -2.00000  [38;2;180;60;0mgrad_norm:  1.5928  [38;2;54;234;195mmemory:  6.38GiB(8.06%)  [34mtps: 393  [36mtflops: 1.37  [35mmfu: 0.18%[39m
[titan] 2026-09-13 09:12:59,122 - root - INFO - [31mstep: 68  [32mloss: -2.00000  [38;2;180;60;0mgrad_norm:  1.5928  [38;2;54;234;195mmemory:  6.38GiB(8.06%)  [34mtps: 393  [36mtflops: 1.37  [35mmfu: 0.18%[39m
[titan] 2026-09-13 09:12:59,122 - root - INFO - [31mstep: 68  [32mloss:  2.53353  [38;2;180;60;0mgrad_norm:  1.5928  [38;2;54;234;195mmemory:  7.75GiB(9.79%)  [34mtps: 393  [36mtflops: 1.37  [35mmfu: 0.18%[39m
[titan] 2026-09-13 09:12:59,122 - root - INFO - [31mstep: 68  [32mloss:  2.53353  [38;2;180;60;0mgrad_norm:  1.5928  [38;2;54;234;195mmemory:  7.75GiB(9.79%)  [34mtps: 393  [36mtflops: 1.37  [35mmfu: 0.18%[39m
[titan] 2026-09-13 09:13:00,431 - root - INFO - [31mstep: 69  [32mloss: -2.00000  [38;2;180;60;0mgrad_norm:  1.7420  [38;2;54;234;195mmemory:  6.38GiB(8.06%)  [34mtps: 391  [36mtflops: 1.37  [35mmfu: 0.18%[39m
[titan] 2026-09-13 09:13:00,431 - root - INFO - [31mstep: 69  [32mloss: -2.00000  [38;2;180;60;0mgrad_norm:  1.7420  [38;2;54;234;195mmemory:  6.38GiB(8.06%)  [34mtps: 391  [36mtflops: 1.36  [35mmfu: 0.18%[39m
[titan] 2026-09-13 09:13:00,431 - root - INFO - [31mstep: 69  [32mloss:  2.70949  [38;2;180;60;0mgrad_norm:  1.7420  [38;2;54;234;195mmemory:  7.75GiB(9.79%)  [34mtps: 391  [36mtflops: 1.37  [35mmfu: 0.18%[39m
[titan] 2026-09-13 09:13:00,431 - root - INFO - [31mstep: 69  [32mloss:  2.70949  [38;2;180;60;0mgrad_norm:  1.7420  [38;2;54;234;195mmemory:  7.75GiB(9.79%)  [34mtps: 391  [36mtflops: 1.37  [35mmfu: 0.18%[39m
[titan] 2026-09-13 09:13:01,730 - root - INFO - [31mstep: 70  [32mloss: -2.00000  [38;2;180;60;0mgrad_norm:  1.4832  [38;2;54;234;195mmemory:  6.38GiB(8.06%)  [34mtps: 394  [36mtflops: 1.37  [35mmfu: 0.18%[39m
[titan] 2026-09-13 09:13:01,730 - root - INFO - [31mstep: 70  [32mloss: -2.00000  [38;2;180;60;0mgrad_norm:  1.4832  [38;2;54;234;195mmemory:  6.38GiB(8.06%)  [34mtps: 394  [36mtflops: 1.37  [35mmfu: 0.18%[39m
[titan] 2026-09-13 09:13:01,731 - root - INFO - [31mstep: 70  [32mloss:  2.68034  [38;2;180;60;0mgrad_norm:  1.4832  [38;2;54;234;195mmemory:  7.75GiB(9.79%)  [34mtps: 394  [36mtflops: 1.37  [35mmfu: 0.18%[39m
[titan] 2026-09-13 09:13:01,731 - root - INFO - [31mstep: 70  [32mloss:  2.68034  [38;2;180;60;0mgrad_norm:  1.4832  [38;2;54;234;195mmemory:  7.75GiB(9.79%)  [34mtps: 394  [36mtflops: 1.37  [35mmfu: 0.18%[39m
[titan] 2026-09-13 09:13:03,032 - root - INFO - [31mstep: 71  [32mloss: -2.00000  [38;2;180;60;0mgrad_norm:  1.5925  [38;2;54;234;195mmemory:  6.38GiB(8.06%)  [34mtps: 393  [36mtflops: 1.37  [35mmfu: 0.18%[39m
[titan] 2026-09-13 09:13:03,032 - root - INFO - [31mstep: 71  [32mloss: -2.00000  [38;2;180;60;0mgrad_norm:  1.5925  [38;2;54;234;195mmemory:  6.38GiB(8.06%)  [34mtps: 393  [36mtflops: 1.37  [35mmfu: 0.18%[39m
[titan] 2026-09-13 09:13:03,033 - root - INFO - [31mstep: 71  [32mloss:  2.44454  [38;2;180;60;0mgrad_norm:  1.5925  [38;2;54;234;195mmemory:  7.75GiB(9.79%)  [34mtps: 393  [36mtflops: 1.37  [35mmfu: 0.18%[39m
[titan] 2026-09-13 09:13:03,033 - root - INFO - [31mstep: 71  [32mloss:  2.44454  [38;2;180;60;0mgrad_norm:  1.5925  [38;2;54;234;195mmemory:  7.75GiB(9.79%)  [34mtps: 393  [36mtflops: 1.37  [35mmfu: 0.18%[39m
[titan] 2026-09-13 09:13:04,339 - root - INFO - [31mstep: 72  [32mloss: -2.00000  [38;2;180;60;0mgrad_norm:  1.6033  [38;2;54;234;195mmemory:  6.38GiB(8.06%)  [34mtps: 392  [36mtflops: 1.37  [35mmfu: 0.18%[39m
[titan] 2026-09-13 09:13:04,340 - root - INFO - [31mstep: 72  [32mloss: -2.00000  [38;2;180;60;0mgrad_norm:  1.6033  [38;2;54;234;195mmemory:  6.38GiB(8.06%)  [34mtps: 392  [36mtflops: 1.37  [35mmfu: 0.18%[39m
[titan] 2026-09-13 09:13:04,340 - root - INFO - [31mstep: 72  [32mloss:  2.49633  [38;2;180;60;0mgrad_norm:  1.6033  [38;2;54;234;195mmemory:  7.75GiB(9.79%)  [34mtps: 392  [36mtflops: 1.37  [35mmfu: 0.18%[39m
[titan] 2026-09-13 09:13:04,340 - root - INFO - [31mstep: 72  [32mloss:  2.49633  [38;2;180;60;0mgrad_norm:  1.6033  [38;2;54;234;195mmemory:  7.75GiB(9.79%)  [34mtps: 392  [36mtflops: 1.37  [35mmfu: 0.18%[39m
[titan] 2026-09-13 09:13:05,667 - root - INFO - [31mstep: 73  [32mloss: -2.00000  [38;2;180;60;0mgrad_norm:  1.4235  [38;2;54;234;195mmemory:  6.38GiB(8.06%)  [34mtps: 386  [36mtflops: 1.35  [35mmfu: 0.18%[39m
[titan] 2026-09-13 09:13:05,668 - root - INFO - [31mstep: 73  [32mloss: -2.00000  [38;2;180;60;0mgrad_norm:  1.4235  [38;2;54;234;195mmemory:  6.38GiB(8.06%)  [34mtps: 386  [36mtflops: 1.35  [35mmfu: 0.18%[39m
[titan] 2026-09-13 09:13:05,668 - root - INFO - [31mstep: 73  [32mloss:  2.46483  [38;2;180;60;0mgrad_norm:  1.4235  [38;2;54;234;195mmemory:  7.75GiB(9.79%)  [34mtps: 386  [36mtflops: 1.35  [35mmfu: 0.18%[39m
[titan] 2026-09-13 09:13:05,668 - root - INFO - [31mstep: 73  [32mloss:  2.46483  [38;2;180;60;0mgrad_norm:  1.4235  [38;2;54;234;195mmemory:  7.75GiB(9.79%)  [34mtps: 386  [36mtflops: 1.35  [35mmfu: 0.18%[39m
[titan] 2026-09-13 09:13:06,974 - root - INFO - [31mstep: 74  [32mloss: -2.00000  [38;2;180;60;0mgrad_norm:  4.6429  [38;2;54;234;195mmemory:  6.38GiB(8.06%)  [34mtps: 392  [36mtflops: 1.37  [35mmfu: 0.18%[39m
[titan] 2026-09-13 09:13:06,974 - root - INFO - [31mstep: 74  [32mloss: -2.00000  [38;2;180;60;0mgrad_norm:  4.6429  [38;2;54;234;195mmemory:  6.38GiB(8.06%)  [34mtps: 392  [36mtflops: 1.37  [35mmfu: 0.18%[39m
[titan] 2026-09-13 09:13:06,974 - root - INFO - [31mstep: 74  [32mloss:  2.48721  [38;2;180;60;0mgrad_norm:  4.6429  [38;2;54;234;195mmemory:  7.75GiB(9.79%)  [34mtps: 392  [36mtflops: 1.37  [35mmfu: 0.18%[39m
[titan] 2026-09-13 09:13:06,974 - root - INFO - [31mstep: 74  [32mloss:  2.48721  [38;2;180;60;0mgrad_norm:  4.6429  [38;2;54;234;195mmemory:  7.75GiB(9.79%)  [34mtps: 392  [36mtflops: 1.37  [35mmfu: 0.18%[39m
[titan] 2026-09-13 09:13:08,279 - root - INFO - [31mstep: 75  [32mloss: -2.00000  [38;2;180;60;0mgrad_norm:  1.8517  [38;2;54;234;195mmemory:  6.38GiB(8.06%)  [34mtps: 392  [36mtflops: 1.37  [35mmfu: 0.18%[39m
[titan] 2026-09-13 09:13:08,279 - root - INFO - [31mstep: 75  [32mloss: -2.00000  [38;2;180;60;0mgrad_norm:  1.8517  [38;2;54;234;195mmemory:  6.38GiB(8.06%)  [34mtps: 392  [36mtflops: 1.37  [35mmfu: 0.18%[39m
[titan] 2026-09-13 09:13:08,280 - root - INFO - [31mstep: 75  [32mloss:  2.62622  [38;2;180;60;0mgrad_norm:  1.8517  [38;2;54;234;195mmemory:  7.75GiB(9.79%)  [34mtps: 392  [36mtflops: 1.37  [35mmfu: 0.18%[39m
[titan] 2026-09-13 09:13:08,280 - root - INFO - [31mstep: 75  [32mloss:  2.62622  [38;2;180;60;0mgrad_norm:  1.8517  [38;2;54;234;195mmemory:  7.75GiB(9.79%)  [34mtps: 392  [36mtflops: 1.37  [35mmfu: 0.18%[39m
[titan] 2026-09-13 09:13:09,593 - root - INFO - [31mstep: 76  [32mloss: -2.00000  [38;2;180;60;0mgrad_norm:  1.5351  [38;2;54;234;195mmemory:  6.38GiB(8.06%)  [34mtps: 390  [36mtflops: 1.36  [35mmfu: 0.18%[39m
[titan] 2026-09-13 09:13:09,593 - root - INFO - [31mstep: 76  [32mloss: -2.00000  [38;2;180;60;0mgrad_norm:  1.5351  [38;2;54;234;195mmemory:  6.38GiB(8.06%)  [34mtps: 390  [36mtflops: 1.36  [35mmfu: 0.18%[39m
[titan] 2026-09-13 09:13:09,594 - root - INFO - [31mstep: 76  [32mloss:  2.41894  [38;2;180;60;0mgrad_norm:  1.5351  [38;2;54;234;195mmemory:  7.75GiB(9.79%)  [34mtps: 390  [36mtflops: 1.36  [35mmfu: 0.18%[39m
[titan] 2026-09-13 09:13:09,594 - root - INFO - [31mstep: 76  [32mloss:  2.41894  [38;2;180;60;0mgrad_norm:  1.5351  [38;2;54;234;195mmemory:  7.75GiB(9.79%)  [34mtps: 390  [36mtflops: 1.36  [35mmfu: 0.18%[39m
[titan] 2026-09-13 09:13:10,899 - root - INFO - [31mstep: 77  [32mloss: -2.00000  [38;2;180;60;0mgrad_norm:  1.3110  [38;2;54;234;195mmemory:  6.38GiB(8.06%)  [34mtps: 392  [36mtflops: 1.37  [35mmfu: 0.18%[39m
[titan] 2026-09-13 09:13:10,899 - root - INFO - [31mstep: 77  [32mloss: -2.00000  [38;2;180;60;0mgrad_norm:  1.3110  [38;2;54;234;195mmemory:  6.38GiB(8.06%)  [34mtps: 392  [36mtflops: 1.37  [35mmfu: 0.18%[39m
[titan] 2026-09-13 09:13:10,899 - root - INFO - [31mstep: 77  [32mloss:  2.51120  [38;2;180;60;0mgrad_norm:  1.3110  [38;2;54;234;195mmemory:  7.75GiB(9.79%)  [34mtps: 392  [36mtflops: 1.37  [35mmfu: 0.18%[39m
[titan] 2026-09-13 09:13:10,900 - root - INFO - [31mstep: 77  [32mloss:  2.51120  [38;2;180;60;0mgrad_norm:  1.3110  [38;2;54;234;195mmemory:  7.75GiB(9.79%)  [34mtps: 392  [36mtflops: 1.37  [35mmfu: 0.18%[39m
[titan] 2026-09-13 09:13:12,201 - root - INFO - [31mstep: 78  [32mloss: -2.00000  [38;2;180;60;0mgrad_norm:  1.3027  [38;2;54;234;195mmemory:  6.38GiB(8.06%)  [34mtps: 393  [36mtflops: 1.37  [35mmfu: 0.18%[39m
[titan] 2026-09-13 09:13:12,201 - root - INFO - [31mstep: 78  [32mloss: -2.00000  [38;2;180;60;0mgrad_norm:  1.3027  [38;2;54;234;195mmemory:  6.38GiB(8.06%)  [34mtps: 393  [36mtflops: 1.37  [35mmfu: 0.18%[39m
[titan] 2026-09-13 09:13:12,202 - root - INFO - [31mstep: 78  [32mloss:  2.45343  [38;2;180;60;0mgrad_norm:  1.3027  [38;2;54;234;195mmemory:  7.75GiB(9.79%)  [34mtps: 393  [36mtflops: 1.37  [35mmfu: 0.18%[39m
[titan] 2026-09-13 09:13:12,202 - root - INFO - [31mstep: 78  [32mloss:  2.45343  [38;2;180;60;0mgrad_norm:  1.3027  [38;2;54;234;195mmemory:  7.75GiB(9.79%)  [34mtps: 393  [36mtflops: 1.37  [35mmfu: 0.18%[39m
[titan] 2026-09-13 09:13:13,509 - root - INFO - [31mstep: 79  [32mloss: -2.00000  [38;2;180;60;0mgrad_norm:  1.1341  [38;2;54;234;195mmemory:  6.38GiB(8.06%)  [34mtps: 392  [36mtflops: 1.37  [35mmfu: 0.18%[39m
[titan] 2026-09-13 09:13:13,509 - root - INFO - [31mstep: 79  [32mloss: -2.00000  [38;2;180;60;0mgrad_norm:  1.1341  [38;2;54;234;195mmemory:  6.38GiB(8.06%)  [34mtps: 392  [36mtflops: 1.37  [35mmfu: 0.18%[39m
[titan] 2026-09-13 09:13:13,510 - root - INFO - [31mstep: 79  [32mloss:  2.47246  [38;2;180;60;0mgrad_norm:  1.1341  [38;2;54;234;195mmemory:  7.75GiB(9.79%)  [34mtps: 392  [36mtflops: 1.37  [35mmfu: 0.18%[39m
[titan] 2026-09-13 09:13:13,510 - root - INFO - [31mstep: 79  [32mloss:  2.47246  [38;2;180;60;0mgrad_norm:  1.1341  [38;2;54;234;195mmemory:  7.75GiB(9.79%)  [34mtps: 392  [36mtflops: 1.37  [35mmfu: 0.18%[39m
[titan] 2026-09-13 09:13:14,820 - root - INFO - [31mstep: 80  [32mloss: -2.00000  [38;2;180;60;0mgrad_norm:  1.1676  [38;2;54;234;195mmemory:  6.38GiB(8.06%)  [34mtps: 391  [36mtflops: 1.36  [35mmfu: 0.18%[39m
[titan] 2026-09-13 09:13:14,820 - root - INFO - [31mstep: 80  [32mloss: -2.00000  [38;2;180;60;0mgrad_norm:  1.1676  [38;2;54;234;195mmemory:  6.38GiB(8.06%)  [34mtps: 391  [36mtflops: 1.36  [35mmfu: 0.18%[39m
[titan] 2026-09-13 09:13:14,821 - root - INFO - [31mstep: 80  [32mloss:  2.54048  [38;2;180;60;0mgrad_norm:  1.1676  [38;2;54;234;195mmemory:  7.75GiB(9.79%)  [34mtps: 391  [36mtflops: 1.36  [35mmfu: 0.18%[39m
[titan] 2026-09-13 09:13:14,821 - root - INFO - [31mstep: 80  [32mloss:  2.54048  [38;2;180;60;0mgrad_norm:  1.1676  [38;2;54;234;195mmemory:  7.75GiB(9.79%)  [34mtps: 391  [36mtflops: 1.36  [35mmfu: 0.18%[39m
[titan] 2026-09-13 09:13:16,125 - root - INFO - [31mstep: 81  [32mloss: -2.00000  [38;2;180;60;0mgrad_norm:  1.2260  [38;2;54;234;195mmemory:  6.38GiB(8.06%)  [34mtps: 392  [36mtflops: 1.37  [35mmfu: 0.18%[39m
[titan] 2026-09-13 09:13:16,125 - root - INFO - [31mstep: 81  [32mloss: -2.00000  [38;2;180;60;0mgrad_norm:  1.2260  [38;2;54;234;195mmemory:  6.38GiB(8.06%)  [34mtps: 392  [36mtflops: 1.37  [35mmfu: 0.18%[39m
[titan] 2026-09-13 09:13:16,126 - root - INFO - [31mstep: 81  [32mloss:  2.48315  [38;2;180;60;0mgrad_norm:  1.2260  [38;2;54;234;195mmemory:  7.75GiB(9.79%)  [34mtps: 392  [36mtflops: 1.37  [35mmfu: 0.18%[39m
[titan] 2026-09-13 09:13:16,126 - root - INFO - [31mstep: 81  [32mloss:  2.48315  [38;2;180;60;0mgrad_norm:  1.2260  [38;2;54;234;195mmemory:  7.75GiB(9.79%)  [34mtps: 392  [36mtflops: 1.37  [35mmfu: 0.18%[39m
[titan] 2026-09-13 09:13:17,432 - root - INFO - [31mstep: 82  [32mloss: -2.00000  [38;2;180;60;0mgrad_norm:  1.2484  [38;2;54;234;195mmemory:  6.38GiB(8.06%)  [34mtps: 392  [36mtflops: 1.37  [35mmfu: 0.18%[39m
[titan] 2026-09-13 09:13:17,432 - root - INFO - [31mstep: 82  [32mloss: -2.00000  [38;2;180;60;0mgrad_norm:  1.2484  [38;2;54;234;195mmemory:  6.38GiB(8.06%)  [34mtps: 392  [36mtflops: 1.37  [35mmfu: 0.18%[39m
[titan] 2026-09-13 09:13:17,432 - root - INFO - [31mstep: 82  [32mloss:  2.46113  [38;2;180;60;0mgrad_norm:  1.2484  [38;2;54;234;195mmemory:  7.75GiB(9.79%)  [34mtps: 392  [36mtflops: 1.37  [35mmfu: 0.18%[39m
[titan] 2026-09-13 09:13:17,432 - root - INFO - [31mstep: 82  [32mloss:  2.46113  [38;2;180;60;0mgrad_norm:  1.2484  [38;2;54;234;195mmemory:  7.75GiB(9.79%)  [34mtps: 392  [36mtflops: 1.37  [35mmfu: 0.18%[39m
[titan] 2026-09-13 09:13:18,745 - root - INFO - [31mstep: 83  [32mloss: -2.00000  [38;2;180;60;0mgrad_norm:  1.0257  [38;2;54;234;195mmemory:  6.38GiB(8.06%)  [34mtps: 390  [36mtflops: 1.36  [35mmfu: 0.18%[39m
[titan] 2026-09-13 09:13:18,745 - root - INFO - [31mstep: 83  [32mloss: -2.00000  [38;2;180;60;0mgrad_norm:  1.0257  [38;2;54;234;195mmemory:  6.38GiB(8.06%)  [34mtps: 390  [36mtflops: 1.36  [35mmfu: 0.18%[39m
[titan] 2026-09-13 09:13:18,746 - root - INFO - [31mstep: 83  [32mloss:  2.45263  [38;2;180;60;0mgrad_norm:  1.0257  [38;2;54;234;195mmemory:  7.75GiB(9.79%)  [34mtps: 390  [36mtflops: 1.36  [35mmfu: 0.18%[39m
[titan] 2026-09-13 09:13:18,746 - root - INFO - [31mstep: 83  [32mloss:  2.45263  [38;2;180;60;0mgrad_norm:  1.0257  [38;2;54;234;195mmemory:  7.75GiB(9.79%)  [34mtps: 390  [36mtflops: 1.36  [35mmfu: 0.18%[39m
[titan] 2026-09-13 09:13:20,050 - root - INFO - [31mstep: 84  [32mloss: -2.00000  [38;2;180;60;0mgrad_norm:  1.0527  [38;2;54;234;195mmemory:  6.38GiB(8.06%)  [34mtps: 392  [36mtflops: 1.37  [35mmfu: 0.18%[39m
[titan] 2026-09-13 09:13:20,050 - root - INFO - [31mstep: 84  [32mloss: -2.00000  [38;2;180;60;0mgrad_norm:  1.0527  [38;2;54;234;195mmemory:  6.38GiB(8.06%)  [34mtps: 392  [36mtflops: 1.37  [35mmfu: 0.18%[39m
[titan] 2026-09-13 09:13:20,051 - root - INFO - [31mstep: 84  [32mloss:  2.46270  [38;2;180;60;0mgrad_norm:  1.0527  [38;2;54;234;195mmemory:  7.75GiB(9.79%)  [34mtps: 392  [36mtflops: 1.37  [35mmfu: 0.18%[39m
[titan] 2026-09-13 09:13:20,051 - root - INFO - [31mstep: 84  [32mloss:  2.46270  [38;2;180;60;0mgrad_norm:  1.0527  [38;2;54;234;195mmemory:  7.75GiB(9.79%)  [34mtps: 392  [36mtflops: 1.37  [35mmfu: 0.18%[39m
[titan] 2026-09-13 09:13:21,357 - root - INFO - [31mstep: 85  [32mloss: -2.00000  [38;2;180;60;0mgrad_norm:  0.9874  [38;2;54;234;195mmemory:  6.38GiB(8.06%)  [34mtps: 392  [36mtflops: 1.37  [35mmfu: 0.18%[39m
[titan] 2026-09-13 09:13:21,357 - root - INFO - [31mstep: 85  [32mloss: -2.00000  [38;2;180;60;0mgrad_norm:  0.9874  [38;2;54;234;195mmemory:  6.38GiB(8.06%)  [34mtps: 392  [36mtflops: 1.37  [35mmfu: 0.18%[39m
[titan] 2026-09-13 09:13:21,357 - root - INFO - [31mstep: 85  [32mloss:  2.51851  [38;2;180;60;0mgrad_norm:  0.9874  [38;2;54;234;195mmemory:  7.75GiB(9.79%)  [34mtps: 392  [36mtflops: 1.37  [35mmfu: 0.18%[39m
[titan] 2026-09-13 09:13:21,357 - root - INFO - [31mstep: 85  [32mloss:  2.51851  [38;2;180;60;0mgrad_norm:  0.9874  [38;2;54;234;195mmemory:  7.75GiB(9.79%)  [34mtps: 392  [36mtflops: 1.37  [35mmfu: 0.18%[39m
[titan] 2026-09-13 09:13:22,661 - root - INFO - [31mstep: 86  [32mloss: -2.00000  [38;2;180;60;0mgrad_norm:  0.9817  [38;2;54;234;195mmemory:  6.38GiB(8.06%)  [34mtps: 393  [36mtflops: 1.37  [35mmfu: 0.18%[39m
[titan] 2026-09-13 09:13:22,661 - root - INFO - [31mstep: 86  [32mloss: -2.00000  [38;2;180;60;0mgrad_norm:  0.9817  [38;2;54;234;195mmemory:  6.38GiB(8.06%)  [34mtps: 393  [36mtflops: 1.37  [35mmfu: 0.18%[39m
[titan] 2026-09-13 09:13:22,662 - root - INFO - [31mstep: 86  [32mloss:  2.40817  [38;2;180;60;0mgrad_norm:  0.9817  [38;2;54;234;195mmemory:  7.75GiB(9.79%)  [34mtps: 393  [36mtflops: 1.37  [35mmfu: 0.18%[39m
[titan] 2026-09-13 09:13:22,662 - root - INFO - [31mstep: 86  [32mloss:  2.40817  [38;2;180;60;0mgrad_norm:  0.9817  [38;2;54;234;195mmemory:  7.75GiB(9.79%)  [34mtps: 393  [36mtflops: 1.37  [35mmfu: 0.18%[39m
[titan] 2026-09-13 09:13:23,971 - root - INFO - [31mstep: 87  [32mloss: -2.00000  [38;2;180;60;0mgrad_norm:  1.1109  [38;2;54;234;195mmemory:  6.38GiB(8.06%)  [34mtps: 391  [36mtflops: 1.36  [35mmfu: 0.18%[39m
[titan] 2026-09-13 09:13:23,971 - root - INFO - [31mstep: 87  [32mloss: -2.00000  [38;2;180;60;0mgrad_norm:  1.1109  [38;2;54;234;195mmemory:  6.38GiB(8.06%)  [34mtps: 391  [36mtflops: 1.36  [35mmfu: 0.18%[39m
[titan] 2026-09-13 09:13:23,972 - root - INFO - [31mstep: 87  [32mloss:  2.51035  [38;2;180;60;0mgrad_norm:  1.1109  [38;2;54;234;195mmemory:  7.75GiB(9.79%)  [34mtps: 391  [36mtflops: 1.36  [35mmfu: 0.18%[39m
[titan] 2026-09-13 09:13:23,972 - root - INFO - [31mstep: 87  [32mloss:  2.51035  [38;2;180;60;0mgrad_norm:  1.1109  [38;2;54;234;195mmemory:  7.75GiB(9.79%)  [34mtps: 391  [36mtflops: 1.36  [35mmfu: 0.18%[39m
[titan] 2026-09-13 09:13:25,276 - root - INFO - [31mstep: 88  [32mloss: -2.00000  [38;2;180;60;0mgrad_norm:  1.1551  [38;2;54;234;195mmemory:  6.38GiB(8.06%)  [34mtps: 392  [36mtflops: 1.37  [35mmfu: 0.18%[39m
[titan] 2026-09-13 09:13:25,276 - root - INFO - [31mstep: 88  [32mloss: -2.00000  [38;2;180;60;0mgrad_norm:  1.1551  [38;2;54;234;195mmemory:  6.38GiB(8.06%)  [34mtps: 392  [36mtflops: 1.37  [35mmfu: 0.18%[39m
[titan] 2026-09-13 09:13:25,277 - root - INFO - [31mstep: 88  [32mloss:  2.55115  [38;2;180;60;0mgrad_norm:  1.1551  [38;2;54;234;195mmemory:  7.75GiB(9.79%)  [34mtps: 392  [36mtflops: 1.37  [35mmfu: 0.18%[39m
[titan] 2026-09-13 09:13:25,277 - root - INFO - [31mstep: 88  [32mloss:  2.55115  [38;2;180;60;0mgrad_norm:  1.1551  [38;2;54;234;195mmemory:  7.75GiB(9.79%)  [34mtps: 392  [36mtflops: 1.37  [35mmfu: 0.18%[39m
[titan] 2026-09-13 09:13:26,582 - root - INFO - [31mstep: 89  [32mloss: -2.00000  [38;2;180;60;0mgrad_norm:  1.5331  [38;2;54;234;195mmemory:  6.38GiB(8.06%)  [34mtps: 392  [36mtflops: 1.37  [35mmfu: 0.18%[39m
[titan] 2026-09-13 09:13:26,582 - root - INFO - [31mstep: 89  [32mloss: -2.00000  [38;2;180;60;0mgrad_norm:  1.5331  [38;2;54;234;195mmemory:  6.38GiB(8.06%)  [34mtps: 392  [36mtflops: 1.37  [35mmfu: 0.18%[39m
[titan] 2026-09-13 09:13:26,583 - root - INFO - [31mstep: 89  [32mloss:  2.49621  [38;2;180;60;0mgrad_norm:  1.5331  [38;2;54;234;195mmemory:  7.75GiB(9.79%)  [34mtps: 392  [36mtflops: 1.37  [35mmfu: 0.18%[39m
[titan] 2026-09-13 09:13:26,583 - root - INFO - [31mstep: 89  [32mloss:  2.49621  [38;2;180;60;0mgrad_norm:  1.5331  [38;2;54;234;195mmemory:  7.75GiB(9.79%)  [34mtps: 392  [36mtflops: 1.37  [35mmfu: 0.18%[39m
[titan] 2026-09-13 09:13:27,894 - root - INFO - [31mstep: 90  [32mloss: -2.00000  [38;2;180;60;0mgrad_norm:  1.0792  [38;2;54;234;195mmemory:  6.38GiB(8.06%)  [34mtps: 390  [36mtflops: 1.36  [35mmfu: 0.18%[39m
[titan] 2026-09-13 09:13:27,894 - root - INFO - [31mstep: 90  [32mloss: -2.00000  [38;2;180;60;0mgrad_norm:  1.0792  [38;2;54;234;195mmemory:  6.38GiB(8.06%)  [34mtps: 390  [36mtflops: 1.36  [35mmfu: 0.18%[39m
[titan] 2026-09-13 09:13:27,895 - root - INFO - [31mstep: 90  [32mloss:  2.40170  [38;2;180;60;0mgrad_norm:  1.0792  [38;2;54;234;195mmemory:  7.75GiB(9.79%)  [34mtps: 390  [36mtflops: 1.36  [35mmfu: 0.18%[39m
[titan] 2026-09-13 09:13:27,895 - root - INFO - [31mstep: 90  [32mloss:  2.40170  [38;2;180;60;0mgrad_norm:  1.0792  [38;2;54;234;195mmemory:  7.75GiB(9.79%)  [34mtps: 390  [36mtflops: 1.36  [35mmfu: 0.18%[39m
[titan] 2026-09-13 09:13:29,225 - root - INFO - [31mstep: 91  [32mloss: -2.00000  [38;2;180;60;0mgrad_norm:  1.4205  [38;2;54;234;195mmemory:  6.38GiB(8.06%)  [34mtps: 385  [36mtflops: 1.34  [35mmfu: 0.18%[39m
[titan] 2026-09-13 09:13:29,225 - root - INFO - [31mstep: 91  [32mloss: -2.00000  [38;2;180;60;0mgrad_norm:  1.4205  [38;2;54;234;195mmemory:  6.38GiB(8.06%)  [34mtps: 385  [36mtflops: 1.34  [35mmfu: 0.18%[39m
[titan] 2026-09-13 09:13:29,225 - root - INFO - [31mstep: 91  [32mloss:  2.53963  [38;2;180;60;0mgrad_norm:  1.4205  [38;2;54;234;195mmemory:  7.75GiB(9.79%)  [34mtps: 385  [36mtflops: 1.34  [35mmfu: 0.18%[39m
[titan] 2026-09-13 09:13:29,225 - root - INFO - [31mstep: 91  [32mloss:  2.53963  [38;2;180;60;0mgrad_norm:  1.4205  [38;2;54;234;195mmemory:  7.75GiB(9.79%)  [34mtps: 385  [36mtflops: 1.34  [35mmfu: 0.18%[39m
[titan] 2026-09-13 09:13:30,534 - root - INFO - [31mstep: 92  [32mloss: -2.00000  [38;2;180;60;0mgrad_norm:  1.1183  [38;2;54;234;195mmemory:  6.38GiB(8.06%)  [34mtps: 391  [36mtflops: 1.36  [35mmfu: 0.18%[39m
[titan] 2026-09-13 09:13:30,534 - root - INFO - [31mstep: 92  [32mloss: -2.00000  [38;2;180;60;0mgrad_norm:  1.1183  [38;2;54;234;195mmemory:  6.38GiB(8.06%)  [34mtps: 391  [36mtflops: 1.36  [35mmfu: 0.18%[39m
[titan] 2026-09-13 09:13:30,535 - root - INFO - [31mstep: 92  [32mloss:  2.48307  [38;2;180;60;0mgrad_norm:  1.1183  [38;2;54;234;195mmemory:  7.75GiB(9.79%)  [34mtps: 391  [36mtflops: 1.36  [35mmfu: 0.18%[39m
[titan] 2026-09-13 09:13:30,535 - root - INFO - [31mstep: 92  [32mloss:  2.48307  [38;2;180;60;0mgrad_norm:  1.1183  [38;2;54;234;195mmemory:  7.75GiB(9.79%)  [34mtps: 391  [36mtflops: 1.36  [35mmfu: 0.18%[39m
[titan] 2026-09-13 09:13:31,837 - root - INFO - [31mstep: 93  [32mloss: -2.00000  [38;2;180;60;0mgrad_norm:  0.9711  [38;2;54;234;195mmemory:  6.38GiB(8.06%)  [34mtps: 393  [36mtflops: 1.37  [35mmfu: 0.18%[39m
[titan] 2026-09-13 09:13:31,837 - root - INFO - [31mstep: 93  [32mloss: -2.00000  [38;2;180;60;0mgrad_norm:  0.9711  [38;2;54;234;195mmemory:  6.38GiB(8.06%)  [34mtps: 393  [36mtflops: 1.37  [35mmfu: 0.18%[39m
[titan] 2026-09-13 09:13:31,837 - root - INFO - [31mstep: 93  [32mloss:  2.56307  [38;2;180;60;0mgrad_norm:  0.9711  [38;2;54;234;195mmemory:  7.75GiB(9.79%)  [34mtps: 393  [36mtflops: 1.37  [35mmfu: 0.18%[39m
[titan] 2026-09-13 09:13:31,837 - root - INFO - [31mstep: 93  [32mloss:  2.56307  [38;2;180;60;0mgrad_norm:  0.9711  [38;2;54;234;195mmemory:  7.75GiB(9.79%)  [34mtps: 393  [36mtflops: 1.37  [35mmfu: 0.18%[39m
[titan] 2026-09-13 09:13:33,144 - root - INFO - [31mstep: 94  [32mloss: -2.00000  [38;2;180;60;0mgrad_norm:  1.0085  [38;2;54;234;195mmemory:  6.38GiB(8.06%)  [34mtps: 392  [36mtflops: 1.37  [35mmfu: 0.18%[39m
[titan] 2026-09-13 09:13:33,144 - root - INFO - [31mstep: 94  [32mloss: -2.00000  [38;2;180;60;0mgrad_norm:  1.0085  [38;2;54;234;195mmemory:  6.38GiB(8.06%)  [34mtps: 392  [36mtflops: 1.37  [35mmfu: 0.18%[39m
[titan] 2026-09-13 09:13:33,144 - root - INFO - [31mstep: 94  [32mloss:  2.40858  [38;2;180;60;0mgrad_norm:  1.0085  [38;2;54;234;195mmemory:  7.75GiB(9.79%)  [34mtps: 392  [36mtflops: 1.37  [35mmfu: 0.18%[39m
[titan] 2026-09-13 09:13:33,144 - root - INFO - [31mstep: 94  [32mloss:  2.40858  [38;2;180;60;0mgrad_norm:  1.0085  [38;2;54;234;195mmemory:  7.75GiB(9.79%)  [34mtps: 392  [36mtflops: 1.37  [35mmfu: 0.18%[39m
[titan] 2026-09-13 09:13:34,451 - root - INFO - [31mstep: 95  [32mloss: -2.00000  [38;2;180;60;0mgrad_norm:  0.9343  [38;2;54;234;195mmemory:  6.38GiB(8.06%)  [34mtps: 392  [36mtflops: 1.37  [35mmfu: 0.18%[39m
[titan] 2026-09-13 09:13:34,451 - root - INFO - [31mstep: 95  [32mloss: -2.00000  [38;2;180;60;0mgrad_norm:  0.9343  [38;2;54;234;195mmemory:  6.38GiB(8.06%)  [34mtps: 392  [36mtflops: 1.37  [35mmfu: 0.18%[39m
[titan] 2026-09-13 09:13:34,451 - root - INFO - [31mstep: 95  [32mloss:  2.51661  [38;2;180;60;0mgrad_norm:  0.9343  [38;2;54;234;195mmemory:  7.75GiB(9.79%)  [34mtps: 392  [36mtflops: 1.37  [35mmfu: 0.18%[39m
[titan] 2026-09-13 09:13:34,451 - root - INFO - [31mstep: 95  [32mloss:  2.51661  [38;2;180;60;0mgrad_norm:  0.9343  [38;2;54;234;195mmemory:  7.75GiB(9.79%)  [34mtps: 392  [36mtflops: 1.37  [35mmfu: 0.18%[39m
[titan] 2026-09-13 09:13:35,757 - root - INFO - [31mstep: 96  [32mloss: -2.00000  [38;2;180;60;0mgrad_norm:  0.8953  [38;2;54;234;195mmemory:  6.38GiB(8.06%)  [34mtps: 392  [36mtflops: 1.37  [35mmfu: 0.18%[39m
[titan] 2026-09-13 09:13:35,757 - root - INFO - [31mstep: 96  [32mloss: -2.00000  [38;2;180;60;0mgrad_norm:  0.8953  [38;2;54;234;195mmemory:  6.38GiB(8.06%)  [34mtps: 392  [36mtflops: 1.37  [35mmfu: 0.18%[39m
[titan] 2026-09-13 09:13:35,758 - root - INFO - [31mstep: 96  [32mloss:  2.47079  [38;2;180;60;0mgrad_norm:  0.8953  [38;2;54;234;195mmemory:  7.75GiB(9.79%)  [34mtps: 392  [36mtflops: 1.37  [35mmfu: 0.18%[39m
[titan] 2026-09-13 09:13:35,758 - root - INFO - [31mstep: 96  [32mloss:  2.47079  [38;2;180;60;0mgrad_norm:  0.8953  [38;2;54;234;195mmemory:  7.75GiB(9.79%)  [34mtps: 392  [36mtflops: 1.37  [35mmfu: 0.18%[39m
[titan] 2026-09-13 09:13:37,068 - root - INFO - [31mstep: 97  [32mloss: -2.00000  [38;2;180;60;0mgrad_norm:  1.0895  [38;2;54;234;195mmemory:  6.38GiB(8.06%)  [34mtps: 391  [36mtflops: 1.36  [35mmfu: 0.18%[39m
[titan] 2026-09-13 09:13:37,068 - root - INFO - [31mstep: 97  [32mloss: -2.00000  [38;2;180;60;0mgrad_norm:  1.0895  [38;2;54;234;195mmemory:  6.38GiB(8.06%)  [34mtps: 391  [36mtflops: 1.36  [35mmfu: 0.18%[39m
[titan] 2026-09-13 09:13:37,068 - root - INFO - [31mstep: 97  [32mloss:  2.39761  [38;2;180;60;0mgrad_norm:  1.0895  [38;2;54;234;195mmemory:  7.75GiB(9.79%)  [34mtps: 391  [36mtflops: 1.36  [35mmfu: 0.18%[39m
[titan] 2026-09-13 09:13:37,068 - root - INFO - [31mstep: 97  [32mloss:  2.39761  [38;2;180;60;0mgrad_norm:  1.0895  [38;2;54;234;195mmemory:  7.75GiB(9.79%)  [34mtps: 391  [36mtflops: 1.36  [35mmfu: 0.18%[39m
[titan] 2026-09-13 09:13:38,371 - root - INFO - [31mstep: 98  [32mloss: -2.00000  [38;2;180;60;0mgrad_norm:  0.8346  [38;2;54;234;195mmemory:  6.38GiB(8.06%)  [34mtps: 393  [36mtflops: 1.37  [35mmfu: 0.18%[39m
[titan] 2026-09-13 09:13:38,371 - root - INFO - [31mstep: 98  [32mloss: -2.00000  [38;2;180;60;0mgrad_norm:  0.8346  [38;2;54;234;195mmemory:  6.38GiB(8.06%)  [34mtps: 393  [36mtflops: 1.37  [35mmfu: 0.18%[39m
[titan] 2026-09-13 09:13:38,371 - root - INFO - [31mstep: 98  [32mloss:  2.53932  [38;2;180;60;0mgrad_norm:  0.8346  [38;2;54;234;195mmemory:  7.75GiB(9.79%)  [34mtps: 393  [36mtflops: 1.37  [35mmfu: 0.18%[39m
[titan] 2026-09-13 09:13:38,371 - root - INFO - [31mstep: 98  [32mloss:  2.53932  [38;2;180;60;0mgrad_norm:  0.8346  [38;2;54;234;195mmemory:  7.75GiB(9.79%)  [34mtps: 393  [36mtflops: 1.37  [35mmfu: 0.18%[39m
[titan] 2026-09-13 09:13:39,675 - root - INFO - [31mstep: 99  [32mloss: -2.00000  [38;2;180;60;0mgrad_norm:  0.7522  [38;2;54;234;195mmemory:  6.38GiB(8.06%)  [34mtps: 393  [36mtflops: 1.37  [35mmfu: 0.18%[39m
[titan] 2026-09-13 09:13:39,675 - root - INFO - [31mstep: 99  [32mloss: -2.00000  [38;2;180;60;0mgrad_norm:  0.7522  [38;2;54;234;195mmemory:  6.38GiB(8.06%)  [34mtps: 393  [36mtflops: 1.37  [35mmfu: 0.18%[39m
[titan] 2026-09-13 09:13:39,676 - root - INFO - [31mstep: 99  [32mloss:  2.53102  [38;2;180;60;0mgrad_norm:  0.7522  [38;2;54;234;195mmemory:  7.75GiB(9.79%)  [34mtps: 393  [36mtflops: 1.37  [35mmfu: 0.18%[39m
[titan] 2026-09-13 09:13:39,676 - root - INFO - [31mstep: 99  [32mloss:  2.53102  [38;2;180;60;0mgrad_norm:  0.7522  [38;2;54;234;195mmemory:  7.75GiB(9.79%)  [34mtps: 393  [36mtflops: 1.37  [35mmfu: 0.18%[39m
[titan] 2026-09-13 09:13:39,844 - root - INFO - [GC] Performing periodic GC collection took 0.17 seconds
[titan] 2026-09-13 09:13:39,846 - root - INFO - [GC] Performing periodic GC collection took 0.17 seconds
[titan] 2026-09-13 09:13:39,847 - root - INFO - [GC] Performing periodic GC collection took 0.17 seconds
[titan] 2026-09-13 09:13:39,852 - root - INFO - [GC] Performing periodic GC collection took 0.18 seconds
[titan] 2026-09-13 09:13:41,146 - root - INFO - [31mstep: 100  [32mloss: -2.00000  [38;2;180;60;0mgrad_norm:  1.0711  [38;2;54;234;195mmemory:  6.38GiB(8.06%)  [34mtps: 348  [36mtflops: 1.21  [35mmfu: 0.16%[39m
[titan] 2026-09-13 09:13:41,146 - root - INFO - [31mstep: 100  [32mloss: -2.00000  [38;2;180;60;0mgrad_norm:  1.0711  [38;2;54;234;195mmemory:  6.38GiB(8.06%)  [34mtps: 348  [36mtflops: 1.21  [35mmfu: 0.16%[39m
[titan] 2026-09-13 09:13:41,147 - root - INFO - Saving the checkpoint.
[titan] 2026-09-13 09:13:41,147 - root - INFO - Saving a full checkpoint at last step, step 100.
[titan] 2026-09-13 09:13:41,147 - root - INFO - Saving the checkpoint.
[titan] 2026-09-13 09:13:41,147 - root - INFO - [31mstep: 100  [32mloss:  2.41250  [38;2;180;60;0mgrad_norm:  1.0711  [38;2;54;234;195mmemory:  7.75GiB(9.79%)  [34mtps: 348  [36mtflops: 1.21  [35mmfu: 0.16%[39m
[titan] 2026-09-13 09:13:41,147 - root - INFO - Saving a full checkpoint at last step, step 100.
[titan] 2026-09-13 09:13:41,147 - root - INFO - [31mstep: 100  [32mloss:  2.41250  [38;2;180;60;0mgrad_norm:  1.0711  [38;2;54;234;195mmemory:  7.75GiB(9.79%)  [34mtps: 348  [36mtflops: 1.21  [35mmfu: 0.16%[39m
[titan] 2026-09-13 09:13:41,147 - root - INFO - Saving the checkpoint.
[titan] 2026-09-13 09:13:41,147 - root - INFO - Saving a full checkpoint at last step, step 100.
[titan] 2026-09-13 09:13:41,147 - root - INFO - Saving the checkpoint.
[titan] 2026-09-13 09:13:41,147 - root - INFO - Saving a full checkpoint at last step, step 100.
[titan] 2026-09-13 09:13:47,140 - root - INFO - [GC] GC collection invoked by checkpointer. took 0.04 seconds
[titan] 2026-09-13 09:13:47,147 - root - INFO - Last step checkpoint completed in 6.00s
[titan] 2026-09-13 09:13:47,147 - root - INFO - Sleeping 2 seconds for other ranks to complete
[titan] 2026-09-13 09:13:47,160 - root - INFO - [GC] GC collection invoked by checkpointer. took 0.03 seconds
[titan] 2026-09-13 09:13:47,165 - root - INFO - Last step checkpoint completed in 6.02s
[titan] 2026-09-13 09:13:47,166 - root - INFO - Training completed
[titan] 2026-09-13 09:13:47,172 - root - INFO - Destroying the purge thread.
[titan] 2026-09-13 09:13:47,223 - root - INFO - [GC] GC collection invoked by checkpointer. took 0.09 seconds
[titan] 2026-09-13 09:13:47,224 - root - INFO - [GC] GC collection invoked by checkpointer. took 0.09 seconds
[titan] 2026-09-13 09:13:47,230 - root - INFO - Last step checkpoint completed in 6.08s
[titan] 2026-09-13 09:13:47,230 - root - INFO - Training completed
[titan] 2026-09-13 09:13:47,230 - root - INFO - Last step checkpoint completed in 6.08s
[titan] 2026-09-13 09:13:47,231 - root - INFO - Training completed
[titan] 2026-09-13 09:13:47,241 - root - INFO - Destroying the purge thread.
[titan] 2026-09-13 09:13:47,242 - root - INFO - Destroying the purge thread.
[titan] 2026-09-13 09:13:49,147 - root - INFO - Training completed
[titan] 2026-09-13 09:13:49,154 - root - INFO - Destroying the purge thread.
[titan] 2026-09-13 09:13:51,569 - root - INFO - Process group destroyed
[titan] 2026-09-13 09:13:51,571 - root - INFO - Process group destroyed
[titan] 2026-09-13 09:13:51,573 - root - INFO - Process group destroyed
[titan] 2026-09-13 09:13:51,624 - root - INFO - Process group destroyed
