W1002 08:39:50.621000 43199 torch/distributed/run.py:982] 
W1002 08:39:50.621000 43199 torch/distributed/run.py:982] *****************************************
W1002 08:39:50.621000 43199 torch/distributed/run.py:982] Setting OMP_NUM_THREADS environment variable for each process to be 1 in default, to avoid your system being overloaded, please further tune the variable for optimal performance in your application as needed. 
W1002 08:39:50.621000 43199 torch/distributed/run.py:982] *****************************************
[rank0]:WARNING:absl:Failed to load jax profiler: No module named 'jax'
[rank2]:WARNING:absl:Failed to load jax profiler: No module named 'jax'
[rank3]:WARNING:absl:Failed to load jax profiler: No module named 'jax'
[rank1]:WARNING:absl:Failed to load jax profiler: No module named 'jax'
[rank1]:[titan] 2026-10-02 08:39:57,152 - __main__ - INFO - torchtitan version: 0.0.0+unknown (0.0.0 means __version__ is not defined correctly).
[rank3]:[titan] 2026-10-02 08:39:57,126 - __main__ - INFO - torchtitan version: 0.0.0+unknown (0.0.0 means __version__ is not defined correctly).
[rank0]:[titan] 2026-10-02 08:39:57,207 - __main__ - INFO - torchtitan version: 0.0.0+unknown (0.0.0 means __version__ is not defined correctly).
[rank2]:[titan] 2026-10-02 08:39:57,287 - __main__ - INFO - torchtitan version: 0.0.0+unknown (0.0.0 means __version__ is not defined correctly).
[rank3]:[titan] 2026-10-02 08:39:57,789 - torchtitan.observability.structured_logger.jsonl_handler - INFO - Structured logging -> JSONL: /root/mep/results/dep_new_numerics/num_bubble_new/out/structured_logs/training.global_rank_3.20261002-083957-QDLOTK.jsonl
[rank1]:[titan] 2026-10-02 08:39:57,812 - torchtitan.observability.structured_logger.jsonl_handler - INFO - Structured logging -> JSONL: /root/mep/results/dep_new_numerics/num_bubble_new/out/structured_logs/training.global_rank_1.20261002-083957-6W9LTQ.jsonl
[rank0]:[titan] 2026-10-02 08:39:57,922 - torchtitan.observability.structured_logger.jsonl_handler - INFO - Structured logging -> JSONL: /root/mep/results/dep_new_numerics/num_bubble_new/out/structured_logs/training.global_rank_0.20261002-083957-I8RHFB.jsonl
[rank2]:[titan] 2026-10-02 08:39:58,006 - torchtitan.observability.structured_logger.jsonl_handler - INFO - Structured logging -> JSONL: /root/mep/results/dep_new_numerics/num_bubble_new/out/structured_logs/training.global_rank_2.20261002-083958-FHEEDV.jsonl
[rank1]:[titan] 2026-10-02 08:39:58,493 - torchtitan.distributed.utils - WARNING - ENV[TORCH_NCCL_ASYNC_ERROR_HANDLING] = 1 will be overridden to 3 based on job config
[rank3]:[titan] 2026-10-02 08:39:58,522 - torchtitan.distributed.utils - WARNING - ENV[TORCH_NCCL_ASYNC_ERROR_HANDLING] = 1 will be overridden to 3 based on job config
[rank2]:[titan] 2026-10-02 08:39:58,706 - torchtitan.distributed.utils - WARNING - ENV[TORCH_NCCL_ASYNC_ERROR_HANDLING] = 1 will be overridden to 3 based on job config
[rank0]:[titan] 2026-10-02 08:39:58,685 - torchtitan.distributed.utils - WARNING - ENV[TORCH_NCCL_ASYNC_ERROR_HANDLING] = 1 will be overridden to 3 based on job config
[rank2]:[titan] 2026-10-02 08:39:59,394 - torchtitan.tools.utils - INFO - [GC] Initial GC collection took 0.00 seconds
[rank2]:[titan] 2026-10-02 08:39:59,394 - torchtitan.distributed.utils - INFO - Deterministic algorithm enabled (expect perf degradation).
[rank1]:[titan] 2026-10-02 08:39:59,383 - torchtitan.tools.utils - INFO - [GC] Initial GC collection took 0.00 seconds
[rank1]:[titan] 2026-10-02 08:39:59,383 - torchtitan.distributed.utils - INFO - Deterministic algorithm enabled (expect perf degradation).
[rank1]:[titan] 2026-10-02 08:39:59,394 - torchtitan.distributed.parallelism_context - INFO - Building device mesh with parallelism: pp=4, dp_replicate=1, dp_shard=1, cp=1, tp=1, ep=1
[rank0]:[titan] 2026-10-02 08:39:59,391 - torchtitan.tools.utils - INFO - [GC] Initial GC collection took 0.00 seconds
[rank0]:[titan] 2026-10-02 08:39:59,391 - torchtitan.distributed.utils - INFO - Deterministic algorithm enabled (expect perf degradation).
[rank0]:[titan] 2026-10-02 08:39:59,404 - torchtitan.distributed.parallelism_context - INFO - Building device mesh with parallelism: pp=4, dp_replicate=1, dp_shard=1, cp=1, tp=1, ep=1
[rank3]:[titan] 2026-10-02 08:39:59,385 - torchtitan.tools.utils - INFO - [GC] Initial GC collection took 0.00 seconds
[rank3]:[titan] 2026-10-02 08:39:59,385 - torchtitan.distributed.utils - INFO - Deterministic algorithm enabled (expect perf degradation).
[rank3]:[titan] 2026-10-02 08:39:59,397 - torchtitan.distributed.parallelism_context - INFO - Building device mesh with parallelism: pp=4, dp_replicate=1, dp_shard=1, cp=1, tp=1, ep=1
[rank2]:[titan] 2026-10-02 08:39:59,414 - torchtitan.distributed.parallelism_context - INFO - Building device mesh with parallelism: pp=4, dp_replicate=1, dp_shard=1, cp=1, tp=1, ep=1
[rank2]:[titan] 2026-10-02 08:40:00,501 - torchtitan.distributed.parallelism_context - INFO - Successfully created meshes with active axes: ['pp']
[rank0]:[titan] 2026-10-02 08:40:00,488 - torchtitan.distributed.parallelism_context - INFO - Successfully created meshes with active axes: ['pp']
[rank2]:[titan] 2026-10-02 08:40:00,505 - torchtitan.observability.metrics - INFO - CUDA capacity: NVIDIA H100 80GB HBM3 with 79.21GiB memory
[rank0]:[titan] 2026-10-02 08:40:00,491 - torchtitan.observability.metrics - INFO - CUDA capacity: NVIDIA H100 80GB HBM3 with 79.21GiB memory
[rank1]:[titan] 2026-10-02 08:40:00,498 - torchtitan.distributed.parallelism_context - INFO - Successfully created meshes with active axes: ['pp']
[rank0]:[titan] 2026-10-02 08:40:00,502 - torchtitan.config.configurable - WARNING - Config field value of type InterpolationMode may not be JSON serializable
[rank1]:[titan] 2026-10-02 08:40:00,500 - torchtitan.observability.metrics - INFO - CUDA capacity: NVIDIA H100 80GB HBM3 with 79.21GiB memory
[rank0]:[titan] 2026-10-02 08:40:00,503 - torchtitan.tools.utils - WARNING - Error running lspci: [Errno 2] No such file or directory: 'lspci', fallback to use device_name
[rank0]:[titan] 2026-10-02 08:40:00,504 - torchtitan.components.tokenizer - INFO - Loading tokenizer from tokenizer.json
[rank3]:[titan] 2026-10-02 08:40:00,500 - torchtitan.distributed.parallelism_context - INFO - Successfully created meshes with active axes: ['pp']
[rank3]:[titan] 2026-10-02 08:40:00,503 - torchtitan.observability.metrics - INFO - CUDA capacity: NVIDIA H100 80GB HBM3 with 79.21GiB memory
[rank2]:[titan] 2026-10-02 08:40:00,518 - torchtitan.config.configurable - WARNING - Config field value of type InterpolationMode may not be JSON serializable
[rank1]:[titan] 2026-10-02 08:40:00,511 - torchtitan.config.configurable - WARNING - Config field value of type InterpolationMode may not be JSON serializable
[rank2]:[titan] 2026-10-02 08:40:00,519 - torchtitan.tools.utils - WARNING - Error running lspci: [Errno 2] No such file or directory: 'lspci', fallback to use device_name
[rank1]:[titan] 2026-10-02 08:40:00,512 - torchtitan.tools.utils - WARNING - Error running lspci: [Errno 2] No such file or directory: 'lspci', fallback to use device_name
[rank2]:[titan] 2026-10-02 08:40:00,520 - torchtitan.components.tokenizer - INFO - Loading tokenizer from tokenizer.json
[rank1]:[titan] 2026-10-02 08:40:00,513 - torchtitan.components.tokenizer - INFO - Loading tokenizer from tokenizer.json
[rank3]:[titan] 2026-10-02 08:40:00,514 - torchtitan.config.configurable - WARNING - Config field value of type InterpolationMode may not be JSON serializable
[rank3]:[titan] 2026-10-02 08:40:00,515 - torchtitan.tools.utils - WARNING - Error running lspci: [Errno 2] No such file or directory: 'lspci', fallback to use device_name
[rank3]:[titan] 2026-10-02 08:40:00,516 - torchtitan.components.tokenizer - INFO - Loading tokenizer from tokenizer.json
[rank0]:[titan] 2026-10-02 08:40:00,690 - torchtitan.protocols.state_dict_adapter - WARNING - model.safetensors.index.json not found at hf_assets_path: ./tests/assets/tokenizer/model.safetensors.index.json.                     Defaulting to saving a single safetensors file if checkpoint is saved in HF format
[rank2]:[titan] 2026-10-02 08:40:00,652 - torchtitan.protocols.state_dict_adapter - WARNING - model.safetensors.index.json not found at hf_assets_path: ./tests/assets/tokenizer/model.safetensors.index.json.                     Defaulting to saving a single safetensors file if checkpoint is saved in HF format
[rank0]:[titan] 2026-10-02 08:40:00,693 - torchtitan.models.utils - INFO - Total parameter count: 11,625,395,584, active parameters: 8,885,570,688
[rank1]:[titan] 2026-10-02 08:40:00,643 - torchtitan.protocols.state_dict_adapter - WARNING - model.safetensors.index.json not found at hf_assets_path: ./tests/assets/tokenizer/model.safetensors.index.json.                     Defaulting to saving a single safetensors file if checkpoint is saved in HF format
[rank2]:[titan] 2026-10-02 08:40:00,655 - torchtitan.models.utils - INFO - Total parameter count: 11,625,395,584, active parameters: 8,885,570,688
[rank1]:[titan] 2026-10-02 08:40:00,647 - torchtitan.models.utils - INFO - Total parameter count: 11,625,395,584, active parameters: 8,885,570,688
[rank2]:[titan] 2026-10-02 08:40:00,665 - torchtitan.distributed.activation_checkpoint - INFO - Applied FullAC activation checkpointing to the model
[rank1]:[titan] 2026-10-02 08:40:00,656 - torchtitan.distributed.activation_checkpoint - INFO - Applied FullAC activation checkpointing to the model
[rank0]:[titan] 2026-10-02 08:40:00,704 - torchtitan.distributed.activation_checkpoint - INFO - Applied FullAC activation checkpointing to the model
[rank3]:[titan] 2026-10-02 08:40:00,650 - torchtitan.protocols.state_dict_adapter - WARNING - model.safetensors.index.json not found at hf_assets_path: ./tests/assets/tokenizer/model.safetensors.index.json.                     Defaulting to saving a single safetensors file if checkpoint is saved in HF format
[rank3]:[titan] 2026-10-02 08:40:00,654 - torchtitan.models.utils - INFO - Total parameter count: 11,625,395,584, active parameters: 8,885,570,688
[rank3]:[titan] 2026-10-02 08:40:00,664 - torchtitan.distributed.activation_checkpoint - INFO - Applied FullAC activation checkpointing to the model
[rank2]:[titan] 2026-10-02 08:40:00,842 - torchtitan.distributed.pipeline_parallel - INFO - PP rank 2 is building stage_idx 2 with modules ['layers.3', 'layers.4']
[rank2]:[titan] 2026-10-02 08:40:00,908 - torchtitan.distributed.pipeline_parallel - INFO - PP rank 2 is building stage_idx 6 with modules ['layers.8']
[rank0]:[titan] 2026-10-02 08:40:00,877 - torchtitan.distributed.pipeline_parallel - INFO - PP rank 0 is building stage_idx 0 with modules ['vision_encoder', 'tok_embeddings', 'layers.0']
[rank1]:[titan] 2026-10-02 08:40:00,832 - torchtitan.distributed.pipeline_parallel - INFO - PP rank 1 is building stage_idx 1 with modules ['layers.1', 'layers.2']
[rank1]:[titan] 2026-10-02 08:40:00,899 - torchtitan.distributed.pipeline_parallel - INFO - PP rank 1 is building stage_idx 5 with modules ['layers.7']
[rank3]:[titan] 2026-10-02 08:40:00,844 - torchtitan.distributed.pipeline_parallel - INFO - PP rank 3 is building stage_idx 3 with modules ['layers.5']
[rank3]:[titan] 2026-10-02 08:40:00,912 - torchtitan.distributed.pipeline_parallel - INFO - PP rank 3 is building stage_idx 7 with modules ['layers.9']
[rank2]:[titan] 2026-10-02 08:40:00,974 - torchtitan.distributed.pipeline_parallel - INFO - PP rank 2 is building stage_idx 10 with modules ['layers.12']
[rank0]:[titan] 2026-10-02 08:40:00,944 - torchtitan.distributed.pipeline_parallel - INFO - PP rank 0 is building stage_idx 4 with modules ['layers.6']
[rank1]:[titan] 2026-10-02 08:40:00,965 - torchtitan.distributed.pipeline_parallel - INFO - PP rank 1 is building stage_idx 9 with modules ['layers.11']
[rank0]:[titan] 2026-10-02 08:40:01,011 - torchtitan.distributed.pipeline_parallel - INFO - PP rank 0 is building stage_idx 8 with modules ['layers.10']
[rank3]:[titan] 2026-10-02 08:40:00,979 - torchtitan.distributed.pipeline_parallel - INFO - PP rank 3 is building stage_idx 11 with modules ['layers.13']
[rank2]:[titan] 2026-10-02 08:40:01,044 - torchtitan.distributed.pipeline_parallel - INFO - PP rank 2 is building stage_idx 14 with modules ['layers.16']
[rank2]:[titan] 2026-10-02 08:40:01,053 - torchtitan.distributed.activation_checkpoint - INFO - Applied FullAC activation checkpointing to the model
[rank2]:[titan] 2026-10-02 08:40:01,102 - torchtitan.distributed.fsdp - INFO - Applied FSDP to the model
[rank2]:[titan] 2026-10-02 08:40:01,106 - torchtitan.distributed.activation_checkpoint - INFO - Applied FullAC activation checkpointing to the model
[rank1]:[titan] 2026-10-02 08:40:01,031 - torchtitan.distributed.pipeline_parallel - INFO - PP rank 1 is building stage_idx 13 with modules ['layers.15']
[rank0]:[titan] 2026-10-02 08:40:01,078 - torchtitan.distributed.pipeline_parallel - INFO - PP rank 0 is building stage_idx 12 with modules ['layers.14']
[rank2]:[titan] 2026-10-02 08:40:01,110 - torchtitan.distributed.fsdp - INFO - Applied FSDP to the model
[rank0]:[titan] 2026-10-02 08:40:01,085 - torchtitan.distributed.activation_checkpoint - INFO - Applied FullAC activation checkpointing to the model
[rank1]:[titan] 2026-10-02 08:40:01,039 - torchtitan.distributed.activation_checkpoint - INFO - Applied FullAC activation checkpointing to the model
[rank1]:[titan] 2026-10-02 08:40:01,080 - torchtitan.distributed.fsdp - INFO - Applied FSDP to the model
[rank0]:[titan] 2026-10-02 08:40:01,085 - torchtitan.distributed.activation_checkpoint - INFO - Applied FullAC activation checkpointing to the model
[rank1]:[titan] 2026-10-02 08:40:01,084 - torchtitan.distributed.activation_checkpoint - INFO - Applied FullAC activation checkpointing to the model
[rank1]:[titan] 2026-10-02 08:40:01,093 - torchtitan.distributed.fsdp - INFO - Applied FSDP to the model
[rank1]:[titan] 2026-10-02 08:40:01,097 - torchtitan.distributed.activation_checkpoint - INFO - Applied FullAC activation checkpointing to the model
[rank1]:[titan] 2026-10-02 08:40:01,100 - torchtitan.distributed.fsdp - INFO - Applied FSDP to the model
[rank1]:[titan] 2026-10-02 08:40:01,104 - torchtitan.distributed.activation_checkpoint - INFO - Applied FullAC activation checkpointing to the model
[rank1]:[titan] 2026-10-02 08:40:01,107 - torchtitan.distributed.fsdp - INFO - Applied FSDP to the model
[rank1]:[titan] 2026-10-02 08:40:01,112 - torchtitan.distributed.pipeline_parallel - INFO - Using pipeline schedule Interleaved1F1B with 16 microbatches and 16 stages.
[rank3]:[titan] 2026-10-02 08:40:01,047 - torchtitan.distributed.pipeline_parallel - INFO - PP rank 3 is building stage_idx 15 with modules ['norm', 'lm_head', 'output_res_proj', 'output_res_norm']
[rank3]:[titan] 2026-10-02 08:40:01,053 - torchtitan.distributed.activation_checkpoint - INFO - Applied FullAC activation checkpointing to the model
[rank3]:[titan] 2026-10-02 08:40:01,094 - torchtitan.distributed.fsdp - INFO - Applied FSDP to the model
[rank3]:[titan] 2026-10-02 08:40:01,098 - torchtitan.distributed.activation_checkpoint - INFO - Applied FullAC activation checkpointing to the model
[rank3]:[titan] 2026-10-02 08:40:01,103 - torchtitan.distributed.fsdp - INFO - Applied FSDP to the model
[rank3]:[titan] 2026-10-02 08:40:01,107 - torchtitan.distributed.activation_checkpoint - INFO - Applied FullAC activation checkpointing to the model
[rank3]:[titan] 2026-10-02 08:40:01,111 - torchtitan.distributed.fsdp - INFO - Applied FSDP to the model
[rank2]:[titan] 2026-10-02 08:40:01,114 - torchtitan.distributed.activation_checkpoint - INFO - Applied FullAC activation checkpointing to the model
[rank2]:[titan] 2026-10-02 08:40:01,119 - torchtitan.distributed.fsdp - INFO - Applied FSDP to the model
[rank2]:[titan] 2026-10-02 08:40:01,122 - torchtitan.distributed.activation_checkpoint - INFO - Applied FullAC activation checkpointing to the model
[rank0]:[titan] 2026-10-02 08:40:01,127 - torchtitan.distributed.fsdp - INFO - Applied FSDP to the model
[rank2]:[titan] 2026-10-02 08:40:01,126 - torchtitan.distributed.fsdp - INFO - Applied FSDP to the model
[rank0]:[titan] 2026-10-02 08:40:01,131 - torchtitan.distributed.activation_checkpoint - INFO - Applied FullAC activation checkpointing to the model
[rank2]:[titan] 2026-10-02 08:40:01,130 - torchtitan.distributed.pipeline_parallel - INFO - Using pipeline schedule Interleaved1F1B with 16 microbatches and 16 stages.
[rank0]:[titan] 2026-10-02 08:40:01,148 - torchtitan.distributed.fsdp - INFO - Applied FSDP to the model
[rank0]:[titan] 2026-10-02 08:40:01,152 - torchtitan.distributed.activation_checkpoint - INFO - Applied FullAC activation checkpointing to the model
[rank0]:[titan] 2026-10-02 08:40:01,156 - torchtitan.distributed.fsdp - INFO - Applied FSDP to the model
[rank0]:[titan] 2026-10-02 08:40:01,160 - torchtitan.distributed.activation_checkpoint - INFO - Applied FullAC activation checkpointing to the model
[rank0]:[titan] 2026-10-02 08:40:01,164 - torchtitan.distributed.fsdp - INFO - Applied FSDP to the model
[rank0]:[titan] 2026-10-02 08:40:01,169 - torchtitan.distributed.pipeline_parallel - INFO - Using pipeline schedule Interleaved1F1B with 16 microbatches and 16 stages.
[rank3]:[titan] 2026-10-02 08:40:01,113 - torchtitan.distributed.activation_checkpoint - INFO - Applied FullAC activation checkpointing to the model
[rank3]:[titan] 2026-10-02 08:40:01,116 - torchtitan.distributed.fsdp - INFO - Applied FSDP to the model
[rank3]:[titan] 2026-10-02 08:40:01,121 - torchtitan.distributed.pipeline_parallel - INFO - Using pipeline schedule Interleaved1F1B with 16 microbatches and 16 stages.
[rank1]:[titan] 2026-10-02 08:40:02,060 - torchtitan.models.kimi_k3.pipeline_parallel - INFO - Kimi K3 pipeline: 4 stage(s) on this rank [1, 5, 9, 13], block transport delta with rank store, vision encodes decoupled
[rank2]:[titan] 2026-10-02 08:40:02,224 - torchtitan.models.kimi_k3.pipeline_parallel - INFO - Kimi K3 pipeline: 4 stage(s) on this rank [2, 6, 10, 14], block transport delta with rank store, vision encodes decoupled
[rank0]:[titan] 2026-10-02 08:40:02,387 - torchtitan.models.kimi_k3.pipeline_parallel - INFO - Kimi K3 pipeline: 4 stage(s) on this rank [0, 4, 8, 12], block transport delta with rank store, vision encodes decoupled
[rank3]:[titan] 2026-10-02 08:40:02,389 - torchtitan.models.kimi_k3.pipeline_parallel - INFO - Kimi K3 pipeline: 4 stage(s) on this rank [3, 7, 11, 15], block transport delta with rank store, vision encodes decoupled
[rank3]:[rank3]:W1002 08:40:02.900000 43272 torch/distributed/tensor/_random.py:215] DTensor is synchronizing RNG states of every rank with the state from rank 0. This behavior is deprecated. Please call `torch.manual_seed()` on every rank that participates in SPMD DTensor Operations with the same seed. If using Pipeline Parallelism, each pipeline state would use a different seed, but all ranks belonging to one pipeline stage would use the same seed.
[rank2]:[rank2]:W1002 08:40:02.901000 43271 torch/distributed/tensor/_random.py:215] DTensor is synchronizing RNG states of every rank with the state from rank 0. This behavior is deprecated. Please call `torch.manual_seed()` on every rank that participates in SPMD DTensor Operations with the same seed. If using Pipeline Parallelism, each pipeline state would use a different seed, but all ranks belonging to one pipeline stage would use the same seed.
[rank1]:[rank1]:W1002 08:40:02.900000 43270 torch/distributed/tensor/_random.py:215] DTensor is synchronizing RNG states of every rank with the state from rank 0. This behavior is deprecated. Please call `torch.manual_seed()` on every rank that participates in SPMD DTensor Operations with the same seed. If using Pipeline Parallelism, each pipeline state would use a different seed, but all ranks belonging to one pipeline stage would use the same seed.
[rank3]:[titan] 2026-10-02 08:40:03,086 - torchtitan.training_engine - INFO - Model KimiK3Model.Config size: 11,625,395,584 total parameters
[rank3]:[titan] 2026-10-02 08:40:03,088 - torchtitan.components.optim.optimizer - INFO - Optimizer AdamW (model_part=0): 28 params [.*] {'lr': 0.0008, 'betas': (0.9, 0.95), 'eps': 1e-08, 'weight_decay': 0.1, 'foreach': None, 'fused': True}
[rank3]:[titan] 2026-10-02 08:40:03,088 - torchtitan.components.optim.optimizer - INFO - Optimizer AdamW (model_part=1): 28 params [.*] {'lr': 0.0008, 'betas': (0.9, 0.95), 'eps': 1e-08, 'weight_decay': 0.1, 'foreach': None, 'fused': True}
[rank3]:[titan] 2026-10-02 08:40:03,088 - torchtitan.components.optim.optimizer - INFO - Optimizer AdamW (model_part=2): 28 params [.*] {'lr': 0.0008, 'betas': (0.9, 0.95), 'eps': 1e-08, 'weight_decay': 0.1, 'foreach': None, 'fused': True}
[rank3]:[titan] 2026-10-02 08:40:03,088 - torchtitan.components.optim.optimizer - INFO - Optimizer AdamW (model_part=3): 4 params [.*] {'lr': 0.0008, 'betas': (0.9, 0.95), 'eps': 1e-08, 'weight_decay': 0.1, 'foreach': None, 'fused': True}
[rank3]:[titan] 2026-10-02 08:40:03,089 - torchtitan.observability.metrics - WARNING - [31mPipeline Parallel loss is not visible. Please add [33mrank 3[31m to LOG_RANK environment variable in run_train.sh.[39m
[rank3]:[titan] 2026-10-02 08:40:03,089 - torchtitan.trainer - INFO - Peak FLOPS used for computing MFU: 9.890e+14
[rank3]:[titan] 2026-10-02 08:40:03,089 - torchtitan.trainer - INFO - CUDA memory usage for model: 4.48GiB(5.66%)
[rank3]:[titan] 2026-10-02 08:40:03,089 - torchtitan.trainer - INFO - Trainer is initialized with 32768 tokens per DP rank, 32768 tokens per train step, gradient accumulation steps 1, maximum context length 2048, total steps 100 (warmup 2)
[rank3]:[titan] 2026-10-02 08:40:03,089 - torchtitan.trainer - INFO - Training starts at step 1
[rank0]:[titan] 2026-10-02 08:40:03,160 - torchtitan.training_engine - INFO - Model KimiK3Model.Config size: 11,625,395,584 total parameters
[rank2]:[titan] 2026-10-02 08:40:03,150 - torchtitan.training_engine - INFO - Model KimiK3Model.Config size: 11,625,395,584 total parameters
[rank1]:[titan] 2026-10-02 08:40:03,121 - torchtitan.training_engine - INFO - Model KimiK3Model.Config size: 11,625,395,584 total parameters
[rank2]:[titan] 2026-10-02 08:40:03,152 - torchtitan.components.optim.optimizer - INFO - Optimizer AdamW (model_part=0): 50 params [.*] {'lr': 0.0008, 'betas': (0.9, 0.95), 'eps': 1e-08, 'weight_decay': 0.1, 'foreach': None, 'fused': True}
[rank2]:[titan] 2026-10-02 08:40:03,153 - torchtitan.components.optim.optimizer - INFO - Optimizer AdamW (model_part=1): 28 params [.*] {'lr': 0.0008, 'betas': (0.9, 0.95), 'eps': 1e-08, 'weight_decay': 0.1, 'foreach': None, 'fused': True}
[rank1]:[titan] 2026-10-02 08:40:03,122 - torchtitan.components.optim.optimizer - INFO - Optimizer AdamW (model_part=0): 56 params [.*] {'lr': 0.0008, 'betas': (0.9, 0.95), 'eps': 1e-08, 'weight_decay': 0.1, 'foreach': None, 'fused': True}
[rank1]:[titan] 2026-10-02 08:40:03,123 - torchtitan.components.optim.optimizer - INFO - Optimizer AdamW (model_part=1): 22 params [.*] {'lr': 0.0008, 'betas': (0.9, 0.95), 'eps': 1e-08, 'weight_decay': 0.1, 'foreach': None, 'fused': True}
[rank1]:[titan] 2026-10-02 08:40:03,123 - torchtitan.components.optim.optimizer - INFO - Optimizer AdamW (model_part=2): 22 params [.*] {'lr': 0.0008, 'betas': (0.9, 0.95), 'eps': 1e-08, 'weight_decay': 0.1, 'foreach': None, 'fused': True}
[rank2]:[titan] 2026-10-02 08:40:03,153 - torchtitan.components.optim.optimizer - INFO - Optimizer AdamW (model_part=2): 28 params [.*] {'lr': 0.0008, 'betas': (0.9, 0.95), 'eps': 1e-08, 'weight_decay': 0.1, 'foreach': None, 'fused': True}
[rank0]:[titan] 2026-10-02 08:40:03,162 - torchtitan.components.optim.optimizer - INFO - Optimizer AdamW (model_part=0): 43 params [.*] {'lr': 0.0008, 'betas': (0.9, 0.95), 'eps': 1e-08, 'weight_decay': 0.1, 'foreach': None, 'fused': True}
[rank2]:[titan] 2026-10-02 08:40:03,153 - torchtitan.components.optim.optimizer - INFO - Optimizer AdamW (model_part=3): 22 params [.*] {'lr': 0.0008, 'betas': (0.9, 0.95), 'eps': 1e-08, 'weight_decay': 0.1, 'foreach': None, 'fused': True}
[rank0]:[titan] 2026-10-02 08:40:03,162 - torchtitan.components.optim.optimizer - INFO - Optimizer AdamW (model_part=1): 28 params [.*] {'lr': 0.0008, 'betas': (0.9, 0.95), 'eps': 1e-08, 'weight_decay': 0.1, 'foreach': None, 'fused': True}
[rank1]:[titan] 2026-10-02 08:40:03,123 - torchtitan.components.optim.optimizer - INFO - Optimizer AdamW (model_part=3): 22 params [.*] {'lr': 0.0008, 'betas': (0.9, 0.95), 'eps': 1e-08, 'weight_decay': 0.1, 'foreach': None, 'fused': True}
[rank2]:[titan] 2026-10-02 08:40:03,155 - torchtitan.observability.metrics - WARNING - [31mPipeline Parallel loss is not visible. Please add [33mrank 3[31m to LOG_RANK environment variable in run_train.sh.[39m
[rank0]:[titan] 2026-10-02 08:40:03,162 - torchtitan.components.optim.optimizer - INFO - Optimizer AdamW (model_part=2): 28 params [.*] {'lr': 0.0008, 'betas': (0.9, 0.95), 'eps': 1e-08, 'weight_decay': 0.1, 'foreach': None, 'fused': True}
[rank1]:[titan] 2026-10-02 08:40:03,124 - torchtitan.observability.metrics - WARNING - [31mPipeline Parallel loss is not visible. Please add [33mrank 3[31m to LOG_RANK environment variable in run_train.sh.[39m
[rank2]:[titan] 2026-10-02 08:40:03,155 - torchtitan.trainer - INFO - Peak FLOPS used for computing MFU: 9.890e+14
[rank0]:[titan] 2026-10-02 08:40:03,163 - torchtitan.components.optim.optimizer - INFO - Optimizer AdamW (model_part=3): 28 params [.*] {'lr': 0.0008, 'betas': (0.9, 0.95), 'eps': 1e-08, 'weight_decay': 0.1, 'foreach': None, 'fused': True}
[rank1]:[titan] 2026-10-02 08:40:03,124 - torchtitan.trainer - INFO - Peak FLOPS used for computing MFU: 9.890e+14
[rank2]:[titan] 2026-10-02 08:40:03,155 - torchtitan.trainer - INFO - CUDA memory usage for model: 6.45GiB(8.15%)
[rank0]:[titan] 2026-10-02 08:40:03,164 - torchtitan.observability.metrics - WARNING - [31mPipeline Parallel loss is not visible. Please add [33mrank 3[31m to LOG_RANK environment variable in run_train.sh.[39m
[rank1]:[titan] 2026-10-02 08:40:03,124 - torchtitan.trainer - INFO - CUDA memory usage for model: 6.02GiB(7.60%)
[rank2]:[titan] 2026-10-02 08:40:03,155 - torchtitan.trainer - INFO - Trainer is initialized with 32768 tokens per DP rank, 32768 tokens per train step, gradient accumulation steps 1, maximum context length 2048, total steps 100 (warmup 2)
[rank0]:[titan] 2026-10-02 08:40:03,164 - torchtitan.trainer - INFO - Peak FLOPS used for computing MFU: 9.890e+14
[rank1]:[titan] 2026-10-02 08:40:03,124 - torchtitan.trainer - INFO - Trainer is initialized with 32768 tokens per DP rank, 32768 tokens per train step, gradient accumulation steps 1, maximum context length 2048, total steps 100 (warmup 2)
[rank2]:[titan] 2026-10-02 08:40:03,155 - torchtitan.trainer - INFO - Training starts at step 1
[rank0]:[titan] 2026-10-02 08:40:03,164 - torchtitan.trainer - INFO - CUDA memory usage for model: 5.66GiB(7.14%)
[rank1]:[titan] 2026-10-02 08:40:03,125 - torchtitan.trainer - INFO - Training starts at step 1
[rank0]:[titan] 2026-10-02 08:40:03,164 - torchtitan.trainer - INFO - Trainer is initialized with 32768 tokens per DP rank, 32768 tokens per train step, gradient accumulation steps 1, maximum context length 2048, total steps 100 (warmup 2)
[rank0]:[titan] 2026-10-02 08:40:03,164 - torchtitan.trainer - INFO - Training starts at step 1
[rank0]:[titan] 2026-10-02 08:40:37,856 - torchtitan.models.kimi_k3.pipeline_parallel.vision_dep.runtime - INFO - vision_dep: 13 micro-batch(es) with images; encodes 4 before the schedule, 9 in idle slots; backwards 12 in idle slots, 1 after it
[rank2]:[titan] 2026-10-02 08:40:37,856 - torchtitan.models.kimi_k3.pipeline_parallel.vision_dep.runtime - INFO - vision_dep: 13 micro-batch(es) with images; encodes 4 before the schedule, 9 in idle slots; backwards 12 in idle slots, 1 after it
[rank1]:[titan] 2026-10-02 08:40:37,856 - torchtitan.models.kimi_k3.pipeline_parallel.vision_dep.runtime - INFO - vision_dep: 13 micro-batch(es) with images; encodes 4 before the schedule, 9 in idle slots; backwards 12 in idle slots, 1 after it
[rank3]:[titan] 2026-10-02 08:40:37,856 - torchtitan.models.kimi_k3.pipeline_parallel.vision_dep.runtime - INFO - vision_dep: 13 micro-batch(es) with images; encodes 4 before the schedule, 9 in idle slots; backwards 12 in idle slots, 1 after it
[rank1]:/root/mep/venv_src/lib/python3.12/site-packages/torch/distributed/fsdp/_fully_shard/_fsdp_state.py:336: UserWarning: FSDP2-wrapped module (FSDPCheckpointWrapper) returned a view tensor. An in-place op on this view (e.g., `x += y`) will silently drop the pre-backward hook and skip the all-gather, which can cause backward to fail or produce wrong gradients. Use out-of-place ops (`out = out + y`, not `out += y`) or `.clone()` the output before any in-place op.
[rank1]:  output = self._register_pre_backward_hook(output)
[rank1]:/root/mep/venv_src/lib/python3.12/site-packages/torch/distributed/fsdp/_fully_shard/_fsdp_state.py:336: UserWarning: FSDP2-wrapped module (FSDPKimiK3Model) returned a view tensor. An in-place op on this view (e.g., `x += y`) will silently drop the pre-backward hook and skip the all-gather, which can cause backward to fail or produce wrong gradients. Use out-of-place ops (`out = out + y`, not `out += y`) or `.clone()` the output before any in-place op.
[rank1]:  output = self._register_pre_backward_hook(output)
[rank2]:/root/mep/venv_src/lib/python3.12/site-packages/torch/distributed/fsdp/_fully_shard/_fsdp_state.py:336: UserWarning: FSDP2-wrapped module (FSDPCheckpointWrapper) returned a view tensor. An in-place op on this view (e.g., `x += y`) will silently drop the pre-backward hook and skip the all-gather, which can cause backward to fail or produce wrong gradients. Use out-of-place ops (`out = out + y`, not `out += y`) or `.clone()` the output before any in-place op.
[rank2]:  output = self._register_pre_backward_hook(output)
[rank3]:/root/mep/venv_src/lib/python3.12/site-packages/torch/distributed/fsdp/_fully_shard/_fsdp_state.py:336: UserWarning: FSDP2-wrapped module (FSDPCheckpointWrapper) returned a view tensor. An in-place op on this view (e.g., `x += y`) will silently drop the pre-backward hook and skip the all-gather, which can cause backward to fail or produce wrong gradients. Use out-of-place ops (`out = out + y`, not `out += y`) or `.clone()` the output before any in-place op.
[rank3]:  output = self._register_pre_backward_hook(output)
[rank3]:/root/mep/venv_src/lib/python3.12/site-packages/torch/distributed/fsdp/_fully_shard/_fsdp_state.py:336: UserWarning: FSDP2-wrapped module (FSDPKimiK3Model) returned a view tensor. An in-place op on this view (e.g., `x += y`) will silently drop the pre-backward hook and skip the all-gather, which can cause backward to fail or produce wrong gradients. Use out-of-place ops (`out = out + y`, not `out += y`) or `.clone()` the output before any in-place op.
[rank3]:  output = self._register_pre_backward_hook(output)
[rank0]:/root/mep/venv_src/lib/python3.12/site-packages/torch/distributed/fsdp/_fully_shard/_fsdp_state.py:336: UserWarning: FSDP2-wrapped module (FSDPCheckpointWrapper) returned a view tensor. An in-place op on this view (e.g., `x += y`) will silently drop the pre-backward hook and skip the all-gather, which can cause backward to fail or produce wrong gradients. Use out-of-place ops (`out = out + y`, not `out += y`) or `.clone()` the output before any in-place op.
[rank0]:  output = self._register_pre_backward_hook(output)
[rank0]:/root/mep/venv_src/lib/python3.12/site-packages/torch/distributed/fsdp/_fully_shard/_fsdp_state.py:336: UserWarning: FSDP2-wrapped module (FSDPKimiK3Model) returned a view tensor. An in-place op on this view (e.g., `x += y`) will silently drop the pre-backward hook and skip the all-gather, which can cause backward to fail or produce wrong gradients. Use out-of-place ops (`out = out + y`, not `out += y`) or `.clone()` the output before any in-place op.
[rank0]:  output = self._register_pre_backward_hook(output)
[rank1]:/root/mep/venv_src/lib/python3.12/site-packages/torch/distributed/fsdp/_fully_shard/_fsdp_state.py:336: UserWarning: FSDP2-wrapped module (FSDPCheckpointWrapper) returned a view tensor. An in-place op on this view (e.g., `x += y`) will silently drop the pre-backward hook and skip the all-gather, which can cause backward to fail or produce wrong gradients. Use out-of-place ops (`out = out + y`, not `out += y`) or `.clone()` the output before any in-place op.
[rank1]:  output = self._register_pre_backward_hook(output)
[rank1]:/root/mep/venv_src/lib/python3.12/site-packages/torch/distributed/fsdp/_fully_shard/_fsdp_state.py:336: UserWarning: FSDP2-wrapped module (FSDPKimiK3Model) returned a view tensor. An in-place op on this view (e.g., `x += y`) will silently drop the pre-backward hook and skip the all-gather, which can cause backward to fail or produce wrong gradients. Use out-of-place ops (`out = out + y`, not `out += y`) or `.clone()` the output before any in-place op.
[rank1]:  output = self._register_pre_backward_hook(output)
[rank0]:[titan] 2026-10-02 08:40:51,311 - torchtitan.observability.metrics - INFO - [31mstep:  1  [32mloss: -1.00000  [38;2;180;60;0mgrad_norm: 34.0000  [38;2;54;234;195mmemory: 49.48GiB(62.47%)  [34mtps: 161  [36mtflops: 8.80  [35mmfu: 0.89%[39m
[rank0]:[titan] 2026-10-02 08:40:51,311 - torchtitan.distributed.utils - INFO - Synchronizing and adjusting timeout for all ProcessGroups to 0:01:40
[rank3]:[titan] 2026-10-02 08:40:51,264 - torchtitan.observability.metrics - INFO - [31mstep:  1  [32mloss:  8.15085  [38;2;180;60;0mgrad_norm: 34.0000  [38;2;54;234;195mmemory: 44.27GiB(55.89%)  [34mtps: 161  [36mtflops: 8.81  [35mmfu: 0.89%[39m
[rank3]:[titan] 2026-10-02 08:40:51,265 - torchtitan.distributed.utils - INFO - Synchronizing and adjusting timeout for all ProcessGroups to 0:01:40
[rank2]:[titan] 2026-10-02 08:40:51,325 - torchtitan.observability.metrics - INFO - [31mstep:  1  [32mloss: -1.00000  [38;2;180;60;0mgrad_norm: 34.0000  [38;2;54;234;195mmemory: 53.53GiB(67.58%)  [34mtps: 161  [36mtflops: 8.80  [35mmfu: 0.89%[39m
[rank1]:[titan] 2026-10-02 08:40:51,329 - torchtitan.observability.metrics - INFO - [31mstep:  1  [32mloss: -1.00000  [38;2;180;60;0mgrad_norm: 34.0000  [38;2;54;234;195mmemory: 49.17GiB(62.08%)  [34mtps: 161  [36mtflops: 8.80  [35mmfu: 0.89%[39m
[rank1]:[titan] 2026-10-02 08:40:51,330 - torchtitan.distributed.utils - INFO - Synchronizing and adjusting timeout for all ProcessGroups to 0:01:40
[rank2]:[titan] 2026-10-02 08:40:51,326 - torchtitan.distributed.utils - INFO - Synchronizing and adjusting timeout for all ProcessGroups to 0:01:40
[rank2]:/root/mep/venv_src/lib/python3.12/site-packages/torch/distributed/fsdp/_fully_shard/_fsdp_state.py:336: UserWarning: FSDP2-wrapped module (FSDPCheckpointWrapper) returned a view tensor. An in-place op on this view (e.g., `x += y`) will silently drop the pre-backward hook and skip the all-gather, which can cause backward to fail or produce wrong gradients. Use out-of-place ops (`out = out + y`, not `out += y`) or `.clone()` the output before any in-place op.
[rank2]:  output = self._register_pre_backward_hook(output)
[rank3]:/root/mep/venv_src/lib/python3.12/site-packages/torch/distributed/fsdp/_fully_shard/_fsdp_state.py:336: UserWarning: FSDP2-wrapped module (FSDPCheckpointWrapper) returned a view tensor. An in-place op on this view (e.g., `x += y`) will silently drop the pre-backward hook and skip the all-gather, which can cause backward to fail or produce wrong gradients. Use out-of-place ops (`out = out + y`, not `out += y`) or `.clone()` the output before any in-place op.
[rank3]:  output = self._register_pre_backward_hook(output)
[rank3]:/root/mep/venv_src/lib/python3.12/site-packages/torch/distributed/fsdp/_fully_shard/_fsdp_state.py:336: UserWarning: FSDP2-wrapped module (FSDPKimiK3Model) returned a view tensor. An in-place op on this view (e.g., `x += y`) will silently drop the pre-backward hook and skip the all-gather, which can cause backward to fail or produce wrong gradients. Use out-of-place ops (`out = out + y`, not `out += y`) or `.clone()` the output before any in-place op.
[rank3]:  output = self._register_pre_backward_hook(output)
[rank1]:/root/mep/venv_src/lib/python3.12/site-packages/torch/distributed/fsdp/_fully_shard/_fsdp_state.py:336: UserWarning: FSDP2-wrapped module (FSDPCheckpointWrapper) returned a view tensor. An in-place op on this view (e.g., `x += y`) will silently drop the pre-backward hook and skip the all-gather, which can cause backward to fail or produce wrong gradients. Use out-of-place ops (`out = out + y`, not `out += y`) or `.clone()` the output before any in-place op.
[rank1]:  output = self._register_pre_backward_hook(output)
[rank1]:/root/mep/venv_src/lib/python3.12/site-packages/torch/distributed/fsdp/_fully_shard/_fsdp_state.py:336: UserWarning: FSDP2-wrapped module (FSDPKimiK3Model) returned a view tensor. An in-place op on this view (e.g., `x += y`) will silently drop the pre-backward hook and skip the all-gather, which can cause backward to fail or produce wrong gradients. Use out-of-place ops (`out = out + y`, not `out += y`) or `.clone()` the output before any in-place op.
[rank1]:  output = self._register_pre_backward_hook(output)
[rank2]:[titan] 2026-10-02 08:40:54,619 - torchtitan.observability.metrics - INFO - [31mstep:  2  [32mloss: -1.00000  [38;2;180;60;0mgrad_norm: 56.5000  [38;2;54;234;195mmemory: 64.74GiB(81.74%)  [34mtps: 2,488  [36mtflops: 135.82  [35mmfu: 13.73%[39m
[rank1]:[titan] 2026-10-02 08:40:54,617 - torchtitan.observability.metrics - INFO - [31mstep:  2  [32mloss: -1.00000  [38;2;180;60;0mgrad_norm: 56.5000  [38;2;54;234;195mmemory: 58.94GiB(74.41%)  [34mtps: 2,492  [36mtflops: 136.04  [35mmfu: 13.76%[39m
[rank0]:[titan] 2026-10-02 08:40:54,616 - torchtitan.observability.metrics - INFO - [31mstep:  2  [32mloss: -1.00000  [38;2;180;60;0mgrad_norm: 56.5000  [38;2;54;234;195mmemory: 60.48GiB(76.36%)  [34mtps: 2,479  [36mtflops: 135.33  [35mmfu: 13.68%[39m
[rank3]:[titan] 2026-10-02 08:40:54,612 - torchtitan.observability.metrics - INFO - [31mstep:  2  [32mloss:  6.24393  [38;2;180;60;0mgrad_norm: 56.5000  [38;2;54;234;195mmemory: 51.21GiB(64.65%)  [34mtps: 2,447  [36mtflops: 133.61  [35mmfu: 13.51%[39m
[rank0]:[titan] 2026-10-02 08:40:57,672 - torchtitan.observability.metrics - INFO - [31mstep:  3  [32mloss: -1.00000  [38;2;180;60;0mgrad_norm: 172.0000  [38;2;54;234;195mmemory: 60.48GiB(76.36%)  [34mtps: 2,681  [36mtflops: 146.35  [35mmfu: 14.80%[39m
[rank1]:[titan] 2026-10-02 08:40:57,674 - torchtitan.observability.metrics - INFO - [31mstep:  3  [32mloss: -1.00000  [38;2;180;60;0mgrad_norm: 172.0000  [38;2;54;234;195mmemory: 58.94GiB(74.41%)  [34mtps: 2,680  [36mtflops: 146.34  [35mmfu: 14.80%[39m
[rank2]:[titan] 2026-10-02 08:40:57,675 - torchtitan.observability.metrics - INFO - [31mstep:  3  [32mloss: -1.00000  [38;2;180;60;0mgrad_norm: 172.0000  [38;2;54;234;195mmemory: 64.74GiB(81.74%)  [34mtps: 2,680  [36mtflops: 146.34  [35mmfu: 14.80%[39m
[rank3]:[titan] 2026-10-02 08:40:57,669 - torchtitan.observability.metrics - INFO - [31mstep:  3  [32mloss:  8.19954  [38;2;180;60;0mgrad_norm: 172.0000  [38;2;54;234;195mmemory: 51.21GiB(64.65%)  [34mtps: 2,680  [36mtflops: 146.34  [35mmfu: 14.80%[39m
[rank0]:[titan] 2026-10-02 08:41:00,715 - torchtitan.observability.metrics - INFO - [31mstep:  4  [32mloss: -1.00000  [38;2;180;60;0mgrad_norm: 54.0000  [38;2;54;234;195mmemory: 60.48GiB(76.36%)  [34mtps: 2,693  [36mtflops: 147.01  [35mmfu: 14.86%[39m
[rank2]:[titan] 2026-10-02 08:41:00,718 - torchtitan.observability.metrics - INFO - [31mstep:  4  [32mloss: -1.00000  [38;2;180;60;0mgrad_norm: 54.0000  [38;2;54;234;195mmemory: 64.74GiB(81.74%)  [34mtps: 2,693  [36mtflops: 147.01  [35mmfu: 14.86%[39m
[rank1]:[titan] 2026-10-02 08:41:00,716 - torchtitan.observability.metrics - INFO - [31mstep:  4  [32mloss: -1.00000  [38;2;180;60;0mgrad_norm: 54.0000  [38;2;54;234;195mmemory: 58.94GiB(74.41%)  [34mtps: 2,693  [36mtflops: 147.01  [35mmfu: 14.86%[39m
[rank3]:[titan] 2026-10-02 08:41:00,711 - torchtitan.observability.metrics - INFO - [31mstep:  4  [32mloss:  7.96723  [38;2;180;60;0mgrad_norm: 54.0000  [38;2;54;234;195mmemory: 51.21GiB(64.65%)  [34mtps: 2,693  [36mtflops: 147.01  [35mmfu: 14.86%[39m
[rank0]:[titan] 2026-10-02 08:41:03,740 - torchtitan.observability.metrics - INFO - [31mstep:  5  [32mloss: -1.00000  [38;2;180;60;0mgrad_norm: 77.5000  [38;2;54;234;195mmemory: 60.48GiB(76.36%)  [34mtps: 2,708  [36mtflops: 147.85  [35mmfu: 14.95%[39m
[rank2]:[titan] 2026-10-02 08:41:03,743 - torchtitan.observability.metrics - INFO - [31mstep:  5  [32mloss: -1.00000  [38;2;180;60;0mgrad_norm: 77.5000  [38;2;54;234;195mmemory: 64.74GiB(81.74%)  [34mtps: 2,708  [36mtflops: 147.86  [35mmfu: 14.95%[39m
[rank1]:[titan] 2026-10-02 08:41:03,742 - torchtitan.observability.metrics - INFO - [31mstep:  5  [32mloss: -1.00000  [38;2;180;60;0mgrad_norm: 77.5000  [38;2;54;234;195mmemory: 58.94GiB(74.41%)  [34mtps: 2,708  [36mtflops: 147.85  [35mmfu: 14.95%[39m
[rank3]:[titan] 2026-10-02 08:41:03,737 - torchtitan.observability.metrics - INFO - [31mstep:  5  [32mloss:  9.39685  [38;2;180;60;0mgrad_norm: 77.5000  [38;2;54;234;195mmemory: 51.21GiB(64.65%)  [34mtps: 2,708  [36mtflops: 147.85  [35mmfu: 14.95%[39m
[rank3]:[titan] 2026-10-02 08:41:06,766 - torchtitan.observability.metrics - INFO - [31mstep:  6  [32mloss:  7.45111  [38;2;180;60;0mgrad_norm: 46.0000  [38;2;54;234;195mmemory: 51.21GiB(64.65%)  [34mtps: 2,704  [36mtflops: 147.65  [35mmfu: 14.93%[39m
[rank2]:[titan] 2026-10-02 08:41:06,773 - torchtitan.observability.metrics - INFO - [31mstep:  6  [32mloss: -1.00000  [38;2;180;60;0mgrad_norm: 46.0000  [38;2;54;234;195mmemory: 64.74GiB(81.74%)  [34mtps: 2,704  [36mtflops: 147.65  [35mmfu: 14.93%[39m
[rank0]:[titan] 2026-10-02 08:41:06,770 - torchtitan.observability.metrics - INFO - [31mstep:  6  [32mloss: -1.00000  [38;2;180;60;0mgrad_norm: 46.0000  [38;2;54;234;195mmemory: 60.48GiB(76.36%)  [34mtps: 2,704  [36mtflops: 147.65  [35mmfu: 14.93%[39m
[rank1]:[titan] 2026-10-02 08:41:06,771 - torchtitan.observability.metrics - INFO - [31mstep:  6  [32mloss: -1.00000  [38;2;180;60;0mgrad_norm: 46.0000  [38;2;54;234;195mmemory: 58.94GiB(74.41%)  [34mtps: 2,705  [36mtflops: 147.66  [35mmfu: 14.93%[39m
[rank1]:[titan] 2026-10-02 08:41:09,792 - torchtitan.observability.metrics - INFO - [31mstep:  7  [32mloss: -1.00000  [38;2;180;60;0mgrad_norm: 61.7500  [38;2;54;234;195mmemory: 58.94GiB(74.41%)  [34mtps: 2,712  [36mtflops: 148.08  [35mmfu: 14.97%[39m
[rank0]:[titan] 2026-10-02 08:41:09,791 - torchtitan.observability.metrics - INFO - [31mstep:  7  [32mloss: -1.00000  [38;2;180;60;0mgrad_norm: 61.7500  [38;2;54;234;195mmemory: 60.48GiB(76.36%)  [34mtps: 2,712  [36mtflops: 148.07  [35mmfu: 14.97%[39m
[rank2]:[titan] 2026-10-02 08:41:09,794 - torchtitan.observability.metrics - INFO - [31mstep:  7  [32mloss: -1.00000  [38;2;180;60;0mgrad_norm: 61.7500  [38;2;54;234;195mmemory: 64.74GiB(81.74%)  [34mtps: 2,712  [36mtflops: 148.09  [35mmfu: 14.97%[39m
[rank3]:[titan] 2026-10-02 08:41:09,787 - torchtitan.observability.metrics - INFO - [31mstep:  7  [32mloss: 10.41344  [38;2;180;60;0mgrad_norm: 61.7500  [38;2;54;234;195mmemory: 51.21GiB(64.65%)  [34mtps: 2,712  [36mtflops: 148.09  [35mmfu: 14.97%[39m
[rank1]:[titan] 2026-10-02 08:41:12,826 - torchtitan.observability.metrics - INFO - [31mstep:  8  [32mloss: -1.00000  [38;2;180;60;0mgrad_norm: 36.5000  [38;2;54;234;195mmemory: 58.94GiB(74.41%)  [34mtps: 2,700  [36mtflops: 147.42  [35mmfu: 14.91%[39m
[rank2]:[titan] 2026-10-02 08:41:12,828 - torchtitan.observability.metrics - INFO - [31mstep:  8  [32mloss: -1.00000  [38;2;180;60;0mgrad_norm: 36.5000  [38;2;54;234;195mmemory: 64.74GiB(81.74%)  [34mtps: 2,700  [36mtflops: 147.44  [35mmfu: 14.91%[39m
[rank0]:[titan] 2026-10-02 08:41:12,825 - torchtitan.observability.metrics - INFO - [31mstep:  8  [32mloss: -1.00000  [38;2;180;60;0mgrad_norm: 36.5000  [38;2;54;234;195mmemory: 60.48GiB(76.36%)  [34mtps: 2,700  [36mtflops: 147.42  [35mmfu: 14.91%[39m
[rank3]:[titan] 2026-10-02 08:41:12,821 - torchtitan.observability.metrics - INFO - [31mstep:  8  [32mloss: 10.67808  [38;2;180;60;0mgrad_norm: 36.5000  [38;2;54;234;195mmemory: 51.21GiB(64.65%)  [34mtps: 2,700  [36mtflops: 147.43  [35mmfu: 14.91%[39m
[rank3]:[titan] 2026-10-02 08:41:15,868 - torchtitan.observability.metrics - INFO - [31mstep:  9  [32mloss:  8.78719  [38;2;180;60;0mgrad_norm: 34.2500  [38;2;54;234;195mmemory: 51.21GiB(64.65%)  [34mtps: 2,689  [36mtflops: 146.83  [35mmfu: 14.85%[39m
[rank0]:[titan] 2026-10-02 08:41:15,871 - torchtitan.observability.metrics - INFO - [31mstep:  9  [32mloss: -1.00000  [38;2;180;60;0mgrad_norm: 34.2500  [38;2;54;234;195mmemory: 60.48GiB(76.36%)  [34mtps: 2,689  [36mtflops: 146.84  [35mmfu: 14.85%[39m
[rank1]:[titan] 2026-10-02 08:41:15,873 - torchtitan.observability.metrics - INFO - [31mstep:  9  [32mloss: -1.00000  [38;2;180;60;0mgrad_norm: 34.2500  [38;2;54;234;195mmemory: 58.94GiB(74.41%)  [34mtps: 2,690  [36mtflops: 146.84  [35mmfu: 14.85%[39m
[rank2]:[titan] 2026-10-02 08:41:15,874 - torchtitan.observability.metrics - INFO - [31mstep:  9  [32mloss: -1.00000  [38;2;180;60;0mgrad_norm: 34.2500  [38;2;54;234;195mmemory: 64.74GiB(81.74%)  [34mtps: 2,690  [36mtflops: 146.84  [35mmfu: 14.85%[39m
[rank3]:[titan] 2026-10-02 08:41:18,891 - torchtitan.observability.metrics - INFO - [31mstep: 10  [32mloss:  7.50268  [38;2;180;60;0mgrad_norm: 27.6250  [38;2;54;234;195mmemory: 51.21GiB(64.65%)  [34mtps: 2,710  [36mtflops: 147.96  [35mmfu: 14.96%[39m
[rank0]:[titan] 2026-10-02 08:41:18,895 - torchtitan.observability.metrics - INFO - [31mstep: 10  [32mloss: -1.00000  [38;2;180;60;0mgrad_norm: 27.6250  [38;2;54;234;195mmemory: 60.48GiB(76.36%)  [34mtps: 2,710  [36mtflops: 147.95  [35mmfu: 14.96%[39m
[rank2]:[titan] 2026-10-02 08:41:18,898 - torchtitan.observability.metrics - INFO - [31mstep: 10  [32mloss: -1.00000  [38;2;180;60;0mgrad_norm: 27.6250  [38;2;54;234;195mmemory: 64.74GiB(81.74%)  [34mtps: 2,710  [36mtflops: 147.95  [35mmfu: 14.96%[39m
[rank1]:[titan] 2026-10-02 08:41:18,896 - torchtitan.observability.metrics - INFO - [31mstep: 10  [32mloss: -1.00000  [38;2;180;60;0mgrad_norm: 27.6250  [38;2;54;234;195mmemory: 58.94GiB(74.41%)  [34mtps: 2,710  [36mtflops: 147.94  [35mmfu: 14.96%[39m
[rank2]:[titan] 2026-10-02 08:41:21,925 - torchtitan.observability.metrics - INFO - [31mstep: 11  [32mloss: -1.00000  [38;2;180;60;0mgrad_norm: 27.3750  [38;2;54;234;195mmemory: 64.74GiB(81.74%)  [34mtps: 2,707  [36mtflops: 147.78  [35mmfu: 14.94%[39m
[rank0]:[titan] 2026-10-02 08:41:21,922 - torchtitan.observability.metrics - INFO - [31mstep: 11  [32mloss: -1.00000  [38;2;180;60;0mgrad_norm: 27.3750  [38;2;54;234;195mmemory: 60.48GiB(76.36%)  [34mtps: 2,707  [36mtflops: 147.77  [35mmfu: 14.94%[39m
[rank1]:[titan] 2026-10-02 08:41:21,923 - torchtitan.observability.metrics - INFO - [31mstep: 11  [32mloss: -1.00000  [38;2;180;60;0mgrad_norm: 27.3750  [38;2;54;234;195mmemory: 58.94GiB(74.41%)  [34mtps: 2,707  [36mtflops: 147.77  [35mmfu: 14.94%[39m
[rank3]:[titan] 2026-10-02 08:41:21,918 - torchtitan.observability.metrics - INFO - [31mstep: 11  [32mloss:  6.76233  [38;2;180;60;0mgrad_norm: 27.3750  [38;2;54;234;195mmemory: 51.21GiB(64.65%)  [34mtps: 2,707  [36mtflops: 147.77  [35mmfu: 14.94%[39m
[rank0]:[titan] 2026-10-02 08:41:24,924 - torchtitan.observability.metrics - INFO - [31mstep: 12  [32mloss: -1.00000  [38;2;180;60;0mgrad_norm: 32.7500  [38;2;54;234;195mmemory: 60.48GiB(76.36%)  [34mtps: 2,729  [36mtflops: 148.98  [35mmfu: 15.06%[39m
[rank1]:[titan] 2026-10-02 08:41:24,925 - torchtitan.observability.metrics - INFO - [31mstep: 12  [32mloss: -1.00000  [38;2;180;60;0mgrad_norm: 32.7500  [38;2;54;234;195mmemory: 58.94GiB(74.41%)  [34mtps: 2,729  [36mtflops: 149.01  [35mmfu: 15.07%[39m
[rank2]:[titan] 2026-10-02 08:41:24,927 - torchtitan.observability.metrics - INFO - [31mstep: 12  [32mloss: -1.00000  [38;2;180;60;0mgrad_norm: 32.7500  [38;2;54;234;195mmemory: 64.74GiB(81.74%)  [34mtps: 2,729  [36mtflops: 149.00  [35mmfu: 15.07%[39m
[rank3]:[titan] 2026-10-02 08:41:24,920 - torchtitan.observability.metrics - INFO - [31mstep: 12  [32mloss:  6.15091  [38;2;180;60;0mgrad_norm: 32.7500  [38;2;54;234;195mmemory: 51.21GiB(64.65%)  [34mtps: 2,729  [36mtflops: 149.00  [35mmfu: 15.07%[39m
[rank3]:[titan] 2026-10-02 08:41:27,993 - torchtitan.observability.metrics - INFO - [31mstep: 13  [32mloss:  5.42317  [38;2;180;60;0mgrad_norm: 40.5000  [38;2;54;234;195mmemory: 51.21GiB(64.65%)  [34mtps: 2,667  [36mtflops: 145.58  [35mmfu: 14.72%[39m
[rank2]:[titan] 2026-10-02 08:41:27,999 - torchtitan.observability.metrics - INFO - [31mstep: 13  [32mloss: -1.00000  [38;2;180;60;0mgrad_norm: 40.5000  [38;2;54;234;195mmemory: 64.74GiB(81.74%)  [34mtps: 2,667  [36mtflops: 145.58  [35mmfu: 14.72%[39m
[rank0]:[titan] 2026-10-02 08:41:27,996 - torchtitan.observability.metrics - INFO - [31mstep: 13  [32mloss: -1.00000  [38;2;180;60;0mgrad_norm: 40.5000  [38;2;54;234;195mmemory: 60.48GiB(76.36%)  [34mtps: 2,667  [36mtflops: 145.60  [35mmfu: 14.72%[39m
[rank1]:[titan] 2026-10-02 08:41:27,998 - torchtitan.observability.metrics - INFO - [31mstep: 13  [32mloss: -1.00000  [38;2;180;60;0mgrad_norm: 40.5000  [38;2;54;234;195mmemory: 58.94GiB(74.41%)  [34mtps: 2,666  [36mtflops: 145.58  [35mmfu: 14.72%[39m
[rank3]:[titan] 2026-10-02 08:41:31,011 - torchtitan.observability.metrics - INFO - [31mstep: 14  [32mloss:  5.06672  [38;2;180;60;0mgrad_norm: 25.0000  [38;2;54;234;195mmemory: 51.21GiB(64.65%)  [34mtps: 2,714  [36mtflops: 148.20  [35mmfu: 14.98%[39m
[rank2]:[titan] 2026-10-02 08:41:31,018 - torchtitan.observability.metrics - INFO - [31mstep: 14  [32mloss: -1.00000  [38;2;180;60;0mgrad_norm: 25.0000  [38;2;54;234;195mmemory: 64.74GiB(81.74%)  [34mtps: 2,714  [36mtflops: 148.20  [35mmfu: 14.98%[39m
[rank1]:[titan] 2026-10-02 08:41:31,016 - torchtitan.observability.metrics - INFO - [31mstep: 14  [32mloss: -1.00000  [38;2;180;60;0mgrad_norm: 25.0000  [38;2;54;234;195mmemory: 58.94GiB(74.41%)  [34mtps: 2,714  [36mtflops: 148.20  [35mmfu: 14.98%[39m
[rank0]:[titan] 2026-10-02 08:41:31,015 - torchtitan.observability.metrics - INFO - [31mstep: 14  [32mloss: -1.00000  [38;2;180;60;0mgrad_norm: 25.0000  [38;2;54;234;195mmemory: 60.48GiB(76.36%)  [34mtps: 2,714  [36mtflops: 148.20  [35mmfu: 14.98%[39m
[rank2]:[titan] 2026-10-02 08:41:34,046 - torchtitan.observability.metrics - INFO - [31mstep: 15  [32mloss: -1.00000  [38;2;180;60;0mgrad_norm: 25.2500  [38;2;54;234;195mmemory: 64.74GiB(81.74%)  [34mtps: 2,706  [36mtflops: 147.72  [35mmfu: 14.94%[39m
[rank0]:[titan] 2026-10-02 08:41:34,043 - torchtitan.observability.metrics - INFO - [31mstep: 15  [32mloss: -1.00000  [38;2;180;60;0mgrad_norm: 25.2500  [38;2;54;234;195mmemory: 60.48GiB(76.36%)  [34mtps: 2,705  [36mtflops: 147.71  [35mmfu: 14.94%[39m
[rank1]:[titan] 2026-10-02 08:41:34,044 - torchtitan.observability.metrics - INFO - [31mstep: 15  [32mloss: -1.00000  [38;2;180;60;0mgrad_norm: 25.2500  [38;2;54;234;195mmemory: 58.94GiB(74.41%)  [34mtps: 2,706  [36mtflops: 147.72  [35mmfu: 14.94%[39m
[rank3]:[titan] 2026-10-02 08:41:34,039 - torchtitan.observability.metrics - INFO - [31mstep: 15  [32mloss:  5.07122  [38;2;180;60;0mgrad_norm: 25.2500  [38;2;54;234;195mmemory: 51.21GiB(64.65%)  [34mtps: 2,706  [36mtflops: 147.72  [35mmfu: 14.94%[39m
[rank0]:[titan] 2026-10-02 08:41:37,053 - torchtitan.observability.metrics - INFO - [31mstep: 16  [32mloss: -1.00000  [38;2;180;60;0mgrad_norm: 25.5000  [38;2;54;234;195mmemory: 60.48GiB(76.36%)  [34mtps: 2,722  [36mtflops: 148.62  [35mmfu: 15.03%[39m
[rank2]:[titan] 2026-10-02 08:41:37,056 - torchtitan.observability.metrics - INFO - [31mstep: 16  [32mloss: -1.00000  [38;2;180;60;0mgrad_norm: 25.5000  [38;2;54;234;195mmemory: 64.74GiB(81.74%)  [34mtps: 2,722  [36mtflops: 148.62  [35mmfu: 15.03%[39m
[rank1]:[titan] 2026-10-02 08:41:37,054 - torchtitan.observability.metrics - INFO - [31mstep: 16  [32mloss: -1.00000  [38;2;180;60;0mgrad_norm: 25.5000  [38;2;54;234;195mmemory: 58.94GiB(74.41%)  [34mtps: 2,722  [36mtflops: 148.62  [35mmfu: 15.03%[39m
[rank3]:[titan] 2026-10-02 08:41:37,049 - torchtitan.observability.metrics - INFO - [31mstep: 16  [32mloss:  5.01419  [38;2;180;60;0mgrad_norm: 25.5000  [38;2;54;234;195mmemory: 51.21GiB(64.65%)  [34mtps: 2,722  [36mtflops: 148.63  [35mmfu: 15.03%[39m
[rank1]:[titan] 2026-10-02 08:41:40,051 - torchtitan.observability.metrics - INFO - [31mstep: 17  [32mloss: -1.00000  [38;2;180;60;0mgrad_norm: 36.5000  [38;2;54;234;195mmemory: 58.94GiB(74.41%)  [34mtps: 2,734  [36mtflops: 149.27  [35mmfu: 15.09%[39m
[rank2]:[titan] 2026-10-02 08:41:40,052 - torchtitan.observability.metrics - INFO - [31mstep: 17  [32mloss: -1.00000  [38;2;180;60;0mgrad_norm: 36.5000  [38;2;54;234;195mmemory: 64.74GiB(81.74%)  [34mtps: 2,734  [36mtflops: 149.26  [35mmfu: 15.09%[39m
[rank0]:[titan] 2026-10-02 08:41:40,049 - torchtitan.observability.metrics - INFO - [31mstep: 17  [32mloss: -1.00000  [38;2;180;60;0mgrad_norm: 36.5000  [38;2;54;234;195mmemory: 60.48GiB(76.36%)  [34mtps: 2,734  [36mtflops: 149.26  [35mmfu: 15.09%[39m
[rank3]:[titan] 2026-10-02 08:41:40,046 - torchtitan.observability.metrics - INFO - [31mstep: 17  [32mloss:  5.30088  [38;2;180;60;0mgrad_norm: 36.5000  [38;2;54;234;195mmemory: 51.21GiB(64.65%)  [34mtps: 2,734  [36mtflops: 149.26  [35mmfu: 15.09%[39m
[rank1]:[titan] 2026-10-02 08:41:43,062 - torchtitan.observability.metrics - INFO - [31mstep: 18  [32mloss: -1.00000  [38;2;180;60;0mgrad_norm: 22.8750  [38;2;54;234;195mmemory: 58.94GiB(74.41%)  [34mtps: 2,720  [36mtflops: 148.53  [35mmfu: 15.02%[39m
[rank2]:[titan] 2026-10-02 08:41:43,064 - torchtitan.observability.metrics - INFO - [31mstep: 18  [32mloss: -1.00000  [38;2;180;60;0mgrad_norm: 22.8750  [38;2;54;234;195mmemory: 64.74GiB(81.74%)  [34mtps: 2,720  [36mtflops: 148.53  [35mmfu: 15.02%[39m
[rank0]:[titan] 2026-10-02 08:41:43,061 - torchtitan.observability.metrics - INFO - [31mstep: 18  [32mloss: -1.00000  [38;2;180;60;0mgrad_norm: 22.8750  [38;2;54;234;195mmemory: 60.48GiB(76.36%)  [34mtps: 2,720  [36mtflops: 148.53  [35mmfu: 15.02%[39m
[rank3]:[titan] 2026-10-02 08:41:43,057 - torchtitan.observability.metrics - INFO - [31mstep: 18  [32mloss:  4.91768  [38;2;180;60;0mgrad_norm: 22.8750  [38;2;54;234;195mmemory: 51.21GiB(64.65%)  [34mtps: 2,721  [36mtflops: 148.53  [35mmfu: 15.02%[39m
[rank0]:[titan] 2026-10-02 08:41:46,071 - torchtitan.observability.metrics - INFO - [31mstep: 19  [32mloss: -1.00000  [38;2;180;60;0mgrad_norm: 19.7500  [38;2;54;234;195mmemory: 60.48GiB(76.36%)  [34mtps: 2,721  [36mtflops: 148.58  [35mmfu: 15.02%[39m
[rank1]:[titan] 2026-10-02 08:41:46,073 - torchtitan.observability.metrics - INFO - [31mstep: 19  [32mloss: -1.00000  [38;2;180;60;0mgrad_norm: 19.7500  [38;2;54;234;195mmemory: 58.94GiB(74.41%)  [34mtps: 2,721  [36mtflops: 148.58  [35mmfu: 15.02%[39m
[rank2]:[titan] 2026-10-02 08:41:46,074 - torchtitan.observability.metrics - INFO - [31mstep: 19  [32mloss: -1.00000  [38;2;180;60;0mgrad_norm: 19.7500  [38;2;54;234;195mmemory: 64.74GiB(81.74%)  [34mtps: 2,722  [36mtflops: 148.59  [35mmfu: 15.02%[39m
[rank3]:[titan] 2026-10-02 08:41:46,068 - torchtitan.observability.metrics - INFO - [31mstep: 19  [32mloss:  4.06619  [38;2;180;60;0mgrad_norm: 19.7500  [38;2;54;234;195mmemory: 51.21GiB(64.65%)  [34mtps: 2,721  [36mtflops: 148.59  [35mmfu: 15.02%[39m
[rank0]:[titan] 2026-10-02 08:41:49,083 - torchtitan.observability.metrics - INFO - [31mstep: 20  [32mloss: -1.00000  [38;2;180;60;0mgrad_norm: 28.2500  [38;2;54;234;195mmemory: 60.48GiB(76.36%)  [34mtps: 2,720  [36mtflops: 148.51  [35mmfu: 15.02%[39m
[rank1]:[titan] 2026-10-02 08:41:49,085 - torchtitan.observability.metrics - INFO - [31mstep: 20  [32mloss: -1.00000  [38;2;180;60;0mgrad_norm: 28.2500  [38;2;54;234;195mmemory: 58.94GiB(74.41%)  [34mtps: 2,720  [36mtflops: 148.52  [35mmfu: 15.02%[39m
[rank2]:[titan] 2026-10-02 08:41:49,086 - torchtitan.observability.metrics - INFO - [31mstep: 20  [32mloss: -1.00000  [38;2;180;60;0mgrad_norm: 28.2500  [38;2;54;234;195mmemory: 64.74GiB(81.74%)  [34mtps: 2,720  [36mtflops: 148.51  [35mmfu: 15.02%[39m
[rank3]:[titan] 2026-10-02 08:41:49,080 - torchtitan.observability.metrics - INFO - [31mstep: 20  [32mloss:  3.80715  [38;2;180;60;0mgrad_norm: 28.2500  [38;2;54;234;195mmemory: 51.21GiB(64.65%)  [34mtps: 2,720  [36mtflops: 148.52  [35mmfu: 15.02%[39m
[rank1]:[titan] 2026-10-02 08:41:52,090 - torchtitan.observability.metrics - INFO - [31mstep: 21  [32mloss: -1.00000  [38;2;180;60;0mgrad_norm: 21.5000  [38;2;54;234;195mmemory: 58.94GiB(74.41%)  [34mtps: 2,726  [36mtflops: 148.84  [35mmfu: 15.05%[39m
[rank0]:[titan] 2026-10-02 08:41:52,089 - torchtitan.observability.metrics - INFO - [31mstep: 21  [32mloss: -1.00000  [38;2;180;60;0mgrad_norm: 21.5000  [38;2;54;234;195mmemory: 60.48GiB(76.36%)  [34mtps: 2,726  [36mtflops: 148.83  [35mmfu: 15.05%[39m
[rank2]:[titan] 2026-10-02 08:41:52,091 - torchtitan.observability.metrics - INFO - [31mstep: 21  [32mloss: -1.00000  [38;2;180;60;0mgrad_norm: 21.5000  [38;2;54;234;195mmemory: 64.74GiB(81.74%)  [34mtps: 2,726  [36mtflops: 148.85  [35mmfu: 15.05%[39m
[rank3]:[titan] 2026-10-02 08:41:52,085 - torchtitan.observability.metrics - INFO - [31mstep: 21  [32mloss:  4.01630  [38;2;180;60;0mgrad_norm: 21.5000  [38;2;54;234;195mmemory: 51.21GiB(64.65%)  [34mtps: 2,726  [36mtflops: 148.84  [35mmfu: 15.05%[39m
[rank2]:[titan] 2026-10-02 08:41:55,094 - torchtitan.observability.metrics - INFO - [31mstep: 22  [32mloss: -1.00000  [38;2;180;60;0mgrad_norm: 23.1250  [38;2;54;234;195mmemory: 64.74GiB(81.74%)  [34mtps: 2,729  [36mtflops: 148.98  [35mmfu: 15.06%[39m
[rank0]:[titan] 2026-10-02 08:41:55,091 - torchtitan.observability.metrics - INFO - [31mstep: 22  [32mloss: -1.00000  [38;2;180;60;0mgrad_norm: 23.1250  [38;2;54;234;195mmemory: 60.48GiB(76.36%)  [34mtps: 2,729  [36mtflops: 149.00  [35mmfu: 15.07%[39m
[rank1]:[titan] 2026-10-02 08:41:55,092 - torchtitan.observability.metrics - INFO - [31mstep: 22  [32mloss: -1.00000  [38;2;180;60;0mgrad_norm: 23.1250  [38;2;54;234;195mmemory: 58.94GiB(74.41%)  [34mtps: 2,729  [36mtflops: 148.98  [35mmfu: 15.06%[39m
[rank3]:[titan] 2026-10-02 08:41:55,087 - torchtitan.observability.metrics - INFO - [31mstep: 22  [32mloss:  4.04532  [38;2;180;60;0mgrad_norm: 23.1250  [38;2;54;234;195mmemory: 51.21GiB(64.65%)  [34mtps: 2,729  [36mtflops: 148.98  [35mmfu: 15.06%[39m
[rank2]:[titan] 2026-10-02 08:41:58,100 - torchtitan.observability.metrics - INFO - [31mstep: 23  [32mloss: -1.00000  [38;2;180;60;0mgrad_norm: 18.2500  [38;2;54;234;195mmemory: 64.74GiB(81.74%)  [34mtps: 2,726  [36mtflops: 148.82  [35mmfu: 15.05%[39m
[rank0]:[titan] 2026-10-02 08:41:58,097 - torchtitan.observability.metrics - INFO - [31mstep: 23  [32mloss: -1.00000  [38;2;180;60;0mgrad_norm: 18.2500  [38;2;54;234;195mmemory: 60.48GiB(76.36%)  [34mtps: 2,726  [36mtflops: 148.82  [35mmfu: 15.05%[39m
[rank1]:[titan] 2026-10-02 08:41:58,098 - torchtitan.observability.metrics - INFO - [31mstep: 23  [32mloss: -1.00000  [38;2;180;60;0mgrad_norm: 18.2500  [38;2;54;234;195mmemory: 58.94GiB(74.41%)  [34mtps: 2,726  [36mtflops: 148.82  [35mmfu: 15.05%[39m
[rank3]:[titan] 2026-10-02 08:41:58,093 - torchtitan.observability.metrics - INFO - [31mstep: 23  [32mloss:  3.53947  [38;2;180;60;0mgrad_norm: 18.2500  [38;2;54;234;195mmemory: 51.21GiB(64.65%)  [34mtps: 2,726  [36mtflops: 148.83  [35mmfu: 15.05%[39m
[rank2]:[titan] 2026-10-02 08:42:01,104 - torchtitan.observability.metrics - INFO - [31mstep: 24  [32mloss: -1.00000  [38;2;180;60;0mgrad_norm: 23.5000  [38;2;54;234;195mmemory: 64.74GiB(81.74%)  [34mtps: 2,727  [36mtflops: 148.90  [35mmfu: 15.06%[39m
[rank0]:[titan] 2026-10-02 08:42:01,101 - torchtitan.observability.metrics - INFO - [31mstep: 24  [32mloss: -1.00000  [38;2;180;60;0mgrad_norm: 23.5000  [38;2;54;234;195mmemory: 60.48GiB(76.36%)  [34mtps: 2,727  [36mtflops: 148.89  [35mmfu: 15.06%[39m
[rank1]:[titan] 2026-10-02 08:42:01,102 - torchtitan.observability.metrics - INFO - [31mstep: 24  [32mloss: -1.00000  [38;2;180;60;0mgrad_norm: 23.5000  [38;2;54;234;195mmemory: 58.94GiB(74.41%)  [34mtps: 2,727  [36mtflops: 148.90  [35mmfu: 15.06%[39m
[rank3]:[titan] 2026-10-02 08:42:01,097 - torchtitan.observability.metrics - INFO - [31mstep: 24  [32mloss:  3.66116  [38;2;180;60;0mgrad_norm: 23.5000  [38;2;54;234;195mmemory: 51.21GiB(64.65%)  [34mtps: 2,727  [36mtflops: 148.90  [35mmfu: 15.06%[39m
[rank0]:[titan] 2026-10-02 08:42:04,129 - torchtitan.observability.metrics - INFO - [31mstep: 25  [32mloss: -1.00000  [38;2;180;60;0mgrad_norm: 18.3750  [38;2;54;234;195mmemory: 60.48GiB(76.36%)  [34mtps: 2,705  [36mtflops: 147.71  [35mmfu: 14.94%[39m
[rank2]:[titan] 2026-10-02 08:42:04,132 - torchtitan.observability.metrics - INFO - [31mstep: 25  [32mloss: -1.00000  [38;2;180;60;0mgrad_norm: 18.3750  [38;2;54;234;195mmemory: 64.74GiB(81.74%)  [34mtps: 2,705  [36mtflops: 147.71  [35mmfu: 14.94%[39m
[rank1]:[titan] 2026-10-02 08:42:04,130 - torchtitan.observability.metrics - INFO - [31mstep: 25  [32mloss: -1.00000  [38;2;180;60;0mgrad_norm: 18.3750  [38;2;54;234;195mmemory: 58.94GiB(74.41%)  [34mtps: 2,705  [36mtflops: 147.71  [35mmfu: 14.94%[39m
[rank3]:[titan] 2026-10-02 08:42:04,125 - torchtitan.observability.metrics - INFO - [31mstep: 25  [32mloss:  3.66745  [38;2;180;60;0mgrad_norm: 18.3750  [38;2;54;234;195mmemory: 51.21GiB(64.65%)  [34mtps: 2,705  [36mtflops: 147.71  [35mmfu: 14.94%[39m
[rank1]:[titan] 2026-10-02 08:42:07,177 - torchtitan.observability.metrics - INFO - [31mstep: 26  [32mloss: -1.00000  [38;2;180;60;0mgrad_norm: 21.2500  [38;2;54;234;195mmemory: 58.94GiB(74.41%)  [34mtps: 2,689  [36mtflops: 146.81  [35mmfu: 14.84%[39m
[rank0]:[titan] 2026-10-02 08:42:07,176 - torchtitan.observability.metrics - INFO - [31mstep: 26  [32mloss: -1.00000  [38;2;180;60;0mgrad_norm: 21.2500  [38;2;54;234;195mmemory: 60.48GiB(76.36%)  [34mtps: 2,689  [36mtflops: 146.80  [35mmfu: 14.84%[39m
[rank2]:[titan] 2026-10-02 08:42:07,179 - torchtitan.observability.metrics - INFO - [31mstep: 26  [32mloss: -1.00000  [38;2;180;60;0mgrad_norm: 21.2500  [38;2;54;234;195mmemory: 64.74GiB(81.74%)  [34mtps: 2,689  [36mtflops: 146.82  [35mmfu: 14.84%[39m
[rank3]:[titan] 2026-10-02 08:42:07,172 - torchtitan.observability.metrics - INFO - [31mstep: 26  [32mloss:  3.75548  [38;2;180;60;0mgrad_norm: 21.2500  [38;2;54;234;195mmemory: 51.21GiB(64.65%)  [34mtps: 2,689  [36mtflops: 146.81  [35mmfu: 14.84%[39m
[rank1]:[titan] 2026-10-02 08:42:10,174 - torchtitan.observability.metrics - INFO - [31mstep: 27  [32mloss: -1.00000  [38;2;180;60;0mgrad_norm: 15.4375  [38;2;54;234;195mmemory: 58.94GiB(74.41%)  [34mtps: 2,734  [36mtflops: 149.28  [35mmfu: 15.09%[39m
[rank0]:[titan] 2026-10-02 08:42:10,172 - torchtitan.observability.metrics - INFO - [31mstep: 27  [32mloss: -1.00000  [38;2;180;60;0mgrad_norm: 15.4375  [38;2;54;234;195mmemory: 60.48GiB(76.36%)  [34mtps: 2,735  [36mtflops: 149.30  [35mmfu: 15.10%[39m
[rank2]:[titan] 2026-10-02 08:42:10,175 - torchtitan.observability.metrics - INFO - [31mstep: 27  [32mloss: -1.00000  [38;2;180;60;0mgrad_norm: 15.4375  [38;2;54;234;195mmemory: 64.74GiB(81.74%)  [34mtps: 2,734  [36mtflops: 149.29  [35mmfu: 15.09%[39m
[rank3]:[titan] 2026-10-02 08:42:10,169 - torchtitan.observability.metrics - INFO - [31mstep: 27  [32mloss:  3.36172  [38;2;180;60;0mgrad_norm: 15.4375  [38;2;54;234;195mmemory: 51.21GiB(64.65%)  [34mtps: 2,734  [36mtflops: 149.29  [35mmfu: 15.10%[39m
[rank0]:[titan] 2026-10-02 08:42:13,191 - torchtitan.observability.metrics - INFO - [31mstep: 28  [32mloss: -1.00000  [38;2;180;60;0mgrad_norm: 14.1875  [38;2;54;234;195mmemory: 60.48GiB(76.36%)  [34mtps: 2,714  [36mtflops: 148.15  [35mmfu: 14.98%[39m
[rank3]:[titan] 2026-10-02 08:42:13,188 - torchtitan.observability.metrics - INFO - [31mstep: 28  [32mloss:  3.44289  [38;2;180;60;0mgrad_norm: 14.1875  [38;2;54;234;195mmemory: 51.21GiB(64.65%)  [34mtps: 2,714  [36mtflops: 148.15  [35mmfu: 14.98%[39m
[rank2]:[titan] 2026-10-02 08:42:13,194 - torchtitan.observability.metrics - INFO - [31mstep: 28  [32mloss: -1.00000  [38;2;180;60;0mgrad_norm: 14.1875  [38;2;54;234;195mmemory: 64.74GiB(81.74%)  [34mtps: 2,714  [36mtflops: 148.16  [35mmfu: 14.98%[39m
[rank1]:[titan] 2026-10-02 08:42:13,193 - torchtitan.observability.metrics - INFO - [31mstep: 28  [32mloss: -1.00000  [38;2;180;60;0mgrad_norm: 14.1875  [38;2;54;234;195mmemory: 58.94GiB(74.41%)  [34mtps: 2,713  [36mtflops: 148.15  [35mmfu: 14.98%[39m
[rank1]:[titan] 2026-10-02 08:42:16,238 - torchtitan.observability.metrics - INFO - [31mstep: 29  [32mloss: -1.00000  [38;2;180;60;0mgrad_norm: 15.1875  [38;2;54;234;195mmemory: 58.94GiB(74.41%)  [34mtps: 2,691  [36mtflops: 146.90  [35mmfu: 14.85%[39m
[rank0]:[titan] 2026-10-02 08:42:16,237 - torchtitan.observability.metrics - INFO - [31mstep: 29  [32mloss: -1.00000  [38;2;180;60;0mgrad_norm: 15.1875  [38;2;54;234;195mmemory: 60.48GiB(76.36%)  [34mtps: 2,690  [36mtflops: 146.89  [35mmfu: 14.85%[39m
[rank2]:[titan] 2026-10-02 08:42:16,239 - torchtitan.observability.metrics - INFO - [31mstep: 29  [32mloss: -1.00000  [38;2;180;60;0mgrad_norm: 15.1875  [38;2;54;234;195mmemory: 64.74GiB(81.74%)  [34mtps: 2,691  [36mtflops: 146.90  [35mmfu: 14.85%[39m
[rank3]:[titan] 2026-10-02 08:42:16,233 - torchtitan.observability.metrics - INFO - [31mstep: 29  [32mloss:  3.18953  [38;2;180;60;0mgrad_norm: 15.1875  [38;2;54;234;195mmemory: 51.21GiB(64.65%)  [34mtps: 2,691  [36mtflops: 146.90  [35mmfu: 14.85%[39m
[rank2]:[titan] 2026-10-02 08:42:19,271 - torchtitan.observability.metrics - INFO - [31mstep: 30  [32mloss: -1.00000  [38;2;180;60;0mgrad_norm: 15.0625  [38;2;54;234;195mmemory: 64.74GiB(81.74%)  [34mtps: 2,703  [36mtflops: 147.56  [35mmfu: 14.92%[39m
[rank1]:[titan] 2026-10-02 08:42:19,269 - torchtitan.observability.metrics - INFO - [31mstep: 30  [32mloss: -1.00000  [38;2;180;60;0mgrad_norm: 15.0625  [38;2;54;234;195mmemory: 58.94GiB(74.41%)  [34mtps: 2,703  [36mtflops: 147.56  [35mmfu: 14.92%[39m
[rank0]:[titan] 2026-10-02 08:42:19,268 - torchtitan.observability.metrics - INFO - [31mstep: 30  [32mloss: -1.00000  [38;2;180;60;0mgrad_norm: 15.0625  [38;2;54;234;195mmemory: 60.48GiB(76.36%)  [34mtps: 2,703  [36mtflops: 147.56  [35mmfu: 14.92%[39m
[rank3]:[titan] 2026-10-02 08:42:19,264 - torchtitan.observability.metrics - INFO - [31mstep: 30  [32mloss:  2.99667  [38;2;180;60;0mgrad_norm: 15.0625  [38;2;54;234;195mmemory: 51.21GiB(64.65%)  [34mtps: 2,703  [36mtflops: 147.57  [35mmfu: 14.92%[39m
[rank1]:[titan] 2026-10-02 08:42:22,311 - torchtitan.observability.metrics - INFO - [31mstep: 31  [32mloss: -1.00000  [38;2;180;60;0mgrad_norm: 19.1250  [38;2;54;234;195mmemory: 58.94GiB(74.41%)  [34mtps: 2,693  [36mtflops: 147.02  [35mmfu: 14.87%[39m
[rank0]:[titan] 2026-10-02 08:42:22,310 - torchtitan.observability.metrics - INFO - [31mstep: 31  [32mloss: -1.00000  [38;2;180;60;0mgrad_norm: 19.1250  [38;2;54;234;195mmemory: 60.48GiB(76.36%)  [34mtps: 2,693  [36mtflops: 147.02  [35mmfu: 14.87%[39m
[rank3]:[titan] 2026-10-02 08:42:22,307 - torchtitan.observability.metrics - INFO - [31mstep: 31  [32mloss:  3.11544  [38;2;180;60;0mgrad_norm: 19.1250  [38;2;54;234;195mmemory: 51.21GiB(64.65%)  [34mtps: 2,693  [36mtflops: 147.03  [35mmfu: 14.87%[39m
[rank2]:[titan] 2026-10-02 08:42:22,313 - torchtitan.observability.metrics - INFO - [31mstep: 31  [32mloss: -1.00000  [38;2;180;60;0mgrad_norm: 19.1250  [38;2;54;234;195mmemory: 64.74GiB(81.74%)  [34mtps: 2,693  [36mtflops: 147.02  [35mmfu: 14.87%[39m
[rank3]:[titan] 2026-10-02 08:42:25,341 - torchtitan.observability.metrics - INFO - [31mstep: 32  [32mloss:  3.07310  [38;2;180;60;0mgrad_norm: 14.5000  [38;2;54;234;195mmemory: 51.21GiB(64.65%)  [34mtps: 2,700  [36mtflops: 147.43  [35mmfu: 14.91%[39m
[rank2]:[titan] 2026-10-02 08:42:25,347 - torchtitan.observability.metrics - INFO - [31mstep: 32  [32mloss: -1.00000  [38;2;180;60;0mgrad_norm: 14.5000  [38;2;54;234;195mmemory: 64.74GiB(81.74%)  [34mtps: 2,701  [36mtflops: 147.44  [35mmfu: 14.91%[39m
[rank1]:[titan] 2026-10-02 08:42:25,346 - torchtitan.observability.metrics - INFO - [31mstep: 32  [32mloss: -1.00000  [38;2;180;60;0mgrad_norm: 14.5000  [38;2;54;234;195mmemory: 58.94GiB(74.41%)  [34mtps: 2,700  [36mtflops: 147.42  [35mmfu: 14.91%[39m
[rank0]:[titan] 2026-10-02 08:42:25,345 - torchtitan.observability.metrics - INFO - [31mstep: 32  [32mloss: -1.00000  [38;2;180;60;0mgrad_norm: 14.5000  [38;2;54;234;195mmemory: 60.48GiB(76.36%)  [34mtps: 2,700  [36mtflops: 147.43  [35mmfu: 14.91%[39m
[rank1]:[titan] 2026-10-02 08:42:28,387 - torchtitan.observability.metrics - INFO - [31mstep: 33  [32mloss: -1.00000  [38;2;180;60;0mgrad_norm: 11.0625  [38;2;54;234;195mmemory: 58.94GiB(74.41%)  [34mtps: 2,694  [36mtflops: 147.06  [35mmfu: 14.87%[39m
[rank2]:[titan] 2026-10-02 08:42:28,389 - torchtitan.observability.metrics - INFO - [31mstep: 33  [32mloss: -1.00000  [38;2;180;60;0mgrad_norm: 11.0625  [38;2;54;234;195mmemory: 64.74GiB(81.74%)  [34mtps: 2,694  [36mtflops: 147.06  [35mmfu: 14.87%[39m
[rank0]:[titan] 2026-10-02 08:42:28,386 - torchtitan.observability.metrics - INFO - [31mstep: 33  [32mloss: -1.00000  [38;2;180;60;0mgrad_norm: 11.0625  [38;2;54;234;195mmemory: 60.48GiB(76.36%)  [34mtps: 2,694  [36mtflops: 147.07  [35mmfu: 14.87%[39m
[rank3]:[titan] 2026-10-02 08:42:28,382 - torchtitan.observability.metrics - INFO - [31mstep: 33  [32mloss:  3.06478  [38;2;180;60;0mgrad_norm: 11.0625  [38;2;54;234;195mmemory: 51.21GiB(64.65%)  [34mtps: 2,694  [36mtflops: 147.06  [35mmfu: 14.87%[39m
[rank3]:[titan] 2026-10-02 08:42:31,435 - torchtitan.observability.metrics - INFO - [31mstep: 34  [32mloss:  2.90311  [38;2;180;60;0mgrad_norm:  8.5000  [38;2;54;234;195mmemory: 51.21GiB(64.65%)  [34mtps: 2,683  [36mtflops: 146.51  [35mmfu: 14.81%[39m
[rank2]:[titan] 2026-10-02 08:42:31,442 - torchtitan.observability.metrics - INFO - [31mstep: 34  [32mloss: -1.00000  [38;2;180;60;0mgrad_norm:  8.5000  [38;2;54;234;195mmemory: 64.74GiB(81.74%)  [34mtps: 2,684  [36mtflops: 146.51  [35mmfu: 14.81%[39m
[rank1]:[titan] 2026-10-02 08:42:31,440 - torchtitan.observability.metrics - INFO - [31mstep: 34  [32mloss: -1.00000  [38;2;180;60;0mgrad_norm:  8.5000  [38;2;54;234;195mmemory: 58.94GiB(74.41%)  [34mtps: 2,683  [36mtflops: 146.50  [35mmfu: 14.81%[39m
[rank0]:[titan] 2026-10-02 08:42:31,439 - torchtitan.observability.metrics - INFO - [31mstep: 34  [32mloss: -1.00000  [38;2;180;60;0mgrad_norm:  8.5000  [38;2;54;234;195mmemory: 60.48GiB(76.36%)  [34mtps: 2,683  [36mtflops: 146.50  [35mmfu: 14.81%[39m
[rank1]:[titan] 2026-10-02 08:42:34,510 - torchtitan.observability.metrics - INFO - [31mstep: 35  [32mloss: -1.00000  [38;2;180;60;0mgrad_norm: 10.2500  [38;2;54;234;195mmemory: 58.94GiB(74.41%)  [34mtps: 2,669  [36mtflops: 145.71  [35mmfu: 14.73%[39m
[rank2]:[titan] 2026-10-02 08:42:34,512 - torchtitan.observability.metrics - INFO - [31mstep: 35  [32mloss: -1.00000  [38;2;180;60;0mgrad_norm: 10.2500  [38;2;54;234;195mmemory: 64.74GiB(81.74%)  [34mtps: 2,669  [36mtflops: 145.72  [35mmfu: 14.73%[39m
[rank0]:[titan] 2026-10-02 08:42:34,509 - torchtitan.observability.metrics - INFO - [31mstep: 35  [32mloss: -1.00000  [38;2;180;60;0mgrad_norm: 10.2500  [38;2;54;234;195mmemory: 60.48GiB(76.36%)  [34mtps: 2,669  [36mtflops: 145.71  [35mmfu: 14.73%[39m
[rank3]:[titan] 2026-10-02 08:42:34,505 - torchtitan.observability.metrics - INFO - [31mstep: 35  [32mloss:  2.81901  [38;2;180;60;0mgrad_norm: 10.2500  [38;2;54;234;195mmemory: 51.21GiB(64.65%)  [34mtps: 2,669  [36mtflops: 145.72  [35mmfu: 14.73%[39m
[rank1]:[titan] 2026-10-02 08:42:37,543 - torchtitan.observability.metrics - INFO - [31mstep: 36  [32mloss: -1.00000  [38;2;180;60;0mgrad_norm: 10.9375  [38;2;54;234;195mmemory: 58.94GiB(74.41%)  [34mtps: 2,702  [36mtflops: 147.51  [35mmfu: 14.92%[39m
[rank0]:[titan] 2026-10-02 08:42:37,541 - torchtitan.observability.metrics - INFO - [31mstep: 36  [32mloss: -1.00000  [38;2;180;60;0mgrad_norm: 10.9375  [38;2;54;234;195mmemory: 60.48GiB(76.36%)  [34mtps: 2,702  [36mtflops: 147.51  [35mmfu: 14.92%[39m
[rank3]:[titan] 2026-10-02 08:42:37,538 - torchtitan.observability.metrics - INFO - [31mstep: 36  [32mloss:  2.94676  [38;2;180;60;0mgrad_norm: 10.9375  [38;2;54;234;195mmemory: 51.21GiB(64.65%)  [34mtps: 2,702  [36mtflops: 147.51  [35mmfu: 14.92%[39m
[rank2]:[titan] 2026-10-02 08:42:37,544 - torchtitan.observability.metrics - INFO - [31mstep: 36  [32mloss: -1.00000  [38;2;180;60;0mgrad_norm: 10.9375  [38;2;54;234;195mmemory: 64.74GiB(81.74%)  [34mtps: 2,702  [36mtflops: 147.53  [35mmfu: 14.92%[39m
[rank2]:[titan] 2026-10-02 08:42:40,586 - torchtitan.observability.metrics - INFO - [31mstep: 37  [32mloss: -1.00000  [38;2;180;60;0mgrad_norm:  8.5000  [38;2;54;234;195mmemory: 64.74GiB(81.74%)  [34mtps: 2,693  [36mtflops: 147.04  [35mmfu: 14.87%[39m
[rank1]:[titan] 2026-10-02 08:42:40,585 - torchtitan.observability.metrics - INFO - [31mstep: 37  [32mloss: -1.00000  [38;2;180;60;0mgrad_norm:  8.5000  [38;2;54;234;195mmemory: 58.94GiB(74.41%)  [34mtps: 2,693  [36mtflops: 147.04  [35mmfu: 14.87%[39m
[rank0]:[titan] 2026-10-02 08:42:40,583 - torchtitan.observability.metrics - INFO - [31mstep: 37  [32mloss: -1.00000  [38;2;180;60;0mgrad_norm:  8.5000  [38;2;54;234;195mmemory: 60.48GiB(76.36%)  [34mtps: 2,693  [36mtflops: 147.03  [35mmfu: 14.87%[39m
[rank3]:[titan] 2026-10-02 08:42:40,580 - torchtitan.observability.metrics - INFO - [31mstep: 37  [32mloss:  2.90321  [38;2;180;60;0mgrad_norm:  8.5000  [38;2;54;234;195mmemory: 51.21GiB(64.65%)  [34mtps: 2,693  [36mtflops: 147.04  [35mmfu: 14.87%[39m
[rank1]:[titan] 2026-10-02 08:42:43,603 - torchtitan.observability.metrics - INFO - [31mstep: 38  [32mloss: -1.00000  [38;2;180;60;0mgrad_norm: 10.6250  [38;2;54;234;195mmemory: 58.94GiB(74.41%)  [34mtps: 2,715  [36mtflops: 148.22  [35mmfu: 14.99%[39m
[rank2]:[titan] 2026-10-02 08:42:43,604 - torchtitan.observability.metrics - INFO - [31mstep: 38  [32mloss: -1.00000  [38;2;180;60;0mgrad_norm: 10.6250  [38;2;54;234;195mmemory: 64.74GiB(81.74%)  [34mtps: 2,715  [36mtflops: 148.23  [35mmfu: 14.99%[39m
[rank0]:[titan] 2026-10-02 08:42:43,601 - torchtitan.observability.metrics - INFO - [31mstep: 38  [32mloss: -1.00000  [38;2;180;60;0mgrad_norm: 10.6250  [38;2;54;234;195mmemory: 60.48GiB(76.36%)  [34mtps: 2,715  [36mtflops: 148.22  [35mmfu: 14.99%[39m
[rank3]:[titan] 2026-10-02 08:42:43,598 - torchtitan.observability.metrics - INFO - [31mstep: 38  [32mloss:  2.63334  [38;2;180;60;0mgrad_norm: 10.6250  [38;2;54;234;195mmemory: 51.21GiB(64.65%)  [34mtps: 2,715  [36mtflops: 148.22  [35mmfu: 14.99%[39m
[rank2]:[titan] 2026-10-02 08:42:46,630 - torchtitan.observability.metrics - INFO - [31mstep: 39  [32mloss: -1.00000  [38;2;180;60;0mgrad_norm:  8.6250  [38;2;54;234;195mmemory: 64.74GiB(81.74%)  [34mtps: 2,708  [36mtflops: 147.82  [35mmfu: 14.95%[39m
[rank1]:[titan] 2026-10-02 08:42:46,629 - torchtitan.observability.metrics - INFO - [31mstep: 39  [32mloss: -1.00000  [38;2;180;60;0mgrad_norm:  8.6250  [38;2;54;234;195mmemory: 58.94GiB(74.41%)  [34mtps: 2,707  [36mtflops: 147.82  [35mmfu: 14.95%[39m
[rank0]:[titan] 2026-10-02 08:42:46,627 - torchtitan.observability.metrics - INFO - [31mstep: 39  [32mloss: -1.00000  [38;2;180;60;0mgrad_norm:  8.6250  [38;2;54;234;195mmemory: 60.48GiB(76.36%)  [34mtps: 2,707  [36mtflops: 147.82  [35mmfu: 14.95%[39m
[rank3]:[titan] 2026-10-02 08:42:46,624 - torchtitan.observability.metrics - INFO - [31mstep: 39  [32mloss:  2.76812  [38;2;180;60;0mgrad_norm:  8.6250  [38;2;54;234;195mmemory: 51.21GiB(64.65%)  [34mtps: 2,708  [36mtflops: 147.83  [35mmfu: 14.95%[39m
[rank2]:[titan] 2026-10-02 08:42:49,646 - torchtitan.observability.metrics - INFO - [31mstep: 40  [32mloss: -1.00000  [38;2;180;60;0mgrad_norm:  6.8750  [38;2;54;234;195mmemory: 64.74GiB(81.74%)  [34mtps: 2,717  [36mtflops: 148.34  [35mmfu: 15.00%[39m
[rank1]:[titan] 2026-10-02 08:42:49,644 - torchtitan.observability.metrics - INFO - [31mstep: 40  [32mloss: -1.00000  [38;2;180;60;0mgrad_norm:  6.8750  [38;2;54;234;195mmemory: 58.94GiB(74.41%)  [34mtps: 2,717  [36mtflops: 148.34  [35mmfu: 15.00%[39m
[rank0]:[titan] 2026-10-02 08:42:49,643 - torchtitan.observability.metrics - INFO - [31mstep: 40  [32mloss: -1.00000  [38;2;180;60;0mgrad_norm:  6.8750  [38;2;54;234;195mmemory: 60.48GiB(76.36%)  [34mtps: 2,717  [36mtflops: 148.33  [35mmfu: 15.00%[39m
[rank3]:[titan] 2026-10-02 08:42:49,639 - torchtitan.observability.metrics - INFO - [31mstep: 40  [32mloss:  2.80755  [38;2;180;60;0mgrad_norm:  6.8750  [38;2;54;234;195mmemory: 51.21GiB(64.65%)  [34mtps: 2,717  [36mtflops: 148.34  [35mmfu: 15.00%[39m
[rank2]:[titan] 2026-10-02 08:42:52,662 - torchtitan.observability.metrics - INFO - [31mstep: 41  [32mloss: -1.00000  [38;2;180;60;0mgrad_norm: 10.5625  [38;2;54;234;195mmemory: 64.74GiB(81.74%)  [34mtps: 2,716  [36mtflops: 148.30  [35mmfu: 15.00%[39m
[rank1]:[titan] 2026-10-02 08:42:52,660 - torchtitan.observability.metrics - INFO - [31mstep: 41  [32mloss: -1.00000  [38;2;180;60;0mgrad_norm: 10.5625  [38;2;54;234;195mmemory: 58.94GiB(74.41%)  [34mtps: 2,716  [36mtflops: 148.29  [35mmfu: 14.99%[39m
[rank0]:[titan] 2026-10-02 08:42:52,659 - torchtitan.observability.metrics - INFO - [31mstep: 41  [32mloss: -1.00000  [38;2;180;60;0mgrad_norm: 10.5625  [38;2;54;234;195mmemory: 60.48GiB(76.36%)  [34mtps: 2,717  [36mtflops: 148.32  [35mmfu: 15.00%[39m
[rank3]:[titan] 2026-10-02 08:42:52,655 - torchtitan.observability.metrics - INFO - [31mstep: 41  [32mloss:  2.61795  [38;2;180;60;0mgrad_norm: 10.5625  [38;2;54;234;195mmemory: 51.21GiB(64.65%)  [34mtps: 2,716  [36mtflops: 148.31  [35mmfu: 15.00%[39m
[rank3]:[titan] 2026-10-02 08:42:55,692 - torchtitan.observability.metrics - INFO - [31mstep: 42  [32mloss:  2.79008  [38;2;180;60;0mgrad_norm:  9.0000  [38;2;54;234;195mmemory: 51.21GiB(64.65%)  [34mtps: 2,698  [36mtflops: 147.30  [35mmfu: 14.89%[39m
[rank2]:[titan] 2026-10-02 08:42:55,699 - torchtitan.observability.metrics - INFO - [31mstep: 42  [32mloss: -1.00000  [38;2;180;60;0mgrad_norm:  9.0000  [38;2;54;234;195mmemory: 64.74GiB(81.74%)  [34mtps: 2,698  [36mtflops: 147.30  [35mmfu: 14.89%[39m
[rank1]:[titan] 2026-10-02 08:42:55,697 - torchtitan.observability.metrics - INFO - [31mstep: 42  [32mloss: -1.00000  [38;2;180;60;0mgrad_norm:  9.0000  [38;2;54;234;195mmemory: 58.94GiB(74.41%)  [34mtps: 2,698  [36mtflops: 147.31  [35mmfu: 14.89%[39m
[rank0]:[titan] 2026-10-02 08:42:55,696 - torchtitan.observability.metrics - INFO - [31mstep: 42  [32mloss: -1.00000  [38;2;180;60;0mgrad_norm:  9.0000  [38;2;54;234;195mmemory: 60.48GiB(76.36%)  [34mtps: 2,698  [36mtflops: 147.29  [35mmfu: 14.89%[39m
[rank3]:[titan] 2026-10-02 08:42:58,707 - torchtitan.observability.metrics - INFO - [31mstep: 43  [32mloss:  2.73998  [38;2;180;60;0mgrad_norm:  4.3438  [38;2;54;234;195mmemory: 51.21GiB(64.65%)  [34mtps: 2,718  [36mtflops: 148.37  [35mmfu: 15.00%[39m
[rank2]:[titan] 2026-10-02 08:42:58,713 - torchtitan.observability.metrics - INFO - [31mstep: 43  [32mloss: -1.00000  [38;2;180;60;0mgrad_norm:  4.3438  [38;2;54;234;195mmemory: 64.74GiB(81.74%)  [34mtps: 2,718  [36mtflops: 148.38  [35mmfu: 15.00%[39m
[rank1]:[titan] 2026-10-02 08:42:58,712 - torchtitan.observability.metrics - INFO - [31mstep: 43  [32mloss: -1.00000  [38;2;180;60;0mgrad_norm:  4.3438  [38;2;54;234;195mmemory: 58.94GiB(74.41%)  [34mtps: 2,718  [36mtflops: 148.37  [35mmfu: 15.00%[39m
[rank0]:[titan] 2026-10-02 08:42:58,710 - torchtitan.observability.metrics - INFO - [31mstep: 43  [32mloss: -1.00000  [38;2;180;60;0mgrad_norm:  4.3438  [38;2;54;234;195mmemory: 60.48GiB(76.36%)  [34mtps: 2,718  [36mtflops: 148.37  [35mmfu: 15.00%[39m
[rank1]:[titan] 2026-10-02 08:43:01,732 - torchtitan.observability.metrics - INFO - [31mstep: 44  [32mloss: -1.00000  [38;2;180;60;0mgrad_norm: 12.6875  [38;2;54;234;195mmemory: 58.94GiB(74.41%)  [34mtps: 2,713  [36mtflops: 148.13  [35mmfu: 14.98%[39m
[rank2]:[titan] 2026-10-02 08:43:01,733 - torchtitan.observability.metrics - INFO - [31mstep: 44  [32mloss: -1.00000  [38;2;180;60;0mgrad_norm: 12.6875  [38;2;54;234;195mmemory: 64.74GiB(81.74%)  [34mtps: 2,713  [36mtflops: 148.12  [35mmfu: 14.98%[39m
[rank0]:[titan] 2026-10-02 08:43:01,730 - torchtitan.observability.metrics - INFO - [31mstep: 44  [32mloss: -1.00000  [38;2;180;60;0mgrad_norm: 12.6875  [38;2;54;234;195mmemory: 60.48GiB(76.36%)  [34mtps: 2,713  [36mtflops: 148.11  [35mmfu: 14.98%[39m
[rank3]:[titan] 2026-10-02 08:43:01,727 - torchtitan.observability.metrics - INFO - [31mstep: 44  [32mloss:  2.84593  [38;2;180;60;0mgrad_norm: 12.6875  [38;2;54;234;195mmemory: 51.21GiB(64.65%)  [34mtps: 2,713  [36mtflops: 148.13  [35mmfu: 14.98%[39m
[rank1]:[titan] 2026-10-02 08:43:04,738 - torchtitan.observability.metrics - INFO - [31mstep: 45  [32mloss: -1.00000  [38;2;180;60;0mgrad_norm: 10.4375  [38;2;54;234;195mmemory: 58.94GiB(74.41%)  [34mtps: 2,725  [36mtflops: 148.78  [35mmfu: 15.04%[39m
[rank2]:[titan] 2026-10-02 08:43:04,740 - torchtitan.observability.metrics - INFO - [31mstep: 45  [32mloss: -1.00000  [38;2;180;60;0mgrad_norm: 10.4375  [38;2;54;234;195mmemory: 64.74GiB(81.74%)  [34mtps: 2,725  [36mtflops: 148.78  [35mmfu: 15.04%[39m
[rank0]:[titan] 2026-10-02 08:43:04,737 - torchtitan.observability.metrics - INFO - [31mstep: 45  [32mloss: -1.00000  [38;2;180;60;0mgrad_norm: 10.4375  [38;2;54;234;195mmemory: 60.48GiB(76.36%)  [34mtps: 2,725  [36mtflops: 148.79  [35mmfu: 15.04%[39m
[rank3]:[titan] 2026-10-02 08:43:04,733 - torchtitan.observability.metrics - INFO - [31mstep: 45  [32mloss:  2.93393  [38;2;180;60;0mgrad_norm: 10.4375  [38;2;54;234;195mmemory: 51.21GiB(64.65%)  [34mtps: 2,725  [36mtflops: 148.78  [35mmfu: 15.04%[39m
[rank1]:[titan] 2026-10-02 08:43:07,757 - torchtitan.observability.metrics - INFO - [31mstep: 46  [32mloss: -1.00000  [38;2;180;60;0mgrad_norm: 13.3750  [38;2;54;234;195mmemory: 58.94GiB(74.41%)  [34mtps: 2,713  [36mtflops: 148.15  [35mmfu: 14.98%[39m
[rank2]:[titan] 2026-10-02 08:43:07,759 - torchtitan.observability.metrics - INFO - [31mstep: 46  [32mloss: -1.00000  [38;2;180;60;0mgrad_norm: 13.3750  [38;2;54;234;195mmemory: 64.74GiB(81.74%)  [34mtps: 2,714  [36mtflops: 148.15  [35mmfu: 14.98%[39m
[rank0]:[titan] 2026-10-02 08:43:07,756 - torchtitan.observability.metrics - INFO - [31mstep: 46  [32mloss: -1.00000  [38;2;180;60;0mgrad_norm: 13.3750  [38;2;54;234;195mmemory: 60.48GiB(76.36%)  [34mtps: 2,714  [36mtflops: 148.15  [35mmfu: 14.98%[39m
[rank3]:[titan] 2026-10-02 08:43:07,752 - torchtitan.observability.metrics - INFO - [31mstep: 46  [32mloss:  2.67442  [38;2;180;60;0mgrad_norm: 13.3750  [38;2;54;234;195mmemory: 51.21GiB(64.65%)  [34mtps: 2,714  [36mtflops: 148.15  [35mmfu: 14.98%[39m
[rank2]:[titan] 2026-10-02 08:43:10,786 - torchtitan.observability.metrics - INFO - [31mstep: 47  [32mloss: -1.00000  [38;2;180;60;0mgrad_norm:  7.4375  [38;2;54;234;195mmemory: 64.74GiB(81.74%)  [34mtps: 2,707  [36mtflops: 147.77  [35mmfu: 14.94%[39m
[rank1]:[titan] 2026-10-02 08:43:10,784 - torchtitan.observability.metrics - INFO - [31mstep: 47  [32mloss: -1.00000  [38;2;180;60;0mgrad_norm:  7.4375  [38;2;54;234;195mmemory: 58.94GiB(74.41%)  [34mtps: 2,706  [36mtflops: 147.77  [35mmfu: 14.94%[39m
[rank0]:[titan] 2026-10-02 08:43:10,783 - torchtitan.observability.metrics - INFO - [31mstep: 47  [32mloss: -1.00000  [38;2;180;60;0mgrad_norm:  7.4375  [38;2;54;234;195mmemory: 60.48GiB(76.36%)  [34mtps: 2,706  [36mtflops: 147.77  [35mmfu: 14.94%[39m
[rank3]:[titan] 2026-10-02 08:43:10,779 - torchtitan.observability.metrics - INFO - [31mstep: 47  [32mloss:  2.64649  [38;2;180;60;0mgrad_norm:  7.4375  [38;2;54;234;195mmemory: 51.21GiB(64.65%)  [34mtps: 2,707  [36mtflops: 147.77  [35mmfu: 14.94%[39m
[rank2]:[titan] 2026-10-02 08:43:13,817 - torchtitan.observability.metrics - INFO - [31mstep: 48  [32mloss: -1.00000  [38;2;180;60;0mgrad_norm: 10.8125  [38;2;54;234;195mmemory: 64.74GiB(81.74%)  [34mtps: 2,703  [36mtflops: 147.56  [35mmfu: 14.92%[39m
[rank1]:[titan] 2026-10-02 08:43:13,816 - torchtitan.observability.metrics - INFO - [31mstep: 48  [32mloss: -1.00000  [38;2;180;60;0mgrad_norm: 10.8125  [38;2;54;234;195mmemory: 58.94GiB(74.41%)  [34mtps: 2,703  [36mtflops: 147.57  [35mmfu: 14.92%[39m
[rank0]:[titan] 2026-10-02 08:43:13,815 - torchtitan.observability.metrics - INFO - [31mstep: 48  [32mloss: -1.00000  [38;2;180;60;0mgrad_norm: 10.8125  [38;2;54;234;195mmemory: 60.48GiB(76.36%)  [34mtps: 2,703  [36mtflops: 147.55  [35mmfu: 14.92%[39m
[rank3]:[titan] 2026-10-02 08:43:13,811 - torchtitan.observability.metrics - INFO - [31mstep: 48  [32mloss:  2.60266  [38;2;180;60;0mgrad_norm: 10.8125  [38;2;54;234;195mmemory: 51.21GiB(64.65%)  [34mtps: 2,703  [36mtflops: 147.57  [35mmfu: 14.92%[39m
[rank3]:[titan] 2026-10-02 08:43:16,826 - torchtitan.observability.metrics - INFO - [31mstep: 49  [32mloss:  2.63485  [38;2;180;60;0mgrad_norm: 11.5625  [38;2;54;234;195mmemory: 51.21GiB(64.65%)  [34mtps: 2,717  [36mtflops: 148.34  [35mmfu: 15.00%[39m
[rank1]:[titan] 2026-10-02 08:43:16,831 - torchtitan.observability.metrics - INFO - [31mstep: 49  [32mloss: -1.00000  [38;2;180;60;0mgrad_norm: 11.5625  [38;2;54;234;195mmemory: 58.94GiB(74.41%)  [34mtps: 2,717  [36mtflops: 148.34  [35mmfu: 15.00%[39m
[rank2]:[titan] 2026-10-02 08:43:16,833 - torchtitan.observability.metrics - INFO - [31mstep: 49  [32mloss: -1.00000  [38;2;180;60;0mgrad_norm: 11.5625  [38;2;54;234;195mmemory: 64.74GiB(81.74%)  [34mtps: 2,717  [36mtflops: 148.35  [35mmfu: 15.00%[39m
[rank1]:[titan] 2026-10-02 08:43:16,922 - torchtitan.tools.utils - INFO - [GC] Performing periodic GC collection took 0.05 seconds
[rank0]:[titan] 2026-10-02 08:43:16,830 - torchtitan.observability.metrics - INFO - [31mstep: 49  [32mloss: -1.00000  [38;2;180;60;0mgrad_norm: 11.5625  [38;2;54;234;195mmemory: 60.48GiB(76.36%)  [34mtps: 2,717  [36mtflops: 148.35  [35mmfu: 15.00%[39m
[rank0]:[titan] 2026-10-02 08:43:16,925 - torchtitan.tools.utils - INFO - [GC] Performing periodic GC collection took 0.05 seconds
[rank3]:[titan] 2026-10-02 08:43:16,908 - torchtitan.tools.utils - INFO - [GC] Performing periodic GC collection took 0.04 seconds
[rank2]:[titan] 2026-10-02 08:43:16,946 - torchtitan.tools.utils - INFO - [GC] Performing periodic GC collection took 0.06 seconds
[rank2]:[titan] 2026-10-02 08:43:19,981 - torchtitan.observability.metrics - INFO - [31mstep: 50  [32mloss: -1.00000  [38;2;180;60;0mgrad_norm:  9.8750  [38;2;54;234;195mmemory: 64.74GiB(81.74%)  [34mtps: 2,602  [36mtflops: 142.09  [35mmfu: 14.37%[39m
[rank1]:[titan] 2026-10-02 08:43:19,979 - torchtitan.observability.metrics - INFO - [31mstep: 50  [32mloss: -1.00000  [38;2;180;60;0mgrad_norm:  9.8750  [38;2;54;234;195mmemory: 58.94GiB(74.41%)  [34mtps: 2,602  [36mtflops: 142.09  [35mmfu: 14.37%[39m
[rank0]:[titan] 2026-10-02 08:43:19,978 - torchtitan.observability.metrics - INFO - [31mstep: 50  [32mloss: -1.00000  [38;2;180;60;0mgrad_norm:  9.8750  [38;2;54;234;195mmemory: 60.48GiB(76.36%)  [34mtps: 2,603  [36mtflops: 142.09  [35mmfu: 14.37%[39m
[rank3]:[titan] 2026-10-02 08:43:19,974 - torchtitan.observability.metrics - INFO - [31mstep: 50  [32mloss:  2.57208  [38;2;180;60;0mgrad_norm:  9.8750  [38;2;54;234;195mmemory: 51.21GiB(64.65%)  [34mtps: 2,603  [36mtflops: 142.09  [35mmfu: 14.37%[39m
[rank3]:[titan] 2026-10-02 08:43:23,066 - torchtitan.observability.metrics - INFO - [31mstep: 51  [32mloss:  2.41305  [38;2;180;60;0mgrad_norm:  6.8438  [38;2;54;234;195mmemory: 51.21GiB(64.65%)  [34mtps: 2,649  [36mtflops: 144.65  [35mmfu: 14.63%[39m
[rank1]:[titan] 2026-10-02 08:43:23,071 - torchtitan.observability.metrics - INFO - [31mstep: 51  [32mloss: -1.00000  [38;2;180;60;0mgrad_norm:  6.8438  [38;2;54;234;195mmemory: 58.94GiB(74.41%)  [34mtps: 2,649  [36mtflops: 144.65  [35mmfu: 14.63%[39m
[rank2]:[titan] 2026-10-02 08:43:23,073 - torchtitan.observability.metrics - INFO - [31mstep: 51  [32mloss: -1.00000  [38;2;180;60;0mgrad_norm:  6.8438  [38;2;54;234;195mmemory: 64.74GiB(81.74%)  [34mtps: 2,650  [36mtflops: 144.66  [35mmfu: 14.63%[39m
[rank0]:[titan] 2026-10-02 08:43:23,070 - torchtitan.observability.metrics - INFO - [31mstep: 51  [32mloss: -1.00000  [38;2;180;60;0mgrad_norm:  6.8438  [38;2;54;234;195mmemory: 60.48GiB(76.36%)  [34mtps: 2,650  [36mtflops: 144.66  [35mmfu: 14.63%[39m
[rank2]:[titan] 2026-10-02 08:43:26,094 - torchtitan.observability.metrics - INFO - [31mstep: 52  [32mloss: -1.00000  [38;2;180;60;0mgrad_norm:  7.9375  [38;2;54;234;195mmemory: 64.74GiB(81.74%)  [34mtps: 2,712  [36mtflops: 148.07  [35mmfu: 14.97%[39m
[rank1]:[titan] 2026-10-02 08:43:26,093 - torchtitan.observability.metrics - INFO - [31mstep: 52  [32mloss: -1.00000  [38;2;180;60;0mgrad_norm:  7.9375  [38;2;54;234;195mmemory: 58.94GiB(74.41%)  [34mtps: 2,712  [36mtflops: 148.05  [35mmfu: 14.97%[39m
[rank0]:[titan] 2026-10-02 08:43:26,091 - torchtitan.observability.metrics - INFO - [31mstep: 52  [32mloss: -1.00000  [38;2;180;60;0mgrad_norm:  7.9375  [38;2;54;234;195mmemory: 60.48GiB(76.36%)  [34mtps: 2,712  [36mtflops: 148.06  [35mmfu: 14.97%[39m
[rank3]:[titan] 2026-10-02 08:43:26,088 - torchtitan.observability.metrics - INFO - [31mstep: 52  [32mloss:  2.59175  [38;2;180;60;0mgrad_norm:  7.9375  [38;2;54;234;195mmemory: 51.21GiB(64.65%)  [34mtps: 2,712  [36mtflops: 148.06  [35mmfu: 14.97%[39m
[rank2]:[titan] 2026-10-02 08:43:29,115 - torchtitan.observability.metrics - INFO - [31mstep: 53  [32mloss: -1.00000  [38;2;180;60;0mgrad_norm:  6.8438  [38;2;54;234;195mmemory: 64.74GiB(81.74%)  [34mtps: 2,712  [36mtflops: 148.06  [35mmfu: 14.97%[39m
[rank1]:[titan] 2026-10-02 08:43:29,114 - torchtitan.observability.metrics - INFO - [31mstep: 53  [32mloss: -1.00000  [38;2;180;60;0mgrad_norm:  6.8438  [38;2;54;234;195mmemory: 58.94GiB(74.41%)  [34mtps: 2,712  [36mtflops: 148.06  [35mmfu: 14.97%[39m
[rank0]:[titan] 2026-10-02 08:43:29,112 - torchtitan.observability.metrics - INFO - [31mstep: 53  [32mloss: -1.00000  [38;2;180;60;0mgrad_norm:  6.8438  [38;2;54;234;195mmemory: 60.48GiB(76.36%)  [34mtps: 2,712  [36mtflops: 148.06  [35mmfu: 14.97%[39m
[rank3]:[titan] 2026-10-02 08:43:29,109 - torchtitan.observability.metrics - INFO - [31mstep: 53  [32mloss:  2.84920  [38;2;180;60;0mgrad_norm:  6.8438  [38;2;54;234;195mmemory: 51.21GiB(64.65%)  [34mtps: 2,712  [36mtflops: 148.06  [35mmfu: 14.97%[39m
[rank2]:[titan] 2026-10-02 08:43:32,141 - torchtitan.observability.metrics - INFO - [31mstep: 54  [32mloss: -1.00000  [38;2;180;60;0mgrad_norm:  6.2812  [38;2;54;234;195mmemory: 64.74GiB(81.74%)  [34mtps: 2,708  [36mtflops: 147.82  [35mmfu: 14.95%[39m
[rank1]:[titan] 2026-10-02 08:43:32,140 - torchtitan.observability.metrics - INFO - [31mstep: 54  [32mloss: -1.00000  [38;2;180;60;0mgrad_norm:  6.2812  [38;2;54;234;195mmemory: 58.94GiB(74.41%)  [34mtps: 2,708  [36mtflops: 147.83  [35mmfu: 14.95%[39m
[rank0]:[titan] 2026-10-02 08:43:32,138 - torchtitan.observability.metrics - INFO - [31mstep: 54  [32mloss: -1.00000  [38;2;180;60;0mgrad_norm:  6.2812  [38;2;54;234;195mmemory: 60.48GiB(76.36%)  [34mtps: 2,707  [36mtflops: 147.82  [35mmfu: 14.95%[39m
[rank3]:[titan] 2026-10-02 08:43:32,135 - torchtitan.observability.metrics - INFO - [31mstep: 54  [32mloss:  2.55284  [38;2;180;60;0mgrad_norm:  6.2812  [38;2;54;234;195mmemory: 51.21GiB(64.65%)  [34mtps: 2,708  [36mtflops: 147.83  [35mmfu: 14.95%[39m
[rank2]:[titan] 2026-10-02 08:43:35,201 - torchtitan.observability.metrics - INFO - [31mstep: 55  [32mloss: -1.00000  [38;2;180;60;0mgrad_norm:  6.5625  [38;2;54;234;195mmemory: 64.74GiB(81.74%)  [34mtps: 2,678  [36mtflops: 146.20  [35mmfu: 14.78%[39m
[rank1]:[titan] 2026-10-02 08:43:35,199 - torchtitan.observability.metrics - INFO - [31mstep: 55  [32mloss: -1.00000  [38;2;180;60;0mgrad_norm:  6.5625  [38;2;54;234;195mmemory: 58.94GiB(74.41%)  [34mtps: 2,678  [36mtflops: 146.19  [35mmfu: 14.78%[39m
[rank0]:[titan] 2026-10-02 08:43:35,198 - torchtitan.observability.metrics - INFO - [31mstep: 55  [32mloss: -1.00000  [38;2;180;60;0mgrad_norm:  6.5625  [38;2;54;234;195mmemory: 60.48GiB(76.36%)  [34mtps: 2,678  [36mtflops: 146.19  [35mmfu: 14.78%[39m
[rank3]:[titan] 2026-10-02 08:43:35,194 - torchtitan.observability.metrics - INFO - [31mstep: 55  [32mloss:  2.51790  [38;2;180;60;0mgrad_norm:  6.5625  [38;2;54;234;195mmemory: 51.21GiB(64.65%)  [34mtps: 2,678  [36mtflops: 146.20  [35mmfu: 14.78%[39m
[rank2]:[titan] 2026-10-02 08:43:38,216 - torchtitan.observability.metrics - INFO - [31mstep: 56  [32mloss: -1.00000  [38;2;180;60;0mgrad_norm:  7.0000  [38;2;54;234;195mmemory: 64.74GiB(81.74%)  [34mtps: 2,718  [36mtflops: 148.38  [35mmfu: 15.00%[39m
[rank1]:[titan] 2026-10-02 08:43:38,214 - torchtitan.observability.metrics - INFO - [31mstep: 56  [32mloss: -1.00000  [38;2;180;60;0mgrad_norm:  7.0000  [38;2;54;234;195mmemory: 58.94GiB(74.41%)  [34mtps: 2,718  [36mtflops: 148.38  [35mmfu: 15.00%[39m
[rank0]:[titan] 2026-10-02 08:43:38,213 - torchtitan.observability.metrics - INFO - [31mstep: 56  [32mloss: -1.00000  [38;2;180;60;0mgrad_norm:  7.0000  [38;2;54;234;195mmemory: 60.48GiB(76.36%)  [34mtps: 2,718  [36mtflops: 148.37  [35mmfu: 15.00%[39m
[rank3]:[titan] 2026-10-02 08:43:38,209 - torchtitan.observability.metrics - INFO - [31mstep: 56  [32mloss:  2.35396  [38;2;180;60;0mgrad_norm:  7.0000  [38;2;54;234;195mmemory: 51.21GiB(64.65%)  [34mtps: 2,717  [36mtflops: 148.36  [35mmfu: 15.00%[39m
[rank2]:[titan] 2026-10-02 08:43:41,245 - torchtitan.observability.metrics - INFO - [31mstep: 57  [32mloss: -1.00000  [38;2;180;60;0mgrad_norm:  5.5625  [38;2;54;234;195mmemory: 64.74GiB(81.74%)  [34mtps: 2,705  [36mtflops: 147.66  [35mmfu: 14.93%[39m
[rank1]:[titan] 2026-10-02 08:43:41,243 - torchtitan.observability.metrics - INFO - [31mstep: 57  [32mloss: -1.00000  [38;2;180;60;0mgrad_norm:  5.5625  [38;2;54;234;195mmemory: 58.94GiB(74.41%)  [34mtps: 2,705  [36mtflops: 147.66  [35mmfu: 14.93%[39m
[rank0]:[titan] 2026-10-02 08:43:41,242 - torchtitan.observability.metrics - INFO - [31mstep: 57  [32mloss: -1.00000  [38;2;180;60;0mgrad_norm:  5.5625  [38;2;54;234;195mmemory: 60.48GiB(76.36%)  [34mtps: 2,705  [36mtflops: 147.67  [35mmfu: 14.93%[39m
[rank3]:[titan] 2026-10-02 08:43:41,238 - torchtitan.observability.metrics - INFO - [31mstep: 57  [32mloss:  2.51503  [38;2;180;60;0mgrad_norm:  5.5625  [38;2;54;234;195mmemory: 51.21GiB(64.65%)  [34mtps: 2,705  [36mtflops: 147.68  [35mmfu: 14.93%[39m
[rank2]:[titan] 2026-10-02 08:43:44,278 - torchtitan.observability.metrics - INFO - [31mstep: 58  [32mloss: -1.00000  [38;2;180;60;0mgrad_norm: 21.8750  [38;2;54;234;195mmemory: 64.74GiB(81.74%)  [34mtps: 2,702  [36mtflops: 147.50  [35mmfu: 14.91%[39m
[rank1]:[titan] 2026-10-02 08:43:44,276 - torchtitan.observability.metrics - INFO - [31mstep: 58  [32mloss: -1.00000  [38;2;180;60;0mgrad_norm: 21.8750  [38;2;54;234;195mmemory: 58.94GiB(74.41%)  [34mtps: 2,702  [36mtflops: 147.49  [35mmfu: 14.91%[39m
[rank0]:[titan] 2026-10-02 08:43:44,274 - torchtitan.observability.metrics - INFO - [31mstep: 58  [32mloss: -1.00000  [38;2;180;60;0mgrad_norm: 21.8750  [38;2;54;234;195mmemory: 60.48GiB(76.36%)  [34mtps: 2,702  [36mtflops: 147.50  [35mmfu: 14.91%[39m
[rank3]:[titan] 2026-10-02 08:43:44,271 - torchtitan.observability.metrics - INFO - [31mstep: 58  [32mloss:  2.49416  [38;2;180;60;0mgrad_norm: 21.8750  [38;2;54;234;195mmemory: 51.21GiB(64.65%)  [34mtps: 2,702  [36mtflops: 147.50  [35mmfu: 14.91%[39m
[rank0]:[titan] 2026-10-02 08:43:47,290 - torchtitan.observability.metrics - INFO - [31mstep: 59  [32mloss: -1.00000  [38;2;180;60;0mgrad_norm:  8.1875  [38;2;54;234;195mmemory: 60.48GiB(76.36%)  [34mtps: 2,716  [36mtflops: 148.31  [35mmfu: 15.00%[39m
[rank3]:[titan] 2026-10-02 08:43:47,287 - torchtitan.observability.metrics - INFO - [31mstep: 59  [32mloss:  2.48195  [38;2;180;60;0mgrad_norm:  8.1875  [38;2;54;234;195mmemory: 51.21GiB(64.65%)  [34mtps: 2,717  [36mtflops: 148.32  [35mmfu: 15.00%[39m
[rank2]:[titan] 2026-10-02 08:43:47,294 - torchtitan.observability.metrics - INFO - [31mstep: 59  [32mloss: -1.00000  [38;2;180;60;0mgrad_norm:  8.1875  [38;2;54;234;195mmemory: 64.74GiB(81.74%)  [34mtps: 2,716  [36mtflops: 148.30  [35mmfu: 14.99%[39m
[rank1]:[titan] 2026-10-02 08:43:47,292 - torchtitan.observability.metrics - INFO - [31mstep: 59  [32mloss: -1.00000  [38;2;180;60;0mgrad_norm:  8.1875  [38;2;54;234;195mmemory: 58.94GiB(74.41%)  [34mtps: 2,717  [36mtflops: 148.31  [35mmfu: 15.00%[39m
[rank3]:[titan] 2026-10-02 08:43:50,316 - torchtitan.observability.metrics - INFO - [31mstep: 60  [32mloss:  2.40374  [38;2;180;60;0mgrad_norm:  6.3750  [38;2;54;234;195mmemory: 51.21GiB(64.65%)  [34mtps: 2,705  [36mtflops: 147.67  [35mmfu: 14.93%[39m
[rank2]:[titan] 2026-10-02 08:43:50,323 - torchtitan.observability.metrics - INFO - [31mstep: 60  [32mloss: -1.00000  [38;2;180;60;0mgrad_norm:  6.3750  [38;2;54;234;195mmemory: 64.74GiB(81.74%)  [34mtps: 2,705  [36mtflops: 147.71  [35mmfu: 14.94%[39m
[rank1]:[titan] 2026-10-02 08:43:50,321 - torchtitan.observability.metrics - INFO - [31mstep: 60  [32mloss: -1.00000  [38;2;180;60;0mgrad_norm:  6.3750  [38;2;54;234;195mmemory: 58.94GiB(74.41%)  [34mtps: 2,705  [36mtflops: 147.67  [35mmfu: 14.93%[39m
[rank0]:[titan] 2026-10-02 08:43:50,320 - torchtitan.observability.metrics - INFO - [31mstep: 60  [32mloss: -1.00000  [38;2;180;60;0mgrad_norm:  6.3750  [38;2;54;234;195mmemory: 60.48GiB(76.36%)  [34mtps: 2,705  [36mtflops: 147.67  [35mmfu: 14.93%[39m
[rank2]:[titan] 2026-10-02 08:43:53,338 - torchtitan.observability.metrics - INFO - [31mstep: 61  [32mloss: -1.00000  [38;2;180;60;0mgrad_norm:  6.4375  [38;2;54;234;195mmemory: 64.74GiB(81.74%)  [34mtps: 2,717  [36mtflops: 148.36  [35mmfu: 15.00%[39m
[rank1]:[titan] 2026-10-02 08:43:53,336 - torchtitan.observability.metrics - INFO - [31mstep: 61  [32mloss: -1.00000  [38;2;180;60;0mgrad_norm:  6.4375  [38;2;54;234;195mmemory: 58.94GiB(74.41%)  [34mtps: 2,717  [36mtflops: 148.36  [35mmfu: 15.00%[39m
[rank0]:[titan] 2026-10-02 08:43:53,335 - torchtitan.observability.metrics - INFO - [31mstep: 61  [32mloss: -1.00000  [38;2;180;60;0mgrad_norm:  6.4375  [38;2;54;234;195mmemory: 60.48GiB(76.36%)  [34mtps: 2,717  [36mtflops: 148.35  [35mmfu: 15.00%[39m
[rank3]:[titan] 2026-10-02 08:43:53,331 - torchtitan.observability.metrics - INFO - [31mstep: 61  [32mloss:  2.31130  [38;2;180;60;0mgrad_norm:  6.4375  [38;2;54;234;195mmemory: 51.21GiB(64.65%)  [34mtps: 2,717  [36mtflops: 148.37  [35mmfu: 15.00%[39m
[rank2]:[titan] 2026-10-02 08:43:56,362 - torchtitan.observability.metrics - INFO - [31mstep: 62  [32mloss: -1.00000  [38;2;180;60;0mgrad_norm:  6.1875  [38;2;54;234;195mmemory: 64.74GiB(81.74%)  [34mtps: 2,709  [36mtflops: 147.92  [35mmfu: 14.96%[39m
[rank1]:[titan] 2026-10-02 08:43:56,360 - torchtitan.observability.metrics - INFO - [31mstep: 62  [32mloss: -1.00000  [38;2;180;60;0mgrad_norm:  6.1875  [38;2;54;234;195mmemory: 58.94GiB(74.41%)  [34mtps: 2,709  [36mtflops: 147.92  [35mmfu: 14.96%[39m
[rank0]:[titan] 2026-10-02 08:43:56,359 - torchtitan.observability.metrics - INFO - [31mstep: 62  [32mloss: -1.00000  [38;2;180;60;0mgrad_norm:  6.1875  [38;2;54;234;195mmemory: 60.48GiB(76.36%)  [34mtps: 2,709  [36mtflops: 147.92  [35mmfu: 14.96%[39m
[rank3]:[titan] 2026-10-02 08:43:56,355 - torchtitan.observability.metrics - INFO - [31mstep: 62  [32mloss:  2.54501  [38;2;180;60;0mgrad_norm:  6.1875  [38;2;54;234;195mmemory: 51.21GiB(64.65%)  [34mtps: 2,709  [36mtflops: 147.92  [35mmfu: 14.96%[39m
[rank1]:[titan] 2026-10-02 08:44:29,252 - torchtitan.observability.metrics - INFO - [31mstep: 63  [32mloss: -1.00000  [38;2;180;60;0mgrad_norm:  7.3750  [38;2;54;234;195mmemory: 58.94GiB(74.41%)  [34mtps: 249  [36mtflops: 13.60  [35mmfu: 1.37%[39m
[rank2]:[titan] 2026-10-02 08:44:29,253 - torchtitan.observability.metrics - INFO - [31mstep: 63  [32mloss: -1.00000  [38;2;180;60;0mgrad_norm:  7.3750  [38;2;54;234;195mmemory: 64.74GiB(81.74%)  [34mtps: 249  [36mtflops: 13.60  [35mmfu: 1.37%[39m
[rank0]:[titan] 2026-10-02 08:44:29,250 - torchtitan.observability.metrics - INFO - [31mstep: 63  [32mloss: -1.00000  [38;2;180;60;0mgrad_norm:  7.3750  [38;2;54;234;195mmemory: 60.48GiB(76.36%)  [34mtps: 249  [36mtflops: 13.60  [35mmfu: 1.37%[39m
[rank3]:[titan] 2026-10-02 08:44:29,247 - torchtitan.observability.metrics - INFO - [31mstep: 63  [32mloss:  2.28803  [38;2;180;60;0mgrad_norm:  7.3750  [38;2;54;234;195mmemory: 51.21GiB(64.65%)  [34mtps: 249  [36mtflops: 13.60  [35mmfu: 1.37%[39m
[rank2]:[titan] 2026-10-02 08:44:32,281 - torchtitan.observability.metrics - INFO - [31mstep: 64  [32mloss: -1.00000  [38;2;180;60;0mgrad_norm:  6.0938  [38;2;54;234;195mmemory: 64.74GiB(81.74%)  [34mtps: 2,706  [36mtflops: 147.73  [35mmfu: 14.94%[39m
[rank1]:[titan] 2026-10-02 08:44:32,280 - torchtitan.observability.metrics - INFO - [31mstep: 64  [32mloss: -1.00000  [38;2;180;60;0mgrad_norm:  6.0938  [38;2;54;234;195mmemory: 58.94GiB(74.41%)  [34mtps: 2,706  [36mtflops: 147.73  [35mmfu: 14.94%[39m
[rank0]:[titan] 2026-10-02 08:44:32,278 - torchtitan.observability.metrics - INFO - [31mstep: 64  [32mloss: -1.00000  [38;2;180;60;0mgrad_norm:  6.0938  [38;2;54;234;195mmemory: 60.48GiB(76.36%)  [34mtps: 2,706  [36mtflops: 147.73  [35mmfu: 14.94%[39m
[rank3]:[titan] 2026-10-02 08:44:32,275 - torchtitan.observability.metrics - INFO - [31mstep: 64  [32mloss:  2.38074  [38;2;180;60;0mgrad_norm:  6.0938  [38;2;54;234;195mmemory: 51.21GiB(64.65%)  [34mtps: 2,706  [36mtflops: 147.73  [35mmfu: 14.94%[39m
[rank2]:[titan] 2026-10-02 08:44:35,289 - torchtitan.observability.metrics - INFO - [31mstep: 65  [32mloss: -1.00000  [38;2;180;60;0mgrad_norm:  5.8750  [38;2;54;234;195mmemory: 64.74GiB(81.74%)  [34mtps: 2,724  [36mtflops: 148.70  [35mmfu: 15.04%[39m
[rank1]:[titan] 2026-10-02 08:44:35,288 - torchtitan.observability.metrics - INFO - [31mstep: 65  [32mloss: -1.00000  [38;2;180;60;0mgrad_norm:  5.8750  [38;2;54;234;195mmemory: 58.94GiB(74.41%)  [34mtps: 2,724  [36mtflops: 148.71  [35mmfu: 15.04%[39m
[rank0]:[titan] 2026-10-02 08:44:35,286 - torchtitan.observability.metrics - INFO - [31mstep: 65  [32mloss: -1.00000  [38;2;180;60;0mgrad_norm:  5.8750  [38;2;54;234;195mmemory: 60.48GiB(76.36%)  [34mtps: 2,724  [36mtflops: 148.70  [35mmfu: 15.04%[39m
[rank3]:[titan] 2026-10-02 08:44:35,283 - torchtitan.observability.metrics - INFO - [31mstep: 65  [32mloss:  2.28352  [38;2;180;60;0mgrad_norm:  5.8750  [38;2;54;234;195mmemory: 51.21GiB(64.65%)  [34mtps: 2,724  [36mtflops: 148.71  [35mmfu: 15.04%[39m
[rank0]:[titan] 2026-10-02 08:44:38,303 - torchtitan.observability.metrics - INFO - [31mstep: 66  [32mloss: -1.00000  [38;2;180;60;0mgrad_norm:  6.9062  [38;2;54;234;195mmemory: 60.48GiB(76.36%)  [34mtps: 2,716  [36mtflops: 148.29  [35mmfu: 14.99%[39m
[rank3]:[titan] 2026-10-02 08:44:38,299 - torchtitan.observability.metrics - INFO - [31mstep: 66  [32mloss:  2.27377  [38;2;180;60;0mgrad_norm:  6.9062  [38;2;54;234;195mmemory: 51.21GiB(64.65%)  [34mtps: 2,716  [36mtflops: 148.30  [35mmfu: 14.99%[39m
[rank2]:[titan] 2026-10-02 08:44:38,306 - torchtitan.observability.metrics - INFO - [31mstep: 66  [32mloss: -1.00000  [38;2;180;60;0mgrad_norm:  6.9062  [38;2;54;234;195mmemory: 64.74GiB(81.74%)  [34mtps: 2,716  [36mtflops: 148.29  [35mmfu: 14.99%[39m
[rank1]:[titan] 2026-10-02 08:44:38,304 - torchtitan.observability.metrics - INFO - [31mstep: 66  [32mloss: -1.00000  [38;2;180;60;0mgrad_norm:  6.9062  [38;2;54;234;195mmemory: 58.94GiB(74.41%)  [34mtps: 2,716  [36mtflops: 148.29  [35mmfu: 14.99%[39m
[rank2]:[titan] 2026-10-02 08:44:41,340 - torchtitan.observability.metrics - INFO - [31mstep: 67  [32mloss: -1.00000  [38;2;180;60;0mgrad_norm:  5.9688  [38;2;54;234;195mmemory: 64.74GiB(81.74%)  [34mtps: 2,700  [36mtflops: 147.41  [35mmfu: 14.90%[39m
[rank1]:[titan] 2026-10-02 08:44:41,339 - torchtitan.observability.metrics - INFO - [31mstep: 67  [32mloss: -1.00000  [38;2;180;60;0mgrad_norm:  5.9688  [38;2;54;234;195mmemory: 58.94GiB(74.41%)  [34mtps: 2,700  [36mtflops: 147.40  [35mmfu: 14.90%[39m
[rank0]:[titan] 2026-10-02 08:44:41,337 - torchtitan.observability.metrics - INFO - [31mstep: 67  [32mloss: -1.00000  [38;2;180;60;0mgrad_norm:  5.9688  [38;2;54;234;195mmemory: 60.48GiB(76.36%)  [34mtps: 2,700  [36mtflops: 147.40  [35mmfu: 14.90%[39m
[rank3]:[titan] 2026-10-02 08:44:41,334 - torchtitan.observability.metrics - INFO - [31mstep: 67  [32mloss:  2.27276  [38;2;180;60;0mgrad_norm:  5.9688  [38;2;54;234;195mmemory: 51.21GiB(64.65%)  [34mtps: 2,700  [36mtflops: 147.40  [35mmfu: 14.90%[39m
[rank1]:[titan] 2026-10-02 08:44:44,347 - torchtitan.observability.metrics - INFO - [31mstep: 68  [32mloss: -1.00000  [38;2;180;60;0mgrad_norm:  7.0625  [38;2;54;234;195mmemory: 58.94GiB(74.41%)  [34mtps: 2,724  [36mtflops: 148.70  [35mmfu: 15.04%[39m
[rank2]:[titan] 2026-10-02 08:44:44,348 - torchtitan.observability.metrics - INFO - [31mstep: 68  [32mloss: -1.00000  [38;2;180;60;0mgrad_norm:  7.0625  [38;2;54;234;195mmemory: 64.74GiB(81.74%)  [34mtps: 2,724  [36mtflops: 148.70  [35mmfu: 15.04%[39m
[rank0]:[titan] 2026-10-02 08:44:44,345 - torchtitan.observability.metrics - INFO - [31mstep: 68  [32mloss: -1.00000  [38;2;180;60;0mgrad_norm:  7.0625  [38;2;54;234;195mmemory: 60.48GiB(76.36%)  [34mtps: 2,724  [36mtflops: 148.70  [35mmfu: 15.04%[39m
[rank3]:[titan] 2026-10-02 08:44:44,342 - torchtitan.observability.metrics - INFO - [31mstep: 68  [32mloss:  2.46900  [38;2;180;60;0mgrad_norm:  7.0625  [38;2;54;234;195mmemory: 51.21GiB(64.65%)  [34mtps: 2,724  [36mtflops: 148.71  [35mmfu: 15.04%[39m
[rank1]:[titan] 2026-10-02 08:44:47,368 - torchtitan.observability.metrics - INFO - [31mstep: 69  [32mloss: -1.00000  [38;2;180;60;0mgrad_norm:  8.4375  [38;2;54;234;195mmemory: 58.94GiB(74.41%)  [34mtps: 2,712  [36mtflops: 148.05  [35mmfu: 14.97%[39m
[rank2]:[titan] 2026-10-02 08:44:47,370 - torchtitan.observability.metrics - INFO - [31mstep: 69  [32mloss: -1.00000  [38;2;180;60;0mgrad_norm:  8.4375  [38;2;54;234;195mmemory: 64.74GiB(81.74%)  [34mtps: 2,712  [36mtflops: 148.06  [35mmfu: 14.97%[39m
[rank0]:[titan] 2026-10-02 08:44:47,367 - torchtitan.observability.metrics - INFO - [31mstep: 69  [32mloss: -1.00000  [38;2;180;60;0mgrad_norm:  8.4375  [38;2;54;234;195mmemory: 60.48GiB(76.36%)  [34mtps: 2,712  [36mtflops: 148.04  [35mmfu: 14.97%[39m
[rank3]:[titan] 2026-10-02 08:44:47,363 - torchtitan.observability.metrics - INFO - [31mstep: 69  [32mloss:  2.88013  [38;2;180;60;0mgrad_norm:  8.4375  [38;2;54;234;195mmemory: 51.21GiB(64.65%)  [34mtps: 2,712  [36mtflops: 148.06  [35mmfu: 14.97%[39m
[rank3]:[titan] 2026-10-02 08:44:50,427 - torchtitan.observability.metrics - INFO - [31mstep: 70  [32mloss:  2.32293  [38;2;180;60;0mgrad_norm:  7.8438  [38;2;54;234;195mmemory: 51.21GiB(64.65%)  [34mtps: 2,674  [36mtflops: 145.97  [35mmfu: 14.76%[39m
[rank1]:[titan] 2026-10-02 08:44:50,432 - torchtitan.observability.metrics - INFO - [31mstep: 70  [32mloss: -1.00000  [38;2;180;60;0mgrad_norm:  7.8438  [38;2;54;234;195mmemory: 58.94GiB(74.41%)  [34mtps: 2,674  [36mtflops: 145.96  [35mmfu: 14.76%[39m
[rank2]:[titan] 2026-10-02 08:44:50,434 - torchtitan.observability.metrics - INFO - [31mstep: 70  [32mloss: -1.00000  [38;2;180;60;0mgrad_norm:  7.8438  [38;2;54;234;195mmemory: 64.74GiB(81.74%)  [34mtps: 2,674  [36mtflops: 145.97  [35mmfu: 14.76%[39m
[rank0]:[titan] 2026-10-02 08:44:50,431 - torchtitan.observability.metrics - INFO - [31mstep: 70  [32mloss: -1.00000  [38;2;180;60;0mgrad_norm:  7.8438  [38;2;54;234;195mmemory: 60.48GiB(76.36%)  [34mtps: 2,674  [36mtflops: 145.97  [35mmfu: 14.76%[39m
[rank1]:[titan] 2026-10-02 08:44:53,466 - torchtitan.observability.metrics - INFO - [31mstep: 71  [32mloss: -1.00000  [38;2;180;60;0mgrad_norm:  7.8438  [38;2;54;234;195mmemory: 58.94GiB(74.41%)  [34mtps: 2,701  [36mtflops: 147.46  [35mmfu: 14.91%[39m
[rank2]:[titan] 2026-10-02 08:44:53,467 - torchtitan.observability.metrics - INFO - [31mstep: 71  [32mloss: -1.00000  [38;2;180;60;0mgrad_norm:  7.8438  [38;2;54;234;195mmemory: 64.74GiB(81.74%)  [34mtps: 2,701  [36mtflops: 147.47  [35mmfu: 14.91%[39m
[rank0]:[titan] 2026-10-02 08:44:53,464 - torchtitan.observability.metrics - INFO - [31mstep: 71  [32mloss: -1.00000  [38;2;180;60;0mgrad_norm:  7.8438  [38;2;54;234;195mmemory: 60.48GiB(76.36%)  [34mtps: 2,701  [36mtflops: 147.47  [35mmfu: 14.91%[39m
[rank3]:[titan] 2026-10-02 08:44:53,461 - torchtitan.observability.metrics - INFO - [31mstep: 71  [32mloss:  2.30475  [38;2;180;60;0mgrad_norm:  7.8438  [38;2;54;234;195mmemory: 51.21GiB(64.65%)  [34mtps: 2,701  [36mtflops: 147.46  [35mmfu: 14.91%[39m
[rank2]:[titan] 2026-10-02 08:44:56,533 - torchtitan.observability.metrics - INFO - [31mstep: 72  [32mloss: -1.00000  [38;2;180;60;0mgrad_norm:  4.4688  [38;2;54;234;195mmemory: 64.74GiB(81.74%)  [34mtps: 2,672  [36mtflops: 145.91  [35mmfu: 14.75%[39m
[rank1]:[titan] 2026-10-02 08:44:56,531 - torchtitan.observability.metrics - INFO - [31mstep: 72  [32mloss: -1.00000  [38;2;180;60;0mgrad_norm:  4.4688  [38;2;54;234;195mmemory: 58.94GiB(74.41%)  [34mtps: 2,672  [36mtflops: 145.91  [35mmfu: 14.75%[39m
[rank0]:[titan] 2026-10-02 08:44:56,530 - torchtitan.observability.metrics - INFO - [31mstep: 72  [32mloss: -1.00000  [38;2;180;60;0mgrad_norm:  4.4688  [38;2;54;234;195mmemory: 60.48GiB(76.36%)  [34mtps: 2,672  [36mtflops: 145.90  [35mmfu: 14.75%[39m
[rank3]:[titan] 2026-10-02 08:44:56,527 - torchtitan.observability.metrics - INFO - [31mstep: 72  [32mloss:  2.31040  [38;2;180;60;0mgrad_norm:  4.4688  [38;2;54;234;195mmemory: 51.21GiB(64.65%)  [34mtps: 2,672  [36mtflops: 145.90  [35mmfu: 14.75%[39m
[rank1]:[titan] 2026-10-02 08:44:59,583 - torchtitan.observability.metrics - INFO - [31mstep: 73  [32mloss: -1.00000  [38;2;180;60;0mgrad_norm:  4.3438  [38;2;54;234;195mmemory: 58.94GiB(74.41%)  [34mtps: 2,685  [36mtflops: 146.57  [35mmfu: 14.82%[39m
[rank2]:[titan] 2026-10-02 08:44:59,585 - torchtitan.observability.metrics - INFO - [31mstep: 73  [32mloss: -1.00000  [38;2;180;60;0mgrad_norm:  4.3438  [38;2;54;234;195mmemory: 64.74GiB(81.74%)  [34mtps: 2,685  [36mtflops: 146.57  [35mmfu: 14.82%[39m
[rank0]:[titan] 2026-10-02 08:44:59,582 - torchtitan.observability.metrics - INFO - [31mstep: 73  [32mloss: -1.00000  [38;2;180;60;0mgrad_norm:  4.3438  [38;2;54;234;195mmemory: 60.48GiB(76.36%)  [34mtps: 2,685  [36mtflops: 146.57  [35mmfu: 14.82%[39m
[rank3]:[titan] 2026-10-02 08:44:59,578 - torchtitan.observability.metrics - INFO - [31mstep: 73  [32mloss:  2.20383  [38;2;180;60;0mgrad_norm:  4.3438  [38;2;54;234;195mmemory: 51.21GiB(64.65%)  [34mtps: 2,685  [36mtflops: 146.60  [35mmfu: 14.82%[39m
[rank2]:[titan] 2026-10-02 08:45:02,612 - torchtitan.observability.metrics - INFO - [31mstep: 74  [32mloss: -1.00000  [38;2;180;60;0mgrad_norm:  6.0000  [38;2;54;234;195mmemory: 64.74GiB(81.74%)  [34mtps: 2,707  [36mtflops: 147.80  [35mmfu: 14.94%[39m
[rank1]:[titan] 2026-10-02 08:45:02,610 - torchtitan.observability.metrics - INFO - [31mstep: 74  [32mloss: -1.00000  [38;2;180;60;0mgrad_norm:  6.0000  [38;2;54;234;195mmemory: 58.94GiB(74.41%)  [34mtps: 2,707  [36mtflops: 147.80  [35mmfu: 14.94%[39m
[rank0]:[titan] 2026-10-02 08:45:02,608 - torchtitan.observability.metrics - INFO - [31mstep: 74  [32mloss: -1.00000  [38;2;180;60;0mgrad_norm:  6.0000  [38;2;54;234;195mmemory: 60.48GiB(76.36%)  [34mtps: 2,707  [36mtflops: 147.80  [35mmfu: 14.94%[39m
[rank3]:[titan] 2026-10-02 08:45:02,605 - torchtitan.observability.metrics - INFO - [31mstep: 74  [32mloss:  2.32699  [38;2;180;60;0mgrad_norm:  6.0000  [38;2;54;234;195mmemory: 51.21GiB(64.65%)  [34mtps: 2,707  [36mtflops: 147.81  [35mmfu: 14.94%[39m
[rank3]:[titan] 2026-10-02 08:45:05,667 - torchtitan.observability.metrics - INFO - [31mstep: 75  [32mloss:  2.19065  [38;2;180;60;0mgrad_norm:  4.5625  [38;2;54;234;195mmemory: 51.21GiB(64.65%)  [34mtps: 2,675  [36mtflops: 146.06  [35mmfu: 14.77%[39m
[rank2]:[titan] 2026-10-02 08:45:05,674 - torchtitan.observability.metrics - INFO - [31mstep: 75  [32mloss: -1.00000  [38;2;180;60;0mgrad_norm:  4.5625  [38;2;54;234;195mmemory: 64.74GiB(81.74%)  [34mtps: 2,675  [36mtflops: 146.06  [35mmfu: 14.77%[39m
[rank1]:[titan] 2026-10-02 08:45:05,672 - torchtitan.observability.metrics - INFO - [31mstep: 75  [32mloss: -1.00000  [38;2;180;60;0mgrad_norm:  4.5625  [38;2;54;234;195mmemory: 58.94GiB(74.41%)  [34mtps: 2,675  [36mtflops: 146.05  [35mmfu: 14.77%[39m
[rank0]:[titan] 2026-10-02 08:45:05,671 - torchtitan.observability.metrics - INFO - [31mstep: 75  [32mloss: -1.00000  [38;2;180;60;0mgrad_norm:  4.5625  [38;2;54;234;195mmemory: 60.48GiB(76.36%)  [34mtps: 2,675  [36mtflops: 146.05  [35mmfu: 14.77%[39m
[rank2]:[titan] 2026-10-02 08:45:08,687 - torchtitan.observability.metrics - INFO - [31mstep: 76  [32mloss: -1.00000  [38;2;180;60;0mgrad_norm:  4.2812  [38;2;54;234;195mmemory: 64.74GiB(81.74%)  [34mtps: 2,719  [36mtflops: 148.47  [35mmfu: 15.01%[39m
[rank1]:[titan] 2026-10-02 08:45:08,685 - torchtitan.observability.metrics - INFO - [31mstep: 76  [32mloss: -1.00000  [38;2;180;60;0mgrad_norm:  4.2812  [38;2;54;234;195mmemory: 58.94GiB(74.41%)  [34mtps: 2,719  [36mtflops: 148.47  [35mmfu: 15.01%[39m
[rank0]:[titan] 2026-10-02 08:45:08,684 - torchtitan.observability.metrics - INFO - [31mstep: 76  [32mloss: -1.00000  [38;2;180;60;0mgrad_norm:  4.2812  [38;2;54;234;195mmemory: 60.48GiB(76.36%)  [34mtps: 2,719  [36mtflops: 148.47  [35mmfu: 15.01%[39m
[rank3]:[titan] 2026-10-02 08:45:08,680 - torchtitan.observability.metrics - INFO - [31mstep: 76  [32mloss:  2.21109  [38;2;180;60;0mgrad_norm:  4.2812  [38;2;54;234;195mmemory: 51.21GiB(64.65%)  [34mtps: 2,719  [36mtflops: 148.48  [35mmfu: 15.01%[39m
[rank1]:[titan] 2026-10-02 08:45:11,716 - torchtitan.observability.metrics - INFO - [31mstep: 77  [32mloss: -1.00000  [38;2;180;60;0mgrad_norm:  5.9062  [38;2;54;234;195mmemory: 58.94GiB(74.41%)  [34mtps: 2,703  [36mtflops: 147.57  [35mmfu: 14.92%[39m
[rank2]:[titan] 2026-10-02 08:45:11,718 - torchtitan.observability.metrics - INFO - [31mstep: 77  [32mloss: -1.00000  [38;2;180;60;0mgrad_norm:  5.9062  [38;2;54;234;195mmemory: 64.74GiB(81.74%)  [34mtps: 2,703  [36mtflops: 147.57  [35mmfu: 14.92%[39m
[rank0]:[titan] 2026-10-02 08:45:11,715 - torchtitan.observability.metrics - INFO - [31mstep: 77  [32mloss: -1.00000  [38;2;180;60;0mgrad_norm:  5.9062  [38;2;54;234;195mmemory: 60.48GiB(76.36%)  [34mtps: 2,703  [36mtflops: 147.58  [35mmfu: 14.92%[39m
[rank3]:[titan] 2026-10-02 08:45:11,711 - torchtitan.observability.metrics - INFO - [31mstep: 77  [32mloss:  2.13080  [38;2;180;60;0mgrad_norm:  5.9062  [38;2;54;234;195mmemory: 51.21GiB(64.65%)  [34mtps: 2,703  [36mtflops: 147.57  [35mmfu: 14.92%[39m
[rank2]:[titan] 2026-10-02 08:45:14,739 - torchtitan.observability.metrics - INFO - [31mstep: 78  [32mloss: -1.00000  [38;2;180;60;0mgrad_norm:  4.7500  [38;2;54;234;195mmemory: 64.74GiB(81.74%)  [34mtps: 2,712  [36mtflops: 148.09  [35mmfu: 14.97%[39m
[rank1]:[titan] 2026-10-02 08:45:14,737 - torchtitan.observability.metrics - INFO - [31mstep: 78  [32mloss: -1.00000  [38;2;180;60;0mgrad_norm:  4.7500  [38;2;54;234;195mmemory: 58.94GiB(74.41%)  [34mtps: 2,712  [36mtflops: 148.08  [35mmfu: 14.97%[39m
[rank0]:[titan] 2026-10-02 08:45:14,735 - torchtitan.observability.metrics - INFO - [31mstep: 78  [32mloss: -1.00000  [38;2;180;60;0mgrad_norm:  4.7500  [38;2;54;234;195mmemory: 60.48GiB(76.36%)  [34mtps: 2,712  [36mtflops: 148.09  [35mmfu: 14.97%[39m
[rank3]:[titan] 2026-10-02 08:45:14,732 - torchtitan.observability.metrics - INFO - [31mstep: 78  [32mloss:  2.16375  [38;2;180;60;0mgrad_norm:  4.7500  [38;2;54;234;195mmemory: 51.21GiB(64.65%)  [34mtps: 2,713  [36mtflops: 148.09  [35mmfu: 14.97%[39m
[rank1]:[titan] 2026-10-02 08:45:17,755 - torchtitan.observability.metrics - INFO - [31mstep: 79  [32mloss: -1.00000  [38;2;180;60;0mgrad_norm:  5.1250  [38;2;54;234;195mmemory: 58.94GiB(74.41%)  [34mtps: 2,714  [36mtflops: 148.20  [35mmfu: 14.98%[39m
[rank2]:[titan] 2026-10-02 08:45:17,757 - torchtitan.observability.metrics - INFO - [31mstep: 79  [32mloss: -1.00000  [38;2;180;60;0mgrad_norm:  5.1250  [38;2;54;234;195mmemory: 64.74GiB(81.74%)  [34mtps: 2,714  [36mtflops: 148.20  [35mmfu: 14.99%[39m
[rank0]:[titan] 2026-10-02 08:45:17,754 - torchtitan.observability.metrics - INFO - [31mstep: 79  [32mloss: -1.00000  [38;2;180;60;0mgrad_norm:  5.1250  [38;2;54;234;195mmemory: 60.48GiB(76.36%)  [34mtps: 2,714  [36mtflops: 148.20  [35mmfu: 14.98%[39m
[rank3]:[titan] 2026-10-02 08:45:17,750 - torchtitan.observability.metrics - INFO - [31mstep: 79  [32mloss:  2.21208  [38;2;180;60;0mgrad_norm:  5.1250  [38;2;54;234;195mmemory: 51.21GiB(64.65%)  [34mtps: 2,714  [36mtflops: 148.20  [35mmfu: 14.98%[39m
[rank2]:[titan] 2026-10-02 08:45:20,770 - torchtitan.observability.metrics - INFO - [31mstep: 80  [32mloss: -1.00000  [38;2;180;60;0mgrad_norm:  5.6875  [38;2;54;234;195mmemory: 64.74GiB(81.74%)  [34mtps: 2,719  [36mtflops: 148.43  [35mmfu: 15.01%[39m
[rank1]:[titan] 2026-10-02 08:45:20,769 - torchtitan.observability.metrics - INFO - [31mstep: 80  [32mloss: -1.00000  [38;2;180;60;0mgrad_norm:  5.6875  [38;2;54;234;195mmemory: 58.94GiB(74.41%)  [34mtps: 2,719  [36mtflops: 148.43  [35mmfu: 15.01%[39m
[rank0]:[titan] 2026-10-02 08:45:20,767 - torchtitan.observability.metrics - INFO - [31mstep: 80  [32mloss: -1.00000  [38;2;180;60;0mgrad_norm:  5.6875  [38;2;54;234;195mmemory: 60.48GiB(76.36%)  [34mtps: 2,719  [36mtflops: 148.42  [35mmfu: 15.01%[39m
[rank3]:[titan] 2026-10-02 08:45:20,764 - torchtitan.observability.metrics - INFO - [31mstep: 80  [32mloss:  2.29350  [38;2;180;60;0mgrad_norm:  5.6875  [38;2;54;234;195mmemory: 51.21GiB(64.65%)  [34mtps: 2,719  [36mtflops: 148.43  [35mmfu: 15.01%[39m
[rank0]:[titan] 2026-10-02 08:45:23,799 - torchtitan.observability.metrics - INFO - [31mstep: 81  [32mloss: -1.00000  [38;2;180;60;0mgrad_norm:  4.6875  [38;2;54;234;195mmemory: 60.48GiB(76.36%)  [34mtps: 2,702  [36mtflops: 147.53  [35mmfu: 14.92%[39m
[rank3]:[titan] 2026-10-02 08:45:23,796 - torchtitan.observability.metrics - INFO - [31mstep: 81  [32mloss:  2.09447  [38;2;180;60;0mgrad_norm:  4.6875  [38;2;54;234;195mmemory: 51.21GiB(64.65%)  [34mtps: 2,702  [36mtflops: 147.54  [35mmfu: 14.92%[39m
[rank1]:[titan] 2026-10-02 08:45:23,801 - torchtitan.observability.metrics - INFO - [31mstep: 81  [32mloss: -1.00000  [38;2;180;60;0mgrad_norm:  4.6875  [38;2;54;234;195mmemory: 58.94GiB(74.41%)  [34mtps: 2,702  [36mtflops: 147.53  [35mmfu: 14.92%[39m
[rank2]:[titan] 2026-10-02 08:45:23,802 - torchtitan.observability.metrics - INFO - [31mstep: 81  [32mloss: -1.00000  [38;2;180;60;0mgrad_norm:  4.6875  [38;2;54;234;195mmemory: 64.74GiB(81.74%)  [34mtps: 2,702  [36mtflops: 147.54  [35mmfu: 14.92%[39m
[rank3]:[titan] 2026-10-02 08:45:26,811 - torchtitan.observability.metrics - INFO - [31mstep: 82  [32mloss:  1.87804  [38;2;180;60;0mgrad_norm:  3.6875  [38;2;54;234;195mmemory: 51.21GiB(64.65%)  [34mtps: 2,717  [36mtflops: 148.33  [35mmfu: 15.00%[39m
[rank1]:[titan] 2026-10-02 08:45:26,816 - torchtitan.observability.metrics - INFO - [31mstep: 82  [32mloss: -1.00000  [38;2;180;60;0mgrad_norm:  3.6875  [38;2;54;234;195mmemory: 58.94GiB(74.41%)  [34mtps: 2,717  [36mtflops: 148.33  [35mmfu: 15.00%[39m
[rank2]:[titan] 2026-10-02 08:45:26,818 - torchtitan.observability.metrics - INFO - [31mstep: 82  [32mloss: -1.00000  [38;2;180;60;0mgrad_norm:  3.6875  [38;2;54;234;195mmemory: 64.74GiB(81.74%)  [34mtps: 2,717  [36mtflops: 148.34  [35mmfu: 15.00%[39m
[rank0]:[titan] 2026-10-02 08:45:26,815 - torchtitan.observability.metrics - INFO - [31mstep: 82  [32mloss: -1.00000  [38;2;180;60;0mgrad_norm:  3.6875  [38;2;54;234;195mmemory: 60.48GiB(76.36%)  [34mtps: 2,717  [36mtflops: 148.34  [35mmfu: 15.00%[39m
[rank3]:[titan] 2026-10-02 08:45:29,819 - torchtitan.observability.metrics - INFO - [31mstep: 83  [32mloss:  2.19254  [38;2;180;60;0mgrad_norm: 107.5000  [38;2;54;234;195mmemory: 51.21GiB(64.65%)  [34mtps: 2,724  [36mtflops: 148.73  [35mmfu: 15.04%[39m
[rank1]:[titan] 2026-10-02 08:45:29,824 - torchtitan.observability.metrics - INFO - [31mstep: 83  [32mloss: -1.00000  [38;2;180;60;0mgrad_norm: 107.5000  [38;2;54;234;195mmemory: 58.94GiB(74.41%)  [34mtps: 2,724  [36mtflops: 148.72  [35mmfu: 15.04%[39m
[rank2]:[titan] 2026-10-02 08:45:29,826 - torchtitan.observability.metrics - INFO - [31mstep: 83  [32mloss: -1.00000  [38;2;180;60;0mgrad_norm: 107.5000  [38;2;54;234;195mmemory: 64.74GiB(81.74%)  [34mtps: 2,724  [36mtflops: 148.72  [35mmfu: 15.04%[39m
[rank0]:[titan] 2026-10-02 08:45:29,822 - torchtitan.observability.metrics - INFO - [31mstep: 83  [32mloss: -1.00000  [38;2;180;60;0mgrad_norm: 107.5000  [38;2;54;234;195mmemory: 60.48GiB(76.36%)  [34mtps: 2,724  [36mtflops: 148.72  [35mmfu: 15.04%[39m
[rank2]:[titan] 2026-10-02 08:45:32,841 - torchtitan.observability.metrics - INFO - [31mstep: 84  [32mloss: -1.00000  [38;2;180;60;0mgrad_norm:  5.2188  [38;2;54;234;195mmemory: 64.74GiB(81.74%)  [34mtps: 2,717  [36mtflops: 148.35  [35mmfu: 15.00%[39m
[rank1]:[titan] 2026-10-02 08:45:32,839 - torchtitan.observability.metrics - INFO - [31mstep: 84  [32mloss: -1.00000  [38;2;180;60;0mgrad_norm:  5.2188  [38;2;54;234;195mmemory: 58.94GiB(74.41%)  [34mtps: 2,717  [36mtflops: 148.35  [35mmfu: 15.00%[39m
[rank0]:[titan] 2026-10-02 08:45:32,838 - torchtitan.observability.metrics - INFO - [31mstep: 84  [32mloss: -1.00000  [38;2;180;60;0mgrad_norm:  5.2188  [38;2;54;234;195mmemory: 60.48GiB(76.36%)  [34mtps: 2,717  [36mtflops: 148.34  [35mmfu: 15.00%[39m
[rank3]:[titan] 2026-10-02 08:45:32,834 - torchtitan.observability.metrics - INFO - [31mstep: 84  [32mloss:  2.05663  [38;2;180;60;0mgrad_norm:  5.2188  [38;2;54;234;195mmemory: 51.21GiB(64.65%)  [34mtps: 2,717  [36mtflops: 148.35  [35mmfu: 15.00%[39m
[rank2]:[titan] 2026-10-02 08:45:35,863 - torchtitan.observability.metrics - INFO - [31mstep: 85  [32mloss: -1.00000  [38;2;180;60;0mgrad_norm: 10.8125  [38;2;54;234;195mmemory: 64.74GiB(81.74%)  [34mtps: 2,711  [36mtflops: 148.02  [35mmfu: 14.97%[39m
[rank1]:[titan] 2026-10-02 08:45:35,861 - torchtitan.observability.metrics - INFO - [31mstep: 85  [32mloss: -1.00000  [38;2;180;60;0mgrad_norm: 10.8125  [38;2;54;234;195mmemory: 58.94GiB(74.41%)  [34mtps: 2,711  [36mtflops: 148.01  [35mmfu: 14.97%[39m
[rank0]:[titan] 2026-10-02 08:45:35,860 - torchtitan.observability.metrics - INFO - [31mstep: 85  [32mloss: -1.00000  [38;2;180;60;0mgrad_norm: 10.8125  [38;2;54;234;195mmemory: 60.48GiB(76.36%)  [34mtps: 2,711  [36mtflops: 148.01  [35mmfu: 14.97%[39m
[rank3]:[titan] 2026-10-02 08:45:35,857 - torchtitan.observability.metrics - INFO - [31mstep: 85  [32mloss:  2.17033  [38;2;180;60;0mgrad_norm: 10.8125  [38;2;54;234;195mmemory: 51.21GiB(64.65%)  [34mtps: 2,711  [36mtflops: 148.00  [35mmfu: 14.96%[39m
[rank2]:[titan] 2026-10-02 08:45:38,870 - torchtitan.observability.metrics - INFO - [31mstep: 86  [32mloss: -1.00000  [38;2;180;60;0mgrad_norm: 13.1250  [38;2;54;234;195mmemory: 64.74GiB(81.74%)  [34mtps: 2,724  [36mtflops: 148.74  [35mmfu: 15.04%[39m
[rank1]:[titan] 2026-10-02 08:45:38,869 - torchtitan.observability.metrics - INFO - [31mstep: 86  [32mloss: -1.00000  [38;2;180;60;0mgrad_norm: 13.1250  [38;2;54;234;195mmemory: 58.94GiB(74.41%)  [34mtps: 2,724  [36mtflops: 148.73  [35mmfu: 15.04%[39m
[rank0]:[titan] 2026-10-02 08:45:38,867 - torchtitan.observability.metrics - INFO - [31mstep: 86  [32mloss: -1.00000  [38;2;180;60;0mgrad_norm: 13.1250  [38;2;54;234;195mmemory: 60.48GiB(76.36%)  [34mtps: 2,724  [36mtflops: 148.73  [35mmfu: 15.04%[39m
[rank3]:[titan] 2026-10-02 08:45:38,864 - torchtitan.observability.metrics - INFO - [31mstep: 86  [32mloss:  2.08192  [38;2;180;60;0mgrad_norm: 13.1250  [38;2;54;234;195mmemory: 51.21GiB(64.65%)  [34mtps: 2,725  [36mtflops: 148.75  [35mmfu: 15.04%[39m
[rank1]:[titan] 2026-10-02 08:45:41,905 - torchtitan.observability.metrics - INFO - [31mstep: 87  [32mloss: -1.00000  [38;2;180;60;0mgrad_norm:  4.8125  [38;2;54;234;195mmemory: 58.94GiB(74.41%)  [34mtps: 2,699  [36mtflops: 147.35  [35mmfu: 14.90%[39m
[rank2]:[titan] 2026-10-02 08:45:41,906 - torchtitan.observability.metrics - INFO - [31mstep: 87  [32mloss: -1.00000  [38;2;180;60;0mgrad_norm:  4.8125  [38;2;54;234;195mmemory: 64.74GiB(81.74%)  [34mtps: 2,699  [36mtflops: 147.35  [35mmfu: 14.90%[39m
[rank0]:[titan] 2026-10-02 08:45:41,903 - torchtitan.observability.metrics - INFO - [31mstep: 87  [32mloss: -1.00000  [38;2;180;60;0mgrad_norm:  4.8125  [38;2;54;234;195mmemory: 60.48GiB(76.36%)  [34mtps: 2,699  [36mtflops: 147.33  [35mmfu: 14.90%[39m
[rank3]:[titan] 2026-10-02 08:45:41,899 - torchtitan.observability.metrics - INFO - [31mstep: 87  [32mloss:  1.93791  [38;2;180;60;0mgrad_norm:  4.8125  [38;2;54;234;195mmemory: 51.21GiB(64.65%)  [34mtps: 2,699  [36mtflops: 147.35  [35mmfu: 14.90%[39m
[rank1]:[titan] 2026-10-02 08:45:44,904 - torchtitan.observability.metrics - INFO - [31mstep: 88  [32mloss: -1.00000  [38;2;180;60;0mgrad_norm:  3.5156  [38;2;54;234;195mmemory: 58.94GiB(74.41%)  [34mtps: 2,731  [36mtflops: 149.10  [35mmfu: 15.08%[39m
[rank2]:[titan] 2026-10-02 08:45:44,906 - torchtitan.observability.metrics - INFO - [31mstep: 88  [32mloss: -1.00000  [38;2;180;60;0mgrad_norm:  3.5156  [38;2;54;234;195mmemory: 64.74GiB(81.74%)  [34mtps: 2,731  [36mtflops: 149.11  [35mmfu: 15.08%[39m
[rank0]:[titan] 2026-10-02 08:45:44,903 - torchtitan.observability.metrics - INFO - [31mstep: 88  [32mloss: -1.00000  [38;2;180;60;0mgrad_norm:  3.5156  [38;2;54;234;195mmemory: 60.48GiB(76.36%)  [34mtps: 2,731  [36mtflops: 149.11  [35mmfu: 15.08%[39m
[rank3]:[titan] 2026-10-02 08:45:44,899 - torchtitan.observability.metrics - INFO - [31mstep: 88  [32mloss:  2.03553  [38;2;180;60;0mgrad_norm:  3.5156  [38;2;54;234;195mmemory: 51.21GiB(64.65%)  [34mtps: 2,731  [36mtflops: 149.11  [35mmfu: 15.08%[39m
[rank1]:[titan] 2026-10-02 08:45:47,936 - torchtitan.observability.metrics - INFO - [31mstep: 89  [32mloss: -1.00000  [38;2;180;60;0mgrad_norm:  4.2500  [38;2;54;234;195mmemory: 58.94GiB(74.41%)  [34mtps: 2,703  [36mtflops: 147.55  [35mmfu: 14.92%[39m
[rank2]:[titan] 2026-10-02 08:45:47,938 - torchtitan.observability.metrics - INFO - [31mstep: 89  [32mloss: -1.00000  [38;2;180;60;0mgrad_norm:  4.2500  [38;2;54;234;195mmemory: 64.74GiB(81.74%)  [34mtps: 2,703  [36mtflops: 147.56  [35mmfu: 14.92%[39m
[rank0]:[titan] 2026-10-02 08:45:47,935 - torchtitan.observability.metrics - INFO - [31mstep: 89  [32mloss: -1.00000  [38;2;180;60;0mgrad_norm:  4.2500  [38;2;54;234;195mmemory: 60.48GiB(76.36%)  [34mtps: 2,703  [36mtflops: 147.56  [35mmfu: 14.92%[39m
[rank3]:[titan] 2026-10-02 08:45:47,931 - torchtitan.observability.metrics - INFO - [31mstep: 89  [32mloss:  2.14687  [38;2;180;60;0mgrad_norm:  4.2500  [38;2;54;234;195mmemory: 51.21GiB(64.65%)  [34mtps: 2,703  [36mtflops: 147.55  [35mmfu: 14.92%[39m
[rank3]:[titan] 2026-10-02 08:45:50,958 - torchtitan.observability.metrics - INFO - [31mstep: 90  [32mloss:  2.07858  [38;2;180;60;0mgrad_norm:  4.0312  [38;2;54;234;195mmemory: 51.21GiB(64.65%)  [34mtps: 2,706  [36mtflops: 147.76  [35mmfu: 14.94%[39m
[rank2]:[titan] 2026-10-02 08:45:50,965 - torchtitan.observability.metrics - INFO - [31mstep: 90  [32mloss: -1.00000  [38;2;180;60;0mgrad_norm:  4.0312  [38;2;54;234;195mmemory: 64.74GiB(81.74%)  [34mtps: 2,706  [36mtflops: 147.76  [35mmfu: 14.94%[39m
[rank1]:[titan] 2026-10-02 08:45:50,963 - torchtitan.observability.metrics - INFO - [31mstep: 90  [32mloss: -1.00000  [38;2;180;60;0mgrad_norm:  4.0312  [38;2;54;234;195mmemory: 58.94GiB(74.41%)  [34mtps: 2,706  [36mtflops: 147.75  [35mmfu: 14.94%[39m
[rank0]:[titan] 2026-10-02 08:45:50,962 - torchtitan.observability.metrics - INFO - [31mstep: 90  [32mloss: -1.00000  [38;2;180;60;0mgrad_norm:  4.0312  [38;2;54;234;195mmemory: 60.48GiB(76.36%)  [34mtps: 2,706  [36mtflops: 147.75  [35mmfu: 14.94%[39m
[rank2]:[titan] 2026-10-02 08:45:54,001 - torchtitan.observability.metrics - INFO - [31mstep: 91  [32mloss: -1.00000  [38;2;180;60;0mgrad_norm:  4.9688  [38;2;54;234;195mmemory: 64.74GiB(81.74%)  [34mtps: 2,699  [36mtflops: 147.33  [35mmfu: 14.90%[39m
[rank1]:[titan] 2026-10-02 08:45:53,999 - torchtitan.observability.metrics - INFO - [31mstep: 91  [32mloss: -1.00000  [38;2;180;60;0mgrad_norm:  4.9688  [38;2;54;234;195mmemory: 58.94GiB(74.41%)  [34mtps: 2,699  [36mtflops: 147.34  [35mmfu: 14.90%[39m
[rank0]:[titan] 2026-10-02 08:45:53,998 - torchtitan.observability.metrics - INFO - [31mstep: 91  [32mloss: -1.00000  [38;2;180;60;0mgrad_norm:  4.9688  [38;2;54;234;195mmemory: 60.48GiB(76.36%)  [34mtps: 2,699  [36mtflops: 147.33  [35mmfu: 14.90%[39m
[rank3]:[titan] 2026-10-02 08:45:53,994 - torchtitan.observability.metrics - INFO - [31mstep: 91  [32mloss:  2.02672  [38;2;180;60;0mgrad_norm:  4.9688  [38;2;54;234;195mmemory: 51.21GiB(64.65%)  [34mtps: 2,699  [36mtflops: 147.34  [35mmfu: 14.90%[39m
[rank2]:[titan] 2026-10-02 08:45:57,036 - torchtitan.observability.metrics - INFO - [31mstep: 92  [32mloss: -1.00000  [38;2;180;60;0mgrad_norm:  4.5000  [38;2;54;234;195mmemory: 64.74GiB(81.74%)  [34mtps: 2,699  [36mtflops: 147.38  [35mmfu: 14.90%[39m
[rank1]:[titan] 2026-10-02 08:45:57,034 - torchtitan.observability.metrics - INFO - [31mstep: 92  [32mloss: -1.00000  [38;2;180;60;0mgrad_norm:  4.5000  [38;2;54;234;195mmemory: 58.94GiB(74.41%)  [34mtps: 2,699  [36mtflops: 147.37  [35mmfu: 14.90%[39m
[rank0]:[titan] 2026-10-02 08:45:57,033 - torchtitan.observability.metrics - INFO - [31mstep: 92  [32mloss: -1.00000  [38;2;180;60;0mgrad_norm:  4.5000  [38;2;54;234;195mmemory: 60.48GiB(76.36%)  [34mtps: 2,699  [36mtflops: 147.37  [35mmfu: 14.90%[39m
[rank3]:[titan] 2026-10-02 08:45:57,029 - torchtitan.observability.metrics - INFO - [31mstep: 92  [32mloss:  2.00628  [38;2;180;60;0mgrad_norm:  4.5000  [38;2;54;234;195mmemory: 51.21GiB(64.65%)  [34mtps: 2,699  [36mtflops: 147.37  [35mmfu: 14.90%[39m
[rank2]:[titan] 2026-10-02 08:46:00,048 - torchtitan.observability.metrics - INFO - [31mstep: 93  [32mloss: -1.00000  [38;2;180;60;0mgrad_norm:  7.3125  [38;2;54;234;195mmemory: 64.74GiB(81.74%)  [34mtps: 2,720  [36mtflops: 148.52  [35mmfu: 15.02%[39m
[rank1]:[titan] 2026-10-02 08:46:00,046 - torchtitan.observability.metrics - INFO - [31mstep: 93  [32mloss: -1.00000  [38;2;180;60;0mgrad_norm:  7.3125  [38;2;54;234;195mmemory: 58.94GiB(74.41%)  [34mtps: 2,720  [36mtflops: 148.51  [35mmfu: 15.02%[39m
[rank0]:[titan] 2026-10-02 08:46:00,045 - torchtitan.observability.metrics - INFO - [31mstep: 93  [32mloss: -1.00000  [38;2;180;60;0mgrad_norm:  7.3125  [38;2;54;234;195mmemory: 60.48GiB(76.36%)  [34mtps: 2,720  [36mtflops: 148.51  [35mmfu: 15.02%[39m
[rank3]:[titan] 2026-10-02 08:46:00,041 - torchtitan.observability.metrics - INFO - [31mstep: 93  [32mloss:  1.92739  [38;2;180;60;0mgrad_norm:  7.3125  [38;2;54;234;195mmemory: 51.21GiB(64.65%)  [34mtps: 2,720  [36mtflops: 148.51  [35mmfu: 15.02%[39m
[rank1]:[titan] 2026-10-02 08:46:03,071 - torchtitan.observability.metrics - INFO - [31mstep: 94  [32mloss: -1.00000  [38;2;180;60;0mgrad_norm:  3.6250  [38;2;54;234;195mmemory: 58.94GiB(74.41%)  [34mtps: 2,708  [36mtflops: 147.87  [35mmfu: 14.95%[39m
[rank2]:[titan] 2026-10-02 08:46:03,073 - torchtitan.observability.metrics - INFO - [31mstep: 94  [32mloss: -1.00000  [38;2;180;60;0mgrad_norm:  3.6250  [38;2;54;234;195mmemory: 64.74GiB(81.74%)  [34mtps: 2,708  [36mtflops: 147.87  [35mmfu: 14.95%[39m
[rank0]:[titan] 2026-10-02 08:46:03,070 - torchtitan.observability.metrics - INFO - [31mstep: 94  [32mloss: -1.00000  [38;2;180;60;0mgrad_norm:  3.6250  [38;2;54;234;195mmemory: 60.48GiB(76.36%)  [34mtps: 2,708  [36mtflops: 147.88  [35mmfu: 14.95%[39m
[rank3]:[titan] 2026-10-02 08:46:03,066 - torchtitan.observability.metrics - INFO - [31mstep: 94  [32mloss:  1.99751  [38;2;180;60;0mgrad_norm:  3.6250  [38;2;54;234;195mmemory: 51.21GiB(64.65%)  [34mtps: 2,709  [36mtflops: 147.88  [35mmfu: 14.95%[39m
[rank1]:[titan] 2026-10-02 08:46:06,109 - torchtitan.observability.metrics - INFO - [31mstep: 95  [32mloss: -1.00000  [38;2;180;60;0mgrad_norm:  4.0312  [38;2;54;234;195mmemory: 58.94GiB(74.41%)  [34mtps: 2,697  [36mtflops: 147.23  [35mmfu: 14.89%[39m
[rank2]:[titan] 2026-10-02 08:46:06,111 - torchtitan.observability.metrics - INFO - [31mstep: 95  [32mloss: -1.00000  [38;2;180;60;0mgrad_norm:  4.0312  [38;2;54;234;195mmemory: 64.74GiB(81.74%)  [34mtps: 2,697  [36mtflops: 147.23  [35mmfu: 14.89%[39m
[rank0]:[titan] 2026-10-02 08:46:06,108 - torchtitan.observability.metrics - INFO - [31mstep: 95  [32mloss: -1.00000  [38;2;180;60;0mgrad_norm:  4.0312  [38;2;54;234;195mmemory: 60.48GiB(76.36%)  [34mtps: 2,696  [36mtflops: 147.22  [35mmfu: 14.89%[39m
[rank3]:[titan] 2026-10-02 08:46:06,104 - torchtitan.observability.metrics - INFO - [31mstep: 95  [32mloss:  1.98553  [38;2;180;60;0mgrad_norm:  4.0312  [38;2;54;234;195mmemory: 51.21GiB(64.65%)  [34mtps: 2,697  [36mtflops: 147.23  [35mmfu: 14.89%[39m
[rank3]:[titan] 2026-10-02 08:46:09,103 - torchtitan.observability.metrics - INFO - [31mstep: 96  [32mloss:  2.04659  [38;2;180;60;0mgrad_norm:  3.5938  [38;2;54;234;195mmemory: 51.21GiB(64.65%)  [34mtps: 2,732  [36mtflops: 149.18  [35mmfu: 15.08%[39m
[rank2]:[titan] 2026-10-02 08:46:09,109 - torchtitan.observability.metrics - INFO - [31mstep: 96  [32mloss: -1.00000  [38;2;180;60;0mgrad_norm:  3.5938  [38;2;54;234;195mmemory: 64.74GiB(81.74%)  [34mtps: 2,732  [36mtflops: 149.18  [35mmfu: 15.08%[39m
[rank1]:[titan] 2026-10-02 08:46:09,108 - torchtitan.observability.metrics - INFO - [31mstep: 96  [32mloss: -1.00000  [38;2;180;60;0mgrad_norm:  3.5938  [38;2;54;234;195mmemory: 58.94GiB(74.41%)  [34mtps: 2,732  [36mtflops: 149.18  [35mmfu: 15.08%[39m
[rank0]:[titan] 2026-10-02 08:46:09,107 - torchtitan.observability.metrics - INFO - [31mstep: 96  [32mloss: -1.00000  [38;2;180;60;0mgrad_norm:  3.5938  [38;2;54;234;195mmemory: 60.48GiB(76.36%)  [34mtps: 2,732  [36mtflops: 149.18  [35mmfu: 15.08%[39m
[rank2]:[titan] 2026-10-02 08:46:12,119 - torchtitan.observability.metrics - INFO - [31mstep: 97  [32mloss: -1.00000  [38;2;180;60;0mgrad_norm:  2.7188  [38;2;54;234;195mmemory: 64.74GiB(81.74%)  [34mtps: 2,722  [36mtflops: 148.63  [35mmfu: 15.03%[39m
[rank1]:[titan] 2026-10-02 08:46:12,117 - torchtitan.observability.metrics - INFO - [31mstep: 97  [32mloss: -1.00000  [38;2;180;60;0mgrad_norm:  2.7188  [38;2;54;234;195mmemory: 58.94GiB(74.41%)  [34mtps: 2,722  [36mtflops: 148.62  [35mmfu: 15.03%[39m
[rank3]:[titan] 2026-10-02 08:46:12,113 - torchtitan.observability.metrics - INFO - [31mstep: 97  [32mloss:  2.09452  [38;2;180;60;0mgrad_norm:  2.7188  [38;2;54;234;195mmemory: 51.21GiB(64.65%)  [34mtps: 2,722  [36mtflops: 148.63  [35mmfu: 15.03%[39m
[rank0]:[titan] 2026-10-02 08:46:12,116 - torchtitan.observability.metrics - INFO - [31mstep: 97  [32mloss: -1.00000  [38;2;180;60;0mgrad_norm:  2.7188  [38;2;54;234;195mmemory: 60.48GiB(76.36%)  [34mtps: 2,722  [36mtflops: 148.63  [35mmfu: 15.03%[39m
[rank1]:[titan] 2026-10-02 08:46:15,132 - torchtitan.observability.metrics - INFO - [31mstep: 98  [32mloss: -1.00000  [38;2;180;60;0mgrad_norm: 13.1875  [38;2;54;234;195mmemory: 58.94GiB(74.41%)  [34mtps: 2,718  [36mtflops: 148.38  [35mmfu: 15.00%[39m
[rank2]:[titan] 2026-10-02 08:46:15,134 - torchtitan.observability.metrics - INFO - [31mstep: 98  [32mloss: -1.00000  [38;2;180;60;0mgrad_norm: 13.1875  [38;2;54;234;195mmemory: 64.74GiB(81.74%)  [34mtps: 2,718  [36mtflops: 148.39  [35mmfu: 15.00%[39m
[rank3]:[titan] 2026-10-02 08:46:15,127 - torchtitan.observability.metrics - INFO - [31mstep: 98  [32mloss:  2.07936  [38;2;180;60;0mgrad_norm: 13.1875  [38;2;54;234;195mmemory: 51.21GiB(64.65%)  [34mtps: 2,718  [36mtflops: 148.39  [35mmfu: 15.00%[39m
[rank0]:[titan] 2026-10-02 08:46:15,131 - torchtitan.observability.metrics - INFO - [31mstep: 98  [32mloss: -1.00000  [38;2;180;60;0mgrad_norm: 13.1875  [38;2;54;234;195mmemory: 60.48GiB(76.36%)  [34mtps: 2,718  [36mtflops: 148.39  [35mmfu: 15.00%[39m
[rank2]:[titan] 2026-10-02 08:46:18,164 - torchtitan.observability.metrics - INFO - [31mstep: 99  [32mloss: -1.00000  [38;2;180;60;0mgrad_norm:  2.4375  [38;2;54;234;195mmemory: 64.74GiB(81.74%)  [34mtps: 2,703  [36mtflops: 147.59  [35mmfu: 14.92%[39m
[rank1]:[titan] 2026-10-02 08:46:18,163 - torchtitan.observability.metrics - INFO - [31mstep: 99  [32mloss: -1.00000  [38;2;180;60;0mgrad_norm:  2.4375  [38;2;54;234;195mmemory: 58.94GiB(74.41%)  [34mtps: 2,703  [36mtflops: 147.58  [35mmfu: 14.92%[39m
[rank3]:[titan] 2026-10-02 08:46:18,158 - torchtitan.observability.metrics - INFO - [31mstep: 99  [32mloss:  1.89274  [38;2;180;60;0mgrad_norm:  2.4375  [38;2;54;234;195mmemory: 51.21GiB(64.65%)  [34mtps: 2,703  [36mtflops: 147.59  [35mmfu: 14.92%[39m
[rank0]:[titan] 2026-10-02 08:46:18,161 - torchtitan.observability.metrics - INFO - [31mstep: 99  [32mloss: -1.00000  [38;2;180;60;0mgrad_norm:  2.4375  [38;2;54;234;195mmemory: 60.48GiB(76.36%)  [34mtps: 2,703  [36mtflops: 147.58  [35mmfu: 14.92%[39m
[rank2]:[titan] 2026-10-02 08:46:18,309 - torchtitan.tools.utils - INFO - [GC] Performing periodic GC collection took 0.08 seconds
[rank1]:[titan] 2026-10-02 08:46:18,266 - torchtitan.tools.utils - INFO - [GC] Performing periodic GC collection took 0.06 seconds
[rank3]:[titan] 2026-10-02 08:46:18,265 - torchtitan.tools.utils - INFO - [GC] Performing periodic GC collection took 0.06 seconds
[rank0]:[titan] 2026-10-02 08:46:18,259 - torchtitan.tools.utils - INFO - [GC] Performing periodic GC collection took 0.06 seconds
[rank2]:[titan] 2026-10-02 08:46:21,283 - torchtitan.observability.metrics - INFO - [31mstep: 100  [32mloss: -1.00000  [38;2;180;60;0mgrad_norm:  4.9375  [38;2;54;234;195mmemory: 64.74GiB(81.74%)  [34mtps: 2,627  [36mtflops: 143.43  [35mmfu: 14.50%[39m
[rank2]:[titan] 2026-10-02 08:46:21,284 - torchtitan.trainer - INFO - Training completed
[rank1]:[titan] 2026-10-02 08:46:21,282 - torchtitan.observability.metrics - INFO - [31mstep: 100  [32mloss: -1.00000  [38;2;180;60;0mgrad_norm:  4.9375  [38;2;54;234;195mmemory: 58.94GiB(74.41%)  [34mtps: 2,627  [36mtflops: 143.42  [35mmfu: 14.50%[39m
[rank1]:[titan] 2026-10-02 08:46:21,282 - torchtitan.trainer - INFO - Training completed
[rank3]:[titan] 2026-10-02 08:46:21,277 - torchtitan.observability.metrics - INFO - [31mstep: 100  [32mloss:  2.05389  [38;2;180;60;0mgrad_norm:  4.9375  [38;2;54;234;195mmemory: 51.21GiB(64.65%)  [34mtps: 2,627  [36mtflops: 143.43  [35mmfu: 14.50%[39m
[rank3]:[titan] 2026-10-02 08:46:21,277 - torchtitan.trainer - INFO - Training completed
[rank0]:[titan] 2026-10-02 08:46:21,280 - torchtitan.observability.metrics - INFO - [31mstep: 100  [32mloss: -1.00000  [38;2;180;60;0mgrad_norm:  4.9375  [38;2;54;234;195mmemory: 60.48GiB(76.36%)  [34mtps: 2,627  [36mtflops: 143.42  [35mmfu: 14.50%[39m
[rank0]:[titan] 2026-10-02 08:46:21,281 - torchtitan.trainer - INFO - Sleeping 2 seconds for other ranks to complete
[rank0]:[titan] 2026-10-02 08:46:23,281 - torchtitan.trainer - INFO - Training completed
[rank1]:[titan] 2026-10-02 08:46:25,409 - __main__ - INFO - Process group destroyed
[rank2]:[titan] 2026-10-02 08:46:25,872 - __main__ - INFO - Process group destroyed
[rank3]:[titan] 2026-10-02 08:46:25,849 - __main__ - INFO - Process group destroyed
[rank0]:[titan] 2026-10-02 08:46:25,875 - __main__ - INFO - Process group destroyed
