{
  "args": {
    "model": "/workspace/torchtitan_attention_residual/phase11/hf_kimi_48b_e64_dummy",
    "tp": 8,
    "prefill": 16384,
    "decode": 256,
    "warmup": 2,
    "timed": 5,
    "disable_cuda_graph": false,
    "out": "/workspace/torchtitan_attention_residual/phase11/bench_results_prod_20260513-073312/kimi_48b_e64_tp8_ctx16384.json"
  },
  "modes": {
    "vanilla": {
      "prefill_ttft_ms_mean": 31.57156139786821,
      "prefill_ttft_ms_stdev": 2.1091484383297416,
      "decode_tps_mean": 180.55345291896003,
      "decode_tps_stdev": 2.176129571367887,
      "prefill_ttft_raw": [
        32.10343199316412,
        31.74056600255426,
        27.99937399686314,
        33.554866997292265,
        32.459567999467254
      ],
      "decode_tps_raw": [
        182.0726704007947,
        182.25678017124156,
        177.59229187752018,
        181.99282137867866,
        178.85270076656502
      ]
    }
  }
}