W0930 09:41:24.954000 86990 torch/distributed/run.py:982] 
W0930 09:41:24.954000 86990 torch/distributed/run.py:982] *****************************************
W0930 09:41:24.954000 86990 torch/distributed/run.py:982] Setting OMP_NUM_THREADS environment variable for each process to be 1 in default, to avoid your system being overloaded, please further tune the variable for optimal performance in your application as needed. 
W0930 09:41:24.954000 86990 torch/distributed/run.py:982] *****************************************
[rank0]:WARNING:absl:Failed to load jax profiler: No module named 'jax'
[rank2]:WARNING:absl:Failed to load jax profiler: No module named 'jax'
[rank1]:WARNING:absl:Failed to load jax profiler: No module named 'jax'
[rank3]:WARNING:absl:Failed to load jax profiler: No module named 'jax'
[rank1]:[titan] 2026-09-30 09:41:31,411 - __main__ - INFO - torchtitan version: 0.0.0+unknown (0.0.0 means __version__ is not defined correctly).
[rank3]:[titan] 2026-09-30 09:41:31,440 - __main__ - INFO - torchtitan version: 0.0.0+unknown (0.0.0 means __version__ is not defined correctly).
[rank0]:[titan] 2026-09-30 09:41:31,504 - __main__ - INFO - torchtitan version: 0.0.0+unknown (0.0.0 means __version__ is not defined correctly).
[rank2]:[titan] 2026-09-30 09:41:31,443 - __main__ - INFO - torchtitan version: 0.0.0+unknown (0.0.0 means __version__ is not defined correctly).
[rank3]:[titan] 2026-09-30 09:41:32,169 - torchtitan.observability.structured_logger.jsonl_handler - INFO - Structured logging -> JSONL: /root/mep/results/dep_h100_pp4vpp4/trace_r04_m8_w_dep_bubble/out/structured_logs/training.global_rank_3.20260930-094132-Z38AUL.jsonl
[rank1]:[titan] 2026-09-30 09:41:32,144 - torchtitan.observability.structured_logger.jsonl_handler - INFO - Structured logging -> JSONL: /root/mep/results/dep_h100_pp4vpp4/trace_r04_m8_w_dep_bubble/out/structured_logs/training.global_rank_1.20260930-094132-8PAMTO.jsonl
[rank2]:[titan] 2026-09-30 09:41:32,172 - torchtitan.observability.structured_logger.jsonl_handler - INFO - Structured logging -> JSONL: /root/mep/results/dep_h100_pp4vpp4/trace_r04_m8_w_dep_bubble/out/structured_logs/training.global_rank_2.20260930-094132-SJ77HL.jsonl
[rank0]:[titan] 2026-09-30 09:41:32,339 - torchtitan.observability.structured_logger.jsonl_handler - INFO - Structured logging -> JSONL: /root/mep/results/dep_h100_pp4vpp4/trace_r04_m8_w_dep_bubble/out/structured_logs/training.global_rank_0.20260930-094132-RCIUWF.jsonl
[rank3]:[titan] 2026-09-30 09:41:32,908 - torchtitan.distributed.utils - WARNING - ENV[TORCH_NCCL_ASYNC_ERROR_HANDLING] = 1 will be overridden to 3 based on job config
[rank1]:[titan] 2026-09-30 09:41:32,881 - torchtitan.distributed.utils - WARNING - ENV[TORCH_NCCL_ASYNC_ERROR_HANDLING] = 1 will be overridden to 3 based on job config
[rank2]:[titan] 2026-09-30 09:41:32,905 - torchtitan.distributed.utils - WARNING - ENV[TORCH_NCCL_ASYNC_ERROR_HANDLING] = 1 will be overridden to 3 based on job config
[rank0]:[titan] 2026-09-30 09:41:33,021 - torchtitan.distributed.utils - WARNING - ENV[TORCH_NCCL_ASYNC_ERROR_HANDLING] = 1 will be overridden to 3 based on job config
[rank0]:[titan] 2026-09-30 09:41:33,667 - torchtitan.tools.utils - INFO - [GC] Initial GC collection took 0.00 seconds
[rank3]:[titan] 2026-09-30 09:41:33,666 - torchtitan.tools.utils - INFO - [GC] Initial GC collection took 0.00 seconds
[rank2]:[titan] 2026-09-30 09:41:33,670 - torchtitan.tools.utils - INFO - [GC] Initial GC collection took 0.00 seconds
[rank1]:[titan] 2026-09-30 09:41:33,673 - torchtitan.tools.utils - INFO - [GC] Initial GC collection took 0.00 seconds
[rank3]:[titan] 2026-09-30 09:41:34,655 - torchtitan.distributed.parallelism_context - INFO - Building device mesh with parallelism: pp=4, dp_replicate=1, dp_shard=1, cp=1, tp=1, ep=1
[rank0]:[titan] 2026-09-30 09:41:34,656 - torchtitan.distributed.parallelism_context - INFO - Building device mesh with parallelism: pp=4, dp_replicate=1, dp_shard=1, cp=1, tp=1, ep=1
[rank1]:[titan] 2026-09-30 09:41:34,655 - torchtitan.distributed.parallelism_context - INFO - Building device mesh with parallelism: pp=4, dp_replicate=1, dp_shard=1, cp=1, tp=1, ep=1
[rank2]:[titan] 2026-09-30 09:41:34,655 - torchtitan.distributed.parallelism_context - INFO - Building device mesh with parallelism: pp=4, dp_replicate=1, dp_shard=1, cp=1, tp=1, ep=1
[rank3]:[titan] 2026-09-30 09:41:35,115 - torchtitan.distributed.parallelism_context - INFO - Successfully created meshes with active axes: ['pp']
[rank3]:[titan] 2026-09-30 09:41:35,117 - torchtitan.observability.metrics - INFO - CUDA capacity: NVIDIA H100 80GB HBM3 with 79.21GiB memory
[rank1]:[titan] 2026-09-30 09:41:35,121 - torchtitan.distributed.parallelism_context - INFO - Successfully created meshes with active axes: ['pp']
[rank3]:[titan] 2026-09-30 09:41:35,127 - torchtitan.config.configurable - WARNING - Config field value of type InterpolationMode may not be JSON serializable
[rank0]:[titan] 2026-09-30 09:41:35,121 - torchtitan.distributed.parallelism_context - INFO - Successfully created meshes with active axes: ['pp']
[rank3]:[titan] 2026-09-30 09:41:35,128 - torchtitan.tools.utils - WARNING - Error running lspci: [Errno 2] No such file or directory: 'lspci', fallback to use device_name
[rank0]:[titan] 2026-09-30 09:41:35,123 - torchtitan.observability.metrics - INFO - CUDA capacity: NVIDIA H100 80GB HBM3 with 79.21GiB memory
[rank3]:[titan] 2026-09-30 09:41:35,129 - torchtitan.components.tokenizer - INFO - Loading tokenizer from tokenizer.json
[rank0]:[titan] 2026-09-30 09:41:35,134 - torchtitan.config.configurable - WARNING - Config field value of type InterpolationMode may not be JSON serializable
[rank0]:[titan] 2026-09-30 09:41:35,136 - torchtitan.tools.utils - WARNING - Error running lspci: [Errno 2] No such file or directory: 'lspci', fallback to use device_name
[rank0]:[titan] 2026-09-30 09:41:35,136 - torchtitan.components.tokenizer - INFO - Loading tokenizer from tokenizer.json
[rank2]:[titan] 2026-09-30 09:41:35,122 - torchtitan.distributed.parallelism_context - INFO - Successfully created meshes with active axes: ['pp']
[rank1]:[titan] 2026-09-30 09:41:35,124 - torchtitan.observability.metrics - INFO - CUDA capacity: NVIDIA H100 80GB HBM3 with 79.21GiB memory
[rank1]:[titan] 2026-09-30 09:41:35,134 - torchtitan.config.configurable - WARNING - Config field value of type InterpolationMode may not be JSON serializable
[rank2]:[titan] 2026-09-30 09:41:35,125 - torchtitan.observability.metrics - INFO - CUDA capacity: NVIDIA H100 80GB HBM3 with 79.21GiB memory
[rank2]:[titan] 2026-09-30 09:41:35,135 - torchtitan.config.configurable - WARNING - Config field value of type InterpolationMode may not be JSON serializable
[rank1]:[titan] 2026-09-30 09:41:35,135 - torchtitan.tools.utils - WARNING - Error running lspci: [Errno 2] No such file or directory: 'lspci', fallback to use device_name
[rank1]:[titan] 2026-09-30 09:41:35,136 - torchtitan.components.tokenizer - INFO - Loading tokenizer from tokenizer.json
[rank2]:[titan] 2026-09-30 09:41:35,136 - torchtitan.tools.utils - WARNING - Error running lspci: [Errno 2] No such file or directory: 'lspci', fallback to use device_name
[rank2]:[titan] 2026-09-30 09:41:35,137 - torchtitan.components.tokenizer - INFO - Loading tokenizer from tokenizer.json
[rank0]:[titan] 2026-09-30 09:41:35,305 - torchtitan.protocols.state_dict_adapter - WARNING - model.safetensors.index.json not found at hf_assets_path: ./tests/assets/tokenizer/model.safetensors.index.json.                     Defaulting to saving a single safetensors file if checkpoint is saved in HF format
[rank3]:[titan] 2026-09-30 09:41:35,289 - torchtitan.protocols.state_dict_adapter - WARNING - model.safetensors.index.json not found at hf_assets_path: ./tests/assets/tokenizer/model.safetensors.index.json.                     Defaulting to saving a single safetensors file if checkpoint is saved in HF format
[rank0]:[titan] 2026-09-30 09:41:35,310 - torchtitan.models.utils - INFO - Total parameter count: 12,059,226,240, active parameters: 8,885,570,688
[rank3]:[titan] 2026-09-30 09:41:35,294 - torchtitan.models.utils - INFO - Total parameter count: 12,059,226,240, active parameters: 8,885,570,688
[rank1]:[titan] 2026-09-30 09:41:35,301 - torchtitan.protocols.state_dict_adapter - WARNING - model.safetensors.index.json not found at hf_assets_path: ./tests/assets/tokenizer/model.safetensors.index.json.                     Defaulting to saving a single safetensors file if checkpoint is saved in HF format
[rank1]:[titan] 2026-09-30 09:41:35,306 - torchtitan.models.utils - INFO - Total parameter count: 12,059,226,240, active parameters: 8,885,570,688
[rank2]:[titan] 2026-09-30 09:41:35,302 - torchtitan.protocols.state_dict_adapter - WARNING - model.safetensors.index.json not found at hf_assets_path: ./tests/assets/tokenizer/model.safetensors.index.json.                     Defaulting to saving a single safetensors file if checkpoint is saved in HF format
[rank2]:[titan] 2026-09-30 09:41:35,307 - torchtitan.models.utils - INFO - Total parameter count: 12,059,226,240, active parameters: 8,885,570,688
[rank0]:[titan] 2026-09-30 09:41:35,355 - torchtitan.distributed.activation_checkpoint - INFO - Applied FullAC activation checkpointing to the model
[rank3]:[titan] 2026-09-30 09:41:35,338 - torchtitan.distributed.activation_checkpoint - INFO - Applied FullAC activation checkpointing to the model
[rank1]:[titan] 2026-09-30 09:41:35,350 - torchtitan.distributed.activation_checkpoint - INFO - Applied FullAC activation checkpointing to the model
[rank2]:[titan] 2026-09-30 09:41:35,352 - torchtitan.distributed.activation_checkpoint - INFO - Applied FullAC activation checkpointing to the model
[rank3]:[titan] 2026-09-30 09:41:35,551 - torchtitan.distributed.pipeline_parallel - INFO - PP rank 3 is building stage_idx 3 with modules ['layers.5']
[rank0]:[titan] 2026-09-30 09:41:35,569 - torchtitan.distributed.pipeline_parallel - INFO - PP rank 0 is building stage_idx 0 with modules ['vision_encoder', 'tok_embeddings', 'layers.0']
[rank1]:[titan] 2026-09-30 09:41:35,566 - torchtitan.distributed.pipeline_parallel - INFO - PP rank 1 is building stage_idx 1 with modules ['layers.1', 'layers.2']
[rank2]:[titan] 2026-09-30 09:41:35,566 - torchtitan.distributed.pipeline_parallel - INFO - PP rank 2 is building stage_idx 2 with modules ['layers.3', 'layers.4']
[rank3]:[titan] 2026-09-30 09:41:35,635 - torchtitan.distributed.pipeline_parallel - INFO - PP rank 3 is building stage_idx 7 with modules ['layers.9']
[rank0]:[titan] 2026-09-30 09:41:35,653 - torchtitan.distributed.pipeline_parallel - INFO - PP rank 0 is building stage_idx 4 with modules ['layers.6']
[rank3]:[titan] 2026-09-30 09:41:35,719 - torchtitan.distributed.pipeline_parallel - INFO - PP rank 3 is building stage_idx 11 with modules ['layers.13']
[rank2]:[titan] 2026-09-30 09:41:35,658 - torchtitan.distributed.pipeline_parallel - INFO - PP rank 2 is building stage_idx 6 with modules ['layers.8']
[rank1]:[titan] 2026-09-30 09:41:35,651 - torchtitan.distributed.pipeline_parallel - INFO - PP rank 1 is building stage_idx 5 with modules ['layers.7']
[rank3]:[titan] 2026-09-30 09:41:35,804 - torchtitan.distributed.pipeline_parallel - INFO - PP rank 3 is building stage_idx 15 with modules ['norm', 'lm_head', 'output_res_proj', 'output_res_norm']
[rank0]:[titan] 2026-09-30 09:41:35,738 - torchtitan.distributed.pipeline_parallel - INFO - PP rank 0 is building stage_idx 8 with modules ['layers.10']
[rank3]:[titan] 2026-09-30 09:41:35,807 - torchtitan.distributed.activation_checkpoint - INFO - Applied FullAC activation checkpointing to the model
[rank2]:[titan] 2026-09-30 09:41:35,741 - torchtitan.distributed.pipeline_parallel - INFO - PP rank 2 is building stage_idx 10 with modules ['layers.12']
[rank1]:[titan] 2026-09-30 09:41:35,736 - torchtitan.distributed.pipeline_parallel - INFO - PP rank 1 is building stage_idx 9 with modules ['layers.11']
[rank1]:[titan] 2026-09-30 09:41:35,822 - torchtitan.distributed.pipeline_parallel - INFO - PP rank 1 is building stage_idx 13 with modules ['layers.15']
[rank0]:[titan] 2026-09-30 09:41:35,823 - torchtitan.distributed.pipeline_parallel - INFO - PP rank 0 is building stage_idx 12 with modules ['layers.14']
[rank3]:[titan] 2026-09-30 09:41:35,842 - torchtitan.distributed.fsdp - INFO - Applied FSDP to the model
[rank0]:[titan] 2026-09-30 09:41:35,842 - torchtitan.distributed.activation_checkpoint - INFO - Applied FullAC activation checkpointing to the model
[rank3]:[titan] 2026-09-30 09:41:35,844 - torchtitan.distributed.activation_checkpoint - INFO - Applied FullAC activation checkpointing to the model
[rank0]:[titan] 2026-09-30 09:41:35,842 - torchtitan.distributed.activation_checkpoint - INFO - Applied FullAC activation checkpointing to the model
[rank3]:[titan] 2026-09-30 09:41:35,848 - torchtitan.distributed.fsdp - INFO - Applied FSDP to the model
[rank0]:[titan] 2026-09-30 09:41:35,913 - torchtitan.distributed.fsdp - INFO - Applied FSDP to the model
[rank3]:[titan] 2026-09-30 09:41:35,851 - torchtitan.distributed.activation_checkpoint - INFO - Applied FullAC activation checkpointing to the model
[rank0]:[titan] 2026-09-30 09:41:35,916 - torchtitan.distributed.activation_checkpoint - INFO - Applied FullAC activation checkpointing to the model
[rank3]:[titan] 2026-09-30 09:41:35,855 - torchtitan.distributed.fsdp - INFO - Applied FSDP to the model
[rank3]:[titan] 2026-09-30 09:41:35,856 - torchtitan.distributed.activation_checkpoint - INFO - Applied FullAC activation checkpointing to the model
[rank3]:[titan] 2026-09-30 09:41:35,858 - torchtitan.distributed.fsdp - INFO - Applied FSDP to the model
[rank3]:[titan] 2026-09-30 09:41:35,858 - torchtitan.distributed.pipeline_parallel - WARNING - Number of microbatches (8) is less than the total number of stages (16) which may result in a bubble in the pipeline.
[rank3]:[titan] 2026-09-30 09:41:35,861 - torchtitan.distributed.pipeline_parallel - INFO - Using pipeline schedule Interleaved1F1B with 8 microbatches and 16 stages.
[rank2]:[titan] 2026-09-30 09:41:35,826 - torchtitan.distributed.pipeline_parallel - INFO - PP rank 2 is building stage_idx 14 with modules ['layers.16']
[rank1]:[titan] 2026-09-30 09:41:35,827 - torchtitan.distributed.activation_checkpoint - INFO - Applied FullAC activation checkpointing to the model
[rank2]:[titan] 2026-09-30 09:41:35,831 - torchtitan.distributed.activation_checkpoint - INFO - Applied FullAC activation checkpointing to the model
[rank1]:[titan] 2026-09-30 09:41:35,867 - torchtitan.distributed.fsdp - INFO - Applied FSDP to the model
[rank2]:[titan] 2026-09-30 09:41:35,877 - torchtitan.distributed.fsdp - INFO - Applied FSDP to the model
[rank1]:[titan] 2026-09-30 09:41:35,870 - torchtitan.distributed.activation_checkpoint - INFO - Applied FullAC activation checkpointing to the model
[rank2]:[titan] 2026-09-30 09:41:35,880 - torchtitan.distributed.activation_checkpoint - INFO - Applied FullAC activation checkpointing to the model
[rank1]:[titan] 2026-09-30 09:41:35,879 - torchtitan.distributed.fsdp - INFO - Applied FSDP to the model
[rank2]:[titan] 2026-09-30 09:41:35,884 - torchtitan.distributed.fsdp - INFO - Applied FSDP to the model
[rank1]:[titan] 2026-09-30 09:41:35,881 - torchtitan.distributed.activation_checkpoint - INFO - Applied FullAC activation checkpointing to the model
[rank2]:[titan] 2026-09-30 09:41:35,887 - torchtitan.distributed.activation_checkpoint - INFO - Applied FullAC activation checkpointing to the model
[rank1]:[titan] 2026-09-30 09:41:35,884 - torchtitan.distributed.fsdp - INFO - Applied FSDP to the model
[rank2]:[titan] 2026-09-30 09:41:35,891 - torchtitan.distributed.fsdp - INFO - Applied FSDP to the model
[rank1]:[titan] 2026-09-30 09:41:35,887 - torchtitan.distributed.activation_checkpoint - INFO - Applied FullAC activation checkpointing to the model
[rank2]:[titan] 2026-09-30 09:41:35,893 - torchtitan.distributed.activation_checkpoint - INFO - Applied FullAC activation checkpointing to the model
[rank1]:[titan] 2026-09-30 09:41:35,890 - torchtitan.distributed.fsdp - INFO - Applied FSDP to the model
[rank2]:[titan] 2026-09-30 09:41:35,897 - torchtitan.distributed.fsdp - INFO - Applied FSDP to the model
[rank1]:[titan] 2026-09-30 09:41:35,890 - torchtitan.distributed.pipeline_parallel - WARNING - Number of microbatches (8) is less than the total number of stages (16) which may result in a bubble in the pipeline.
[rank2]:[titan] 2026-09-30 09:41:35,897 - torchtitan.distributed.pipeline_parallel - WARNING - Number of microbatches (8) is less than the total number of stages (16) which may result in a bubble in the pipeline.
[rank1]:[titan] 2026-09-30 09:41:35,892 - torchtitan.distributed.pipeline_parallel - INFO - Using pipeline schedule Interleaved1F1B with 8 microbatches and 16 stages.
[rank2]:[titan] 2026-09-30 09:41:35,899 - torchtitan.distributed.pipeline_parallel - INFO - Using pipeline schedule Interleaved1F1B with 8 microbatches and 16 stages.
[rank0]:[titan] 2026-09-30 09:41:35,932 - torchtitan.distributed.fsdp - INFO - Applied FSDP to the model
[rank0]:[titan] 2026-09-30 09:41:35,934 - torchtitan.distributed.activation_checkpoint - INFO - Applied FullAC activation checkpointing to the model
[rank0]:[titan] 2026-09-30 09:41:35,939 - torchtitan.distributed.fsdp - INFO - Applied FSDP to the model
[rank0]:[titan] 2026-09-30 09:41:35,941 - torchtitan.distributed.activation_checkpoint - INFO - Applied FullAC activation checkpointing to the model
[rank0]:[titan] 2026-09-30 09:41:35,945 - torchtitan.distributed.fsdp - INFO - Applied FSDP to the model
[rank0]:[titan] 2026-09-30 09:41:35,946 - torchtitan.distributed.pipeline_parallel - WARNING - Number of microbatches (8) is less than the total number of stages (16) which may result in a bubble in the pipeline.
[rank0]:[titan] 2026-09-30 09:41:35,948 - torchtitan.distributed.pipeline_parallel - INFO - Using pipeline schedule Interleaved1F1B with 8 microbatches and 16 stages.
[rank1]:[titan] 2026-09-30 09:41:36,772 - torchtitan.models.kimi_k3.pipeline_parallel - INFO - Kimi K3 pipeline: 4 stage(s) on this rank [1, 5, 9, 13], block transport delta with rank store, vision encodes decoupled
[rank2]:[titan] 2026-09-30 09:41:36,950 - torchtitan.models.kimi_k3.pipeline_parallel - INFO - Kimi K3 pipeline: 4 stage(s) on this rank [2, 6, 10, 14], block transport delta with rank store, vision encodes decoupled
[rank3]:[titan] 2026-09-30 09:41:37,147 - torchtitan.models.kimi_k3.pipeline_parallel - INFO - Kimi K3 pipeline: 4 stage(s) on this rank [3, 7, 11, 15], block transport delta with rank store, vision encodes decoupled
[rank0]:[titan] 2026-09-30 09:41:37,146 - torchtitan.models.kimi_k3.pipeline_parallel - INFO - Kimi K3 pipeline: 4 stage(s) on this rank [0, 4, 8, 12], block transport delta with rank store, vision encodes decoupled
[rank1]:[rank1]:W0930 09:41:37.225000 87060 torch/distributed/tensor/_random.py:215] DTensor is synchronizing RNG states of every rank with the state from rank 0. This behavior is deprecated. Please call `torch.manual_seed()` on every rank that participates in SPMD DTensor Operations with the same seed. If using Pipeline Parallelism, each pipeline state would use a different seed, but all ranks belonging to one pipeline stage would use the same seed.
[rank3]:[rank3]:W0930 09:41:37.225000 87062 torch/distributed/tensor/_random.py:215] DTensor is synchronizing RNG states of every rank with the state from rank 0. This behavior is deprecated. Please call `torch.manual_seed()` on every rank that participates in SPMD DTensor Operations with the same seed. If using Pipeline Parallelism, each pipeline state would use a different seed, but all ranks belonging to one pipeline stage would use the same seed.
[rank2]:[rank2]:W0930 09:41:37.227000 87061 torch/distributed/tensor/_random.py:215] DTensor is synchronizing RNG states of every rank with the state from rank 0. This behavior is deprecated. Please call `torch.manual_seed()` on every rank that participates in SPMD DTensor Operations with the same seed. If using Pipeline Parallelism, each pipeline state would use a different seed, but all ranks belonging to one pipeline stage would use the same seed.
[rank3]:[titan] 2026-09-30 09:41:37,403 - torchtitan.training_engine - INFO - Model KimiK3Model.Config size: 12,059,226,240 total parameters
[rank3]:[titan] 2026-09-30 09:41:37,404 - torchtitan.components.optimizer.optimizer - INFO - Optimizer AdamW (model_part=0): 28 params [.*] {'lr': 0.0008, 'betas': (0.9, 0.95), 'eps': 1e-08, 'weight_decay': 0.1, 'foreach': None, 'fused': True}
[rank3]:[titan] 2026-09-30 09:41:37,404 - torchtitan.components.optimizer.optimizer - INFO - Optimizer AdamW (model_part=1): 28 params [.*] {'lr': 0.0008, 'betas': (0.9, 0.95), 'eps': 1e-08, 'weight_decay': 0.1, 'foreach': None, 'fused': True}
[rank3]:[titan] 2026-09-30 09:41:37,404 - torchtitan.components.optimizer.optimizer - INFO - Optimizer AdamW (model_part=2): 28 params [.*] {'lr': 0.0008, 'betas': (0.9, 0.95), 'eps': 1e-08, 'weight_decay': 0.1, 'foreach': None, 'fused': True}
[rank3]:[titan] 2026-09-30 09:41:37,405 - torchtitan.components.optimizer.optimizer - INFO - Optimizer AdamW (model_part=3): 4 params [.*] {'lr': 0.0008, 'betas': (0.9, 0.95), 'eps': 1e-08, 'weight_decay': 0.1, 'foreach': None, 'fused': True}
[rank3]:[titan] 2026-09-30 09:41:37,405 - torchtitan.observability.metrics - WARNING - [31mPipeline Parallel loss is not visible. Please add [33mrank 3[31m to LOG_RANK environment variable in run_train.sh.[39m
[rank3]:[titan] 2026-09-30 09:41:37,405 - torchtitan.trainer - INFO - Peak FLOPS used for computing MFU: 9.890e+14
[rank3]:[titan] 2026-09-30 09:41:37,405 - torchtitan.trainer - INFO - CUDA memory usage for model: 5.41GiB(6.83%)
[rank3]:[titan] 2026-09-30 09:41:37,405 - torchtitan.trainer - INFO - Trainer is initialized with 16384 tokens per DP rank, 16384 tokens per train step, gradient accumulation steps 1, maximum context length 2048, total steps 12 (warmup 2)
[rank3]:[titan] 2026-09-30 09:41:37,406 - torchtitan.trainer - INFO - Training starts at step 1
[rank3]:[titan] 2026-09-30 09:41:37,406 - torchtitan.observability.profiler - INFO - Profiling active. Traces will be saved at /root/mep/results/dep_h100_pp4vpp4/trace_r04_m8_w_dep_bubble/out/traces
[rank2]:[titan] 2026-09-30 09:41:37,418 - torchtitan.training_engine - INFO - Model KimiK3Model.Config size: 12,059,226,240 total parameters
[rank1]:[titan] 2026-09-30 09:41:37,423 - torchtitan.training_engine - INFO - Model KimiK3Model.Config size: 12,059,226,240 total parameters
[rank2]:[titan] 2026-09-30 09:41:37,420 - torchtitan.components.optimizer.optimizer - INFO - Optimizer AdamW (model_part=0): 50 params [.*] {'lr': 0.0008, 'betas': (0.9, 0.95), 'eps': 1e-08, 'weight_decay': 0.1, 'foreach': None, 'fused': True}
[rank1]:[titan] 2026-09-30 09:41:37,424 - torchtitan.components.optimizer.optimizer - INFO - Optimizer AdamW (model_part=0): 56 params [.*] {'lr': 0.0008, 'betas': (0.9, 0.95), 'eps': 1e-08, 'weight_decay': 0.1, 'foreach': None, 'fused': True}
[rank2]:[titan] 2026-09-30 09:41:37,420 - torchtitan.components.optimizer.optimizer - INFO - Optimizer AdamW (model_part=1): 28 params [.*] {'lr': 0.0008, 'betas': (0.9, 0.95), 'eps': 1e-08, 'weight_decay': 0.1, 'foreach': None, 'fused': True}
[rank1]:[titan] 2026-09-30 09:41:37,425 - torchtitan.components.optimizer.optimizer - INFO - Optimizer AdamW (model_part=1): 22 params [.*] {'lr': 0.0008, 'betas': (0.9, 0.95), 'eps': 1e-08, 'weight_decay': 0.1, 'foreach': None, 'fused': True}
[rank2]:[titan] 2026-09-30 09:41:37,420 - torchtitan.components.optimizer.optimizer - INFO - Optimizer AdamW (model_part=2): 28 params [.*] {'lr': 0.0008, 'betas': (0.9, 0.95), 'eps': 1e-08, 'weight_decay': 0.1, 'foreach': None, 'fused': True}
[rank1]:[titan] 2026-09-30 09:41:37,425 - torchtitan.components.optimizer.optimizer - INFO - Optimizer AdamW (model_part=2): 22 params [.*] {'lr': 0.0008, 'betas': (0.9, 0.95), 'eps': 1e-08, 'weight_decay': 0.1, 'foreach': None, 'fused': True}
[rank2]:[titan] 2026-09-30 09:41:37,420 - torchtitan.components.optimizer.optimizer - INFO - Optimizer AdamW (model_part=3): 22 params [.*] {'lr': 0.0008, 'betas': (0.9, 0.95), 'eps': 1e-08, 'weight_decay': 0.1, 'foreach': None, 'fused': True}
[rank1]:[titan] 2026-09-30 09:41:37,425 - torchtitan.components.optimizer.optimizer - INFO - Optimizer AdamW (model_part=3): 22 params [.*] {'lr': 0.0008, 'betas': (0.9, 0.95), 'eps': 1e-08, 'weight_decay': 0.1, 'foreach': None, 'fused': True}
[rank2]:[titan] 2026-09-30 09:41:37,422 - torchtitan.observability.metrics - WARNING - [31mPipeline Parallel loss is not visible. Please add [33mrank 3[31m to LOG_RANK environment variable in run_train.sh.[39m
[rank1]:[titan] 2026-09-30 09:41:37,426 - torchtitan.observability.metrics - WARNING - [31mPipeline Parallel loss is not visible. Please add [33mrank 3[31m to LOG_RANK environment variable in run_train.sh.[39m
[rank2]:[titan] 2026-09-30 09:41:37,422 - torchtitan.trainer - INFO - Peak FLOPS used for computing MFU: 9.890e+14
[rank1]:[titan] 2026-09-30 09:41:37,426 - torchtitan.trainer - INFO - Peak FLOPS used for computing MFU: 9.890e+14
[rank2]:[titan] 2026-09-30 09:41:37,422 - torchtitan.trainer - INFO - CUDA memory usage for model: 7.57GiB(9.55%)
[rank2]:[titan] 2026-09-30 09:41:37,422 - torchtitan.trainer - INFO - Trainer is initialized with 16384 tokens per DP rank, 16384 tokens per train step, gradient accumulation steps 1, maximum context length 2048, total steps 12 (warmup 2)
[rank2]:[titan] 2026-09-30 09:41:37,422 - torchtitan.trainer - INFO - Training starts at step 1
[rank2]:[titan] 2026-09-30 09:41:37,422 - torchtitan.observability.profiler - INFO - Profiling active. Traces will be saved at /root/mep/results/dep_h100_pp4vpp4/trace_r04_m8_w_dep_bubble/out/traces
[rank1]:[titan] 2026-09-30 09:41:37,426 - torchtitan.trainer - INFO - CUDA memory usage for model: 7.14GiB(9.02%)
[rank1]:[titan] 2026-09-30 09:41:37,426 - torchtitan.trainer - INFO - Trainer is initialized with 16384 tokens per DP rank, 16384 tokens per train step, gradient accumulation steps 1, maximum context length 2048, total steps 12 (warmup 2)
[rank1]:[titan] 2026-09-30 09:41:37,426 - torchtitan.trainer - INFO - Training starts at step 1
[rank1]:[titan] 2026-09-30 09:41:37,427 - torchtitan.observability.profiler - INFO - Profiling active. Traces will be saved at /root/mep/results/dep_h100_pp4vpp4/trace_r04_m8_w_dep_bubble/out/traces
[rank0]:[titan] 2026-09-30 09:41:37,512 - torchtitan.training_engine - INFO - Model KimiK3Model.Config size: 12,059,226,240 total parameters
[rank0]:[titan] 2026-09-30 09:41:37,514 - torchtitan.components.optimizer.optimizer - INFO - Optimizer AdamW (model_part=0): 243 params [.*] {'lr': 0.0008, 'betas': (0.9, 0.95), 'eps': 1e-08, 'weight_decay': 0.1, 'foreach': None, 'fused': True}
[rank0]:[titan] 2026-09-30 09:41:37,514 - torchtitan.components.optimizer.optimizer - INFO - Optimizer AdamW (model_part=1): 28 params [.*] {'lr': 0.0008, 'betas': (0.9, 0.95), 'eps': 1e-08, 'weight_decay': 0.1, 'foreach': None, 'fused': True}
[rank0]:[titan] 2026-09-30 09:41:37,515 - torchtitan.components.optimizer.optimizer - INFO - Optimizer AdamW (model_part=2): 28 params [.*] {'lr': 0.0008, 'betas': (0.9, 0.95), 'eps': 1e-08, 'weight_decay': 0.1, 'foreach': None, 'fused': True}
[rank0]:[titan] 2026-09-30 09:41:37,515 - torchtitan.components.optimizer.optimizer - INFO - Optimizer AdamW (model_part=3): 28 params [.*] {'lr': 0.0008, 'betas': (0.9, 0.95), 'eps': 1e-08, 'weight_decay': 0.1, 'foreach': None, 'fused': True}
[rank0]:[titan] 2026-09-30 09:41:37,517 - torchtitan.observability.metrics - WARNING - [31mPipeline Parallel loss is not visible. Please add [33mrank 3[31m to LOG_RANK environment variable in run_train.sh.[39m
[rank0]:[titan] 2026-09-30 09:41:37,517 - torchtitan.trainer - INFO - Peak FLOPS used for computing MFU: 9.890e+14
[rank0]:[titan] 2026-09-30 09:41:37,517 - torchtitan.trainer - INFO - CUDA memory usage for model: 7.30GiB(9.21%)
[rank0]:[titan] 2026-09-30 09:41:37,517 - torchtitan.trainer - INFO - Trainer is initialized with 16384 tokens per DP rank, 16384 tokens per train step, gradient accumulation steps 1, maximum context length 2048, total steps 12 (warmup 2)
[rank0]:[titan] 2026-09-30 09:41:37,517 - torchtitan.trainer - INFO - Training starts at step 1
[rank0]:[titan] 2026-09-30 09:41:37,517 - torchtitan.observability.profiler - INFO - Profiling active. Traces will be saved at /root/mep/results/dep_h100_pp4vpp4/trace_r04_m8_w_dep_bubble/out/traces
[rank3]:[titan] 2026-09-30 09:42:11,720 - torchtitan.models.kimi_k3.pipeline_parallel.vision_dep - INFO - vision_dep: 1 micro-batch(es) with images; encodes 1 before the schedule, 0 in idle slots; backwards 0 in idle slots, 1 after it
[rank0]:[titan] 2026-09-30 09:42:11,721 - torchtitan.models.kimi_k3.pipeline_parallel.vision_dep - INFO - vision_dep: 1 micro-batch(es) with images; encodes 1 before the schedule, 0 in idle slots; backwards 0 in idle slots, 1 after it
[rank2]:[titan] 2026-09-30 09:42:11,720 - torchtitan.models.kimi_k3.pipeline_parallel.vision_dep - INFO - vision_dep: 1 micro-batch(es) with images; encodes 1 before the schedule, 0 in idle slots; backwards 0 in idle slots, 1 after it
[rank1]:[titan] 2026-09-30 09:42:11,720 - torchtitan.models.kimi_k3.pipeline_parallel.vision_dep - INFO - vision_dep: 1 micro-batch(es) with images; encodes 1 before the schedule, 0 in idle slots; backwards 0 in idle slots, 1 after it
[rank1]:/root/mep/venv_src/lib/python3.12/site-packages/torch/distributed/fsdp/_fully_shard/_fsdp_state.py:336: UserWarning: FSDP2-wrapped module (FSDPCheckpointWrapper) returned a view tensor. An in-place op on this view (e.g., `x += y`) will silently drop the pre-backward hook and skip the all-gather, which can cause backward to fail or produce wrong gradients. Use out-of-place ops (`out = out + y`, not `out += y`) or `.clone()` the output before any in-place op.
[rank1]:  output = self._register_pre_backward_hook(output)
[rank1]:/root/mep/venv_src/lib/python3.12/site-packages/torch/distributed/fsdp/_fully_shard/_fsdp_state.py:336: UserWarning: FSDP2-wrapped module (FSDPKimiK3Model) returned a view tensor. An in-place op on this view (e.g., `x += y`) will silently drop the pre-backward hook and skip the all-gather, which can cause backward to fail or produce wrong gradients. Use out-of-place ops (`out = out + y`, not `out += y`) or `.clone()` the output before any in-place op.
[rank1]:  output = self._register_pre_backward_hook(output)
[rank2]:/root/mep/venv_src/lib/python3.12/site-packages/torch/distributed/fsdp/_fully_shard/_fsdp_state.py:336: UserWarning: FSDP2-wrapped module (FSDPCheckpointWrapper) returned a view tensor. An in-place op on this view (e.g., `x += y`) will silently drop the pre-backward hook and skip the all-gather, which can cause backward to fail or produce wrong gradients. Use out-of-place ops (`out = out + y`, not `out += y`) or `.clone()` the output before any in-place op.
[rank2]:  output = self._register_pre_backward_hook(output)
[rank3]:/root/mep/venv_src/lib/python3.12/site-packages/torch/distributed/fsdp/_fully_shard/_fsdp_state.py:336: UserWarning: FSDP2-wrapped module (FSDPCheckpointWrapper) returned a view tensor. An in-place op on this view (e.g., `x += y`) will silently drop the pre-backward hook and skip the all-gather, which can cause backward to fail or produce wrong gradients. Use out-of-place ops (`out = out + y`, not `out += y`) or `.clone()` the output before any in-place op.
[rank3]:  output = self._register_pre_backward_hook(output)
[rank3]:/root/mep/venv_src/lib/python3.12/site-packages/torch/distributed/fsdp/_fully_shard/_fsdp_state.py:336: UserWarning: FSDP2-wrapped module (FSDPKimiK3Model) returned a view tensor. An in-place op on this view (e.g., `x += y`) will silently drop the pre-backward hook and skip the all-gather, which can cause backward to fail or produce wrong gradients. Use out-of-place ops (`out = out + y`, not `out += y`) or `.clone()` the output before any in-place op.
[rank3]:  output = self._register_pre_backward_hook(output)
[rank0]:/root/mep/venv_src/lib/python3.12/site-packages/torch/distributed/fsdp/_fully_shard/_fsdp_state.py:336: UserWarning: FSDP2-wrapped module (FSDPCheckpointWrapper) returned a view tensor. An in-place op on this view (e.g., `x += y`) will silently drop the pre-backward hook and skip the all-gather, which can cause backward to fail or produce wrong gradients. Use out-of-place ops (`out = out + y`, not `out += y`) or `.clone()` the output before any in-place op.
[rank0]:  output = self._register_pre_backward_hook(output)
[rank0]:/root/mep/venv_src/lib/python3.12/site-packages/torch/distributed/fsdp/_fully_shard/_fsdp_state.py:336: UserWarning: FSDP2-wrapped module (FSDPKimiK3Model) returned a view tensor. An in-place op on this view (e.g., `x += y`) will silently drop the pre-backward hook and skip the all-gather, which can cause backward to fail or produce wrong gradients. Use out-of-place ops (`out = out + y`, not `out += y`) or `.clone()` the output before any in-place op.
[rank0]:  output = self._register_pre_backward_hook(output)
[rank1]:/root/mep/venv_src/lib/python3.12/site-packages/torch/distributed/fsdp/_fully_shard/_fsdp_state.py:336: UserWarning: FSDP2-wrapped module (FSDPCheckpointWrapper) returned a view tensor. An in-place op on this view (e.g., `x += y`) will silently drop the pre-backward hook and skip the all-gather, which can cause backward to fail or produce wrong gradients. Use out-of-place ops (`out = out + y`, not `out += y`) or `.clone()` the output before any in-place op.
[rank1]:  output = self._register_pre_backward_hook(output)
[rank1]:/root/mep/venv_src/lib/python3.12/site-packages/torch/distributed/fsdp/_fully_shard/_fsdp_state.py:336: UserWarning: FSDP2-wrapped module (FSDPKimiK3Model) returned a view tensor. An in-place op on this view (e.g., `x += y`) will silently drop the pre-backward hook and skip the all-gather, which can cause backward to fail or produce wrong gradients. Use out-of-place ops (`out = out + y`, not `out += y`) or `.clone()` the output before any in-place op.
[rank1]:  output = self._register_pre_backward_hook(output)
[rank3]:[titan] 2026-09-30 09:42:24,795 - torchtitan.observability.metrics - INFO - [31mstep:  1  [32mloss:  8.05331  [38;2;180;60;0mgrad_norm: 57.7500  [38;2;54;234;195mmemory: 47.04GiB(59.38%)  [34mtps: 82  [36mtflops: 4.50  [35mmfu: 0.46%[39m
[rank3]:[titan] 2026-09-30 09:42:24,795 - torchtitan.distributed.utils - INFO - Synchronizing and adjusting timeout for all ProcessGroups to 0:01:40
[rank1]:[titan] 2026-09-30 09:42:24,845 - torchtitan.observability.metrics - INFO - [31mstep:  1  [32mloss: -1.00000  [38;2;180;60;0mgrad_norm: 57.7500  [38;2;54;234;195mmemory: 53.89GiB(68.04%)  [34mtps: 82  [36mtflops: 4.50  [35mmfu: 0.45%[39m
[rank1]:[titan] 2026-09-30 09:42:24,845 - torchtitan.distributed.utils - INFO - Synchronizing and adjusting timeout for all ProcessGroups to 0:01:40
[rank2]:[titan] 2026-09-30 09:42:24,850 - torchtitan.observability.metrics - INFO - [31mstep:  1  [32mloss: -1.00000  [38;2;180;60;0mgrad_norm: 57.7500  [38;2;54;234;195mmemory: 61.21GiB(77.27%)  [34mtps: 82  [36mtflops: 4.50  [35mmfu: 0.45%[39m
[rank2]:[titan] 2026-09-30 09:42:24,850 - torchtitan.distributed.utils - INFO - Synchronizing and adjusting timeout for all ProcessGroups to 0:01:40
[rank0]:[titan] 2026-09-30 09:42:25,138 - torchtitan.observability.metrics - INFO - [31mstep:  1  [32mloss: -1.00000  [38;2;180;60;0mgrad_norm: 57.7500  [38;2;54;234;195mmemory: 54.51GiB(68.82%)  [34mtps: 82  [36mtflops: 4.47  [35mmfu: 0.45%[39m
[rank0]:[titan] 2026-09-30 09:42:25,139 - torchtitan.distributed.utils - INFO - Synchronizing and adjusting timeout for all ProcessGroups to 0:01:40
[rank0]:/root/mep/venv_src/lib/python3.12/site-packages/torch/distributed/fsdp/_fully_shard/_fsdp_state.py:336: UserWarning: FSDP2-wrapped module (FSDPCheckpointWrapper) returned a view tensor. An in-place op on this view (e.g., `x += y`) will silently drop the pre-backward hook and skip the all-gather, which can cause backward to fail or produce wrong gradients. Use out-of-place ops (`out = out + y`, not `out += y`) or `.clone()` the output before any in-place op.
[rank0]:  output = self._register_pre_backward_hook(output)
[rank0]:/root/mep/venv_src/lib/python3.12/site-packages/torch/distributed/fsdp/_fully_shard/_fsdp_state.py:336: UserWarning: FSDP2-wrapped module (FSDPKimiK3Model) returned a view tensor. An in-place op on this view (e.g., `x += y`) will silently drop the pre-backward hook and skip the all-gather, which can cause backward to fail or produce wrong gradients. Use out-of-place ops (`out = out + y`, not `out += y`) or `.clone()` the output before any in-place op.
[rank0]:  output = self._register_pre_backward_hook(output)
[rank2]:[titan] 2026-09-30 09:42:27,132 - torchtitan.observability.metrics - INFO - [31mstep:  2  [32mloss: -1.00000  [38;2;180;60;0mgrad_norm: 98.0000  [38;2;54;234;195mmemory: 73.93GiB(93.34%)  [34mtps: 1,795  [36mtflops: 97.99  [35mmfu: 9.91%[39m
[rank1]:[titan] 2026-09-30 09:42:27,131 - torchtitan.observability.metrics - INFO - [31mstep:  2  [32mloss: -1.00000  [38;2;180;60;0mgrad_norm: 98.0000  [38;2;54;234;195mmemory: 66.60GiB(84.09%)  [34mtps: 1,792  [36mtflops: 97.84  [35mmfu: 9.89%[39m
[rank0]:[titan] 2026-09-30 09:42:27,132 - torchtitan.observability.metrics - INFO - [31mstep:  2  [32mloss: -1.00000  [38;2;180;60;0mgrad_norm: 98.0000  [38;2;54;234;195mmemory: 66.13GiB(83.49%)  [34mtps: 2,055  [36mtflops: 112.20  [35mmfu: 11.35%[39m
[rank3]:[titan] 2026-09-30 09:42:27,125 - torchtitan.observability.metrics - INFO - [31mstep:  2  [32mloss:  6.95128  [38;2;180;60;0mgrad_norm: 98.0000  [38;2;54;234;195mmemory: 55.91GiB(70.59%)  [34mtps: 1,758  [36mtflops: 95.98  [35mmfu: 9.70%[39m
[rank0]:[titan] 2026-09-30 09:42:29,073 - torchtitan.observability.metrics - INFO - [31mstep:  3  [32mloss: -1.00000  [38;2;180;60;0mgrad_norm: 128.0000  [38;2;54;234;195mmemory: 66.13GiB(83.49%)  [34mtps: 2,111  [36mtflops: 115.23  [35mmfu: 11.65%[39m
[rank3]:[titan] 2026-09-30 09:42:29,066 - torchtitan.observability.metrics - INFO - [31mstep:  3  [32mloss:  6.61931  [38;2;180;60;0mgrad_norm: 128.0000  [38;2;54;234;195mmemory: 55.91GiB(70.59%)  [34mtps: 2,111  [36mtflops: 115.24  [35mmfu: 11.65%[39m
[rank2]:[titan] 2026-09-30 09:42:29,073 - torchtitan.observability.metrics - INFO - [31mstep:  3  [32mloss: -1.00000  [38;2;180;60;0mgrad_norm: 128.0000  [38;2;54;234;195mmemory: 73.93GiB(93.34%)  [34mtps: 2,111  [36mtflops: 115.25  [35mmfu: 11.65%[39m
[rank1]:[titan] 2026-09-30 09:42:29,071 - torchtitan.observability.metrics - INFO - [31mstep:  3  [32mloss: -1.00000  [38;2;180;60;0mgrad_norm: 128.0000  [38;2;54;234;195mmemory: 66.60GiB(84.09%)  [34mtps: 2,111  [36mtflops: 115.24  [35mmfu: 11.65%[39m
[rank0]:[titan] 2026-09-30 09:42:31,002 - torchtitan.observability.metrics - INFO - [31mstep:  4  [32mloss: -1.00000  [38;2;180;60;0mgrad_norm: 84.5000  [38;2;54;234;195mmemory: 66.13GiB(83.49%)  [34mtps: 2,123  [36mtflops: 115.91  [35mmfu: 11.72%[39m
[rank3]:[titan] 2026-09-30 09:42:30,996 - torchtitan.observability.metrics - INFO - [31mstep:  4  [32mloss:  6.67125  [38;2;180;60;0mgrad_norm: 84.5000  [38;2;54;234;195mmemory: 55.91GiB(70.59%)  [34mtps: 2,123  [36mtflops: 115.91  [35mmfu: 11.72%[39m
[rank1]:[titan] 2026-09-30 09:42:31,001 - torchtitan.observability.metrics - INFO - [31mstep:  4  [32mloss: -1.00000  [38;2;180;60;0mgrad_norm: 84.5000  [38;2;54;234;195mmemory: 66.60GiB(84.09%)  [34mtps: 2,123  [36mtflops: 115.91  [35mmfu: 11.72%[39m
[rank2]:[titan] 2026-09-30 09:42:31,003 - torchtitan.observability.metrics - INFO - [31mstep:  4  [32mloss: -1.00000  [38;2;180;60;0mgrad_norm: 84.5000  [38;2;54;234;195mmemory: 73.93GiB(93.34%)  [34mtps: 2,123  [36mtflops: 115.89  [35mmfu: 11.72%[39m
[rank2]:[titan] 2026-09-30 09:42:32,938 - torchtitan.observability.metrics - INFO - [31mstep:  5  [32mloss: -1.00000  [38;2;180;60;0mgrad_norm: 290.0000  [38;2;54;234;195mmemory: 73.93GiB(93.34%)  [34mtps: 2,118  [36mtflops: 115.61  [35mmfu: 11.69%[39m
[rank1]:[titan] 2026-09-30 09:42:32,936 - torchtitan.observability.metrics - INFO - [31mstep:  5  [32mloss: -1.00000  [38;2;180;60;0mgrad_norm: 290.0000  [38;2;54;234;195mmemory: 66.60GiB(84.09%)  [34mtps: 2,117  [36mtflops: 115.58  [35mmfu: 11.69%[39m
[rank0]:[titan] 2026-09-30 09:42:32,937 - torchtitan.observability.metrics - INFO - [31mstep:  5  [32mloss: -1.00000  [38;2;180;60;0mgrad_norm: 290.0000  [38;2;54;234;195mmemory: 66.13GiB(83.49%)  [34mtps: 2,117  [36mtflops: 115.57  [35mmfu: 11.69%[39m
[rank3]:[titan] 2026-09-30 09:42:32,931 - torchtitan.observability.metrics - INFO - [31mstep:  5  [32mloss:  8.77117  [38;2;180;60;0mgrad_norm: 290.0000  [38;2;54;234;195mmemory: 55.91GiB(70.59%)  [34mtps: 2,117  [36mtflops: 115.58  [35mmfu: 11.69%[39m
[rank1]:Autotune Choices Stats:
[rank1]:{"num_choices": 7, "num_triton_choices": 7, "best_kernel": "triton_flex_attention_6", "best_kernel_desc": "BLOCKS_ARE_CONTIGUOUS=False, BLOCK_M=128, BLOCK_N=64, FLOAT32_PRECISION=\"'ieee'\", GQA_SHARED_HEADS=1, HAS_FULL_BLOCKS=True, IS_DIVISIBLE=False, OUTPUT_LOGSUMEXP=False, OUTPUT_MAX=False, PRESCALE_QK=False, QK_HEAD_DIM=128, QK_HEAD_DIM_ROUNDED=128, ROWS_GUARANTEED_SAFE=False, SAFE_HEAD_DIM=True, SM_SCALE=0.08838834764831843, SPARSE_KV_BLOCK_SIZE=128, SPARSE_Q_BLOCK_SIZE=128, USE_TMA=False, V_HEAD_DIM=128, V_HEAD_DIM_ROUNDED=128, WRITE_DQ=True, num_stages=3, num_warps=8", "best_time": 0.9710080027580261, "best_triton_pos": 0}
[rank1]:AUTOTUNE flex_attention(1x12x5184x128, 1x12x5184x128, 1x12x5184x128, 1x12x5184, 1x12x5184, 1x1x41, 1x1x41x41, 1x1x41, 1x1x41x41, 5184)
[rank1]:strides: [1536, 128, 1536, 1], [1536, 128, 1536, 1], [1536, 128, 1536, 1], [12*s37, s37, 1], [12*s37, s37, 1], [s99, s99, 1], [s22*s72, s22*s72, s72, 1], [s94, s94, 1], [s28*s4, s28*s4, s4, 1], [1]
[rank1]:dtypes: torch.bfloat16, torch.bfloat16, torch.bfloat16, torch.float32, torch.float32, torch.int32, torch.int32, torch.int32, torch.int32, torch.int32
[rank1]:  triton_flex_attention_6 0.9710 ms 100.0% BLOCKS_ARE_CONTIGUOUS=False, BLOCK_M=128, BLOCK_N=64, FLOAT32_PRECISION="'ieee'", GQA_SHARED_HEADS=1, HAS_FULL_BLOCKS=True, IS_DIVISIBLE=False, OUTPUT_LOGSUMEXP=False, OUTPUT_MAX=False, PRESCALE_QK=False, QK_HEAD_DIM=128, QK_HEAD_DIM_ROUNDED=128, ROWS_GUARANTEED_SAFE=False, SAFE_HEAD_DIM=True, SM_SCALE=0.08838834764831843, SPARSE_KV_BLOCK_SIZE=128, SPARSE_Q_BLOCK_SIZE=128, USE_TMA=False, V_HEAD_DIM=128, V_HEAD_DIM_ROUNDED=128, WRITE_DQ=True, num_stages=3, num_warps=8
[rank1]:  triton_flex_attention_2 1.0488 ms 92.6% BLOCKS_ARE_CONTIGUOUS=False, BLOCK_M=128, BLOCK_N=128, FLOAT32_PRECISION="'ieee'", GQA_SHARED_HEADS=1, HAS_FULL_BLOCKS=True, IS_DIVISIBLE=False, OUTPUT_LOGSUMEXP=False, OUTPUT_MAX=False, PRESCALE_QK=False, QK_HEAD_DIM=128, QK_HEAD_DIM_ROUNDED=128, ROWS_GUARANTEED_SAFE=False, SAFE_HEAD_DIM=True, SM_SCALE=0.08838834764831843, SPARSE_KV_BLOCK_SIZE=128, SPARSE_Q_BLOCK_SIZE=128, USE_TMA=False, V_HEAD_DIM=128, V_HEAD_DIM_ROUNDED=128, WRITE_DQ=True, num_stages=2, num_warps=8
[rank1]:  triton_flex_attention_4 1.2897 ms 75.3% BLOCKS_ARE_CONTIGUOUS=False, BLOCK_M=64, BLOCK_N=128, FLOAT32_PRECISION="'ieee'", GQA_SHARED_HEADS=1, HAS_FULL_BLOCKS=True, IS_DIVISIBLE=False, OUTPUT_LOGSUMEXP=False, OUTPUT_MAX=False, PRESCALE_QK=False, QK_HEAD_DIM=128, QK_HEAD_DIM_ROUNDED=128, ROWS_GUARANTEED_SAFE=False, SAFE_HEAD_DIM=True, SM_SCALE=0.08838834764831843, SPARSE_KV_BLOCK_SIZE=128, SPARSE_Q_BLOCK_SIZE=128, USE_TMA=False, V_HEAD_DIM=128, V_HEAD_DIM_ROUNDED=128, WRITE_DQ=True, num_stages=3, num_warps=4
[rank1]:  triton_flex_attention_3 1.3669 ms 71.0% BLOCKS_ARE_CONTIGUOUS=False, BLOCK_M=128, BLOCK_N=128, FLOAT32_PRECISION="'ieee'", GQA_SHARED_HEADS=1, HAS_FULL_BLOCKS=True, IS_DIVISIBLE=False, OUTPUT_LOGSUMEXP=False, OUTPUT_MAX=False, PRESCALE_QK=False, QK_HEAD_DIM=128, QK_HEAD_DIM_ROUNDED=128, ROWS_GUARANTEED_SAFE=False, SAFE_HEAD_DIM=True, SM_SCALE=0.08838834764831843, SPARSE_KV_BLOCK_SIZE=128, SPARSE_Q_BLOCK_SIZE=128, USE_TMA=False, V_HEAD_DIM=128, V_HEAD_DIM_ROUNDED=128, WRITE_DQ=True, num_stages=1, num_warps=8
[rank1]:  triton_flex_attention_5 1.3845 ms 70.1% BLOCKS_ARE_CONTIGUOUS=False, BLOCK_M=64, BLOCK_N=64, FLOAT32_PRECISION="'ieee'", GQA_SHARED_HEADS=1, HAS_FULL_BLOCKS=True, IS_DIVISIBLE=False, OUTPUT_LOGSUMEXP=False, OUTPUT_MAX=False, PRESCALE_QK=False, QK_HEAD_DIM=128, QK_HEAD_DIM_ROUNDED=128, ROWS_GUARANTEED_SAFE=False, SAFE_HEAD_DIM=True, SM_SCALE=0.08838834764831843, SPARSE_KV_BLOCK_SIZE=128, SPARSE_Q_BLOCK_SIZE=128, USE_TMA=False, V_HEAD_DIM=128, V_HEAD_DIM_ROUNDED=128, WRITE_DQ=True, num_stages=3, num_warps=4
[rank1]:  triton_flex_attention_0 2.0885 ms 46.5% BLOCKS_ARE_CONTIGUOUS=False, BLOCK_M=128, BLOCK_N=64, FLOAT32_PRECISION="'ieee'", GQA_SHARED_HEADS=1, HAS_FULL_BLOCKS=True, IS_DIVISIBLE=False, OUTPUT_LOGSUMEXP=False, OUTPUT_MAX=False, PRESCALE_QK=False, QK_HEAD_DIM=128, QK_HEAD_DIM_ROUNDED=128, ROWS_GUARANTEED_SAFE=False, SAFE_HEAD_DIM=True, SM_SCALE=0.08838834764831843, SPARSE_KV_BLOCK_SIZE=128, SPARSE_Q_BLOCK_SIZE=128, USE_TMA=False, V_HEAD_DIM=128, V_HEAD_DIM_ROUNDED=128, WRITE_DQ=True, num_stages=3, num_warps=4
[rank1]:  triton_flex_attention_1 2.6110 ms 37.2% BLOCKS_ARE_CONTIGUOUS=False, BLOCK_M=128, BLOCK_N=128, FLOAT32_PRECISION="'ieee'", GQA_SHARED_HEADS=1, HAS_FULL_BLOCKS=True, IS_DIVISIBLE=False, OUTPUT_LOGSUMEXP=False, OUTPUT_MAX=False, PRESCALE_QK=False, QK_HEAD_DIM=128, QK_HEAD_DIM_ROUNDED=128, ROWS_GUARANTEED_SAFE=False, SAFE_HEAD_DIM=True, SM_SCALE=0.08838834764831843, SPARSE_KV_BLOCK_SIZE=128, SPARSE_Q_BLOCK_SIZE=128, USE_TMA=False, V_HEAD_DIM=128, V_HEAD_DIM_ROUNDED=128, WRITE_DQ=True, num_stages=3, num_warps=4
[rank1]:SingleProcess AUTOTUNE benchmarking takes 0.3520 seconds and 2.2045 seconds precompiling for 7 choices
[rank1]:/root/mep/venv_src/lib/python3.12/site-packages/torch/distributed/fsdp/_fully_shard/_fsdp_state.py:336: UserWarning: FSDP2-wrapped module (FSDPCheckpointWrapper) returned a view tensor. An in-place op on this view (e.g., `x += y`) will silently drop the pre-backward hook and skip the all-gather, which can cause backward to fail or produce wrong gradients. Use out-of-place ops (`out = out + y`, not `out += y`) or `.clone()` the output before any in-place op.
[rank1]:  output = self._register_pre_backward_hook(output)
[rank1]:/root/mep/venv_src/lib/python3.12/site-packages/torch/distributed/fsdp/_fully_shard/_fsdp_state.py:336: UserWarning: FSDP2-wrapped module (FSDPKimiK3Model) returned a view tensor. An in-place op on this view (e.g., `x += y`) will silently drop the pre-backward hook and skip the all-gather, which can cause backward to fail or produce wrong gradients. Use out-of-place ops (`out = out + y`, not `out += y`) or `.clone()` the output before any in-place op.
[rank1]:  output = self._register_pre_backward_hook(output)
[rank1]:Autotune Choices Stats:
[rank1]:{"num_choices": 7, "num_triton_choices": 7, "best_kernel": "triton_flex_attention_13", "best_kernel_desc": "BLOCKS_ARE_CONTIGUOUS=False, BLOCK_M=128, BLOCK_N=64, FLOAT32_PRECISION=\"'ieee'\", GQA_SHARED_HEADS=1, HAS_FULL_BLOCKS=True, IS_DIVISIBLE=False, OUTPUT_LOGSUMEXP=True, OUTPUT_MAX=False, PRESCALE_QK=False, QK_HEAD_DIM=128, QK_HEAD_DIM_ROUNDED=128, ROWS_GUARANTEED_SAFE=False, SAFE_HEAD_DIM=True, SM_SCALE=0.08838834764831843, SPARSE_KV_BLOCK_SIZE=128, SPARSE_Q_BLOCK_SIZE=128, USE_TMA=False, V_HEAD_DIM=128, V_HEAD_DIM_ROUNDED=128, WRITE_DQ=True, num_stages=3, num_warps=8", "best_time": 0.9705280065536499, "best_triton_pos": 0}
[rank1]:AUTOTUNE flex_attention(1x12x5184x128, 1x12x5184x128, 1x12x5184x128, 1x12x5184, 1x12x5184, 1x1x41, 1x1x41x41, 1x1x41, 1x1x41x41, 5184)
[rank1]:strides: [1536, 128, 1536, 1], [1536, 128, 1536, 1], [1536, 128, 1536, 1], [12*s37, s37, 1], [12*s37, s37, 1], [s99, s99, 1], [s22*s72, s22*s72, s72, 1], [s94, s94, 1], [s28*s4, s28*s4, s4, 1], [1]
[rank1]:dtypes: torch.bfloat16, torch.bfloat16, torch.bfloat16, torch.float32, torch.float32, torch.int32, torch.int32, torch.int32, torch.int32, torch.int32
[rank1]:  triton_flex_attention_13 0.9705 ms 100.0% BLOCKS_ARE_CONTIGUOUS=False, BLOCK_M=128, BLOCK_N=64, FLOAT32_PRECISION="'ieee'", GQA_SHARED_HEADS=1, HAS_FULL_BLOCKS=True, IS_DIVISIBLE=False, OUTPUT_LOGSUMEXP=True, OUTPUT_MAX=False, PRESCALE_QK=False, QK_HEAD_DIM=128, QK_HEAD_DIM_ROUNDED=128, ROWS_GUARANTEED_SAFE=False, SAFE_HEAD_DIM=True, SM_SCALE=0.08838834764831843, SPARSE_KV_BLOCK_SIZE=128, SPARSE_Q_BLOCK_SIZE=128, USE_TMA=False, V_HEAD_DIM=128, V_HEAD_DIM_ROUNDED=128, WRITE_DQ=True, num_stages=3, num_warps=8
[rank1]:  triton_flex_attention_9 1.0564 ms 91.9% BLOCKS_ARE_CONTIGUOUS=False, BLOCK_M=128, BLOCK_N=128, FLOAT32_PRECISION="'ieee'", GQA_SHARED_HEADS=1, HAS_FULL_BLOCKS=True, IS_DIVISIBLE=False, OUTPUT_LOGSUMEXP=True, OUTPUT_MAX=False, PRESCALE_QK=False, QK_HEAD_DIM=128, QK_HEAD_DIM_ROUNDED=128, ROWS_GUARANTEED_SAFE=False, SAFE_HEAD_DIM=True, SM_SCALE=0.08838834764831843, SPARSE_KV_BLOCK_SIZE=128, SPARSE_Q_BLOCK_SIZE=128, USE_TMA=False, V_HEAD_DIM=128, V_HEAD_DIM_ROUNDED=128, WRITE_DQ=True, num_stages=2, num_warps=8
[rank1]:  triton_flex_attention_11 1.2990 ms 74.7% BLOCKS_ARE_CONTIGUOUS=False, BLOCK_M=64, BLOCK_N=128, FLOAT32_PRECISION="'ieee'", GQA_SHARED_HEADS=1, HAS_FULL_BLOCKS=True, IS_DIVISIBLE=False, OUTPUT_LOGSUMEXP=True, OUTPUT_MAX=False, PRESCALE_QK=False, QK_HEAD_DIM=128, QK_HEAD_DIM_ROUNDED=128, ROWS_GUARANTEED_SAFE=False, SAFE_HEAD_DIM=True, SM_SCALE=0.08838834764831843, SPARSE_KV_BLOCK_SIZE=128, SPARSE_Q_BLOCK_SIZE=128, USE_TMA=False, V_HEAD_DIM=128, V_HEAD_DIM_ROUNDED=128, WRITE_DQ=True, num_stages=3, num_warps=4
[rank1]:  triton_flex_attention_10 1.3717 ms 70.8% BLOCKS_ARE_CONTIGUOUS=False, BLOCK_M=128, BLOCK_N=128, FLOAT32_PRECISION="'ieee'", GQA_SHARED_HEADS=1, HAS_FULL_BLOCKS=True, IS_DIVISIBLE=False, OUTPUT_LOGSUMEXP=True, OUTPUT_MAX=False, PRESCALE_QK=False, QK_HEAD_DIM=128, QK_HEAD_DIM_ROUNDED=128, ROWS_GUARANTEED_SAFE=False, SAFE_HEAD_DIM=True, SM_SCALE=0.08838834764831843, SPARSE_KV_BLOCK_SIZE=128, SPARSE_Q_BLOCK_SIZE=128, USE_TMA=False, V_HEAD_DIM=128, V_HEAD_DIM_ROUNDED=128, WRITE_DQ=True, num_stages=1, num_warps=8
[rank1]:  triton_flex_attention_12 1.4106 ms 68.8% BLOCKS_ARE_CONTIGUOUS=False, BLOCK_M=64, BLOCK_N=64, FLOAT32_PRECISION="'ieee'", GQA_SHARED_HEADS=1, HAS_FULL_BLOCKS=True, IS_DIVISIBLE=False, OUTPUT_LOGSUMEXP=True, OUTPUT_MAX=False, PRESCALE_QK=False, QK_HEAD_DIM=128, QK_HEAD_DIM_ROUNDED=128, ROWS_GUARANTEED_SAFE=False, SAFE_HEAD_DIM=True, SM_SCALE=0.08838834764831843, SPARSE_KV_BLOCK_SIZE=128, SPARSE_Q_BLOCK_SIZE=128, USE_TMA=False, V_HEAD_DIM=128, V_HEAD_DIM_ROUNDED=128, WRITE_DQ=True, num_stages=3, num_warps=4
[rank1]:  triton_flex_attention_7 2.0686 ms 46.9% BLOCKS_ARE_CONTIGUOUS=False, BLOCK_M=128, BLOCK_N=64, FLOAT32_PRECISION="'ieee'", GQA_SHARED_HEADS=1, HAS_FULL_BLOCKS=True, IS_DIVISIBLE=False, OUTPUT_LOGSUMEXP=True, OUTPUT_MAX=False, PRESCALE_QK=False, QK_HEAD_DIM=128, QK_HEAD_DIM_ROUNDED=128, ROWS_GUARANTEED_SAFE=False, SAFE_HEAD_DIM=True, SM_SCALE=0.08838834764831843, SPARSE_KV_BLOCK_SIZE=128, SPARSE_Q_BLOCK_SIZE=128, USE_TMA=False, V_HEAD_DIM=128, V_HEAD_DIM_ROUNDED=128, WRITE_DQ=True, num_stages=3, num_warps=4
[rank1]:  triton_flex_attention_8 2.5726 ms 37.7% BLOCKS_ARE_CONTIGUOUS=False, BLOCK_M=128, BLOCK_N=128, FLOAT32_PRECISION="'ieee'", GQA_SHARED_HEADS=1, HAS_FULL_BLOCKS=True, IS_DIVISIBLE=False, OUTPUT_LOGSUMEXP=True, OUTPUT_MAX=False, PRESCALE_QK=False, QK_HEAD_DIM=128, QK_HEAD_DIM_ROUNDED=128, ROWS_GUARANTEED_SAFE=False, SAFE_HEAD_DIM=True, SM_SCALE=0.08838834764831843, SPARSE_KV_BLOCK_SIZE=128, SPARSE_Q_BLOCK_SIZE=128, USE_TMA=False, V_HEAD_DIM=128, V_HEAD_DIM_ROUNDED=128, WRITE_DQ=True, num_stages=3, num_warps=4
[rank1]:SingleProcess AUTOTUNE benchmarking takes 0.3489 seconds and 0.0936 seconds precompiling for 7 choices
[rank1]:Autotune Choices Stats:
[rank1]:{"num_choices": 13, "num_triton_choices": 13, "best_kernel": "triton_flex_attention_backward_26", "best_kernel_desc": "BLOCKS_ARE_CONTIGUOUS=False, BLOCK_M1=64, BLOCK_M2=128, BLOCK_N1=128, BLOCK_N2=64, FLOAT32_PRECISION=\"'ieee'\", GQA_SHARED_HEADS=1, HAS_FULL_BLOCKS=True, IS_DIVISIBLE=False, OUTPUT_LOGSUMEXP=True, OUTPUT_MAX=False, PRESCALE_QK=False, QK_HEAD_DIM=128, QK_HEAD_DIM_ROUNDED=128, ROWS_GUARANTEED_SAFE=False, SAFE_HEAD_DIM=True, SM_SCALE=0.08838834764831843, SPARSE_KV_BLOCK_SIZE=128, SPARSE_Q_BLOCK_SIZE=128, USE_TMA=False, V_HEAD_DIM=128, V_HEAD_DIM_ROUNDED=128, WRITE_DQ=True, num_stages=3, num_warps=8", "best_time": 2.505728006362915, "best_triton_pos": 0}
[rank1]:AUTOTUNE flex_attention_backward(1x12x5184x128, 1x12x5184x128, 1x12x5184x128, 1x12x5184, 1x12x5184, 1x12x5184x128, 1x12x5184x128, 1x12x5184x128, 1x1x41, 1x1x41x41, 1x1x41, 1x1x41x41, 1x1x41, 1x1x41x41, 1x1x41, 1x1x41x41, 5184)
[rank1]:strides: [1536, 128, 1536, 1], [1536, 128, 1536, 1], [1536, 128, 1536, 1], [12*Max(1, s37), Max(1, s37), 1], [12*s37, s37, 1], [1536*Max(1, s37), 128*Max(1, s37), 128, 1], [1536*s37, 128, 1536, 1], [1536*s0, 128, 1536, 1], [s99, s99, 1], [s22*s72, s22*s72, s72, 1], [s56, s56, 1], [s53*s84, s53*s84, s53, 1], [s94, s94, 1], [s28*s4, s28*s4, s4, 1], [s100, s100, 1], [s11*s5, s11*s5, s11, 1], [1]
[rank1]:dtypes: torch.bfloat16, torch.bfloat16, torch.bfloat16, torch.float32, torch.float32, torch.bfloat16, torch.bfloat16, torch.bfloat16, torch.int32, torch.int32, torch.int32, torch.int32, torch.int32, torch.int32, torch.int32, torch.int32, torch.int32
[rank1]:  triton_flex_attention_backward_26 2.5057 ms 100.0% BLOCKS_ARE_CONTIGUOUS=False, BLOCK_M1=64, BLOCK_M2=128, BLOCK_N1=128, BLOCK_N2=64, FLOAT32_PRECISION="'ieee'", GQA_SHARED_HEADS=1, HAS_FULL_BLOCKS=True, IS_DIVISIBLE=False, OUTPUT_LOGSUMEXP=True, OUTPUT_MAX=False, PRESCALE_QK=False, QK_HEAD_DIM=128, QK_HEAD_DIM_ROUNDED=128, ROWS_GUARANTEED_SAFE=False, SAFE_HEAD_DIM=True, SM_SCALE=0.08838834764831843, SPARSE_KV_BLOCK_SIZE=128, SPARSE_Q_BLOCK_SIZE=128, USE_TMA=False, V_HEAD_DIM=128, V_HEAD_DIM_ROUNDED=128, WRITE_DQ=True, num_stages=3, num_warps=8
[rank1]:  triton_flex_attention_backward_19 2.8096 ms 89.2% BLOCKS_ARE_CONTIGUOUS=False, BLOCK_M1=32, BLOCK_M2=64, BLOCK_N1=64, BLOCK_N2=32, FLOAT32_PRECISION="'ieee'", GQA_SHARED_HEADS=1, HAS_FULL_BLOCKS=True, IS_DIVISIBLE=False, OUTPUT_LOGSUMEXP=True, OUTPUT_MAX=False, PRESCALE_QK=False, QK_HEAD_DIM=128, QK_HEAD_DIM_ROUNDED=128, ROWS_GUARANTEED_SAFE=False, SAFE_HEAD_DIM=True, SM_SCALE=0.08838834764831843, SPARSE_KV_BLOCK_SIZE=128, SPARSE_Q_BLOCK_SIZE=128, USE_TMA=False, V_HEAD_DIM=128, V_HEAD_DIM_ROUNDED=128, WRITE_DQ=True, num_stages=3, num_warps=4
[rank1]:  triton_flex_attention_backward_20 2.8286 ms 88.6% BLOCKS_ARE_CONTIGUOUS=False, BLOCK_M1=32, BLOCK_M2=64, BLOCK_N1=64, BLOCK_N2=32, FLOAT32_PRECISION="'ieee'", GQA_SHARED_HEADS=1, HAS_FULL_BLOCKS=True, IS_DIVISIBLE=False, OUTPUT_LOGSUMEXP=True, OUTPUT_MAX=False, PRESCALE_QK=False, QK_HEAD_DIM=128, QK_HEAD_DIM_ROUNDED=128, ROWS_GUARANTEED_SAFE=False, SAFE_HEAD_DIM=True, SM_SCALE=0.08838834764831843, SPARSE_KV_BLOCK_SIZE=128, SPARSE_Q_BLOCK_SIZE=128, USE_TMA=False, V_HEAD_DIM=128, V_HEAD_DIM_ROUNDED=128, WRITE_DQ=True, num_stages=4, num_warps=4
[rank1]:  triton_flex_attention_backward_23 3.9524 ms 63.4% BLOCKS_ARE_CONTIGUOUS=False, BLOCK_M1=64, BLOCK_M2=64, BLOCK_N1=64, BLOCK_N2=64, FLOAT32_PRECISION="'ieee'", GQA_SHARED_HEADS=1, HAS_FULL_BLOCKS=True, IS_DIVISIBLE=False, OUTPUT_LOGSUMEXP=True, OUTPUT_MAX=False, PRESCALE_QK=False, QK_HEAD_DIM=128, QK_HEAD_DIM_ROUNDED=128, ROWS_GUARANTEED_SAFE=False, SAFE_HEAD_DIM=True, SM_SCALE=0.08838834764831843, SPARSE_KV_BLOCK_SIZE=128, SPARSE_Q_BLOCK_SIZE=128, USE_TMA=False, V_HEAD_DIM=128, V_HEAD_DIM_ROUNDED=128, WRITE_DQ=True, num_stages=3, num_warps=4
[rank1]:  triton_flex_attention_backward_22 4.0726 ms 61.5% BLOCKS_ARE_CONTIGUOUS=False, BLOCK_M1=64, BLOCK_M2=64, BLOCK_N1=64, BLOCK_N2=64, FLOAT32_PRECISION="'ieee'", GQA_SHARED_HEADS=1, HAS_FULL_BLOCKS=True, IS_DIVISIBLE=False, OUTPUT_LOGSUMEXP=True, OUTPUT_MAX=False, PRESCALE_QK=False, QK_HEAD_DIM=128, QK_HEAD_DIM_ROUNDED=128, ROWS_GUARANTEED_SAFE=False, SAFE_HEAD_DIM=True, SM_SCALE=0.08838834764831843, SPARSE_KV_BLOCK_SIZE=128, SPARSE_Q_BLOCK_SIZE=128, USE_TMA=False, V_HEAD_DIM=128, V_HEAD_DIM_ROUNDED=128, WRITE_DQ=True, num_stages=1, num_warps=4
[rank1]:  triton_flex_attention_backward_21 4.0934 ms 61.2% BLOCKS_ARE_CONTIGUOUS=False, BLOCK_M1=32, BLOCK_M2=64, BLOCK_N1=64, BLOCK_N2=32, FLOAT32_PRECISION="'ieee'", GQA_SHARED_HEADS=1, HAS_FULL_BLOCKS=True, IS_DIVISIBLE=False, OUTPUT_LOGSUMEXP=True, OUTPUT_MAX=False, PRESCALE_QK=False, QK_HEAD_DIM=128, QK_HEAD_DIM_ROUNDED=128, ROWS_GUARANTEED_SAFE=False, SAFE_HEAD_DIM=True, SM_SCALE=0.08838834764831843, SPARSE_KV_BLOCK_SIZE=128, SPARSE_Q_BLOCK_SIZE=128, USE_TMA=False, V_HEAD_DIM=128, V_HEAD_DIM_ROUNDED=128, WRITE_DQ=True, num_stages=5, num_warps=4
[rank1]:  triton_flex_attention_backward_18 4.2797 ms 58.5% BLOCKS_ARE_CONTIGUOUS=False, BLOCK_M1=32, BLOCK_M2=64, BLOCK_N1=64, BLOCK_N2=32, FLOAT32_PRECISION="'ieee'", GQA_SHARED_HEADS=1, HAS_FULL_BLOCKS=True, IS_DIVISIBLE=False, OUTPUT_LOGSUMEXP=True, OUTPUT_MAX=False, PRESCALE_QK=False, QK_HEAD_DIM=128, QK_HEAD_DIM_ROUNDED=128, ROWS_GUARANTEED_SAFE=False, SAFE_HEAD_DIM=True, SM_SCALE=0.08838834764831843, SPARSE_KV_BLOCK_SIZE=128, SPARSE_Q_BLOCK_SIZE=128, USE_TMA=False, V_HEAD_DIM=128, V_HEAD_DIM_ROUNDED=128, WRITE_DQ=True, num_stages=1, num_warps=4
[rank1]:  triton_flex_attention_backward_24 4.2836 ms 58.5% BLOCKS_ARE_CONTIGUOUS=False, BLOCK_M1=64, BLOCK_M2=64, BLOCK_N1=64, BLOCK_N2=64, FLOAT32_PRECISION="'ieee'", GQA_SHARED_HEADS=1, HAS_FULL_BLOCKS=True, IS_DIVISIBLE=False, OUTPUT_LOGSUMEXP=True, OUTPUT_MAX=False, PRESCALE_QK=False, QK_HEAD_DIM=128, QK_HEAD_DIM_ROUNDED=128, ROWS_GUARANTEED_SAFE=False, SAFE_HEAD_DIM=True, SM_SCALE=0.08838834764831843, SPARSE_KV_BLOCK_SIZE=128, SPARSE_Q_BLOCK_SIZE=128, USE_TMA=False, V_HEAD_DIM=128, V_HEAD_DIM_ROUNDED=128, WRITE_DQ=True, num_stages=4, num_warps=4
[rank1]:  triton_flex_attention_backward_25 5.4982 ms 45.6% BLOCKS_ARE_CONTIGUOUS=False, BLOCK_M1=64, BLOCK_M2=64, BLOCK_N1=64, BLOCK_N2=64, FLOAT32_PRECISION="'ieee'", GQA_SHARED_HEADS=1, HAS_FULL_BLOCKS=True, IS_DIVISIBLE=False, OUTPUT_LOGSUMEXP=True, OUTPUT_MAX=False, PRESCALE_QK=False, QK_HEAD_DIM=128, QK_HEAD_DIM_ROUNDED=128, ROWS_GUARANTEED_SAFE=False, SAFE_HEAD_DIM=True, SM_SCALE=0.08838834764831843, SPARSE_KV_BLOCK_SIZE=128, SPARSE_Q_BLOCK_SIZE=128, USE_TMA=False, V_HEAD_DIM=128, V_HEAD_DIM_ROUNDED=128, WRITE_DQ=True, num_stages=5, num_warps=4
[rank1]:  triton_flex_attention_backward_15 8.0828 ms 31.0% BLOCKS_ARE_CONTIGUOUS=False, BLOCK_M1=32, BLOCK_M2=32, BLOCK_N1=32, BLOCK_N2=32, FLOAT32_PRECISION="'ieee'", GQA_SHARED_HEADS=1, HAS_FULL_BLOCKS=True, IS_DIVISIBLE=False, OUTPUT_LOGSUMEXP=True, OUTPUT_MAX=False, PRESCALE_QK=False, QK_HEAD_DIM=128, QK_HEAD_DIM_ROUNDED=128, ROWS_GUARANTEED_SAFE=False, SAFE_HEAD_DIM=True, SM_SCALE=0.08838834764831843, SPARSE_KV_BLOCK_SIZE=128, SPARSE_Q_BLOCK_SIZE=128, USE_TMA=False, V_HEAD_DIM=128, V_HEAD_DIM_ROUNDED=128, WRITE_DQ=True, num_stages=3, num_warps=4
[rank1]:SingleProcess AUTOTUNE benchmarking takes 0.9752 seconds and 0.0873 seconds precompiling for 13 choices
[rank0]:[titan] 2026-09-30 09:42:46,415 - torchtitan.observability.metrics - INFO - [31mstep:  6  [32mloss: -1.00000  [38;2;180;60;0mgrad_norm: 84.5000  [38;2;54;234;195mmemory: 66.13GiB(83.49%)  [34mtps: 304  [36mtflops: 16.59  [35mmfu: 1.68%[39m
[rank3]:[titan] 2026-09-30 09:42:46,408 - torchtitan.observability.metrics - INFO - [31mstep:  6  [32mloss:  7.64450  [38;2;180;60;0mgrad_norm: 84.5000  [38;2;54;234;195mmemory: 55.91GiB(70.59%)  [34mtps: 304  [36mtflops: 16.59  [35mmfu: 1.68%[39m
[rank1]:[titan] 2026-09-30 09:42:46,413 - torchtitan.observability.metrics - INFO - [31mstep:  6  [32mloss: -1.00000  [38;2;180;60;0mgrad_norm: 84.5000  [38;2;54;234;195mmemory: 66.60GiB(84.09%)  [34mtps: 304  [36mtflops: 16.59  [35mmfu: 1.68%[39m
[rank2]:[titan] 2026-09-30 09:42:46,415 - torchtitan.observability.metrics - INFO - [31mstep:  6  [32mloss: -1.00000  [38;2;180;60;0mgrad_norm: 84.5000  [38;2;54;234;195mmemory: 73.93GiB(93.34%)  [34mtps: 304  [36mtflops: 16.59  [35mmfu: 1.68%[39m
[rank1]:/root/mep/venv_src/lib/python3.12/site-packages/torch/distributed/fsdp/_fully_shard/_fsdp_state.py:336: UserWarning: FSDP2-wrapped module (FSDPCheckpointWrapper) returned a view tensor. An in-place op on this view (e.g., `x += y`) will silently drop the pre-backward hook and skip the all-gather, which can cause backward to fail or produce wrong gradients. Use out-of-place ops (`out = out + y`, not `out += y`) or `.clone()` the output before any in-place op.
[rank1]:  output = self._register_pre_backward_hook(output)
[rank1]:/root/mep/venv_src/lib/python3.12/site-packages/torch/distributed/fsdp/_fully_shard/_fsdp_state.py:336: UserWarning: FSDP2-wrapped module (FSDPKimiK3Model) returned a view tensor. An in-place op on this view (e.g., `x += y`) will silently drop the pre-backward hook and skip the all-gather, which can cause backward to fail or produce wrong gradients. Use out-of-place ops (`out = out + y`, not `out += y`) or `.clone()` the output before any in-place op.
[rank1]:  output = self._register_pre_backward_hook(output)
[rank0]:[titan] 2026-09-30 09:42:48,417 - torchtitan.observability.metrics - INFO - [31mstep:  7  [32mloss: -1.00000  [38;2;180;60;0mgrad_norm: 121.5000  [38;2;54;234;195mmemory: 66.13GiB(83.49%)  [34mtps: 2,046  [36mtflops: 111.72  [35mmfu: 11.30%[39m
[rank3]:[titan] 2026-09-30 09:42:48,410 - torchtitan.observability.metrics - INFO - [31mstep:  7  [32mloss:  5.90308  [38;2;180;60;0mgrad_norm: 121.5000  [38;2;54;234;195mmemory: 55.91GiB(70.59%)  [34mtps: 2,046  [36mtflops: 111.69  [35mmfu: 11.29%[39m
[rank1]:[titan] 2026-09-30 09:42:48,416 - torchtitan.observability.metrics - INFO - [31mstep:  7  [32mloss: -1.00000  [38;2;180;60;0mgrad_norm: 121.5000  [38;2;54;234;195mmemory: 66.60GiB(84.09%)  [34mtps: 2,046  [36mtflops: 111.69  [35mmfu: 11.29%[39m
[rank2]:[titan] 2026-09-30 09:42:48,418 - torchtitan.observability.metrics - INFO - [31mstep:  7  [32mloss: -1.00000  [38;2;180;60;0mgrad_norm: 121.5000  [38;2;54;234;195mmemory: 73.93GiB(93.34%)  [34mtps: 2,046  [36mtflops: 111.68  [35mmfu: 11.29%[39m
[rank3]:Autotune Choices Stats:
[rank3]:{"num_choices": 7, "num_triton_choices": 7, "best_kernel": "triton_flex_attention_5", "best_kernel_desc": "BLOCKS_ARE_CONTIGUOUS=False, BLOCK_M=64, BLOCK_N=64, FLOAT32_PRECISION=\"'ieee'\", GQA_SHARED_HEADS=1, HAS_FULL_BLOCKS=True, IS_DIVISIBLE=False, OUTPUT_LOGSUMEXP=False, OUTPUT_MAX=False, PRESCALE_QK=False, QK_HEAD_DIM=128, QK_HEAD_DIM_ROUNDED=128, ROWS_GUARANTEED_SAFE=False, SAFE_HEAD_DIM=True, SM_SCALE=0.08838834764831843, SPARSE_KV_BLOCK_SIZE=128, SPARSE_Q_BLOCK_SIZE=128, USE_TMA=False, V_HEAD_DIM=128, V_HEAD_DIM_ROUNDED=128, WRITE_DQ=True, num_stages=3, num_warps=4", "best_time": 0.8504319787025452, "best_triton_pos": 0}
[rank3]:AUTOTUNE flex_attention(1x12x5184x128, 1x12x5184x128, 1x12x5184x128, 1x12x5184, 1x12x5184, 1x1x41, 1x1x41x41, 1x1x41, 1x1x41x41, 5184)
[rank3]:strides: [1536, 128, 1536, 1], [1536, 128, 1536, 1], [1536, 128, 1536, 1], [62208, 5184, 1], [62208, 5184, 1], [s99, s99, 1], [s22*s72, s22*s72, s72, 1], [s94, s94, 1], [s28*s4, s28*s4, s4, 1], [1]
[rank3]:dtypes: torch.bfloat16, torch.bfloat16, torch.bfloat16, torch.float32, torch.float32, torch.int32, torch.int32, torch.int32, torch.int32, torch.int32
[rank3]:  triton_flex_attention_5 0.8504 ms 100.0% BLOCKS_ARE_CONTIGUOUS=False, BLOCK_M=64, BLOCK_N=64, FLOAT32_PRECISION="'ieee'", GQA_SHARED_HEADS=1, HAS_FULL_BLOCKS=True, IS_DIVISIBLE=False, OUTPUT_LOGSUMEXP=False, OUTPUT_MAX=False, PRESCALE_QK=False, QK_HEAD_DIM=128, QK_HEAD_DIM_ROUNDED=128, ROWS_GUARANTEED_SAFE=False, SAFE_HEAD_DIM=True, SM_SCALE=0.08838834764831843, SPARSE_KV_BLOCK_SIZE=128, SPARSE_Q_BLOCK_SIZE=128, USE_TMA=False, V_HEAD_DIM=128, V_HEAD_DIM_ROUNDED=128, WRITE_DQ=True, num_stages=3, num_warps=4
[rank3]:  triton_flex_attention_6 0.8998 ms 94.5% BLOCKS_ARE_CONTIGUOUS=False, BLOCK_M=128, BLOCK_N=64, FLOAT32_PRECISION="'ieee'", GQA_SHARED_HEADS=1, HAS_FULL_BLOCKS=True, IS_DIVISIBLE=False, OUTPUT_LOGSUMEXP=False, OUTPUT_MAX=False, PRESCALE_QK=False, QK_HEAD_DIM=128, QK_HEAD_DIM_ROUNDED=128, ROWS_GUARANTEED_SAFE=False, SAFE_HEAD_DIM=True, SM_SCALE=0.08838834764831843, SPARSE_KV_BLOCK_SIZE=128, SPARSE_Q_BLOCK_SIZE=128, USE_TMA=False, V_HEAD_DIM=128, V_HEAD_DIM_ROUNDED=128, WRITE_DQ=True, num_stages=3, num_warps=8
[rank3]:  triton_flex_attention_2 0.9561 ms 88.9% BLOCKS_ARE_CONTIGUOUS=False, BLOCK_M=128, BLOCK_N=128, FLOAT32_PRECISION="'ieee'", GQA_SHARED_HEADS=1, HAS_FULL_BLOCKS=True, IS_DIVISIBLE=False, OUTPUT_LOGSUMEXP=False, OUTPUT_MAX=False, PRESCALE_QK=False, QK_HEAD_DIM=128, QK_HEAD_DIM_ROUNDED=128, ROWS_GUARANTEED_SAFE=False, SAFE_HEAD_DIM=True, SM_SCALE=0.08838834764831843, SPARSE_KV_BLOCK_SIZE=128, SPARSE_Q_BLOCK_SIZE=128, USE_TMA=False, V_HEAD_DIM=128, V_HEAD_DIM_ROUNDED=128, WRITE_DQ=True, num_stages=2, num_warps=8
[rank3]:  triton_flex_attention_4 1.0203 ms 83.4% BLOCKS_ARE_CONTIGUOUS=False, BLOCK_M=64, BLOCK_N=128, FLOAT32_PRECISION="'ieee'", GQA_SHARED_HEADS=1, HAS_FULL_BLOCKS=True, IS_DIVISIBLE=False, OUTPUT_LOGSUMEXP=False, OUTPUT_MAX=False, PRESCALE_QK=False, QK_HEAD_DIM=128, QK_HEAD_DIM_ROUNDED=128, ROWS_GUARANTEED_SAFE=False, SAFE_HEAD_DIM=True, SM_SCALE=0.08838834764831843, SPARSE_KV_BLOCK_SIZE=128, SPARSE_Q_BLOCK_SIZE=128, USE_TMA=False, V_HEAD_DIM=128, V_HEAD_DIM_ROUNDED=128, WRITE_DQ=True, num_stages=3, num_warps=4
[rank3]:  triton_flex_attention_0 1.0682 ms 79.6% BLOCKS_ARE_CONTIGUOUS=False, BLOCK_M=128, BLOCK_N=64, FLOAT32_PRECISION="'ieee'", GQA_SHARED_HEADS=1, HAS_FULL_BLOCKS=True, IS_DIVISIBLE=False, OUTPUT_LOGSUMEXP=False, OUTPUT_MAX=False, PRESCALE_QK=False, QK_HEAD_DIM=128, QK_HEAD_DIM_ROUNDED=128, ROWS_GUARANTEED_SAFE=False, SAFE_HEAD_DIM=True, SM_SCALE=0.08838834764831843, SPARSE_KV_BLOCK_SIZE=128, SPARSE_Q_BLOCK_SIZE=128, USE_TMA=False, V_HEAD_DIM=128, V_HEAD_DIM_ROUNDED=128, WRITE_DQ=True, num_stages=3, num_warps=4
[rank3]:  triton_flex_attention_3 1.1764 ms 72.3% BLOCKS_ARE_CONTIGUOUS=False, BLOCK_M=128, BLOCK_N=128, FLOAT32_PRECISION="'ieee'", GQA_SHARED_HEADS=1, HAS_FULL_BLOCKS=True, IS_DIVISIBLE=False, OUTPUT_LOGSUMEXP=False, OUTPUT_MAX=False, PRESCALE_QK=False, QK_HEAD_DIM=128, QK_HEAD_DIM_ROUNDED=128, ROWS_GUARANTEED_SAFE=False, SAFE_HEAD_DIM=True, SM_SCALE=0.08838834764831843, SPARSE_KV_BLOCK_SIZE=128, SPARSE_Q_BLOCK_SIZE=128, USE_TMA=False, V_HEAD_DIM=128, V_HEAD_DIM_ROUNDED=128, WRITE_DQ=True, num_stages=1, num_warps=8
[rank3]:  triton_flex_attention_1 1.5274 ms 55.7% BLOCKS_ARE_CONTIGUOUS=False, BLOCK_M=128, BLOCK_N=128, FLOAT32_PRECISION="'ieee'", GQA_SHARED_HEADS=1, HAS_FULL_BLOCKS=True, IS_DIVISIBLE=False, OUTPUT_LOGSUMEXP=False, OUTPUT_MAX=False, PRESCALE_QK=False, QK_HEAD_DIM=128, QK_HEAD_DIM_ROUNDED=128, ROWS_GUARANTEED_SAFE=False, SAFE_HEAD_DIM=True, SM_SCALE=0.08838834764831843, SPARSE_KV_BLOCK_SIZE=128, SPARSE_Q_BLOCK_SIZE=128, USE_TMA=False, V_HEAD_DIM=128, V_HEAD_DIM_ROUNDED=128, WRITE_DQ=True, num_stages=3, num_warps=4
[rank3]:SingleProcess AUTOTUNE benchmarking takes 0.3320 seconds and 0.0883 seconds precompiling for 7 choices
[rank2]:Autotune Choices Stats:
[rank2]:{"num_choices": 7, "num_triton_choices": 7, "best_kernel": "triton_flex_attention_6", "best_kernel_desc": "BLOCKS_ARE_CONTIGUOUS=False, BLOCK_M=128, BLOCK_N=64, FLOAT32_PRECISION=\"'ieee'\", GQA_SHARED_HEADS=1, HAS_FULL_BLOCKS=True, IS_DIVISIBLE=False, OUTPUT_LOGSUMEXP=False, OUTPUT_MAX=False, PRESCALE_QK=False, QK_HEAD_DIM=128, QK_HEAD_DIM_ROUNDED=128, ROWS_GUARANTEED_SAFE=False, SAFE_HEAD_DIM=True, SM_SCALE=0.08838834764831843, SPARSE_KV_BLOCK_SIZE=128, SPARSE_Q_BLOCK_SIZE=128, USE_TMA=False, V_HEAD_DIM=128, V_HEAD_DIM_ROUNDED=128, WRITE_DQ=True, num_stages=3, num_warps=8", "best_time": 0.9714879989624023, "best_triton_pos": 0}
[rank2]:AUTOTUNE flex_attention(1x12x5184x128, 1x12x5184x128, 1x12x5184x128, 1x12x5184, 1x12x5184, 1x1x41, 1x1x41x41, 1x1x41, 1x1x41x41, 5184)
[rank2]:strides: [1536, 128, 1536, 1], [1536, 128, 1536, 1], [1536, 128, 1536, 1], [12*s37, s37, 1], [12*s37, s37, 1], [s99, s99, 1], [s22*s72, s22*s72, s72, 1], [s94, s94, 1], [s28*s4, s28*s4, s4, 1], [1]
[rank2]:dtypes: torch.bfloat16, torch.bfloat16, torch.bfloat16, torch.float32, torch.float32, torch.int32, torch.int32, torch.int32, torch.int32, torch.int32
[rank2]:  triton_flex_attention_6 0.9715 ms 100.0% BLOCKS_ARE_CONTIGUOUS=False, BLOCK_M=128, BLOCK_N=64, FLOAT32_PRECISION="'ieee'", GQA_SHARED_HEADS=1, HAS_FULL_BLOCKS=True, IS_DIVISIBLE=False, OUTPUT_LOGSUMEXP=False, OUTPUT_MAX=False, PRESCALE_QK=False, QK_HEAD_DIM=128, QK_HEAD_DIM_ROUNDED=128, ROWS_GUARANTEED_SAFE=False, SAFE_HEAD_DIM=True, SM_SCALE=0.08838834764831843, SPARSE_KV_BLOCK_SIZE=128, SPARSE_Q_BLOCK_SIZE=128, USE_TMA=False, V_HEAD_DIM=128, V_HEAD_DIM_ROUNDED=128, WRITE_DQ=True, num_stages=3, num_warps=8
[rank2]:  triton_flex_attention_2 1.0508 ms 92.5% BLOCKS_ARE_CONTIGUOUS=False, BLOCK_M=128, BLOCK_N=128, FLOAT32_PRECISION="'ieee'", GQA_SHARED_HEADS=1, HAS_FULL_BLOCKS=True, IS_DIVISIBLE=False, OUTPUT_LOGSUMEXP=False, OUTPUT_MAX=False, PRESCALE_QK=False, QK_HEAD_DIM=128, QK_HEAD_DIM_ROUNDED=128, ROWS_GUARANTEED_SAFE=False, SAFE_HEAD_DIM=True, SM_SCALE=0.08838834764831843, SPARSE_KV_BLOCK_SIZE=128, SPARSE_Q_BLOCK_SIZE=128, USE_TMA=False, V_HEAD_DIM=128, V_HEAD_DIM_ROUNDED=128, WRITE_DQ=True, num_stages=2, num_warps=8
[rank2]:  triton_flex_attention_4 1.2975 ms 74.9% BLOCKS_ARE_CONTIGUOUS=False, BLOCK_M=64, BLOCK_N=128, FLOAT32_PRECISION="'ieee'", GQA_SHARED_HEADS=1, HAS_FULL_BLOCKS=True, IS_DIVISIBLE=False, OUTPUT_LOGSUMEXP=False, OUTPUT_MAX=False, PRESCALE_QK=False, QK_HEAD_DIM=128, QK_HEAD_DIM_ROUNDED=128, ROWS_GUARANTEED_SAFE=False, SAFE_HEAD_DIM=True, SM_SCALE=0.08838834764831843, SPARSE_KV_BLOCK_SIZE=128, SPARSE_Q_BLOCK_SIZE=128, USE_TMA=False, V_HEAD_DIM=128, V_HEAD_DIM_ROUNDED=128, WRITE_DQ=True, num_stages=3, num_warps=4
[rank2]:  triton_flex_attention_3 1.3714 ms 70.8% BLOCKS_ARE_CONTIGUOUS=False, BLOCK_M=128, BLOCK_N=128, FLOAT32_PRECISION="'ieee'", GQA_SHARED_HEADS=1, HAS_FULL_BLOCKS=True, IS_DIVISIBLE=False, OUTPUT_LOGSUMEXP=False, OUTPUT_MAX=False, PRESCALE_QK=False, QK_HEAD_DIM=128, QK_HEAD_DIM_ROUNDED=128, ROWS_GUARANTEED_SAFE=False, SAFE_HEAD_DIM=True, SM_SCALE=0.08838834764831843, SPARSE_KV_BLOCK_SIZE=128, SPARSE_Q_BLOCK_SIZE=128, USE_TMA=False, V_HEAD_DIM=128, V_HEAD_DIM_ROUNDED=128, WRITE_DQ=True, num_stages=1, num_warps=8
[rank2]:  triton_flex_attention_5 1.3930 ms 69.7% BLOCKS_ARE_CONTIGUOUS=False, BLOCK_M=64, BLOCK_N=64, FLOAT32_PRECISION="'ieee'", GQA_SHARED_HEADS=1, HAS_FULL_BLOCKS=True, IS_DIVISIBLE=False, OUTPUT_LOGSUMEXP=False, OUTPUT_MAX=False, PRESCALE_QK=False, QK_HEAD_DIM=128, QK_HEAD_DIM_ROUNDED=128, ROWS_GUARANTEED_SAFE=False, SAFE_HEAD_DIM=True, SM_SCALE=0.08838834764831843, SPARSE_KV_BLOCK_SIZE=128, SPARSE_Q_BLOCK_SIZE=128, USE_TMA=False, V_HEAD_DIM=128, V_HEAD_DIM_ROUNDED=128, WRITE_DQ=True, num_stages=3, num_warps=4
[rank2]:  triton_flex_attention_0 2.0999 ms 46.3% BLOCKS_ARE_CONTIGUOUS=False, BLOCK_M=128, BLOCK_N=64, FLOAT32_PRECISION="'ieee'", GQA_SHARED_HEADS=1, HAS_FULL_BLOCKS=True, IS_DIVISIBLE=False, OUTPUT_LOGSUMEXP=False, OUTPUT_MAX=False, PRESCALE_QK=False, QK_HEAD_DIM=128, QK_HEAD_DIM_ROUNDED=128, ROWS_GUARANTEED_SAFE=False, SAFE_HEAD_DIM=True, SM_SCALE=0.08838834764831843, SPARSE_KV_BLOCK_SIZE=128, SPARSE_Q_BLOCK_SIZE=128, USE_TMA=False, V_HEAD_DIM=128, V_HEAD_DIM_ROUNDED=128, WRITE_DQ=True, num_stages=3, num_warps=4
[rank2]:  triton_flex_attention_1 2.6310 ms 36.9% BLOCKS_ARE_CONTIGUOUS=False, BLOCK_M=128, BLOCK_N=128, FLOAT32_PRECISION="'ieee'", GQA_SHARED_HEADS=1, HAS_FULL_BLOCKS=True, IS_DIVISIBLE=False, OUTPUT_LOGSUMEXP=False, OUTPUT_MAX=False, PRESCALE_QK=False, QK_HEAD_DIM=128, QK_HEAD_DIM_ROUNDED=128, ROWS_GUARANTEED_SAFE=False, SAFE_HEAD_DIM=True, SM_SCALE=0.08838834764831843, SPARSE_KV_BLOCK_SIZE=128, SPARSE_Q_BLOCK_SIZE=128, USE_TMA=False, V_HEAD_DIM=128, V_HEAD_DIM_ROUNDED=128, WRITE_DQ=True, num_stages=3, num_warps=4
[rank2]:SingleProcess AUTOTUNE benchmarking takes 0.3520 seconds and 0.0931 seconds precompiling for 7 choices
[rank2]:/root/mep/venv_src/lib/python3.12/site-packages/torch/distributed/fsdp/_fully_shard/_fsdp_state.py:336: UserWarning: FSDP2-wrapped module (FSDPCheckpointWrapper) returned a view tensor. An in-place op on this view (e.g., `x += y`) will silently drop the pre-backward hook and skip the all-gather, which can cause backward to fail or produce wrong gradients. Use out-of-place ops (`out = out + y`, not `out += y`) or `.clone()` the output before any in-place op.
[rank2]:  output = self._register_pre_backward_hook(output)
[rank3]:/root/mep/venv_src/lib/python3.12/site-packages/torch/distributed/fsdp/_fully_shard/_fsdp_state.py:336: UserWarning: FSDP2-wrapped module (FSDPCheckpointWrapper) returned a view tensor. An in-place op on this view (e.g., `x += y`) will silently drop the pre-backward hook and skip the all-gather, which can cause backward to fail or produce wrong gradients. Use out-of-place ops (`out = out + y`, not `out += y`) or `.clone()` the output before any in-place op.
[rank3]:  output = self._register_pre_backward_hook(output)
[rank3]:/root/mep/venv_src/lib/python3.12/site-packages/torch/distributed/fsdp/_fully_shard/_fsdp_state.py:336: UserWarning: FSDP2-wrapped module (FSDPKimiK3Model) returned a view tensor. An in-place op on this view (e.g., `x += y`) will silently drop the pre-backward hook and skip the all-gather, which can cause backward to fail or produce wrong gradients. Use out-of-place ops (`out = out + y`, not `out += y`) or `.clone()` the output before any in-place op.
[rank3]:  output = self._register_pre_backward_hook(output)
[rank2]:Autotune Choices Stats:
[rank2]:{"num_choices": 7, "num_triton_choices": 7, "best_kernel": "triton_flex_attention_13", "best_kernel_desc": "BLOCKS_ARE_CONTIGUOUS=False, BLOCK_M=128, BLOCK_N=64, FLOAT32_PRECISION=\"'ieee'\", GQA_SHARED_HEADS=1, HAS_FULL_BLOCKS=True, IS_DIVISIBLE=False, OUTPUT_LOGSUMEXP=True, OUTPUT_MAX=False, PRESCALE_QK=False, QK_HEAD_DIM=128, QK_HEAD_DIM_ROUNDED=128, ROWS_GUARANTEED_SAFE=False, SAFE_HEAD_DIM=True, SM_SCALE=0.08838834764831843, SPARSE_KV_BLOCK_SIZE=128, SPARSE_Q_BLOCK_SIZE=128, USE_TMA=False, V_HEAD_DIM=128, V_HEAD_DIM_ROUNDED=128, WRITE_DQ=True, num_stages=3, num_warps=8", "best_time": 0.9718400239944458, "best_triton_pos": 0}
[rank2]:AUTOTUNE flex_attention(1x12x5184x128, 1x12x5184x128, 1x12x5184x128, 1x12x5184, 1x12x5184, 1x1x41, 1x1x41x41, 1x1x41, 1x1x41x41, 5184)
[rank2]:strides: [1536, 128, 1536, 1], [1536, 128, 1536, 1], [1536, 128, 1536, 1], [12*s37, s37, 1], [12*s37, s37, 1], [s99, s99, 1], [s22*s72, s22*s72, s72, 1], [s94, s94, 1], [s28*s4, s28*s4, s4, 1], [1]
[rank2]:dtypes: torch.bfloat16, torch.bfloat16, torch.bfloat16, torch.float32, torch.float32, torch.int32, torch.int32, torch.int32, torch.int32, torch.int32
[rank2]:  triton_flex_attention_13 0.9718 ms 100.0% BLOCKS_ARE_CONTIGUOUS=False, BLOCK_M=128, BLOCK_N=64, FLOAT32_PRECISION="'ieee'", GQA_SHARED_HEADS=1, HAS_FULL_BLOCKS=True, IS_DIVISIBLE=False, OUTPUT_LOGSUMEXP=True, OUTPUT_MAX=False, PRESCALE_QK=False, QK_HEAD_DIM=128, QK_HEAD_DIM_ROUNDED=128, ROWS_GUARANTEED_SAFE=False, SAFE_HEAD_DIM=True, SM_SCALE=0.08838834764831843, SPARSE_KV_BLOCK_SIZE=128, SPARSE_Q_BLOCK_SIZE=128, USE_TMA=False, V_HEAD_DIM=128, V_HEAD_DIM_ROUNDED=128, WRITE_DQ=True, num_stages=3, num_warps=8
[rank2]:  triton_flex_attention_9 1.0574 ms 91.9% BLOCKS_ARE_CONTIGUOUS=False, BLOCK_M=128, BLOCK_N=128, FLOAT32_PRECISION="'ieee'", GQA_SHARED_HEADS=1, HAS_FULL_BLOCKS=True, IS_DIVISIBLE=False, OUTPUT_LOGSUMEXP=True, OUTPUT_MAX=False, PRESCALE_QK=False, QK_HEAD_DIM=128, QK_HEAD_DIM_ROUNDED=128, ROWS_GUARANTEED_SAFE=False, SAFE_HEAD_DIM=True, SM_SCALE=0.08838834764831843, SPARSE_KV_BLOCK_SIZE=128, SPARSE_Q_BLOCK_SIZE=128, USE_TMA=False, V_HEAD_DIM=128, V_HEAD_DIM_ROUNDED=128, WRITE_DQ=True, num_stages=2, num_warps=8
[rank2]:  triton_flex_attention_11 1.2975 ms 74.9% BLOCKS_ARE_CONTIGUOUS=False, BLOCK_M=64, BLOCK_N=128, FLOAT32_PRECISION="'ieee'", GQA_SHARED_HEADS=1, HAS_FULL_BLOCKS=True, IS_DIVISIBLE=False, OUTPUT_LOGSUMEXP=True, OUTPUT_MAX=False, PRESCALE_QK=False, QK_HEAD_DIM=128, QK_HEAD_DIM_ROUNDED=128, ROWS_GUARANTEED_SAFE=False, SAFE_HEAD_DIM=True, SM_SCALE=0.08838834764831843, SPARSE_KV_BLOCK_SIZE=128, SPARSE_Q_BLOCK_SIZE=128, USE_TMA=False, V_HEAD_DIM=128, V_HEAD_DIM_ROUNDED=128, WRITE_DQ=True, num_stages=3, num_warps=4
[rank2]:  triton_flex_attention_10 1.3752 ms 70.7% BLOCKS_ARE_CONTIGUOUS=False, BLOCK_M=128, BLOCK_N=128, FLOAT32_PRECISION="'ieee'", GQA_SHARED_HEADS=1, HAS_FULL_BLOCKS=True, IS_DIVISIBLE=False, OUTPUT_LOGSUMEXP=True, OUTPUT_MAX=False, PRESCALE_QK=False, QK_HEAD_DIM=128, QK_HEAD_DIM_ROUNDED=128, ROWS_GUARANTEED_SAFE=False, SAFE_HEAD_DIM=True, SM_SCALE=0.08838834764831843, SPARSE_KV_BLOCK_SIZE=128, SPARSE_Q_BLOCK_SIZE=128, USE_TMA=False, V_HEAD_DIM=128, V_HEAD_DIM_ROUNDED=128, WRITE_DQ=True, num_stages=1, num_warps=8
[rank2]:  triton_flex_attention_12 1.4112 ms 68.9% BLOCKS_ARE_CONTIGUOUS=False, BLOCK_M=64, BLOCK_N=64, FLOAT32_PRECISION="'ieee'", GQA_SHARED_HEADS=1, HAS_FULL_BLOCKS=True, IS_DIVISIBLE=False, OUTPUT_LOGSUMEXP=True, OUTPUT_MAX=False, PRESCALE_QK=False, QK_HEAD_DIM=128, QK_HEAD_DIM_ROUNDED=128, ROWS_GUARANTEED_SAFE=False, SAFE_HEAD_DIM=True, SM_SCALE=0.08838834764831843, SPARSE_KV_BLOCK_SIZE=128, SPARSE_Q_BLOCK_SIZE=128, USE_TMA=False, V_HEAD_DIM=128, V_HEAD_DIM_ROUNDED=128, WRITE_DQ=True, num_stages=3, num_warps=4
[rank2]:  triton_flex_attention_7 2.0601 ms 47.2% BLOCKS_ARE_CONTIGUOUS=False, BLOCK_M=128, BLOCK_N=64, FLOAT32_PRECISION="'ieee'", GQA_SHARED_HEADS=1, HAS_FULL_BLOCKS=True, IS_DIVISIBLE=False, OUTPUT_LOGSUMEXP=True, OUTPUT_MAX=False, PRESCALE_QK=False, QK_HEAD_DIM=128, QK_HEAD_DIM_ROUNDED=128, ROWS_GUARANTEED_SAFE=False, SAFE_HEAD_DIM=True, SM_SCALE=0.08838834764831843, SPARSE_KV_BLOCK_SIZE=128, SPARSE_Q_BLOCK_SIZE=128, USE_TMA=False, V_HEAD_DIM=128, V_HEAD_DIM_ROUNDED=128, WRITE_DQ=True, num_stages=3, num_warps=4
[rank2]:  triton_flex_attention_8 2.5817 ms 37.6% BLOCKS_ARE_CONTIGUOUS=False, BLOCK_M=128, BLOCK_N=128, FLOAT32_PRECISION="'ieee'", GQA_SHARED_HEADS=1, HAS_FULL_BLOCKS=True, IS_DIVISIBLE=False, OUTPUT_LOGSUMEXP=True, OUTPUT_MAX=False, PRESCALE_QK=False, QK_HEAD_DIM=128, QK_HEAD_DIM_ROUNDED=128, ROWS_GUARANTEED_SAFE=False, SAFE_HEAD_DIM=True, SM_SCALE=0.08838834764831843, SPARSE_KV_BLOCK_SIZE=128, SPARSE_Q_BLOCK_SIZE=128, USE_TMA=False, V_HEAD_DIM=128, V_HEAD_DIM_ROUNDED=128, WRITE_DQ=True, num_stages=3, num_warps=4
[rank2]:SingleProcess AUTOTUNE benchmarking takes 0.3286 seconds and 0.0789 seconds precompiling for 7 choices
[rank2]:Autotune Choices Stats:
[rank2]:{"num_choices": 13, "num_triton_choices": 13, "best_kernel": "triton_flex_attention_backward_26", "best_kernel_desc": "BLOCKS_ARE_CONTIGUOUS=False, BLOCK_M1=64, BLOCK_M2=128, BLOCK_N1=128, BLOCK_N2=64, FLOAT32_PRECISION=\"'ieee'\", GQA_SHARED_HEADS=1, HAS_FULL_BLOCKS=True, IS_DIVISIBLE=False, OUTPUT_LOGSUMEXP=True, OUTPUT_MAX=False, PRESCALE_QK=False, QK_HEAD_DIM=128, QK_HEAD_DIM_ROUNDED=128, ROWS_GUARANTEED_SAFE=False, SAFE_HEAD_DIM=True, SM_SCALE=0.08838834764831843, SPARSE_KV_BLOCK_SIZE=128, SPARSE_Q_BLOCK_SIZE=128, USE_TMA=False, V_HEAD_DIM=128, V_HEAD_DIM_ROUNDED=128, WRITE_DQ=True, num_stages=3, num_warps=8", "best_time": 2.506272077560425, "best_triton_pos": 0}
[rank2]:AUTOTUNE flex_attention_backward(1x12x5184x128, 1x12x5184x128, 1x12x5184x128, 1x12x5184, 1x12x5184, 1x12x5184x128, 1x12x5184x128, 1x12x5184x128, 1x1x41, 1x1x41x41, 1x1x41, 1x1x41x41, 1x1x41, 1x1x41x41, 1x1x41, 1x1x41x41, 5184)
[rank2]:strides: [1536, 128, 1536, 1], [1536, 128, 1536, 1], [1536, 128, 1536, 1], [12*Max(1, s37), Max(1, s37), 1], [12*s37, s37, 1], [1536*Max(1, s37), 128*Max(1, s37), 128, 1], [1536*s37, 128, 1536, 1], [1536*s0, 128, 1536, 1], [s99, s99, 1], [s22*s72, s22*s72, s72, 1], [s56, s56, 1], [s53*s84, s53*s84, s53, 1], [s94, s94, 1], [s28*s4, s28*s4, s4, 1], [s100, s100, 1], [s11*s5, s11*s5, s11, 1], [1]
[rank2]:dtypes: torch.bfloat16, torch.bfloat16, torch.bfloat16, torch.float32, torch.float32, torch.bfloat16, torch.bfloat16, torch.bfloat16, torch.int32, torch.int32, torch.int32, torch.int32, torch.int32, torch.int32, torch.int32, torch.int32, torch.int32
[rank2]:  triton_flex_attention_backward_26 2.5063 ms 100.0% BLOCKS_ARE_CONTIGUOUS=False, BLOCK_M1=64, BLOCK_M2=128, BLOCK_N1=128, BLOCK_N2=64, FLOAT32_PRECISION="'ieee'", GQA_SHARED_HEADS=1, HAS_FULL_BLOCKS=True, IS_DIVISIBLE=False, OUTPUT_LOGSUMEXP=True, OUTPUT_MAX=False, PRESCALE_QK=False, QK_HEAD_DIM=128, QK_HEAD_DIM_ROUNDED=128, ROWS_GUARANTEED_SAFE=False, SAFE_HEAD_DIM=True, SM_SCALE=0.08838834764831843, SPARSE_KV_BLOCK_SIZE=128, SPARSE_Q_BLOCK_SIZE=128, USE_TMA=False, V_HEAD_DIM=128, V_HEAD_DIM_ROUNDED=128, WRITE_DQ=True, num_stages=3, num_warps=8
[rank2]:  triton_flex_attention_backward_19 2.8101 ms 89.2% BLOCKS_ARE_CONTIGUOUS=False, BLOCK_M1=32, BLOCK_M2=64, BLOCK_N1=64, BLOCK_N2=32, FLOAT32_PRECISION="'ieee'", GQA_SHARED_HEADS=1, HAS_FULL_BLOCKS=True, IS_DIVISIBLE=False, OUTPUT_LOGSUMEXP=True, OUTPUT_MAX=False, PRESCALE_QK=False, QK_HEAD_DIM=128, QK_HEAD_DIM_ROUNDED=128, ROWS_GUARANTEED_SAFE=False, SAFE_HEAD_DIM=True, SM_SCALE=0.08838834764831843, SPARSE_KV_BLOCK_SIZE=128, SPARSE_Q_BLOCK_SIZE=128, USE_TMA=False, V_HEAD_DIM=128, V_HEAD_DIM_ROUNDED=128, WRITE_DQ=True, num_stages=3, num_warps=4
[rank2]:  triton_flex_attention_backward_20 2.8619 ms 87.6% BLOCKS_ARE_CONTIGUOUS=False, BLOCK_M1=32, BLOCK_M2=64, BLOCK_N1=64, BLOCK_N2=32, FLOAT32_PRECISION="'ieee'", GQA_SHARED_HEADS=1, HAS_FULL_BLOCKS=True, IS_DIVISIBLE=False, OUTPUT_LOGSUMEXP=True, OUTPUT_MAX=False, PRESCALE_QK=False, QK_HEAD_DIM=128, QK_HEAD_DIM_ROUNDED=128, ROWS_GUARANTEED_SAFE=False, SAFE_HEAD_DIM=True, SM_SCALE=0.08838834764831843, SPARSE_KV_BLOCK_SIZE=128, SPARSE_Q_BLOCK_SIZE=128, USE_TMA=False, V_HEAD_DIM=128, V_HEAD_DIM_ROUNDED=128, WRITE_DQ=True, num_stages=4, num_warps=4
[rank2]:  triton_flex_attention_backward_23 3.9524 ms 63.4% BLOCKS_ARE_CONTIGUOUS=False, BLOCK_M1=64, BLOCK_M2=64, BLOCK_N1=64, BLOCK_N2=64, FLOAT32_PRECISION="'ieee'", GQA_SHARED_HEADS=1, HAS_FULL_BLOCKS=True, IS_DIVISIBLE=False, OUTPUT_LOGSUMEXP=True, OUTPUT_MAX=False, PRESCALE_QK=False, QK_HEAD_DIM=128, QK_HEAD_DIM_ROUNDED=128, ROWS_GUARANTEED_SAFE=False, SAFE_HEAD_DIM=True, SM_SCALE=0.08838834764831843, SPARSE_KV_BLOCK_SIZE=128, SPARSE_Q_BLOCK_SIZE=128, USE_TMA=False, V_HEAD_DIM=128, V_HEAD_DIM_ROUNDED=128, WRITE_DQ=True, num_stages=3, num_warps=4
[rank2]:  triton_flex_attention_backward_22 4.0717 ms 61.6% BLOCKS_ARE_CONTIGUOUS=False, BLOCK_M1=64, BLOCK_M2=64, BLOCK_N1=64, BLOCK_N2=64, FLOAT32_PRECISION="'ieee'", GQA_SHARED_HEADS=1, HAS_FULL_BLOCKS=True, IS_DIVISIBLE=False, OUTPUT_LOGSUMEXP=True, OUTPUT_MAX=False, PRESCALE_QK=False, QK_HEAD_DIM=128, QK_HEAD_DIM_ROUNDED=128, ROWS_GUARANTEED_SAFE=False, SAFE_HEAD_DIM=True, SM_SCALE=0.08838834764831843, SPARSE_KV_BLOCK_SIZE=128, SPARSE_Q_BLOCK_SIZE=128, USE_TMA=False, V_HEAD_DIM=128, V_HEAD_DIM_ROUNDED=128, WRITE_DQ=True, num_stages=1, num_warps=4
[rank2]:  triton_flex_attention_backward_21 4.1187 ms 60.9% BLOCKS_ARE_CONTIGUOUS=False, BLOCK_M1=32, BLOCK_M2=64, BLOCK_N1=64, BLOCK_N2=32, FLOAT32_PRECISION="'ieee'", GQA_SHARED_HEADS=1, HAS_FULL_BLOCKS=True, IS_DIVISIBLE=False, OUTPUT_LOGSUMEXP=True, OUTPUT_MAX=False, PRESCALE_QK=False, QK_HEAD_DIM=128, QK_HEAD_DIM_ROUNDED=128, ROWS_GUARANTEED_SAFE=False, SAFE_HEAD_DIM=True, SM_SCALE=0.08838834764831843, SPARSE_KV_BLOCK_SIZE=128, SPARSE_Q_BLOCK_SIZE=128, USE_TMA=False, V_HEAD_DIM=128, V_HEAD_DIM_ROUNDED=128, WRITE_DQ=True, num_stages=5, num_warps=4
[rank2]:  triton_flex_attention_backward_18 4.2661 ms 58.7% BLOCKS_ARE_CONTIGUOUS=False, BLOCK_M1=32, BLOCK_M2=64, BLOCK_N1=64, BLOCK_N2=32, FLOAT32_PRECISION="'ieee'", GQA_SHARED_HEADS=1, HAS_FULL_BLOCKS=True, IS_DIVISIBLE=False, OUTPUT_LOGSUMEXP=True, OUTPUT_MAX=False, PRESCALE_QK=False, QK_HEAD_DIM=128, QK_HEAD_DIM_ROUNDED=128, ROWS_GUARANTEED_SAFE=False, SAFE_HEAD_DIM=True, SM_SCALE=0.08838834764831843, SPARSE_KV_BLOCK_SIZE=128, SPARSE_Q_BLOCK_SIZE=128, USE_TMA=False, V_HEAD_DIM=128, V_HEAD_DIM_ROUNDED=128, WRITE_DQ=True, num_stages=1, num_warps=4
[rank2]:  triton_flex_attention_backward_24 4.2834 ms 58.5% BLOCKS_ARE_CONTIGUOUS=False, BLOCK_M1=64, BLOCK_M2=64, BLOCK_N1=64, BLOCK_N2=64, FLOAT32_PRECISION="'ieee'", GQA_SHARED_HEADS=1, HAS_FULL_BLOCKS=True, IS_DIVISIBLE=False, OUTPUT_LOGSUMEXP=True, OUTPUT_MAX=False, PRESCALE_QK=False, QK_HEAD_DIM=128, QK_HEAD_DIM_ROUNDED=128, ROWS_GUARANTEED_SAFE=False, SAFE_HEAD_DIM=True, SM_SCALE=0.08838834764831843, SPARSE_KV_BLOCK_SIZE=128, SPARSE_Q_BLOCK_SIZE=128, USE_TMA=False, V_HEAD_DIM=128, V_HEAD_DIM_ROUNDED=128, WRITE_DQ=True, num_stages=4, num_warps=4
[rank2]:  triton_flex_attention_backward_25 5.5021 ms 45.6% BLOCKS_ARE_CONTIGUOUS=False, BLOCK_M1=64, BLOCK_M2=64, BLOCK_N1=64, BLOCK_N2=64, FLOAT32_PRECISION="'ieee'", GQA_SHARED_HEADS=1, HAS_FULL_BLOCKS=True, IS_DIVISIBLE=False, OUTPUT_LOGSUMEXP=True, OUTPUT_MAX=False, PRESCALE_QK=False, QK_HEAD_DIM=128, QK_HEAD_DIM_ROUNDED=128, ROWS_GUARANTEED_SAFE=False, SAFE_HEAD_DIM=True, SM_SCALE=0.08838834764831843, SPARSE_KV_BLOCK_SIZE=128, SPARSE_Q_BLOCK_SIZE=128, USE_TMA=False, V_HEAD_DIM=128, V_HEAD_DIM_ROUNDED=128, WRITE_DQ=True, num_stages=5, num_warps=4
[rank2]:  triton_flex_attention_backward_15 7.9947 ms 31.3% BLOCKS_ARE_CONTIGUOUS=False, BLOCK_M1=32, BLOCK_M2=32, BLOCK_N1=32, BLOCK_N2=32, FLOAT32_PRECISION="'ieee'", GQA_SHARED_HEADS=1, HAS_FULL_BLOCKS=True, IS_DIVISIBLE=False, OUTPUT_LOGSUMEXP=True, OUTPUT_MAX=False, PRESCALE_QK=False, QK_HEAD_DIM=128, QK_HEAD_DIM_ROUNDED=128, ROWS_GUARANTEED_SAFE=False, SAFE_HEAD_DIM=True, SM_SCALE=0.08838834764831843, SPARSE_KV_BLOCK_SIZE=128, SPARSE_Q_BLOCK_SIZE=128, USE_TMA=False, V_HEAD_DIM=128, V_HEAD_DIM_ROUNDED=128, WRITE_DQ=True, num_stages=3, num_warps=4
[rank2]:SingleProcess AUTOTUNE benchmarking takes 0.9664 seconds and 0.0883 seconds precompiling for 13 choices
[rank3]:Autotune Choices Stats:
[rank3]:{"num_choices": 7, "num_triton_choices": 7, "best_kernel": "triton_flex_attention_12", "best_kernel_desc": "BLOCKS_ARE_CONTIGUOUS=False, BLOCK_M=64, BLOCK_N=64, FLOAT32_PRECISION=\"'ieee'\", GQA_SHARED_HEADS=1, HAS_FULL_BLOCKS=True, IS_DIVISIBLE=False, OUTPUT_LOGSUMEXP=True, OUTPUT_MAX=False, PRESCALE_QK=False, QK_HEAD_DIM=128, QK_HEAD_DIM_ROUNDED=128, ROWS_GUARANTEED_SAFE=False, SAFE_HEAD_DIM=True, SM_SCALE=0.08838834764831843, SPARSE_KV_BLOCK_SIZE=128, SPARSE_Q_BLOCK_SIZE=128, USE_TMA=False, V_HEAD_DIM=128, V_HEAD_DIM_ROUNDED=128, WRITE_DQ=True, num_stages=3, num_warps=4", "best_time": 0.852512001991272, "best_triton_pos": 0}
[rank3]:AUTOTUNE flex_attention(1x12x5184x128, 1x12x5184x128, 1x12x5184x128, 1x12x5184, 1x12x5184, 1x1x41, 1x1x41x41, 1x1x41, 1x1x41x41, 5184)
[rank3]:strides: [1536, 128, 1536, 1], [1536, 128, 1536, 1], [1536, 128, 1536, 1], [62208, 5184, 1], [62208, 5184, 1], [s99, s99, 1], [s22*s72, s22*s72, s72, 1], [s94, s94, 1], [s28*s4, s28*s4, s4, 1], [1]
[rank3]:dtypes: torch.bfloat16, torch.bfloat16, torch.bfloat16, torch.float32, torch.float32, torch.int32, torch.int32, torch.int32, torch.int32, torch.int32
[rank3]:  triton_flex_attention_12 0.8525 ms 100.0% BLOCKS_ARE_CONTIGUOUS=False, BLOCK_M=64, BLOCK_N=64, FLOAT32_PRECISION="'ieee'", GQA_SHARED_HEADS=1, HAS_FULL_BLOCKS=True, IS_DIVISIBLE=False, OUTPUT_LOGSUMEXP=True, OUTPUT_MAX=False, PRESCALE_QK=False, QK_HEAD_DIM=128, QK_HEAD_DIM_ROUNDED=128, ROWS_GUARANTEED_SAFE=False, SAFE_HEAD_DIM=True, SM_SCALE=0.08838834764831843, SPARSE_KV_BLOCK_SIZE=128, SPARSE_Q_BLOCK_SIZE=128, USE_TMA=False, V_HEAD_DIM=128, V_HEAD_DIM_ROUNDED=128, WRITE_DQ=True, num_stages=3, num_warps=4
[rank3]:  triton_flex_attention_9 0.9590 ms 88.9% BLOCKS_ARE_CONTIGUOUS=False, BLOCK_M=128, BLOCK_N=128, FLOAT32_PRECISION="'ieee'", GQA_SHARED_HEADS=1, HAS_FULL_BLOCKS=True, IS_DIVISIBLE=False, OUTPUT_LOGSUMEXP=True, OUTPUT_MAX=False, PRESCALE_QK=False, QK_HEAD_DIM=128, QK_HEAD_DIM_ROUNDED=128, ROWS_GUARANTEED_SAFE=False, SAFE_HEAD_DIM=True, SM_SCALE=0.08838834764831843, SPARSE_KV_BLOCK_SIZE=128, SPARSE_Q_BLOCK_SIZE=128, USE_TMA=False, V_HEAD_DIM=128, V_HEAD_DIM_ROUNDED=128, WRITE_DQ=True, num_stages=2, num_warps=8
[rank3]:  triton_flex_attention_13 0.9793 ms 87.1% BLOCKS_ARE_CONTIGUOUS=False, BLOCK_M=128, BLOCK_N=64, FLOAT32_PRECISION="'ieee'", GQA_SHARED_HEADS=1, HAS_FULL_BLOCKS=True, IS_DIVISIBLE=False, OUTPUT_LOGSUMEXP=True, OUTPUT_MAX=False, PRESCALE_QK=False, QK_HEAD_DIM=128, QK_HEAD_DIM_ROUNDED=128, ROWS_GUARANTEED_SAFE=False, SAFE_HEAD_DIM=True, SM_SCALE=0.08838834764831843, SPARSE_KV_BLOCK_SIZE=128, SPARSE_Q_BLOCK_SIZE=128, USE_TMA=False, V_HEAD_DIM=128, V_HEAD_DIM_ROUNDED=128, WRITE_DQ=True, num_stages=3, num_warps=8
[rank3]:  triton_flex_attention_11 1.0258 ms 83.1% BLOCKS_ARE_CONTIGUOUS=False, BLOCK_M=64, BLOCK_N=128, FLOAT32_PRECISION="'ieee'", GQA_SHARED_HEADS=1, HAS_FULL_BLOCKS=True, IS_DIVISIBLE=False, OUTPUT_LOGSUMEXP=True, OUTPUT_MAX=False, PRESCALE_QK=False, QK_HEAD_DIM=128, QK_HEAD_DIM_ROUNDED=128, ROWS_GUARANTEED_SAFE=False, SAFE_HEAD_DIM=True, SM_SCALE=0.08838834764831843, SPARSE_KV_BLOCK_SIZE=128, SPARSE_Q_BLOCK_SIZE=128, USE_TMA=False, V_HEAD_DIM=128, V_HEAD_DIM_ROUNDED=128, WRITE_DQ=True, num_stages=3, num_warps=4
[rank3]:  triton_flex_attention_7 1.0962 ms 77.8% BLOCKS_ARE_CONTIGUOUS=False, BLOCK_M=128, BLOCK_N=64, FLOAT32_PRECISION="'ieee'", GQA_SHARED_HEADS=1, HAS_FULL_BLOCKS=True, IS_DIVISIBLE=False, OUTPUT_LOGSUMEXP=True, OUTPUT_MAX=False, PRESCALE_QK=False, QK_HEAD_DIM=128, QK_HEAD_DIM_ROUNDED=128, ROWS_GUARANTEED_SAFE=False, SAFE_HEAD_DIM=True, SM_SCALE=0.08838834764831843, SPARSE_KV_BLOCK_SIZE=128, SPARSE_Q_BLOCK_SIZE=128, USE_TMA=False, V_HEAD_DIM=128, V_HEAD_DIM_ROUNDED=128, WRITE_DQ=True, num_stages=3, num_warps=4
[rank3]:  triton_flex_attention_10 1.1395 ms 74.8% BLOCKS_ARE_CONTIGUOUS=False, BLOCK_M=128, BLOCK_N=128, FLOAT32_PRECISION="'ieee'", GQA_SHARED_HEADS=1, HAS_FULL_BLOCKS=True, IS_DIVISIBLE=False, OUTPUT_LOGSUMEXP=True, OUTPUT_MAX=False, PRESCALE_QK=False, QK_HEAD_DIM=128, QK_HEAD_DIM_ROUNDED=128, ROWS_GUARANTEED_SAFE=False, SAFE_HEAD_DIM=True, SM_SCALE=0.08838834764831843, SPARSE_KV_BLOCK_SIZE=128, SPARSE_Q_BLOCK_SIZE=128, USE_TMA=False, V_HEAD_DIM=128, V_HEAD_DIM_ROUNDED=128, WRITE_DQ=True, num_stages=1, num_warps=8
[rank3]:  triton_flex_attention_8 1.5430 ms 55.3% BLOCKS_ARE_CONTIGUOUS=False, BLOCK_M=128, BLOCK_N=128, FLOAT32_PRECISION="'ieee'", GQA_SHARED_HEADS=1, HAS_FULL_BLOCKS=True, IS_DIVISIBLE=False, OUTPUT_LOGSUMEXP=True, OUTPUT_MAX=False, PRESCALE_QK=False, QK_HEAD_DIM=128, QK_HEAD_DIM_ROUNDED=128, ROWS_GUARANTEED_SAFE=False, SAFE_HEAD_DIM=True, SM_SCALE=0.08838834764831843, SPARSE_KV_BLOCK_SIZE=128, SPARSE_Q_BLOCK_SIZE=128, USE_TMA=False, V_HEAD_DIM=128, V_HEAD_DIM_ROUNDED=128, WRITE_DQ=True, num_stages=3, num_warps=4
[rank3]:SingleProcess AUTOTUNE benchmarking takes 0.3379 seconds and 2.0318 seconds precompiling for 7 choices
[rank3]:Autotune Choices Stats:
[rank3]:{"num_choices": 13, "num_triton_choices": 13, "best_kernel": "triton_flex_attention_backward_26", "best_kernel_desc": "BLOCKS_ARE_CONTIGUOUS=False, BLOCK_M1=64, BLOCK_M2=128, BLOCK_N1=128, BLOCK_N2=64, FLOAT32_PRECISION=\"'ieee'\", GQA_SHARED_HEADS=1, HAS_FULL_BLOCKS=True, IS_DIVISIBLE=False, OUTPUT_LOGSUMEXP=True, OUTPUT_MAX=False, PRESCALE_QK=False, QK_HEAD_DIM=128, QK_HEAD_DIM_ROUNDED=128, ROWS_GUARANTEED_SAFE=False, SAFE_HEAD_DIM=True, SM_SCALE=0.08838834764831843, SPARSE_KV_BLOCK_SIZE=128, SPARSE_Q_BLOCK_SIZE=128, USE_TMA=False, V_HEAD_DIM=128, V_HEAD_DIM_ROUNDED=128, WRITE_DQ=True, num_stages=3, num_warps=8", "best_time": 2.401632070541382, "best_triton_pos": 0}
[rank3]:AUTOTUNE flex_attention_backward(1x12x5184x128, 1x12x5184x128, 1x12x5184x128, 1x12x5184, 1x12x5184, 1x12x5184x128, 1x12x5184x128, 1x12x5184x128, 1x1x41, 1x1x41x41, 1x1x41, 1x1x41x41, 1x1x41, 1x1x41x41, 1x1x41, 1x1x41x41, 5184)
[rank3]:strides: [1536, 128, 1536, 1], [1536, 128, 1536, 1], [1536, 128, 1536, 1], [62208, 5184, 1], [62208, 5184, 1], [7962624, 128, 1536, 1], [7962624, 128, 1536, 1], [7962624, 128, 1536, 1], [s99, s99, 1], [s22*s72, s22*s72, s72, 1], [s56, s56, 1], [s53*s84, s53*s84, s53, 1], [s94, s94, 1], [s28*s4, s28*s4, s4, 1], [s100, s100, 1], [s10*s5, s10*s5, s10, 1], [1]
[rank3]:dtypes: torch.bfloat16, torch.bfloat16, torch.bfloat16, torch.float32, torch.float32, torch.bfloat16, torch.bfloat16, torch.bfloat16, torch.int32, torch.int32, torch.int32, torch.int32, torch.int32, torch.int32, torch.int32, torch.int32, torch.int32
[rank3]:  triton_flex_attention_backward_26 2.4016 ms 100.0% BLOCKS_ARE_CONTIGUOUS=False, BLOCK_M1=64, BLOCK_M2=128, BLOCK_N1=128, BLOCK_N2=64, FLOAT32_PRECISION="'ieee'", GQA_SHARED_HEADS=1, HAS_FULL_BLOCKS=True, IS_DIVISIBLE=False, OUTPUT_LOGSUMEXP=True, OUTPUT_MAX=False, PRESCALE_QK=False, QK_HEAD_DIM=128, QK_HEAD_DIM_ROUNDED=128, ROWS_GUARANTEED_SAFE=False, SAFE_HEAD_DIM=True, SM_SCALE=0.08838834764831843, SPARSE_KV_BLOCK_SIZE=128, SPARSE_Q_BLOCK_SIZE=128, USE_TMA=False, V_HEAD_DIM=128, V_HEAD_DIM_ROUNDED=128, WRITE_DQ=True, num_stages=3, num_warps=8
[rank3]:  triton_flex_attention_backward_19 2.4475 ms 98.1% BLOCKS_ARE_CONTIGUOUS=False, BLOCK_M1=32, BLOCK_M2=64, BLOCK_N1=64, BLOCK_N2=32, FLOAT32_PRECISION="'ieee'", GQA_SHARED_HEADS=1, HAS_FULL_BLOCKS=True, IS_DIVISIBLE=False, OUTPUT_LOGSUMEXP=True, OUTPUT_MAX=False, PRESCALE_QK=False, QK_HEAD_DIM=128, QK_HEAD_DIM_ROUNDED=128, ROWS_GUARANTEED_SAFE=False, SAFE_HEAD_DIM=True, SM_SCALE=0.08838834764831843, SPARSE_KV_BLOCK_SIZE=128, SPARSE_Q_BLOCK_SIZE=128, USE_TMA=False, V_HEAD_DIM=128, V_HEAD_DIM_ROUNDED=128, WRITE_DQ=True, num_stages=3, num_warps=4
[rank3]:  triton_flex_attention_backward_20 2.4954 ms 96.2% BLOCKS_ARE_CONTIGUOUS=False, BLOCK_M1=32, BLOCK_M2=64, BLOCK_N1=64, BLOCK_N2=32, FLOAT32_PRECISION="'ieee'", GQA_SHARED_HEADS=1, HAS_FULL_BLOCKS=True, IS_DIVISIBLE=False, OUTPUT_LOGSUMEXP=True, OUTPUT_MAX=False, PRESCALE_QK=False, QK_HEAD_DIM=128, QK_HEAD_DIM_ROUNDED=128, ROWS_GUARANTEED_SAFE=False, SAFE_HEAD_DIM=True, SM_SCALE=0.08838834764831843, SPARSE_KV_BLOCK_SIZE=128, SPARSE_Q_BLOCK_SIZE=128, USE_TMA=False, V_HEAD_DIM=128, V_HEAD_DIM_ROUNDED=128, WRITE_DQ=True, num_stages=4, num_warps=4
[rank3]:  triton_flex_attention_backward_22 3.0662 ms 78.3% BLOCKS_ARE_CONTIGUOUS=False, BLOCK_M1=64, BLOCK_M2=64, BLOCK_N1=64, BLOCK_N2=64, FLOAT32_PRECISION="'ieee'", GQA_SHARED_HEADS=1, HAS_FULL_BLOCKS=True, IS_DIVISIBLE=False, OUTPUT_LOGSUMEXP=True, OUTPUT_MAX=False, PRESCALE_QK=False, QK_HEAD_DIM=128, QK_HEAD_DIM_ROUNDED=128, ROWS_GUARANTEED_SAFE=False, SAFE_HEAD_DIM=True, SM_SCALE=0.08838834764831843, SPARSE_KV_BLOCK_SIZE=128, SPARSE_Q_BLOCK_SIZE=128, USE_TMA=False, V_HEAD_DIM=128, V_HEAD_DIM_ROUNDED=128, WRITE_DQ=True, num_stages=1, num_warps=4
[rank3]:  triton_flex_attention_backward_24 3.0889 ms 77.8% BLOCKS_ARE_CONTIGUOUS=False, BLOCK_M1=64, BLOCK_M2=64, BLOCK_N1=64, BLOCK_N2=64, FLOAT32_PRECISION="'ieee'", GQA_SHARED_HEADS=1, HAS_FULL_BLOCKS=True, IS_DIVISIBLE=False, OUTPUT_LOGSUMEXP=True, OUTPUT_MAX=False, PRESCALE_QK=False, QK_HEAD_DIM=128, QK_HEAD_DIM_ROUNDED=128, ROWS_GUARANTEED_SAFE=False, SAFE_HEAD_DIM=True, SM_SCALE=0.08838834764831843, SPARSE_KV_BLOCK_SIZE=128, SPARSE_Q_BLOCK_SIZE=128, USE_TMA=False, V_HEAD_DIM=128, V_HEAD_DIM_ROUNDED=128, WRITE_DQ=True, num_stages=4, num_warps=4
[rank3]:  triton_flex_attention_backward_23 3.1101 ms 77.2% BLOCKS_ARE_CONTIGUOUS=False, BLOCK_M1=64, BLOCK_M2=64, BLOCK_N1=64, BLOCK_N2=64, FLOAT32_PRECISION="'ieee'", GQA_SHARED_HEADS=1, HAS_FULL_BLOCKS=True, IS_DIVISIBLE=False, OUTPUT_LOGSUMEXP=True, OUTPUT_MAX=False, PRESCALE_QK=False, QK_HEAD_DIM=128, QK_HEAD_DIM_ROUNDED=128, ROWS_GUARANTEED_SAFE=False, SAFE_HEAD_DIM=True, SM_SCALE=0.08838834764831843, SPARSE_KV_BLOCK_SIZE=128, SPARSE_Q_BLOCK_SIZE=128, USE_TMA=False, V_HEAD_DIM=128, V_HEAD_DIM_ROUNDED=128, WRITE_DQ=True, num_stages=3, num_warps=4
[rank3]:  triton_flex_attention_backward_25 3.1468 ms 76.3% BLOCKS_ARE_CONTIGUOUS=False, BLOCK_M1=64, BLOCK_M2=64, BLOCK_N1=64, BLOCK_N2=64, FLOAT32_PRECISION="'ieee'", GQA_SHARED_HEADS=1, HAS_FULL_BLOCKS=True, IS_DIVISIBLE=False, OUTPUT_LOGSUMEXP=True, OUTPUT_MAX=False, PRESCALE_QK=False, QK_HEAD_DIM=128, QK_HEAD_DIM_ROUNDED=128, ROWS_GUARANTEED_SAFE=False, SAFE_HEAD_DIM=True, SM_SCALE=0.08838834764831843, SPARSE_KV_BLOCK_SIZE=128, SPARSE_Q_BLOCK_SIZE=128, USE_TMA=False, V_HEAD_DIM=128, V_HEAD_DIM_ROUNDED=128, WRITE_DQ=True, num_stages=5, num_warps=4
[rank3]:  triton_flex_attention_backward_18 3.3661 ms 71.3% BLOCKS_ARE_CONTIGUOUS=False, BLOCK_M1=32, BLOCK_M2=64, BLOCK_N1=64, BLOCK_N2=32, FLOAT32_PRECISION="'ieee'", GQA_SHARED_HEADS=1, HAS_FULL_BLOCKS=True, IS_DIVISIBLE=False, OUTPUT_LOGSUMEXP=True, OUTPUT_MAX=False, PRESCALE_QK=False, QK_HEAD_DIM=128, QK_HEAD_DIM_ROUNDED=128, ROWS_GUARANTEED_SAFE=False, SAFE_HEAD_DIM=True, SM_SCALE=0.08838834764831843, SPARSE_KV_BLOCK_SIZE=128, SPARSE_Q_BLOCK_SIZE=128, USE_TMA=False, V_HEAD_DIM=128, V_HEAD_DIM_ROUNDED=128, WRITE_DQ=True, num_stages=1, num_warps=4
[rank3]:  triton_flex_attention_backward_21 3.5932 ms 66.8% BLOCKS_ARE_CONTIGUOUS=False, BLOCK_M1=32, BLOCK_M2=64, BLOCK_N1=64, BLOCK_N2=32, FLOAT32_PRECISION="'ieee'", GQA_SHARED_HEADS=1, HAS_FULL_BLOCKS=True, IS_DIVISIBLE=False, OUTPUT_LOGSUMEXP=True, OUTPUT_MAX=False, PRESCALE_QK=False, QK_HEAD_DIM=128, QK_HEAD_DIM_ROUNDED=128, ROWS_GUARANTEED_SAFE=False, SAFE_HEAD_DIM=True, SM_SCALE=0.08838834764831843, SPARSE_KV_BLOCK_SIZE=128, SPARSE_Q_BLOCK_SIZE=128, USE_TMA=False, V_HEAD_DIM=128, V_HEAD_DIM_ROUNDED=128, WRITE_DQ=True, num_stages=5, num_warps=4
[rank3]:  triton_flex_attention_backward_16 6.9125 ms 34.7% BLOCKS_ARE_CONTIGUOUS=False, BLOCK_M1=32, BLOCK_M2=32, BLOCK_N1=32, BLOCK_N2=32, FLOAT32_PRECISION="'ieee'", GQA_SHARED_HEADS=1, HAS_FULL_BLOCKS=True, IS_DIVISIBLE=False, OUTPUT_LOGSUMEXP=True, OUTPUT_MAX=False, PRESCALE_QK=False, QK_HEAD_DIM=128, QK_HEAD_DIM_ROUNDED=128, ROWS_GUARANTEED_SAFE=False, SAFE_HEAD_DIM=True, SM_SCALE=0.08838834764831843, SPARSE_KV_BLOCK_SIZE=128, SPARSE_Q_BLOCK_SIZE=128, USE_TMA=False, V_HEAD_DIM=128, V_HEAD_DIM_ROUNDED=128, WRITE_DQ=True, num_stages=4, num_warps=4
[rank3]:SingleProcess AUTOTUNE benchmarking takes 0.8967 seconds and 3.1767 seconds precompiling for 13 choices
[rank3]:[titan] 2026-09-30 09:43:06,681 - torchtitan.observability.metrics - INFO - [31mstep:  8  [32mloss:  6.17043  [38;2;180;60;0mgrad_norm: 66.0000  [38;2;54;234;195mmemory: 55.91GiB(70.59%)  [34mtps: 224  [36mtflops: 12.24  [35mmfu: 1.24%[39m
[rank2]:[titan] 2026-09-30 09:43:06,689 - torchtitan.observability.metrics - INFO - [31mstep:  8  [32mloss: -1.00000  [38;2;180;60;0mgrad_norm: 66.0000  [38;2;54;234;195mmemory: 73.93GiB(93.34%)  [34mtps: 224  [36mtflops: 12.24  [35mmfu: 1.24%[39m
[rank1]:[titan] 2026-09-30 09:43:06,688 - torchtitan.observability.metrics - INFO - [31mstep:  8  [32mloss: -1.00000  [38;2;180;60;0mgrad_norm: 66.0000  [38;2;54;234;195mmemory: 66.60GiB(84.09%)  [34mtps: 224  [36mtflops: 12.24  [35mmfu: 1.24%[39m
[rank0]:[titan] 2026-09-30 09:43:06,688 - torchtitan.observability.metrics - INFO - [31mstep:  8  [32mloss: -1.00000  [38;2;180;60;0mgrad_norm: 66.0000  [38;2;54;234;195mmemory: 66.13GiB(83.49%)  [34mtps: 224  [36mtflops: 12.24  [35mmfu: 1.24%[39m
[rank2]:/root/mep/venv_src/lib/python3.12/site-packages/torch/distributed/fsdp/_fully_shard/_fsdp_state.py:336: UserWarning: FSDP2-wrapped module (FSDPCheckpointWrapper) returned a view tensor. An in-place op on this view (e.g., `x += y`) will silently drop the pre-backward hook and skip the all-gather, which can cause backward to fail or produce wrong gradients. Use out-of-place ops (`out = out + y`, not `out += y`) or `.clone()` the output before any in-place op.
[rank2]:  output = self._register_pre_backward_hook(output)
[rank3]:/root/mep/venv_src/lib/python3.12/site-packages/torch/distributed/fsdp/_fully_shard/_fsdp_state.py:336: UserWarning: FSDP2-wrapped module (FSDPCheckpointWrapper) returned a view tensor. An in-place op on this view (e.g., `x += y`) will silently drop the pre-backward hook and skip the all-gather, which can cause backward to fail or produce wrong gradients. Use out-of-place ops (`out = out + y`, not `out += y`) or `.clone()` the output before any in-place op.
[rank3]:  output = self._register_pre_backward_hook(output)
[rank3]:/root/mep/venv_src/lib/python3.12/site-packages/torch/distributed/fsdp/_fully_shard/_fsdp_state.py:336: UserWarning: FSDP2-wrapped module (FSDPKimiK3Model) returned a view tensor. An in-place op on this view (e.g., `x += y`) will silently drop the pre-backward hook and skip the all-gather, which can cause backward to fail or produce wrong gradients. Use out-of-place ops (`out = out + y`, not `out += y`) or `.clone()` the output before any in-place op.
[rank3]:  output = self._register_pre_backward_hook(output)
[rank1]:[titan] 2026-09-30 09:43:08,740 - torchtitan.observability.metrics - INFO - [31mstep:  9  [32mloss: -1.00000  [38;2;180;60;0mgrad_norm: 198.0000  [38;2;54;234;195mmemory: 66.60GiB(84.09%)  [34mtps: 1,996  [36mtflops: 108.99  [35mmfu: 11.02%[39m
[rank1]:USDT:2026-09-30 09:43:08 87060:87060 SyncActivityProfilerHandler.cpp:39] profiler_start
[rank2]:[titan] 2026-09-30 09:43:08,742 - torchtitan.observability.metrics - INFO - [31mstep:  9  [32mloss: -1.00000  [38;2;180;60;0mgrad_norm: 198.0000  [38;2;54;234;195mmemory: 73.93GiB(93.34%)  [34mtps: 1,996  [36mtflops: 108.95  [35mmfu: 11.02%[39m
[rank3]:USDT:2026-09-30 09:43:08 87062:87062 SyncActivityProfilerHandler.cpp:39] profiler_start
[rank2]:USDT:2026-09-30 09:43:08 87061:87061 SyncActivityProfilerHandler.cpp:39] profiler_start
[rank0]:USDT:2026-09-30 09:43:08 87059:87059 SyncActivityProfilerHandler.cpp:39] profiler_start
[rank0]:[titan] 2026-09-30 09:43:08,741 - torchtitan.observability.metrics - INFO - [31mstep:  9  [32mloss: -1.00000  [38;2;180;60;0mgrad_norm: 198.0000  [38;2;54;234;195mmemory: 66.13GiB(83.49%)  [34mtps: 1,996  [36mtflops: 108.95  [35mmfu: 11.02%[39m
[rank3]:[titan] 2026-09-30 09:43:08,736 - torchtitan.observability.metrics - INFO - [31mstep:  9  [32mloss:  7.31005  [38;2;180;60;0mgrad_norm: 198.0000  [38;2;54;234;195mmemory: 55.91GiB(70.59%)  [34mtps: 1,994  [36mtflops: 108.84  [35mmfu: 11.01%[39m
[rank0]:[titan] 2026-09-30 09:43:10,985 - torchtitan.observability.metrics - INFO - [31mstep: 10  [32mloss: -1.00000  [38;2;180;60;0mgrad_norm: 29.3750  [38;2;54;234;195mmemory: 66.13GiB(83.49%)  [34mtps: 1,826  [36mtflops: 99.67  [35mmfu: 10.08%[39m
[rank3]:[titan] 2026-09-30 09:43:10,979 - torchtitan.observability.metrics - INFO - [31mstep: 10  [32mloss:  5.50620  [38;2;180;60;0mgrad_norm: 29.3750  [38;2;54;234;195mmemory: 55.91GiB(70.59%)  [34mtps: 1,827  [36mtflops: 99.73  [35mmfu: 10.08%[39m
[rank1]:[titan] 2026-09-30 09:43:10,984 - torchtitan.observability.metrics - INFO - [31mstep: 10  [32mloss: -1.00000  [38;2;180;60;0mgrad_norm: 29.3750  [38;2;54;234;195mmemory: 66.60GiB(84.09%)  [34mtps: 1,826  [36mtflops: 99.67  [35mmfu: 10.08%[39m
[rank2]:[titan] 2026-09-30 09:43:10,985 - torchtitan.observability.metrics - INFO - [31mstep: 10  [32mloss: -1.00000  [38;2;180;60;0mgrad_norm: 29.3750  [38;2;54;234;195mmemory: 73.93GiB(93.34%)  [34mtps: 1,826  [36mtflops: 99.67  [35mmfu: 10.08%[39m
[rank1]:USDT:2026-09-30 09:43:11 87060:87060 SyncActivityProfilerHandler.cpp:46] profiler_stop
[rank3]:USDT:2026-09-30 09:43:11 87062:87062 SyncActivityProfilerHandler.cpp:46] profiler_stop
[rank2]:USDT:2026-09-30 09:43:11 87061:87061 SyncActivityProfilerHandler.cpp:46] profiler_stop
[rank0]:USDT:2026-09-30 09:43:11 87059:87059 SyncActivityProfilerHandler.cpp:46] profiler_stop
[rank3]:[titan] 2026-09-30 09:43:11,949 - torchtitan.observability.profiler - INFO - Dumping profiler traces at step 10
[rank0]:[titan] 2026-09-30 09:43:12,267 - torchtitan.observability.profiler - INFO - Dumping profiler traces at step 10
[rank2]:[titan] 2026-09-30 09:43:12,356 - torchtitan.observability.profiler - INFO - Dumping profiler traces at step 10
[rank1]:[titan] 2026-09-30 09:43:12,292 - torchtitan.observability.profiler - INFO - Dumping profiler traces at step 10
[rank3]:[titan] 2026-09-30 09:43:15,422 - torchtitan.observability.profiler - INFO - Finished dumping profiler traces in 3.47 seconds
[rank0]:[titan] 2026-09-30 09:43:16,960 - torchtitan.observability.profiler - INFO - Finished dumping profiler traces in 4.69 seconds
[rank1]:[titan] 2026-09-30 09:43:17,007 - torchtitan.observability.profiler - INFO - Finished dumping profiler traces in 4.72 seconds
[rank2]:[titan] 2026-09-30 09:43:17,216 - torchtitan.observability.profiler - INFO - Finished dumping profiler traces in 4.86 seconds
[rank1]:[titan] 2026-09-30 09:43:19,237 - torchtitan.observability.metrics - INFO - [31mstep: 11  [32mloss: -1.00000  [38;2;180;60;0mgrad_norm: 29.6250  [38;2;54;234;195mmemory: 66.60GiB(84.09%)  [34mtps: 496  [36mtflops: 27.10  [35mmfu: 2.74%[39m
[rank2]:[titan] 2026-09-30 09:43:19,238 - torchtitan.observability.metrics - INFO - [31mstep: 11  [32mloss: -1.00000  [38;2;180;60;0mgrad_norm: 29.6250  [38;2;54;234;195mmemory: 73.93GiB(93.34%)  [34mtps: 496  [36mtflops: 27.10  [35mmfu: 2.74%[39m
[rank0]:[titan] 2026-09-30 09:43:19,238 - torchtitan.observability.metrics - INFO - [31mstep: 11  [32mloss: -1.00000  [38;2;180;60;0mgrad_norm: 29.6250  [38;2;54;234;195mmemory: 66.13GiB(83.49%)  [34mtps: 496  [36mtflops: 27.10  [35mmfu: 2.74%[39m
[rank3]:[titan] 2026-09-30 09:43:19,231 - torchtitan.observability.metrics - INFO - [31mstep: 11  [32mloss:  5.32765  [38;2;180;60;0mgrad_norm: 29.6250  [38;2;54;234;195mmemory: 55.91GiB(70.59%)  [34mtps: 496  [36mtflops: 27.10  [35mmfu: 2.74%[39m
[rank2]:[titan] 2026-09-30 09:43:21,228 - torchtitan.observability.metrics - INFO - [31mstep: 12  [32mloss: -1.00000  [38;2;180;60;0mgrad_norm: 113.0000  [38;2;54;234;195mmemory: 73.93GiB(93.34%)  [34mtps: 2,059  [36mtflops: 112.42  [35mmfu: 11.37%[39m
[rank1]:[titan] 2026-09-30 09:43:21,226 - torchtitan.observability.metrics - INFO - [31mstep: 12  [32mloss: -1.00000  [38;2;180;60;0mgrad_norm: 113.0000  [38;2;54;234;195mmemory: 66.60GiB(84.09%)  [34mtps: 2,059  [36mtflops: 112.43  [35mmfu: 11.37%[39m
[rank1]:[titan] 2026-09-30 09:43:21,227 - torchtitan.trainer - INFO - Training completed
[rank2]:[titan] 2026-09-30 09:43:21,229 - torchtitan.trainer - INFO - Training completed
[rank0]:[titan] 2026-09-30 09:43:21,227 - torchtitan.observability.metrics - INFO - [31mstep: 12  [32mloss: -1.00000  [38;2;180;60;0mgrad_norm: 113.0000  [38;2;54;234;195mmemory: 66.13GiB(83.49%)  [34mtps: 2,059  [36mtflops: 112.43  [35mmfu: 11.37%[39m
[rank0]:[titan] 2026-09-30 09:43:21,228 - torchtitan.trainer - INFO - Sleeping 2 seconds for other ranks to complete
[rank3]:[titan] 2026-09-30 09:43:21,221 - torchtitan.observability.metrics - INFO - [31mstep: 12  [32mloss:  5.16342  [38;2;180;60;0mgrad_norm: 113.0000  [38;2;54;234;195mmemory: 55.91GiB(70.59%)  [34mtps: 2,059  [36mtflops: 112.42  [35mmfu: 11.37%[39m
[rank3]:[titan] 2026-09-30 09:43:21,222 - torchtitan.trainer - INFO - Training completed
[rank0]:[titan] 2026-09-30 09:43:23,228 - torchtitan.trainer - INFO - Training completed
[rank0]:[titan] 2026-09-30 09:43:25,761 - __main__ - INFO - Process group destroyed
[rank1]:[titan] 2026-09-30 09:43:25,841 - __main__ - INFO - Process group destroyed
[rank2]:[titan] 2026-09-30 09:43:25,817 - __main__ - INFO - Process group destroyed
[rank3]:[titan] 2026-09-30 09:43:25,834 - __main__ - INFO - Process group destroyed
