W0930 08:13:26.102000 60733 torch/distributed/run.py:982] 
W0930 08:13:26.102000 60733 torch/distributed/run.py:982] *****************************************
W0930 08:13:26.102000 60733 torch/distributed/run.py:982] Setting OMP_NUM_THREADS environment variable for each process to be 1 in default, to avoid your system being overloaded, please further tune the variable for optimal performance in your application as needed. 
W0930 08:13:26.102000 60733 torch/distributed/run.py:982] *****************************************
[rank2]:WARNING:absl:Failed to load jax profiler: No module named 'jax'
[rank3]:WARNING:absl:Failed to load jax profiler: No module named 'jax'
[rank1]:WARNING:absl:Failed to load jax profiler: No module named 'jax'
[rank0]:WARNING:absl:Failed to load jax profiler: No module named 'jax'
[rank1]:[titan] 2026-09-30 08:13:32,059 - __main__ - INFO - torchtitan version: 0.0.0+unknown (0.0.0 means __version__ is not defined correctly).
[rank3]:[titan] 2026-09-30 08:13:32,167 - __main__ - INFO - torchtitan version: 0.0.0+unknown (0.0.0 means __version__ is not defined correctly).
[rank2]:[titan] 2026-09-30 08:13:32,205 - __main__ - INFO - torchtitan version: 0.0.0+unknown (0.0.0 means __version__ is not defined correctly).
[rank0]:[titan] 2026-09-30 08:13:32,274 - __main__ - INFO - torchtitan version: 0.0.0+unknown (0.0.0 means __version__ is not defined correctly).
[rank1]:[titan] 2026-09-30 08:13:32,785 - torchtitan.observability.structured_logger.jsonl_handler - INFO - Structured logging -> JSONL: /root/mep/results/dep_smoke_pp4vpp4/w_dep_bubble_s6144_c2_m16/out/structured_logs/training.global_rank_1.20260930-081332-NXNHX2.jsonl
[rank2]:[titan] 2026-09-30 08:13:32,934 - torchtitan.observability.structured_logger.jsonl_handler - INFO - Structured logging -> JSONL: /root/mep/results/dep_smoke_pp4vpp4/w_dep_bubble_s6144_c2_m16/out/structured_logs/training.global_rank_2.20260930-081332-LWF4HW.jsonl
[rank3]:[titan] 2026-09-30 08:13:32,893 - torchtitan.observability.structured_logger.jsonl_handler - INFO - Structured logging -> JSONL: /root/mep/results/dep_smoke_pp4vpp4/w_dep_bubble_s6144_c2_m16/out/structured_logs/training.global_rank_3.20260930-081332-6MSHMZ.jsonl
[rank0]:[titan] 2026-09-30 08:13:33,019 - torchtitan.observability.structured_logger.jsonl_handler - INFO - Structured logging -> JSONL: /root/mep/results/dep_smoke_pp4vpp4/w_dep_bubble_s6144_c2_m16/out/structured_logs/training.global_rank_0.20260930-081333-0UC6QX.jsonl
[rank1]:[titan] 2026-09-30 08:13:33,320 - torchtitan.distributed.utils - WARNING - ENV[TORCH_NCCL_ASYNC_ERROR_HANDLING] = 1 will be overridden to 3 based on job config
[rank2]:[titan] 2026-09-30 08:13:33,660 - torchtitan.distributed.utils - WARNING - ENV[TORCH_NCCL_ASYNC_ERROR_HANDLING] = 1 will be overridden to 3 based on job config
[rank0]:[titan] 2026-09-30 08:13:33,689 - torchtitan.distributed.utils - WARNING - ENV[TORCH_NCCL_ASYNC_ERROR_HANDLING] = 1 will be overridden to 3 based on job config
[rank3]:[titan] 2026-09-30 08:13:33,658 - torchtitan.distributed.utils - WARNING - ENV[TORCH_NCCL_ASYNC_ERROR_HANDLING] = 1 will be overridden to 3 based on job config
[rank2]:[titan] 2026-09-30 08:13:34,381 - torchtitan.tools.utils - INFO - [GC] Initial GC collection took 0.00 seconds
[rank0]:[titan] 2026-09-30 08:13:34,381 - torchtitan.tools.utils - INFO - [GC] Initial GC collection took 0.00 seconds
[rank1]:[titan] 2026-09-30 08:13:34,381 - torchtitan.tools.utils - INFO - [GC] Initial GC collection took 0.00 seconds
[rank3]:[titan] 2026-09-30 08:13:34,382 - torchtitan.tools.utils - INFO - [GC] Initial GC collection took 0.00 seconds
[rank0]:[titan] 2026-09-30 08:13:35,301 - torchtitan.distributed.parallelism_context - INFO - Building device mesh with parallelism: pp=4, dp_replicate=1, dp_shard=1, cp=1, tp=1, ep=1
[rank2]:[titan] 2026-09-30 08:13:35,301 - torchtitan.distributed.parallelism_context - INFO - Building device mesh with parallelism: pp=4, dp_replicate=1, dp_shard=1, cp=1, tp=1, ep=1
[rank1]:[titan] 2026-09-30 08:13:35,301 - torchtitan.distributed.parallelism_context - INFO - Building device mesh with parallelism: pp=4, dp_replicate=1, dp_shard=1, cp=1, tp=1, ep=1
[rank3]:[titan] 2026-09-30 08:13:35,302 - torchtitan.distributed.parallelism_context - INFO - Building device mesh with parallelism: pp=4, dp_replicate=1, dp_shard=1, cp=1, tp=1, ep=1
[rank0]:[titan] 2026-09-30 08:13:35,851 - torchtitan.distributed.parallelism_context - INFO - Successfully created meshes with active axes: ['pp']
[rank1]:[titan] 2026-09-30 08:13:35,846 - torchtitan.distributed.parallelism_context - INFO - Successfully created meshes with active axes: ['pp']
[rank0]:[titan] 2026-09-30 08:13:35,855 - torchtitan.observability.metrics - INFO - CUDA capacity: NVIDIA H100 80GB HBM3 with 79.21GiB memory
[rank1]:[titan] 2026-09-30 08:13:35,848 - torchtitan.observability.metrics - INFO - CUDA capacity: NVIDIA H100 80GB HBM3 with 79.21GiB memory
[rank2]:[titan] 2026-09-30 08:13:35,851 - torchtitan.distributed.parallelism_context - INFO - Successfully created meshes with active axes: ['pp']
[rank1]:[titan] 2026-09-30 08:13:35,858 - torchtitan.config.configurable - WARNING - Config field value of type InterpolationMode may not be JSON serializable
[rank2]:[titan] 2026-09-30 08:13:35,853 - torchtitan.observability.metrics - INFO - CUDA capacity: NVIDIA H100 80GB HBM3 with 79.21GiB memory
[rank1]:[titan] 2026-09-30 08:13:35,859 - torchtitan.tools.utils - WARNING - Error running lspci: [Errno 2] No such file or directory: 'lspci', fallback to use device_name
[rank2]:[titan] 2026-09-30 08:13:35,863 - torchtitan.config.configurable - WARNING - Config field value of type InterpolationMode may not be JSON serializable
[rank0]:[titan] 2026-09-30 08:13:35,865 - torchtitan.config.configurable - WARNING - Config field value of type InterpolationMode may not be JSON serializable
[rank2]:[titan] 2026-09-30 08:13:35,864 - torchtitan.tools.utils - WARNING - Error running lspci: [Errno 2] No such file or directory: 'lspci', fallback to use device_name
[rank1]:[titan] 2026-09-30 08:13:35,859 - torchtitan.components.tokenizer - INFO - Loading tokenizer from tokenizer.json
[rank0]:[titan] 2026-09-30 08:13:35,867 - torchtitan.tools.utils - WARNING - Error running lspci: [Errno 2] No such file or directory: 'lspci', fallback to use device_name
[rank2]:[titan] 2026-09-30 08:13:35,865 - torchtitan.components.tokenizer - INFO - Loading tokenizer from tokenizer.json
[rank0]:[titan] 2026-09-30 08:13:35,867 - torchtitan.components.tokenizer - INFO - Loading tokenizer from tokenizer.json
[rank3]:[titan] 2026-09-30 08:13:35,852 - torchtitan.distributed.parallelism_context - INFO - Successfully created meshes with active axes: ['pp']
[rank3]:[titan] 2026-09-30 08:13:35,854 - torchtitan.observability.metrics - INFO - CUDA capacity: NVIDIA H100 80GB HBM3 with 79.21GiB memory
[rank3]:[titan] 2026-09-30 08:13:35,865 - torchtitan.config.configurable - WARNING - Config field value of type InterpolationMode may not be JSON serializable
[rank3]:[titan] 2026-09-30 08:13:35,866 - torchtitan.tools.utils - WARNING - Error running lspci: [Errno 2] No such file or directory: 'lspci', fallback to use device_name
[rank3]:[titan] 2026-09-30 08:13:35,866 - torchtitan.components.tokenizer - INFO - Loading tokenizer from tokenizer.json
[rank1]:[titan] 2026-09-30 08:13:36,039 - torchtitan.protocols.state_dict_adapter - WARNING - model.safetensors.index.json not found at hf_assets_path: ./tests/assets/tokenizer/model.safetensors.index.json.                     Defaulting to saving a single safetensors file if checkpoint is saved in HF format
[rank1]:[titan] 2026-09-30 08:13:36,045 - torchtitan.models.utils - INFO - Total parameter count: 12,059,226,240, active parameters: 8,885,570,688
[rank1]:[titan] 2026-09-30 08:13:36,093 - torchtitan.distributed.activation_checkpoint - INFO - Applied FullAC activation checkpointing to the model
[rank3]:[titan] 2026-09-30 08:13:36,050 - torchtitan.protocols.state_dict_adapter - WARNING - model.safetensors.index.json not found at hf_assets_path: ./tests/assets/tokenizer/model.safetensors.index.json.                     Defaulting to saving a single safetensors file if checkpoint is saved in HF format
[rank3]:[titan] 2026-09-30 08:13:36,057 - torchtitan.models.utils - INFO - Total parameter count: 12,059,226,240, active parameters: 8,885,570,688
[rank0]:[titan] 2026-09-30 08:13:36,196 - torchtitan.protocols.state_dict_adapter - WARNING - model.safetensors.index.json not found at hf_assets_path: ./tests/assets/tokenizer/model.safetensors.index.json.                     Defaulting to saving a single safetensors file if checkpoint is saved in HF format
[rank3]:[titan] 2026-09-30 08:13:36,104 - torchtitan.distributed.activation_checkpoint - INFO - Applied FullAC activation checkpointing to the model
[rank2]:[titan] 2026-09-30 08:13:36,202 - torchtitan.protocols.state_dict_adapter - WARNING - model.safetensors.index.json not found at hf_assets_path: ./tests/assets/tokenizer/model.safetensors.index.json.                     Defaulting to saving a single safetensors file if checkpoint is saved in HF format
[rank2]:[titan] 2026-09-30 08:13:36,207 - torchtitan.models.utils - INFO - Total parameter count: 12,059,226,240, active parameters: 8,885,570,688
[rank2]:[titan] 2026-09-30 08:13:36,252 - torchtitan.distributed.activation_checkpoint - INFO - Applied FullAC activation checkpointing to the model
[rank0]:[titan] 2026-09-30 08:13:36,202 - torchtitan.models.utils - INFO - Total parameter count: 12,059,226,240, active parameters: 8,885,570,688
[rank0]:[titan] 2026-09-30 08:13:36,246 - torchtitan.distributed.activation_checkpoint - INFO - Applied FullAC activation checkpointing to the model
[rank1]:[titan] 2026-09-30 08:13:36,307 - torchtitan.distributed.pipeline_parallel - INFO - PP rank 1 is building stage_idx 1 with modules ['layers.1', 'layers.2']
[rank1]:[titan] 2026-09-30 08:13:36,393 - torchtitan.distributed.pipeline_parallel - INFO - PP rank 1 is building stage_idx 5 with modules ['layers.7']
[rank3]:[titan] 2026-09-30 08:13:36,318 - torchtitan.distributed.pipeline_parallel - INFO - PP rank 3 is building stage_idx 3 with modules ['layers.5']
[rank2]:[titan] 2026-09-30 08:13:36,470 - torchtitan.distributed.pipeline_parallel - INFO - PP rank 2 is building stage_idx 2 with modules ['layers.3', 'layers.4']
[rank0]:[titan] 2026-09-30 08:13:36,468 - torchtitan.distributed.pipeline_parallel - INFO - PP rank 0 is building stage_idx 0 with modules ['vision_encoder', 'tok_embeddings', 'layers.0']
[rank1]:[titan] 2026-09-30 08:13:36,478 - torchtitan.distributed.pipeline_parallel - INFO - PP rank 1 is building stage_idx 9 with modules ['layers.11']
[rank3]:[titan] 2026-09-30 08:13:36,403 - torchtitan.distributed.pipeline_parallel - INFO - PP rank 3 is building stage_idx 7 with modules ['layers.9']
[rank3]:[titan] 2026-09-30 08:13:36,488 - torchtitan.distributed.pipeline_parallel - INFO - PP rank 3 is building stage_idx 11 with modules ['layers.13']
[rank0]:[titan] 2026-09-30 08:13:36,555 - torchtitan.distributed.pipeline_parallel - INFO - PP rank 0 is building stage_idx 4 with modules ['layers.6']
[rank2]:[titan] 2026-09-30 08:13:36,555 - torchtitan.distributed.pipeline_parallel - INFO - PP rank 2 is building stage_idx 6 with modules ['layers.8']
[rank1]:[titan] 2026-09-30 08:13:36,563 - torchtitan.distributed.pipeline_parallel - INFO - PP rank 1 is building stage_idx 13 with modules ['layers.15']
[rank1]:[titan] 2026-09-30 08:13:36,568 - torchtitan.distributed.activation_checkpoint - INFO - Applied FullAC activation checkpointing to the model
[rank3]:[titan] 2026-09-30 08:13:36,573 - torchtitan.distributed.pipeline_parallel - INFO - PP rank 3 is building stage_idx 15 with modules ['norm', 'lm_head', 'output_res_proj', 'output_res_norm']
[rank3]:[titan] 2026-09-30 08:13:36,576 - torchtitan.distributed.activation_checkpoint - INFO - Applied FullAC activation checkpointing to the model
[rank0]:[titan] 2026-09-30 08:13:36,641 - torchtitan.distributed.pipeline_parallel - INFO - PP rank 0 is building stage_idx 8 with modules ['layers.10']
[rank2]:[titan] 2026-09-30 08:13:36,639 - torchtitan.distributed.pipeline_parallel - INFO - PP rank 2 is building stage_idx 10 with modules ['layers.12']
[rank1]:[titan] 2026-09-30 08:13:36,607 - torchtitan.distributed.fsdp - INFO - Applied FSDP to the model
[rank1]:[titan] 2026-09-30 08:13:36,610 - torchtitan.distributed.activation_checkpoint - INFO - Applied FullAC activation checkpointing to the model
[rank1]:[titan] 2026-09-30 08:13:36,619 - torchtitan.distributed.fsdp - INFO - Applied FSDP to the model
[rank1]:[titan] 2026-09-30 08:13:36,621 - torchtitan.distributed.activation_checkpoint - INFO - Applied FullAC activation checkpointing to the model
[rank1]:[titan] 2026-09-30 08:13:36,624 - torchtitan.distributed.fsdp - INFO - Applied FSDP to the model
[rank1]:[titan] 2026-09-30 08:13:36,627 - torchtitan.distributed.activation_checkpoint - INFO - Applied FullAC activation checkpointing to the model
[rank1]:[titan] 2026-09-30 08:13:36,630 - torchtitan.distributed.fsdp - INFO - Applied FSDP to the model
[rank3]:[titan] 2026-09-30 08:13:36,613 - torchtitan.distributed.fsdp - INFO - Applied FSDP to the model
[rank1]:[titan] 2026-09-30 08:13:36,634 - torchtitan.distributed.pipeline_parallel - INFO - Using pipeline schedule Interleaved1F1B with 16 microbatches and 16 stages.
[rank3]:[titan] 2026-09-30 08:13:36,616 - torchtitan.distributed.activation_checkpoint - INFO - Applied FullAC activation checkpointing to the model
[rank3]:[titan] 2026-09-30 08:13:36,620 - torchtitan.distributed.fsdp - INFO - Applied FSDP to the model
[rank3]:[titan] 2026-09-30 08:13:36,622 - torchtitan.distributed.activation_checkpoint - INFO - Applied FullAC activation checkpointing to the model
[rank3]:[titan] 2026-09-30 08:13:36,626 - torchtitan.distributed.fsdp - INFO - Applied FSDP to the model
[rank3]:[titan] 2026-09-30 08:13:36,627 - torchtitan.distributed.activation_checkpoint - INFO - Applied FullAC activation checkpointing to the model
[rank3]:[titan] 2026-09-30 08:13:36,630 - torchtitan.distributed.fsdp - INFO - Applied FSDP to the model
[rank3]:[titan] 2026-09-30 08:13:36,634 - torchtitan.distributed.pipeline_parallel - INFO - Using pipeline schedule Interleaved1F1B with 16 microbatches and 16 stages.
[rank0]:[titan] 2026-09-30 08:13:36,727 - torchtitan.distributed.pipeline_parallel - INFO - PP rank 0 is building stage_idx 12 with modules ['layers.14']
[rank0]:[titan] 2026-09-30 08:13:36,746 - torchtitan.distributed.activation_checkpoint - INFO - Applied FullAC activation checkpointing to the model
[rank0]:[titan] 2026-09-30 08:13:36,746 - torchtitan.distributed.activation_checkpoint - INFO - Applied FullAC activation checkpointing to the model
[rank2]:[titan] 2026-09-30 08:13:36,724 - torchtitan.distributed.pipeline_parallel - INFO - PP rank 2 is building stage_idx 14 with modules ['layers.16']
[rank2]:[titan] 2026-09-30 08:13:36,729 - torchtitan.distributed.activation_checkpoint - INFO - Applied FullAC activation checkpointing to the model
[rank2]:[titan] 2026-09-30 08:13:36,773 - torchtitan.distributed.fsdp - INFO - Applied FSDP to the model
[rank2]:[titan] 2026-09-30 08:13:36,776 - torchtitan.distributed.activation_checkpoint - INFO - Applied FullAC activation checkpointing to the model
[rank2]:[titan] 2026-09-30 08:13:36,780 - torchtitan.distributed.fsdp - INFO - Applied FSDP to the model
[rank2]:[titan] 2026-09-30 08:13:36,782 - torchtitan.distributed.activation_checkpoint - INFO - Applied FullAC activation checkpointing to the model
[rank2]:[titan] 2026-09-30 08:13:36,786 - torchtitan.distributed.fsdp - INFO - Applied FSDP to the model
[rank2]:[titan] 2026-09-30 08:13:36,788 - torchtitan.distributed.activation_checkpoint - INFO - Applied FullAC activation checkpointing to the model
[rank2]:[titan] 2026-09-30 08:13:36,792 - torchtitan.distributed.fsdp - INFO - Applied FSDP to the model
[rank2]:[titan] 2026-09-30 08:13:36,796 - torchtitan.distributed.pipeline_parallel - INFO - Using pipeline schedule Interleaved1F1B with 16 microbatches and 16 stages.
[rank0]:[titan] 2026-09-30 08:13:36,814 - torchtitan.distributed.fsdp - INFO - Applied FSDP to the model
[rank0]:[titan] 2026-09-30 08:13:36,817 - torchtitan.distributed.activation_checkpoint - INFO - Applied FullAC activation checkpointing to the model
[rank0]:[titan] 2026-09-30 08:13:36,833 - torchtitan.distributed.fsdp - INFO - Applied FSDP to the model
[rank0]:[titan] 2026-09-30 08:13:36,835 - torchtitan.distributed.activation_checkpoint - INFO - Applied FullAC activation checkpointing to the model
[rank0]:[titan] 2026-09-30 08:13:36,839 - torchtitan.distributed.fsdp - INFO - Applied FSDP to the model
[rank0]:[titan] 2026-09-30 08:13:36,842 - torchtitan.distributed.activation_checkpoint - INFO - Applied FullAC activation checkpointing to the model
[rank0]:[titan] 2026-09-30 08:13:36,846 - torchtitan.distributed.fsdp - INFO - Applied FSDP to the model
[rank0]:[titan] 2026-09-30 08:13:36,850 - torchtitan.distributed.pipeline_parallel - INFO - Using pipeline schedule Interleaved1F1B with 16 microbatches and 16 stages.
[rank1]:[titan] 2026-09-30 08:13:37,745 - torchtitan.models.kimi_k3.pipeline_parallel - INFO - Kimi K3 pipeline: 4 stage(s) on this rank [1, 5, 9, 13], block transport delta with rank store, vision encodes decoupled
[rank2]:[titan] 2026-09-30 08:13:37,912 - torchtitan.models.kimi_k3.pipeline_parallel - INFO - Kimi K3 pipeline: 4 stage(s) on this rank [2, 6, 10, 14], block transport delta with rank store, vision encodes decoupled
[rank0]:[titan] 2026-09-30 08:13:38,058 - torchtitan.models.kimi_k3.pipeline_parallel - INFO - Kimi K3 pipeline: 4 stage(s) on this rank [0, 4, 8, 12], block transport delta with rank store, vision encodes decoupled
[rank3]:[titan] 2026-09-30 08:13:38,059 - torchtitan.models.kimi_k3.pipeline_parallel - INFO - Kimi K3 pipeline: 4 stage(s) on this rank [3, 7, 11, 15], block transport delta with rank store, vision encodes decoupled
[rank1]:[rank1]:W0930 08:13:38.138000 60803 torch/distributed/tensor/_random.py:215] DTensor is synchronizing RNG states of every rank with the state from rank 0. This behavior is deprecated. Please call `torch.manual_seed()` on every rank that participates in SPMD DTensor Operations with the same seed. If using Pipeline Parallelism, each pipeline state would use a different seed, but all ranks belonging to one pipeline stage would use the same seed.
[rank2]:[rank2]:W0930 08:13:38.139000 60804 torch/distributed/tensor/_random.py:215] DTensor is synchronizing RNG states of every rank with the state from rank 0. This behavior is deprecated. Please call `torch.manual_seed()` on every rank that participates in SPMD DTensor Operations with the same seed. If using Pipeline Parallelism, each pipeline state would use a different seed, but all ranks belonging to one pipeline stage would use the same seed.
[rank3]:[rank3]:W0930 08:13:38.138000 60805 torch/distributed/tensor/_random.py:215] DTensor is synchronizing RNG states of every rank with the state from rank 0. This behavior is deprecated. Please call `torch.manual_seed()` on every rank that participates in SPMD DTensor Operations with the same seed. If using Pipeline Parallelism, each pipeline state would use a different seed, but all ranks belonging to one pipeline stage would use the same seed.
[rank2]:[titan] 2026-09-30 08:13:38,351 - torchtitan.training_engine - INFO - Model KimiK3Model.Config size: 12,059,226,240 total parameters
[rank2]:[titan] 2026-09-30 08:13:38,352 - torchtitan.components.optimizer.optimizer - INFO - Optimizer AdamW (model_part=0): 50 params [.*] {'lr': 0.0008, 'betas': (0.9, 0.95), 'eps': 1e-08, 'weight_decay': 0.1, 'foreach': None, 'fused': True}
[rank2]:[titan] 2026-09-30 08:13:38,352 - torchtitan.components.optimizer.optimizer - INFO - Optimizer AdamW (model_part=1): 28 params [.*] {'lr': 0.0008, 'betas': (0.9, 0.95), 'eps': 1e-08, 'weight_decay': 0.1, 'foreach': None, 'fused': True}
[rank2]:[titan] 2026-09-30 08:13:38,352 - torchtitan.components.optimizer.optimizer - INFO - Optimizer AdamW (model_part=2): 28 params [.*] {'lr': 0.0008, 'betas': (0.9, 0.95), 'eps': 1e-08, 'weight_decay': 0.1, 'foreach': None, 'fused': True}
[rank2]:[titan] 2026-09-30 08:13:38,353 - torchtitan.components.optimizer.optimizer - INFO - Optimizer AdamW (model_part=3): 22 params [.*] {'lr': 0.0008, 'betas': (0.9, 0.95), 'eps': 1e-08, 'weight_decay': 0.1, 'foreach': None, 'fused': True}
[rank2]:[titan] 2026-09-30 08:13:38,353 - torchtitan.components.optimizer.lr_scheduler - WARNING - Warmup (2) + decay (2) steps exceed total steps (2). Adjusting decay steps to 0.
[rank2]:[titan] 2026-09-30 08:13:38,354 - torchtitan.observability.metrics - WARNING - [31mPipeline Parallel loss is not visible. Please add [33mrank 3[31m to LOG_RANK environment variable in run_train.sh.[39m
[rank1]:[titan] 2026-09-30 08:13:38,324 - torchtitan.training_engine - INFO - Model KimiK3Model.Config size: 12,059,226,240 total parameters
[rank2]:[titan] 2026-09-30 08:13:38,354 - torchtitan.trainer - INFO - Peak FLOPS used for computing MFU: 9.890e+14
[rank2]:[titan] 2026-09-30 08:13:38,354 - torchtitan.trainer - INFO - CUDA memory usage for model: 7.57GiB(9.55%)
[rank1]:[titan] 2026-09-30 08:13:38,326 - torchtitan.components.optimizer.optimizer - INFO - Optimizer AdamW (model_part=0): 56 params [.*] {'lr': 0.0008, 'betas': (0.9, 0.95), 'eps': 1e-08, 'weight_decay': 0.1, 'foreach': None, 'fused': True}
[rank2]:[titan] 2026-09-30 08:13:38,354 - torchtitan.trainer - INFO - Trainer is initialized with 98304 tokens per DP rank, 98304 tokens per train step, gradient accumulation steps 1, maximum context length 6144, total steps 2 (warmup 2)
[rank1]:[titan] 2026-09-30 08:13:38,326 - torchtitan.components.optimizer.optimizer - INFO - Optimizer AdamW (model_part=1): 22 params [.*] {'lr': 0.0008, 'betas': (0.9, 0.95), 'eps': 1e-08, 'weight_decay': 0.1, 'foreach': None, 'fused': True}
[rank1]:[titan] 2026-09-30 08:13:38,326 - torchtitan.components.optimizer.optimizer - INFO - Optimizer AdamW (model_part=2): 22 params [.*] {'lr': 0.0008, 'betas': (0.9, 0.95), 'eps': 1e-08, 'weight_decay': 0.1, 'foreach': None, 'fused': True}
[rank1]:[titan] 2026-09-30 08:13:38,326 - torchtitan.components.optimizer.optimizer - INFO - Optimizer AdamW (model_part=3): 22 params [.*] {'lr': 0.0008, 'betas': (0.9, 0.95), 'eps': 1e-08, 'weight_decay': 0.1, 'foreach': None, 'fused': True}
[rank1]:[titan] 2026-09-30 08:13:38,327 - torchtitan.components.optimizer.lr_scheduler - WARNING - Warmup (2) + decay (2) steps exceed total steps (2). Adjusting decay steps to 0.
[rank1]:[titan] 2026-09-30 08:13:38,327 - torchtitan.observability.metrics - WARNING - [31mPipeline Parallel loss is not visible. Please add [33mrank 3[31m to LOG_RANK environment variable in run_train.sh.[39m
[rank2]:[titan] 2026-09-30 08:13:38,354 - torchtitan.trainer - INFO - Training starts at step 1
[rank1]:[titan] 2026-09-30 08:13:38,327 - torchtitan.trainer - INFO - Peak FLOPS used for computing MFU: 9.890e+14
[rank1]:[titan] 2026-09-30 08:13:38,328 - torchtitan.trainer - INFO - CUDA memory usage for model: 7.14GiB(9.02%)
[rank1]:[titan] 2026-09-30 08:13:38,328 - torchtitan.trainer - INFO - Trainer is initialized with 98304 tokens per DP rank, 98304 tokens per train step, gradient accumulation steps 1, maximum context length 6144, total steps 2 (warmup 2)
[rank1]:[titan] 2026-09-30 08:13:38,328 - torchtitan.trainer - INFO - Training starts at step 1
[rank3]:[titan] 2026-09-30 08:13:38,313 - torchtitan.training_engine - INFO - Model KimiK3Model.Config size: 12,059,226,240 total parameters
[rank3]:[titan] 2026-09-30 08:13:38,314 - torchtitan.components.optimizer.optimizer - INFO - Optimizer AdamW (model_part=0): 28 params [.*] {'lr': 0.0008, 'betas': (0.9, 0.95), 'eps': 1e-08, 'weight_decay': 0.1, 'foreach': None, 'fused': True}
[rank3]:[titan] 2026-09-30 08:13:38,315 - torchtitan.components.optimizer.optimizer - INFO - Optimizer AdamW (model_part=1): 28 params [.*] {'lr': 0.0008, 'betas': (0.9, 0.95), 'eps': 1e-08, 'weight_decay': 0.1, 'foreach': None, 'fused': True}
[rank3]:[titan] 2026-09-30 08:13:38,315 - torchtitan.components.optimizer.optimizer - INFO - Optimizer AdamW (model_part=2): 28 params [.*] {'lr': 0.0008, 'betas': (0.9, 0.95), 'eps': 1e-08, 'weight_decay': 0.1, 'foreach': None, 'fused': True}
[rank3]:[titan] 2026-09-30 08:13:38,315 - torchtitan.components.optimizer.optimizer - INFO - Optimizer AdamW (model_part=3): 4 params [.*] {'lr': 0.0008, 'betas': (0.9, 0.95), 'eps': 1e-08, 'weight_decay': 0.1, 'foreach': None, 'fused': True}
[rank3]:[titan] 2026-09-30 08:13:38,316 - torchtitan.components.optimizer.lr_scheduler - WARNING - Warmup (2) + decay (2) steps exceed total steps (2). Adjusting decay steps to 0.
[rank3]:[titan] 2026-09-30 08:13:38,316 - torchtitan.observability.metrics - WARNING - [31mPipeline Parallel loss is not visible. Please add [33mrank 3[31m to LOG_RANK environment variable in run_train.sh.[39m
[rank3]:[titan] 2026-09-30 08:13:38,316 - torchtitan.trainer - INFO - Peak FLOPS used for computing MFU: 9.890e+14
[rank3]:[titan] 2026-09-30 08:13:38,316 - torchtitan.trainer - INFO - CUDA memory usage for model: 5.41GiB(6.83%)
[rank3]:[titan] 2026-09-30 08:13:38,316 - torchtitan.trainer - INFO - Trainer is initialized with 98304 tokens per DP rank, 98304 tokens per train step, gradient accumulation steps 1, maximum context length 6144, total steps 2 (warmup 2)
[rank3]:[titan] 2026-09-30 08:13:38,316 - torchtitan.trainer - INFO - Training starts at step 1
[rank0]:[titan] 2026-09-30 08:13:38,447 - torchtitan.training_engine - INFO - Model KimiK3Model.Config size: 12,059,226,240 total parameters
[rank0]:[titan] 2026-09-30 08:13:38,450 - torchtitan.components.optimizer.optimizer - INFO - Optimizer AdamW (model_part=0): 243 params [.*] {'lr': 0.0008, 'betas': (0.9, 0.95), 'eps': 1e-08, 'weight_decay': 0.1, 'foreach': None, 'fused': True}
[rank0]:[titan] 2026-09-30 08:13:38,450 - torchtitan.components.optimizer.optimizer - INFO - Optimizer AdamW (model_part=1): 28 params [.*] {'lr': 0.0008, 'betas': (0.9, 0.95), 'eps': 1e-08, 'weight_decay': 0.1, 'foreach': None, 'fused': True}
[rank0]:[titan] 2026-09-30 08:13:38,450 - torchtitan.components.optimizer.optimizer - INFO - Optimizer AdamW (model_part=2): 28 params [.*] {'lr': 0.0008, 'betas': (0.9, 0.95), 'eps': 1e-08, 'weight_decay': 0.1, 'foreach': None, 'fused': True}
[rank0]:[titan] 2026-09-30 08:13:38,451 - torchtitan.components.optimizer.optimizer - INFO - Optimizer AdamW (model_part=3): 28 params [.*] {'lr': 0.0008, 'betas': (0.9, 0.95), 'eps': 1e-08, 'weight_decay': 0.1, 'foreach': None, 'fused': True}
[rank0]:[titan] 2026-09-30 08:13:38,453 - torchtitan.components.optimizer.lr_scheduler - WARNING - Warmup (2) + decay (2) steps exceed total steps (2). Adjusting decay steps to 0.
[rank0]:[titan] 2026-09-30 08:13:38,453 - torchtitan.observability.metrics - WARNING - [31mPipeline Parallel loss is not visible. Please add [33mrank 3[31m to LOG_RANK environment variable in run_train.sh.[39m
[rank0]:[titan] 2026-09-30 08:13:38,453 - torchtitan.trainer - INFO - Peak FLOPS used for computing MFU: 9.890e+14
[rank0]:[titan] 2026-09-30 08:13:38,453 - torchtitan.trainer - INFO - CUDA memory usage for model: 7.30GiB(9.21%)
[rank0]:[titan] 2026-09-30 08:13:38,453 - torchtitan.trainer - INFO - Trainer is initialized with 98304 tokens per DP rank, 98304 tokens per train step, gradient accumulation steps 1, maximum context length 6144, total steps 2 (warmup 2)
[rank0]:[titan] 2026-09-30 08:13:38,453 - torchtitan.trainer - INFO - Training starts at step 1
[rank0]:[titan] 2026-09-30 08:14:15,447 - torchtitan.models.kimi_k3.pipeline_parallel.vision_dep - INFO - vision_dep: 13 micro-batch(es) with images; encodes 5 before the schedule, 8 in idle slots; backwards 1 in idle slots, 12 after it
[rank1]:[titan] 2026-09-30 08:14:15,447 - torchtitan.models.kimi_k3.pipeline_parallel.vision_dep - INFO - vision_dep: 13 micro-batch(es) with images; encodes 5 before the schedule, 8 in idle slots; backwards 1 in idle slots, 12 after it
[rank2]:[titan] 2026-09-30 08:14:15,447 - torchtitan.models.kimi_k3.pipeline_parallel.vision_dep - INFO - vision_dep: 13 micro-batch(es) with images; encodes 5 before the schedule, 8 in idle slots; backwards 1 in idle slots, 12 after it
[rank3]:[titan] 2026-09-30 08:14:15,447 - torchtitan.models.kimi_k3.pipeline_parallel.vision_dep - INFO - vision_dep: 13 micro-batch(es) with images; encodes 5 before the schedule, 8 in idle slots; backwards 1 in idle slots, 12 after it
[rank0]:Autotune Choices Stats:
[rank0]:{"num_choices": 7, "num_triton_choices": 7, "best_kernel": "triton_flex_attention_5", "best_kernel_desc": "BLOCKS_ARE_CONTIGUOUS=False, BLOCK_M=64, BLOCK_N=64, FLOAT32_PRECISION=\"'ieee'\", GQA_SHARED_HEADS=1, HAS_FULL_BLOCKS=True, IS_DIVISIBLE=True, OUTPUT_LOGSUMEXP=False, OUTPUT_MAX=False, PRESCALE_QK=False, QK_HEAD_DIM=128, QK_HEAD_DIM_ROUNDED=128, ROWS_GUARANTEED_SAFE=False, SAFE_HEAD_DIM=True, SM_SCALE=0.08838834764831843, SPARSE_KV_BLOCK_SIZE=128, SPARSE_Q_BLOCK_SIZE=128, USE_TMA=False, V_HEAD_DIM=128, V_HEAD_DIM_ROUNDED=128, WRITE_DQ=True, num_stages=3, num_warps=4", "best_time": 3.043872117996216, "best_triton_pos": 0}
[rank0]:AUTOTUNE flex_attention(1x12x10368x128, 1x12x10368x128, 1x12x10368x128, 1x12x10368, 1x12x10368, 1x1x81, 1x1x81x81, 1x1x81, 1x1x81x81, 10368)
[rank0]:strides: [1536, 128, 1536, 1], [1536, 128, 1536, 1], [1536, 128, 1536, 1], [124416, 10368, 1], [124416, 10368, 1], [s99, s99, 1], [s22*s72, s22*s72, s72, 1], [s94, s94, 1], [s28*s4, s28*s4, s4, 1], [1]
[rank0]:dtypes: torch.bfloat16, torch.bfloat16, torch.bfloat16, torch.float32, torch.float32, torch.int32, torch.int32, torch.int32, torch.int32, torch.int32
[rank0]:  triton_flex_attention_5 3.0439 ms 100.0% BLOCKS_ARE_CONTIGUOUS=False, BLOCK_M=64, BLOCK_N=64, FLOAT32_PRECISION="'ieee'", GQA_SHARED_HEADS=1, HAS_FULL_BLOCKS=True, IS_DIVISIBLE=True, OUTPUT_LOGSUMEXP=False, OUTPUT_MAX=False, PRESCALE_QK=False, QK_HEAD_DIM=128, QK_HEAD_DIM_ROUNDED=128, ROWS_GUARANTEED_SAFE=False, SAFE_HEAD_DIM=True, SM_SCALE=0.08838834764831843, SPARSE_KV_BLOCK_SIZE=128, SPARSE_Q_BLOCK_SIZE=128, USE_TMA=False, V_HEAD_DIM=128, V_HEAD_DIM_ROUNDED=128, WRITE_DQ=True, num_stages=3, num_warps=4
[rank0]:  triton_flex_attention_2 3.5434 ms 85.9% BLOCKS_ARE_CONTIGUOUS=False, BLOCK_M=128, BLOCK_N=128, FLOAT32_PRECISION="'ieee'", GQA_SHARED_HEADS=1, HAS_FULL_BLOCKS=True, IS_DIVISIBLE=True, OUTPUT_LOGSUMEXP=False, OUTPUT_MAX=False, PRESCALE_QK=False, QK_HEAD_DIM=128, QK_HEAD_DIM_ROUNDED=128, ROWS_GUARANTEED_SAFE=False, SAFE_HEAD_DIM=True, SM_SCALE=0.08838834764831843, SPARSE_KV_BLOCK_SIZE=128, SPARSE_Q_BLOCK_SIZE=128, USE_TMA=False, V_HEAD_DIM=128, V_HEAD_DIM_ROUNDED=128, WRITE_DQ=True, num_stages=2, num_warps=8
[rank0]:  triton_flex_attention_6 3.5729 ms 85.2% BLOCKS_ARE_CONTIGUOUS=False, BLOCK_M=128, BLOCK_N=64, FLOAT32_PRECISION="'ieee'", GQA_SHARED_HEADS=1, HAS_FULL_BLOCKS=True, IS_DIVISIBLE=True, OUTPUT_LOGSUMEXP=False, OUTPUT_MAX=False, PRESCALE_QK=False, QK_HEAD_DIM=128, QK_HEAD_DIM_ROUNDED=128, ROWS_GUARANTEED_SAFE=False, SAFE_HEAD_DIM=True, SM_SCALE=0.08838834764831843, SPARSE_KV_BLOCK_SIZE=128, SPARSE_Q_BLOCK_SIZE=128, USE_TMA=False, V_HEAD_DIM=128, V_HEAD_DIM_ROUNDED=128, WRITE_DQ=True, num_stages=3, num_warps=8
[rank0]:  triton_flex_attention_4 3.6514 ms 83.4% BLOCKS_ARE_CONTIGUOUS=False, BLOCK_M=64, BLOCK_N=128, FLOAT32_PRECISION="'ieee'", GQA_SHARED_HEADS=1, HAS_FULL_BLOCKS=True, IS_DIVISIBLE=True, OUTPUT_LOGSUMEXP=False, OUTPUT_MAX=False, PRESCALE_QK=False, QK_HEAD_DIM=128, QK_HEAD_DIM_ROUNDED=128, ROWS_GUARANTEED_SAFE=False, SAFE_HEAD_DIM=True, SM_SCALE=0.08838834764831843, SPARSE_KV_BLOCK_SIZE=128, SPARSE_Q_BLOCK_SIZE=128, USE_TMA=False, V_HEAD_DIM=128, V_HEAD_DIM_ROUNDED=128, WRITE_DQ=True, num_stages=3, num_warps=4
[rank0]:  triton_flex_attention_0 4.0015 ms 76.1% BLOCKS_ARE_CONTIGUOUS=False, BLOCK_M=128, BLOCK_N=64, FLOAT32_PRECISION="'ieee'", GQA_SHARED_HEADS=1, HAS_FULL_BLOCKS=True, IS_DIVISIBLE=True, OUTPUT_LOGSUMEXP=False, OUTPUT_MAX=False, PRESCALE_QK=False, QK_HEAD_DIM=128, QK_HEAD_DIM_ROUNDED=128, ROWS_GUARANTEED_SAFE=False, SAFE_HEAD_DIM=True, SM_SCALE=0.08838834764831843, SPARSE_KV_BLOCK_SIZE=128, SPARSE_Q_BLOCK_SIZE=128, USE_TMA=False, V_HEAD_DIM=128, V_HEAD_DIM_ROUNDED=128, WRITE_DQ=True, num_stages=3, num_warps=4
[rank0]:  triton_flex_attention_3 4.1772 ms 72.9% BLOCKS_ARE_CONTIGUOUS=False, BLOCK_M=128, BLOCK_N=128, FLOAT32_PRECISION="'ieee'", GQA_SHARED_HEADS=1, HAS_FULL_BLOCKS=True, IS_DIVISIBLE=True, OUTPUT_LOGSUMEXP=False, OUTPUT_MAX=False, PRESCALE_QK=False, QK_HEAD_DIM=128, QK_HEAD_DIM_ROUNDED=128, ROWS_GUARANTEED_SAFE=False, SAFE_HEAD_DIM=True, SM_SCALE=0.08838834764831843, SPARSE_KV_BLOCK_SIZE=128, SPARSE_Q_BLOCK_SIZE=128, USE_TMA=False, V_HEAD_DIM=128, V_HEAD_DIM_ROUNDED=128, WRITE_DQ=True, num_stages=1, num_warps=8
[rank0]:  triton_flex_attention_1 4.6663 ms 65.2% BLOCKS_ARE_CONTIGUOUS=False, BLOCK_M=128, BLOCK_N=128, FLOAT32_PRECISION="'ieee'", GQA_SHARED_HEADS=1, HAS_FULL_BLOCKS=True, IS_DIVISIBLE=True, OUTPUT_LOGSUMEXP=False, OUTPUT_MAX=False, PRESCALE_QK=False, QK_HEAD_DIM=128, QK_HEAD_DIM_ROUNDED=128, ROWS_GUARANTEED_SAFE=False, SAFE_HEAD_DIM=True, SM_SCALE=0.08838834764831843, SPARSE_KV_BLOCK_SIZE=128, SPARSE_Q_BLOCK_SIZE=128, USE_TMA=False, V_HEAD_DIM=128, V_HEAD_DIM_ROUNDED=128, WRITE_DQ=True, num_stages=3, num_warps=4
[rank0]:SingleProcess AUTOTUNE benchmarking takes 0.4369 seconds and 1.7788 seconds precompiling for 7 choices
[rank2]:Autotune Choices Stats:
[rank2]:{"num_choices": 7, "num_triton_choices": 7, "best_kernel": "triton_flex_attention_5", "best_kernel_desc": "BLOCKS_ARE_CONTIGUOUS=False, BLOCK_M=64, BLOCK_N=64, FLOAT32_PRECISION=\"'ieee'\", GQA_SHARED_HEADS=1, HAS_FULL_BLOCKS=True, IS_DIVISIBLE=True, OUTPUT_LOGSUMEXP=False, OUTPUT_MAX=False, PRESCALE_QK=False, QK_HEAD_DIM=128, QK_HEAD_DIM_ROUNDED=128, ROWS_GUARANTEED_SAFE=False, SAFE_HEAD_DIM=True, SM_SCALE=0.08838834764831843, SPARSE_KV_BLOCK_SIZE=128, SPARSE_Q_BLOCK_SIZE=128, USE_TMA=False, V_HEAD_DIM=128, V_HEAD_DIM_ROUNDED=128, WRITE_DQ=True, num_stages=3, num_warps=4", "best_time": 3.064768075942993, "best_triton_pos": 0}
[rank2]:AUTOTUNE flex_attention(1x12x10368x128, 1x12x10368x128, 1x12x10368x128, 1x12x10368, 1x12x10368, 1x1x81, 1x1x81x81, 1x1x81, 1x1x81x81, 10368)
[rank2]:strides: [1536, 128, 1536, 1], [1536, 128, 1536, 1], [1536, 128, 1536, 1], [124416, 10368, 1], [124416, 10368, 1], [s99, s99, 1], [s22*s72, s22*s72, s72, 1], [s94, s94, 1], [s28*s4, s28*s4, s4, 1], [1]
[rank2]:dtypes: torch.bfloat16, torch.bfloat16, torch.bfloat16, torch.float32, torch.float32, torch.int32, torch.int32, torch.int32, torch.int32, torch.int32
[rank2]:  triton_flex_attention_5 3.0648 ms 100.0% BLOCKS_ARE_CONTIGUOUS=False, BLOCK_M=64, BLOCK_N=64, FLOAT32_PRECISION="'ieee'", GQA_SHARED_HEADS=1, HAS_FULL_BLOCKS=True, IS_DIVISIBLE=True, OUTPUT_LOGSUMEXP=False, OUTPUT_MAX=False, PRESCALE_QK=False, QK_HEAD_DIM=128, QK_HEAD_DIM_ROUNDED=128, ROWS_GUARANTEED_SAFE=False, SAFE_HEAD_DIM=True, SM_SCALE=0.08838834764831843, SPARSE_KV_BLOCK_SIZE=128, SPARSE_Q_BLOCK_SIZE=128, USE_TMA=False, V_HEAD_DIM=128, V_HEAD_DIM_ROUNDED=128, WRITE_DQ=True, num_stages=3, num_warps=4
[rank2]:  triton_flex_attention_6 3.5395 ms 86.6% BLOCKS_ARE_CONTIGUOUS=False, BLOCK_M=128, BLOCK_N=64, FLOAT32_PRECISION="'ieee'", GQA_SHARED_HEADS=1, HAS_FULL_BLOCKS=True, IS_DIVISIBLE=True, OUTPUT_LOGSUMEXP=False, OUTPUT_MAX=False, PRESCALE_QK=False, QK_HEAD_DIM=128, QK_HEAD_DIM_ROUNDED=128, ROWS_GUARANTEED_SAFE=False, SAFE_HEAD_DIM=True, SM_SCALE=0.08838834764831843, SPARSE_KV_BLOCK_SIZE=128, SPARSE_Q_BLOCK_SIZE=128, USE_TMA=False, V_HEAD_DIM=128, V_HEAD_DIM_ROUNDED=128, WRITE_DQ=True, num_stages=3, num_warps=8
[rank2]:  triton_flex_attention_2 3.5693 ms 85.9% BLOCKS_ARE_CONTIGUOUS=False, BLOCK_M=128, BLOCK_N=128, FLOAT32_PRECISION="'ieee'", GQA_SHARED_HEADS=1, HAS_FULL_BLOCKS=True, IS_DIVISIBLE=True, OUTPUT_LOGSUMEXP=False, OUTPUT_MAX=False, PRESCALE_QK=False, QK_HEAD_DIM=128, QK_HEAD_DIM_ROUNDED=128, ROWS_GUARANTEED_SAFE=False, SAFE_HEAD_DIM=True, SM_SCALE=0.08838834764831843, SPARSE_KV_BLOCK_SIZE=128, SPARSE_Q_BLOCK_SIZE=128, USE_TMA=False, V_HEAD_DIM=128, V_HEAD_DIM_ROUNDED=128, WRITE_DQ=True, num_stages=2, num_warps=8
[rank2]:  triton_flex_attention_4 3.6204 ms 84.7% BLOCKS_ARE_CONTIGUOUS=False, BLOCK_M=64, BLOCK_N=128, FLOAT32_PRECISION="'ieee'", GQA_SHARED_HEADS=1, HAS_FULL_BLOCKS=True, IS_DIVISIBLE=True, OUTPUT_LOGSUMEXP=False, OUTPUT_MAX=False, PRESCALE_QK=False, QK_HEAD_DIM=128, QK_HEAD_DIM_ROUNDED=128, ROWS_GUARANTEED_SAFE=False, SAFE_HEAD_DIM=True, SM_SCALE=0.08838834764831843, SPARSE_KV_BLOCK_SIZE=128, SPARSE_Q_BLOCK_SIZE=128, USE_TMA=False, V_HEAD_DIM=128, V_HEAD_DIM_ROUNDED=128, WRITE_DQ=True, num_stages=3, num_warps=4
[rank2]:  triton_flex_attention_0 4.0664 ms 75.4% BLOCKS_ARE_CONTIGUOUS=False, BLOCK_M=128, BLOCK_N=64, FLOAT32_PRECISION="'ieee'", GQA_SHARED_HEADS=1, HAS_FULL_BLOCKS=True, IS_DIVISIBLE=True, OUTPUT_LOGSUMEXP=False, OUTPUT_MAX=False, PRESCALE_QK=False, QK_HEAD_DIM=128, QK_HEAD_DIM_ROUNDED=128, ROWS_GUARANTEED_SAFE=False, SAFE_HEAD_DIM=True, SM_SCALE=0.08838834764831843, SPARSE_KV_BLOCK_SIZE=128, SPARSE_Q_BLOCK_SIZE=128, USE_TMA=False, V_HEAD_DIM=128, V_HEAD_DIM_ROUNDED=128, WRITE_DQ=True, num_stages=3, num_warps=4
[rank2]:  triton_flex_attention_3 4.1625 ms 73.6% BLOCKS_ARE_CONTIGUOUS=False, BLOCK_M=128, BLOCK_N=128, FLOAT32_PRECISION="'ieee'", GQA_SHARED_HEADS=1, HAS_FULL_BLOCKS=True, IS_DIVISIBLE=True, OUTPUT_LOGSUMEXP=False, OUTPUT_MAX=False, PRESCALE_QK=False, QK_HEAD_DIM=128, QK_HEAD_DIM_ROUNDED=128, ROWS_GUARANTEED_SAFE=False, SAFE_HEAD_DIM=True, SM_SCALE=0.08838834764831843, SPARSE_KV_BLOCK_SIZE=128, SPARSE_Q_BLOCK_SIZE=128, USE_TMA=False, V_HEAD_DIM=128, V_HEAD_DIM_ROUNDED=128, WRITE_DQ=True, num_stages=1, num_warps=8
[rank2]:  triton_flex_attention_1 4.6749 ms 65.6% BLOCKS_ARE_CONTIGUOUS=False, BLOCK_M=128, BLOCK_N=128, FLOAT32_PRECISION="'ieee'", GQA_SHARED_HEADS=1, HAS_FULL_BLOCKS=True, IS_DIVISIBLE=True, OUTPUT_LOGSUMEXP=False, OUTPUT_MAX=False, PRESCALE_QK=False, QK_HEAD_DIM=128, QK_HEAD_DIM_ROUNDED=128, ROWS_GUARANTEED_SAFE=False, SAFE_HEAD_DIM=True, SM_SCALE=0.08838834764831843, SPARSE_KV_BLOCK_SIZE=128, SPARSE_Q_BLOCK_SIZE=128, USE_TMA=False, V_HEAD_DIM=128, V_HEAD_DIM_ROUNDED=128, WRITE_DQ=True, num_stages=3, num_warps=4
[rank2]:SingleProcess AUTOTUNE benchmarking takes 0.4448 seconds and 1.7793 seconds precompiling for 7 choices
[rank1]:Autotune Choices Stats:
[rank1]:{"num_choices": 7, "num_triton_choices": 7, "best_kernel": "triton_flex_attention_5", "best_kernel_desc": "BLOCKS_ARE_CONTIGUOUS=False, BLOCK_M=64, BLOCK_N=64, FLOAT32_PRECISION=\"'ieee'\", GQA_SHARED_HEADS=1, HAS_FULL_BLOCKS=True, IS_DIVISIBLE=True, OUTPUT_LOGSUMEXP=False, OUTPUT_MAX=False, PRESCALE_QK=False, QK_HEAD_DIM=128, QK_HEAD_DIM_ROUNDED=128, ROWS_GUARANTEED_SAFE=False, SAFE_HEAD_DIM=True, SM_SCALE=0.08838834764831843, SPARSE_KV_BLOCK_SIZE=128, SPARSE_Q_BLOCK_SIZE=128, USE_TMA=False, V_HEAD_DIM=128, V_HEAD_DIM_ROUNDED=128, WRITE_DQ=True, num_stages=3, num_warps=4", "best_time": 3.0304319858551025, "best_triton_pos": 0}
[rank1]:AUTOTUNE flex_attention(1x12x10368x128, 1x12x10368x128, 1x12x10368x128, 1x12x10368, 1x12x10368, 1x1x81, 1x1x81x81, 1x1x81, 1x1x81x81, 10368)
[rank1]:strides: [1536, 128, 1536, 1], [1536, 128, 1536, 1], [1536, 128, 1536, 1], [124416, 10368, 1], [124416, 10368, 1], [s99, s99, 1], [s22*s72, s22*s72, s72, 1], [s94, s94, 1], [s28*s4, s28*s4, s4, 1], [1]
[rank1]:dtypes: torch.bfloat16, torch.bfloat16, torch.bfloat16, torch.float32, torch.float32, torch.int32, torch.int32, torch.int32, torch.int32, torch.int32
[rank3]:Autotune Choices Stats:
[rank1]:  triton_flex_attention_5 3.0304 ms 100.0% BLOCKS_ARE_CONTIGUOUS=False, BLOCK_M=64, BLOCK_N=64, FLOAT32_PRECISION="'ieee'", GQA_SHARED_HEADS=1, HAS_FULL_BLOCKS=True, IS_DIVISIBLE=True, OUTPUT_LOGSUMEXP=False, OUTPUT_MAX=False, PRESCALE_QK=False, QK_HEAD_DIM=128, QK_HEAD_DIM_ROUNDED=128, ROWS_GUARANTEED_SAFE=False, SAFE_HEAD_DIM=True, SM_SCALE=0.08838834764831843, SPARSE_KV_BLOCK_SIZE=128, SPARSE_Q_BLOCK_SIZE=128, USE_TMA=False, V_HEAD_DIM=128, V_HEAD_DIM_ROUNDED=128, WRITE_DQ=True, num_stages=3, num_warps=4
[rank1]:  triton_flex_attention_6 3.4310 ms 88.3% BLOCKS_ARE_CONTIGUOUS=False, BLOCK_M=128, BLOCK_N=64, FLOAT32_PRECISION="'ieee'", GQA_SHARED_HEADS=1, HAS_FULL_BLOCKS=True, IS_DIVISIBLE=True, OUTPUT_LOGSUMEXP=False, OUTPUT_MAX=False, PRESCALE_QK=False, QK_HEAD_DIM=128, QK_HEAD_DIM_ROUNDED=128, ROWS_GUARANTEED_SAFE=False, SAFE_HEAD_DIM=True, SM_SCALE=0.08838834764831843, SPARSE_KV_BLOCK_SIZE=128, SPARSE_Q_BLOCK_SIZE=128, USE_TMA=False, V_HEAD_DIM=128, V_HEAD_DIM_ROUNDED=128, WRITE_DQ=True, num_stages=3, num_warps=8
[rank1]:  triton_flex_attention_2 3.5673 ms 85.0% BLOCKS_ARE_CONTIGUOUS=False, BLOCK_M=128, BLOCK_N=128, FLOAT32_PRECISION="'ieee'", GQA_SHARED_HEADS=1, HAS_FULL_BLOCKS=True, IS_DIVISIBLE=True, OUTPUT_LOGSUMEXP=False, OUTPUT_MAX=False, PRESCALE_QK=False, QK_HEAD_DIM=128, QK_HEAD_DIM_ROUNDED=128, ROWS_GUARANTEED_SAFE=False, SAFE_HEAD_DIM=True, SM_SCALE=0.08838834764831843, SPARSE_KV_BLOCK_SIZE=128, SPARSE_Q_BLOCK_SIZE=128, USE_TMA=False, V_HEAD_DIM=128, V_HEAD_DIM_ROUNDED=128, WRITE_DQ=True, num_stages=2, num_warps=8
[rank3]:{"num_choices": 7, "num_triton_choices": 7, "best_kernel": "triton_flex_attention_5", "best_kernel_desc": "BLOCKS_ARE_CONTIGUOUS=False, BLOCK_M=64, BLOCK_N=64, FLOAT32_PRECISION=\"'ieee'\", GQA_SHARED_HEADS=1, HAS_FULL_BLOCKS=True, IS_DIVISIBLE=True, OUTPUT_LOGSUMEXP=False, OUTPUT_MAX=False, PRESCALE_QK=False, QK_HEAD_DIM=128, QK_HEAD_DIM_ROUNDED=128, ROWS_GUARANTEED_SAFE=False, SAFE_HEAD_DIM=True, SM_SCALE=0.08838834764831843, SPARSE_KV_BLOCK_SIZE=128, SPARSE_Q_BLOCK_SIZE=128, USE_TMA=False, V_HEAD_DIM=128, V_HEAD_DIM_ROUNDED=128, WRITE_DQ=True, num_stages=3, num_warps=4", "best_time": 3.0284481048583984, "best_triton_pos": 0}
[rank3]:AUTOTUNE flex_attention(1x12x10368x128, 1x12x10368x128, 1x12x10368x128, 1x12x10368, 1x12x10368, 1x1x81, 1x1x81x81, 1x1x81, 1x1x81x81, 10368)
[rank3]:strides: [1536, 128, 1536, 1], [1536, 128, 1536, 1], [1536, 128, 1536, 1], [124416, 10368, 1], [124416, 10368, 1], [s99, s99, 1], [s22*s72, s22*s72, s72, 1], [s94, s94, 1], [s28*s4, s28*s4, s4, 1], [1]
[rank3]:dtypes: torch.bfloat16, torch.bfloat16, torch.bfloat16, torch.float32, torch.float32, torch.int32, torch.int32, torch.int32, torch.int32, torch.int32
[rank1]:  triton_flex_attention_4 3.6240 ms 83.6% BLOCKS_ARE_CONTIGUOUS=False, BLOCK_M=64, BLOCK_N=128, FLOAT32_PRECISION="'ieee'", GQA_SHARED_HEADS=1, HAS_FULL_BLOCKS=True, IS_DIVISIBLE=True, OUTPUT_LOGSUMEXP=False, OUTPUT_MAX=False, PRESCALE_QK=False, QK_HEAD_DIM=128, QK_HEAD_DIM_ROUNDED=128, ROWS_GUARANTEED_SAFE=False, SAFE_HEAD_DIM=True, SM_SCALE=0.08838834764831843, SPARSE_KV_BLOCK_SIZE=128, SPARSE_Q_BLOCK_SIZE=128, USE_TMA=False, V_HEAD_DIM=128, V_HEAD_DIM_ROUNDED=128, WRITE_DQ=True, num_stages=3, num_warps=4
[rank3]:  triton_flex_attention_5 3.0284 ms 100.0% BLOCKS_ARE_CONTIGUOUS=False, BLOCK_M=64, BLOCK_N=64, FLOAT32_PRECISION="'ieee'", GQA_SHARED_HEADS=1, HAS_FULL_BLOCKS=True, IS_DIVISIBLE=True, OUTPUT_LOGSUMEXP=False, OUTPUT_MAX=False, PRESCALE_QK=False, QK_HEAD_DIM=128, QK_HEAD_DIM_ROUNDED=128, ROWS_GUARANTEED_SAFE=False, SAFE_HEAD_DIM=True, SM_SCALE=0.08838834764831843, SPARSE_KV_BLOCK_SIZE=128, SPARSE_Q_BLOCK_SIZE=128, USE_TMA=False, V_HEAD_DIM=128, V_HEAD_DIM_ROUNDED=128, WRITE_DQ=True, num_stages=3, num_warps=4
[rank3]:  triton_flex_attention_6 3.4821 ms 87.0% BLOCKS_ARE_CONTIGUOUS=False, BLOCK_M=128, BLOCK_N=64, FLOAT32_PRECISION="'ieee'", GQA_SHARED_HEADS=1, HAS_FULL_BLOCKS=True, IS_DIVISIBLE=True, OUTPUT_LOGSUMEXP=False, OUTPUT_MAX=False, PRESCALE_QK=False, QK_HEAD_DIM=128, QK_HEAD_DIM_ROUNDED=128, ROWS_GUARANTEED_SAFE=False, SAFE_HEAD_DIM=True, SM_SCALE=0.08838834764831843, SPARSE_KV_BLOCK_SIZE=128, SPARSE_Q_BLOCK_SIZE=128, USE_TMA=False, V_HEAD_DIM=128, V_HEAD_DIM_ROUNDED=128, WRITE_DQ=True, num_stages=3, num_warps=8
[rank3]:  triton_flex_attention_2 3.5207 ms 86.0% BLOCKS_ARE_CONTIGUOUS=False, BLOCK_M=128, BLOCK_N=128, FLOAT32_PRECISION="'ieee'", GQA_SHARED_HEADS=1, HAS_FULL_BLOCKS=True, IS_DIVISIBLE=True, OUTPUT_LOGSUMEXP=False, OUTPUT_MAX=False, PRESCALE_QK=False, QK_HEAD_DIM=128, QK_HEAD_DIM_ROUNDED=128, ROWS_GUARANTEED_SAFE=False, SAFE_HEAD_DIM=True, SM_SCALE=0.08838834764831843, SPARSE_KV_BLOCK_SIZE=128, SPARSE_Q_BLOCK_SIZE=128, USE_TMA=False, V_HEAD_DIM=128, V_HEAD_DIM_ROUNDED=128, WRITE_DQ=True, num_stages=2, num_warps=8
[rank3]:  triton_flex_attention_4 3.6328 ms 83.4% BLOCKS_ARE_CONTIGUOUS=False, BLOCK_M=64, BLOCK_N=128, FLOAT32_PRECISION="'ieee'", GQA_SHARED_HEADS=1, HAS_FULL_BLOCKS=True, IS_DIVISIBLE=True, OUTPUT_LOGSUMEXP=False, OUTPUT_MAX=False, PRESCALE_QK=False, QK_HEAD_DIM=128, QK_HEAD_DIM_ROUNDED=128, ROWS_GUARANTEED_SAFE=False, SAFE_HEAD_DIM=True, SM_SCALE=0.08838834764831843, SPARSE_KV_BLOCK_SIZE=128, SPARSE_Q_BLOCK_SIZE=128, USE_TMA=False, V_HEAD_DIM=128, V_HEAD_DIM_ROUNDED=128, WRITE_DQ=True, num_stages=3, num_warps=4
[rank1]:  triton_flex_attention_0 4.0677 ms 74.5% BLOCKS_ARE_CONTIGUOUS=False, BLOCK_M=128, BLOCK_N=64, FLOAT32_PRECISION="'ieee'", GQA_SHARED_HEADS=1, HAS_FULL_BLOCKS=True, IS_DIVISIBLE=True, OUTPUT_LOGSUMEXP=False, OUTPUT_MAX=False, PRESCALE_QK=False, QK_HEAD_DIM=128, QK_HEAD_DIM_ROUNDED=128, ROWS_GUARANTEED_SAFE=False, SAFE_HEAD_DIM=True, SM_SCALE=0.08838834764831843, SPARSE_KV_BLOCK_SIZE=128, SPARSE_Q_BLOCK_SIZE=128, USE_TMA=False, V_HEAD_DIM=128, V_HEAD_DIM_ROUNDED=128, WRITE_DQ=True, num_stages=3, num_warps=4
[rank3]:  triton_flex_attention_0 4.0021 ms 75.7% BLOCKS_ARE_CONTIGUOUS=False, BLOCK_M=128, BLOCK_N=64, FLOAT32_PRECISION="'ieee'", GQA_SHARED_HEADS=1, HAS_FULL_BLOCKS=True, IS_DIVISIBLE=True, OUTPUT_LOGSUMEXP=False, OUTPUT_MAX=False, PRESCALE_QK=False, QK_HEAD_DIM=128, QK_HEAD_DIM_ROUNDED=128, ROWS_GUARANTEED_SAFE=False, SAFE_HEAD_DIM=True, SM_SCALE=0.08838834764831843, SPARSE_KV_BLOCK_SIZE=128, SPARSE_Q_BLOCK_SIZE=128, USE_TMA=False, V_HEAD_DIM=128, V_HEAD_DIM_ROUNDED=128, WRITE_DQ=True, num_stages=3, num_warps=4
[rank1]:  triton_flex_attention_3 4.1552 ms 72.9% BLOCKS_ARE_CONTIGUOUS=False, BLOCK_M=128, BLOCK_N=128, FLOAT32_PRECISION="'ieee'", GQA_SHARED_HEADS=1, HAS_FULL_BLOCKS=True, IS_DIVISIBLE=True, OUTPUT_LOGSUMEXP=False, OUTPUT_MAX=False, PRESCALE_QK=False, QK_HEAD_DIM=128, QK_HEAD_DIM_ROUNDED=128, ROWS_GUARANTEED_SAFE=False, SAFE_HEAD_DIM=True, SM_SCALE=0.08838834764831843, SPARSE_KV_BLOCK_SIZE=128, SPARSE_Q_BLOCK_SIZE=128, USE_TMA=False, V_HEAD_DIM=128, V_HEAD_DIM_ROUNDED=128, WRITE_DQ=True, num_stages=1, num_warps=8
[rank3]:  triton_flex_attention_3 4.1475 ms 73.0% BLOCKS_ARE_CONTIGUOUS=False, BLOCK_M=128, BLOCK_N=128, FLOAT32_PRECISION="'ieee'", GQA_SHARED_HEADS=1, HAS_FULL_BLOCKS=True, IS_DIVISIBLE=True, OUTPUT_LOGSUMEXP=False, OUTPUT_MAX=False, PRESCALE_QK=False, QK_HEAD_DIM=128, QK_HEAD_DIM_ROUNDED=128, ROWS_GUARANTEED_SAFE=False, SAFE_HEAD_DIM=True, SM_SCALE=0.08838834764831843, SPARSE_KV_BLOCK_SIZE=128, SPARSE_Q_BLOCK_SIZE=128, USE_TMA=False, V_HEAD_DIM=128, V_HEAD_DIM_ROUNDED=128, WRITE_DQ=True, num_stages=1, num_warps=8
[rank1]:  triton_flex_attention_1 4.6635 ms 65.0% BLOCKS_ARE_CONTIGUOUS=False, BLOCK_M=128, BLOCK_N=128, FLOAT32_PRECISION="'ieee'", GQA_SHARED_HEADS=1, HAS_FULL_BLOCKS=True, IS_DIVISIBLE=True, OUTPUT_LOGSUMEXP=False, OUTPUT_MAX=False, PRESCALE_QK=False, QK_HEAD_DIM=128, QK_HEAD_DIM_ROUNDED=128, ROWS_GUARANTEED_SAFE=False, SAFE_HEAD_DIM=True, SM_SCALE=0.08838834764831843, SPARSE_KV_BLOCK_SIZE=128, SPARSE_Q_BLOCK_SIZE=128, USE_TMA=False, V_HEAD_DIM=128, V_HEAD_DIM_ROUNDED=128, WRITE_DQ=True, num_stages=3, num_warps=4
[rank3]:  triton_flex_attention_1 4.6750 ms 64.8% BLOCKS_ARE_CONTIGUOUS=False, BLOCK_M=128, BLOCK_N=128, FLOAT32_PRECISION="'ieee'", GQA_SHARED_HEADS=1, HAS_FULL_BLOCKS=True, IS_DIVISIBLE=True, OUTPUT_LOGSUMEXP=False, OUTPUT_MAX=False, PRESCALE_QK=False, QK_HEAD_DIM=128, QK_HEAD_DIM_ROUNDED=128, ROWS_GUARANTEED_SAFE=False, SAFE_HEAD_DIM=True, SM_SCALE=0.08838834764831843, SPARSE_KV_BLOCK_SIZE=128, SPARSE_Q_BLOCK_SIZE=128, USE_TMA=False, V_HEAD_DIM=128, V_HEAD_DIM_ROUNDED=128, WRITE_DQ=True, num_stages=3, num_warps=4
[rank1]:SingleProcess AUTOTUNE benchmarking takes 0.4454 seconds and 1.7782 seconds precompiling for 7 choices
[rank3]:SingleProcess AUTOTUNE benchmarking takes 0.4535 seconds and 1.7805 seconds precompiling for 7 choices
[rank2]:Autotune Choices Stats:
[rank2]:{"num_choices": 7, "num_triton_choices": 7, "best_kernel": "triton_flex_attention_13", "best_kernel_desc": "BLOCKS_ARE_CONTIGUOUS=False, BLOCK_M=128, BLOCK_N=64, FLOAT32_PRECISION=\"'ieee'\", GQA_SHARED_HEADS=1, HAS_FULL_BLOCKS=True, IS_DIVISIBLE=False, OUTPUT_LOGSUMEXP=False, OUTPUT_MAX=False, PRESCALE_QK=False, QK_HEAD_DIM=128, QK_HEAD_DIM_ROUNDED=128, ROWS_GUARANTEED_SAFE=False, SAFE_HEAD_DIM=True, SM_SCALE=0.08838834764831843, SPARSE_KV_BLOCK_SIZE=128, SPARSE_Q_BLOCK_SIZE=128, USE_TMA=False, V_HEAD_DIM=128, V_HEAD_DIM_ROUNDED=128, WRITE_DQ=True, num_stages=3, num_warps=8", "best_time": 0.9706240296363831, "best_triton_pos": 0}
[rank2]:AUTOTUNE flex_attention(1x12x5184x128, 1x12x5184x128, 1x12x5184x128, 1x12x5184, 1x12x5184, 1x1x41, 1x1x41x41, 1x1x41, 1x1x41x41, 5184)
[rank2]:strides: [1536, 128, 1536, 1], [1536, 128, 1536, 1], [1536, 128, 1536, 1], [12*s37, s37, 1], [12*s37, s37, 1], [s99, s99, 1], [s22*s72, s22*s72, s72, 1], [s94, s94, 1], [s28*s4, s28*s4, s4, 1], [1]
[rank2]:dtypes: torch.bfloat16, torch.bfloat16, torch.bfloat16, torch.float32, torch.float32, torch.int32, torch.int32, torch.int32, torch.int32, torch.int32
[rank2]:  triton_flex_attention_13 0.9706 ms 100.0% BLOCKS_ARE_CONTIGUOUS=False, BLOCK_M=128, BLOCK_N=64, FLOAT32_PRECISION="'ieee'", GQA_SHARED_HEADS=1, HAS_FULL_BLOCKS=True, IS_DIVISIBLE=False, OUTPUT_LOGSUMEXP=False, OUTPUT_MAX=False, PRESCALE_QK=False, QK_HEAD_DIM=128, QK_HEAD_DIM_ROUNDED=128, ROWS_GUARANTEED_SAFE=False, SAFE_HEAD_DIM=True, SM_SCALE=0.08838834764831843, SPARSE_KV_BLOCK_SIZE=128, SPARSE_Q_BLOCK_SIZE=128, USE_TMA=False, V_HEAD_DIM=128, V_HEAD_DIM_ROUNDED=128, WRITE_DQ=True, num_stages=3, num_warps=8
[rank2]:  triton_flex_attention_9 1.0467 ms 92.7% BLOCKS_ARE_CONTIGUOUS=False, BLOCK_M=128, BLOCK_N=128, FLOAT32_PRECISION="'ieee'", GQA_SHARED_HEADS=1, HAS_FULL_BLOCKS=True, IS_DIVISIBLE=False, OUTPUT_LOGSUMEXP=False, OUTPUT_MAX=False, PRESCALE_QK=False, QK_HEAD_DIM=128, QK_HEAD_DIM_ROUNDED=128, ROWS_GUARANTEED_SAFE=False, SAFE_HEAD_DIM=True, SM_SCALE=0.08838834764831843, SPARSE_KV_BLOCK_SIZE=128, SPARSE_Q_BLOCK_SIZE=128, USE_TMA=False, V_HEAD_DIM=128, V_HEAD_DIM_ROUNDED=128, WRITE_DQ=True, num_stages=2, num_warps=8
[rank2]:  triton_flex_attention_11 1.2896 ms 75.3% BLOCKS_ARE_CONTIGUOUS=False, BLOCK_M=64, BLOCK_N=128, FLOAT32_PRECISION="'ieee'", GQA_SHARED_HEADS=1, HAS_FULL_BLOCKS=True, IS_DIVISIBLE=False, OUTPUT_LOGSUMEXP=False, OUTPUT_MAX=False, PRESCALE_QK=False, QK_HEAD_DIM=128, QK_HEAD_DIM_ROUNDED=128, ROWS_GUARANTEED_SAFE=False, SAFE_HEAD_DIM=True, SM_SCALE=0.08838834764831843, SPARSE_KV_BLOCK_SIZE=128, SPARSE_Q_BLOCK_SIZE=128, USE_TMA=False, V_HEAD_DIM=128, V_HEAD_DIM_ROUNDED=128, WRITE_DQ=True, num_stages=3, num_warps=4
[rank2]:  triton_flex_attention_10 1.3678 ms 71.0% BLOCKS_ARE_CONTIGUOUS=False, BLOCK_M=128, BLOCK_N=128, FLOAT32_PRECISION="'ieee'", GQA_SHARED_HEADS=1, HAS_FULL_BLOCKS=True, IS_DIVISIBLE=False, OUTPUT_LOGSUMEXP=False, OUTPUT_MAX=False, PRESCALE_QK=False, QK_HEAD_DIM=128, QK_HEAD_DIM_ROUNDED=128, ROWS_GUARANTEED_SAFE=False, SAFE_HEAD_DIM=True, SM_SCALE=0.08838834764831843, SPARSE_KV_BLOCK_SIZE=128, SPARSE_Q_BLOCK_SIZE=128, USE_TMA=False, V_HEAD_DIM=128, V_HEAD_DIM_ROUNDED=128, WRITE_DQ=True, num_stages=1, num_warps=8
[rank2]:  triton_flex_attention_12 1.3844 ms 70.1% BLOCKS_ARE_CONTIGUOUS=False, BLOCK_M=64, BLOCK_N=64, FLOAT32_PRECISION="'ieee'", GQA_SHARED_HEADS=1, HAS_FULL_BLOCKS=True, IS_DIVISIBLE=False, OUTPUT_LOGSUMEXP=False, OUTPUT_MAX=False, PRESCALE_QK=False, QK_HEAD_DIM=128, QK_HEAD_DIM_ROUNDED=128, ROWS_GUARANTEED_SAFE=False, SAFE_HEAD_DIM=True, SM_SCALE=0.08838834764831843, SPARSE_KV_BLOCK_SIZE=128, SPARSE_Q_BLOCK_SIZE=128, USE_TMA=False, V_HEAD_DIM=128, V_HEAD_DIM_ROUNDED=128, WRITE_DQ=True, num_stages=3, num_warps=4
[rank2]:  triton_flex_attention_7 2.0869 ms 46.5% BLOCKS_ARE_CONTIGUOUS=False, BLOCK_M=128, BLOCK_N=64, FLOAT32_PRECISION="'ieee'", GQA_SHARED_HEADS=1, HAS_FULL_BLOCKS=True, IS_DIVISIBLE=False, OUTPUT_LOGSUMEXP=False, OUTPUT_MAX=False, PRESCALE_QK=False, QK_HEAD_DIM=128, QK_HEAD_DIM_ROUNDED=128, ROWS_GUARANTEED_SAFE=False, SAFE_HEAD_DIM=True, SM_SCALE=0.08838834764831843, SPARSE_KV_BLOCK_SIZE=128, SPARSE_Q_BLOCK_SIZE=128, USE_TMA=False, V_HEAD_DIM=128, V_HEAD_DIM_ROUNDED=128, WRITE_DQ=True, num_stages=3, num_warps=4
[rank2]:  triton_flex_attention_8 2.6037 ms 37.3% BLOCKS_ARE_CONTIGUOUS=False, BLOCK_M=128, BLOCK_N=128, FLOAT32_PRECISION="'ieee'", GQA_SHARED_HEADS=1, HAS_FULL_BLOCKS=True, IS_DIVISIBLE=False, OUTPUT_LOGSUMEXP=False, OUTPUT_MAX=False, PRESCALE_QK=False, QK_HEAD_DIM=128, QK_HEAD_DIM_ROUNDED=128, ROWS_GUARANTEED_SAFE=False, SAFE_HEAD_DIM=True, SM_SCALE=0.08838834764831843, SPARSE_KV_BLOCK_SIZE=128, SPARSE_Q_BLOCK_SIZE=128, USE_TMA=False, V_HEAD_DIM=128, V_HEAD_DIM_ROUNDED=128, WRITE_DQ=True, num_stages=3, num_warps=4
[rank2]:SingleProcess AUTOTUNE benchmarking takes 0.3532 seconds and 2.1914 seconds precompiling for 7 choices
[rank0]:Autotune Choices Stats:
[rank0]:{"num_choices": 7, "num_triton_choices": 7, "best_kernel": "triton_flex_attention_12", "best_kernel_desc": "BLOCKS_ARE_CONTIGUOUS=False, BLOCK_M=64, BLOCK_N=64, FLOAT32_PRECISION=\"'ieee'\", GQA_SHARED_HEADS=1, HAS_FULL_BLOCKS=True, IS_DIVISIBLE=True, OUTPUT_LOGSUMEXP=True, OUTPUT_MAX=False, PRESCALE_QK=False, QK_HEAD_DIM=128, QK_HEAD_DIM_ROUNDED=128, ROWS_GUARANTEED_SAFE=False, SAFE_HEAD_DIM=True, SM_SCALE=0.08838834764831843, SPARSE_KV_BLOCK_SIZE=128, SPARSE_Q_BLOCK_SIZE=128, USE_TMA=False, V_HEAD_DIM=128, V_HEAD_DIM_ROUNDED=128, WRITE_DQ=True, num_stages=3, num_warps=4", "best_time": 3.1418240070343018, "best_triton_pos": 0}
[rank0]:AUTOTUNE flex_attention(1x12x10368x128, 1x12x10368x128, 1x12x10368x128, 1x12x10368, 1x12x10368, 1x1x81, 1x1x81x81, 1x1x81, 1x1x81x81, 10368)
[rank0]:strides: [1536, 128, 1536, 1], [1536, 128, 1536, 1], [1536, 128, 1536, 1], [124416, 10368, 1], [124416, 10368, 1], [s99, s99, 1], [s22*s72, s22*s72, s72, 1], [s94, s94, 1], [s28*s4, s28*s4, s4, 1], [1]
[rank0]:dtypes: torch.bfloat16, torch.bfloat16, torch.bfloat16, torch.float32, torch.float32, torch.int32, torch.int32, torch.int32, torch.int32, torch.int32
[rank0]:  triton_flex_attention_12 3.1418 ms 100.0% BLOCKS_ARE_CONTIGUOUS=False, BLOCK_M=64, BLOCK_N=64, FLOAT32_PRECISION="'ieee'", GQA_SHARED_HEADS=1, HAS_FULL_BLOCKS=True, IS_DIVISIBLE=True, OUTPUT_LOGSUMEXP=True, OUTPUT_MAX=False, PRESCALE_QK=False, QK_HEAD_DIM=128, QK_HEAD_DIM_ROUNDED=128, ROWS_GUARANTEED_SAFE=False, SAFE_HEAD_DIM=True, SM_SCALE=0.08838834764831843, SPARSE_KV_BLOCK_SIZE=128, SPARSE_Q_BLOCK_SIZE=128, USE_TMA=False, V_HEAD_DIM=128, V_HEAD_DIM_ROUNDED=128, WRITE_DQ=True, num_stages=3, num_warps=4
[rank0]:  triton_flex_attention_13 3.5036 ms 89.7% BLOCKS_ARE_CONTIGUOUS=False, BLOCK_M=128, BLOCK_N=64, FLOAT32_PRECISION="'ieee'", GQA_SHARED_HEADS=1, HAS_FULL_BLOCKS=True, IS_DIVISIBLE=True, OUTPUT_LOGSUMEXP=True, OUTPUT_MAX=False, PRESCALE_QK=False, QK_HEAD_DIM=128, QK_HEAD_DIM_ROUNDED=128, ROWS_GUARANTEED_SAFE=False, SAFE_HEAD_DIM=True, SM_SCALE=0.08838834764831843, SPARSE_KV_BLOCK_SIZE=128, SPARSE_Q_BLOCK_SIZE=128, USE_TMA=False, V_HEAD_DIM=128, V_HEAD_DIM_ROUNDED=128, WRITE_DQ=True, num_stages=3, num_warps=8
[rank0]:  triton_flex_attention_9 3.5414 ms 88.7% BLOCKS_ARE_CONTIGUOUS=False, BLOCK_M=128, BLOCK_N=128, FLOAT32_PRECISION="'ieee'", GQA_SHARED_HEADS=1, HAS_FULL_BLOCKS=True, IS_DIVISIBLE=True, OUTPUT_LOGSUMEXP=True, OUTPUT_MAX=False, PRESCALE_QK=False, QK_HEAD_DIM=128, QK_HEAD_DIM_ROUNDED=128, ROWS_GUARANTEED_SAFE=False, SAFE_HEAD_DIM=True, SM_SCALE=0.08838834764831843, SPARSE_KV_BLOCK_SIZE=128, SPARSE_Q_BLOCK_SIZE=128, USE_TMA=False, V_HEAD_DIM=128, V_HEAD_DIM_ROUNDED=128, WRITE_DQ=True, num_stages=2, num_warps=8
[rank0]:  triton_flex_attention_11 3.6436 ms 86.2% BLOCKS_ARE_CONTIGUOUS=False, BLOCK_M=64, BLOCK_N=128, FLOAT32_PRECISION="'ieee'", GQA_SHARED_HEADS=1, HAS_FULL_BLOCKS=True, IS_DIVISIBLE=True, OUTPUT_LOGSUMEXP=True, OUTPUT_MAX=False, PRESCALE_QK=False, QK_HEAD_DIM=128, QK_HEAD_DIM_ROUNDED=128, ROWS_GUARANTEED_SAFE=False, SAFE_HEAD_DIM=True, SM_SCALE=0.08838834764831843, SPARSE_KV_BLOCK_SIZE=128, SPARSE_Q_BLOCK_SIZE=128, USE_TMA=False, V_HEAD_DIM=128, V_HEAD_DIM_ROUNDED=128, WRITE_DQ=True, num_stages=3, num_warps=4
[rank0]:  triton_flex_attention_7 3.9661 ms 79.2% BLOCKS_ARE_CONTIGUOUS=False, BLOCK_M=128, BLOCK_N=64, FLOAT32_PRECISION="'ieee'", GQA_SHARED_HEADS=1, HAS_FULL_BLOCKS=True, IS_DIVISIBLE=True, OUTPUT_LOGSUMEXP=True, OUTPUT_MAX=False, PRESCALE_QK=False, QK_HEAD_DIM=128, QK_HEAD_DIM_ROUNDED=128, ROWS_GUARANTEED_SAFE=False, SAFE_HEAD_DIM=True, SM_SCALE=0.08838834764831843, SPARSE_KV_BLOCK_SIZE=128, SPARSE_Q_BLOCK_SIZE=128, USE_TMA=False, V_HEAD_DIM=128, V_HEAD_DIM_ROUNDED=128, WRITE_DQ=True, num_stages=3, num_warps=4
[rank0]:  triton_flex_attention_10 4.1280 ms 76.1% BLOCKS_ARE_CONTIGUOUS=False, BLOCK_M=128, BLOCK_N=128, FLOAT32_PRECISION="'ieee'", GQA_SHARED_HEADS=1, HAS_FULL_BLOCKS=True, IS_DIVISIBLE=True, OUTPUT_LOGSUMEXP=True, OUTPUT_MAX=False, PRESCALE_QK=False, QK_HEAD_DIM=128, QK_HEAD_DIM_ROUNDED=128, ROWS_GUARANTEED_SAFE=False, SAFE_HEAD_DIM=True, SM_SCALE=0.08838834764831843, SPARSE_KV_BLOCK_SIZE=128, SPARSE_Q_BLOCK_SIZE=128, USE_TMA=False, V_HEAD_DIM=128, V_HEAD_DIM_ROUNDED=128, WRITE_DQ=True, num_stages=1, num_warps=8
[rank0]:  triton_flex_attention_8 4.7351 ms 66.4% BLOCKS_ARE_CONTIGUOUS=False, BLOCK_M=128, BLOCK_N=128, FLOAT32_PRECISION="'ieee'", GQA_SHARED_HEADS=1, HAS_FULL_BLOCKS=True, IS_DIVISIBLE=True, OUTPUT_LOGSUMEXP=True, OUTPUT_MAX=False, PRESCALE_QK=False, QK_HEAD_DIM=128, QK_HEAD_DIM_ROUNDED=128, ROWS_GUARANTEED_SAFE=False, SAFE_HEAD_DIM=True, SM_SCALE=0.08838834764831843, SPARSE_KV_BLOCK_SIZE=128, SPARSE_Q_BLOCK_SIZE=128, USE_TMA=False, V_HEAD_DIM=128, V_HEAD_DIM_ROUNDED=128, WRITE_DQ=True, num_stages=3, num_warps=4
[rank0]:SingleProcess AUTOTUNE benchmarking takes 0.4256 seconds and 1.8269 seconds precompiling for 7 choices
[rank0]:Autotune Choices Stats:
[rank0]:{"num_choices": 13, "num_triton_choices": 13, "best_kernel": "triton_flex_attention_backward_26", "best_kernel_desc": "BLOCKS_ARE_CONTIGUOUS=False, BLOCK_M1=64, BLOCK_M2=128, BLOCK_N1=128, BLOCK_N2=64, FLOAT32_PRECISION=\"'ieee'\", GQA_SHARED_HEADS=1, HAS_FULL_BLOCKS=True, IS_DIVISIBLE=True, OUTPUT_LOGSUMEXP=True, OUTPUT_MAX=False, PRESCALE_QK=False, QK_HEAD_DIM=128, QK_HEAD_DIM_ROUNDED=128, ROWS_GUARANTEED_SAFE=False, SAFE_HEAD_DIM=True, SM_SCALE=0.08838834764831843, SPARSE_KV_BLOCK_SIZE=128, SPARSE_Q_BLOCK_SIZE=128, USE_TMA=False, V_HEAD_DIM=128, V_HEAD_DIM_ROUNDED=128, WRITE_DQ=True, num_stages=3, num_warps=8", "best_time": 8.59011173248291, "best_triton_pos": 0}
[rank0]:AUTOTUNE flex_attention_backward(1x12x10368x128, 1x12x10368x128, 1x12x10368x128, 1x12x10368, 1x12x10368, 1x12x10368x128, 1x12x10368x128, 1x12x10368x128, 1x1x81, 1x1x81x81, 1x1x81, 1x1x81x81, 1x1x81, 1x1x81x81, 1x1x81, 1x1x81x81, 10368)
[rank0]:strides: [1536, 128, 1536, 1], [1536, 128, 1536, 1], [1536, 128, 1536, 1], [124416, 10368, 1], [124416, 10368, 1], [15925248, 128, 1536, 1], [15925248, 128, 1536, 1], [15925248, 128, 1536, 1], [s99, s99, 1], [s22*s72, s22*s72, s72, 1], [s56, s56, 1], [s53*s84, s53*s84, s53, 1], [s94, s94, 1], [s28*s4, s28*s4, s4, 1], [s100, s100, 1], [s10*s5, s10*s5, s10, 1], [1]
[rank0]:dtypes: torch.bfloat16, torch.bfloat16, torch.bfloat16, torch.float32, torch.float32, torch.bfloat16, torch.bfloat16, torch.bfloat16, torch.int32, torch.int32, torch.int32, torch.int32, torch.int32, torch.int32, torch.int32, torch.int32, torch.int32
[rank0]:  triton_flex_attention_backward_26 8.5901 ms 100.0% BLOCKS_ARE_CONTIGUOUS=False, BLOCK_M1=64, BLOCK_M2=128, BLOCK_N1=128, BLOCK_N2=64, FLOAT32_PRECISION="'ieee'", GQA_SHARED_HEADS=1, HAS_FULL_BLOCKS=True, IS_DIVISIBLE=True, OUTPUT_LOGSUMEXP=True, OUTPUT_MAX=False, PRESCALE_QK=False, QK_HEAD_DIM=128, QK_HEAD_DIM_ROUNDED=128, ROWS_GUARANTEED_SAFE=False, SAFE_HEAD_DIM=True, SM_SCALE=0.08838834764831843, SPARSE_KV_BLOCK_SIZE=128, SPARSE_Q_BLOCK_SIZE=128, USE_TMA=False, V_HEAD_DIM=128, V_HEAD_DIM_ROUNDED=128, WRITE_DQ=True, num_stages=3, num_warps=8
[rank0]:  triton_flex_attention_backward_19 9.3589 ms 91.8% BLOCKS_ARE_CONTIGUOUS=False, BLOCK_M1=32, BLOCK_M2=64, BLOCK_N1=64, BLOCK_N2=32, FLOAT32_PRECISION="'ieee'", GQA_SHARED_HEADS=1, HAS_FULL_BLOCKS=True, IS_DIVISIBLE=True, OUTPUT_LOGSUMEXP=True, OUTPUT_MAX=False, PRESCALE_QK=False, QK_HEAD_DIM=128, QK_HEAD_DIM_ROUNDED=128, ROWS_GUARANTEED_SAFE=False, SAFE_HEAD_DIM=True, SM_SCALE=0.08838834764831843, SPARSE_KV_BLOCK_SIZE=128, SPARSE_Q_BLOCK_SIZE=128, USE_TMA=False, V_HEAD_DIM=128, V_HEAD_DIM_ROUNDED=128, WRITE_DQ=True, num_stages=3, num_warps=4
[rank0]:  triton_flex_attention_backward_20 9.5441 ms 90.0% BLOCKS_ARE_CONTIGUOUS=False, BLOCK_M1=32, BLOCK_M2=64, BLOCK_N1=64, BLOCK_N2=32, FLOAT32_PRECISION="'ieee'", GQA_SHARED_HEADS=1, HAS_FULL_BLOCKS=True, IS_DIVISIBLE=True, OUTPUT_LOGSUMEXP=True, OUTPUT_MAX=False, PRESCALE_QK=False, QK_HEAD_DIM=128, QK_HEAD_DIM_ROUNDED=128, ROWS_GUARANTEED_SAFE=False, SAFE_HEAD_DIM=True, SM_SCALE=0.08838834764831843, SPARSE_KV_BLOCK_SIZE=128, SPARSE_Q_BLOCK_SIZE=128, USE_TMA=False, V_HEAD_DIM=128, V_HEAD_DIM_ROUNDED=128, WRITE_DQ=True, num_stages=4, num_warps=4
[rank0]:  triton_flex_attention_backward_24 11.4473 ms 75.0% BLOCKS_ARE_CONTIGUOUS=False, BLOCK_M1=64, BLOCK_M2=64, BLOCK_N1=64, BLOCK_N2=64, FLOAT32_PRECISION="'ieee'", GQA_SHARED_HEADS=1, HAS_FULL_BLOCKS=True, IS_DIVISIBLE=True, OUTPUT_LOGSUMEXP=True, OUTPUT_MAX=False, PRESCALE_QK=False, QK_HEAD_DIM=128, QK_HEAD_DIM_ROUNDED=128, ROWS_GUARANTEED_SAFE=False, SAFE_HEAD_DIM=True, SM_SCALE=0.08838834764831843, SPARSE_KV_BLOCK_SIZE=128, SPARSE_Q_BLOCK_SIZE=128, USE_TMA=False, V_HEAD_DIM=128, V_HEAD_DIM_ROUNDED=128, WRITE_DQ=True, num_stages=4, num_warps=4
[rank0]:  triton_flex_attention_backward_23 11.5772 ms 74.2% BLOCKS_ARE_CONTIGUOUS=False, BLOCK_M1=64, BLOCK_M2=64, BLOCK_N1=64, BLOCK_N2=64, FLOAT32_PRECISION="'ieee'", GQA_SHARED_HEADS=1, HAS_FULL_BLOCKS=True, IS_DIVISIBLE=True, OUTPUT_LOGSUMEXP=True, OUTPUT_MAX=False, PRESCALE_QK=False, QK_HEAD_DIM=128, QK_HEAD_DIM_ROUNDED=128, ROWS_GUARANTEED_SAFE=False, SAFE_HEAD_DIM=True, SM_SCALE=0.08838834764831843, SPARSE_KV_BLOCK_SIZE=128, SPARSE_Q_BLOCK_SIZE=128, USE_TMA=False, V_HEAD_DIM=128, V_HEAD_DIM_ROUNDED=128, WRITE_DQ=True, num_stages=3, num_warps=4
[rank0]:  triton_flex_attention_backward_25 11.6670 ms 73.6% BLOCKS_ARE_CONTIGUOUS=False, BLOCK_M1=64, BLOCK_M2=64, BLOCK_N1=64, BLOCK_N2=64, FLOAT32_PRECISION="'ieee'", GQA_SHARED_HEADS=1, HAS_FULL_BLOCKS=True, IS_DIVISIBLE=True, OUTPUT_LOGSUMEXP=True, OUTPUT_MAX=False, PRESCALE_QK=False, QK_HEAD_DIM=128, QK_HEAD_DIM_ROUNDED=128, ROWS_GUARANTEED_SAFE=False, SAFE_HEAD_DIM=True, SM_SCALE=0.08838834764831843, SPARSE_KV_BLOCK_SIZE=128, SPARSE_Q_BLOCK_SIZE=128, USE_TMA=False, V_HEAD_DIM=128, V_HEAD_DIM_ROUNDED=128, WRITE_DQ=True, num_stages=5, num_warps=4
[rank0]:  triton_flex_attention_backward_21 12.8797 ms 66.7% BLOCKS_ARE_CONTIGUOUS=False, BLOCK_M1=32, BLOCK_M2=64, BLOCK_N1=64, BLOCK_N2=32, FLOAT32_PRECISION="'ieee'", GQA_SHARED_HEADS=1, HAS_FULL_BLOCKS=True, IS_DIVISIBLE=True, OUTPUT_LOGSUMEXP=True, OUTPUT_MAX=False, PRESCALE_QK=False, QK_HEAD_DIM=128, QK_HEAD_DIM_ROUNDED=128, ROWS_GUARANTEED_SAFE=False, SAFE_HEAD_DIM=True, SM_SCALE=0.08838834764831843, SPARSE_KV_BLOCK_SIZE=128, SPARSE_Q_BLOCK_SIZE=128, USE_TMA=False, V_HEAD_DIM=128, V_HEAD_DIM_ROUNDED=128, WRITE_DQ=True, num_stages=5, num_warps=4
[rank0]:  triton_flex_attention_backward_22 12.9567 ms 66.3% BLOCKS_ARE_CONTIGUOUS=False, BLOCK_M1=64, BLOCK_M2=64, BLOCK_N1=64, BLOCK_N2=64, FLOAT32_PRECISION="'ieee'", GQA_SHARED_HEADS=1, HAS_FULL_BLOCKS=True, IS_DIVISIBLE=True, OUTPUT_LOGSUMEXP=True, OUTPUT_MAX=False, PRESCALE_QK=False, QK_HEAD_DIM=128, QK_HEAD_DIM_ROUNDED=128, ROWS_GUARANTEED_SAFE=False, SAFE_HEAD_DIM=True, SM_SCALE=0.08838834764831843, SPARSE_KV_BLOCK_SIZE=128, SPARSE_Q_BLOCK_SIZE=128, USE_TMA=False, V_HEAD_DIM=128, V_HEAD_DIM_ROUNDED=128, WRITE_DQ=True, num_stages=1, num_warps=4
[rank0]:  triton_flex_attention_backward_18 14.4064 ms 59.6% BLOCKS_ARE_CONTIGUOUS=False, BLOCK_M1=32, BLOCK_M2=64, BLOCK_N1=64, BLOCK_N2=32, FLOAT32_PRECISION="'ieee'", GQA_SHARED_HEADS=1, HAS_FULL_BLOCKS=True, IS_DIVISIBLE=True, OUTPUT_LOGSUMEXP=True, OUTPUT_MAX=False, PRESCALE_QK=False, QK_HEAD_DIM=128, QK_HEAD_DIM_ROUNDED=128, ROWS_GUARANTEED_SAFE=False, SAFE_HEAD_DIM=True, SM_SCALE=0.08838834764831843, SPARSE_KV_BLOCK_SIZE=128, SPARSE_Q_BLOCK_SIZE=128, USE_TMA=False, V_HEAD_DIM=128, V_HEAD_DIM_ROUNDED=128, WRITE_DQ=True, num_stages=1, num_warps=4
[rank0]:  triton_flex_attention_backward_15 27.1901 ms 31.6% BLOCKS_ARE_CONTIGUOUS=False, BLOCK_M1=32, BLOCK_M2=32, BLOCK_N1=32, BLOCK_N2=32, FLOAT32_PRECISION="'ieee'", GQA_SHARED_HEADS=1, HAS_FULL_BLOCKS=True, IS_DIVISIBLE=True, OUTPUT_LOGSUMEXP=True, OUTPUT_MAX=False, PRESCALE_QK=False, QK_HEAD_DIM=128, QK_HEAD_DIM_ROUNDED=128, ROWS_GUARANTEED_SAFE=False, SAFE_HEAD_DIM=True, SM_SCALE=0.08838834764831843, SPARSE_KV_BLOCK_SIZE=128, SPARSE_Q_BLOCK_SIZE=128, USE_TMA=False, V_HEAD_DIM=128, V_HEAD_DIM_ROUNDED=128, WRITE_DQ=True, num_stages=3, num_warps=4
[rank0]:SingleProcess AUTOTUNE benchmarking takes 1.8243 seconds and 2.7735 seconds precompiling for 13 choices
[rank1]:/root/mep/venv_src/lib/python3.12/site-packages/torch/distributed/fsdp/_fully_shard/_fsdp_state.py:336: UserWarning: FSDP2-wrapped module (FSDPCheckpointWrapper) returned a view tensor. An in-place op on this view (e.g., `x += y`) will silently drop the pre-backward hook and skip the all-gather, which can cause backward to fail or produce wrong gradients. Use out-of-place ops (`out = out + y`, not `out += y`) or `.clone()` the output before any in-place op.
[rank1]:  output = self._register_pre_backward_hook(output)
[rank1]:/root/mep/venv_src/lib/python3.12/site-packages/torch/distributed/fsdp/_fully_shard/_fsdp_state.py:336: UserWarning: FSDP2-wrapped module (FSDPKimiK3Model) returned a view tensor. An in-place op on this view (e.g., `x += y`) will silently drop the pre-backward hook and skip the all-gather, which can cause backward to fail or produce wrong gradients. Use out-of-place ops (`out = out + y`, not `out += y`) or `.clone()` the output before any in-place op.
[rank1]:  output = self._register_pre_backward_hook(output)
[rank2]:Autotune Choices Stats:
[rank2]:{"num_choices": 6, "num_triton_choices": 6, "best_kernel": "triton_flex_attention_14", "best_kernel_desc": "BLOCKS_ARE_CONTIGUOUS=False, BLOCK_M=128, BLOCK_N=64, FLOAT32_PRECISION=\"'ieee'\", GQA_SHARED_HEADS=1, HAS_FULL_BLOCKS=True, IS_DIVISIBLE=False, OUTPUT_LOGSUMEXP=True, OUTPUT_MAX=False, PRESCALE_QK=False, QK_HEAD_DIM=96, QK_HEAD_DIM_ROUNDED=128, ROWS_GUARANTEED_SAFE=False, SAFE_HEAD_DIM=False, SM_SCALE=0.10206207261596575, SPARSE_KV_BLOCK_SIZE=128, SPARSE_Q_BLOCK_SIZE=128, USE_TMA=False, V_HEAD_DIM=64, V_HEAD_DIM_ROUNDED=64, WRITE_DQ=True, num_stages=3, num_warps=4", "best_time": 9.7990083694458, "best_triton_pos": 0}
[rank2]:AUTOTUNE flex_attention(1x96x6144x96, 1x96x6144x96, 1x96x6144x64, 1x96x6144, 1x96x6144, 1x1x48, 1x1x48x48, 1x1x48, 1x1x48x48, 6144, 6272)
[rank2]:strides: [9216, 96, 9216, 1], [9216, 96, 9216, 1], [96*s73, s73, 96*s73, 1], [96*s37, s37, 1], [96*s37, s37, 1], [s99, s99, 1], [s22*s72, s22*s72, s72, 1], [s94, s94, 1], [s28*s4, s28*s4, s4, 1], [1], [1]
[rank2]:dtypes: torch.bfloat16, torch.bfloat16, torch.bfloat16, torch.float32, torch.float32, torch.int32, torch.int32, torch.int32, torch.int32, torch.int32, torch.int32
[rank2]:  triton_flex_attention_14 9.7990 ms 100.0% BLOCKS_ARE_CONTIGUOUS=False, BLOCK_M=128, BLOCK_N=64, FLOAT32_PRECISION="'ieee'", GQA_SHARED_HEADS=1, HAS_FULL_BLOCKS=True, IS_DIVISIBLE=False, OUTPUT_LOGSUMEXP=True, OUTPUT_MAX=False, PRESCALE_QK=False, QK_HEAD_DIM=96, QK_HEAD_DIM_ROUNDED=128, ROWS_GUARANTEED_SAFE=False, SAFE_HEAD_DIM=False, SM_SCALE=0.10206207261596575, SPARSE_KV_BLOCK_SIZE=128, SPARSE_Q_BLOCK_SIZE=128, USE_TMA=False, V_HEAD_DIM=64, V_HEAD_DIM_ROUNDED=64, WRITE_DQ=True, num_stages=3, num_warps=4
[rank2]:  triton_flex_attention_16 11.4725 ms 85.4% BLOCKS_ARE_CONTIGUOUS=False, BLOCK_M=128, BLOCK_N=128, FLOAT32_PRECISION="'ieee'", GQA_SHARED_HEADS=1, HAS_FULL_BLOCKS=True, IS_DIVISIBLE=False, OUTPUT_LOGSUMEXP=True, OUTPUT_MAX=False, PRESCALE_QK=False, QK_HEAD_DIM=96, QK_HEAD_DIM_ROUNDED=128, ROWS_GUARANTEED_SAFE=False, SAFE_HEAD_DIM=False, SM_SCALE=0.10206207261596575, SPARSE_KV_BLOCK_SIZE=128, SPARSE_Q_BLOCK_SIZE=128, USE_TMA=False, V_HEAD_DIM=64, V_HEAD_DIM_ROUNDED=64, WRITE_DQ=True, num_stages=2, num_warps=8
[rank2]:  triton_flex_attention_19 11.8536 ms 82.7% BLOCKS_ARE_CONTIGUOUS=False, BLOCK_M=64, BLOCK_N=64, FLOAT32_PRECISION="'ieee'", GQA_SHARED_HEADS=1, HAS_FULL_BLOCKS=True, IS_DIVISIBLE=False, OUTPUT_LOGSUMEXP=True, OUTPUT_MAX=False, PRESCALE_QK=False, QK_HEAD_DIM=96, QK_HEAD_DIM_ROUNDED=128, ROWS_GUARANTEED_SAFE=False, SAFE_HEAD_DIM=False, SM_SCALE=0.10206207261596575, SPARSE_KV_BLOCK_SIZE=128, SPARSE_Q_BLOCK_SIZE=128, USE_TMA=False, V_HEAD_DIM=64, V_HEAD_DIM_ROUNDED=64, WRITE_DQ=True, num_stages=3, num_warps=4
[rank2]:  triton_flex_attention_17 11.9743 ms 81.8% BLOCKS_ARE_CONTIGUOUS=False, BLOCK_M=128, BLOCK_N=128, FLOAT32_PRECISION="'ieee'", GQA_SHARED_HEADS=1, HAS_FULL_BLOCKS=True, IS_DIVISIBLE=False, OUTPUT_LOGSUMEXP=True, OUTPUT_MAX=False, PRESCALE_QK=False, QK_HEAD_DIM=96, QK_HEAD_DIM_ROUNDED=128, ROWS_GUARANTEED_SAFE=False, SAFE_HEAD_DIM=False, SM_SCALE=0.10206207261596575, SPARSE_KV_BLOCK_SIZE=128, SPARSE_Q_BLOCK_SIZE=128, USE_TMA=False, V_HEAD_DIM=64, V_HEAD_DIM_ROUNDED=64, WRITE_DQ=True, num_stages=1, num_warps=8
[rank2]:  triton_flex_attention_18 15.6661 ms 62.5% BLOCKS_ARE_CONTIGUOUS=False, BLOCK_M=64, BLOCK_N=128, FLOAT32_PRECISION="'ieee'", GQA_SHARED_HEADS=1, HAS_FULL_BLOCKS=True, IS_DIVISIBLE=False, OUTPUT_LOGSUMEXP=True, OUTPUT_MAX=False, PRESCALE_QK=False, QK_HEAD_DIM=96, QK_HEAD_DIM_ROUNDED=128, ROWS_GUARANTEED_SAFE=False, SAFE_HEAD_DIM=False, SM_SCALE=0.10206207261596575, SPARSE_KV_BLOCK_SIZE=128, SPARSE_Q_BLOCK_SIZE=128, USE_TMA=False, V_HEAD_DIM=64, V_HEAD_DIM_ROUNDED=64, WRITE_DQ=True, num_stages=3, num_warps=4
[rank2]:  triton_flex_attention_15 30.9814 ms 31.6% BLOCKS_ARE_CONTIGUOUS=False, BLOCK_M=128, BLOCK_N=128, FLOAT32_PRECISION="'ieee'", GQA_SHARED_HEADS=1, HAS_FULL_BLOCKS=True, IS_DIVISIBLE=False, OUTPUT_LOGSUMEXP=True, OUTPUT_MAX=False, PRESCALE_QK=False, QK_HEAD_DIM=96, QK_HEAD_DIM_ROUNDED=128, ROWS_GUARANTEED_SAFE=False, SAFE_HEAD_DIM=False, SM_SCALE=0.10206207261596575, SPARSE_KV_BLOCK_SIZE=128, SPARSE_Q_BLOCK_SIZE=128, USE_TMA=False, V_HEAD_DIM=64, V_HEAD_DIM_ROUNDED=64, WRITE_DQ=True, num_stages=3, num_warps=4
[rank2]:SingleProcess AUTOTUNE benchmarking takes 0.7644 seconds and 0.0739 seconds precompiling for 6 choices
[rank2]:Autotune Choices Stats:
[rank2]:{"num_choices": 13, "num_triton_choices": 13, "best_kernel": "triton_flex_attention_backward_32", "best_kernel_desc": "BLOCKS_ARE_CONTIGUOUS=False, BLOCK_M1=64, BLOCK_M2=128, BLOCK_N1=128, BLOCK_N2=64, FLOAT32_PRECISION=\"'ieee'\", GQA_SHARED_HEADS=1, HAS_FULL_BLOCKS=True, IS_DIVISIBLE=False, OUTPUT_LOGSUMEXP=True, OUTPUT_MAX=False, PRESCALE_QK=False, QK_HEAD_DIM=96, QK_HEAD_DIM_ROUNDED=128, ROWS_GUARANTEED_SAFE=False, SAFE_HEAD_DIM=False, SM_SCALE=0.10206207261596575, SPARSE_KV_BLOCK_SIZE=128, SPARSE_Q_BLOCK_SIZE=128, USE_TMA=False, V_HEAD_DIM=64, V_HEAD_DIM_ROUNDED=64, WRITE_DQ=True, num_stages=3, num_warps=8", "best_time": 28.375263214111328, "best_triton_pos": 0}
[rank2]:AUTOTUNE flex_attention_backward(1x96x6144x96, 1x96x6144x96, 1x96x6144x64, 1x96x6144, 1x96x6144, 1x96x6144x64, 1x96x6144x96, 1x96x6144x64, 1x1x48, 1x1x48x48, 1x1x48, 1x1x48x48, 1x1x48, 1x1x48x48, 1x1x48, 1x1x48x48, 6144, 6272)
[rank2]:strides: [9216, 96, 9216, 1], [9216, 96, 9216, 1], [96*s73, s73, 96*s73, 1], [96*Max(1, s37), Max(1, s37), 1], [96*s37, s37, 1], [6144*Max(1, s37), 64*Max(1, s37), 64, 1], [9216*s37, 96, 9216, 1], [6144*s0, 64, 6144, 1], [s99, s99, 1], [s22*s72, s22*s72, s72, 1], [s56, s56, 1], [s53*s84, s53*s84, s53, 1], [s94, s94, 1], [s28*s4, s28*s4, s4, 1], [s100, s100, 1], [s11*s5, s11*s5, s11, 1], [1], [1]
[rank2]:dtypes: torch.bfloat16, torch.bfloat16, torch.bfloat16, torch.float32, torch.float32, torch.bfloat16, torch.bfloat16, torch.bfloat16, torch.int32, torch.int32, torch.int32, torch.int32, torch.int32, torch.int32, torch.int32, torch.int32, torch.int32, torch.int32
[rank2]:  triton_flex_attention_backward_32 28.3753 ms 100.0% BLOCKS_ARE_CONTIGUOUS=False, BLOCK_M1=64, BLOCK_M2=128, BLOCK_N1=128, BLOCK_N2=64, FLOAT32_PRECISION="'ieee'", GQA_SHARED_HEADS=1, HAS_FULL_BLOCKS=True, IS_DIVISIBLE=False, OUTPUT_LOGSUMEXP=True, OUTPUT_MAX=False, PRESCALE_QK=False, QK_HEAD_DIM=96, QK_HEAD_DIM_ROUNDED=128, ROWS_GUARANTEED_SAFE=False, SAFE_HEAD_DIM=False, SM_SCALE=0.10206207261596575, SPARSE_KV_BLOCK_SIZE=128, SPARSE_Q_BLOCK_SIZE=128, USE_TMA=False, V_HEAD_DIM=64, V_HEAD_DIM_ROUNDED=64, WRITE_DQ=True, num_stages=3, num_warps=8
[rank2]:  triton_flex_attention_backward_29 31.4492 ms 90.2% BLOCKS_ARE_CONTIGUOUS=False, BLOCK_M1=64, BLOCK_M2=64, BLOCK_N1=64, BLOCK_N2=64, FLOAT32_PRECISION="'ieee'", GQA_SHARED_HEADS=1, HAS_FULL_BLOCKS=True, IS_DIVISIBLE=False, OUTPUT_LOGSUMEXP=True, OUTPUT_MAX=False, PRESCALE_QK=False, QK_HEAD_DIM=96, QK_HEAD_DIM_ROUNDED=128, ROWS_GUARANTEED_SAFE=False, SAFE_HEAD_DIM=False, SM_SCALE=0.10206207261596575, SPARSE_KV_BLOCK_SIZE=128, SPARSE_Q_BLOCK_SIZE=128, USE_TMA=False, V_HEAD_DIM=64, V_HEAD_DIM_ROUNDED=64, WRITE_DQ=True, num_stages=3, num_warps=4
[rank2]:  triton_flex_attention_backward_27 33.7055 ms 84.2% BLOCKS_ARE_CONTIGUOUS=False, BLOCK_M1=32, BLOCK_M2=64, BLOCK_N1=64, BLOCK_N2=32, FLOAT32_PRECISION="'ieee'", GQA_SHARED_HEADS=1, HAS_FULL_BLOCKS=True, IS_DIVISIBLE=False, OUTPUT_LOGSUMEXP=True, OUTPUT_MAX=False, PRESCALE_QK=False, QK_HEAD_DIM=96, QK_HEAD_DIM_ROUNDED=128, ROWS_GUARANTEED_SAFE=False, SAFE_HEAD_DIM=False, SM_SCALE=0.10206207261596575, SPARSE_KV_BLOCK_SIZE=128, SPARSE_Q_BLOCK_SIZE=128, USE_TMA=False, V_HEAD_DIM=64, V_HEAD_DIM_ROUNDED=64, WRITE_DQ=True, num_stages=5, num_warps=4
[rank2]:  triton_flex_attention_backward_25 34.2504 ms 82.8% BLOCKS_ARE_CONTIGUOUS=False, BLOCK_M1=32, BLOCK_M2=64, BLOCK_N1=64, BLOCK_N2=32, FLOAT32_PRECISION="'ieee'", GQA_SHARED_HEADS=1, HAS_FULL_BLOCKS=True, IS_DIVISIBLE=False, OUTPUT_LOGSUMEXP=True, OUTPUT_MAX=False, PRESCALE_QK=False, QK_HEAD_DIM=96, QK_HEAD_DIM_ROUNDED=128, ROWS_GUARANTEED_SAFE=False, SAFE_HEAD_DIM=False, SM_SCALE=0.10206207261596575, SPARSE_KV_BLOCK_SIZE=128, SPARSE_Q_BLOCK_SIZE=128, USE_TMA=False, V_HEAD_DIM=64, V_HEAD_DIM_ROUNDED=64, WRITE_DQ=True, num_stages=3, num_warps=4
[rank2]:  triton_flex_attention_backward_26 34.2649 ms 82.8% BLOCKS_ARE_CONTIGUOUS=False, BLOCK_M1=32, BLOCK_M2=64, BLOCK_N1=64, BLOCK_N2=32, FLOAT32_PRECISION="'ieee'", GQA_SHARED_HEADS=1, HAS_FULL_BLOCKS=True, IS_DIVISIBLE=False, OUTPUT_LOGSUMEXP=True, OUTPUT_MAX=False, PRESCALE_QK=False, QK_HEAD_DIM=96, QK_HEAD_DIM_ROUNDED=128, ROWS_GUARANTEED_SAFE=False, SAFE_HEAD_DIM=False, SM_SCALE=0.10206207261596575, SPARSE_KV_BLOCK_SIZE=128, SPARSE_Q_BLOCK_SIZE=128, USE_TMA=False, V_HEAD_DIM=64, V_HEAD_DIM_ROUNDED=64, WRITE_DQ=True, num_stages=4, num_warps=4
[rank2]:  triton_flex_attention_backward_28 39.8030 ms 71.3% BLOCKS_ARE_CONTIGUOUS=False, BLOCK_M1=64, BLOCK_M2=64, BLOCK_N1=64, BLOCK_N2=64, FLOAT32_PRECISION="'ieee'", GQA_SHARED_HEADS=1, HAS_FULL_BLOCKS=True, IS_DIVISIBLE=False, OUTPUT_LOGSUMEXP=True, OUTPUT_MAX=False, PRESCALE_QK=False, QK_HEAD_DIM=96, QK_HEAD_DIM_ROUNDED=128, ROWS_GUARANTEED_SAFE=False, SAFE_HEAD_DIM=False, SM_SCALE=0.10206207261596575, SPARSE_KV_BLOCK_SIZE=128, SPARSE_Q_BLOCK_SIZE=128, USE_TMA=False, V_HEAD_DIM=64, V_HEAD_DIM_ROUNDED=64, WRITE_DQ=True, num_stages=1, num_warps=4
[rank2]:  triton_flex_attention_backward_24 43.4047 ms 65.4% BLOCKS_ARE_CONTIGUOUS=False, BLOCK_M1=32, BLOCK_M2=64, BLOCK_N1=64, BLOCK_N2=32, FLOAT32_PRECISION="'ieee'", GQA_SHARED_HEADS=1, HAS_FULL_BLOCKS=True, IS_DIVISIBLE=False, OUTPUT_LOGSUMEXP=True, OUTPUT_MAX=False, PRESCALE_QK=False, QK_HEAD_DIM=96, QK_HEAD_DIM_ROUNDED=128, ROWS_GUARANTEED_SAFE=False, SAFE_HEAD_DIM=False, SM_SCALE=0.10206207261596575, SPARSE_KV_BLOCK_SIZE=128, SPARSE_Q_BLOCK_SIZE=128, USE_TMA=False, V_HEAD_DIM=64, V_HEAD_DIM_ROUNDED=64, WRITE_DQ=True, num_stages=1, num_warps=4
[rank2]:  triton_flex_attention_backward_30 48.0308 ms 59.1% BLOCKS_ARE_CONTIGUOUS=False, BLOCK_M1=64, BLOCK_M2=64, BLOCK_N1=64, BLOCK_N2=64, FLOAT32_PRECISION="'ieee'", GQA_SHARED_HEADS=1, HAS_FULL_BLOCKS=True, IS_DIVISIBLE=False, OUTPUT_LOGSUMEXP=True, OUTPUT_MAX=False, PRESCALE_QK=False, QK_HEAD_DIM=96, QK_HEAD_DIM_ROUNDED=128, ROWS_GUARANTEED_SAFE=False, SAFE_HEAD_DIM=False, SM_SCALE=0.10206207261596575, SPARSE_KV_BLOCK_SIZE=128, SPARSE_Q_BLOCK_SIZE=128, USE_TMA=False, V_HEAD_DIM=64, V_HEAD_DIM_ROUNDED=64, WRITE_DQ=True, num_stages=4, num_warps=4
[rank2]:  triton_flex_attention_backward_31 48.2894 ms 58.8% BLOCKS_ARE_CONTIGUOUS=False, BLOCK_M1=64, BLOCK_M2=64, BLOCK_N1=64, BLOCK_N2=64, FLOAT32_PRECISION="'ieee'", GQA_SHARED_HEADS=1, HAS_FULL_BLOCKS=True, IS_DIVISIBLE=False, OUTPUT_LOGSUMEXP=True, OUTPUT_MAX=False, PRESCALE_QK=False, QK_HEAD_DIM=96, QK_HEAD_DIM_ROUNDED=128, ROWS_GUARANTEED_SAFE=False, SAFE_HEAD_DIM=False, SM_SCALE=0.10206207261596575, SPARSE_KV_BLOCK_SIZE=128, SPARSE_Q_BLOCK_SIZE=128, USE_TMA=False, V_HEAD_DIM=64, V_HEAD_DIM_ROUNDED=64, WRITE_DQ=True, num_stages=5, num_warps=4
[rank2]:  triton_flex_attention_backward_21 73.8237 ms 38.4% BLOCKS_ARE_CONTIGUOUS=False, BLOCK_M1=32, BLOCK_M2=32, BLOCK_N1=32, BLOCK_N2=32, FLOAT32_PRECISION="'ieee'", GQA_SHARED_HEADS=1, HAS_FULL_BLOCKS=True, IS_DIVISIBLE=False, OUTPUT_LOGSUMEXP=True, OUTPUT_MAX=False, PRESCALE_QK=False, QK_HEAD_DIM=96, QK_HEAD_DIM_ROUNDED=128, ROWS_GUARANTEED_SAFE=False, SAFE_HEAD_DIM=False, SM_SCALE=0.10206207261596575, SPARSE_KV_BLOCK_SIZE=128, SPARSE_Q_BLOCK_SIZE=128, USE_TMA=False, V_HEAD_DIM=64, V_HEAD_DIM_ROUNDED=64, WRITE_DQ=True, num_stages=3, num_warps=4
[rank2]:SingleProcess AUTOTUNE benchmarking takes 4.8118 seconds and 0.0536 seconds precompiling for 13 choices
[rank2]:/root/mep/venv_src/lib/python3.12/site-packages/torch/distributed/fsdp/_fully_shard/_fsdp_state.py:336: UserWarning: FSDP2-wrapped module (FSDPCheckpointWrapper) returned a view tensor. An in-place op on this view (e.g., `x += y`) will silently drop the pre-backward hook and skip the all-gather, which can cause backward to fail or produce wrong gradients. Use out-of-place ops (`out = out + y`, not `out += y`) or `.clone()` the output before any in-place op.
[rank2]:  output = self._register_pre_backward_hook(output)
[rank3]:/root/mep/venv_src/lib/python3.12/site-packages/torch/distributed/fsdp/_fully_shard/_fsdp_state.py:336: UserWarning: FSDP2-wrapped module (FSDPCheckpointWrapper) returned a view tensor. An in-place op on this view (e.g., `x += y`) will silently drop the pre-backward hook and skip the all-gather, which can cause backward to fail or produce wrong gradients. Use out-of-place ops (`out = out + y`, not `out += y`) or `.clone()` the output before any in-place op.
[rank3]:  output = self._register_pre_backward_hook(output)
[rank3]:/root/mep/venv_src/lib/python3.12/site-packages/torch/distributed/fsdp/_fully_shard/_fsdp_state.py:336: UserWarning: FSDP2-wrapped module (FSDPKimiK3Model) returned a view tensor. An in-place op on this view (e.g., `x += y`) will silently drop the pre-backward hook and skip the all-gather, which can cause backward to fail or produce wrong gradients. Use out-of-place ops (`out = out + y`, not `out += y`) or `.clone()` the output before any in-place op.
[rank3]:  output = self._register_pre_backward_hook(output)
[rank0]:/root/mep/venv_src/lib/python3.12/site-packages/torch/distributed/fsdp/_fully_shard/_fsdp_state.py:336: UserWarning: FSDP2-wrapped module (FSDPCheckpointWrapper) returned a view tensor. An in-place op on this view (e.g., `x += y`) will silently drop the pre-backward hook and skip the all-gather, which can cause backward to fail or produce wrong gradients. Use out-of-place ops (`out = out + y`, not `out += y`) or `.clone()` the output before any in-place op.
[rank0]:  output = self._register_pre_backward_hook(output)
[rank0]:/root/mep/venv_src/lib/python3.12/site-packages/torch/distributed/fsdp/_fully_shard/_fsdp_state.py:336: UserWarning: FSDP2-wrapped module (FSDPKimiK3Model) returned a view tensor. An in-place op on this view (e.g., `x += y`) will silently drop the pre-backward hook and skip the all-gather, which can cause backward to fail or produce wrong gradients. Use out-of-place ops (`out = out + y`, not `out += y`) or `.clone()` the output before any in-place op.
[rank0]:  output = self._register_pre_backward_hook(output)
[rank1]:Autotune Choices Stats:
[rank1]:{"num_choices": 6, "num_triton_choices": 6, "best_kernel": "triton_flex_attention_7", "best_kernel_desc": "BLOCKS_ARE_CONTIGUOUS=False, BLOCK_M=128, BLOCK_N=64, FLOAT32_PRECISION=\"'ieee'\", GQA_SHARED_HEADS=1, HAS_FULL_BLOCKS=True, IS_DIVISIBLE=False, OUTPUT_LOGSUMEXP=True, OUTPUT_MAX=False, PRESCALE_QK=False, QK_HEAD_DIM=96, QK_HEAD_DIM_ROUNDED=128, ROWS_GUARANTEED_SAFE=False, SAFE_HEAD_DIM=False, SM_SCALE=0.10206207261596575, SPARSE_KV_BLOCK_SIZE=128, SPARSE_Q_BLOCK_SIZE=128, USE_TMA=False, V_HEAD_DIM=64, V_HEAD_DIM_ROUNDED=64, WRITE_DQ=True, num_stages=3, num_warps=4", "best_time": 9.780096054077148, "best_triton_pos": 0}
[rank1]:AUTOTUNE flex_attention(1x96x6144x96, 1x96x6144x96, 1x96x6144x64, 1x96x6144, 1x96x6144, 1x1x48, 1x1x48x48, 1x1x48, 1x1x48x48, 6144, 6272)
[rank1]:strides: [9216, 96, 9216, 1], [9216, 96, 9216, 1], [96*s73, s73, 96*s73, 1], [96*s37, s37, 1], [96*s37, s37, 1], [s99, s99, 1], [s22*s72, s22*s72, s72, 1], [s94, s94, 1], [s28*s4, s28*s4, s4, 1], [1], [1]
[rank1]:dtypes: torch.bfloat16, torch.bfloat16, torch.bfloat16, torch.float32, torch.float32, torch.int32, torch.int32, torch.int32, torch.int32, torch.int32, torch.int32
[rank1]:  triton_flex_attention_7 9.7801 ms 100.0% BLOCKS_ARE_CONTIGUOUS=False, BLOCK_M=128, BLOCK_N=64, FLOAT32_PRECISION="'ieee'", GQA_SHARED_HEADS=1, HAS_FULL_BLOCKS=True, IS_DIVISIBLE=False, OUTPUT_LOGSUMEXP=True, OUTPUT_MAX=False, PRESCALE_QK=False, QK_HEAD_DIM=96, QK_HEAD_DIM_ROUNDED=128, ROWS_GUARANTEED_SAFE=False, SAFE_HEAD_DIM=False, SM_SCALE=0.10206207261596575, SPARSE_KV_BLOCK_SIZE=128, SPARSE_Q_BLOCK_SIZE=128, USE_TMA=False, V_HEAD_DIM=64, V_HEAD_DIM_ROUNDED=64, WRITE_DQ=True, num_stages=3, num_warps=4
[rank1]:  triton_flex_attention_9 11.4785 ms 85.2% BLOCKS_ARE_CONTIGUOUS=False, BLOCK_M=128, BLOCK_N=128, FLOAT32_PRECISION="'ieee'", GQA_SHARED_HEADS=1, HAS_FULL_BLOCKS=True, IS_DIVISIBLE=False, OUTPUT_LOGSUMEXP=True, OUTPUT_MAX=False, PRESCALE_QK=False, QK_HEAD_DIM=96, QK_HEAD_DIM_ROUNDED=128, ROWS_GUARANTEED_SAFE=False, SAFE_HEAD_DIM=False, SM_SCALE=0.10206207261596575, SPARSE_KV_BLOCK_SIZE=128, SPARSE_Q_BLOCK_SIZE=128, USE_TMA=False, V_HEAD_DIM=64, V_HEAD_DIM_ROUNDED=64, WRITE_DQ=True, num_stages=2, num_warps=8
[rank1]:  triton_flex_attention_12 11.8509 ms 82.5% BLOCKS_ARE_CONTIGUOUS=False, BLOCK_M=64, BLOCK_N=64, FLOAT32_PRECISION="'ieee'", GQA_SHARED_HEADS=1, HAS_FULL_BLOCKS=True, IS_DIVISIBLE=False, OUTPUT_LOGSUMEXP=True, OUTPUT_MAX=False, PRESCALE_QK=False, QK_HEAD_DIM=96, QK_HEAD_DIM_ROUNDED=128, ROWS_GUARANTEED_SAFE=False, SAFE_HEAD_DIM=False, SM_SCALE=0.10206207261596575, SPARSE_KV_BLOCK_SIZE=128, SPARSE_Q_BLOCK_SIZE=128, USE_TMA=False, V_HEAD_DIM=64, V_HEAD_DIM_ROUNDED=64, WRITE_DQ=True, num_stages=3, num_warps=4
[rank1]:  triton_flex_attention_10 11.9810 ms 81.6% BLOCKS_ARE_CONTIGUOUS=False, BLOCK_M=128, BLOCK_N=128, FLOAT32_PRECISION="'ieee'", GQA_SHARED_HEADS=1, HAS_FULL_BLOCKS=True, IS_DIVISIBLE=False, OUTPUT_LOGSUMEXP=True, OUTPUT_MAX=False, PRESCALE_QK=False, QK_HEAD_DIM=96, QK_HEAD_DIM_ROUNDED=128, ROWS_GUARANTEED_SAFE=False, SAFE_HEAD_DIM=False, SM_SCALE=0.10206207261596575, SPARSE_KV_BLOCK_SIZE=128, SPARSE_Q_BLOCK_SIZE=128, USE_TMA=False, V_HEAD_DIM=64, V_HEAD_DIM_ROUNDED=64, WRITE_DQ=True, num_stages=1, num_warps=8
[rank1]:  triton_flex_attention_11 15.6564 ms 62.5% BLOCKS_ARE_CONTIGUOUS=False, BLOCK_M=64, BLOCK_N=128, FLOAT32_PRECISION="'ieee'", GQA_SHARED_HEADS=1, HAS_FULL_BLOCKS=True, IS_DIVISIBLE=False, OUTPUT_LOGSUMEXP=True, OUTPUT_MAX=False, PRESCALE_QK=False, QK_HEAD_DIM=96, QK_HEAD_DIM_ROUNDED=128, ROWS_GUARANTEED_SAFE=False, SAFE_HEAD_DIM=False, SM_SCALE=0.10206207261596575, SPARSE_KV_BLOCK_SIZE=128, SPARSE_Q_BLOCK_SIZE=128, USE_TMA=False, V_HEAD_DIM=64, V_HEAD_DIM_ROUNDED=64, WRITE_DQ=True, num_stages=3, num_warps=4
[rank1]:  triton_flex_attention_8 31.1672 ms 31.4% BLOCKS_ARE_CONTIGUOUS=False, BLOCK_M=128, BLOCK_N=128, FLOAT32_PRECISION="'ieee'", GQA_SHARED_HEADS=1, HAS_FULL_BLOCKS=True, IS_DIVISIBLE=False, OUTPUT_LOGSUMEXP=True, OUTPUT_MAX=False, PRESCALE_QK=False, QK_HEAD_DIM=96, QK_HEAD_DIM_ROUNDED=128, ROWS_GUARANTEED_SAFE=False, SAFE_HEAD_DIM=False, SM_SCALE=0.10206207261596575, SPARSE_KV_BLOCK_SIZE=128, SPARSE_Q_BLOCK_SIZE=128, USE_TMA=False, V_HEAD_DIM=64, V_HEAD_DIM_ROUNDED=64, WRITE_DQ=True, num_stages=3, num_warps=4
[rank1]:SingleProcess AUTOTUNE benchmarking takes 0.7768 seconds and 0.0852 seconds precompiling for 6 choices
[rank1]:Autotune Choices Stats:
[rank1]:{"num_choices": 13, "num_triton_choices": 13, "best_kernel": "triton_flex_attention_backward_25", "best_kernel_desc": "BLOCKS_ARE_CONTIGUOUS=False, BLOCK_M1=64, BLOCK_M2=128, BLOCK_N1=128, BLOCK_N2=64, FLOAT32_PRECISION=\"'ieee'\", GQA_SHARED_HEADS=1, HAS_FULL_BLOCKS=True, IS_DIVISIBLE=False, OUTPUT_LOGSUMEXP=True, OUTPUT_MAX=False, PRESCALE_QK=False, QK_HEAD_DIM=96, QK_HEAD_DIM_ROUNDED=128, ROWS_GUARANTEED_SAFE=False, SAFE_HEAD_DIM=False, SM_SCALE=0.10206207261596575, SPARSE_KV_BLOCK_SIZE=128, SPARSE_Q_BLOCK_SIZE=128, USE_TMA=False, V_HEAD_DIM=64, V_HEAD_DIM_ROUNDED=64, WRITE_DQ=True, num_stages=3, num_warps=8", "best_time": 28.374399185180664, "best_triton_pos": 0}
[rank1]:AUTOTUNE flex_attention_backward(1x96x6144x96, 1x96x6144x96, 1x96x6144x64, 1x96x6144, 1x96x6144, 1x96x6144x64, 1x96x6144x96, 1x96x6144x64, 1x1x48, 1x1x48x48, 1x1x48, 1x1x48x48, 1x1x48, 1x1x48x48, 1x1x48, 1x1x48x48, 6144, 6272)
[rank1]:strides: [9216, 96, 9216, 1], [9216, 96, 9216, 1], [96*s73, s73, 96*s73, 1], [96*Max(1, s37), Max(1, s37), 1], [96*s37, s37, 1], [6144*Max(1, s37), 64*Max(1, s37), 64, 1], [9216*s37, 96, 9216, 1], [6144*s0, 64, 6144, 1], [s99, s99, 1], [s22*s72, s22*s72, s72, 1], [s56, s56, 1], [s53*s84, s53*s84, s53, 1], [s94, s94, 1], [s28*s4, s28*s4, s4, 1], [s100, s100, 1], [s11*s5, s11*s5, s11, 1], [1], [1]
[rank1]:dtypes: torch.bfloat16, torch.bfloat16, torch.bfloat16, torch.float32, torch.float32, torch.bfloat16, torch.bfloat16, torch.bfloat16, torch.int32, torch.int32, torch.int32, torch.int32, torch.int32, torch.int32, torch.int32, torch.int32, torch.int32, torch.int32
[rank1]:  triton_flex_attention_backward_25 28.3744 ms 100.0% BLOCKS_ARE_CONTIGUOUS=False, BLOCK_M1=64, BLOCK_M2=128, BLOCK_N1=128, BLOCK_N2=64, FLOAT32_PRECISION="'ieee'", GQA_SHARED_HEADS=1, HAS_FULL_BLOCKS=True, IS_DIVISIBLE=False, OUTPUT_LOGSUMEXP=True, OUTPUT_MAX=False, PRESCALE_QK=False, QK_HEAD_DIM=96, QK_HEAD_DIM_ROUNDED=128, ROWS_GUARANTEED_SAFE=False, SAFE_HEAD_DIM=False, SM_SCALE=0.10206207261596575, SPARSE_KV_BLOCK_SIZE=128, SPARSE_Q_BLOCK_SIZE=128, USE_TMA=False, V_HEAD_DIM=64, V_HEAD_DIM_ROUNDED=64, WRITE_DQ=True, num_stages=3, num_warps=8
[rank1]:  triton_flex_attention_backward_22 31.4144 ms 90.3% BLOCKS_ARE_CONTIGUOUS=False, BLOCK_M1=64, BLOCK_M2=64, BLOCK_N1=64, BLOCK_N2=64, FLOAT32_PRECISION="'ieee'", GQA_SHARED_HEADS=1, HAS_FULL_BLOCKS=True, IS_DIVISIBLE=False, OUTPUT_LOGSUMEXP=True, OUTPUT_MAX=False, PRESCALE_QK=False, QK_HEAD_DIM=96, QK_HEAD_DIM_ROUNDED=128, ROWS_GUARANTEED_SAFE=False, SAFE_HEAD_DIM=False, SM_SCALE=0.10206207261596575, SPARSE_KV_BLOCK_SIZE=128, SPARSE_Q_BLOCK_SIZE=128, USE_TMA=False, V_HEAD_DIM=64, V_HEAD_DIM_ROUNDED=64, WRITE_DQ=True, num_stages=3, num_warps=4
[rank1]:  triton_flex_attention_backward_20 33.7120 ms 84.2% BLOCKS_ARE_CONTIGUOUS=False, BLOCK_M1=32, BLOCK_M2=64, BLOCK_N1=64, BLOCK_N2=32, FLOAT32_PRECISION="'ieee'", GQA_SHARED_HEADS=1, HAS_FULL_BLOCKS=True, IS_DIVISIBLE=False, OUTPUT_LOGSUMEXP=True, OUTPUT_MAX=False, PRESCALE_QK=False, QK_HEAD_DIM=96, QK_HEAD_DIM_ROUNDED=128, ROWS_GUARANTEED_SAFE=False, SAFE_HEAD_DIM=False, SM_SCALE=0.10206207261596575, SPARSE_KV_BLOCK_SIZE=128, SPARSE_Q_BLOCK_SIZE=128, USE_TMA=False, V_HEAD_DIM=64, V_HEAD_DIM_ROUNDED=64, WRITE_DQ=True, num_stages=5, num_warps=4
[rank1]:  triton_flex_attention_backward_19 34.2717 ms 82.8% BLOCKS_ARE_CONTIGUOUS=False, BLOCK_M1=32, BLOCK_M2=64, BLOCK_N1=64, BLOCK_N2=32, FLOAT32_PRECISION="'ieee'", GQA_SHARED_HEADS=1, HAS_FULL_BLOCKS=True, IS_DIVISIBLE=False, OUTPUT_LOGSUMEXP=True, OUTPUT_MAX=False, PRESCALE_QK=False, QK_HEAD_DIM=96, QK_HEAD_DIM_ROUNDED=128, ROWS_GUARANTEED_SAFE=False, SAFE_HEAD_DIM=False, SM_SCALE=0.10206207261596575, SPARSE_KV_BLOCK_SIZE=128, SPARSE_Q_BLOCK_SIZE=128, USE_TMA=False, V_HEAD_DIM=64, V_HEAD_DIM_ROUNDED=64, WRITE_DQ=True, num_stages=4, num_warps=4
[rank1]:  triton_flex_attention_backward_18 34.2726 ms 82.8% BLOCKS_ARE_CONTIGUOUS=False, BLOCK_M1=32, BLOCK_M2=64, BLOCK_N1=64, BLOCK_N2=32, FLOAT32_PRECISION="'ieee'", GQA_SHARED_HEADS=1, HAS_FULL_BLOCKS=True, IS_DIVISIBLE=False, OUTPUT_LOGSUMEXP=True, OUTPUT_MAX=False, PRESCALE_QK=False, QK_HEAD_DIM=96, QK_HEAD_DIM_ROUNDED=128, ROWS_GUARANTEED_SAFE=False, SAFE_HEAD_DIM=False, SM_SCALE=0.10206207261596575, SPARSE_KV_BLOCK_SIZE=128, SPARSE_Q_BLOCK_SIZE=128, USE_TMA=False, V_HEAD_DIM=64, V_HEAD_DIM_ROUNDED=64, WRITE_DQ=True, num_stages=3, num_warps=4
[rank1]:  triton_flex_attention_backward_21 39.8831 ms 71.1% BLOCKS_ARE_CONTIGUOUS=False, BLOCK_M1=64, BLOCK_M2=64, BLOCK_N1=64, BLOCK_N2=64, FLOAT32_PRECISION="'ieee'", GQA_SHARED_HEADS=1, HAS_FULL_BLOCKS=True, IS_DIVISIBLE=False, OUTPUT_LOGSUMEXP=True, OUTPUT_MAX=False, PRESCALE_QK=False, QK_HEAD_DIM=96, QK_HEAD_DIM_ROUNDED=128, ROWS_GUARANTEED_SAFE=False, SAFE_HEAD_DIM=False, SM_SCALE=0.10206207261596575, SPARSE_KV_BLOCK_SIZE=128, SPARSE_Q_BLOCK_SIZE=128, USE_TMA=False, V_HEAD_DIM=64, V_HEAD_DIM_ROUNDED=64, WRITE_DQ=True, num_stages=1, num_warps=4
[rank1]:  triton_flex_attention_backward_17 43.4262 ms 65.3% BLOCKS_ARE_CONTIGUOUS=False, BLOCK_M1=32, BLOCK_M2=64, BLOCK_N1=64, BLOCK_N2=32, FLOAT32_PRECISION="'ieee'", GQA_SHARED_HEADS=1, HAS_FULL_BLOCKS=True, IS_DIVISIBLE=False, OUTPUT_LOGSUMEXP=True, OUTPUT_MAX=False, PRESCALE_QK=False, QK_HEAD_DIM=96, QK_HEAD_DIM_ROUNDED=128, ROWS_GUARANTEED_SAFE=False, SAFE_HEAD_DIM=False, SM_SCALE=0.10206207261596575, SPARSE_KV_BLOCK_SIZE=128, SPARSE_Q_BLOCK_SIZE=128, USE_TMA=False, V_HEAD_DIM=64, V_HEAD_DIM_ROUNDED=64, WRITE_DQ=True, num_stages=1, num_warps=4
[rank1]:  triton_flex_attention_backward_23 48.0366 ms 59.1% BLOCKS_ARE_CONTIGUOUS=False, BLOCK_M1=64, BLOCK_M2=64, BLOCK_N1=64, BLOCK_N2=64, FLOAT32_PRECISION="'ieee'", GQA_SHARED_HEADS=1, HAS_FULL_BLOCKS=True, IS_DIVISIBLE=False, OUTPUT_LOGSUMEXP=True, OUTPUT_MAX=False, PRESCALE_QK=False, QK_HEAD_DIM=96, QK_HEAD_DIM_ROUNDED=128, ROWS_GUARANTEED_SAFE=False, SAFE_HEAD_DIM=False, SM_SCALE=0.10206207261596575, SPARSE_KV_BLOCK_SIZE=128, SPARSE_Q_BLOCK_SIZE=128, USE_TMA=False, V_HEAD_DIM=64, V_HEAD_DIM_ROUNDED=64, WRITE_DQ=True, num_stages=4, num_warps=4
[rank1]:  triton_flex_attention_backward_24 48.2749 ms 58.8% BLOCKS_ARE_CONTIGUOUS=False, BLOCK_M1=64, BLOCK_M2=64, BLOCK_N1=64, BLOCK_N2=64, FLOAT32_PRECISION="'ieee'", GQA_SHARED_HEADS=1, HAS_FULL_BLOCKS=True, IS_DIVISIBLE=False, OUTPUT_LOGSUMEXP=True, OUTPUT_MAX=False, PRESCALE_QK=False, QK_HEAD_DIM=96, QK_HEAD_DIM_ROUNDED=128, ROWS_GUARANTEED_SAFE=False, SAFE_HEAD_DIM=False, SM_SCALE=0.10206207261596575, SPARSE_KV_BLOCK_SIZE=128, SPARSE_Q_BLOCK_SIZE=128, USE_TMA=False, V_HEAD_DIM=64, V_HEAD_DIM_ROUNDED=64, WRITE_DQ=True, num_stages=5, num_warps=4
[rank1]:  triton_flex_attention_backward_14 73.7544 ms 38.5% BLOCKS_ARE_CONTIGUOUS=False, BLOCK_M1=32, BLOCK_M2=32, BLOCK_N1=32, BLOCK_N2=32, FLOAT32_PRECISION="'ieee'", GQA_SHARED_HEADS=1, HAS_FULL_BLOCKS=True, IS_DIVISIBLE=False, OUTPUT_LOGSUMEXP=True, OUTPUT_MAX=False, PRESCALE_QK=False, QK_HEAD_DIM=96, QK_HEAD_DIM_ROUNDED=128, ROWS_GUARANTEED_SAFE=False, SAFE_HEAD_DIM=False, SM_SCALE=0.10206207261596575, SPARSE_KV_BLOCK_SIZE=128, SPARSE_Q_BLOCK_SIZE=128, USE_TMA=False, V_HEAD_DIM=64, V_HEAD_DIM_ROUNDED=64, WRITE_DQ=True, num_stages=3, num_warps=4
[rank1]:SingleProcess AUTOTUNE benchmarking takes 4.8041 seconds and 0.0942 seconds precompiling for 13 choices
[rank1]:/root/mep/venv_src/lib/python3.12/site-packages/torch/distributed/fsdp/_fully_shard/_fsdp_state.py:336: UserWarning: FSDP2-wrapped module (FSDPCheckpointWrapper) returned a view tensor. An in-place op on this view (e.g., `x += y`) will silently drop the pre-backward hook and skip the all-gather, which can cause backward to fail or produce wrong gradients. Use out-of-place ops (`out = out + y`, not `out += y`) or `.clone()` the output before any in-place op.
[rank1]:  output = self._register_pre_backward_hook(output)
[rank1]:/root/mep/venv_src/lib/python3.12/site-packages/torch/distributed/fsdp/_fully_shard/_fsdp_state.py:336: UserWarning: FSDP2-wrapped module (FSDPKimiK3Model) returned a view tensor. An in-place op on this view (e.g., `x += y`) will silently drop the pre-backward hook and skip the all-gather, which can cause backward to fail or produce wrong gradients. Use out-of-place ops (`out = out + y`, not `out += y`) or `.clone()` the output before any in-place op.
[rank1]:  output = self._register_pre_backward_hook(output)
[rank0]:Autotune Choices Stats:
[rank0]:{"num_choices": 7, "num_triton_choices": 7, "best_kernel": "triton_flex_attention_33", "best_kernel_desc": "BLOCKS_ARE_CONTIGUOUS=False, BLOCK_M=128, BLOCK_N=64, FLOAT32_PRECISION=\"'ieee'\", GQA_SHARED_HEADS=1, HAS_FULL_BLOCKS=True, IS_DIVISIBLE=False, OUTPUT_LOGSUMEXP=False, OUTPUT_MAX=False, PRESCALE_QK=False, QK_HEAD_DIM=128, QK_HEAD_DIM_ROUNDED=128, ROWS_GUARANTEED_SAFE=False, SAFE_HEAD_DIM=True, SM_SCALE=0.08838834764831843, SPARSE_KV_BLOCK_SIZE=128, SPARSE_Q_BLOCK_SIZE=128, USE_TMA=False, V_HEAD_DIM=128, V_HEAD_DIM_ROUNDED=128, WRITE_DQ=True, num_stages=3, num_warps=8", "best_time": 0.9787200093269348, "best_triton_pos": 0}
[rank0]:AUTOTUNE flex_attention(1x12x5184x128, 1x12x5184x128, 1x12x5184x128, 1x12x5184, 1x12x5184, 1x1x41, 1x1x41x41, 1x1x41, 1x1x41x41, 5184)
[rank0]:strides: [1536, 128, 1536, 1], [1536, 128, 1536, 1], [1536, 128, 1536, 1], [12*s37, s37, 1], [12*s37, s37, 1], [s99, s99, 1], [s22*s72, s22*s72, s72, 1], [s94, s94, 1], [s28*s4, s28*s4, s4, 1], [1]
[rank0]:dtypes: torch.bfloat16, torch.bfloat16, torch.bfloat16, torch.float32, torch.float32, torch.int32, torch.int32, torch.int32, torch.int32, torch.int32
[rank0]:  triton_flex_attention_33 0.9787 ms 100.0% BLOCKS_ARE_CONTIGUOUS=False, BLOCK_M=128, BLOCK_N=64, FLOAT32_PRECISION="'ieee'", GQA_SHARED_HEADS=1, HAS_FULL_BLOCKS=True, IS_DIVISIBLE=False, OUTPUT_LOGSUMEXP=False, OUTPUT_MAX=False, PRESCALE_QK=False, QK_HEAD_DIM=128, QK_HEAD_DIM_ROUNDED=128, ROWS_GUARANTEED_SAFE=False, SAFE_HEAD_DIM=True, SM_SCALE=0.08838834764831843, SPARSE_KV_BLOCK_SIZE=128, SPARSE_Q_BLOCK_SIZE=128, USE_TMA=False, V_HEAD_DIM=128, V_HEAD_DIM_ROUNDED=128, WRITE_DQ=True, num_stages=3, num_warps=8
[rank0]:  triton_flex_attention_29 1.0564 ms 92.6% BLOCKS_ARE_CONTIGUOUS=False, BLOCK_M=128, BLOCK_N=128, FLOAT32_PRECISION="'ieee'", GQA_SHARED_HEADS=1, HAS_FULL_BLOCKS=True, IS_DIVISIBLE=False, OUTPUT_LOGSUMEXP=False, OUTPUT_MAX=False, PRESCALE_QK=False, QK_HEAD_DIM=128, QK_HEAD_DIM_ROUNDED=128, ROWS_GUARANTEED_SAFE=False, SAFE_HEAD_DIM=True, SM_SCALE=0.08838834764831843, SPARSE_KV_BLOCK_SIZE=128, SPARSE_Q_BLOCK_SIZE=128, USE_TMA=False, V_HEAD_DIM=128, V_HEAD_DIM_ROUNDED=128, WRITE_DQ=True, num_stages=2, num_warps=8
[rank0]:  triton_flex_attention_31 1.3024 ms 75.1% BLOCKS_ARE_CONTIGUOUS=False, BLOCK_M=64, BLOCK_N=128, FLOAT32_PRECISION="'ieee'", GQA_SHARED_HEADS=1, HAS_FULL_BLOCKS=True, IS_DIVISIBLE=False, OUTPUT_LOGSUMEXP=False, OUTPUT_MAX=False, PRESCALE_QK=False, QK_HEAD_DIM=128, QK_HEAD_DIM_ROUNDED=128, ROWS_GUARANTEED_SAFE=False, SAFE_HEAD_DIM=True, SM_SCALE=0.08838834764831843, SPARSE_KV_BLOCK_SIZE=128, SPARSE_Q_BLOCK_SIZE=128, USE_TMA=False, V_HEAD_DIM=128, V_HEAD_DIM_ROUNDED=128, WRITE_DQ=True, num_stages=3, num_warps=4
[rank0]:  triton_flex_attention_30 1.3721 ms 71.3% BLOCKS_ARE_CONTIGUOUS=False, BLOCK_M=128, BLOCK_N=128, FLOAT32_PRECISION="'ieee'", GQA_SHARED_HEADS=1, HAS_FULL_BLOCKS=True, IS_DIVISIBLE=False, OUTPUT_LOGSUMEXP=False, OUTPUT_MAX=False, PRESCALE_QK=False, QK_HEAD_DIM=128, QK_HEAD_DIM_ROUNDED=128, ROWS_GUARANTEED_SAFE=False, SAFE_HEAD_DIM=True, SM_SCALE=0.08838834764831843, SPARSE_KV_BLOCK_SIZE=128, SPARSE_Q_BLOCK_SIZE=128, USE_TMA=False, V_HEAD_DIM=128, V_HEAD_DIM_ROUNDED=128, WRITE_DQ=True, num_stages=1, num_warps=8
[rank0]:  triton_flex_attention_32 1.3977 ms 70.0% BLOCKS_ARE_CONTIGUOUS=False, BLOCK_M=64, BLOCK_N=64, FLOAT32_PRECISION="'ieee'", GQA_SHARED_HEADS=1, HAS_FULL_BLOCKS=True, IS_DIVISIBLE=False, OUTPUT_LOGSUMEXP=False, OUTPUT_MAX=False, PRESCALE_QK=False, QK_HEAD_DIM=128, QK_HEAD_DIM_ROUNDED=128, ROWS_GUARANTEED_SAFE=False, SAFE_HEAD_DIM=True, SM_SCALE=0.08838834764831843, SPARSE_KV_BLOCK_SIZE=128, SPARSE_Q_BLOCK_SIZE=128, USE_TMA=False, V_HEAD_DIM=128, V_HEAD_DIM_ROUNDED=128, WRITE_DQ=True, num_stages=3, num_warps=4
[rank0]:  triton_flex_attention_27 2.0986 ms 46.6% BLOCKS_ARE_CONTIGUOUS=False, BLOCK_M=128, BLOCK_N=64, FLOAT32_PRECISION="'ieee'", GQA_SHARED_HEADS=1, HAS_FULL_BLOCKS=True, IS_DIVISIBLE=False, OUTPUT_LOGSUMEXP=False, OUTPUT_MAX=False, PRESCALE_QK=False, QK_HEAD_DIM=128, QK_HEAD_DIM_ROUNDED=128, ROWS_GUARANTEED_SAFE=False, SAFE_HEAD_DIM=True, SM_SCALE=0.08838834764831843, SPARSE_KV_BLOCK_SIZE=128, SPARSE_Q_BLOCK_SIZE=128, USE_TMA=False, V_HEAD_DIM=128, V_HEAD_DIM_ROUNDED=128, WRITE_DQ=True, num_stages=3, num_warps=4
[rank0]:  triton_flex_attention_28 2.5988 ms 37.7% BLOCKS_ARE_CONTIGUOUS=False, BLOCK_M=128, BLOCK_N=128, FLOAT32_PRECISION="'ieee'", GQA_SHARED_HEADS=1, HAS_FULL_BLOCKS=True, IS_DIVISIBLE=False, OUTPUT_LOGSUMEXP=False, OUTPUT_MAX=False, PRESCALE_QK=False, QK_HEAD_DIM=128, QK_HEAD_DIM_ROUNDED=128, ROWS_GUARANTEED_SAFE=False, SAFE_HEAD_DIM=True, SM_SCALE=0.08838834764831843, SPARSE_KV_BLOCK_SIZE=128, SPARSE_Q_BLOCK_SIZE=128, USE_TMA=False, V_HEAD_DIM=128, V_HEAD_DIM_ROUNDED=128, WRITE_DQ=True, num_stages=3, num_warps=4
[rank0]:SingleProcess AUTOTUNE benchmarking takes 0.3141 seconds and 0.0297 seconds precompiling for 7 choices
[rank0]:/root/mep/venv_src/lib/python3.12/site-packages/torch/distributed/fsdp/_fully_shard/_fsdp_state.py:336: UserWarning: FSDP2-wrapped module (FSDPCheckpointWrapper) returned a view tensor. An in-place op on this view (e.g., `x += y`) will silently drop the pre-backward hook and skip the all-gather, which can cause backward to fail or produce wrong gradients. Use out-of-place ops (`out = out + y`, not `out += y`) or `.clone()` the output before any in-place op.
[rank0]:  output = self._register_pre_backward_hook(output)
[rank0]:/root/mep/venv_src/lib/python3.12/site-packages/torch/distributed/fsdp/_fully_shard/_fsdp_state.py:336: UserWarning: FSDP2-wrapped module (FSDPKimiK3Model) returned a view tensor. An in-place op on this view (e.g., `x += y`) will silently drop the pre-backward hook and skip the all-gather, which can cause backward to fail or produce wrong gradients. Use out-of-place ops (`out = out + y`, not `out += y`) or `.clone()` the output before any in-place op.
[rank0]:  output = self._register_pre_backward_hook(output)
[rank1]:[rank1]: Traceback (most recent call last):
[rank1]:[rank1]:   File "<frozen runpy>", line 198, in _run_module_as_main
[rank1]:[rank1]:   File "<frozen runpy>", line 88, in _run_code
[rank1]:[rank1]:   File "/root/mep/w/dep/torchtitan/train.py", line 73, in <module>
[rank1]:[rank1]:     main()
[rank1]:[rank1]:   File "/root/mep/w/dep/torchtitan/train.py", line 59, in main
[rank1]:[rank1]:     trainer.train()
[rank1]:[rank1]:   File "/root/mep/venv_src/lib/python3.12/site-packages/torch/distributed/elastic/multiprocessing/errors/__init__.py", line 384, in wrapper
[rank1]:[rank1]:     result = f(*args, **kwargs)
[rank1]:[rank1]:              ^^^^^^^^^^^^^^^^^^
[rank1]:[rank1]:   File "/root/mep/w/dep/torchtitan/trainer.py", line 457, in train
[rank1]:[rank1]:     self.train_step(data_iterator)
[rank1]:[rank1]:   File "/root/mep/w/dep/torchtitan/trainer.py", line 370, in train_step
[rank1]:[rank1]:     forward_backward_result = engine.forward_backward(
[rank1]:[rank1]:                               ^^^^^^^^^^^^^^^^^^^^^^^^
[rank1]:[rank1]:   File "/root/mep/w/dep/torchtitan/observability/structured_logger/structured_logging.py", line 509, in sync_wrapper
[rank1]:[rank1]:     return func(*args, **kwargs)
[rank1]:[rank1]:            ^^^^^^^^^^^^^^^^^^^^^
[rank1]:[rank1]:   File "/root/mep/w/dep/torchtitan/training_engine.py", line 511, in forward_backward
[rank1]:[rank1]:     result = self._run_forward_backward(
[rank1]:[rank1]:              ^^^^^^^^^^^^^^^^^^^^^^^^^^^
[rank1]:[rank1]:   File "/root/mep/w/dep/torchtitan/training_engine.py", line 607, in _forward_backward_body
[rank1]:[rank1]:     loss = self._pp_forward_backward_microbatch_group(
[rank1]:[rank1]:            ^^^^^^^^^^^^^^^^^^^^^^^^^^^^^^^^^^^^^^^^^^^
[rank1]:[rank1]:   File "/root/mep/w/dep/torchtitan/training_engine.py", line 688, in _pp_forward_backward_microbatch_group
[rank1]:[rank1]:     self.pp_schedule.step(
[rank1]:[rank1]:   File "/root/mep/w/dep/torchtitan/models/kimi_k3/pipeline_parallel/vision_dep.py", line 493, in step
[rank1]:[rank1]:     self._dep.end_step()
[rank1]:[rank1]:   File "/root/mep/w/dep/torchtitan/models/kimi_k3/pipeline_parallel/vision_dep.py", line 317, in end_step
[rank1]:[rank1]:     self._post(STEP_END)
[rank1]:[rank1]:   File "/root/mep/w/dep/torchtitan/models/kimi_k3/pipeline_parallel/vision_dep.py", line 209, in _post
[rank1]:[rank1]:     self._gradient_recvs[mb] = dist.irecv(
[rank1]:[rank1]:                                ^^^^^^^^^^^
[rank1]:[rank1]:   File "/root/mep/venv_src/lib/python3.12/site-packages/torch/distributed/distributed_c10d.py", line 3577, in irecv
[rank1]:[rank1]:     return group.recv([tensor], group_src, tag)
[rank1]:[rank1]:            ^^^^^^^^^^^^^^^^^^^^^^^^^^^^^^^^^^^^
[rank1]:[rank1]: RuntimeError: NCCL GroupEnd failed: unhandled cuda error (run with NCCL_DEBUG=INFO for details) 
[rank1]:[rank1]: NCCL Last Error: Cuda failure 2 'out of memory'
W0930 08:15:20.521000 60733 torch/distributed/elastic/multiprocessing/api.py:1028] Sending process 60802 closing signal SIGTERM
W0930 08:15:20.523000 60733 torch/distributed/elastic/multiprocessing/api.py:1028] Sending process 60804 closing signal SIGTERM
W0930 08:15:20.529000 60733 torch/distributed/elastic/multiprocessing/api.py:1028] Sending process 60805 closing signal SIGTERM
E0930 08:15:23.351000 60733 torch/distributed/elastic/multiprocessing/api.py:1002] failed (exitcode: 1) local_rank: 1 (pid: 60803) of binary: /root/mep/venv_src/bin/python
E0930 08:15:23.360000 60733 torch/distributed/elastic/multiprocessing/errors/error_handler.py:194] no error file defined for parent, to copy child error file (/tmp/torchelastic_2a7r07y2/none_ymj894k_/attempt_0/1/error.json)
Traceback (most recent call last):
  File "/root/mep/venv_src/bin/torchrun", line 10, in <module>
    sys.exit(main())
             ^^^^^^
  File "/root/mep/venv_src/lib/python3.12/site-packages/torch/distributed/elastic/multiprocessing/errors/__init__.py", line 384, in wrapper
    result = f(*args, **kwargs)
             ^^^^^^^^^^^^^^^^^^
  File "/root/mep/venv_src/lib/python3.12/site-packages/torch/distributed/run.py", line 1138, in main
    run(args)
  File "/root/mep/venv_src/lib/python3.12/site-packages/torch/distributed/run.py", line 1129, in run
    elastic_launch(
  File "/root/mep/venv_src/lib/python3.12/site-packages/torch/distributed/launcher/api.py", line 197, in __call__
    return launch_agent(
           ^^^^^^^^^^^^^
  File "/root/mep/venv_src/lib/python3.12/site-packages/torch/distributed/launcher/api.py", line 386, in launch_agent
    raise ChildFailedError(
torch.distributed.elastic.multiprocessing.errors.ChildFailedError: 
============================================================
torchtitan.train FAILED
------------------------------------------------------------
Failures:
[1]:
  time      : 2026-09-30_08:15:23
  host      : 04d63ba06a34
  rank      : 0 (local_rank: 0)
  exitcode  : -15 (pid: 60802)  (SIGTERM)
  error_file: <N/A>
  traceback : Signal 15 (SIGTERM) received by PID 60802
[2]:
  time      : 2026-09-30_08:15:23
  host      : 04d63ba06a34
  rank      : 2 (local_rank: 2)
  exitcode  : -15 (pid: 60804)  (SIGTERM)
  error_file: <N/A>
  traceback : Signal 15 (SIGTERM) received by PID 60804
[3]:
  time      : 2026-09-30_08:15:23
  host      : 04d63ba06a34
  rank      : 3 (local_rank: 3)
  exitcode  : -15 (pid: 60805)  (SIGTERM)
  error_file: <N/A>
  traceback : Signal 15 (SIGTERM) received by PID 60805
------------------------------------------------------------
Root Cause (first observed failure):
[0]:
  time      : 2026-09-30_08:15:16
  host      : 04d63ba06a34
  rank      : 1 (local_rank: 1)
  exitcode  : 1 (pid: 60803) 
  error_file: /tmp/torchelastic_2a7r07y2/none_ymj894k_/attempt_0/1/error.json
  traceback : Traceback (most recent call last):
    File "/root/mep/venv_src/lib/python3.12/site-packages/torch/distributed/elastic/multiprocessing/errors/__init__.py", line 384, in wrapper
      result = f(*args, **kwargs)
               ^^^^^^^^^^^^^^^^^^
    File "/root/mep/w/dep/torchtitan/trainer.py", line 457, in train
      self.train_step(data_iterator)
    File "/root/mep/w/dep/torchtitan/trainer.py", line 370, in train_step
      forward_backward_result = engine.forward_backward(
                                ^^^^^^^^^^^^^^^^^^^^^^^^
    File "/root/mep/w/dep/torchtitan/observability/structured_logger/structured_logging.py", line 509, in sync_wrapper
      return func(*args, **kwargs)
             ^^^^^^^^^^^^^^^^^^^^^
    File "/root/mep/w/dep/torchtitan/training_engine.py", line 511, in forward_backward
      result = self._run_forward_backward(
               ^^^^^^^^^^^^^^^^^^^^^^^^^^^
    File "/root/mep/w/dep/torchtitan/training_engine.py", line 607, in _forward_backward_body
      loss = self._pp_forward_backward_microbatch_group(
             ^^^^^^^^^^^^^^^^^^^^^^^^^^^^^^^^^^^^^^^^^^^
    File "/root/mep/w/dep/torchtitan/training_engine.py", line 688, in _pp_forward_backward_microbatch_group
      self.pp_schedule.step(
    File "/root/mep/w/dep/torchtitan/models/kimi_k3/pipeline_parallel/vision_dep.py", line 493, in step
      self._dep.end_step()
    File "/root/mep/w/dep/torchtitan/models/kimi_k3/pipeline_parallel/vision_dep.py", line 317, in end_step
      self._post(STEP_END)
    File "/root/mep/w/dep/torchtitan/models/kimi_k3/pipeline_parallel/vision_dep.py", line 209, in _post
      self._gradient_recvs[mb] = dist.irecv(
                                 ^^^^^^^^^^^
    File "/root/mep/venv_src/lib/python3.12/site-packages/torch/distributed/distributed_c10d.py", line 3577, in irecv
      return group.recv([tensor], group_src, tag)
             ^^^^^^^^^^^^^^^^^^^^^^^^^^^^^^^^^^^^
  RuntimeError: NCCL GroupEnd failed: unhandled cuda error (run with NCCL_DEBUG=INFO for details) 
  NCCL Last Error: Cuda failure 2 'out of memory'
  
============================================================
