W0930 11:58:38.050000 144063 torch/distributed/run.py:982] 
W0930 11:58:38.050000 144063 torch/distributed/run.py:982] *****************************************
W0930 11:58:38.050000 144063 torch/distributed/run.py:982] Setting OMP_NUM_THREADS environment variable for each process to be 1 in default, to avoid your system being overloaded, please further tune the variable for optimal performance in your application as needed. 
W0930 11:58:38.050000 144063 torch/distributed/run.py:982] *****************************************
[rank0]:WARNING:absl:Failed to load jax profiler: No module named 'jax'
[rank1]:WARNING:absl:Failed to load jax profiler: No module named 'jax'
[rank3]:WARNING:absl:Failed to load jax profiler: No module named 'jax'
[rank2]:WARNING:absl:Failed to load jax profiler: No module named 'jax'
[rank0]:[titan] 2026-09-30 11:58:44,294 - __main__ - INFO - torchtitan version: 0.0.0+unknown (0.0.0 means __version__ is not defined correctly).
[rank2]:[titan] 2026-09-30 11:58:44,473 - __main__ - INFO - torchtitan version: 0.0.0+unknown (0.0.0 means __version__ is not defined correctly).
[rank1]:[titan] 2026-09-30 11:58:44,590 - __main__ - INFO - torchtitan version: 0.0.0+unknown (0.0.0 means __version__ is not defined correctly).
[rank3]:[titan] 2026-09-30 11:58:44,598 - __main__ - INFO - torchtitan version: 0.0.0+unknown (0.0.0 means __version__ is not defined correctly).
[rank0]:[titan] 2026-09-30 11:58:45,215 - torchtitan.observability.structured_logger.jsonl_handler - INFO - Structured logging -> JSONL: /root/mep/results/moonep_rerun/time_moonep/out/structured_logs/training.global_rank_0.20260930-115845-I9A9FD.jsonl
[rank2]:[titan] 2026-09-30 11:58:45,402 - torchtitan.observability.structured_logger.jsonl_handler - INFO - Structured logging -> JSONL: /root/mep/results/moonep_rerun/time_moonep/out/structured_logs/training.global_rank_2.20260930-115845-JS5UCX.jsonl
[rank0]:[titan] 2026-09-30 11:58:45,509 - torchtitan.distributed.utils - WARNING - ENV[TORCH_NCCL_ASYNC_ERROR_HANDLING] = 1 will be overridden to 3 based on job config
[rank1]:[titan] 2026-09-30 11:58:45,518 - torchtitan.observability.structured_logger.jsonl_handler - INFO - Structured logging -> JSONL: /root/mep/results/moonep_rerun/time_moonep/out/structured_logs/training.global_rank_1.20260930-115845-1MKHV1.jsonl
[rank3]:[titan] 2026-09-30 11:58:45,526 - torchtitan.observability.structured_logger.jsonl_handler - INFO - Structured logging -> JSONL: /root/mep/results/moonep_rerun/time_moonep/out/structured_logs/training.global_rank_3.20260930-115845-HZA5UV.jsonl
[rank2]:[titan] 2026-09-30 11:58:45,922 - torchtitan.distributed.utils - WARNING - ENV[TORCH_NCCL_ASYNC_ERROR_HANDLING] = 1 will be overridden to 3 based on job config
[rank3]:[titan] 2026-09-30 11:58:46,067 - torchtitan.distributed.utils - WARNING - ENV[TORCH_NCCL_ASYNC_ERROR_HANDLING] = 1 will be overridden to 3 based on job config
[rank1]:[titan] 2026-09-30 11:58:46,078 - torchtitan.distributed.utils - WARNING - ENV[TORCH_NCCL_ASYNC_ERROR_HANDLING] = 1 will be overridden to 3 based on job config
[rank0]:[titan] 2026-09-30 11:58:46,841 - torchtitan.tools.utils - INFO - [GC] Initial GC collection took 0.00 seconds
[rank0]:[titan] 2026-09-30 11:58:46,841 - torchtitan.distributed.parallelism_context - INFO - Building device mesh with parallelism: pp=1, dp_replicate=1, dp_shard=4, cp=1, tp=1, ep=4
[rank3]:[titan] 2026-09-30 11:58:46,842 - torchtitan.tools.utils - INFO - [GC] Initial GC collection took 0.00 seconds
[rank3]:[titan] 2026-09-30 11:58:46,842 - torchtitan.distributed.parallelism_context - INFO - Building device mesh with parallelism: pp=1, dp_replicate=1, dp_shard=4, cp=1, tp=1, ep=4
[rank1]:[titan] 2026-09-30 11:58:46,843 - torchtitan.tools.utils - INFO - [GC] Initial GC collection took 0.00 seconds
[rank1]:[titan] 2026-09-30 11:58:46,843 - torchtitan.distributed.parallelism_context - INFO - Building device mesh with parallelism: pp=1, dp_replicate=1, dp_shard=4, cp=1, tp=1, ep=4
[rank2]:[titan] 2026-09-30 11:58:46,842 - torchtitan.tools.utils - INFO - [GC] Initial GC collection took 0.00 seconds
[rank2]:[titan] 2026-09-30 11:58:46,842 - torchtitan.distributed.parallelism_context - INFO - Building device mesh with parallelism: pp=1, dp_replicate=1, dp_shard=4, cp=1, tp=1, ep=4
[rank0]:[titan] 2026-09-30 11:58:47,609 - torchtitan.distributed.parallelism_context - INFO - Successfully created meshes with active axes: ['loss', 'ep', 'dp', 'dp_shard']
[rank0]:[titan] 2026-09-30 11:58:47,611 - torchtitan.observability.metrics - INFO - CUDA capacity: NVIDIA H100 80GB HBM3 with 79.21GiB memory
[rank0]:[titan] 2026-09-30 11:58:47,623 - torchtitan.config.configurable - WARNING - Config field value of type InterpolationMode may not be JSON serializable
[rank0]:[titan] 2026-09-30 11:58:47,624 - torchtitan.tools.utils - WARNING - Error running lspci: [Errno 2] No such file or directory: 'lspci', fallback to use device_name
[rank0]:[titan] 2026-09-30 11:58:47,624 - torchtitan.components.tokenizer - INFO - Loading tokenizer from tokenizer.json
[rank1]:[titan] 2026-09-30 11:58:47,623 - torchtitan.distributed.parallelism_context - INFO - Successfully created meshes with active axes: ['loss', 'ep', 'dp', 'dp_shard']
[rank1]:[titan] 2026-09-30 11:58:47,628 - torchtitan.observability.metrics - INFO - CUDA capacity: NVIDIA H100 80GB HBM3 with 79.21GiB memory
[rank0]:[titan] 2026-09-30 11:58:47,730 - torchtitan.protocols.state_dict_adapter - WARNING - model.safetensors.index.json not found at hf_assets_path: ./tests/assets/tokenizer/model.safetensors.index.json.                     Defaulting to saving a single safetensors file if checkpoint is saved in HF format
[rank0]:[titan] 2026-09-30 11:58:47,733 - torchtitan.models.utils - INFO - Total parameter count: 25,776,880, active parameters: 17,236,208
[rank3]:[titan] 2026-09-30 11:58:47,675 - torchtitan.distributed.parallelism_context - INFO - Successfully created meshes with active axes: ['loss', 'ep', 'dp', 'dp_shard']
[rank3]:[titan] 2026-09-30 11:58:47,679 - torchtitan.observability.metrics - INFO - CUDA capacity: NVIDIA H100 80GB HBM3 with 79.21GiB memory
[rank3]:[titan] 2026-09-30 11:58:47,694 - torchtitan.config.configurable - WARNING - Config field value of type InterpolationMode may not be JSON serializable
[rank3]:[titan] 2026-09-30 11:58:47,695 - torchtitan.tools.utils - WARNING - Error running lspci: [Errno 2] No such file or directory: 'lspci', fallback to use device_name
[rank3]:[titan] 2026-09-30 11:58:47,695 - torchtitan.components.tokenizer - INFO - Loading tokenizer from tokenizer.json
[rank1]:[titan] 2026-09-30 11:58:47,643 - torchtitan.config.configurable - WARNING - Config field value of type InterpolationMode may not be JSON serializable
[rank1]:[titan] 2026-09-30 11:58:47,645 - torchtitan.tools.utils - WARNING - Error running lspci: [Errno 2] No such file or directory: 'lspci', fallback to use device_name
[rank1]:[titan] 2026-09-30 11:58:47,645 - torchtitan.components.tokenizer - INFO - Loading tokenizer from tokenizer.json
[rank2]:[titan] 2026-09-30 11:58:47,682 - torchtitan.distributed.parallelism_context - INFO - Successfully created meshes with active axes: ['loss', 'ep', 'dp', 'dp_shard']
[rank2]:[titan] 2026-09-30 11:58:47,685 - torchtitan.observability.metrics - INFO - CUDA capacity: NVIDIA H100 80GB HBM3 with 79.21GiB memory
[rank2]:[titan] 2026-09-30 11:58:47,697 - torchtitan.config.configurable - WARNING - Config field value of type InterpolationMode may not be JSON serializable
[rank2]:[titan] 2026-09-30 11:58:47,698 - torchtitan.tools.utils - WARNING - Error running lspci: [Errno 2] No such file or directory: 'lspci', fallback to use device_name
[rank2]:[titan] 2026-09-30 11:58:47,699 - torchtitan.components.tokenizer - INFO - Loading tokenizer from tokenizer.json
[rank1]:[titan] 2026-09-30 11:58:47,781 - torchtitan.protocols.state_dict_adapter - WARNING - model.safetensors.index.json not found at hf_assets_path: ./tests/assets/tokenizer/model.safetensors.index.json.                     Defaulting to saving a single safetensors file if checkpoint is saved in HF format
[rank1]:[titan] 2026-09-30 11:58:47,785 - torchtitan.models.utils - INFO - Total parameter count: 25,776,880, active parameters: 17,236,208
[rank2]:[titan] 2026-09-30 11:58:47,808 - torchtitan.protocols.state_dict_adapter - WARNING - model.safetensors.index.json not found at hf_assets_path: ./tests/assets/tokenizer/model.safetensors.index.json.                     Defaulting to saving a single safetensors file if checkpoint is saved in HF format
[rank2]:[titan] 2026-09-30 11:58:47,811 - torchtitan.models.utils - INFO - Total parameter count: 25,776,880, active parameters: 17,236,208
[rank3]:[titan] 2026-09-30 11:58:47,850 - torchtitan.protocols.state_dict_adapter - WARNING - model.safetensors.index.json not found at hf_assets_path: ./tests/assets/tokenizer/model.safetensors.index.json.                     Defaulting to saving a single safetensors file if checkpoint is saved in HF format
[rank3]:[titan] 2026-09-30 11:58:47,853 - torchtitan.models.utils - INFO - Total parameter count: 25,776,880, active parameters: 17,236,208
[rank0]:[titan] 2026-09-30 11:58:48,004 - torchtitan.distributed.fsdp - INFO - Applied FSDP to the model
[rank3]:[titan] 2026-09-30 11:58:48,131 - torchtitan.distributed.fsdp - INFO - Applied FSDP to the model
[rank1]:[titan] 2026-09-30 11:58:48,075 - torchtitan.distributed.fsdp - INFO - Applied FSDP to the model
[rank2]:[titan] 2026-09-30 11:58:48,084 - torchtitan.distributed.fsdp - INFO - Applied FSDP to the model
[rank1]:[rank1]:W0930 11:58:48.788000 144133 torch/distributed/tensor/_redistribute.py:394] While redistributing from (_StridedShard(dim=0, sf=4), Shard(dim=0)) to (Replicate(), Replicate()), 2 sequential all_gather operations will be performed. This is suboptimal: multiple collective operations have higher latency (separate kernel launches and synchronization points) and may give inconsistent results between ranks due to different reduction orders. it is not possible to merge non-ascending order all_gather operations.
[rank3]:[rank3]:W0930 11:58:48.788000 144135 torch/distributed/tensor/_redistribute.py:394] While redistributing from (_StridedShard(dim=0, sf=4), Shard(dim=0)) to (Replicate(), Replicate()), 2 sequential all_gather operations will be performed. This is suboptimal: multiple collective operations have higher latency (separate kernel launches and synchronization points) and may give inconsistent results between ranks due to different reduction orders. it is not possible to merge non-ascending order all_gather operations.
[rank2]:[rank2]:W0930 11:58:48.788000 144134 torch/distributed/tensor/_redistribute.py:394] While redistributing from (_StridedShard(dim=0, sf=4), Shard(dim=0)) to (Replicate(), Replicate()), 2 sequential all_gather operations will be performed. This is suboptimal: multiple collective operations have higher latency (separate kernel launches and synchronization points) and may give inconsistent results between ranks due to different reduction orders. it is not possible to merge non-ascending order all_gather operations.
[rank0]:[rank0]:W0930 11:58:48.788000 144132 torch/distributed/tensor/_redistribute.py:394] While redistributing from (_StridedShard(dim=0, sf=4), Shard(dim=0)) to (Replicate(), Replicate()), 2 sequential all_gather operations will be performed. This is suboptimal: multiple collective operations have higher latency (separate kernel launches and synchronization points) and may give inconsistent results between ranks due to different reduction orders. it is not possible to merge non-ascending order all_gather operations.
[rank0]:[titan] 2026-09-30 11:58:49,011 - moonep.api - INFO - MoonEP comm buffer sizes:
[rank0]:  config                 : R=4, S=512, H=128, E=8, K=2, NvS=1536, NvS_padded=8192
[rank0]:  sm_count               : num_sms=32, num_sms_dedup=132
[rank0]:  hidden_buffer_size     : 2.00 MiB
[rank0]:  meta_buffer_size       : 2.00 MiB
[rank0]:  local_temp_buffer_size : 32.24 KiB
[rank0]:  total_size             : 4.03 MiB
[rank0]:[titan] 2026-09-30 11:58:49,347 - torchtitan.training_engine - INFO - Model KimiK3Model.Config size: 25,776,880 total parameters
[rank3]:[titan] 2026-09-30 11:58:49,347 - torchtitan.training_engine - INFO - Model KimiK3Model.Config size: 25,776,880 total parameters
[rank1]:[titan] 2026-09-30 11:58:49,347 - torchtitan.training_engine - INFO - Model KimiK3Model.Config size: 25,776,880 total parameters
[rank2]:[titan] 2026-09-30 11:58:49,347 - torchtitan.training_engine - INFO - Model KimiK3Model.Config size: 25,776,880 total parameters
[rank0]:[titan] 2026-09-30 11:58:49,444 - torchtitan.components.optim.optimizer - INFO - Optimizer DistMuon (model_part=0): 228 params [(?:attention\.(?:wq_a|wq_b|wkv_a|wkv_b|gate|wo)\.weight|delta_attention\.(?:q_proj|k_proj|v_proj|forget_a|forget_b|output_gate|output_proj)\.weight|routed_experts\.w(?:13|2)\.weight|feed_forward\.w(?:13|2)\.weight|moe\.router\.gate\.weight|moe\.shared_experts\.w(?:13|2)\.weight|moe\.routed_(?:down|up)\.weight)$] {'lr': 0.0008, 'weight_decay': 0.1, 'momentum': 0.95, 'nesterov': True, 'eps': 1e-07}
[rank0]:[titan] 2026-09-30 11:58:49,446 - torchtitan.components.optim.optimizer - INFO - Optimizer AdamW (model_part=0): 237 params [.*] {'lr': 0.0008, 'betas': (0.9, 0.95), 'eps': 1e-08, 'weight_decay': 0.1, 'foreach': True, 'fused': False}
[rank0]:[titan] 2026-09-30 11:58:49,449 - torchtitan.trainer - INFO - Peak FLOPS used for computing MFU: 9.890e+14
[rank0]:[titan] 2026-09-30 11:58:49,449 - torchtitan.trainer - INFO - CUDA memory usage for model: 0.02GiB(0.02%)
[rank0]:[titan] 2026-09-30 11:58:49,449 - torchtitan.trainer - INFO - Trainer is initialized with 512 tokens per DP rank, 2048 tokens per train step, gradient accumulation steps 1, maximum context length 512, total steps 30 (warmup 2)
[rank0]:[titan] 2026-09-30 11:58:49,449 - torchtitan.trainer - INFO - Training starts at step 1
[rank3]:[titan] 2026-09-30 11:58:49,444 - torchtitan.components.optim.optimizer - INFO - Optimizer DistMuon (model_part=0): 228 params [(?:attention\.(?:wq_a|wq_b|wkv_a|wkv_b|gate|wo)\.weight|delta_attention\.(?:q_proj|k_proj|v_proj|forget_a|forget_b|output_gate|output_proj)\.weight|routed_experts\.w(?:13|2)\.weight|feed_forward\.w(?:13|2)\.weight|moe\.router\.gate\.weight|moe\.shared_experts\.w(?:13|2)\.weight|moe\.routed_(?:down|up)\.weight)$] {'lr': 0.0008, 'weight_decay': 0.1, 'momentum': 0.95, 'nesterov': True, 'eps': 1e-07}
[rank3]:[titan] 2026-09-30 11:58:49,447 - torchtitan.components.optim.optimizer - INFO - Optimizer AdamW (model_part=0): 237 params [.*] {'lr': 0.0008, 'betas': (0.9, 0.95), 'eps': 1e-08, 'weight_decay': 0.1, 'foreach': True, 'fused': False}
[rank3]:[titan] 2026-09-30 11:58:49,449 - torchtitan.trainer - INFO - Peak FLOPS used for computing MFU: 9.890e+14
[rank3]:[titan] 2026-09-30 11:58:49,449 - torchtitan.trainer - INFO - CUDA memory usage for model: 0.02GiB(0.02%)
[rank3]:[titan] 2026-09-30 11:58:49,449 - torchtitan.trainer - INFO - Trainer is initialized with 512 tokens per DP rank, 2048 tokens per train step, gradient accumulation steps 1, maximum context length 512, total steps 30 (warmup 2)
[rank3]:[titan] 2026-09-30 11:58:49,449 - torchtitan.trainer - INFO - Training starts at step 1
[rank1]:[titan] 2026-09-30 11:58:49,445 - torchtitan.components.optim.optimizer - INFO - Optimizer DistMuon (model_part=0): 228 params [(?:attention\.(?:wq_a|wq_b|wkv_a|wkv_b|gate|wo)\.weight|delta_attention\.(?:q_proj|k_proj|v_proj|forget_a|forget_b|output_gate|output_proj)\.weight|routed_experts\.w(?:13|2)\.weight|feed_forward\.w(?:13|2)\.weight|moe\.router\.gate\.weight|moe\.shared_experts\.w(?:13|2)\.weight|moe\.routed_(?:down|up)\.weight)$] {'lr': 0.0008, 'weight_decay': 0.1, 'momentum': 0.95, 'nesterov': True, 'eps': 1e-07}
[rank1]:[titan] 2026-09-30 11:58:49,447 - torchtitan.components.optim.optimizer - INFO - Optimizer AdamW (model_part=0): 237 params [.*] {'lr': 0.0008, 'betas': (0.9, 0.95), 'eps': 1e-08, 'weight_decay': 0.1, 'foreach': True, 'fused': False}
[rank1]:[titan] 2026-09-30 11:58:49,450 - torchtitan.trainer - INFO - Peak FLOPS used for computing MFU: 9.890e+14
[rank1]:[titan] 2026-09-30 11:58:49,450 - torchtitan.trainer - INFO - CUDA memory usage for model: 0.02GiB(0.02%)
[rank1]:[titan] 2026-09-30 11:58:49,450 - torchtitan.trainer - INFO - Trainer is initialized with 512 tokens per DP rank, 2048 tokens per train step, gradient accumulation steps 1, maximum context length 512, total steps 30 (warmup 2)
[rank1]:[titan] 2026-09-30 11:58:49,450 - torchtitan.trainer - INFO - Training starts at step 1
[rank2]:[titan] 2026-09-30 11:58:49,444 - torchtitan.components.optim.optimizer - INFO - Optimizer DistMuon (model_part=0): 228 params [(?:attention\.(?:wq_a|wq_b|wkv_a|wkv_b|gate|wo)\.weight|delta_attention\.(?:q_proj|k_proj|v_proj|forget_a|forget_b|output_gate|output_proj)\.weight|routed_experts\.w(?:13|2)\.weight|feed_forward\.w(?:13|2)\.weight|moe\.router\.gate\.weight|moe\.shared_experts\.w(?:13|2)\.weight|moe\.routed_(?:down|up)\.weight)$] {'lr': 0.0008, 'weight_decay': 0.1, 'momentum': 0.95, 'nesterov': True, 'eps': 1e-07}
[rank2]:[titan] 2026-09-30 11:58:49,447 - torchtitan.components.optim.optimizer - INFO - Optimizer AdamW (model_part=0): 237 params [.*] {'lr': 0.0008, 'betas': (0.9, 0.95), 'eps': 1e-08, 'weight_decay': 0.1, 'foreach': True, 'fused': False}
[rank2]:[titan] 2026-09-30 11:58:49,449 - torchtitan.trainer - INFO - Peak FLOPS used for computing MFU: 9.890e+14
[rank2]:[titan] 2026-09-30 11:58:49,449 - torchtitan.trainer - INFO - CUDA memory usage for model: 0.02GiB(0.02%)
[rank2]:[titan] 2026-09-30 11:58:49,449 - torchtitan.trainer - INFO - Trainer is initialized with 512 tokens per DP rank, 2048 tokens per train step, gradient accumulation steps 1, maximum context length 512, total steps 30 (warmup 2)
[rank2]:[titan] 2026-09-30 11:58:49,449 - torchtitan.trainer - INFO - Training starts at step 1
[rank1]:Autotune Choices Stats:
[rank1]:{"num_choices": 7, "num_triton_choices": 7, "best_kernel": "triton_flex_attention_5", "best_kernel_desc": "BLOCKS_ARE_CONTIGUOUS=False, BLOCK_M=64, BLOCK_N=64, FLOAT32_PRECISION=\"'ieee'\", GQA_SHARED_HEADS=1, HAS_FULL_BLOCKS=True, IS_DIVISIBLE=True, OUTPUT_LOGSUMEXP=True, OUTPUT_MAX=False, PRESCALE_QK=False, QK_HEAD_DIM=128, QK_HEAD_DIM_ROUNDED=128, ROWS_GUARANTEED_SAFE=False, SAFE_HEAD_DIM=True, SM_SCALE=0.08838834764831843, SPARSE_KV_BLOCK_SIZE=128, SPARSE_Q_BLOCK_SIZE=128, USE_TMA=False, V_HEAD_DIM=128, V_HEAD_DIM_ROUNDED=128, WRITE_DQ=True, num_stages=3, num_warps=4", "best_time": 0.01462399959564209, "best_triton_pos": 0}
[rank1]:AUTOTUNE flex_attention(1x4x256x128, 1x4x256x128, 1x4x256x128, 1x4x256, 1x4x256, 1x1x2, 1x1x2x2, 1x1x2, 1x1x2x2, 256)
[rank1]:strides: [512, 128, 512, 1], [512, 128, 512, 1], [512, 128, 512, 1], [1024, 256, 1], [1024, 256, 1], [s99, s99, 1], [s22*s72, s22*s72, s72, 1], [s94, s94, 1], [s28*s4, s28*s4, s4, 1], [1]
[rank1]:dtypes: torch.bfloat16, torch.bfloat16, torch.bfloat16, torch.float32, torch.float32, torch.int32, torch.int32, torch.int32, torch.int32, torch.int32
[rank1]:  triton_flex_attention_5 0.0146 ms 100.0% BLOCKS_ARE_CONTIGUOUS=False, BLOCK_M=64, BLOCK_N=64, FLOAT32_PRECISION="'ieee'", GQA_SHARED_HEADS=1, HAS_FULL_BLOCKS=True, IS_DIVISIBLE=True, OUTPUT_LOGSUMEXP=True, OUTPUT_MAX=False, PRESCALE_QK=False, QK_HEAD_DIM=128, QK_HEAD_DIM_ROUNDED=128, ROWS_GUARANTEED_SAFE=False, SAFE_HEAD_DIM=True, SM_SCALE=0.08838834764831843, SPARSE_KV_BLOCK_SIZE=128, SPARSE_Q_BLOCK_SIZE=128, USE_TMA=False, V_HEAD_DIM=128, V_HEAD_DIM_ROUNDED=128, WRITE_DQ=True, num_stages=3, num_warps=4
[rank1]:  triton_flex_attention_4 0.0149 ms 98.3% BLOCKS_ARE_CONTIGUOUS=False, BLOCK_M=64, BLOCK_N=128, FLOAT32_PRECISION="'ieee'", GQA_SHARED_HEADS=1, HAS_FULL_BLOCKS=True, IS_DIVISIBLE=True, OUTPUT_LOGSUMEXP=True, OUTPUT_MAX=False, PRESCALE_QK=False, QK_HEAD_DIM=128, QK_HEAD_DIM_ROUNDED=128, ROWS_GUARANTEED_SAFE=False, SAFE_HEAD_DIM=True, SM_SCALE=0.08838834764831843, SPARSE_KV_BLOCK_SIZE=128, SPARSE_Q_BLOCK_SIZE=128, USE_TMA=False, V_HEAD_DIM=128, V_HEAD_DIM_ROUNDED=128, WRITE_DQ=True, num_stages=3, num_warps=4
[rank1]:  triton_flex_attention_6 0.0190 ms 76.8% BLOCKS_ARE_CONTIGUOUS=False, BLOCK_M=128, BLOCK_N=64, FLOAT32_PRECISION="'ieee'", GQA_SHARED_HEADS=1, HAS_FULL_BLOCKS=True, IS_DIVISIBLE=True, OUTPUT_LOGSUMEXP=True, OUTPUT_MAX=False, PRESCALE_QK=False, QK_HEAD_DIM=128, QK_HEAD_DIM_ROUNDED=128, ROWS_GUARANTEED_SAFE=False, SAFE_HEAD_DIM=True, SM_SCALE=0.08838834764831843, SPARSE_KV_BLOCK_SIZE=128, SPARSE_Q_BLOCK_SIZE=128, USE_TMA=False, V_HEAD_DIM=128, V_HEAD_DIM_ROUNDED=128, WRITE_DQ=True, num_stages=3, num_warps=8
[rank1]:  triton_flex_attention_2 0.0196 ms 74.6% BLOCKS_ARE_CONTIGUOUS=False, BLOCK_M=128, BLOCK_N=128, FLOAT32_PRECISION="'ieee'", GQA_SHARED_HEADS=1, HAS_FULL_BLOCKS=True, IS_DIVISIBLE=True, OUTPUT_LOGSUMEXP=True, OUTPUT_MAX=False, PRESCALE_QK=False, QK_HEAD_DIM=128, QK_HEAD_DIM_ROUNDED=128, ROWS_GUARANTEED_SAFE=False, SAFE_HEAD_DIM=True, SM_SCALE=0.08838834764831843, SPARSE_KV_BLOCK_SIZE=128, SPARSE_Q_BLOCK_SIZE=128, USE_TMA=False, V_HEAD_DIM=128, V_HEAD_DIM_ROUNDED=128, WRITE_DQ=True, num_stages=2, num_warps=8
[rank1]:  triton_flex_attention_3 0.0216 ms 67.7% BLOCKS_ARE_CONTIGUOUS=False, BLOCK_M=128, BLOCK_N=128, FLOAT32_PRECISION="'ieee'", GQA_SHARED_HEADS=1, HAS_FULL_BLOCKS=True, IS_DIVISIBLE=True, OUTPUT_LOGSUMEXP=True, OUTPUT_MAX=False, PRESCALE_QK=False, QK_HEAD_DIM=128, QK_HEAD_DIM_ROUNDED=128, ROWS_GUARANTEED_SAFE=False, SAFE_HEAD_DIM=True, SM_SCALE=0.08838834764831843, SPARSE_KV_BLOCK_SIZE=128, SPARSE_Q_BLOCK_SIZE=128, USE_TMA=False, V_HEAD_DIM=128, V_HEAD_DIM_ROUNDED=128, WRITE_DQ=True, num_stages=1, num_warps=8
[rank1]:  triton_flex_attention_0 0.0225 ms 65.0% BLOCKS_ARE_CONTIGUOUS=False, BLOCK_M=128, BLOCK_N=64, FLOAT32_PRECISION="'ieee'", GQA_SHARED_HEADS=1, HAS_FULL_BLOCKS=True, IS_DIVISIBLE=True, OUTPUT_LOGSUMEXP=True, OUTPUT_MAX=False, PRESCALE_QK=False, QK_HEAD_DIM=128, QK_HEAD_DIM_ROUNDED=128, ROWS_GUARANTEED_SAFE=False, SAFE_HEAD_DIM=True, SM_SCALE=0.08838834764831843, SPARSE_KV_BLOCK_SIZE=128, SPARSE_Q_BLOCK_SIZE=128, USE_TMA=False, V_HEAD_DIM=128, V_HEAD_DIM_ROUNDED=128, WRITE_DQ=True, num_stages=3, num_warps=4
[rank1]:  triton_flex_attention_1 0.0285 ms 51.3% BLOCKS_ARE_CONTIGUOUS=False, BLOCK_M=128, BLOCK_N=128, FLOAT32_PRECISION="'ieee'", GQA_SHARED_HEADS=1, HAS_FULL_BLOCKS=True, IS_DIVISIBLE=True, OUTPUT_LOGSUMEXP=True, OUTPUT_MAX=False, PRESCALE_QK=False, QK_HEAD_DIM=128, QK_HEAD_DIM_ROUNDED=128, ROWS_GUARANTEED_SAFE=False, SAFE_HEAD_DIM=True, SM_SCALE=0.08838834764831843, SPARSE_KV_BLOCK_SIZE=128, SPARSE_Q_BLOCK_SIZE=128, USE_TMA=False, V_HEAD_DIM=128, V_HEAD_DIM_ROUNDED=128, WRITE_DQ=True, num_stages=3, num_warps=4
[rank1]:SingleProcess AUTOTUNE benchmarking takes 0.1316 seconds and 1.9027 seconds precompiling for 7 choices
[rank3]:Autotune Choices Stats:
[rank3]:{"num_choices": 7, "num_triton_choices": 7, "best_kernel": "triton_flex_attention_4", "best_kernel_desc": "BLOCKS_ARE_CONTIGUOUS=False, BLOCK_M=64, BLOCK_N=128, FLOAT32_PRECISION=\"'ieee'\", GQA_SHARED_HEADS=1, HAS_FULL_BLOCKS=True, IS_DIVISIBLE=True, OUTPUT_LOGSUMEXP=True, OUTPUT_MAX=False, PRESCALE_QK=False, QK_HEAD_DIM=128, QK_HEAD_DIM_ROUNDED=128, ROWS_GUARANTEED_SAFE=False, SAFE_HEAD_DIM=True, SM_SCALE=0.08838834764831843, SPARSE_KV_BLOCK_SIZE=128, SPARSE_Q_BLOCK_SIZE=128, USE_TMA=False, V_HEAD_DIM=128, V_HEAD_DIM_ROUNDED=128, WRITE_DQ=True, num_stages=3, num_warps=4", "best_time": 0.014911999925971031, "best_triton_pos": 0}
[rank3]:AUTOTUNE flex_attention(1x4x256x128, 1x4x256x128, 1x4x256x128, 1x4x256, 1x4x256, 1x1x2, 1x1x2x2, 1x1x2, 1x1x2x2, 256)
[rank3]:strides: [512, 128, 512, 1], [512, 128, 512, 1], [512, 128, 512, 1], [1024, 256, 1], [1024, 256, 1], [s99, s99, 1], [s22*s72, s22*s72, s72, 1], [s94, s94, 1], [s28*s4, s28*s4, s4, 1], [1]
[rank3]:dtypes: torch.bfloat16, torch.bfloat16, torch.bfloat16, torch.float32, torch.float32, torch.int32, torch.int32, torch.int32, torch.int32, torch.int32
[rank3]:  triton_flex_attention_4 0.0149 ms 100.0% BLOCKS_ARE_CONTIGUOUS=False, BLOCK_M=64, BLOCK_N=128, FLOAT32_PRECISION="'ieee'", GQA_SHARED_HEADS=1, HAS_FULL_BLOCKS=True, IS_DIVISIBLE=True, OUTPUT_LOGSUMEXP=True, OUTPUT_MAX=False, PRESCALE_QK=False, QK_HEAD_DIM=128, QK_HEAD_DIM_ROUNDED=128, ROWS_GUARANTEED_SAFE=False, SAFE_HEAD_DIM=True, SM_SCALE=0.08838834764831843, SPARSE_KV_BLOCK_SIZE=128, SPARSE_Q_BLOCK_SIZE=128, USE_TMA=False, V_HEAD_DIM=128, V_HEAD_DIM_ROUNDED=128, WRITE_DQ=True, num_stages=3, num_warps=4
[rank3]:  triton_flex_attention_5 0.0150 ms 99.4% BLOCKS_ARE_CONTIGUOUS=False, BLOCK_M=64, BLOCK_N=64, FLOAT32_PRECISION="'ieee'", GQA_SHARED_HEADS=1, HAS_FULL_BLOCKS=True, IS_DIVISIBLE=True, OUTPUT_LOGSUMEXP=True, OUTPUT_MAX=False, PRESCALE_QK=False, QK_HEAD_DIM=128, QK_HEAD_DIM_ROUNDED=128, ROWS_GUARANTEED_SAFE=False, SAFE_HEAD_DIM=True, SM_SCALE=0.08838834764831843, SPARSE_KV_BLOCK_SIZE=128, SPARSE_Q_BLOCK_SIZE=128, USE_TMA=False, V_HEAD_DIM=128, V_HEAD_DIM_ROUNDED=128, WRITE_DQ=True, num_stages=3, num_warps=4
[rank3]:  triton_flex_attention_6 0.0193 ms 77.3% BLOCKS_ARE_CONTIGUOUS=False, BLOCK_M=128, BLOCK_N=64, FLOAT32_PRECISION="'ieee'", GQA_SHARED_HEADS=1, HAS_FULL_BLOCKS=True, IS_DIVISIBLE=True, OUTPUT_LOGSUMEXP=True, OUTPUT_MAX=False, PRESCALE_QK=False, QK_HEAD_DIM=128, QK_HEAD_DIM_ROUNDED=128, ROWS_GUARANTEED_SAFE=False, SAFE_HEAD_DIM=True, SM_SCALE=0.08838834764831843, SPARSE_KV_BLOCK_SIZE=128, SPARSE_Q_BLOCK_SIZE=128, USE_TMA=False, V_HEAD_DIM=128, V_HEAD_DIM_ROUNDED=128, WRITE_DQ=True, num_stages=3, num_warps=8
[rank3]:  triton_flex_attention_2 0.0197 ms 75.5% BLOCKS_ARE_CONTIGUOUS=False, BLOCK_M=128, BLOCK_N=128, FLOAT32_PRECISION="'ieee'", GQA_SHARED_HEADS=1, HAS_FULL_BLOCKS=True, IS_DIVISIBLE=True, OUTPUT_LOGSUMEXP=True, OUTPUT_MAX=False, PRESCALE_QK=False, QK_HEAD_DIM=128, QK_HEAD_DIM_ROUNDED=128, ROWS_GUARANTEED_SAFE=False, SAFE_HEAD_DIM=True, SM_SCALE=0.08838834764831843, SPARSE_KV_BLOCK_SIZE=128, SPARSE_Q_BLOCK_SIZE=128, USE_TMA=False, V_HEAD_DIM=128, V_HEAD_DIM_ROUNDED=128, WRITE_DQ=True, num_stages=2, num_warps=8
[rank3]:  triton_flex_attention_3 0.0220 ms 67.7% BLOCKS_ARE_CONTIGUOUS=False, BLOCK_M=128, BLOCK_N=128, FLOAT32_PRECISION="'ieee'", GQA_SHARED_HEADS=1, HAS_FULL_BLOCKS=True, IS_DIVISIBLE=True, OUTPUT_LOGSUMEXP=True, OUTPUT_MAX=False, PRESCALE_QK=False, QK_HEAD_DIM=128, QK_HEAD_DIM_ROUNDED=128, ROWS_GUARANTEED_SAFE=False, SAFE_HEAD_DIM=True, SM_SCALE=0.08838834764831843, SPARSE_KV_BLOCK_SIZE=128, SPARSE_Q_BLOCK_SIZE=128, USE_TMA=False, V_HEAD_DIM=128, V_HEAD_DIM_ROUNDED=128, WRITE_DQ=True, num_stages=1, num_warps=8
[rank3]:  triton_flex_attention_0 0.0229 ms 65.0% BLOCKS_ARE_CONTIGUOUS=False, BLOCK_M=128, BLOCK_N=64, FLOAT32_PRECISION="'ieee'", GQA_SHARED_HEADS=1, HAS_FULL_BLOCKS=True, IS_DIVISIBLE=True, OUTPUT_LOGSUMEXP=True, OUTPUT_MAX=False, PRESCALE_QK=False, QK_HEAD_DIM=128, QK_HEAD_DIM_ROUNDED=128, ROWS_GUARANTEED_SAFE=False, SAFE_HEAD_DIM=True, SM_SCALE=0.08838834764831843, SPARSE_KV_BLOCK_SIZE=128, SPARSE_Q_BLOCK_SIZE=128, USE_TMA=False, V_HEAD_DIM=128, V_HEAD_DIM_ROUNDED=128, WRITE_DQ=True, num_stages=3, num_warps=4
[rank3]:  triton_flex_attention_1 0.0292 ms 51.0% BLOCKS_ARE_CONTIGUOUS=False, BLOCK_M=128, BLOCK_N=128, FLOAT32_PRECISION="'ieee'", GQA_SHARED_HEADS=1, HAS_FULL_BLOCKS=True, IS_DIVISIBLE=True, OUTPUT_LOGSUMEXP=True, OUTPUT_MAX=False, PRESCALE_QK=False, QK_HEAD_DIM=128, QK_HEAD_DIM_ROUNDED=128, ROWS_GUARANTEED_SAFE=False, SAFE_HEAD_DIM=True, SM_SCALE=0.08838834764831843, SPARSE_KV_BLOCK_SIZE=128, SPARSE_Q_BLOCK_SIZE=128, USE_TMA=False, V_HEAD_DIM=128, V_HEAD_DIM_ROUNDED=128, WRITE_DQ=True, num_stages=3, num_warps=4
[rank3]:SingleProcess AUTOTUNE benchmarking takes 0.1322 seconds and 1.9279 seconds precompiling for 7 choices
[rank0]:Autotune Choices Stats:
[rank0]:{"num_choices": 7, "num_triton_choices": 7, "best_kernel": "triton_flex_attention_5", "best_kernel_desc": "BLOCKS_ARE_CONTIGUOUS=False, BLOCK_M=64, BLOCK_N=64, FLOAT32_PRECISION=\"'ieee'\", GQA_SHARED_HEADS=1, HAS_FULL_BLOCKS=True, IS_DIVISIBLE=False, OUTPUT_LOGSUMEXP=True, OUTPUT_MAX=False, PRESCALE_QK=False, QK_HEAD_DIM=128, QK_HEAD_DIM_ROUNDED=128, ROWS_GUARANTEED_SAFE=False, SAFE_HEAD_DIM=True, SM_SCALE=0.08838834764831843, SPARSE_KV_BLOCK_SIZE=128, SPARSE_Q_BLOCK_SIZE=128, USE_TMA=False, V_HEAD_DIM=128, V_HEAD_DIM_ROUNDED=128, WRITE_DQ=True, num_stages=3, num_warps=4", "best_time": 0.01321600005030632, "best_triton_pos": 0}
[rank0]:AUTOTUNE flex_attention(1x4x192x128, 1x4x192x128, 1x4x192x128, 1x4x192, 1x4x192, 1x1x2, 1x1x2x2, 1x1x2, 1x1x2x2, 192)
[rank0]:strides: [512, 128, 512, 1], [512, 128, 512, 1], [512, 128, 512, 1], [768, 192, 1], [768, 192, 1], [s99, s99, 1], [s22*s72, s22*s72, s72, 1], [s94, s94, 1], [s28*s4, s28*s4, s4, 1], [1]
[rank0]:dtypes: torch.bfloat16, torch.bfloat16, torch.bfloat16, torch.float32, torch.float32, torch.int32, torch.int32, torch.int32, torch.int32, torch.int32
[rank0]:  triton_flex_attention_5 0.0132 ms 100.0% BLOCKS_ARE_CONTIGUOUS=False, BLOCK_M=64, BLOCK_N=64, FLOAT32_PRECISION="'ieee'", GQA_SHARED_HEADS=1, HAS_FULL_BLOCKS=True, IS_DIVISIBLE=False, OUTPUT_LOGSUMEXP=True, OUTPUT_MAX=False, PRESCALE_QK=False, QK_HEAD_DIM=128, QK_HEAD_DIM_ROUNDED=128, ROWS_GUARANTEED_SAFE=False, SAFE_HEAD_DIM=True, SM_SCALE=0.08838834764831843, SPARSE_KV_BLOCK_SIZE=128, SPARSE_Q_BLOCK_SIZE=128, USE_TMA=False, V_HEAD_DIM=128, V_HEAD_DIM_ROUNDED=128, WRITE_DQ=True, num_stages=3, num_warps=4
[rank0]:  triton_flex_attention_4 0.0149 ms 88.8% BLOCKS_ARE_CONTIGUOUS=False, BLOCK_M=64, BLOCK_N=128, FLOAT32_PRECISION="'ieee'", GQA_SHARED_HEADS=1, HAS_FULL_BLOCKS=True, IS_DIVISIBLE=False, OUTPUT_LOGSUMEXP=True, OUTPUT_MAX=False, PRESCALE_QK=False, QK_HEAD_DIM=128, QK_HEAD_DIM_ROUNDED=128, ROWS_GUARANTEED_SAFE=False, SAFE_HEAD_DIM=True, SM_SCALE=0.08838834764831843, SPARSE_KV_BLOCK_SIZE=128, SPARSE_Q_BLOCK_SIZE=128, USE_TMA=False, V_HEAD_DIM=128, V_HEAD_DIM_ROUNDED=128, WRITE_DQ=True, num_stages=3, num_warps=4
[rank0]:  triton_flex_attention_6 0.0168 ms 78.7% BLOCKS_ARE_CONTIGUOUS=False, BLOCK_M=128, BLOCK_N=64, FLOAT32_PRECISION="'ieee'", GQA_SHARED_HEADS=1, HAS_FULL_BLOCKS=True, IS_DIVISIBLE=False, OUTPUT_LOGSUMEXP=True, OUTPUT_MAX=False, PRESCALE_QK=False, QK_HEAD_DIM=128, QK_HEAD_DIM_ROUNDED=128, ROWS_GUARANTEED_SAFE=False, SAFE_HEAD_DIM=True, SM_SCALE=0.08838834764831843, SPARSE_KV_BLOCK_SIZE=128, SPARSE_Q_BLOCK_SIZE=128, USE_TMA=False, V_HEAD_DIM=128, V_HEAD_DIM_ROUNDED=128, WRITE_DQ=True, num_stages=3, num_warps=8
[rank0]:  triton_flex_attention_2 0.0195 ms 67.9% BLOCKS_ARE_CONTIGUOUS=False, BLOCK_M=128, BLOCK_N=128, FLOAT32_PRECISION="'ieee'", GQA_SHARED_HEADS=1, HAS_FULL_BLOCKS=True, IS_DIVISIBLE=False, OUTPUT_LOGSUMEXP=True, OUTPUT_MAX=False, PRESCALE_QK=False, QK_HEAD_DIM=128, QK_HEAD_DIM_ROUNDED=128, ROWS_GUARANTEED_SAFE=False, SAFE_HEAD_DIM=True, SM_SCALE=0.08838834764831843, SPARSE_KV_BLOCK_SIZE=128, SPARSE_Q_BLOCK_SIZE=128, USE_TMA=False, V_HEAD_DIM=128, V_HEAD_DIM_ROUNDED=128, WRITE_DQ=True, num_stages=2, num_warps=8
[rank0]:  triton_flex_attention_0 0.0199 ms 66.3% BLOCKS_ARE_CONTIGUOUS=False, BLOCK_M=128, BLOCK_N=64, FLOAT32_PRECISION="'ieee'", GQA_SHARED_HEADS=1, HAS_FULL_BLOCKS=True, IS_DIVISIBLE=False, OUTPUT_LOGSUMEXP=True, OUTPUT_MAX=False, PRESCALE_QK=False, QK_HEAD_DIM=128, QK_HEAD_DIM_ROUNDED=128, ROWS_GUARANTEED_SAFE=False, SAFE_HEAD_DIM=True, SM_SCALE=0.08838834764831843, SPARSE_KV_BLOCK_SIZE=128, SPARSE_Q_BLOCK_SIZE=128, USE_TMA=False, V_HEAD_DIM=128, V_HEAD_DIM_ROUNDED=128, WRITE_DQ=True, num_stages=3, num_warps=4
[rank0]:  triton_flex_attention_3 0.0213 ms 61.9% BLOCKS_ARE_CONTIGUOUS=False, BLOCK_M=128, BLOCK_N=128, FLOAT32_PRECISION="'ieee'", GQA_SHARED_HEADS=1, HAS_FULL_BLOCKS=True, IS_DIVISIBLE=False, OUTPUT_LOGSUMEXP=True, OUTPUT_MAX=False, PRESCALE_QK=False, QK_HEAD_DIM=128, QK_HEAD_DIM_ROUNDED=128, ROWS_GUARANTEED_SAFE=False, SAFE_HEAD_DIM=True, SM_SCALE=0.08838834764831843, SPARSE_KV_BLOCK_SIZE=128, SPARSE_Q_BLOCK_SIZE=128, USE_TMA=False, V_HEAD_DIM=128, V_HEAD_DIM_ROUNDED=128, WRITE_DQ=True, num_stages=1, num_warps=8
[rank0]:  triton_flex_attention_1 0.0283 ms 46.7% BLOCKS_ARE_CONTIGUOUS=False, BLOCK_M=128, BLOCK_N=128, FLOAT32_PRECISION="'ieee'", GQA_SHARED_HEADS=1, HAS_FULL_BLOCKS=True, IS_DIVISIBLE=False, OUTPUT_LOGSUMEXP=True, OUTPUT_MAX=False, PRESCALE_QK=False, QK_HEAD_DIM=128, QK_HEAD_DIM_ROUNDED=128, ROWS_GUARANTEED_SAFE=False, SAFE_HEAD_DIM=True, SM_SCALE=0.08838834764831843, SPARSE_KV_BLOCK_SIZE=128, SPARSE_Q_BLOCK_SIZE=128, USE_TMA=False, V_HEAD_DIM=128, V_HEAD_DIM_ROUNDED=128, WRITE_DQ=True, num_stages=3, num_warps=4
[rank0]:SingleProcess AUTOTUNE benchmarking takes 0.1309 seconds and 2.0648 seconds precompiling for 7 choices
[rank2]:Autotune Choices Stats:
[rank2]:{"num_choices": 7, "num_triton_choices": 7, "best_kernel": "triton_flex_attention_5", "best_kernel_desc": "BLOCKS_ARE_CONTIGUOUS=False, BLOCK_M=64, BLOCK_N=64, FLOAT32_PRECISION=\"'ieee'\", GQA_SHARED_HEADS=1, HAS_FULL_BLOCKS=True, IS_DIVISIBLE=False, OUTPUT_LOGSUMEXP=True, OUTPUT_MAX=False, PRESCALE_QK=False, QK_HEAD_DIM=128, QK_HEAD_DIM_ROUNDED=128, ROWS_GUARANTEED_SAFE=False, SAFE_HEAD_DIM=True, SM_SCALE=0.08838834764831843, SPARSE_KV_BLOCK_SIZE=128, SPARSE_Q_BLOCK_SIZE=128, USE_TMA=False, V_HEAD_DIM=128, V_HEAD_DIM_ROUNDED=128, WRITE_DQ=True, num_stages=3, num_warps=4", "best_time": 0.013311999849975109, "best_triton_pos": 0}
[rank2]:AUTOTUNE flex_attention(1x4x192x128, 1x4x192x128, 1x4x192x128, 1x4x192, 1x4x192, 1x1x2, 1x1x2x2, 1x1x2, 1x1x2x2, 192)
[rank2]:strides: [512, 128, 512, 1], [512, 128, 512, 1], [512, 128, 512, 1], [768, 192, 1], [768, 192, 1], [s99, s99, 1], [s22*s72, s22*s72, s72, 1], [s94, s94, 1], [s28*s4, s28*s4, s4, 1], [1]
[rank2]:dtypes: torch.bfloat16, torch.bfloat16, torch.bfloat16, torch.float32, torch.float32, torch.int32, torch.int32, torch.int32, torch.int32, torch.int32
[rank2]:  triton_flex_attention_5 0.0133 ms 100.0% BLOCKS_ARE_CONTIGUOUS=False, BLOCK_M=64, BLOCK_N=64, FLOAT32_PRECISION="'ieee'", GQA_SHARED_HEADS=1, HAS_FULL_BLOCKS=True, IS_DIVISIBLE=False, OUTPUT_LOGSUMEXP=True, OUTPUT_MAX=False, PRESCALE_QK=False, QK_HEAD_DIM=128, QK_HEAD_DIM_ROUNDED=128, ROWS_GUARANTEED_SAFE=False, SAFE_HEAD_DIM=True, SM_SCALE=0.08838834764831843, SPARSE_KV_BLOCK_SIZE=128, SPARSE_Q_BLOCK_SIZE=128, USE_TMA=False, V_HEAD_DIM=128, V_HEAD_DIM_ROUNDED=128, WRITE_DQ=True, num_stages=3, num_warps=4
[rank2]:  triton_flex_attention_4 0.0151 ms 87.9% BLOCKS_ARE_CONTIGUOUS=False, BLOCK_M=64, BLOCK_N=128, FLOAT32_PRECISION="'ieee'", GQA_SHARED_HEADS=1, HAS_FULL_BLOCKS=True, IS_DIVISIBLE=False, OUTPUT_LOGSUMEXP=True, OUTPUT_MAX=False, PRESCALE_QK=False, QK_HEAD_DIM=128, QK_HEAD_DIM_ROUNDED=128, ROWS_GUARANTEED_SAFE=False, SAFE_HEAD_DIM=True, SM_SCALE=0.08838834764831843, SPARSE_KV_BLOCK_SIZE=128, SPARSE_Q_BLOCK_SIZE=128, USE_TMA=False, V_HEAD_DIM=128, V_HEAD_DIM_ROUNDED=128, WRITE_DQ=True, num_stages=3, num_warps=4
[rank2]:  triton_flex_attention_6 0.0172 ms 77.6% BLOCKS_ARE_CONTIGUOUS=False, BLOCK_M=128, BLOCK_N=64, FLOAT32_PRECISION="'ieee'", GQA_SHARED_HEADS=1, HAS_FULL_BLOCKS=True, IS_DIVISIBLE=False, OUTPUT_LOGSUMEXP=True, OUTPUT_MAX=False, PRESCALE_QK=False, QK_HEAD_DIM=128, QK_HEAD_DIM_ROUNDED=128, ROWS_GUARANTEED_SAFE=False, SAFE_HEAD_DIM=True, SM_SCALE=0.08838834764831843, SPARSE_KV_BLOCK_SIZE=128, SPARSE_Q_BLOCK_SIZE=128, USE_TMA=False, V_HEAD_DIM=128, V_HEAD_DIM_ROUNDED=128, WRITE_DQ=True, num_stages=3, num_warps=8
[rank2]:  triton_flex_attention_2 0.0197 ms 67.4% BLOCKS_ARE_CONTIGUOUS=False, BLOCK_M=128, BLOCK_N=128, FLOAT32_PRECISION="'ieee'", GQA_SHARED_HEADS=1, HAS_FULL_BLOCKS=True, IS_DIVISIBLE=False, OUTPUT_LOGSUMEXP=True, OUTPUT_MAX=False, PRESCALE_QK=False, QK_HEAD_DIM=128, QK_HEAD_DIM_ROUNDED=128, ROWS_GUARANTEED_SAFE=False, SAFE_HEAD_DIM=True, SM_SCALE=0.08838834764831843, SPARSE_KV_BLOCK_SIZE=128, SPARSE_Q_BLOCK_SIZE=128, USE_TMA=False, V_HEAD_DIM=128, V_HEAD_DIM_ROUNDED=128, WRITE_DQ=True, num_stages=2, num_warps=8
[rank2]:  triton_flex_attention_0 0.0201 ms 66.2% BLOCKS_ARE_CONTIGUOUS=False, BLOCK_M=128, BLOCK_N=64, FLOAT32_PRECISION="'ieee'", GQA_SHARED_HEADS=1, HAS_FULL_BLOCKS=True, IS_DIVISIBLE=False, OUTPUT_LOGSUMEXP=True, OUTPUT_MAX=False, PRESCALE_QK=False, QK_HEAD_DIM=128, QK_HEAD_DIM_ROUNDED=128, ROWS_GUARANTEED_SAFE=False, SAFE_HEAD_DIM=True, SM_SCALE=0.08838834764831843, SPARSE_KV_BLOCK_SIZE=128, SPARSE_Q_BLOCK_SIZE=128, USE_TMA=False, V_HEAD_DIM=128, V_HEAD_DIM_ROUNDED=128, WRITE_DQ=True, num_stages=3, num_warps=4
[rank2]:  triton_flex_attention_3 0.0217 ms 61.3% BLOCKS_ARE_CONTIGUOUS=False, BLOCK_M=128, BLOCK_N=128, FLOAT32_PRECISION="'ieee'", GQA_SHARED_HEADS=1, HAS_FULL_BLOCKS=True, IS_DIVISIBLE=False, OUTPUT_LOGSUMEXP=True, OUTPUT_MAX=False, PRESCALE_QK=False, QK_HEAD_DIM=128, QK_HEAD_DIM_ROUNDED=128, ROWS_GUARANTEED_SAFE=False, SAFE_HEAD_DIM=True, SM_SCALE=0.08838834764831843, SPARSE_KV_BLOCK_SIZE=128, SPARSE_Q_BLOCK_SIZE=128, USE_TMA=False, V_HEAD_DIM=128, V_HEAD_DIM_ROUNDED=128, WRITE_DQ=True, num_stages=1, num_warps=8
[rank2]:  triton_flex_attention_1 0.0284 ms 46.9% BLOCKS_ARE_CONTIGUOUS=False, BLOCK_M=128, BLOCK_N=128, FLOAT32_PRECISION="'ieee'", GQA_SHARED_HEADS=1, HAS_FULL_BLOCKS=True, IS_DIVISIBLE=False, OUTPUT_LOGSUMEXP=True, OUTPUT_MAX=False, PRESCALE_QK=False, QK_HEAD_DIM=128, QK_HEAD_DIM_ROUNDED=128, ROWS_GUARANTEED_SAFE=False, SAFE_HEAD_DIM=True, SM_SCALE=0.08838834764831843, SPARSE_KV_BLOCK_SIZE=128, SPARSE_Q_BLOCK_SIZE=128, USE_TMA=False, V_HEAD_DIM=128, V_HEAD_DIM_ROUNDED=128, WRITE_DQ=True, num_stages=3, num_warps=4
[rank2]:SingleProcess AUTOTUNE benchmarking takes 0.1349 seconds and 2.0145 seconds precompiling for 7 choices
[rank1]:Autotune Choices Stats:
[rank1]:{"num_choices": 13, "num_triton_choices": 13, "best_kernel": "triton_flex_attention_backward_12", "best_kernel_desc": "BLOCKS_ARE_CONTIGUOUS=False, BLOCK_M1=32, BLOCK_M2=64, BLOCK_N1=64, BLOCK_N2=32, FLOAT32_PRECISION=\"'ieee'\", GQA_SHARED_HEADS=1, HAS_FULL_BLOCKS=True, IS_DIVISIBLE=True, OUTPUT_LOGSUMEXP=True, OUTPUT_MAX=False, PRESCALE_QK=False, QK_HEAD_DIM=128, QK_HEAD_DIM_ROUNDED=128, ROWS_GUARANTEED_SAFE=False, SAFE_HEAD_DIM=True, SM_SCALE=0.08838834764831843, SPARSE_KV_BLOCK_SIZE=128, SPARSE_Q_BLOCK_SIZE=128, USE_TMA=False, V_HEAD_DIM=128, V_HEAD_DIM_ROUNDED=128, WRITE_DQ=True, num_stages=3, num_warps=4", "best_time": 0.019872000440955162, "best_triton_pos": 0}
[rank1]:AUTOTUNE flex_attention_backward(1x4x256x128, 1x4x256x128, 1x4x256x128, 1x4x256, 1x4x256, 1x4x256x128, 1x4x256x128, 1x4x256x128, 1x1x2, 1x1x2x2, 1x1x2, 1x1x2x2, 1x1x2, 1x1x2x2, 1x1x2, 1x1x2x2, 256)
[rank1]:strides: [512, 128, 512, 1], [512, 128, 512, 1], [512, 128, 512, 1], [1024, 256, 1], [1024, 256, 1], [131072, 128, 512, 1], [131072, 128, 512, 1], [131072, 128, 512, 1], [s99, s99, 1], [s22*s72, s22*s72, s72, 1], [s56, s56, 1], [s53*s84, s53*s84, s53, 1], [s94, s94, 1], [s28*s4, s28*s4, s4, 1], [s100, s100, 1], [s10*s5, s10*s5, s10, 1], [1]
[rank1]:dtypes: torch.bfloat16, torch.bfloat16, torch.bfloat16, torch.float32, torch.float32, torch.bfloat16, torch.bfloat16, torch.bfloat16, torch.int32, torch.int32, torch.int32, torch.int32, torch.int32, torch.int32, torch.int32, torch.int32, torch.int32
[rank1]:  triton_flex_attention_backward_12 0.0199 ms 100.0% BLOCKS_ARE_CONTIGUOUS=False, BLOCK_M1=32, BLOCK_M2=64, BLOCK_N1=64, BLOCK_N2=32, FLOAT32_PRECISION="'ieee'", GQA_SHARED_HEADS=1, HAS_FULL_BLOCKS=True, IS_DIVISIBLE=True, OUTPUT_LOGSUMEXP=True, OUTPUT_MAX=False, PRESCALE_QK=False, QK_HEAD_DIM=128, QK_HEAD_DIM_ROUNDED=128, ROWS_GUARANTEED_SAFE=False, SAFE_HEAD_DIM=True, SM_SCALE=0.08838834764831843, SPARSE_KV_BLOCK_SIZE=128, SPARSE_Q_BLOCK_SIZE=128, USE_TMA=False, V_HEAD_DIM=128, V_HEAD_DIM_ROUNDED=128, WRITE_DQ=True, num_stages=3, num_warps=4
[rank1]:  triton_flex_attention_backward_13 0.0201 ms 98.7% BLOCKS_ARE_CONTIGUOUS=False, BLOCK_M1=32, BLOCK_M2=64, BLOCK_N1=64, BLOCK_N2=32, FLOAT32_PRECISION="'ieee'", GQA_SHARED_HEADS=1, HAS_FULL_BLOCKS=True, IS_DIVISIBLE=True, OUTPUT_LOGSUMEXP=True, OUTPUT_MAX=False, PRESCALE_QK=False, QK_HEAD_DIM=128, QK_HEAD_DIM_ROUNDED=128, ROWS_GUARANTEED_SAFE=False, SAFE_HEAD_DIM=True, SM_SCALE=0.08838834764831843, SPARSE_KV_BLOCK_SIZE=128, SPARSE_Q_BLOCK_SIZE=128, USE_TMA=False, V_HEAD_DIM=128, V_HEAD_DIM_ROUNDED=128, WRITE_DQ=True, num_stages=4, num_warps=4
[rank1]:  triton_flex_attention_backward_14 0.0202 ms 98.3% BLOCKS_ARE_CONTIGUOUS=False, BLOCK_M1=32, BLOCK_M2=64, BLOCK_N1=64, BLOCK_N2=32, FLOAT32_PRECISION="'ieee'", GQA_SHARED_HEADS=1, HAS_FULL_BLOCKS=True, IS_DIVISIBLE=True, OUTPUT_LOGSUMEXP=True, OUTPUT_MAX=False, PRESCALE_QK=False, QK_HEAD_DIM=128, QK_HEAD_DIM_ROUNDED=128, ROWS_GUARANTEED_SAFE=False, SAFE_HEAD_DIM=True, SM_SCALE=0.08838834764831843, SPARSE_KV_BLOCK_SIZE=128, SPARSE_Q_BLOCK_SIZE=128, USE_TMA=False, V_HEAD_DIM=128, V_HEAD_DIM_ROUNDED=128, WRITE_DQ=True, num_stages=5, num_warps=4
[rank1]:  triton_flex_attention_backward_16 0.0209 ms 95.1% BLOCKS_ARE_CONTIGUOUS=False, BLOCK_M1=64, BLOCK_M2=64, BLOCK_N1=64, BLOCK_N2=64, FLOAT32_PRECISION="'ieee'", GQA_SHARED_HEADS=1, HAS_FULL_BLOCKS=True, IS_DIVISIBLE=True, OUTPUT_LOGSUMEXP=True, OUTPUT_MAX=False, PRESCALE_QK=False, QK_HEAD_DIM=128, QK_HEAD_DIM_ROUNDED=128, ROWS_GUARANTEED_SAFE=False, SAFE_HEAD_DIM=True, SM_SCALE=0.08838834764831843, SPARSE_KV_BLOCK_SIZE=128, SPARSE_Q_BLOCK_SIZE=128, USE_TMA=False, V_HEAD_DIM=128, V_HEAD_DIM_ROUNDED=128, WRITE_DQ=True, num_stages=3, num_warps=4
[rank1]:  triton_flex_attention_backward_17 0.0211 ms 94.4% BLOCKS_ARE_CONTIGUOUS=False, BLOCK_M1=64, BLOCK_M2=64, BLOCK_N1=64, BLOCK_N2=64, FLOAT32_PRECISION="'ieee'", GQA_SHARED_HEADS=1, HAS_FULL_BLOCKS=True, IS_DIVISIBLE=True, OUTPUT_LOGSUMEXP=True, OUTPUT_MAX=False, PRESCALE_QK=False, QK_HEAD_DIM=128, QK_HEAD_DIM_ROUNDED=128, ROWS_GUARANTEED_SAFE=False, SAFE_HEAD_DIM=True, SM_SCALE=0.08838834764831843, SPARSE_KV_BLOCK_SIZE=128, SPARSE_Q_BLOCK_SIZE=128, USE_TMA=False, V_HEAD_DIM=128, V_HEAD_DIM_ROUNDED=128, WRITE_DQ=True, num_stages=4, num_warps=4
[rank1]:  triton_flex_attention_backward_18 0.0216 ms 92.0% BLOCKS_ARE_CONTIGUOUS=False, BLOCK_M1=64, BLOCK_M2=64, BLOCK_N1=64, BLOCK_N2=64, FLOAT32_PRECISION="'ieee'", GQA_SHARED_HEADS=1, HAS_FULL_BLOCKS=True, IS_DIVISIBLE=True, OUTPUT_LOGSUMEXP=True, OUTPUT_MAX=False, PRESCALE_QK=False, QK_HEAD_DIM=128, QK_HEAD_DIM_ROUNDED=128, ROWS_GUARANTEED_SAFE=False, SAFE_HEAD_DIM=True, SM_SCALE=0.08838834764831843, SPARSE_KV_BLOCK_SIZE=128, SPARSE_Q_BLOCK_SIZE=128, USE_TMA=False, V_HEAD_DIM=128, V_HEAD_DIM_ROUNDED=128, WRITE_DQ=True, num_stages=5, num_warps=4
[rank1]:  triton_flex_attention_backward_8 0.0254 ms 78.3% BLOCKS_ARE_CONTIGUOUS=False, BLOCK_M1=32, BLOCK_M2=32, BLOCK_N1=32, BLOCK_N2=32, FLOAT32_PRECISION="'ieee'", GQA_SHARED_HEADS=1, HAS_FULL_BLOCKS=True, IS_DIVISIBLE=True, OUTPUT_LOGSUMEXP=True, OUTPUT_MAX=False, PRESCALE_QK=False, QK_HEAD_DIM=128, QK_HEAD_DIM_ROUNDED=128, ROWS_GUARANTEED_SAFE=False, SAFE_HEAD_DIM=True, SM_SCALE=0.08838834764831843, SPARSE_KV_BLOCK_SIZE=128, SPARSE_Q_BLOCK_SIZE=128, USE_TMA=False, V_HEAD_DIM=128, V_HEAD_DIM_ROUNDED=128, WRITE_DQ=True, num_stages=3, num_warps=4
[rank1]:  triton_flex_attention_backward_7 0.0261 ms 76.0% BLOCKS_ARE_CONTIGUOUS=False, BLOCK_M1=32, BLOCK_M2=32, BLOCK_N1=32, BLOCK_N2=32, FLOAT32_PRECISION="'ieee'", GQA_SHARED_HEADS=1, HAS_FULL_BLOCKS=True, IS_DIVISIBLE=True, OUTPUT_LOGSUMEXP=True, OUTPUT_MAX=False, PRESCALE_QK=False, QK_HEAD_DIM=128, QK_HEAD_DIM_ROUNDED=128, ROWS_GUARANTEED_SAFE=False, SAFE_HEAD_DIM=True, SM_SCALE=0.08838834764831843, SPARSE_KV_BLOCK_SIZE=128, SPARSE_Q_BLOCK_SIZE=128, USE_TMA=False, V_HEAD_DIM=128, V_HEAD_DIM_ROUNDED=128, WRITE_DQ=True, num_stages=1, num_warps=4
[rank1]:  triton_flex_attention_backward_19 0.0262 ms 75.9% BLOCKS_ARE_CONTIGUOUS=False, BLOCK_M1=64, BLOCK_M2=128, BLOCK_N1=128, BLOCK_N2=64, FLOAT32_PRECISION="'ieee'", GQA_SHARED_HEADS=1, HAS_FULL_BLOCKS=True, IS_DIVISIBLE=True, OUTPUT_LOGSUMEXP=True, OUTPUT_MAX=False, PRESCALE_QK=False, QK_HEAD_DIM=128, QK_HEAD_DIM_ROUNDED=128, ROWS_GUARANTEED_SAFE=False, SAFE_HEAD_DIM=True, SM_SCALE=0.08838834764831843, SPARSE_KV_BLOCK_SIZE=128, SPARSE_Q_BLOCK_SIZE=128, USE_TMA=False, V_HEAD_DIM=128, V_HEAD_DIM_ROUNDED=128, WRITE_DQ=True, num_stages=3, num_warps=8
[rank1]:  triton_flex_attention_backward_9 0.0263 ms 75.5% BLOCKS_ARE_CONTIGUOUS=False, BLOCK_M1=32, BLOCK_M2=32, BLOCK_N1=32, BLOCK_N2=32, FLOAT32_PRECISION="'ieee'", GQA_SHARED_HEADS=1, HAS_FULL_BLOCKS=True, IS_DIVISIBLE=True, OUTPUT_LOGSUMEXP=True, OUTPUT_MAX=False, PRESCALE_QK=False, QK_HEAD_DIM=128, QK_HEAD_DIM_ROUNDED=128, ROWS_GUARANTEED_SAFE=False, SAFE_HEAD_DIM=True, SM_SCALE=0.08838834764831843, SPARSE_KV_BLOCK_SIZE=128, SPARSE_Q_BLOCK_SIZE=128, USE_TMA=False, V_HEAD_DIM=128, V_HEAD_DIM_ROUNDED=128, WRITE_DQ=True, num_stages=4, num_warps=4
[rank1]:SingleProcess AUTOTUNE benchmarking takes 0.2920 seconds and 2.8635 seconds precompiling for 13 choices
[rank3]:Autotune Choices Stats:
[rank3]:{"num_choices": 13, "num_triton_choices": 13, "best_kernel": "triton_flex_attention_backward_13", "best_kernel_desc": "BLOCKS_ARE_CONTIGUOUS=False, BLOCK_M1=32, BLOCK_M2=64, BLOCK_N1=64, BLOCK_N2=32, FLOAT32_PRECISION=\"'ieee'\", GQA_SHARED_HEADS=1, HAS_FULL_BLOCKS=True, IS_DIVISIBLE=True, OUTPUT_LOGSUMEXP=True, OUTPUT_MAX=False, PRESCALE_QK=False, QK_HEAD_DIM=128, QK_HEAD_DIM_ROUNDED=128, ROWS_GUARANTEED_SAFE=False, SAFE_HEAD_DIM=True, SM_SCALE=0.08838834764831843, SPARSE_KV_BLOCK_SIZE=128, SPARSE_Q_BLOCK_SIZE=128, USE_TMA=False, V_HEAD_DIM=128, V_HEAD_DIM_ROUNDED=128, WRITE_DQ=True, num_stages=4, num_warps=4", "best_time": 0.020160000771284103, "best_triton_pos": 0}
[rank3]:AUTOTUNE flex_attention_backward(1x4x256x128, 1x4x256x128, 1x4x256x128, 1x4x256, 1x4x256, 1x4x256x128, 1x4x256x128, 1x4x256x128, 1x1x2, 1x1x2x2, 1x1x2, 1x1x2x2, 1x1x2, 1x1x2x2, 1x1x2, 1x1x2x2, 256)
[rank3]:strides: [512, 128, 512, 1], [512, 128, 512, 1], [512, 128, 512, 1], [1024, 256, 1], [1024, 256, 1], [131072, 128, 512, 1], [131072, 128, 512, 1], [131072, 128, 512, 1], [s99, s99, 1], [s22*s72, s22*s72, s72, 1], [s56, s56, 1], [s53*s84, s53*s84, s53, 1], [s94, s94, 1], [s28*s4, s28*s4, s4, 1], [s100, s100, 1], [s10*s5, s10*s5, s10, 1], [1]
[rank3]:dtypes: torch.bfloat16, torch.bfloat16, torch.bfloat16, torch.float32, torch.float32, torch.bfloat16, torch.bfloat16, torch.bfloat16, torch.int32, torch.int32, torch.int32, torch.int32, torch.int32, torch.int32, torch.int32, torch.int32, torch.int32
[rank3]:  triton_flex_attention_backward_13 0.0202 ms 100.0% BLOCKS_ARE_CONTIGUOUS=False, BLOCK_M1=32, BLOCK_M2=64, BLOCK_N1=64, BLOCK_N2=32, FLOAT32_PRECISION="'ieee'", GQA_SHARED_HEADS=1, HAS_FULL_BLOCKS=True, IS_DIVISIBLE=True, OUTPUT_LOGSUMEXP=True, OUTPUT_MAX=False, PRESCALE_QK=False, QK_HEAD_DIM=128, QK_HEAD_DIM_ROUNDED=128, ROWS_GUARANTEED_SAFE=False, SAFE_HEAD_DIM=True, SM_SCALE=0.08838834764831843, SPARSE_KV_BLOCK_SIZE=128, SPARSE_Q_BLOCK_SIZE=128, USE_TMA=False, V_HEAD_DIM=128, V_HEAD_DIM_ROUNDED=128, WRITE_DQ=True, num_stages=4, num_warps=4
[rank3]:  triton_flex_attention_backward_12 0.0203 ms 99.4% BLOCKS_ARE_CONTIGUOUS=False, BLOCK_M1=32, BLOCK_M2=64, BLOCK_N1=64, BLOCK_N2=32, FLOAT32_PRECISION="'ieee'", GQA_SHARED_HEADS=1, HAS_FULL_BLOCKS=True, IS_DIVISIBLE=True, OUTPUT_LOGSUMEXP=True, OUTPUT_MAX=False, PRESCALE_QK=False, QK_HEAD_DIM=128, QK_HEAD_DIM_ROUNDED=128, ROWS_GUARANTEED_SAFE=False, SAFE_HEAD_DIM=True, SM_SCALE=0.08838834764831843, SPARSE_KV_BLOCK_SIZE=128, SPARSE_Q_BLOCK_SIZE=128, USE_TMA=False, V_HEAD_DIM=128, V_HEAD_DIM_ROUNDED=128, WRITE_DQ=True, num_stages=3, num_warps=4
[rank3]:  triton_flex_attention_backward_14 0.0206 ms 98.0% BLOCKS_ARE_CONTIGUOUS=False, BLOCK_M1=32, BLOCK_M2=64, BLOCK_N1=64, BLOCK_N2=32, FLOAT32_PRECISION="'ieee'", GQA_SHARED_HEADS=1, HAS_FULL_BLOCKS=True, IS_DIVISIBLE=True, OUTPUT_LOGSUMEXP=True, OUTPUT_MAX=False, PRESCALE_QK=False, QK_HEAD_DIM=128, QK_HEAD_DIM_ROUNDED=128, ROWS_GUARANTEED_SAFE=False, SAFE_HEAD_DIM=True, SM_SCALE=0.08838834764831843, SPARSE_KV_BLOCK_SIZE=128, SPARSE_Q_BLOCK_SIZE=128, USE_TMA=False, V_HEAD_DIM=128, V_HEAD_DIM_ROUNDED=128, WRITE_DQ=True, num_stages=5, num_warps=4
[rank3]:  triton_flex_attention_backward_17 0.0207 ms 97.2% BLOCKS_ARE_CONTIGUOUS=False, BLOCK_M1=64, BLOCK_M2=64, BLOCK_N1=64, BLOCK_N2=64, FLOAT32_PRECISION="'ieee'", GQA_SHARED_HEADS=1, HAS_FULL_BLOCKS=True, IS_DIVISIBLE=True, OUTPUT_LOGSUMEXP=True, OUTPUT_MAX=False, PRESCALE_QK=False, QK_HEAD_DIM=128, QK_HEAD_DIM_ROUNDED=128, ROWS_GUARANTEED_SAFE=False, SAFE_HEAD_DIM=True, SM_SCALE=0.08838834764831843, SPARSE_KV_BLOCK_SIZE=128, SPARSE_Q_BLOCK_SIZE=128, USE_TMA=False, V_HEAD_DIM=128, V_HEAD_DIM_ROUNDED=128, WRITE_DQ=True, num_stages=4, num_warps=4
[rank3]:  triton_flex_attention_backward_16 0.0210 ms 96.2% BLOCKS_ARE_CONTIGUOUS=False, BLOCK_M1=64, BLOCK_M2=64, BLOCK_N1=64, BLOCK_N2=64, FLOAT32_PRECISION="'ieee'", GQA_SHARED_HEADS=1, HAS_FULL_BLOCKS=True, IS_DIVISIBLE=True, OUTPUT_LOGSUMEXP=True, OUTPUT_MAX=False, PRESCALE_QK=False, QK_HEAD_DIM=128, QK_HEAD_DIM_ROUNDED=128, ROWS_GUARANTEED_SAFE=False, SAFE_HEAD_DIM=True, SM_SCALE=0.08838834764831843, SPARSE_KV_BLOCK_SIZE=128, SPARSE_Q_BLOCK_SIZE=128, USE_TMA=False, V_HEAD_DIM=128, V_HEAD_DIM_ROUNDED=128, WRITE_DQ=True, num_stages=3, num_warps=4
[rank3]:  triton_flex_attention_backward_18 0.0215 ms 93.9% BLOCKS_ARE_CONTIGUOUS=False, BLOCK_M1=64, BLOCK_M2=64, BLOCK_N1=64, BLOCK_N2=64, FLOAT32_PRECISION="'ieee'", GQA_SHARED_HEADS=1, HAS_FULL_BLOCKS=True, IS_DIVISIBLE=True, OUTPUT_LOGSUMEXP=True, OUTPUT_MAX=False, PRESCALE_QK=False, QK_HEAD_DIM=128, QK_HEAD_DIM_ROUNDED=128, ROWS_GUARANTEED_SAFE=False, SAFE_HEAD_DIM=True, SM_SCALE=0.08838834764831843, SPARSE_KV_BLOCK_SIZE=128, SPARSE_Q_BLOCK_SIZE=128, USE_TMA=False, V_HEAD_DIM=128, V_HEAD_DIM_ROUNDED=128, WRITE_DQ=True, num_stages=5, num_warps=4
[rank3]:  triton_flex_attention_backward_8 0.0257 ms 78.4% BLOCKS_ARE_CONTIGUOUS=False, BLOCK_M1=32, BLOCK_M2=32, BLOCK_N1=32, BLOCK_N2=32, FLOAT32_PRECISION="'ieee'", GQA_SHARED_HEADS=1, HAS_FULL_BLOCKS=True, IS_DIVISIBLE=True, OUTPUT_LOGSUMEXP=True, OUTPUT_MAX=False, PRESCALE_QK=False, QK_HEAD_DIM=128, QK_HEAD_DIM_ROUNDED=128, ROWS_GUARANTEED_SAFE=False, SAFE_HEAD_DIM=True, SM_SCALE=0.08838834764831843, SPARSE_KV_BLOCK_SIZE=128, SPARSE_Q_BLOCK_SIZE=128, USE_TMA=False, V_HEAD_DIM=128, V_HEAD_DIM_ROUNDED=128, WRITE_DQ=True, num_stages=3, num_warps=4
[rank3]:  triton_flex_attention_backward_19 0.0261 ms 77.3% BLOCKS_ARE_CONTIGUOUS=False, BLOCK_M1=64, BLOCK_M2=128, BLOCK_N1=128, BLOCK_N2=64, FLOAT32_PRECISION="'ieee'", GQA_SHARED_HEADS=1, HAS_FULL_BLOCKS=True, IS_DIVISIBLE=True, OUTPUT_LOGSUMEXP=True, OUTPUT_MAX=False, PRESCALE_QK=False, QK_HEAD_DIM=128, QK_HEAD_DIM_ROUNDED=128, ROWS_GUARANTEED_SAFE=False, SAFE_HEAD_DIM=True, SM_SCALE=0.08838834764831843, SPARSE_KV_BLOCK_SIZE=128, SPARSE_Q_BLOCK_SIZE=128, USE_TMA=False, V_HEAD_DIM=128, V_HEAD_DIM_ROUNDED=128, WRITE_DQ=True, num_stages=3, num_warps=8
[rank3]:  triton_flex_attention_backward_9 0.0265 ms 76.0% BLOCKS_ARE_CONTIGUOUS=False, BLOCK_M1=32, BLOCK_M2=32, BLOCK_N1=32, BLOCK_N2=32, FLOAT32_PRECISION="'ieee'", GQA_SHARED_HEADS=1, HAS_FULL_BLOCKS=True, IS_DIVISIBLE=True, OUTPUT_LOGSUMEXP=True, OUTPUT_MAX=False, PRESCALE_QK=False, QK_HEAD_DIM=128, QK_HEAD_DIM_ROUNDED=128, ROWS_GUARANTEED_SAFE=False, SAFE_HEAD_DIM=True, SM_SCALE=0.08838834764831843, SPARSE_KV_BLOCK_SIZE=128, SPARSE_Q_BLOCK_SIZE=128, USE_TMA=False, V_HEAD_DIM=128, V_HEAD_DIM_ROUNDED=128, WRITE_DQ=True, num_stages=4, num_warps=4
[rank3]:  triton_flex_attention_backward_7 0.0266 ms 75.9% BLOCKS_ARE_CONTIGUOUS=False, BLOCK_M1=32, BLOCK_M2=32, BLOCK_N1=32, BLOCK_N2=32, FLOAT32_PRECISION="'ieee'", GQA_SHARED_HEADS=1, HAS_FULL_BLOCKS=True, IS_DIVISIBLE=True, OUTPUT_LOGSUMEXP=True, OUTPUT_MAX=False, PRESCALE_QK=False, QK_HEAD_DIM=128, QK_HEAD_DIM_ROUNDED=128, ROWS_GUARANTEED_SAFE=False, SAFE_HEAD_DIM=True, SM_SCALE=0.08838834764831843, SPARSE_KV_BLOCK_SIZE=128, SPARSE_Q_BLOCK_SIZE=128, USE_TMA=False, V_HEAD_DIM=128, V_HEAD_DIM_ROUNDED=128, WRITE_DQ=True, num_stages=1, num_warps=4
[rank3]:SingleProcess AUTOTUNE benchmarking takes 0.3055 seconds and 2.8830 seconds precompiling for 13 choices
[rank2]:Autotune Choices Stats:
[rank2]:{"num_choices": 13, "num_triton_choices": 13, "best_kernel": "triton_flex_attention_backward_12", "best_kernel_desc": "BLOCKS_ARE_CONTIGUOUS=False, BLOCK_M1=32, BLOCK_M2=64, BLOCK_N1=64, BLOCK_N2=32, FLOAT32_PRECISION=\"'ieee'\", GQA_SHARED_HEADS=1, HAS_FULL_BLOCKS=True, IS_DIVISIBLE=False, OUTPUT_LOGSUMEXP=True, OUTPUT_MAX=False, PRESCALE_QK=False, QK_HEAD_DIM=128, QK_HEAD_DIM_ROUNDED=128, ROWS_GUARANTEED_SAFE=False, SAFE_HEAD_DIM=True, SM_SCALE=0.08838834764831843, SPARSE_KV_BLOCK_SIZE=128, SPARSE_Q_BLOCK_SIZE=128, USE_TMA=False, V_HEAD_DIM=128, V_HEAD_DIM_ROUNDED=128, WRITE_DQ=True, num_stages=3, num_warps=4", "best_time": 0.01759999990463257, "best_triton_pos": 0}
[rank2]:AUTOTUNE flex_attention_backward(1x4x192x128, 1x4x192x128, 1x4x192x128, 1x4x192, 1x4x192, 1x4x192x128, 1x4x192x128, 1x4x192x128, 1x1x2, 1x1x2x2, 1x1x2, 1x1x2x2, 1x1x2, 1x1x2x2, 1x1x2, 1x1x2x2, 192)
[rank2]:strides: [512, 128, 512, 1], [512, 128, 512, 1], [512, 128, 512, 1], [768, 192, 1], [768, 192, 1], [98304, 128, 512, 1], [98304, 128, 512, 1], [98304, 128, 512, 1], [s99, s99, 1], [s22*s72, s22*s72, s72, 1], [s56, s56, 1], [s53*s84, s53*s84, s53, 1], [s94, s94, 1], [s28*s4, s28*s4, s4, 1], [s100, s100, 1], [s10*s5, s10*s5, s10, 1], [1]
[rank2]:dtypes: torch.bfloat16, torch.bfloat16, torch.bfloat16, torch.float32, torch.float32, torch.bfloat16, torch.bfloat16, torch.bfloat16, torch.int32, torch.int32, torch.int32, torch.int32, torch.int32, torch.int32, torch.int32, torch.int32, torch.int32
[rank2]:  triton_flex_attention_backward_12 0.0176 ms 100.0% BLOCKS_ARE_CONTIGUOUS=False, BLOCK_M1=32, BLOCK_M2=64, BLOCK_N1=64, BLOCK_N2=32, FLOAT32_PRECISION="'ieee'", GQA_SHARED_HEADS=1, HAS_FULL_BLOCKS=True, IS_DIVISIBLE=False, OUTPUT_LOGSUMEXP=True, OUTPUT_MAX=False, PRESCALE_QK=False, QK_HEAD_DIM=128, QK_HEAD_DIM_ROUNDED=128, ROWS_GUARANTEED_SAFE=False, SAFE_HEAD_DIM=True, SM_SCALE=0.08838834764831843, SPARSE_KV_BLOCK_SIZE=128, SPARSE_Q_BLOCK_SIZE=128, USE_TMA=False, V_HEAD_DIM=128, V_HEAD_DIM_ROUNDED=128, WRITE_DQ=True, num_stages=3, num_warps=4
[rank2]:  triton_flex_attention_backward_13 0.0176 ms 100.0% BLOCKS_ARE_CONTIGUOUS=False, BLOCK_M1=32, BLOCK_M2=64, BLOCK_N1=64, BLOCK_N2=32, FLOAT32_PRECISION="'ieee'", GQA_SHARED_HEADS=1, HAS_FULL_BLOCKS=True, IS_DIVISIBLE=False, OUTPUT_LOGSUMEXP=True, OUTPUT_MAX=False, PRESCALE_QK=False, QK_HEAD_DIM=128, QK_HEAD_DIM_ROUNDED=128, ROWS_GUARANTEED_SAFE=False, SAFE_HEAD_DIM=True, SM_SCALE=0.08838834764831843, SPARSE_KV_BLOCK_SIZE=128, SPARSE_Q_BLOCK_SIZE=128, USE_TMA=False, V_HEAD_DIM=128, V_HEAD_DIM_ROUNDED=128, WRITE_DQ=True, num_stages=4, num_warps=4
[rank2]:  triton_flex_attention_backward_14 0.0178 ms 98.7% BLOCKS_ARE_CONTIGUOUS=False, BLOCK_M1=32, BLOCK_M2=64, BLOCK_N1=64, BLOCK_N2=32, FLOAT32_PRECISION="'ieee'", GQA_SHARED_HEADS=1, HAS_FULL_BLOCKS=True, IS_DIVISIBLE=False, OUTPUT_LOGSUMEXP=True, OUTPUT_MAX=False, PRESCALE_QK=False, QK_HEAD_DIM=128, QK_HEAD_DIM_ROUNDED=128, ROWS_GUARANTEED_SAFE=False, SAFE_HEAD_DIM=True, SM_SCALE=0.08838834764831843, SPARSE_KV_BLOCK_SIZE=128, SPARSE_Q_BLOCK_SIZE=128, USE_TMA=False, V_HEAD_DIM=128, V_HEAD_DIM_ROUNDED=128, WRITE_DQ=True, num_stages=5, num_warps=4
[rank2]:  triton_flex_attention_backward_16 0.0180 ms 97.9% BLOCKS_ARE_CONTIGUOUS=False, BLOCK_M1=64, BLOCK_M2=64, BLOCK_N1=64, BLOCK_N2=64, FLOAT32_PRECISION="'ieee'", GQA_SHARED_HEADS=1, HAS_FULL_BLOCKS=True, IS_DIVISIBLE=False, OUTPUT_LOGSUMEXP=True, OUTPUT_MAX=False, PRESCALE_QK=False, QK_HEAD_DIM=128, QK_HEAD_DIM_ROUNDED=128, ROWS_GUARANTEED_SAFE=False, SAFE_HEAD_DIM=True, SM_SCALE=0.08838834764831843, SPARSE_KV_BLOCK_SIZE=128, SPARSE_Q_BLOCK_SIZE=128, USE_TMA=False, V_HEAD_DIM=128, V_HEAD_DIM_ROUNDED=128, WRITE_DQ=True, num_stages=3, num_warps=4
[rank2]:  triton_flex_attention_backward_17 0.0185 ms 95.3% BLOCKS_ARE_CONTIGUOUS=False, BLOCK_M1=64, BLOCK_M2=64, BLOCK_N1=64, BLOCK_N2=64, FLOAT32_PRECISION="'ieee'", GQA_SHARED_HEADS=1, HAS_FULL_BLOCKS=True, IS_DIVISIBLE=False, OUTPUT_LOGSUMEXP=True, OUTPUT_MAX=False, PRESCALE_QK=False, QK_HEAD_DIM=128, QK_HEAD_DIM_ROUNDED=128, ROWS_GUARANTEED_SAFE=False, SAFE_HEAD_DIM=True, SM_SCALE=0.08838834764831843, SPARSE_KV_BLOCK_SIZE=128, SPARSE_Q_BLOCK_SIZE=128, USE_TMA=False, V_HEAD_DIM=128, V_HEAD_DIM_ROUNDED=128, WRITE_DQ=True, num_stages=4, num_warps=4
[rank2]:  triton_flex_attention_backward_18 0.0193 ms 91.2% BLOCKS_ARE_CONTIGUOUS=False, BLOCK_M1=64, BLOCK_M2=64, BLOCK_N1=64, BLOCK_N2=64, FLOAT32_PRECISION="'ieee'", GQA_SHARED_HEADS=1, HAS_FULL_BLOCKS=True, IS_DIVISIBLE=False, OUTPUT_LOGSUMEXP=True, OUTPUT_MAX=False, PRESCALE_QK=False, QK_HEAD_DIM=128, QK_HEAD_DIM_ROUNDED=128, ROWS_GUARANTEED_SAFE=False, SAFE_HEAD_DIM=True, SM_SCALE=0.08838834764831843, SPARSE_KV_BLOCK_SIZE=128, SPARSE_Q_BLOCK_SIZE=128, USE_TMA=False, V_HEAD_DIM=128, V_HEAD_DIM_ROUNDED=128, WRITE_DQ=True, num_stages=5, num_warps=4
[rank2]:  triton_flex_attention_backward_7 0.0206 ms 85.3% BLOCKS_ARE_CONTIGUOUS=False, BLOCK_M1=32, BLOCK_M2=32, BLOCK_N1=32, BLOCK_N2=32, FLOAT32_PRECISION="'ieee'", GQA_SHARED_HEADS=1, HAS_FULL_BLOCKS=True, IS_DIVISIBLE=False, OUTPUT_LOGSUMEXP=True, OUTPUT_MAX=False, PRESCALE_QK=False, QK_HEAD_DIM=128, QK_HEAD_DIM_ROUNDED=128, ROWS_GUARANTEED_SAFE=False, SAFE_HEAD_DIM=True, SM_SCALE=0.08838834764831843, SPARSE_KV_BLOCK_SIZE=128, SPARSE_Q_BLOCK_SIZE=128, USE_TMA=False, V_HEAD_DIM=128, V_HEAD_DIM_ROUNDED=128, WRITE_DQ=True, num_stages=1, num_warps=4
[rank2]:  triton_flex_attention_backward_15 0.0207 ms 84.9% BLOCKS_ARE_CONTIGUOUS=False, BLOCK_M1=64, BLOCK_M2=64, BLOCK_N1=64, BLOCK_N2=64, FLOAT32_PRECISION="'ieee'", GQA_SHARED_HEADS=1, HAS_FULL_BLOCKS=True, IS_DIVISIBLE=False, OUTPUT_LOGSUMEXP=True, OUTPUT_MAX=False, PRESCALE_QK=False, QK_HEAD_DIM=128, QK_HEAD_DIM_ROUNDED=128, ROWS_GUARANTEED_SAFE=False, SAFE_HEAD_DIM=True, SM_SCALE=0.08838834764831843, SPARSE_KV_BLOCK_SIZE=128, SPARSE_Q_BLOCK_SIZE=128, USE_TMA=False, V_HEAD_DIM=128, V_HEAD_DIM_ROUNDED=128, WRITE_DQ=True, num_stages=1, num_warps=4
[rank2]:  triton_flex_attention_backward_8 0.0214 ms 82.2% BLOCKS_ARE_CONTIGUOUS=False, BLOCK_M1=32, BLOCK_M2=32, BLOCK_N1=32, BLOCK_N2=32, FLOAT32_PRECISION="'ieee'", GQA_SHARED_HEADS=1, HAS_FULL_BLOCKS=True, IS_DIVISIBLE=False, OUTPUT_LOGSUMEXP=True, OUTPUT_MAX=False, PRESCALE_QK=False, QK_HEAD_DIM=128, QK_HEAD_DIM_ROUNDED=128, ROWS_GUARANTEED_SAFE=False, SAFE_HEAD_DIM=True, SM_SCALE=0.08838834764831843, SPARSE_KV_BLOCK_SIZE=128, SPARSE_Q_BLOCK_SIZE=128, USE_TMA=False, V_HEAD_DIM=128, V_HEAD_DIM_ROUNDED=128, WRITE_DQ=True, num_stages=3, num_warps=4
[rank2]:  triton_flex_attention_backward_11 0.0216 ms 81.4% BLOCKS_ARE_CONTIGUOUS=False, BLOCK_M1=32, BLOCK_M2=64, BLOCK_N1=64, BLOCK_N2=32, FLOAT32_PRECISION="'ieee'", GQA_SHARED_HEADS=1, HAS_FULL_BLOCKS=True, IS_DIVISIBLE=False, OUTPUT_LOGSUMEXP=True, OUTPUT_MAX=False, PRESCALE_QK=False, QK_HEAD_DIM=128, QK_HEAD_DIM_ROUNDED=128, ROWS_GUARANTEED_SAFE=False, SAFE_HEAD_DIM=True, SM_SCALE=0.08838834764831843, SPARSE_KV_BLOCK_SIZE=128, SPARSE_Q_BLOCK_SIZE=128, USE_TMA=False, V_HEAD_DIM=128, V_HEAD_DIM_ROUNDED=128, WRITE_DQ=True, num_stages=1, num_warps=4
[rank2]:SingleProcess AUTOTUNE benchmarking takes 0.2935 seconds and 3.1871 seconds precompiling for 13 choices
[rank0]:Autotune Choices Stats:
[rank0]:{"num_choices": 13, "num_triton_choices": 13, "best_kernel": "triton_flex_attention_backward_12", "best_kernel_desc": "BLOCKS_ARE_CONTIGUOUS=False, BLOCK_M1=32, BLOCK_M2=64, BLOCK_N1=64, BLOCK_N2=32, FLOAT32_PRECISION=\"'ieee'\", GQA_SHARED_HEADS=1, HAS_FULL_BLOCKS=True, IS_DIVISIBLE=False, OUTPUT_LOGSUMEXP=True, OUTPUT_MAX=False, PRESCALE_QK=False, QK_HEAD_DIM=128, QK_HEAD_DIM_ROUNDED=128, ROWS_GUARANTEED_SAFE=False, SAFE_HEAD_DIM=True, SM_SCALE=0.08838834764831843, SPARSE_KV_BLOCK_SIZE=128, SPARSE_Q_BLOCK_SIZE=128, USE_TMA=False, V_HEAD_DIM=128, V_HEAD_DIM_ROUNDED=128, WRITE_DQ=True, num_stages=3, num_warps=4", "best_time": 0.017343999817967415, "best_triton_pos": 0}
[rank0]:AUTOTUNE flex_attention_backward(1x4x192x128, 1x4x192x128, 1x4x192x128, 1x4x192, 1x4x192, 1x4x192x128, 1x4x192x128, 1x4x192x128, 1x1x2, 1x1x2x2, 1x1x2, 1x1x2x2, 1x1x2, 1x1x2x2, 1x1x2, 1x1x2x2, 192)
[rank0]:strides: [512, 128, 512, 1], [512, 128, 512, 1], [512, 128, 512, 1], [768, 192, 1], [768, 192, 1], [98304, 128, 512, 1], [98304, 128, 512, 1], [98304, 128, 512, 1], [s99, s99, 1], [s22*s72, s22*s72, s72, 1], [s56, s56, 1], [s53*s84, s53*s84, s53, 1], [s94, s94, 1], [s28*s4, s28*s4, s4, 1], [s100, s100, 1], [s10*s5, s10*s5, s10, 1], [1]
[rank0]:dtypes: torch.bfloat16, torch.bfloat16, torch.bfloat16, torch.float32, torch.float32, torch.bfloat16, torch.bfloat16, torch.bfloat16, torch.int32, torch.int32, torch.int32, torch.int32, torch.int32, torch.int32, torch.int32, torch.int32, torch.int32
[rank0]:  triton_flex_attention_backward_12 0.0173 ms 100.0% BLOCKS_ARE_CONTIGUOUS=False, BLOCK_M1=32, BLOCK_M2=64, BLOCK_N1=64, BLOCK_N2=32, FLOAT32_PRECISION="'ieee'", GQA_SHARED_HEADS=1, HAS_FULL_BLOCKS=True, IS_DIVISIBLE=False, OUTPUT_LOGSUMEXP=True, OUTPUT_MAX=False, PRESCALE_QK=False, QK_HEAD_DIM=128, QK_HEAD_DIM_ROUNDED=128, ROWS_GUARANTEED_SAFE=False, SAFE_HEAD_DIM=True, SM_SCALE=0.08838834764831843, SPARSE_KV_BLOCK_SIZE=128, SPARSE_Q_BLOCK_SIZE=128, USE_TMA=False, V_HEAD_DIM=128, V_HEAD_DIM_ROUNDED=128, WRITE_DQ=True, num_stages=3, num_warps=4
[rank0]:  triton_flex_attention_backward_13 0.0173 ms 100.0% BLOCKS_ARE_CONTIGUOUS=False, BLOCK_M1=32, BLOCK_M2=64, BLOCK_N1=64, BLOCK_N2=32, FLOAT32_PRECISION="'ieee'", GQA_SHARED_HEADS=1, HAS_FULL_BLOCKS=True, IS_DIVISIBLE=False, OUTPUT_LOGSUMEXP=True, OUTPUT_MAX=False, PRESCALE_QK=False, QK_HEAD_DIM=128, QK_HEAD_DIM_ROUNDED=128, ROWS_GUARANTEED_SAFE=False, SAFE_HEAD_DIM=True, SM_SCALE=0.08838834764831843, SPARSE_KV_BLOCK_SIZE=128, SPARSE_Q_BLOCK_SIZE=128, USE_TMA=False, V_HEAD_DIM=128, V_HEAD_DIM_ROUNDED=128, WRITE_DQ=True, num_stages=4, num_warps=4
[rank0]:  triton_flex_attention_backward_14 0.0176 ms 98.5% BLOCKS_ARE_CONTIGUOUS=False, BLOCK_M1=32, BLOCK_M2=64, BLOCK_N1=64, BLOCK_N2=32, FLOAT32_PRECISION="'ieee'", GQA_SHARED_HEADS=1, HAS_FULL_BLOCKS=True, IS_DIVISIBLE=False, OUTPUT_LOGSUMEXP=True, OUTPUT_MAX=False, PRESCALE_QK=False, QK_HEAD_DIM=128, QK_HEAD_DIM_ROUNDED=128, ROWS_GUARANTEED_SAFE=False, SAFE_HEAD_DIM=True, SM_SCALE=0.08838834764831843, SPARSE_KV_BLOCK_SIZE=128, SPARSE_Q_BLOCK_SIZE=128, USE_TMA=False, V_HEAD_DIM=128, V_HEAD_DIM_ROUNDED=128, WRITE_DQ=True, num_stages=5, num_warps=4
[rank0]:  triton_flex_attention_backward_16 0.0177 ms 97.8% BLOCKS_ARE_CONTIGUOUS=False, BLOCK_M1=64, BLOCK_M2=64, BLOCK_N1=64, BLOCK_N2=64, FLOAT32_PRECISION="'ieee'", GQA_SHARED_HEADS=1, HAS_FULL_BLOCKS=True, IS_DIVISIBLE=False, OUTPUT_LOGSUMEXP=True, OUTPUT_MAX=False, PRESCALE_QK=False, QK_HEAD_DIM=128, QK_HEAD_DIM_ROUNDED=128, ROWS_GUARANTEED_SAFE=False, SAFE_HEAD_DIM=True, SM_SCALE=0.08838834764831843, SPARSE_KV_BLOCK_SIZE=128, SPARSE_Q_BLOCK_SIZE=128, USE_TMA=False, V_HEAD_DIM=128, V_HEAD_DIM_ROUNDED=128, WRITE_DQ=True, num_stages=3, num_warps=4
[rank0]:  triton_flex_attention_backward_17 0.0184 ms 94.4% BLOCKS_ARE_CONTIGUOUS=False, BLOCK_M1=64, BLOCK_M2=64, BLOCK_N1=64, BLOCK_N2=64, FLOAT32_PRECISION="'ieee'", GQA_SHARED_HEADS=1, HAS_FULL_BLOCKS=True, IS_DIVISIBLE=False, OUTPUT_LOGSUMEXP=True, OUTPUT_MAX=False, PRESCALE_QK=False, QK_HEAD_DIM=128, QK_HEAD_DIM_ROUNDED=128, ROWS_GUARANTEED_SAFE=False, SAFE_HEAD_DIM=True, SM_SCALE=0.08838834764831843, SPARSE_KV_BLOCK_SIZE=128, SPARSE_Q_BLOCK_SIZE=128, USE_TMA=False, V_HEAD_DIM=128, V_HEAD_DIM_ROUNDED=128, WRITE_DQ=True, num_stages=4, num_warps=4
[rank0]:  triton_flex_attention_backward_18 0.0191 ms 90.8% BLOCKS_ARE_CONTIGUOUS=False, BLOCK_M1=64, BLOCK_M2=64, BLOCK_N1=64, BLOCK_N2=64, FLOAT32_PRECISION="'ieee'", GQA_SHARED_HEADS=1, HAS_FULL_BLOCKS=True, IS_DIVISIBLE=False, OUTPUT_LOGSUMEXP=True, OUTPUT_MAX=False, PRESCALE_QK=False, QK_HEAD_DIM=128, QK_HEAD_DIM_ROUNDED=128, ROWS_GUARANTEED_SAFE=False, SAFE_HEAD_DIM=True, SM_SCALE=0.08838834764831843, SPARSE_KV_BLOCK_SIZE=128, SPARSE_Q_BLOCK_SIZE=128, USE_TMA=False, V_HEAD_DIM=128, V_HEAD_DIM_ROUNDED=128, WRITE_DQ=True, num_stages=5, num_warps=4
[rank0]:  triton_flex_attention_backward_7 0.0207 ms 83.9% BLOCKS_ARE_CONTIGUOUS=False, BLOCK_M1=32, BLOCK_M2=32, BLOCK_N1=32, BLOCK_N2=32, FLOAT32_PRECISION="'ieee'", GQA_SHARED_HEADS=1, HAS_FULL_BLOCKS=True, IS_DIVISIBLE=False, OUTPUT_LOGSUMEXP=True, OUTPUT_MAX=False, PRESCALE_QK=False, QK_HEAD_DIM=128, QK_HEAD_DIM_ROUNDED=128, ROWS_GUARANTEED_SAFE=False, SAFE_HEAD_DIM=True, SM_SCALE=0.08838834764831843, SPARSE_KV_BLOCK_SIZE=128, SPARSE_Q_BLOCK_SIZE=128, USE_TMA=False, V_HEAD_DIM=128, V_HEAD_DIM_ROUNDED=128, WRITE_DQ=True, num_stages=1, num_warps=4
[rank0]:  triton_flex_attention_backward_15 0.0210 ms 82.5% BLOCKS_ARE_CONTIGUOUS=False, BLOCK_M1=64, BLOCK_M2=64, BLOCK_N1=64, BLOCK_N2=64, FLOAT32_PRECISION="'ieee'", GQA_SHARED_HEADS=1, HAS_FULL_BLOCKS=True, IS_DIVISIBLE=False, OUTPUT_LOGSUMEXP=True, OUTPUT_MAX=False, PRESCALE_QK=False, QK_HEAD_DIM=128, QK_HEAD_DIM_ROUNDED=128, ROWS_GUARANTEED_SAFE=False, SAFE_HEAD_DIM=True, SM_SCALE=0.08838834764831843, SPARSE_KV_BLOCK_SIZE=128, SPARSE_Q_BLOCK_SIZE=128, USE_TMA=False, V_HEAD_DIM=128, V_HEAD_DIM_ROUNDED=128, WRITE_DQ=True, num_stages=1, num_warps=4
[rank0]:  triton_flex_attention_backward_8 0.0212 ms 81.6% BLOCKS_ARE_CONTIGUOUS=False, BLOCK_M1=32, BLOCK_M2=32, BLOCK_N1=32, BLOCK_N2=32, FLOAT32_PRECISION="'ieee'", GQA_SHARED_HEADS=1, HAS_FULL_BLOCKS=True, IS_DIVISIBLE=False, OUTPUT_LOGSUMEXP=True, OUTPUT_MAX=False, PRESCALE_QK=False, QK_HEAD_DIM=128, QK_HEAD_DIM_ROUNDED=128, ROWS_GUARANTEED_SAFE=False, SAFE_HEAD_DIM=True, SM_SCALE=0.08838834764831843, SPARSE_KV_BLOCK_SIZE=128, SPARSE_Q_BLOCK_SIZE=128, USE_TMA=False, V_HEAD_DIM=128, V_HEAD_DIM_ROUNDED=128, WRITE_DQ=True, num_stages=3, num_warps=4
[rank0]:  triton_flex_attention_backward_11 0.0213 ms 81.4% BLOCKS_ARE_CONTIGUOUS=False, BLOCK_M1=32, BLOCK_M2=64, BLOCK_N1=64, BLOCK_N2=32, FLOAT32_PRECISION="'ieee'", GQA_SHARED_HEADS=1, HAS_FULL_BLOCKS=True, IS_DIVISIBLE=False, OUTPUT_LOGSUMEXP=True, OUTPUT_MAX=False, PRESCALE_QK=False, QK_HEAD_DIM=128, QK_HEAD_DIM_ROUNDED=128, ROWS_GUARANTEED_SAFE=False, SAFE_HEAD_DIM=True, SM_SCALE=0.08838834764831843, SPARSE_KV_BLOCK_SIZE=128, SPARSE_Q_BLOCK_SIZE=128, USE_TMA=False, V_HEAD_DIM=128, V_HEAD_DIM_ROUNDED=128, WRITE_DQ=True, num_stages=1, num_warps=4
[rank0]:SingleProcess AUTOTUNE benchmarking takes 0.2910 seconds and 3.2027 seconds precompiling for 13 choices
[rank1]:/root/mep/venv_src/lib/python3.12/site-packages/torch/distributed/fsdp/_fully_shard/_fsdp_state.py:336: UserWarning: FSDP2-wrapped module (FSDPKimiK3TransformerBlock) returned a view tensor. An in-place op on this view (e.g., `x += y`) will silently drop the pre-backward hook and skip the all-gather, which can cause backward to fail or produce wrong gradients. Use out-of-place ops (`out = out + y`, not `out += y`) or `.clone()` the output before any in-place op.
[rank1]:  output = self._register_pre_backward_hook(output)
[rank2]:/root/mep/venv_src/lib/python3.12/site-packages/torch/distributed/fsdp/_fully_shard/_fsdp_state.py:336: UserWarning: FSDP2-wrapped module (FSDPKimiK3TransformerBlock) returned a view tensor. An in-place op on this view (e.g., `x += y`) will silently drop the pre-backward hook and skip the all-gather, which can cause backward to fail or produce wrong gradients. Use out-of-place ops (`out = out + y`, not `out += y`) or `.clone()` the output before any in-place op.
[rank2]:  output = self._register_pre_backward_hook(output)
[rank3]:/root/mep/venv_src/lib/python3.12/site-packages/torch/distributed/fsdp/_fully_shard/_fsdp_state.py:336: UserWarning: FSDP2-wrapped module (FSDPKimiK3TransformerBlock) returned a view tensor. An in-place op on this view (e.g., `x += y`) will silently drop the pre-backward hook and skip the all-gather, which can cause backward to fail or produce wrong gradients. Use out-of-place ops (`out = out + y`, not `out += y`) or `.clone()` the output before any in-place op.
[rank3]:  output = self._register_pre_backward_hook(output)
[rank0]:/root/mep/venv_src/lib/python3.12/site-packages/torch/distributed/fsdp/_fully_shard/_fsdp_state.py:336: UserWarning: FSDP2-wrapped module (FSDPKimiK3TransformerBlock) returned a view tensor. An in-place op on this view (e.g., `x += y`) will silently drop the pre-backward hook and skip the all-gather, which can cause backward to fail or produce wrong gradients. Use out-of-place ops (`out = out + y`, not `out += y`) or `.clone()` the output before any in-place op.
[rank0]:  output = self._register_pre_backward_hook(output)
[rank0]:Autotune Choices Stats:
[rank0]:{"num_choices": 6, "num_triton_choices": 6, "best_kernel": "triton_flex_attention_24", "best_kernel_desc": "BLOCKS_ARE_CONTIGUOUS=False, BLOCK_M=64, BLOCK_N=128, FLOAT32_PRECISION=\"'ieee'\", GQA_SHARED_HEADS=1, HAS_FULL_BLOCKS=True, IS_DIVISIBLE=False, OUTPUT_LOGSUMEXP=True, OUTPUT_MAX=False, PRESCALE_QK=False, QK_HEAD_DIM=96, QK_HEAD_DIM_ROUNDED=128, ROWS_GUARANTEED_SAFE=False, SAFE_HEAD_DIM=False, SM_SCALE=0.10206207261596575, SPARSE_KV_BLOCK_SIZE=128, SPARSE_Q_BLOCK_SIZE=128, USE_TMA=False, V_HEAD_DIM=64, V_HEAD_DIM_ROUNDED=64, WRITE_DQ=True, num_stages=3, num_warps=4", "best_time": 0.029920000582933426, "best_triton_pos": 0}
[rank0]:AUTOTUNE flex_attention(1x4x512x96, 1x4x512x96, 1x4x512x64, 1x4x512, 1x4x512, 1x1x4, 1x1x4x4, 1x1x4, 1x1x4x4, 512, 640)
[rank0]:strides: [384, 96, 384, 1], [384, 96, 384, 1], [4*s73, s73, 4*s73, 1], [4*s37, s37, 1], [4*s37, s37, 1], [s99, s99, 1], [s22*s72, s22*s72, s72, 1], [s94, s94, 1], [s28*s4, s28*s4, s4, 1], [1], [1]
[rank0]:dtypes: torch.bfloat16, torch.bfloat16, torch.bfloat16, torch.float32, torch.float32, torch.int32, torch.int32, torch.int32, torch.int32, torch.int32, torch.int32
[rank0]:  triton_flex_attention_24 0.0299 ms 100.0% BLOCKS_ARE_CONTIGUOUS=False, BLOCK_M=64, BLOCK_N=128, FLOAT32_PRECISION="'ieee'", GQA_SHARED_HEADS=1, HAS_FULL_BLOCKS=True, IS_DIVISIBLE=False, OUTPUT_LOGSUMEXP=True, OUTPUT_MAX=False, PRESCALE_QK=False, QK_HEAD_DIM=96, QK_HEAD_DIM_ROUNDED=128, ROWS_GUARANTEED_SAFE=False, SAFE_HEAD_DIM=False, SM_SCALE=0.10206207261596575, SPARSE_KV_BLOCK_SIZE=128, SPARSE_Q_BLOCK_SIZE=128, USE_TMA=False, V_HEAD_DIM=64, V_HEAD_DIM_ROUNDED=64, WRITE_DQ=True, num_stages=3, num_warps=4
[rank0]:  triton_flex_attention_25 0.0310 ms 96.5% BLOCKS_ARE_CONTIGUOUS=False, BLOCK_M=64, BLOCK_N=64, FLOAT32_PRECISION="'ieee'", GQA_SHARED_HEADS=1, HAS_FULL_BLOCKS=True, IS_DIVISIBLE=False, OUTPUT_LOGSUMEXP=True, OUTPUT_MAX=False, PRESCALE_QK=False, QK_HEAD_DIM=96, QK_HEAD_DIM_ROUNDED=128, ROWS_GUARANTEED_SAFE=False, SAFE_HEAD_DIM=False, SM_SCALE=0.10206207261596575, SPARSE_KV_BLOCK_SIZE=128, SPARSE_Q_BLOCK_SIZE=128, USE_TMA=False, V_HEAD_DIM=64, V_HEAD_DIM_ROUNDED=64, WRITE_DQ=True, num_stages=3, num_warps=4
[rank0]:  triton_flex_attention_22 0.0362 ms 82.7% BLOCKS_ARE_CONTIGUOUS=False, BLOCK_M=128, BLOCK_N=128, FLOAT32_PRECISION="'ieee'", GQA_SHARED_HEADS=1, HAS_FULL_BLOCKS=True, IS_DIVISIBLE=False, OUTPUT_LOGSUMEXP=True, OUTPUT_MAX=False, PRESCALE_QK=False, QK_HEAD_DIM=96, QK_HEAD_DIM_ROUNDED=128, ROWS_GUARANTEED_SAFE=False, SAFE_HEAD_DIM=False, SM_SCALE=0.10206207261596575, SPARSE_KV_BLOCK_SIZE=128, SPARSE_Q_BLOCK_SIZE=128, USE_TMA=False, V_HEAD_DIM=64, V_HEAD_DIM_ROUNDED=64, WRITE_DQ=True, num_stages=2, num_warps=8
[rank0]:  triton_flex_attention_23 0.0384 ms 77.9% BLOCKS_ARE_CONTIGUOUS=False, BLOCK_M=128, BLOCK_N=128, FLOAT32_PRECISION="'ieee'", GQA_SHARED_HEADS=1, HAS_FULL_BLOCKS=True, IS_DIVISIBLE=False, OUTPUT_LOGSUMEXP=True, OUTPUT_MAX=False, PRESCALE_QK=False, QK_HEAD_DIM=96, QK_HEAD_DIM_ROUNDED=128, ROWS_GUARANTEED_SAFE=False, SAFE_HEAD_DIM=False, SM_SCALE=0.10206207261596575, SPARSE_KV_BLOCK_SIZE=128, SPARSE_Q_BLOCK_SIZE=128, USE_TMA=False, V_HEAD_DIM=64, V_HEAD_DIM_ROUNDED=64, WRITE_DQ=True, num_stages=1, num_warps=8
[rank0]:  triton_flex_attention_20 0.0438 ms 68.2% BLOCKS_ARE_CONTIGUOUS=False, BLOCK_M=128, BLOCK_N=64, FLOAT32_PRECISION="'ieee'", GQA_SHARED_HEADS=1, HAS_FULL_BLOCKS=True, IS_DIVISIBLE=False, OUTPUT_LOGSUMEXP=True, OUTPUT_MAX=False, PRESCALE_QK=False, QK_HEAD_DIM=96, QK_HEAD_DIM_ROUNDED=128, ROWS_GUARANTEED_SAFE=False, SAFE_HEAD_DIM=False, SM_SCALE=0.10206207261596575, SPARSE_KV_BLOCK_SIZE=128, SPARSE_Q_BLOCK_SIZE=128, USE_TMA=False, V_HEAD_DIM=64, V_HEAD_DIM_ROUNDED=64, WRITE_DQ=True, num_stages=3, num_warps=4
[rank0]:  triton_flex_attention_21 0.0852 ms 35.1% BLOCKS_ARE_CONTIGUOUS=False, BLOCK_M=128, BLOCK_N=128, FLOAT32_PRECISION="'ieee'", GQA_SHARED_HEADS=1, HAS_FULL_BLOCKS=True, IS_DIVISIBLE=False, OUTPUT_LOGSUMEXP=True, OUTPUT_MAX=False, PRESCALE_QK=False, QK_HEAD_DIM=96, QK_HEAD_DIM_ROUNDED=128, ROWS_GUARANTEED_SAFE=False, SAFE_HEAD_DIM=False, SM_SCALE=0.10206207261596575, SPARSE_KV_BLOCK_SIZE=128, SPARSE_Q_BLOCK_SIZE=128, USE_TMA=False, V_HEAD_DIM=64, V_HEAD_DIM_ROUNDED=64, WRITE_DQ=True, num_stages=3, num_warps=4
[rank0]:SingleProcess AUTOTUNE benchmarking takes 0.1291 seconds and 1.8922 seconds precompiling for 6 choices
[rank1]:Autotune Choices Stats:
[rank1]:{"num_choices": 6, "num_triton_choices": 6, "best_kernel": "triton_flex_attention_24", "best_kernel_desc": "BLOCKS_ARE_CONTIGUOUS=False, BLOCK_M=64, BLOCK_N=128, FLOAT32_PRECISION=\"'ieee'\", GQA_SHARED_HEADS=1, HAS_FULL_BLOCKS=True, IS_DIVISIBLE=False, OUTPUT_LOGSUMEXP=True, OUTPUT_MAX=False, PRESCALE_QK=False, QK_HEAD_DIM=96, QK_HEAD_DIM_ROUNDED=128, ROWS_GUARANTEED_SAFE=False, SAFE_HEAD_DIM=False, SM_SCALE=0.10206207261596575, SPARSE_KV_BLOCK_SIZE=128, SPARSE_Q_BLOCK_SIZE=128, USE_TMA=False, V_HEAD_DIM=64, V_HEAD_DIM_ROUNDED=64, WRITE_DQ=True, num_stages=3, num_warps=4", "best_time": 0.02985600009560585, "best_triton_pos": 0}
[rank1]:AUTOTUNE flex_attention(1x4x512x96, 1x4x512x96, 1x4x512x64, 1x4x512, 1x4x512, 1x1x4, 1x1x4x4, 1x1x4, 1x1x4x4, 512, 640)
[rank1]:strides: [384, 96, 384, 1], [384, 96, 384, 1], [4*s73, s73, 4*s73, 1], [4*s37, s37, 1], [4*s37, s37, 1], [s99, s99, 1], [s22*s72, s22*s72, s72, 1], [s94, s94, 1], [s28*s4, s28*s4, s4, 1], [1], [1]
[rank1]:dtypes: torch.bfloat16, torch.bfloat16, torch.bfloat16, torch.float32, torch.float32, torch.int32, torch.int32, torch.int32, torch.int32, torch.int32, torch.int32
[rank1]:  triton_flex_attention_24 0.0299 ms 100.0% BLOCKS_ARE_CONTIGUOUS=False, BLOCK_M=64, BLOCK_N=128, FLOAT32_PRECISION="'ieee'", GQA_SHARED_HEADS=1, HAS_FULL_BLOCKS=True, IS_DIVISIBLE=False, OUTPUT_LOGSUMEXP=True, OUTPUT_MAX=False, PRESCALE_QK=False, QK_HEAD_DIM=96, QK_HEAD_DIM_ROUNDED=128, ROWS_GUARANTEED_SAFE=False, SAFE_HEAD_DIM=False, SM_SCALE=0.10206207261596575, SPARSE_KV_BLOCK_SIZE=128, SPARSE_Q_BLOCK_SIZE=128, USE_TMA=False, V_HEAD_DIM=64, V_HEAD_DIM_ROUNDED=64, WRITE_DQ=True, num_stages=3, num_warps=4
[rank1]:  triton_flex_attention_25 0.0311 ms 95.9% BLOCKS_ARE_CONTIGUOUS=False, BLOCK_M=64, BLOCK_N=64, FLOAT32_PRECISION="'ieee'", GQA_SHARED_HEADS=1, HAS_FULL_BLOCKS=True, IS_DIVISIBLE=False, OUTPUT_LOGSUMEXP=True, OUTPUT_MAX=False, PRESCALE_QK=False, QK_HEAD_DIM=96, QK_HEAD_DIM_ROUNDED=128, ROWS_GUARANTEED_SAFE=False, SAFE_HEAD_DIM=False, SM_SCALE=0.10206207261596575, SPARSE_KV_BLOCK_SIZE=128, SPARSE_Q_BLOCK_SIZE=128, USE_TMA=False, V_HEAD_DIM=64, V_HEAD_DIM_ROUNDED=64, WRITE_DQ=True, num_stages=3, num_warps=4
[rank1]:  triton_flex_attention_22 0.0361 ms 82.6% BLOCKS_ARE_CONTIGUOUS=False, BLOCK_M=128, BLOCK_N=128, FLOAT32_PRECISION="'ieee'", GQA_SHARED_HEADS=1, HAS_FULL_BLOCKS=True, IS_DIVISIBLE=False, OUTPUT_LOGSUMEXP=True, OUTPUT_MAX=False, PRESCALE_QK=False, QK_HEAD_DIM=96, QK_HEAD_DIM_ROUNDED=128, ROWS_GUARANTEED_SAFE=False, SAFE_HEAD_DIM=False, SM_SCALE=0.10206207261596575, SPARSE_KV_BLOCK_SIZE=128, SPARSE_Q_BLOCK_SIZE=128, USE_TMA=False, V_HEAD_DIM=64, V_HEAD_DIM_ROUNDED=64, WRITE_DQ=True, num_stages=2, num_warps=8
[rank1]:  triton_flex_attention_23 0.0386 ms 77.4% BLOCKS_ARE_CONTIGUOUS=False, BLOCK_M=128, BLOCK_N=128, FLOAT32_PRECISION="'ieee'", GQA_SHARED_HEADS=1, HAS_FULL_BLOCKS=True, IS_DIVISIBLE=False, OUTPUT_LOGSUMEXP=True, OUTPUT_MAX=False, PRESCALE_QK=False, QK_HEAD_DIM=96, QK_HEAD_DIM_ROUNDED=128, ROWS_GUARANTEED_SAFE=False, SAFE_HEAD_DIM=False, SM_SCALE=0.10206207261596575, SPARSE_KV_BLOCK_SIZE=128, SPARSE_Q_BLOCK_SIZE=128, USE_TMA=False, V_HEAD_DIM=64, V_HEAD_DIM_ROUNDED=64, WRITE_DQ=True, num_stages=1, num_warps=8
[rank1]:  triton_flex_attention_20 0.0439 ms 68.1% BLOCKS_ARE_CONTIGUOUS=False, BLOCK_M=128, BLOCK_N=64, FLOAT32_PRECISION="'ieee'", GQA_SHARED_HEADS=1, HAS_FULL_BLOCKS=True, IS_DIVISIBLE=False, OUTPUT_LOGSUMEXP=True, OUTPUT_MAX=False, PRESCALE_QK=False, QK_HEAD_DIM=96, QK_HEAD_DIM_ROUNDED=128, ROWS_GUARANTEED_SAFE=False, SAFE_HEAD_DIM=False, SM_SCALE=0.10206207261596575, SPARSE_KV_BLOCK_SIZE=128, SPARSE_Q_BLOCK_SIZE=128, USE_TMA=False, V_HEAD_DIM=64, V_HEAD_DIM_ROUNDED=64, WRITE_DQ=True, num_stages=3, num_warps=4
[rank1]:  triton_flex_attention_21 0.0843 ms 35.4% BLOCKS_ARE_CONTIGUOUS=False, BLOCK_M=128, BLOCK_N=128, FLOAT32_PRECISION="'ieee'", GQA_SHARED_HEADS=1, HAS_FULL_BLOCKS=True, IS_DIVISIBLE=False, OUTPUT_LOGSUMEXP=True, OUTPUT_MAX=False, PRESCALE_QK=False, QK_HEAD_DIM=96, QK_HEAD_DIM_ROUNDED=128, ROWS_GUARANTEED_SAFE=False, SAFE_HEAD_DIM=False, SM_SCALE=0.10206207261596575, SPARSE_KV_BLOCK_SIZE=128, SPARSE_Q_BLOCK_SIZE=128, USE_TMA=False, V_HEAD_DIM=64, V_HEAD_DIM_ROUNDED=64, WRITE_DQ=True, num_stages=3, num_warps=4
[rank1]:SingleProcess AUTOTUNE benchmarking takes 0.1291 seconds and 1.9315 seconds precompiling for 6 choices
[rank2]:Autotune Choices Stats:
[rank2]:{"num_choices": 6, "num_triton_choices": 6, "best_kernel": "triton_flex_attention_24", "best_kernel_desc": "BLOCKS_ARE_CONTIGUOUS=False, BLOCK_M=64, BLOCK_N=128, FLOAT32_PRECISION=\"'ieee'\", GQA_SHARED_HEADS=1, HAS_FULL_BLOCKS=True, IS_DIVISIBLE=False, OUTPUT_LOGSUMEXP=True, OUTPUT_MAX=False, PRESCALE_QK=False, QK_HEAD_DIM=96, QK_HEAD_DIM_ROUNDED=128, ROWS_GUARANTEED_SAFE=False, SAFE_HEAD_DIM=False, SM_SCALE=0.10206207261596575, SPARSE_KV_BLOCK_SIZE=128, SPARSE_Q_BLOCK_SIZE=128, USE_TMA=False, V_HEAD_DIM=64, V_HEAD_DIM_ROUNDED=64, WRITE_DQ=True, num_stages=3, num_warps=4", "best_time": 0.029664000496268272, "best_triton_pos": 0}
[rank2]:AUTOTUNE flex_attention(1x4x512x96, 1x4x512x96, 1x4x512x64, 1x4x512, 1x4x512, 1x1x4, 1x1x4x4, 1x1x4, 1x1x4x4, 512, 640)
[rank2]:strides: [384, 96, 384, 1], [384, 96, 384, 1], [4*s73, s73, 4*s73, 1], [4*s37, s37, 1], [4*s37, s37, 1], [s99, s99, 1], [s22*s72, s22*s72, s72, 1], [s94, s94, 1], [s28*s4, s28*s4, s4, 1], [1], [1]
[rank2]:dtypes: torch.bfloat16, torch.bfloat16, torch.bfloat16, torch.float32, torch.float32, torch.int32, torch.int32, torch.int32, torch.int32, torch.int32, torch.int32
[rank2]:  triton_flex_attention_24 0.0297 ms 100.0% BLOCKS_ARE_CONTIGUOUS=False, BLOCK_M=64, BLOCK_N=128, FLOAT32_PRECISION="'ieee'", GQA_SHARED_HEADS=1, HAS_FULL_BLOCKS=True, IS_DIVISIBLE=False, OUTPUT_LOGSUMEXP=True, OUTPUT_MAX=False, PRESCALE_QK=False, QK_HEAD_DIM=96, QK_HEAD_DIM_ROUNDED=128, ROWS_GUARANTEED_SAFE=False, SAFE_HEAD_DIM=False, SM_SCALE=0.10206207261596575, SPARSE_KV_BLOCK_SIZE=128, SPARSE_Q_BLOCK_SIZE=128, USE_TMA=False, V_HEAD_DIM=64, V_HEAD_DIM_ROUNDED=64, WRITE_DQ=True, num_stages=3, num_warps=4
[rank2]:  triton_flex_attention_25 0.0312 ms 95.2% BLOCKS_ARE_CONTIGUOUS=False, BLOCK_M=64, BLOCK_N=64, FLOAT32_PRECISION="'ieee'", GQA_SHARED_HEADS=1, HAS_FULL_BLOCKS=True, IS_DIVISIBLE=False, OUTPUT_LOGSUMEXP=True, OUTPUT_MAX=False, PRESCALE_QK=False, QK_HEAD_DIM=96, QK_HEAD_DIM_ROUNDED=128, ROWS_GUARANTEED_SAFE=False, SAFE_HEAD_DIM=False, SM_SCALE=0.10206207261596575, SPARSE_KV_BLOCK_SIZE=128, SPARSE_Q_BLOCK_SIZE=128, USE_TMA=False, V_HEAD_DIM=64, V_HEAD_DIM_ROUNDED=64, WRITE_DQ=True, num_stages=3, num_warps=4
[rank2]:  triton_flex_attention_22 0.0362 ms 82.0% BLOCKS_ARE_CONTIGUOUS=False, BLOCK_M=128, BLOCK_N=128, FLOAT32_PRECISION="'ieee'", GQA_SHARED_HEADS=1, HAS_FULL_BLOCKS=True, IS_DIVISIBLE=False, OUTPUT_LOGSUMEXP=True, OUTPUT_MAX=False, PRESCALE_QK=False, QK_HEAD_DIM=96, QK_HEAD_DIM_ROUNDED=128, ROWS_GUARANTEED_SAFE=False, SAFE_HEAD_DIM=False, SM_SCALE=0.10206207261596575, SPARSE_KV_BLOCK_SIZE=128, SPARSE_Q_BLOCK_SIZE=128, USE_TMA=False, V_HEAD_DIM=64, V_HEAD_DIM_ROUNDED=64, WRITE_DQ=True, num_stages=2, num_warps=8
[rank2]:  triton_flex_attention_23 0.0383 ms 77.5% BLOCKS_ARE_CONTIGUOUS=False, BLOCK_M=128, BLOCK_N=128, FLOAT32_PRECISION="'ieee'", GQA_SHARED_HEADS=1, HAS_FULL_BLOCKS=True, IS_DIVISIBLE=False, OUTPUT_LOGSUMEXP=True, OUTPUT_MAX=False, PRESCALE_QK=False, QK_HEAD_DIM=96, QK_HEAD_DIM_ROUNDED=128, ROWS_GUARANTEED_SAFE=False, SAFE_HEAD_DIM=False, SM_SCALE=0.10206207261596575, SPARSE_KV_BLOCK_SIZE=128, SPARSE_Q_BLOCK_SIZE=128, USE_TMA=False, V_HEAD_DIM=64, V_HEAD_DIM_ROUNDED=64, WRITE_DQ=True, num_stages=1, num_warps=8
[rank2]:  triton_flex_attention_20 0.0435 ms 68.3% BLOCKS_ARE_CONTIGUOUS=False, BLOCK_M=128, BLOCK_N=64, FLOAT32_PRECISION="'ieee'", GQA_SHARED_HEADS=1, HAS_FULL_BLOCKS=True, IS_DIVISIBLE=False, OUTPUT_LOGSUMEXP=True, OUTPUT_MAX=False, PRESCALE_QK=False, QK_HEAD_DIM=96, QK_HEAD_DIM_ROUNDED=128, ROWS_GUARANTEED_SAFE=False, SAFE_HEAD_DIM=False, SM_SCALE=0.10206207261596575, SPARSE_KV_BLOCK_SIZE=128, SPARSE_Q_BLOCK_SIZE=128, USE_TMA=False, V_HEAD_DIM=64, V_HEAD_DIM_ROUNDED=64, WRITE_DQ=True, num_stages=3, num_warps=4
[rank2]:  triton_flex_attention_21 0.0843 ms 35.2% BLOCKS_ARE_CONTIGUOUS=False, BLOCK_M=128, BLOCK_N=128, FLOAT32_PRECISION="'ieee'", GQA_SHARED_HEADS=1, HAS_FULL_BLOCKS=True, IS_DIVISIBLE=False, OUTPUT_LOGSUMEXP=True, OUTPUT_MAX=False, PRESCALE_QK=False, QK_HEAD_DIM=96, QK_HEAD_DIM_ROUNDED=128, ROWS_GUARANTEED_SAFE=False, SAFE_HEAD_DIM=False, SM_SCALE=0.10206207261596575, SPARSE_KV_BLOCK_SIZE=128, SPARSE_Q_BLOCK_SIZE=128, USE_TMA=False, V_HEAD_DIM=64, V_HEAD_DIM_ROUNDED=64, WRITE_DQ=True, num_stages=3, num_warps=4
[rank2]:SingleProcess AUTOTUNE benchmarking takes 0.1290 seconds and 1.9039 seconds precompiling for 6 choices
[rank3]:Autotune Choices Stats:
[rank3]:{"num_choices": 6, "num_triton_choices": 6, "best_kernel": "triton_flex_attention_24", "best_kernel_desc": "BLOCKS_ARE_CONTIGUOUS=False, BLOCK_M=64, BLOCK_N=128, FLOAT32_PRECISION=\"'ieee'\", GQA_SHARED_HEADS=1, HAS_FULL_BLOCKS=True, IS_DIVISIBLE=False, OUTPUT_LOGSUMEXP=True, OUTPUT_MAX=False, PRESCALE_QK=False, QK_HEAD_DIM=96, QK_HEAD_DIM_ROUNDED=128, ROWS_GUARANTEED_SAFE=False, SAFE_HEAD_DIM=False, SM_SCALE=0.10206207261596575, SPARSE_KV_BLOCK_SIZE=128, SPARSE_Q_BLOCK_SIZE=128, USE_TMA=False, V_HEAD_DIM=64, V_HEAD_DIM_ROUNDED=64, WRITE_DQ=True, num_stages=3, num_warps=4", "best_time": 0.030079999938607216, "best_triton_pos": 0}
[rank3]:AUTOTUNE flex_attention(1x4x512x96, 1x4x512x96, 1x4x512x64, 1x4x512, 1x4x512, 1x1x4, 1x1x4x4, 1x1x4, 1x1x4x4, 512, 640)
[rank3]:strides: [384, 96, 384, 1], [384, 96, 384, 1], [4*s73, s73, 4*s73, 1], [4*s37, s37, 1], [4*s37, s37, 1], [s99, s99, 1], [s22*s72, s22*s72, s72, 1], [s94, s94, 1], [s28*s4, s28*s4, s4, 1], [1], [1]
[rank3]:dtypes: torch.bfloat16, torch.bfloat16, torch.bfloat16, torch.float32, torch.float32, torch.int32, torch.int32, torch.int32, torch.int32, torch.int32, torch.int32
[rank3]:  triton_flex_attention_24 0.0301 ms 100.0% BLOCKS_ARE_CONTIGUOUS=False, BLOCK_M=64, BLOCK_N=128, FLOAT32_PRECISION="'ieee'", GQA_SHARED_HEADS=1, HAS_FULL_BLOCKS=True, IS_DIVISIBLE=False, OUTPUT_LOGSUMEXP=True, OUTPUT_MAX=False, PRESCALE_QK=False, QK_HEAD_DIM=96, QK_HEAD_DIM_ROUNDED=128, ROWS_GUARANTEED_SAFE=False, SAFE_HEAD_DIM=False, SM_SCALE=0.10206207261596575, SPARSE_KV_BLOCK_SIZE=128, SPARSE_Q_BLOCK_SIZE=128, USE_TMA=False, V_HEAD_DIM=64, V_HEAD_DIM_ROUNDED=64, WRITE_DQ=True, num_stages=3, num_warps=4
[rank3]:  triton_flex_attention_25 0.0314 ms 95.8% BLOCKS_ARE_CONTIGUOUS=False, BLOCK_M=64, BLOCK_N=64, FLOAT32_PRECISION="'ieee'", GQA_SHARED_HEADS=1, HAS_FULL_BLOCKS=True, IS_DIVISIBLE=False, OUTPUT_LOGSUMEXP=True, OUTPUT_MAX=False, PRESCALE_QK=False, QK_HEAD_DIM=96, QK_HEAD_DIM_ROUNDED=128, ROWS_GUARANTEED_SAFE=False, SAFE_HEAD_DIM=False, SM_SCALE=0.10206207261596575, SPARSE_KV_BLOCK_SIZE=128, SPARSE_Q_BLOCK_SIZE=128, USE_TMA=False, V_HEAD_DIM=64, V_HEAD_DIM_ROUNDED=64, WRITE_DQ=True, num_stages=3, num_warps=4
[rank3]:  triton_flex_attention_22 0.0361 ms 83.3% BLOCKS_ARE_CONTIGUOUS=False, BLOCK_M=128, BLOCK_N=128, FLOAT32_PRECISION="'ieee'", GQA_SHARED_HEADS=1, HAS_FULL_BLOCKS=True, IS_DIVISIBLE=False, OUTPUT_LOGSUMEXP=True, OUTPUT_MAX=False, PRESCALE_QK=False, QK_HEAD_DIM=96, QK_HEAD_DIM_ROUNDED=128, ROWS_GUARANTEED_SAFE=False, SAFE_HEAD_DIM=False, SM_SCALE=0.10206207261596575, SPARSE_KV_BLOCK_SIZE=128, SPARSE_Q_BLOCK_SIZE=128, USE_TMA=False, V_HEAD_DIM=64, V_HEAD_DIM_ROUNDED=64, WRITE_DQ=True, num_stages=2, num_warps=8
[rank3]:  triton_flex_attention_23 0.0382 ms 78.7% BLOCKS_ARE_CONTIGUOUS=False, BLOCK_M=128, BLOCK_N=128, FLOAT32_PRECISION="'ieee'", GQA_SHARED_HEADS=1, HAS_FULL_BLOCKS=True, IS_DIVISIBLE=False, OUTPUT_LOGSUMEXP=True, OUTPUT_MAX=False, PRESCALE_QK=False, QK_HEAD_DIM=96, QK_HEAD_DIM_ROUNDED=128, ROWS_GUARANTEED_SAFE=False, SAFE_HEAD_DIM=False, SM_SCALE=0.10206207261596575, SPARSE_KV_BLOCK_SIZE=128, SPARSE_Q_BLOCK_SIZE=128, USE_TMA=False, V_HEAD_DIM=64, V_HEAD_DIM_ROUNDED=64, WRITE_DQ=True, num_stages=1, num_warps=8
[rank3]:  triton_flex_attention_20 0.0436 ms 69.0% BLOCKS_ARE_CONTIGUOUS=False, BLOCK_M=128, BLOCK_N=64, FLOAT32_PRECISION="'ieee'", GQA_SHARED_HEADS=1, HAS_FULL_BLOCKS=True, IS_DIVISIBLE=False, OUTPUT_LOGSUMEXP=True, OUTPUT_MAX=False, PRESCALE_QK=False, QK_HEAD_DIM=96, QK_HEAD_DIM_ROUNDED=128, ROWS_GUARANTEED_SAFE=False, SAFE_HEAD_DIM=False, SM_SCALE=0.10206207261596575, SPARSE_KV_BLOCK_SIZE=128, SPARSE_Q_BLOCK_SIZE=128, USE_TMA=False, V_HEAD_DIM=64, V_HEAD_DIM_ROUNDED=64, WRITE_DQ=True, num_stages=3, num_warps=4
[rank3]:  triton_flex_attention_21 0.0844 ms 35.6% BLOCKS_ARE_CONTIGUOUS=False, BLOCK_M=128, BLOCK_N=128, FLOAT32_PRECISION="'ieee'", GQA_SHARED_HEADS=1, HAS_FULL_BLOCKS=True, IS_DIVISIBLE=False, OUTPUT_LOGSUMEXP=True, OUTPUT_MAX=False, PRESCALE_QK=False, QK_HEAD_DIM=96, QK_HEAD_DIM_ROUNDED=128, ROWS_GUARANTEED_SAFE=False, SAFE_HEAD_DIM=False, SM_SCALE=0.10206207261596575, SPARSE_KV_BLOCK_SIZE=128, SPARSE_Q_BLOCK_SIZE=128, USE_TMA=False, V_HEAD_DIM=64, V_HEAD_DIM_ROUNDED=64, WRITE_DQ=True, num_stages=3, num_warps=4
[rank3]:SingleProcess AUTOTUNE benchmarking takes 0.1280 seconds and 1.9374 seconds precompiling for 6 choices
[rank2]:Autotune Choices Stats:
[rank2]:{"num_choices": 13, "num_triton_choices": 13, "best_kernel": "triton_flex_attention_backward_35", "best_kernel_desc": "BLOCKS_ARE_CONTIGUOUS=False, BLOCK_M1=64, BLOCK_M2=64, BLOCK_N1=64, BLOCK_N2=64, FLOAT32_PRECISION=\"'ieee'\", GQA_SHARED_HEADS=1, HAS_FULL_BLOCKS=True, IS_DIVISIBLE=False, OUTPUT_LOGSUMEXP=True, OUTPUT_MAX=False, PRESCALE_QK=False, QK_HEAD_DIM=96, QK_HEAD_DIM_ROUNDED=128, ROWS_GUARANTEED_SAFE=False, SAFE_HEAD_DIM=False, SM_SCALE=0.10206207261596575, SPARSE_KV_BLOCK_SIZE=128, SPARSE_Q_BLOCK_SIZE=128, USE_TMA=False, V_HEAD_DIM=64, V_HEAD_DIM_ROUNDED=64, WRITE_DQ=True, num_stages=3, num_warps=4", "best_time": 0.038816001266241074, "best_triton_pos": 0}
[rank2]:AUTOTUNE flex_attention_backward(1x4x512x96, 1x4x512x96, 1x4x512x64, 1x4x512, 1x4x512, 1x4x512x64, 1x4x512x96, 1x4x512x64, 1x1x4, 1x1x4x4, 1x1x4, 1x1x4x4, 1x1x4, 1x1x4x4, 1x1x4, 1x1x4x4, 512, 640)
[rank2]:strides: [384, 96, 384, 1], [384, 96, 384, 1], [4*s73, s73, 4*s73, 1], [4*Max(1, s37), Max(1, s37), 1], [4*s37, s37, 1], [256*Max(1, s37), 64*Max(1, s37), 64, 1], [384*s37, 96, 384, 1], [256*s0, 64, 256, 1], [s99, s99, 1], [s22*s72, s22*s72, s72, 1], [s56, s56, 1], [s53*s84, s53*s84, s53, 1], [s94, s94, 1], [s28*s4, s28*s4, s4, 1], [s100, s100, 1], [s11*s5, s11*s5, s11, 1], [1], [1]
[rank2]:dtypes: torch.bfloat16, torch.bfloat16, torch.bfloat16, torch.float32, torch.float32, torch.bfloat16, torch.bfloat16, torch.bfloat16, torch.int32, torch.int32, torch.int32, torch.int32, torch.int32, torch.int32, torch.int32, torch.int32, torch.int32, torch.int32
[rank2]:  triton_flex_attention_backward_35 0.0388 ms 100.0% BLOCKS_ARE_CONTIGUOUS=False, BLOCK_M1=64, BLOCK_M2=64, BLOCK_N1=64, BLOCK_N2=64, FLOAT32_PRECISION="'ieee'", GQA_SHARED_HEADS=1, HAS_FULL_BLOCKS=True, IS_DIVISIBLE=False, OUTPUT_LOGSUMEXP=True, OUTPUT_MAX=False, PRESCALE_QK=False, QK_HEAD_DIM=96, QK_HEAD_DIM_ROUNDED=128, ROWS_GUARANTEED_SAFE=False, SAFE_HEAD_DIM=False, SM_SCALE=0.10206207261596575, SPARSE_KV_BLOCK_SIZE=128, SPARSE_Q_BLOCK_SIZE=128, USE_TMA=False, V_HEAD_DIM=64, V_HEAD_DIM_ROUNDED=64, WRITE_DQ=True, num_stages=3, num_warps=4
[rank2]:  triton_flex_attention_backward_36 0.0391 ms 99.3% BLOCKS_ARE_CONTIGUOUS=False, BLOCK_M1=64, BLOCK_M2=64, BLOCK_N1=64, BLOCK_N2=64, FLOAT32_PRECISION="'ieee'", GQA_SHARED_HEADS=1, HAS_FULL_BLOCKS=True, IS_DIVISIBLE=False, OUTPUT_LOGSUMEXP=True, OUTPUT_MAX=False, PRESCALE_QK=False, QK_HEAD_DIM=96, QK_HEAD_DIM_ROUNDED=128, ROWS_GUARANTEED_SAFE=False, SAFE_HEAD_DIM=False, SM_SCALE=0.10206207261596575, SPARSE_KV_BLOCK_SIZE=128, SPARSE_Q_BLOCK_SIZE=128, USE_TMA=False, V_HEAD_DIM=64, V_HEAD_DIM_ROUNDED=64, WRITE_DQ=True, num_stages=4, num_warps=4
[rank2]:  triton_flex_attention_backward_37 0.0401 ms 96.9% BLOCKS_ARE_CONTIGUOUS=False, BLOCK_M1=64, BLOCK_M2=64, BLOCK_N1=64, BLOCK_N2=64, FLOAT32_PRECISION="'ieee'", GQA_SHARED_HEADS=1, HAS_FULL_BLOCKS=True, IS_DIVISIBLE=False, OUTPUT_LOGSUMEXP=True, OUTPUT_MAX=False, PRESCALE_QK=False, QK_HEAD_DIM=96, QK_HEAD_DIM_ROUNDED=128, ROWS_GUARANTEED_SAFE=False, SAFE_HEAD_DIM=False, SM_SCALE=0.10206207261596575, SPARSE_KV_BLOCK_SIZE=128, SPARSE_Q_BLOCK_SIZE=128, USE_TMA=False, V_HEAD_DIM=64, V_HEAD_DIM_ROUNDED=64, WRITE_DQ=True, num_stages=5, num_warps=4
[rank2]:  triton_flex_attention_backward_33 0.0413 ms 93.9% BLOCKS_ARE_CONTIGUOUS=False, BLOCK_M1=32, BLOCK_M2=64, BLOCK_N1=64, BLOCK_N2=32, FLOAT32_PRECISION="'ieee'", GQA_SHARED_HEADS=1, HAS_FULL_BLOCKS=True, IS_DIVISIBLE=False, OUTPUT_LOGSUMEXP=True, OUTPUT_MAX=False, PRESCALE_QK=False, QK_HEAD_DIM=96, QK_HEAD_DIM_ROUNDED=128, ROWS_GUARANTEED_SAFE=False, SAFE_HEAD_DIM=False, SM_SCALE=0.10206207261596575, SPARSE_KV_BLOCK_SIZE=128, SPARSE_Q_BLOCK_SIZE=128, USE_TMA=False, V_HEAD_DIM=64, V_HEAD_DIM_ROUNDED=64, WRITE_DQ=True, num_stages=5, num_warps=4
[rank2]:  triton_flex_attention_backward_32 0.0428 ms 90.6% BLOCKS_ARE_CONTIGUOUS=False, BLOCK_M1=32, BLOCK_M2=64, BLOCK_N1=64, BLOCK_N2=32, FLOAT32_PRECISION="'ieee'", GQA_SHARED_HEADS=1, HAS_FULL_BLOCKS=True, IS_DIVISIBLE=False, OUTPUT_LOGSUMEXP=True, OUTPUT_MAX=False, PRESCALE_QK=False, QK_HEAD_DIM=96, QK_HEAD_DIM_ROUNDED=128, ROWS_GUARANTEED_SAFE=False, SAFE_HEAD_DIM=False, SM_SCALE=0.10206207261596575, SPARSE_KV_BLOCK_SIZE=128, SPARSE_Q_BLOCK_SIZE=128, USE_TMA=False, V_HEAD_DIM=64, V_HEAD_DIM_ROUNDED=64, WRITE_DQ=True, num_stages=4, num_warps=4
[rank2]:  triton_flex_attention_backward_31 0.0436 ms 88.9% BLOCKS_ARE_CONTIGUOUS=False, BLOCK_M1=32, BLOCK_M2=64, BLOCK_N1=64, BLOCK_N2=32, FLOAT32_PRECISION="'ieee'", GQA_SHARED_HEADS=1, HAS_FULL_BLOCKS=True, IS_DIVISIBLE=False, OUTPUT_LOGSUMEXP=True, OUTPUT_MAX=False, PRESCALE_QK=False, QK_HEAD_DIM=96, QK_HEAD_DIM_ROUNDED=128, ROWS_GUARANTEED_SAFE=False, SAFE_HEAD_DIM=False, SM_SCALE=0.10206207261596575, SPARSE_KV_BLOCK_SIZE=128, SPARSE_Q_BLOCK_SIZE=128, USE_TMA=False, V_HEAD_DIM=64, V_HEAD_DIM_ROUNDED=64, WRITE_DQ=True, num_stages=3, num_warps=4
[rank2]:  triton_flex_attention_backward_38 0.0444 ms 87.3% BLOCKS_ARE_CONTIGUOUS=False, BLOCK_M1=64, BLOCK_M2=128, BLOCK_N1=128, BLOCK_N2=64, FLOAT32_PRECISION="'ieee'", GQA_SHARED_HEADS=1, HAS_FULL_BLOCKS=True, IS_DIVISIBLE=False, OUTPUT_LOGSUMEXP=True, OUTPUT_MAX=False, PRESCALE_QK=False, QK_HEAD_DIM=96, QK_HEAD_DIM_ROUNDED=128, ROWS_GUARANTEED_SAFE=False, SAFE_HEAD_DIM=False, SM_SCALE=0.10206207261596575, SPARSE_KV_BLOCK_SIZE=128, SPARSE_Q_BLOCK_SIZE=128, USE_TMA=False, V_HEAD_DIM=64, V_HEAD_DIM_ROUNDED=64, WRITE_DQ=True, num_stages=3, num_warps=8
[rank2]:  triton_flex_attention_backward_26 0.0467 ms 83.2% BLOCKS_ARE_CONTIGUOUS=False, BLOCK_M1=32, BLOCK_M2=32, BLOCK_N1=32, BLOCK_N2=32, FLOAT32_PRECISION="'ieee'", GQA_SHARED_HEADS=1, HAS_FULL_BLOCKS=True, IS_DIVISIBLE=False, OUTPUT_LOGSUMEXP=True, OUTPUT_MAX=False, PRESCALE_QK=False, QK_HEAD_DIM=96, QK_HEAD_DIM_ROUNDED=128, ROWS_GUARANTEED_SAFE=False, SAFE_HEAD_DIM=False, SM_SCALE=0.10206207261596575, SPARSE_KV_BLOCK_SIZE=128, SPARSE_Q_BLOCK_SIZE=128, USE_TMA=False, V_HEAD_DIM=64, V_HEAD_DIM_ROUNDED=64, WRITE_DQ=True, num_stages=1, num_warps=4
[rank2]:  triton_flex_attention_backward_29 0.0481 ms 80.7% BLOCKS_ARE_CONTIGUOUS=False, BLOCK_M1=32, BLOCK_M2=32, BLOCK_N1=32, BLOCK_N2=32, FLOAT32_PRECISION="'ieee'", GQA_SHARED_HEADS=1, HAS_FULL_BLOCKS=True, IS_DIVISIBLE=False, OUTPUT_LOGSUMEXP=True, OUTPUT_MAX=False, PRESCALE_QK=False, QK_HEAD_DIM=96, QK_HEAD_DIM_ROUNDED=128, ROWS_GUARANTEED_SAFE=False, SAFE_HEAD_DIM=False, SM_SCALE=0.10206207261596575, SPARSE_KV_BLOCK_SIZE=128, SPARSE_Q_BLOCK_SIZE=128, USE_TMA=False, V_HEAD_DIM=64, V_HEAD_DIM_ROUNDED=64, WRITE_DQ=True, num_stages=5, num_warps=4
[rank2]:  triton_flex_attention_backward_27 0.0504 ms 77.1% BLOCKS_ARE_CONTIGUOUS=False, BLOCK_M1=32, BLOCK_M2=32, BLOCK_N1=32, BLOCK_N2=32, FLOAT32_PRECISION="'ieee'", GQA_SHARED_HEADS=1, HAS_FULL_BLOCKS=True, IS_DIVISIBLE=False, OUTPUT_LOGSUMEXP=True, OUTPUT_MAX=False, PRESCALE_QK=False, QK_HEAD_DIM=96, QK_HEAD_DIM_ROUNDED=128, ROWS_GUARANTEED_SAFE=False, SAFE_HEAD_DIM=False, SM_SCALE=0.10206207261596575, SPARSE_KV_BLOCK_SIZE=128, SPARSE_Q_BLOCK_SIZE=128, USE_TMA=False, V_HEAD_DIM=64, V_HEAD_DIM_ROUNDED=64, WRITE_DQ=True, num_stages=3, num_warps=4
[rank2]:SingleProcess AUTOTUNE benchmarking takes 0.2999 seconds and 2.8824 seconds precompiling for 13 choices
[rank3]:Autotune Choices Stats:
[rank3]:{"num_choices": 13, "num_triton_choices": 13, "best_kernel": "triton_flex_attention_backward_36", "best_kernel_desc": "BLOCKS_ARE_CONTIGUOUS=False, BLOCK_M1=64, BLOCK_M2=64, BLOCK_N1=64, BLOCK_N2=64, FLOAT32_PRECISION=\"'ieee'\", GQA_SHARED_HEADS=1, HAS_FULL_BLOCKS=True, IS_DIVISIBLE=False, OUTPUT_LOGSUMEXP=True, OUTPUT_MAX=False, PRESCALE_QK=False, QK_HEAD_DIM=96, QK_HEAD_DIM_ROUNDED=128, ROWS_GUARANTEED_SAFE=False, SAFE_HEAD_DIM=False, SM_SCALE=0.10206207261596575, SPARSE_KV_BLOCK_SIZE=128, SPARSE_Q_BLOCK_SIZE=128, USE_TMA=False, V_HEAD_DIM=64, V_HEAD_DIM_ROUNDED=64, WRITE_DQ=True, num_stages=4, num_warps=4", "best_time": 0.03916800022125244, "best_triton_pos": 0}
[rank3]:AUTOTUNE flex_attention_backward(1x4x512x96, 1x4x512x96, 1x4x512x64, 1x4x512, 1x4x512, 1x4x512x64, 1x4x512x96, 1x4x512x64, 1x1x4, 1x1x4x4, 1x1x4, 1x1x4x4, 1x1x4, 1x1x4x4, 1x1x4, 1x1x4x4, 512, 640)
[rank3]:strides: [384, 96, 384, 1], [384, 96, 384, 1], [4*s73, s73, 4*s73, 1], [4*Max(1, s37), Max(1, s37), 1], [4*s37, s37, 1], [256*Max(1, s37), 64*Max(1, s37), 64, 1], [384*s37, 96, 384, 1], [256*s0, 64, 256, 1], [s99, s99, 1], [s22*s72, s22*s72, s72, 1], [s56, s56, 1], [s53*s84, s53*s84, s53, 1], [s94, s94, 1], [s28*s4, s28*s4, s4, 1], [s100, s100, 1], [s11*s5, s11*s5, s11, 1], [1], [1]
[rank3]:dtypes: torch.bfloat16, torch.bfloat16, torch.bfloat16, torch.float32, torch.float32, torch.bfloat16, torch.bfloat16, torch.bfloat16, torch.int32, torch.int32, torch.int32, torch.int32, torch.int32, torch.int32, torch.int32, torch.int32, torch.int32, torch.int32
[rank3]:  triton_flex_attention_backward_36 0.0392 ms 100.0% BLOCKS_ARE_CONTIGUOUS=False, BLOCK_M1=64, BLOCK_M2=64, BLOCK_N1=64, BLOCK_N2=64, FLOAT32_PRECISION="'ieee'", GQA_SHARED_HEADS=1, HAS_FULL_BLOCKS=True, IS_DIVISIBLE=False, OUTPUT_LOGSUMEXP=True, OUTPUT_MAX=False, PRESCALE_QK=False, QK_HEAD_DIM=96, QK_HEAD_DIM_ROUNDED=128, ROWS_GUARANTEED_SAFE=False, SAFE_HEAD_DIM=False, SM_SCALE=0.10206207261596575, SPARSE_KV_BLOCK_SIZE=128, SPARSE_Q_BLOCK_SIZE=128, USE_TMA=False, V_HEAD_DIM=64, V_HEAD_DIM_ROUNDED=64, WRITE_DQ=True, num_stages=4, num_warps=4
[rank3]:  triton_flex_attention_backward_35 0.0394 ms 99.5% BLOCKS_ARE_CONTIGUOUS=False, BLOCK_M1=64, BLOCK_M2=64, BLOCK_N1=64, BLOCK_N2=64, FLOAT32_PRECISION="'ieee'", GQA_SHARED_HEADS=1, HAS_FULL_BLOCKS=True, IS_DIVISIBLE=False, OUTPUT_LOGSUMEXP=True, OUTPUT_MAX=False, PRESCALE_QK=False, QK_HEAD_DIM=96, QK_HEAD_DIM_ROUNDED=128, ROWS_GUARANTEED_SAFE=False, SAFE_HEAD_DIM=False, SM_SCALE=0.10206207261596575, SPARSE_KV_BLOCK_SIZE=128, SPARSE_Q_BLOCK_SIZE=128, USE_TMA=False, V_HEAD_DIM=64, V_HEAD_DIM_ROUNDED=64, WRITE_DQ=True, num_stages=3, num_warps=4
[rank0]:Autotune Choices Stats:
[rank3]:  triton_flex_attention_backward_37 0.0402 ms 97.5% BLOCKS_ARE_CONTIGUOUS=False, BLOCK_M1=64, BLOCK_M2=64, BLOCK_N1=64, BLOCK_N2=64, FLOAT32_PRECISION="'ieee'", GQA_SHARED_HEADS=1, HAS_FULL_BLOCKS=True, IS_DIVISIBLE=False, OUTPUT_LOGSUMEXP=True, OUTPUT_MAX=False, PRESCALE_QK=False, QK_HEAD_DIM=96, QK_HEAD_DIM_ROUNDED=128, ROWS_GUARANTEED_SAFE=False, SAFE_HEAD_DIM=False, SM_SCALE=0.10206207261596575, SPARSE_KV_BLOCK_SIZE=128, SPARSE_Q_BLOCK_SIZE=128, USE_TMA=False, V_HEAD_DIM=64, V_HEAD_DIM_ROUNDED=64, WRITE_DQ=True, num_stages=5, num_warps=4
[rank3]:  triton_flex_attention_backward_33 0.0412 ms 95.0% BLOCKS_ARE_CONTIGUOUS=False, BLOCK_M1=32, BLOCK_M2=64, BLOCK_N1=64, BLOCK_N2=32, FLOAT32_PRECISION="'ieee'", GQA_SHARED_HEADS=1, HAS_FULL_BLOCKS=True, IS_DIVISIBLE=False, OUTPUT_LOGSUMEXP=True, OUTPUT_MAX=False, PRESCALE_QK=False, QK_HEAD_DIM=96, QK_HEAD_DIM_ROUNDED=128, ROWS_GUARANTEED_SAFE=False, SAFE_HEAD_DIM=False, SM_SCALE=0.10206207261596575, SPARSE_KV_BLOCK_SIZE=128, SPARSE_Q_BLOCK_SIZE=128, USE_TMA=False, V_HEAD_DIM=64, V_HEAD_DIM_ROUNDED=64, WRITE_DQ=True, num_stages=5, num_warps=4
[rank3]:  triton_flex_attention_backward_32 0.0427 ms 91.8% BLOCKS_ARE_CONTIGUOUS=False, BLOCK_M1=32, BLOCK_M2=64, BLOCK_N1=64, BLOCK_N2=32, FLOAT32_PRECISION="'ieee'", GQA_SHARED_HEADS=1, HAS_FULL_BLOCKS=True, IS_DIVISIBLE=False, OUTPUT_LOGSUMEXP=True, OUTPUT_MAX=False, PRESCALE_QK=False, QK_HEAD_DIM=96, QK_HEAD_DIM_ROUNDED=128, ROWS_GUARANTEED_SAFE=False, SAFE_HEAD_DIM=False, SM_SCALE=0.10206207261596575, SPARSE_KV_BLOCK_SIZE=128, SPARSE_Q_BLOCK_SIZE=128, USE_TMA=False, V_HEAD_DIM=64, V_HEAD_DIM_ROUNDED=64, WRITE_DQ=True, num_stages=4, num_warps=4
[rank3]:  triton_flex_attention_backward_31 0.0436 ms 89.7% BLOCKS_ARE_CONTIGUOUS=False, BLOCK_M1=32, BLOCK_M2=64, BLOCK_N1=64, BLOCK_N2=32, FLOAT32_PRECISION="'ieee'", GQA_SHARED_HEADS=1, HAS_FULL_BLOCKS=True, IS_DIVISIBLE=False, OUTPUT_LOGSUMEXP=True, OUTPUT_MAX=False, PRESCALE_QK=False, QK_HEAD_DIM=96, QK_HEAD_DIM_ROUNDED=128, ROWS_GUARANTEED_SAFE=False, SAFE_HEAD_DIM=False, SM_SCALE=0.10206207261596575, SPARSE_KV_BLOCK_SIZE=128, SPARSE_Q_BLOCK_SIZE=128, USE_TMA=False, V_HEAD_DIM=64, V_HEAD_DIM_ROUNDED=64, WRITE_DQ=True, num_stages=3, num_warps=4
[rank0]:{"num_choices": 13, "num_triton_choices": 13, "best_kernel": "triton_flex_attention_backward_36", "best_kernel_desc": "BLOCKS_ARE_CONTIGUOUS=False, BLOCK_M1=64, BLOCK_M2=64, BLOCK_N1=64, BLOCK_N2=64, FLOAT32_PRECISION=\"'ieee'\", GQA_SHARED_HEADS=1, HAS_FULL_BLOCKS=True, IS_DIVISIBLE=False, OUTPUT_LOGSUMEXP=True, OUTPUT_MAX=False, PRESCALE_QK=False, QK_HEAD_DIM=96, QK_HEAD_DIM_ROUNDED=128, ROWS_GUARANTEED_SAFE=False, SAFE_HEAD_DIM=False, SM_SCALE=0.10206207261596575, SPARSE_KV_BLOCK_SIZE=128, SPARSE_Q_BLOCK_SIZE=128, USE_TMA=False, V_HEAD_DIM=64, V_HEAD_DIM_ROUNDED=64, WRITE_DQ=True, num_stages=4, num_warps=4", "best_time": 0.038784001022577286, "best_triton_pos": 0}
[rank0]:AUTOTUNE flex_attention_backward(1x4x512x96, 1x4x512x96, 1x4x512x64, 1x4x512, 1x4x512, 1x4x512x64, 1x4x512x96, 1x4x512x64, 1x1x4, 1x1x4x4, 1x1x4, 1x1x4x4, 1x1x4, 1x1x4x4, 1x1x4, 1x1x4x4, 512, 640)
[rank0]:strides: [384, 96, 384, 1], [384, 96, 384, 1], [4*s73, s73, 4*s73, 1], [4*Max(1, s37), Max(1, s37), 1], [4*s37, s37, 1], [256*Max(1, s37), 64*Max(1, s37), 64, 1], [384*s37, 96, 384, 1], [256*s0, 64, 256, 1], [s99, s99, 1], [s22*s72, s22*s72, s72, 1], [s56, s56, 1], [s53*s84, s53*s84, s53, 1], [s94, s94, 1], [s28*s4, s28*s4, s4, 1], [s100, s100, 1], [s11*s5, s11*s5, s11, 1], [1], [1]
[rank3]:  triton_flex_attention_backward_38 0.0448 ms 87.4% BLOCKS_ARE_CONTIGUOUS=False, BLOCK_M1=64, BLOCK_M2=128, BLOCK_N1=128, BLOCK_N2=64, FLOAT32_PRECISION="'ieee'", GQA_SHARED_HEADS=1, HAS_FULL_BLOCKS=True, IS_DIVISIBLE=False, OUTPUT_LOGSUMEXP=True, OUTPUT_MAX=False, PRESCALE_QK=False, QK_HEAD_DIM=96, QK_HEAD_DIM_ROUNDED=128, ROWS_GUARANTEED_SAFE=False, SAFE_HEAD_DIM=False, SM_SCALE=0.10206207261596575, SPARSE_KV_BLOCK_SIZE=128, SPARSE_Q_BLOCK_SIZE=128, USE_TMA=False, V_HEAD_DIM=64, V_HEAD_DIM_ROUNDED=64, WRITE_DQ=True, num_stages=3, num_warps=8
[rank0]:dtypes: torch.bfloat16, torch.bfloat16, torch.bfloat16, torch.float32, torch.float32, torch.bfloat16, torch.bfloat16, torch.bfloat16, torch.int32, torch.int32, torch.int32, torch.int32, torch.int32, torch.int32, torch.int32, torch.int32, torch.int32, torch.int32
[rank3]:  triton_flex_attention_backward_26 0.0460 ms 85.1% BLOCKS_ARE_CONTIGUOUS=False, BLOCK_M1=32, BLOCK_M2=32, BLOCK_N1=32, BLOCK_N2=32, FLOAT32_PRECISION="'ieee'", GQA_SHARED_HEADS=1, HAS_FULL_BLOCKS=True, IS_DIVISIBLE=False, OUTPUT_LOGSUMEXP=True, OUTPUT_MAX=False, PRESCALE_QK=False, QK_HEAD_DIM=96, QK_HEAD_DIM_ROUNDED=128, ROWS_GUARANTEED_SAFE=False, SAFE_HEAD_DIM=False, SM_SCALE=0.10206207261596575, SPARSE_KV_BLOCK_SIZE=128, SPARSE_Q_BLOCK_SIZE=128, USE_TMA=False, V_HEAD_DIM=64, V_HEAD_DIM_ROUNDED=64, WRITE_DQ=True, num_stages=1, num_warps=4
[rank0]:  triton_flex_attention_backward_36 0.0388 ms 100.0% BLOCKS_ARE_CONTIGUOUS=False, BLOCK_M1=64, BLOCK_M2=64, BLOCK_N1=64, BLOCK_N2=64, FLOAT32_PRECISION="'ieee'", GQA_SHARED_HEADS=1, HAS_FULL_BLOCKS=True, IS_DIVISIBLE=False, OUTPUT_LOGSUMEXP=True, OUTPUT_MAX=False, PRESCALE_QK=False, QK_HEAD_DIM=96, QK_HEAD_DIM_ROUNDED=128, ROWS_GUARANTEED_SAFE=False, SAFE_HEAD_DIM=False, SM_SCALE=0.10206207261596575, SPARSE_KV_BLOCK_SIZE=128, SPARSE_Q_BLOCK_SIZE=128, USE_TMA=False, V_HEAD_DIM=64, V_HEAD_DIM_ROUNDED=64, WRITE_DQ=True, num_stages=4, num_warps=4
[rank3]:  triton_flex_attention_backward_29 0.0476 ms 82.2% BLOCKS_ARE_CONTIGUOUS=False, BLOCK_M1=32, BLOCK_M2=32, BLOCK_N1=32, BLOCK_N2=32, FLOAT32_PRECISION="'ieee'", GQA_SHARED_HEADS=1, HAS_FULL_BLOCKS=True, IS_DIVISIBLE=False, OUTPUT_LOGSUMEXP=True, OUTPUT_MAX=False, PRESCALE_QK=False, QK_HEAD_DIM=96, QK_HEAD_DIM_ROUNDED=128, ROWS_GUARANTEED_SAFE=False, SAFE_HEAD_DIM=False, SM_SCALE=0.10206207261596575, SPARSE_KV_BLOCK_SIZE=128, SPARSE_Q_BLOCK_SIZE=128, USE_TMA=False, V_HEAD_DIM=64, V_HEAD_DIM_ROUNDED=64, WRITE_DQ=True, num_stages=5, num_warps=4
[rank0]:  triton_flex_attention_backward_35 0.0392 ms 99.0% BLOCKS_ARE_CONTIGUOUS=False, BLOCK_M1=64, BLOCK_M2=64, BLOCK_N1=64, BLOCK_N2=64, FLOAT32_PRECISION="'ieee'", GQA_SHARED_HEADS=1, HAS_FULL_BLOCKS=True, IS_DIVISIBLE=False, OUTPUT_LOGSUMEXP=True, OUTPUT_MAX=False, PRESCALE_QK=False, QK_HEAD_DIM=96, QK_HEAD_DIM_ROUNDED=128, ROWS_GUARANTEED_SAFE=False, SAFE_HEAD_DIM=False, SM_SCALE=0.10206207261596575, SPARSE_KV_BLOCK_SIZE=128, SPARSE_Q_BLOCK_SIZE=128, USE_TMA=False, V_HEAD_DIM=64, V_HEAD_DIM_ROUNDED=64, WRITE_DQ=True, num_stages=3, num_warps=4
[rank3]:  triton_flex_attention_backward_28 0.0492 ms 79.5% BLOCKS_ARE_CONTIGUOUS=False, BLOCK_M1=32, BLOCK_M2=32, BLOCK_N1=32, BLOCK_N2=32, FLOAT32_PRECISION="'ieee'", GQA_SHARED_HEADS=1, HAS_FULL_BLOCKS=True, IS_DIVISIBLE=False, OUTPUT_LOGSUMEXP=True, OUTPUT_MAX=False, PRESCALE_QK=False, QK_HEAD_DIM=96, QK_HEAD_DIM_ROUNDED=128, ROWS_GUARANTEED_SAFE=False, SAFE_HEAD_DIM=False, SM_SCALE=0.10206207261596575, SPARSE_KV_BLOCK_SIZE=128, SPARSE_Q_BLOCK_SIZE=128, USE_TMA=False, V_HEAD_DIM=64, V_HEAD_DIM_ROUNDED=64, WRITE_DQ=True, num_stages=4, num_warps=4
[rank0]:  triton_flex_attention_backward_37 0.0403 ms 96.3% BLOCKS_ARE_CONTIGUOUS=False, BLOCK_M1=64, BLOCK_M2=64, BLOCK_N1=64, BLOCK_N2=64, FLOAT32_PRECISION="'ieee'", GQA_SHARED_HEADS=1, HAS_FULL_BLOCKS=True, IS_DIVISIBLE=False, OUTPUT_LOGSUMEXP=True, OUTPUT_MAX=False, PRESCALE_QK=False, QK_HEAD_DIM=96, QK_HEAD_DIM_ROUNDED=128, ROWS_GUARANTEED_SAFE=False, SAFE_HEAD_DIM=False, SM_SCALE=0.10206207261596575, SPARSE_KV_BLOCK_SIZE=128, SPARSE_Q_BLOCK_SIZE=128, USE_TMA=False, V_HEAD_DIM=64, V_HEAD_DIM_ROUNDED=64, WRITE_DQ=True, num_stages=5, num_warps=4
[rank3]:SingleProcess AUTOTUNE benchmarking takes 0.2978 seconds and 2.8885 seconds precompiling for 13 choices
[rank0]:  triton_flex_attention_backward_33 0.0412 ms 94.0% BLOCKS_ARE_CONTIGUOUS=False, BLOCK_M1=32, BLOCK_M2=64, BLOCK_N1=64, BLOCK_N2=32, FLOAT32_PRECISION="'ieee'", GQA_SHARED_HEADS=1, HAS_FULL_BLOCKS=True, IS_DIVISIBLE=False, OUTPUT_LOGSUMEXP=True, OUTPUT_MAX=False, PRESCALE_QK=False, QK_HEAD_DIM=96, QK_HEAD_DIM_ROUNDED=128, ROWS_GUARANTEED_SAFE=False, SAFE_HEAD_DIM=False, SM_SCALE=0.10206207261596575, SPARSE_KV_BLOCK_SIZE=128, SPARSE_Q_BLOCK_SIZE=128, USE_TMA=False, V_HEAD_DIM=64, V_HEAD_DIM_ROUNDED=64, WRITE_DQ=True, num_stages=5, num_warps=4
[rank0]:  triton_flex_attention_backward_32 0.0425 ms 91.3% BLOCKS_ARE_CONTIGUOUS=False, BLOCK_M1=32, BLOCK_M2=64, BLOCK_N1=64, BLOCK_N2=32, FLOAT32_PRECISION="'ieee'", GQA_SHARED_HEADS=1, HAS_FULL_BLOCKS=True, IS_DIVISIBLE=False, OUTPUT_LOGSUMEXP=True, OUTPUT_MAX=False, PRESCALE_QK=False, QK_HEAD_DIM=96, QK_HEAD_DIM_ROUNDED=128, ROWS_GUARANTEED_SAFE=False, SAFE_HEAD_DIM=False, SM_SCALE=0.10206207261596575, SPARSE_KV_BLOCK_SIZE=128, SPARSE_Q_BLOCK_SIZE=128, USE_TMA=False, V_HEAD_DIM=64, V_HEAD_DIM_ROUNDED=64, WRITE_DQ=True, num_stages=4, num_warps=4
[rank0]:  triton_flex_attention_backward_31 0.0430 ms 90.2% BLOCKS_ARE_CONTIGUOUS=False, BLOCK_M1=32, BLOCK_M2=64, BLOCK_N1=64, BLOCK_N2=32, FLOAT32_PRECISION="'ieee'", GQA_SHARED_HEADS=1, HAS_FULL_BLOCKS=True, IS_DIVISIBLE=False, OUTPUT_LOGSUMEXP=True, OUTPUT_MAX=False, PRESCALE_QK=False, QK_HEAD_DIM=96, QK_HEAD_DIM_ROUNDED=128, ROWS_GUARANTEED_SAFE=False, SAFE_HEAD_DIM=False, SM_SCALE=0.10206207261596575, SPARSE_KV_BLOCK_SIZE=128, SPARSE_Q_BLOCK_SIZE=128, USE_TMA=False, V_HEAD_DIM=64, V_HEAD_DIM_ROUNDED=64, WRITE_DQ=True, num_stages=3, num_warps=4
[rank0]:  triton_flex_attention_backward_38 0.0447 ms 86.8% BLOCKS_ARE_CONTIGUOUS=False, BLOCK_M1=64, BLOCK_M2=128, BLOCK_N1=128, BLOCK_N2=64, FLOAT32_PRECISION="'ieee'", GQA_SHARED_HEADS=1, HAS_FULL_BLOCKS=True, IS_DIVISIBLE=False, OUTPUT_LOGSUMEXP=True, OUTPUT_MAX=False, PRESCALE_QK=False, QK_HEAD_DIM=96, QK_HEAD_DIM_ROUNDED=128, ROWS_GUARANTEED_SAFE=False, SAFE_HEAD_DIM=False, SM_SCALE=0.10206207261596575, SPARSE_KV_BLOCK_SIZE=128, SPARSE_Q_BLOCK_SIZE=128, USE_TMA=False, V_HEAD_DIM=64, V_HEAD_DIM_ROUNDED=64, WRITE_DQ=True, num_stages=3, num_warps=8
[rank0]:  triton_flex_attention_backward_26 0.0465 ms 83.4% BLOCKS_ARE_CONTIGUOUS=False, BLOCK_M1=32, BLOCK_M2=32, BLOCK_N1=32, BLOCK_N2=32, FLOAT32_PRECISION="'ieee'", GQA_SHARED_HEADS=1, HAS_FULL_BLOCKS=True, IS_DIVISIBLE=False, OUTPUT_LOGSUMEXP=True, OUTPUT_MAX=False, PRESCALE_QK=False, QK_HEAD_DIM=96, QK_HEAD_DIM_ROUNDED=128, ROWS_GUARANTEED_SAFE=False, SAFE_HEAD_DIM=False, SM_SCALE=0.10206207261596575, SPARSE_KV_BLOCK_SIZE=128, SPARSE_Q_BLOCK_SIZE=128, USE_TMA=False, V_HEAD_DIM=64, V_HEAD_DIM_ROUNDED=64, WRITE_DQ=True, num_stages=1, num_warps=4
[rank0]:  triton_flex_attention_backward_29 0.0480 ms 80.8% BLOCKS_ARE_CONTIGUOUS=False, BLOCK_M1=32, BLOCK_M2=32, BLOCK_N1=32, BLOCK_N2=32, FLOAT32_PRECISION="'ieee'", GQA_SHARED_HEADS=1, HAS_FULL_BLOCKS=True, IS_DIVISIBLE=False, OUTPUT_LOGSUMEXP=True, OUTPUT_MAX=False, PRESCALE_QK=False, QK_HEAD_DIM=96, QK_HEAD_DIM_ROUNDED=128, ROWS_GUARANTEED_SAFE=False, SAFE_HEAD_DIM=False, SM_SCALE=0.10206207261596575, SPARSE_KV_BLOCK_SIZE=128, SPARSE_Q_BLOCK_SIZE=128, USE_TMA=False, V_HEAD_DIM=64, V_HEAD_DIM_ROUNDED=64, WRITE_DQ=True, num_stages=5, num_warps=4
[rank0]:  triton_flex_attention_backward_28 0.0492 ms 78.8% BLOCKS_ARE_CONTIGUOUS=False, BLOCK_M1=32, BLOCK_M2=32, BLOCK_N1=32, BLOCK_N2=32, FLOAT32_PRECISION="'ieee'", GQA_SHARED_HEADS=1, HAS_FULL_BLOCKS=True, IS_DIVISIBLE=False, OUTPUT_LOGSUMEXP=True, OUTPUT_MAX=False, PRESCALE_QK=False, QK_HEAD_DIM=96, QK_HEAD_DIM_ROUNDED=128, ROWS_GUARANTEED_SAFE=False, SAFE_HEAD_DIM=False, SM_SCALE=0.10206207261596575, SPARSE_KV_BLOCK_SIZE=128, SPARSE_Q_BLOCK_SIZE=128, USE_TMA=False, V_HEAD_DIM=64, V_HEAD_DIM_ROUNDED=64, WRITE_DQ=True, num_stages=4, num_warps=4
[rank0]:SingleProcess AUTOTUNE benchmarking takes 0.2989 seconds and 2.9469 seconds precompiling for 13 choices
[rank1]:Autotune Choices Stats:
[rank1]:{"num_choices": 13, "num_triton_choices": 13, "best_kernel": "triton_flex_attention_backward_35", "best_kernel_desc": "BLOCKS_ARE_CONTIGUOUS=False, BLOCK_M1=64, BLOCK_M2=64, BLOCK_N1=64, BLOCK_N2=64, FLOAT32_PRECISION=\"'ieee'\", GQA_SHARED_HEADS=1, HAS_FULL_BLOCKS=True, IS_DIVISIBLE=False, OUTPUT_LOGSUMEXP=True, OUTPUT_MAX=False, PRESCALE_QK=False, QK_HEAD_DIM=96, QK_HEAD_DIM_ROUNDED=128, ROWS_GUARANTEED_SAFE=False, SAFE_HEAD_DIM=False, SM_SCALE=0.10206207261596575, SPARSE_KV_BLOCK_SIZE=128, SPARSE_Q_BLOCK_SIZE=128, USE_TMA=False, V_HEAD_DIM=64, V_HEAD_DIM_ROUNDED=64, WRITE_DQ=True, num_stages=3, num_warps=4", "best_time": 0.03923200070858002, "best_triton_pos": 0}
[rank1]:AUTOTUNE flex_attention_backward(1x4x512x96, 1x4x512x96, 1x4x512x64, 1x4x512, 1x4x512, 1x4x512x64, 1x4x512x96, 1x4x512x64, 1x1x4, 1x1x4x4, 1x1x4, 1x1x4x4, 1x1x4, 1x1x4x4, 1x1x4, 1x1x4x4, 512, 640)
[rank1]:strides: [384, 96, 384, 1], [384, 96, 384, 1], [4*s73, s73, 4*s73, 1], [4*Max(1, s37), Max(1, s37), 1], [4*s37, s37, 1], [256*Max(1, s37), 64*Max(1, s37), 64, 1], [384*s37, 96, 384, 1], [256*s0, 64, 256, 1], [s99, s99, 1], [s22*s72, s22*s72, s72, 1], [s56, s56, 1], [s53*s84, s53*s84, s53, 1], [s94, s94, 1], [s28*s4, s28*s4, s4, 1], [s100, s100, 1], [s11*s5, s11*s5, s11, 1], [1], [1]
[rank1]:dtypes: torch.bfloat16, torch.bfloat16, torch.bfloat16, torch.float32, torch.float32, torch.bfloat16, torch.bfloat16, torch.bfloat16, torch.int32, torch.int32, torch.int32, torch.int32, torch.int32, torch.int32, torch.int32, torch.int32, torch.int32, torch.int32
[rank1]:  triton_flex_attention_backward_35 0.0392 ms 100.0% BLOCKS_ARE_CONTIGUOUS=False, BLOCK_M1=64, BLOCK_M2=64, BLOCK_N1=64, BLOCK_N2=64, FLOAT32_PRECISION="'ieee'", GQA_SHARED_HEADS=1, HAS_FULL_BLOCKS=True, IS_DIVISIBLE=False, OUTPUT_LOGSUMEXP=True, OUTPUT_MAX=False, PRESCALE_QK=False, QK_HEAD_DIM=96, QK_HEAD_DIM_ROUNDED=128, ROWS_GUARANTEED_SAFE=False, SAFE_HEAD_DIM=False, SM_SCALE=0.10206207261596575, SPARSE_KV_BLOCK_SIZE=128, SPARSE_Q_BLOCK_SIZE=128, USE_TMA=False, V_HEAD_DIM=64, V_HEAD_DIM_ROUNDED=64, WRITE_DQ=True, num_stages=3, num_warps=4
[rank1]:  triton_flex_attention_backward_36 0.0395 ms 99.3% BLOCKS_ARE_CONTIGUOUS=False, BLOCK_M1=64, BLOCK_M2=64, BLOCK_N1=64, BLOCK_N2=64, FLOAT32_PRECISION="'ieee'", GQA_SHARED_HEADS=1, HAS_FULL_BLOCKS=True, IS_DIVISIBLE=False, OUTPUT_LOGSUMEXP=True, OUTPUT_MAX=False, PRESCALE_QK=False, QK_HEAD_DIM=96, QK_HEAD_DIM_ROUNDED=128, ROWS_GUARANTEED_SAFE=False, SAFE_HEAD_DIM=False, SM_SCALE=0.10206207261596575, SPARSE_KV_BLOCK_SIZE=128, SPARSE_Q_BLOCK_SIZE=128, USE_TMA=False, V_HEAD_DIM=64, V_HEAD_DIM_ROUNDED=64, WRITE_DQ=True, num_stages=4, num_warps=4
[rank1]:  triton_flex_attention_backward_37 0.0401 ms 97.8% BLOCKS_ARE_CONTIGUOUS=False, BLOCK_M1=64, BLOCK_M2=64, BLOCK_N1=64, BLOCK_N2=64, FLOAT32_PRECISION="'ieee'", GQA_SHARED_HEADS=1, HAS_FULL_BLOCKS=True, IS_DIVISIBLE=False, OUTPUT_LOGSUMEXP=True, OUTPUT_MAX=False, PRESCALE_QK=False, QK_HEAD_DIM=96, QK_HEAD_DIM_ROUNDED=128, ROWS_GUARANTEED_SAFE=False, SAFE_HEAD_DIM=False, SM_SCALE=0.10206207261596575, SPARSE_KV_BLOCK_SIZE=128, SPARSE_Q_BLOCK_SIZE=128, USE_TMA=False, V_HEAD_DIM=64, V_HEAD_DIM_ROUNDED=64, WRITE_DQ=True, num_stages=5, num_warps=4
[rank1]:  triton_flex_attention_backward_33 0.0412 ms 95.1% BLOCKS_ARE_CONTIGUOUS=False, BLOCK_M1=32, BLOCK_M2=64, BLOCK_N1=64, BLOCK_N2=32, FLOAT32_PRECISION="'ieee'", GQA_SHARED_HEADS=1, HAS_FULL_BLOCKS=True, IS_DIVISIBLE=False, OUTPUT_LOGSUMEXP=True, OUTPUT_MAX=False, PRESCALE_QK=False, QK_HEAD_DIM=96, QK_HEAD_DIM_ROUNDED=128, ROWS_GUARANTEED_SAFE=False, SAFE_HEAD_DIM=False, SM_SCALE=0.10206207261596575, SPARSE_KV_BLOCK_SIZE=128, SPARSE_Q_BLOCK_SIZE=128, USE_TMA=False, V_HEAD_DIM=64, V_HEAD_DIM_ROUNDED=64, WRITE_DQ=True, num_stages=5, num_warps=4
[rank1]:  triton_flex_attention_backward_31 0.0433 ms 90.7% BLOCKS_ARE_CONTIGUOUS=False, BLOCK_M1=32, BLOCK_M2=64, BLOCK_N1=64, BLOCK_N2=32, FLOAT32_PRECISION="'ieee'", GQA_SHARED_HEADS=1, HAS_FULL_BLOCKS=True, IS_DIVISIBLE=False, OUTPUT_LOGSUMEXP=True, OUTPUT_MAX=False, PRESCALE_QK=False, QK_HEAD_DIM=96, QK_HEAD_DIM_ROUNDED=128, ROWS_GUARANTEED_SAFE=False, SAFE_HEAD_DIM=False, SM_SCALE=0.10206207261596575, SPARSE_KV_BLOCK_SIZE=128, SPARSE_Q_BLOCK_SIZE=128, USE_TMA=False, V_HEAD_DIM=64, V_HEAD_DIM_ROUNDED=64, WRITE_DQ=True, num_stages=3, num_warps=4
[rank1]:  triton_flex_attention_backward_32 0.0433 ms 90.7% BLOCKS_ARE_CONTIGUOUS=False, BLOCK_M1=32, BLOCK_M2=64, BLOCK_N1=64, BLOCK_N2=32, FLOAT32_PRECISION="'ieee'", GQA_SHARED_HEADS=1, HAS_FULL_BLOCKS=True, IS_DIVISIBLE=False, OUTPUT_LOGSUMEXP=True, OUTPUT_MAX=False, PRESCALE_QK=False, QK_HEAD_DIM=96, QK_HEAD_DIM_ROUNDED=128, ROWS_GUARANTEED_SAFE=False, SAFE_HEAD_DIM=False, SM_SCALE=0.10206207261596575, SPARSE_KV_BLOCK_SIZE=128, SPARSE_Q_BLOCK_SIZE=128, USE_TMA=False, V_HEAD_DIM=64, V_HEAD_DIM_ROUNDED=64, WRITE_DQ=True, num_stages=4, num_warps=4
[rank1]:  triton_flex_attention_backward_38 0.0448 ms 87.6% BLOCKS_ARE_CONTIGUOUS=False, BLOCK_M1=64, BLOCK_M2=128, BLOCK_N1=128, BLOCK_N2=64, FLOAT32_PRECISION="'ieee'", GQA_SHARED_HEADS=1, HAS_FULL_BLOCKS=True, IS_DIVISIBLE=False, OUTPUT_LOGSUMEXP=True, OUTPUT_MAX=False, PRESCALE_QK=False, QK_HEAD_DIM=96, QK_HEAD_DIM_ROUNDED=128, ROWS_GUARANTEED_SAFE=False, SAFE_HEAD_DIM=False, SM_SCALE=0.10206207261596575, SPARSE_KV_BLOCK_SIZE=128, SPARSE_Q_BLOCK_SIZE=128, USE_TMA=False, V_HEAD_DIM=64, V_HEAD_DIM_ROUNDED=64, WRITE_DQ=True, num_stages=3, num_warps=8
[rank1]:  triton_flex_attention_backward_26 0.0460 ms 85.3% BLOCKS_ARE_CONTIGUOUS=False, BLOCK_M1=32, BLOCK_M2=32, BLOCK_N1=32, BLOCK_N2=32, FLOAT32_PRECISION="'ieee'", GQA_SHARED_HEADS=1, HAS_FULL_BLOCKS=True, IS_DIVISIBLE=False, OUTPUT_LOGSUMEXP=True, OUTPUT_MAX=False, PRESCALE_QK=False, QK_HEAD_DIM=96, QK_HEAD_DIM_ROUNDED=128, ROWS_GUARANTEED_SAFE=False, SAFE_HEAD_DIM=False, SM_SCALE=0.10206207261596575, SPARSE_KV_BLOCK_SIZE=128, SPARSE_Q_BLOCK_SIZE=128, USE_TMA=False, V_HEAD_DIM=64, V_HEAD_DIM_ROUNDED=64, WRITE_DQ=True, num_stages=1, num_warps=4
[rank1]:  triton_flex_attention_backward_29 0.0467 ms 84.0% BLOCKS_ARE_CONTIGUOUS=False, BLOCK_M1=32, BLOCK_M2=32, BLOCK_N1=32, BLOCK_N2=32, FLOAT32_PRECISION="'ieee'", GQA_SHARED_HEADS=1, HAS_FULL_BLOCKS=True, IS_DIVISIBLE=False, OUTPUT_LOGSUMEXP=True, OUTPUT_MAX=False, PRESCALE_QK=False, QK_HEAD_DIM=96, QK_HEAD_DIM_ROUNDED=128, ROWS_GUARANTEED_SAFE=False, SAFE_HEAD_DIM=False, SM_SCALE=0.10206207261596575, SPARSE_KV_BLOCK_SIZE=128, SPARSE_Q_BLOCK_SIZE=128, USE_TMA=False, V_HEAD_DIM=64, V_HEAD_DIM_ROUNDED=64, WRITE_DQ=True, num_stages=5, num_warps=4
[rank1]:  triton_flex_attention_backward_28 0.0489 ms 80.3% BLOCKS_ARE_CONTIGUOUS=False, BLOCK_M1=32, BLOCK_M2=32, BLOCK_N1=32, BLOCK_N2=32, FLOAT32_PRECISION="'ieee'", GQA_SHARED_HEADS=1, HAS_FULL_BLOCKS=True, IS_DIVISIBLE=False, OUTPUT_LOGSUMEXP=True, OUTPUT_MAX=False, PRESCALE_QK=False, QK_HEAD_DIM=96, QK_HEAD_DIM_ROUNDED=128, ROWS_GUARANTEED_SAFE=False, SAFE_HEAD_DIM=False, SM_SCALE=0.10206207261596575, SPARSE_KV_BLOCK_SIZE=128, SPARSE_Q_BLOCK_SIZE=128, USE_TMA=False, V_HEAD_DIM=64, V_HEAD_DIM_ROUNDED=64, WRITE_DQ=True, num_stages=4, num_warps=4
[rank1]:SingleProcess AUTOTUNE benchmarking takes 0.2953 seconds and 2.9192 seconds precompiling for 13 choices
[rank1]:/root/mep/venv_src/lib/python3.12/site-packages/torch/distributed/fsdp/_fully_shard/_fsdp_state.py:336: UserWarning: FSDP2-wrapped module (FSDPKimiK3TransformerBlock) returned a view tensor. An in-place op on this view (e.g., `x += y`) will silently drop the pre-backward hook and skip the all-gather, which can cause backward to fail or produce wrong gradients. Use out-of-place ops (`out = out + y`, not `out += y`) or `.clone()` the output before any in-place op.
[rank1]:  output = self._register_pre_backward_hook(output)
[rank2]:/root/mep/venv_src/lib/python3.12/site-packages/torch/distributed/fsdp/_fully_shard/_fsdp_state.py:336: UserWarning: FSDP2-wrapped module (FSDPKimiK3TransformerBlock) returned a view tensor. An in-place op on this view (e.g., `x += y`) will silently drop the pre-backward hook and skip the all-gather, which can cause backward to fail or produce wrong gradients. Use out-of-place ops (`out = out + y`, not `out += y`) or `.clone()` the output before any in-place op.
[rank2]:  output = self._register_pre_backward_hook(output)
[rank3]:/root/mep/venv_src/lib/python3.12/site-packages/torch/distributed/fsdp/_fully_shard/_fsdp_state.py:336: UserWarning: FSDP2-wrapped module (FSDPKimiK3TransformerBlock) returned a view tensor. An in-place op on this view (e.g., `x += y`) will silently drop the pre-backward hook and skip the all-gather, which can cause backward to fail or produce wrong gradients. Use out-of-place ops (`out = out + y`, not `out += y`) or `.clone()` the output before any in-place op.
[rank0]:/root/mep/venv_src/lib/python3.12/site-packages/torch/distributed/fsdp/_fully_shard/_fsdp_state.py:336: UserWarning: FSDP2-wrapped module (FSDPKimiK3TransformerBlock) returned a view tensor. An in-place op on this view (e.g., `x += y`) will silently drop the pre-backward hook and skip the all-gather, which can cause backward to fail or produce wrong gradients. Use out-of-place ops (`out = out + y`, not `out += y`) or `.clone()` the output before any in-place op.
[rank3]:  output = self._register_pre_backward_hook(output)
[rank0]:  output = self._register_pre_backward_hook(output)
[rank3]:[titan] 2026-09-30 11:59:28,203 - torchtitan.observability.metrics - INFO - [31mstep:  1  [32mloss:  7.99067  [38;2;180;60;0mgrad_norm:  2.4219  [38;2;54;234;195mmemory:  0.53GiB(0.66%)  [34mtps: 13  [36mtflops: 0.00  [35mmfu: 0.00%[39m
[rank0]:[titan] 2026-09-30 11:59:28,203 - torchtitan.observability.metrics - INFO - [31mstep:  1  [32mloss:  7.99067  [38;2;180;60;0mgrad_norm:  2.4219  [38;2;54;234;195mmemory:  0.53GiB(0.66%)  [34mtps: 13  [36mtflops: 0.00  [35mmfu: 0.00%[39m
[rank3]:[titan] 2026-09-30 11:59:28,203 - torchtitan.distributed.utils - INFO - Synchronizing and adjusting timeout for all ProcessGroups to 0:01:40
[rank0]:[titan] 2026-09-30 11:59:28,203 - torchtitan.distributed.utils - INFO - Synchronizing and adjusting timeout for all ProcessGroups to 0:01:40
[rank1]:[titan] 2026-09-30 11:59:28,203 - torchtitan.observability.metrics - INFO - [31mstep:  1  [32mloss:  7.99067  [38;2;180;60;0mgrad_norm:  2.4219  [38;2;54;234;195mmemory:  0.53GiB(0.67%)  [34mtps: 13  [36mtflops: 0.00  [35mmfu: 0.00%[39m
[rank1]:[titan] 2026-09-30 11:59:28,203 - torchtitan.distributed.utils - INFO - Synchronizing and adjusting timeout for all ProcessGroups to 0:01:40
[rank2]:[titan] 2026-09-30 11:59:28,203 - torchtitan.observability.metrics - INFO - [31mstep:  1  [32mloss:  7.99067  [38;2;180;60;0mgrad_norm:  2.4219  [38;2;54;234;195mmemory:  0.53GiB(0.66%)  [34mtps: 13  [36mtflops: 0.00  [35mmfu: 0.00%[39m
[rank2]:[titan] 2026-09-30 11:59:28,203 - torchtitan.distributed.utils - INFO - Synchronizing and adjusting timeout for all ProcessGroups to 0:01:40
[rank2]:Autotune Choices Stats:
[rank2]:{"num_choices": 7, "num_triton_choices": 7, "best_kernel": "triton_flex_attention_44", "best_kernel_desc": "BLOCKS_ARE_CONTIGUOUS=False, BLOCK_M=64, BLOCK_N=64, FLOAT32_PRECISION=\"'ieee'\", GQA_SHARED_HEADS=1, HAS_FULL_BLOCKS=True, IS_DIVISIBLE=False, OUTPUT_LOGSUMEXP=True, OUTPUT_MAX=False, PRESCALE_QK=False, QK_HEAD_DIM=128, QK_HEAD_DIM_ROUNDED=128, ROWS_GUARANTEED_SAFE=False, SAFE_HEAD_DIM=True, SM_SCALE=0.08838834764831843, SPARSE_KV_BLOCK_SIZE=128, SPARSE_Q_BLOCK_SIZE=128, USE_TMA=False, V_HEAD_DIM=128, V_HEAD_DIM_ROUNDED=128, WRITE_DQ=True, num_stages=3, num_warps=4", "best_time": 0.01708799973130226, "best_triton_pos": 0}
[rank2]:AUTOTUNE flex_attention(1x4x256x128, 1x4x256x128, 1x4x256x128, 1x4x256, 1x4x256, 1x1x2, 1x1x2x2, 1x1x2, 1x1x2x2, 256)
[rank2]:strides: [512, 128, 512, 1], [512, 128, 512, 1], [512, 128, 512, 1], [4*s37, s37, 1], [4*s37, s37, 1], [s99, s99, 1], [s22*s72, s22*s72, s72, 1], [s94, s94, 1], [s28*s4, s28*s4, s4, 1], [1]
[rank2]:dtypes: torch.bfloat16, torch.bfloat16, torch.bfloat16, torch.float32, torch.float32, torch.int32, torch.int32, torch.int32, torch.int32, torch.int32
[rank2]:  triton_flex_attention_44 0.0171 ms 100.0% BLOCKS_ARE_CONTIGUOUS=False, BLOCK_M=64, BLOCK_N=64, FLOAT32_PRECISION="'ieee'", GQA_SHARED_HEADS=1, HAS_FULL_BLOCKS=True, IS_DIVISIBLE=False, OUTPUT_LOGSUMEXP=True, OUTPUT_MAX=False, PRESCALE_QK=False, QK_HEAD_DIM=128, QK_HEAD_DIM_ROUNDED=128, ROWS_GUARANTEED_SAFE=False, SAFE_HEAD_DIM=True, SM_SCALE=0.08838834764831843, SPARSE_KV_BLOCK_SIZE=128, SPARSE_Q_BLOCK_SIZE=128, USE_TMA=False, V_HEAD_DIM=128, V_HEAD_DIM_ROUNDED=128, WRITE_DQ=True, num_stages=3, num_warps=4
[rank2]:  triton_flex_attention_43 0.0181 ms 94.5% BLOCKS_ARE_CONTIGUOUS=False, BLOCK_M=64, BLOCK_N=128, FLOAT32_PRECISION="'ieee'", GQA_SHARED_HEADS=1, HAS_FULL_BLOCKS=True, IS_DIVISIBLE=False, OUTPUT_LOGSUMEXP=True, OUTPUT_MAX=False, PRESCALE_QK=False, QK_HEAD_DIM=128, QK_HEAD_DIM_ROUNDED=128, ROWS_GUARANTEED_SAFE=False, SAFE_HEAD_DIM=True, SM_SCALE=0.08838834764831843, SPARSE_KV_BLOCK_SIZE=128, SPARSE_Q_BLOCK_SIZE=128, USE_TMA=False, V_HEAD_DIM=128, V_HEAD_DIM_ROUNDED=128, WRITE_DQ=True, num_stages=3, num_warps=4
[rank2]:  triton_flex_attention_45 0.0210 ms 81.3% BLOCKS_ARE_CONTIGUOUS=False, BLOCK_M=128, BLOCK_N=64, FLOAT32_PRECISION="'ieee'", GQA_SHARED_HEADS=1, HAS_FULL_BLOCKS=True, IS_DIVISIBLE=False, OUTPUT_LOGSUMEXP=True, OUTPUT_MAX=False, PRESCALE_QK=False, QK_HEAD_DIM=128, QK_HEAD_DIM_ROUNDED=128, ROWS_GUARANTEED_SAFE=False, SAFE_HEAD_DIM=True, SM_SCALE=0.08838834764831843, SPARSE_KV_BLOCK_SIZE=128, SPARSE_Q_BLOCK_SIZE=128, USE_TMA=False, V_HEAD_DIM=128, V_HEAD_DIM_ROUNDED=128, WRITE_DQ=True, num_stages=3, num_warps=8
[rank2]:  triton_flex_attention_41 0.0219 ms 78.1% BLOCKS_ARE_CONTIGUOUS=False, BLOCK_M=128, BLOCK_N=128, FLOAT32_PRECISION="'ieee'", GQA_SHARED_HEADS=1, HAS_FULL_BLOCKS=True, IS_DIVISIBLE=False, OUTPUT_LOGSUMEXP=True, OUTPUT_MAX=False, PRESCALE_QK=False, QK_HEAD_DIM=128, QK_HEAD_DIM_ROUNDED=128, ROWS_GUARANTEED_SAFE=False, SAFE_HEAD_DIM=True, SM_SCALE=0.08838834764831843, SPARSE_KV_BLOCK_SIZE=128, SPARSE_Q_BLOCK_SIZE=128, USE_TMA=False, V_HEAD_DIM=128, V_HEAD_DIM_ROUNDED=128, WRITE_DQ=True, num_stages=2, num_warps=8
[rank2]:  triton_flex_attention_42 0.0251 ms 68.0% BLOCKS_ARE_CONTIGUOUS=False, BLOCK_M=128, BLOCK_N=128, FLOAT32_PRECISION="'ieee'", GQA_SHARED_HEADS=1, HAS_FULL_BLOCKS=True, IS_DIVISIBLE=False, OUTPUT_LOGSUMEXP=True, OUTPUT_MAX=False, PRESCALE_QK=False, QK_HEAD_DIM=128, QK_HEAD_DIM_ROUNDED=128, ROWS_GUARANTEED_SAFE=False, SAFE_HEAD_DIM=True, SM_SCALE=0.08838834764831843, SPARSE_KV_BLOCK_SIZE=128, SPARSE_Q_BLOCK_SIZE=128, USE_TMA=False, V_HEAD_DIM=128, V_HEAD_DIM_ROUNDED=128, WRITE_DQ=True, num_stages=1, num_warps=8
[rank2]:  triton_flex_attention_39 0.0370 ms 46.2% BLOCKS_ARE_CONTIGUOUS=False, BLOCK_M=128, BLOCK_N=64, FLOAT32_PRECISION="'ieee'", GQA_SHARED_HEADS=1, HAS_FULL_BLOCKS=True, IS_DIVISIBLE=False, OUTPUT_LOGSUMEXP=True, OUTPUT_MAX=False, PRESCALE_QK=False, QK_HEAD_DIM=128, QK_HEAD_DIM_ROUNDED=128, ROWS_GUARANTEED_SAFE=False, SAFE_HEAD_DIM=True, SM_SCALE=0.08838834764831843, SPARSE_KV_BLOCK_SIZE=128, SPARSE_Q_BLOCK_SIZE=128, USE_TMA=False, V_HEAD_DIM=128, V_HEAD_DIM_ROUNDED=128, WRITE_DQ=True, num_stages=3, num_warps=4
[rank2]:  triton_flex_attention_40 0.0415 ms 41.2% BLOCKS_ARE_CONTIGUOUS=False, BLOCK_M=128, BLOCK_N=128, FLOAT32_PRECISION="'ieee'", GQA_SHARED_HEADS=1, HAS_FULL_BLOCKS=True, IS_DIVISIBLE=False, OUTPUT_LOGSUMEXP=True, OUTPUT_MAX=False, PRESCALE_QK=False, QK_HEAD_DIM=128, QK_HEAD_DIM_ROUNDED=128, ROWS_GUARANTEED_SAFE=False, SAFE_HEAD_DIM=True, SM_SCALE=0.08838834764831843, SPARSE_KV_BLOCK_SIZE=128, SPARSE_Q_BLOCK_SIZE=128, USE_TMA=False, V_HEAD_DIM=128, V_HEAD_DIM_ROUNDED=128, WRITE_DQ=True, num_stages=3, num_warps=4
[rank2]:SingleProcess AUTOTUNE benchmarking takes 0.1372 seconds and 2.1310 seconds precompiling for 7 choices
[rank1]:Autotune Choices Stats:
[rank1]:{"num_choices": 7, "num_triton_choices": 7, "best_kernel": "triton_flex_attention_44", "best_kernel_desc": "BLOCKS_ARE_CONTIGUOUS=False, BLOCK_M=64, BLOCK_N=64, FLOAT32_PRECISION=\"'ieee'\", GQA_SHARED_HEADS=1, HAS_FULL_BLOCKS=True, IS_DIVISIBLE=False, OUTPUT_LOGSUMEXP=True, OUTPUT_MAX=False, PRESCALE_QK=False, QK_HEAD_DIM=128, QK_HEAD_DIM_ROUNDED=128, ROWS_GUARANTEED_SAFE=False, SAFE_HEAD_DIM=True, SM_SCALE=0.08838834764831843, SPARSE_KV_BLOCK_SIZE=128, SPARSE_Q_BLOCK_SIZE=128, USE_TMA=False, V_HEAD_DIM=128, V_HEAD_DIM_ROUNDED=128, WRITE_DQ=True, num_stages=3, num_warps=4", "best_time": 0.014944000169634819, "best_triton_pos": 0}
[rank1]:AUTOTUNE flex_attention(1x4x192x128, 1x4x192x128, 1x4x192x128, 1x4x192, 1x4x192, 1x1x2, 1x1x2x2, 1x1x2, 1x1x2x2, 192)
[rank1]:strides: [512, 128, 512, 1], [512, 128, 512, 1], [512, 128, 512, 1], [4*s37, s37, 1], [4*s37, s37, 1], [s99, s99, 1], [s22*s72, s22*s72, s72, 1], [s94, s94, 1], [s28*s4, s28*s4, s4, 1], [1]
[rank1]:dtypes: torch.bfloat16, torch.bfloat16, torch.bfloat16, torch.float32, torch.float32, torch.int32, torch.int32, torch.int32, torch.int32, torch.int32
[rank1]:  triton_flex_attention_44 0.0149 ms 100.0% BLOCKS_ARE_CONTIGUOUS=False, BLOCK_M=64, BLOCK_N=64, FLOAT32_PRECISION="'ieee'", GQA_SHARED_HEADS=1, HAS_FULL_BLOCKS=True, IS_DIVISIBLE=False, OUTPUT_LOGSUMEXP=True, OUTPUT_MAX=False, PRESCALE_QK=False, QK_HEAD_DIM=128, QK_HEAD_DIM_ROUNDED=128, ROWS_GUARANTEED_SAFE=False, SAFE_HEAD_DIM=True, SM_SCALE=0.08838834764831843, SPARSE_KV_BLOCK_SIZE=128, SPARSE_Q_BLOCK_SIZE=128, USE_TMA=False, V_HEAD_DIM=128, V_HEAD_DIM_ROUNDED=128, WRITE_DQ=True, num_stages=3, num_warps=4
[rank1]:  triton_flex_attention_45 0.0177 ms 84.3% BLOCKS_ARE_CONTIGUOUS=False, BLOCK_M=128, BLOCK_N=64, FLOAT32_PRECISION="'ieee'", GQA_SHARED_HEADS=1, HAS_FULL_BLOCKS=True, IS_DIVISIBLE=False, OUTPUT_LOGSUMEXP=True, OUTPUT_MAX=False, PRESCALE_QK=False, QK_HEAD_DIM=128, QK_HEAD_DIM_ROUNDED=128, ROWS_GUARANTEED_SAFE=False, SAFE_HEAD_DIM=True, SM_SCALE=0.08838834764831843, SPARSE_KV_BLOCK_SIZE=128, SPARSE_Q_BLOCK_SIZE=128, USE_TMA=False, V_HEAD_DIM=128, V_HEAD_DIM_ROUNDED=128, WRITE_DQ=True, num_stages=3, num_warps=8
[rank1]:  triton_flex_attention_43 0.0184 ms 81.4% BLOCKS_ARE_CONTIGUOUS=False, BLOCK_M=64, BLOCK_N=128, FLOAT32_PRECISION="'ieee'", GQA_SHARED_HEADS=1, HAS_FULL_BLOCKS=True, IS_DIVISIBLE=False, OUTPUT_LOGSUMEXP=True, OUTPUT_MAX=False, PRESCALE_QK=False, QK_HEAD_DIM=128, QK_HEAD_DIM_ROUNDED=128, ROWS_GUARANTEED_SAFE=False, SAFE_HEAD_DIM=True, SM_SCALE=0.08838834764831843, SPARSE_KV_BLOCK_SIZE=128, SPARSE_Q_BLOCK_SIZE=128, USE_TMA=False, V_HEAD_DIM=128, V_HEAD_DIM_ROUNDED=128, WRITE_DQ=True, num_stages=3, num_warps=4
[rank1]:  triton_flex_attention_41 0.0216 ms 69.2% BLOCKS_ARE_CONTIGUOUS=False, BLOCK_M=128, BLOCK_N=128, FLOAT32_PRECISION="'ieee'", GQA_SHARED_HEADS=1, HAS_FULL_BLOCKS=True, IS_DIVISIBLE=False, OUTPUT_LOGSUMEXP=True, OUTPUT_MAX=False, PRESCALE_QK=False, QK_HEAD_DIM=128, QK_HEAD_DIM_ROUNDED=128, ROWS_GUARANTEED_SAFE=False, SAFE_HEAD_DIM=True, SM_SCALE=0.08838834764831843, SPARSE_KV_BLOCK_SIZE=128, SPARSE_Q_BLOCK_SIZE=128, USE_TMA=False, V_HEAD_DIM=128, V_HEAD_DIM_ROUNDED=128, WRITE_DQ=True, num_stages=2, num_warps=8
[rank1]:  triton_flex_attention_42 0.0243 ms 61.5% BLOCKS_ARE_CONTIGUOUS=False, BLOCK_M=128, BLOCK_N=128, FLOAT32_PRECISION="'ieee'", GQA_SHARED_HEADS=1, HAS_FULL_BLOCKS=True, IS_DIVISIBLE=False, OUTPUT_LOGSUMEXP=True, OUTPUT_MAX=False, PRESCALE_QK=False, QK_HEAD_DIM=128, QK_HEAD_DIM_ROUNDED=128, ROWS_GUARANTEED_SAFE=False, SAFE_HEAD_DIM=True, SM_SCALE=0.08838834764831843, SPARSE_KV_BLOCK_SIZE=128, SPARSE_Q_BLOCK_SIZE=128, USE_TMA=False, V_HEAD_DIM=128, V_HEAD_DIM_ROUNDED=128, WRITE_DQ=True, num_stages=1, num_warps=8
[rank1]:  triton_flex_attention_39 0.0290 ms 51.5% BLOCKS_ARE_CONTIGUOUS=False, BLOCK_M=128, BLOCK_N=64, FLOAT32_PRECISION="'ieee'", GQA_SHARED_HEADS=1, HAS_FULL_BLOCKS=True, IS_DIVISIBLE=False, OUTPUT_LOGSUMEXP=True, OUTPUT_MAX=False, PRESCALE_QK=False, QK_HEAD_DIM=128, QK_HEAD_DIM_ROUNDED=128, ROWS_GUARANTEED_SAFE=False, SAFE_HEAD_DIM=True, SM_SCALE=0.08838834764831843, SPARSE_KV_BLOCK_SIZE=128, SPARSE_Q_BLOCK_SIZE=128, USE_TMA=False, V_HEAD_DIM=128, V_HEAD_DIM_ROUNDED=128, WRITE_DQ=True, num_stages=3, num_warps=4
[rank1]:  triton_flex_attention_40 0.0433 ms 34.5% BLOCKS_ARE_CONTIGUOUS=False, BLOCK_M=128, BLOCK_N=128, FLOAT32_PRECISION="'ieee'", GQA_SHARED_HEADS=1, HAS_FULL_BLOCKS=True, IS_DIVISIBLE=False, OUTPUT_LOGSUMEXP=True, OUTPUT_MAX=False, PRESCALE_QK=False, QK_HEAD_DIM=128, QK_HEAD_DIM_ROUNDED=128, ROWS_GUARANTEED_SAFE=False, SAFE_HEAD_DIM=True, SM_SCALE=0.08838834764831843, SPARSE_KV_BLOCK_SIZE=128, SPARSE_Q_BLOCK_SIZE=128, USE_TMA=False, V_HEAD_DIM=128, V_HEAD_DIM_ROUNDED=128, WRITE_DQ=True, num_stages=3, num_warps=4
[rank1]:SingleProcess AUTOTUNE benchmarking takes 0.1361 seconds and 2.1506 seconds precompiling for 7 choices
[rank3]:Autotune Choices Stats:
[rank3]:{"num_choices": 7, "num_triton_choices": 7, "best_kernel": "triton_flex_attention_44", "best_kernel_desc": "BLOCKS_ARE_CONTIGUOUS=False, BLOCK_M=64, BLOCK_N=64, FLOAT32_PRECISION=\"'ieee'\", GQA_SHARED_HEADS=1, HAS_FULL_BLOCKS=True, IS_DIVISIBLE=False, OUTPUT_LOGSUMEXP=True, OUTPUT_MAX=False, PRESCALE_QK=False, QK_HEAD_DIM=128, QK_HEAD_DIM_ROUNDED=128, ROWS_GUARANTEED_SAFE=False, SAFE_HEAD_DIM=True, SM_SCALE=0.08838834764831843, SPARSE_KV_BLOCK_SIZE=128, SPARSE_Q_BLOCK_SIZE=128, USE_TMA=False, V_HEAD_DIM=128, V_HEAD_DIM_ROUNDED=128, WRITE_DQ=True, num_stages=3, num_warps=4", "best_time": 0.01484800036996603, "best_triton_pos": 0}
[rank3]:AUTOTUNE flex_attention(1x4x192x128, 1x4x192x128, 1x4x192x128, 1x4x192, 1x4x192, 1x1x2, 1x1x2x2, 1x1x2, 1x1x2x2, 192)
[rank3]:strides: [512, 128, 512, 1], [512, 128, 512, 1], [512, 128, 512, 1], [4*s37, s37, 1], [4*s37, s37, 1], [s99, s99, 1], [s22*s72, s22*s72, s72, 1], [s94, s94, 1], [s28*s4, s28*s4, s4, 1], [1]
[rank3]:dtypes: torch.bfloat16, torch.bfloat16, torch.bfloat16, torch.float32, torch.float32, torch.int32, torch.int32, torch.int32, torch.int32, torch.int32
[rank3]:  triton_flex_attention_44 0.0148 ms 100.0% BLOCKS_ARE_CONTIGUOUS=False, BLOCK_M=64, BLOCK_N=64, FLOAT32_PRECISION="'ieee'", GQA_SHARED_HEADS=1, HAS_FULL_BLOCKS=True, IS_DIVISIBLE=False, OUTPUT_LOGSUMEXP=True, OUTPUT_MAX=False, PRESCALE_QK=False, QK_HEAD_DIM=128, QK_HEAD_DIM_ROUNDED=128, ROWS_GUARANTEED_SAFE=False, SAFE_HEAD_DIM=True, SM_SCALE=0.08838834764831843, SPARSE_KV_BLOCK_SIZE=128, SPARSE_Q_BLOCK_SIZE=128, USE_TMA=False, V_HEAD_DIM=128, V_HEAD_DIM_ROUNDED=128, WRITE_DQ=True, num_stages=3, num_warps=4
[rank3]:  triton_flex_attention_45 0.0179 ms 83.2% BLOCKS_ARE_CONTIGUOUS=False, BLOCK_M=128, BLOCK_N=64, FLOAT32_PRECISION="'ieee'", GQA_SHARED_HEADS=1, HAS_FULL_BLOCKS=True, IS_DIVISIBLE=False, OUTPUT_LOGSUMEXP=True, OUTPUT_MAX=False, PRESCALE_QK=False, QK_HEAD_DIM=128, QK_HEAD_DIM_ROUNDED=128, ROWS_GUARANTEED_SAFE=False, SAFE_HEAD_DIM=True, SM_SCALE=0.08838834764831843, SPARSE_KV_BLOCK_SIZE=128, SPARSE_Q_BLOCK_SIZE=128, USE_TMA=False, V_HEAD_DIM=128, V_HEAD_DIM_ROUNDED=128, WRITE_DQ=True, num_stages=3, num_warps=8
[rank3]:  triton_flex_attention_43 0.0184 ms 80.7% BLOCKS_ARE_CONTIGUOUS=False, BLOCK_M=64, BLOCK_N=128, FLOAT32_PRECISION="'ieee'", GQA_SHARED_HEADS=1, HAS_FULL_BLOCKS=True, IS_DIVISIBLE=False, OUTPUT_LOGSUMEXP=True, OUTPUT_MAX=False, PRESCALE_QK=False, QK_HEAD_DIM=128, QK_HEAD_DIM_ROUNDED=128, ROWS_GUARANTEED_SAFE=False, SAFE_HEAD_DIM=True, SM_SCALE=0.08838834764831843, SPARSE_KV_BLOCK_SIZE=128, SPARSE_Q_BLOCK_SIZE=128, USE_TMA=False, V_HEAD_DIM=128, V_HEAD_DIM_ROUNDED=128, WRITE_DQ=True, num_stages=3, num_warps=4
[rank3]:  triton_flex_attention_41 0.0219 ms 67.9% BLOCKS_ARE_CONTIGUOUS=False, BLOCK_M=128, BLOCK_N=128, FLOAT32_PRECISION="'ieee'", GQA_SHARED_HEADS=1, HAS_FULL_BLOCKS=True, IS_DIVISIBLE=False, OUTPUT_LOGSUMEXP=True, OUTPUT_MAX=False, PRESCALE_QK=False, QK_HEAD_DIM=128, QK_HEAD_DIM_ROUNDED=128, ROWS_GUARANTEED_SAFE=False, SAFE_HEAD_DIM=True, SM_SCALE=0.08838834764831843, SPARSE_KV_BLOCK_SIZE=128, SPARSE_Q_BLOCK_SIZE=128, USE_TMA=False, V_HEAD_DIM=128, V_HEAD_DIM_ROUNDED=128, WRITE_DQ=True, num_stages=2, num_warps=8
[rank3]:  triton_flex_attention_42 0.0244 ms 60.8% BLOCKS_ARE_CONTIGUOUS=False, BLOCK_M=128, BLOCK_N=128, FLOAT32_PRECISION="'ieee'", GQA_SHARED_HEADS=1, HAS_FULL_BLOCKS=True, IS_DIVISIBLE=False, OUTPUT_LOGSUMEXP=True, OUTPUT_MAX=False, PRESCALE_QK=False, QK_HEAD_DIM=128, QK_HEAD_DIM_ROUNDED=128, ROWS_GUARANTEED_SAFE=False, SAFE_HEAD_DIM=True, SM_SCALE=0.08838834764831843, SPARSE_KV_BLOCK_SIZE=128, SPARSE_Q_BLOCK_SIZE=128, USE_TMA=False, V_HEAD_DIM=128, V_HEAD_DIM_ROUNDED=128, WRITE_DQ=True, num_stages=1, num_warps=8
[rank3]:  triton_flex_attention_39 0.0294 ms 50.4% BLOCKS_ARE_CONTIGUOUS=False, BLOCK_M=128, BLOCK_N=64, FLOAT32_PRECISION="'ieee'", GQA_SHARED_HEADS=1, HAS_FULL_BLOCKS=True, IS_DIVISIBLE=False, OUTPUT_LOGSUMEXP=True, OUTPUT_MAX=False, PRESCALE_QK=False, QK_HEAD_DIM=128, QK_HEAD_DIM_ROUNDED=128, ROWS_GUARANTEED_SAFE=False, SAFE_HEAD_DIM=True, SM_SCALE=0.08838834764831843, SPARSE_KV_BLOCK_SIZE=128, SPARSE_Q_BLOCK_SIZE=128, USE_TMA=False, V_HEAD_DIM=128, V_HEAD_DIM_ROUNDED=128, WRITE_DQ=True, num_stages=3, num_warps=4
[rank3]:  triton_flex_attention_40 0.0437 ms 33.9% BLOCKS_ARE_CONTIGUOUS=False, BLOCK_M=128, BLOCK_N=128, FLOAT32_PRECISION="'ieee'", GQA_SHARED_HEADS=1, HAS_FULL_BLOCKS=True, IS_DIVISIBLE=False, OUTPUT_LOGSUMEXP=True, OUTPUT_MAX=False, PRESCALE_QK=False, QK_HEAD_DIM=128, QK_HEAD_DIM_ROUNDED=128, ROWS_GUARANTEED_SAFE=False, SAFE_HEAD_DIM=True, SM_SCALE=0.08838834764831843, SPARSE_KV_BLOCK_SIZE=128, SPARSE_Q_BLOCK_SIZE=128, USE_TMA=False, V_HEAD_DIM=128, V_HEAD_DIM_ROUNDED=128, WRITE_DQ=True, num_stages=3, num_warps=4
[rank3]:SingleProcess AUTOTUNE benchmarking takes 0.1373 seconds and 2.1687 seconds precompiling for 7 choices
[rank2]:Autotune Choices Stats:
[rank2]:{"num_choices": 13, "num_triton_choices": 13, "best_kernel": "triton_flex_attention_backward_51", "best_kernel_desc": "BLOCKS_ARE_CONTIGUOUS=False, BLOCK_M1=32, BLOCK_M2=64, BLOCK_N1=64, BLOCK_N2=32, FLOAT32_PRECISION=\"'ieee'\", GQA_SHARED_HEADS=1, HAS_FULL_BLOCKS=True, IS_DIVISIBLE=False, OUTPUT_LOGSUMEXP=True, OUTPUT_MAX=False, PRESCALE_QK=False, QK_HEAD_DIM=128, QK_HEAD_DIM_ROUNDED=128, ROWS_GUARANTEED_SAFE=False, SAFE_HEAD_DIM=True, SM_SCALE=0.08838834764831843, SPARSE_KV_BLOCK_SIZE=128, SPARSE_Q_BLOCK_SIZE=128, USE_TMA=False, V_HEAD_DIM=128, V_HEAD_DIM_ROUNDED=128, WRITE_DQ=True, num_stages=3, num_warps=4", "best_time": 0.02364799939095974, "best_triton_pos": 0}
[rank2]:AUTOTUNE flex_attention_backward(1x4x256x128, 1x4x256x128, 1x4x256x128, 1x4x256, 1x4x256, 1x4x256x128, 1x4x256x128, 1x4x256x128, 1x1x2, 1x1x2x2, 1x1x2, 1x1x2x2, 1x1x2, 1x1x2x2, 1x1x2, 1x1x2x2, 256)
[rank2]:strides: [512, 128, 512, 1], [512, 128, 512, 1], [512, 128, 512, 1], [4*Max(1, s37), Max(1, s37), 1], [4*s37, s37, 1], [512*Max(1, s37), 128*Max(1, s37), 128, 1], [512*s37, 128, 512, 1], [512*s0, 128, 512, 1], [s99, s99, 1], [s22*s72, s22*s72, s72, 1], [s56, s56, 1], [s53*s84, s53*s84, s53, 1], [s94, s94, 1], [s28*s4, s28*s4, s4, 1], [s100, s100, 1], [s11*s5, s11*s5, s11, 1], [1]
[rank2]:dtypes: torch.bfloat16, torch.bfloat16, torch.bfloat16, torch.float32, torch.float32, torch.bfloat16, torch.bfloat16, torch.bfloat16, torch.int32, torch.int32, torch.int32, torch.int32, torch.int32, torch.int32, torch.int32, torch.int32, torch.int32
[rank2]:  triton_flex_attention_backward_51 0.0236 ms 100.0% BLOCKS_ARE_CONTIGUOUS=False, BLOCK_M1=32, BLOCK_M2=64, BLOCK_N1=64, BLOCK_N2=32, FLOAT32_PRECISION="'ieee'", GQA_SHARED_HEADS=1, HAS_FULL_BLOCKS=True, IS_DIVISIBLE=False, OUTPUT_LOGSUMEXP=True, OUTPUT_MAX=False, PRESCALE_QK=False, QK_HEAD_DIM=128, QK_HEAD_DIM_ROUNDED=128, ROWS_GUARANTEED_SAFE=False, SAFE_HEAD_DIM=True, SM_SCALE=0.08838834764831843, SPARSE_KV_BLOCK_SIZE=128, SPARSE_Q_BLOCK_SIZE=128, USE_TMA=False, V_HEAD_DIM=128, V_HEAD_DIM_ROUNDED=128, WRITE_DQ=True, num_stages=3, num_warps=4
[rank2]:  triton_flex_attention_backward_52 0.0241 ms 98.3% BLOCKS_ARE_CONTIGUOUS=False, BLOCK_M1=32, BLOCK_M2=64, BLOCK_N1=64, BLOCK_N2=32, FLOAT32_PRECISION="'ieee'", GQA_SHARED_HEADS=1, HAS_FULL_BLOCKS=True, IS_DIVISIBLE=False, OUTPUT_LOGSUMEXP=True, OUTPUT_MAX=False, PRESCALE_QK=False, QK_HEAD_DIM=128, QK_HEAD_DIM_ROUNDED=128, ROWS_GUARANTEED_SAFE=False, SAFE_HEAD_DIM=True, SM_SCALE=0.08838834764831843, SPARSE_KV_BLOCK_SIZE=128, SPARSE_Q_BLOCK_SIZE=128, USE_TMA=False, V_HEAD_DIM=128, V_HEAD_DIM_ROUNDED=128, WRITE_DQ=True, num_stages=4, num_warps=4
[rank2]:  triton_flex_attention_backward_53 0.0246 ms 96.1% BLOCKS_ARE_CONTIGUOUS=False, BLOCK_M1=32, BLOCK_M2=64, BLOCK_N1=64, BLOCK_N2=32, FLOAT32_PRECISION="'ieee'", GQA_SHARED_HEADS=1, HAS_FULL_BLOCKS=True, IS_DIVISIBLE=False, OUTPUT_LOGSUMEXP=True, OUTPUT_MAX=False, PRESCALE_QK=False, QK_HEAD_DIM=128, QK_HEAD_DIM_ROUNDED=128, ROWS_GUARANTEED_SAFE=False, SAFE_HEAD_DIM=True, SM_SCALE=0.08838834764831843, SPARSE_KV_BLOCK_SIZE=128, SPARSE_Q_BLOCK_SIZE=128, USE_TMA=False, V_HEAD_DIM=128, V_HEAD_DIM_ROUNDED=128, WRITE_DQ=True, num_stages=5, num_warps=4
[rank2]:  triton_flex_attention_backward_47 0.0252 ms 93.9% BLOCKS_ARE_CONTIGUOUS=False, BLOCK_M1=32, BLOCK_M2=32, BLOCK_N1=32, BLOCK_N2=32, FLOAT32_PRECISION="'ieee'", GQA_SHARED_HEADS=1, HAS_FULL_BLOCKS=True, IS_DIVISIBLE=False, OUTPUT_LOGSUMEXP=True, OUTPUT_MAX=False, PRESCALE_QK=False, QK_HEAD_DIM=128, QK_HEAD_DIM_ROUNDED=128, ROWS_GUARANTEED_SAFE=False, SAFE_HEAD_DIM=True, SM_SCALE=0.08838834764831843, SPARSE_KV_BLOCK_SIZE=128, SPARSE_Q_BLOCK_SIZE=128, USE_TMA=False, V_HEAD_DIM=128, V_HEAD_DIM_ROUNDED=128, WRITE_DQ=True, num_stages=3, num_warps=4
[rank2]:  triton_flex_attention_backward_55 0.0265 ms 89.4% BLOCKS_ARE_CONTIGUOUS=False, BLOCK_M1=64, BLOCK_M2=64, BLOCK_N1=64, BLOCK_N2=64, FLOAT32_PRECISION="'ieee'", GQA_SHARED_HEADS=1, HAS_FULL_BLOCKS=True, IS_DIVISIBLE=False, OUTPUT_LOGSUMEXP=True, OUTPUT_MAX=False, PRESCALE_QK=False, QK_HEAD_DIM=128, QK_HEAD_DIM_ROUNDED=128, ROWS_GUARANTEED_SAFE=False, SAFE_HEAD_DIM=True, SM_SCALE=0.08838834764831843, SPARSE_KV_BLOCK_SIZE=128, SPARSE_Q_BLOCK_SIZE=128, USE_TMA=False, V_HEAD_DIM=128, V_HEAD_DIM_ROUNDED=128, WRITE_DQ=True, num_stages=3, num_warps=4
[rank2]:  triton_flex_attention_backward_48 0.0266 ms 89.0% BLOCKS_ARE_CONTIGUOUS=False, BLOCK_M1=32, BLOCK_M2=32, BLOCK_N1=32, BLOCK_N2=32, FLOAT32_PRECISION="'ieee'", GQA_SHARED_HEADS=1, HAS_FULL_BLOCKS=True, IS_DIVISIBLE=False, OUTPUT_LOGSUMEXP=True, OUTPUT_MAX=False, PRESCALE_QK=False, QK_HEAD_DIM=128, QK_HEAD_DIM_ROUNDED=128, ROWS_GUARANTEED_SAFE=False, SAFE_HEAD_DIM=True, SM_SCALE=0.08838834764831843, SPARSE_KV_BLOCK_SIZE=128, SPARSE_Q_BLOCK_SIZE=128, USE_TMA=False, V_HEAD_DIM=128, V_HEAD_DIM_ROUNDED=128, WRITE_DQ=True, num_stages=4, num_warps=4
[rank2]:  triton_flex_attention_backward_49 0.0267 ms 88.6% BLOCKS_ARE_CONTIGUOUS=False, BLOCK_M1=32, BLOCK_M2=32, BLOCK_N1=32, BLOCK_N2=32, FLOAT32_PRECISION="'ieee'", GQA_SHARED_HEADS=1, HAS_FULL_BLOCKS=True, IS_DIVISIBLE=False, OUTPUT_LOGSUMEXP=True, OUTPUT_MAX=False, PRESCALE_QK=False, QK_HEAD_DIM=128, QK_HEAD_DIM_ROUNDED=128, ROWS_GUARANTEED_SAFE=False, SAFE_HEAD_DIM=True, SM_SCALE=0.08838834764831843, SPARSE_KV_BLOCK_SIZE=128, SPARSE_Q_BLOCK_SIZE=128, USE_TMA=False, V_HEAD_DIM=128, V_HEAD_DIM_ROUNDED=128, WRITE_DQ=True, num_stages=5, num_warps=4
[rank2]:  triton_flex_attention_backward_46 0.0284 ms 83.4% BLOCKS_ARE_CONTIGUOUS=False, BLOCK_M1=32, BLOCK_M2=32, BLOCK_N1=32, BLOCK_N2=32, FLOAT32_PRECISION="'ieee'", GQA_SHARED_HEADS=1, HAS_FULL_BLOCKS=True, IS_DIVISIBLE=False, OUTPUT_LOGSUMEXP=True, OUTPUT_MAX=False, PRESCALE_QK=False, QK_HEAD_DIM=128, QK_HEAD_DIM_ROUNDED=128, ROWS_GUARANTEED_SAFE=False, SAFE_HEAD_DIM=True, SM_SCALE=0.08838834764831843, SPARSE_KV_BLOCK_SIZE=128, SPARSE_Q_BLOCK_SIZE=128, USE_TMA=False, V_HEAD_DIM=128, V_HEAD_DIM_ROUNDED=128, WRITE_DQ=True, num_stages=1, num_warps=4
[rank2]:  triton_flex_attention_backward_56 0.0297 ms 79.7% BLOCKS_ARE_CONTIGUOUS=False, BLOCK_M1=64, BLOCK_M2=64, BLOCK_N1=64, BLOCK_N2=64, FLOAT32_PRECISION="'ieee'", GQA_SHARED_HEADS=1, HAS_FULL_BLOCKS=True, IS_DIVISIBLE=False, OUTPUT_LOGSUMEXP=True, OUTPUT_MAX=False, PRESCALE_QK=False, QK_HEAD_DIM=128, QK_HEAD_DIM_ROUNDED=128, ROWS_GUARANTEED_SAFE=False, SAFE_HEAD_DIM=True, SM_SCALE=0.08838834764831843, SPARSE_KV_BLOCK_SIZE=128, SPARSE_Q_BLOCK_SIZE=128, USE_TMA=False, V_HEAD_DIM=128, V_HEAD_DIM_ROUNDED=128, WRITE_DQ=True, num_stages=4, num_warps=4
[rank2]:  triton_flex_attention_backward_50 0.0298 ms 79.5% BLOCKS_ARE_CONTIGUOUS=False, BLOCK_M1=32, BLOCK_M2=64, BLOCK_N1=64, BLOCK_N2=32, FLOAT32_PRECISION="'ieee'", GQA_SHARED_HEADS=1, HAS_FULL_BLOCKS=True, IS_DIVISIBLE=False, OUTPUT_LOGSUMEXP=True, OUTPUT_MAX=False, PRESCALE_QK=False, QK_HEAD_DIM=128, QK_HEAD_DIM_ROUNDED=128, ROWS_GUARANTEED_SAFE=False, SAFE_HEAD_DIM=True, SM_SCALE=0.08838834764831843, SPARSE_KV_BLOCK_SIZE=128, SPARSE_Q_BLOCK_SIZE=128, USE_TMA=False, V_HEAD_DIM=128, V_HEAD_DIM_ROUNDED=128, WRITE_DQ=True, num_stages=1, num_warps=4
[rank2]:SingleProcess AUTOTUNE benchmarking takes 0.3117 seconds and 3.8775 seconds precompiling for 13 choices
[rank3]:Autotune Choices Stats:
[rank3]:{"num_choices": 13, "num_triton_choices": 13, "best_kernel": "triton_flex_attention_backward_51", "best_kernel_desc": "BLOCKS_ARE_CONTIGUOUS=False, BLOCK_M1=32, BLOCK_M2=64, BLOCK_N1=64, BLOCK_N2=32, FLOAT32_PRECISION=\"'ieee'\", GQA_SHARED_HEADS=1, HAS_FULL_BLOCKS=True, IS_DIVISIBLE=False, OUTPUT_LOGSUMEXP=True, OUTPUT_MAX=False, PRESCALE_QK=False, QK_HEAD_DIM=128, QK_HEAD_DIM_ROUNDED=128, ROWS_GUARANTEED_SAFE=False, SAFE_HEAD_DIM=True, SM_SCALE=0.08838834764831843, SPARSE_KV_BLOCK_SIZE=128, SPARSE_Q_BLOCK_SIZE=128, USE_TMA=False, V_HEAD_DIM=128, V_HEAD_DIM_ROUNDED=128, WRITE_DQ=True, num_stages=3, num_warps=4", "best_time": 0.019711999222636223, "best_triton_pos": 0}
[rank3]:AUTOTUNE flex_attention_backward(1x4x192x128, 1x4x192x128, 1x4x192x128, 1x4x192, 1x4x192, 1x4x192x128, 1x4x192x128, 1x4x192x128, 1x1x2, 1x1x2x2, 1x1x2, 1x1x2x2, 1x1x2, 1x1x2x2, 1x1x2, 1x1x2x2, 192)
[rank3]:strides: [512, 128, 512, 1], [512, 128, 512, 1], [512, 128, 512, 1], [4*Max(1, s37), Max(1, s37), 1], [4*s37, s37, 1], [512*Max(1, s37), 128*Max(1, s37), 128, 1], [512*s37, 128, 512, 1], [512*s0, 128, 512, 1], [s99, s99, 1], [s22*s72, s22*s72, s72, 1], [s56, s56, 1], [s53*s84, s53*s84, s53, 1], [s94, s94, 1], [s28*s4, s28*s4, s4, 1], [s100, s100, 1], [s11*s5, s11*s5, s11, 1], [1]
[rank3]:dtypes: torch.bfloat16, torch.bfloat16, torch.bfloat16, torch.float32, torch.float32, torch.bfloat16, torch.bfloat16, torch.bfloat16, torch.int32, torch.int32, torch.int32, torch.int32, torch.int32, torch.int32, torch.int32, torch.int32, torch.int32
[rank3]:  triton_flex_attention_backward_51 0.0197 ms 100.0% BLOCKS_ARE_CONTIGUOUS=False, BLOCK_M1=32, BLOCK_M2=64, BLOCK_N1=64, BLOCK_N2=32, FLOAT32_PRECISION="'ieee'", GQA_SHARED_HEADS=1, HAS_FULL_BLOCKS=True, IS_DIVISIBLE=False, OUTPUT_LOGSUMEXP=True, OUTPUT_MAX=False, PRESCALE_QK=False, QK_HEAD_DIM=128, QK_HEAD_DIM_ROUNDED=128, ROWS_GUARANTEED_SAFE=False, SAFE_HEAD_DIM=True, SM_SCALE=0.08838834764831843, SPARSE_KV_BLOCK_SIZE=128, SPARSE_Q_BLOCK_SIZE=128, USE_TMA=False, V_HEAD_DIM=128, V_HEAD_DIM_ROUNDED=128, WRITE_DQ=True, num_stages=3, num_warps=4
[rank3]:  triton_flex_attention_backward_52 0.0204 ms 96.7% BLOCKS_ARE_CONTIGUOUS=False, BLOCK_M1=32, BLOCK_M2=64, BLOCK_N1=64, BLOCK_N2=32, FLOAT32_PRECISION="'ieee'", GQA_SHARED_HEADS=1, HAS_FULL_BLOCKS=True, IS_DIVISIBLE=False, OUTPUT_LOGSUMEXP=True, OUTPUT_MAX=False, PRESCALE_QK=False, QK_HEAD_DIM=128, QK_HEAD_DIM_ROUNDED=128, ROWS_GUARANTEED_SAFE=False, SAFE_HEAD_DIM=True, SM_SCALE=0.08838834764831843, SPARSE_KV_BLOCK_SIZE=128, SPARSE_Q_BLOCK_SIZE=128, USE_TMA=False, V_HEAD_DIM=128, V_HEAD_DIM_ROUNDED=128, WRITE_DQ=True, num_stages=4, num_warps=4
[rank3]:  triton_flex_attention_backward_47 0.0204 ms 96.6% BLOCKS_ARE_CONTIGUOUS=False, BLOCK_M1=32, BLOCK_M2=32, BLOCK_N1=32, BLOCK_N2=32, FLOAT32_PRECISION="'ieee'", GQA_SHARED_HEADS=1, HAS_FULL_BLOCKS=True, IS_DIVISIBLE=False, OUTPUT_LOGSUMEXP=True, OUTPUT_MAX=False, PRESCALE_QK=False, QK_HEAD_DIM=128, QK_HEAD_DIM_ROUNDED=128, ROWS_GUARANTEED_SAFE=False, SAFE_HEAD_DIM=True, SM_SCALE=0.08838834764831843, SPARSE_KV_BLOCK_SIZE=128, SPARSE_Q_BLOCK_SIZE=128, USE_TMA=False, V_HEAD_DIM=128, V_HEAD_DIM_ROUNDED=128, WRITE_DQ=True, num_stages=3, num_warps=4
[rank3]:  triton_flex_attention_backward_53 0.0208 ms 94.9% BLOCKS_ARE_CONTIGUOUS=False, BLOCK_M1=32, BLOCK_M2=64, BLOCK_N1=64, BLOCK_N2=32, FLOAT32_PRECISION="'ieee'", GQA_SHARED_HEADS=1, HAS_FULL_BLOCKS=True, IS_DIVISIBLE=False, OUTPUT_LOGSUMEXP=True, OUTPUT_MAX=False, PRESCALE_QK=False, QK_HEAD_DIM=128, QK_HEAD_DIM_ROUNDED=128, ROWS_GUARANTEED_SAFE=False, SAFE_HEAD_DIM=True, SM_SCALE=0.08838834764831843, SPARSE_KV_BLOCK_SIZE=128, SPARSE_Q_BLOCK_SIZE=128, USE_TMA=False, V_HEAD_DIM=128, V_HEAD_DIM_ROUNDED=128, WRITE_DQ=True, num_stages=5, num_warps=4
[rank3]:  triton_flex_attention_backward_49 0.0216 ms 91.1% BLOCKS_ARE_CONTIGUOUS=False, BLOCK_M1=32, BLOCK_M2=32, BLOCK_N1=32, BLOCK_N2=32, FLOAT32_PRECISION="'ieee'", GQA_SHARED_HEADS=1, HAS_FULL_BLOCKS=True, IS_DIVISIBLE=False, OUTPUT_LOGSUMEXP=True, OUTPUT_MAX=False, PRESCALE_QK=False, QK_HEAD_DIM=128, QK_HEAD_DIM_ROUNDED=128, ROWS_GUARANTEED_SAFE=False, SAFE_HEAD_DIM=True, SM_SCALE=0.08838834764831843, SPARSE_KV_BLOCK_SIZE=128, SPARSE_Q_BLOCK_SIZE=128, USE_TMA=False, V_HEAD_DIM=128, V_HEAD_DIM_ROUNDED=128, WRITE_DQ=True, num_stages=5, num_warps=4
[rank3]:  triton_flex_attention_backward_48 0.0217 ms 90.9% BLOCKS_ARE_CONTIGUOUS=False, BLOCK_M1=32, BLOCK_M2=32, BLOCK_N1=32, BLOCK_N2=32, FLOAT32_PRECISION="'ieee'", GQA_SHARED_HEADS=1, HAS_FULL_BLOCKS=True, IS_DIVISIBLE=False, OUTPUT_LOGSUMEXP=True, OUTPUT_MAX=False, PRESCALE_QK=False, QK_HEAD_DIM=128, QK_HEAD_DIM_ROUNDED=128, ROWS_GUARANTEED_SAFE=False, SAFE_HEAD_DIM=True, SM_SCALE=0.08838834764831843, SPARSE_KV_BLOCK_SIZE=128, SPARSE_Q_BLOCK_SIZE=128, USE_TMA=False, V_HEAD_DIM=128, V_HEAD_DIM_ROUNDED=128, WRITE_DQ=True, num_stages=4, num_warps=4
[rank3]:  triton_flex_attention_backward_46 0.0220 ms 89.5% BLOCKS_ARE_CONTIGUOUS=False, BLOCK_M1=32, BLOCK_M2=32, BLOCK_N1=32, BLOCK_N2=32, FLOAT32_PRECISION="'ieee'", GQA_SHARED_HEADS=1, HAS_FULL_BLOCKS=True, IS_DIVISIBLE=False, OUTPUT_LOGSUMEXP=True, OUTPUT_MAX=False, PRESCALE_QK=False, QK_HEAD_DIM=128, QK_HEAD_DIM_ROUNDED=128, ROWS_GUARANTEED_SAFE=False, SAFE_HEAD_DIM=True, SM_SCALE=0.08838834764831843, SPARSE_KV_BLOCK_SIZE=128, SPARSE_Q_BLOCK_SIZE=128, USE_TMA=False, V_HEAD_DIM=128, V_HEAD_DIM_ROUNDED=128, WRITE_DQ=True, num_stages=1, num_warps=4
[rank3]:  triton_flex_attention_backward_55 0.0222 ms 88.9% BLOCKS_ARE_CONTIGUOUS=False, BLOCK_M1=64, BLOCK_M2=64, BLOCK_N1=64, BLOCK_N2=64, FLOAT32_PRECISION="'ieee'", GQA_SHARED_HEADS=1, HAS_FULL_BLOCKS=True, IS_DIVISIBLE=False, OUTPUT_LOGSUMEXP=True, OUTPUT_MAX=False, PRESCALE_QK=False, QK_HEAD_DIM=128, QK_HEAD_DIM_ROUNDED=128, ROWS_GUARANTEED_SAFE=False, SAFE_HEAD_DIM=True, SM_SCALE=0.08838834764831843, SPARSE_KV_BLOCK_SIZE=128, SPARSE_Q_BLOCK_SIZE=128, USE_TMA=False, V_HEAD_DIM=128, V_HEAD_DIM_ROUNDED=128, WRITE_DQ=True, num_stages=3, num_warps=4
[rank3]:  triton_flex_attention_backward_50 0.0245 ms 80.5% BLOCKS_ARE_CONTIGUOUS=False, BLOCK_M1=32, BLOCK_M2=64, BLOCK_N1=64, BLOCK_N2=32, FLOAT32_PRECISION="'ieee'", GQA_SHARED_HEADS=1, HAS_FULL_BLOCKS=True, IS_DIVISIBLE=False, OUTPUT_LOGSUMEXP=True, OUTPUT_MAX=False, PRESCALE_QK=False, QK_HEAD_DIM=128, QK_HEAD_DIM_ROUNDED=128, ROWS_GUARANTEED_SAFE=False, SAFE_HEAD_DIM=True, SM_SCALE=0.08838834764831843, SPARSE_KV_BLOCK_SIZE=128, SPARSE_Q_BLOCK_SIZE=128, USE_TMA=False, V_HEAD_DIM=128, V_HEAD_DIM_ROUNDED=128, WRITE_DQ=True, num_stages=1, num_warps=4
[rank3]:  triton_flex_attention_backward_56 0.0250 ms 79.0% BLOCKS_ARE_CONTIGUOUS=False, BLOCK_M1=64, BLOCK_M2=64, BLOCK_N1=64, BLOCK_N2=64, FLOAT32_PRECISION="'ieee'", GQA_SHARED_HEADS=1, HAS_FULL_BLOCKS=True, IS_DIVISIBLE=False, OUTPUT_LOGSUMEXP=True, OUTPUT_MAX=False, PRESCALE_QK=False, QK_HEAD_DIM=128, QK_HEAD_DIM_ROUNDED=128, ROWS_GUARANTEED_SAFE=False, SAFE_HEAD_DIM=True, SM_SCALE=0.08838834764831843, SPARSE_KV_BLOCK_SIZE=128, SPARSE_Q_BLOCK_SIZE=128, USE_TMA=False, V_HEAD_DIM=128, V_HEAD_DIM_ROUNDED=128, WRITE_DQ=True, num_stages=4, num_warps=4
[rank3]:SingleProcess AUTOTUNE benchmarking takes 0.3331 seconds and 3.8654 seconds precompiling for 13 choices
[rank1]:Autotune Choices Stats:
[rank1]:{"num_choices": 13, "num_triton_choices": 13, "best_kernel": "triton_flex_attention_backward_51", "best_kernel_desc": "BLOCKS_ARE_CONTIGUOUS=False, BLOCK_M1=32, BLOCK_M2=64, BLOCK_N1=64, BLOCK_N2=32, FLOAT32_PRECISION=\"'ieee'\", GQA_SHARED_HEADS=1, HAS_FULL_BLOCKS=True, IS_DIVISIBLE=False, OUTPUT_LOGSUMEXP=True, OUTPUT_MAX=False, PRESCALE_QK=False, QK_HEAD_DIM=128, QK_HEAD_DIM_ROUNDED=128, ROWS_GUARANTEED_SAFE=False, SAFE_HEAD_DIM=True, SM_SCALE=0.08838834764831843, SPARSE_KV_BLOCK_SIZE=128, SPARSE_Q_BLOCK_SIZE=128, USE_TMA=False, V_HEAD_DIM=128, V_HEAD_DIM_ROUNDED=128, WRITE_DQ=True, num_stages=3, num_warps=4", "best_time": 0.019967999309301376, "best_triton_pos": 0}
[rank1]:AUTOTUNE flex_attention_backward(1x4x192x128, 1x4x192x128, 1x4x192x128, 1x4x192, 1x4x192, 1x4x192x128, 1x4x192x128, 1x4x192x128, 1x1x2, 1x1x2x2, 1x1x2, 1x1x2x2, 1x1x2, 1x1x2x2, 1x1x2, 1x1x2x2, 192)
[rank1]:strides: [512, 128, 512, 1], [512, 128, 512, 1], [512, 128, 512, 1], [4*Max(1, s37), Max(1, s37), 1], [4*s37, s37, 1], [512*Max(1, s37), 128*Max(1, s37), 128, 1], [512*s37, 128, 512, 1], [512*s0, 128, 512, 1], [s99, s99, 1], [s22*s72, s22*s72, s72, 1], [s56, s56, 1], [s53*s84, s53*s84, s53, 1], [s94, s94, 1], [s28*s4, s28*s4, s4, 1], [s100, s100, 1], [s11*s5, s11*s5, s11, 1], [1]
[rank1]:dtypes: torch.bfloat16, torch.bfloat16, torch.bfloat16, torch.float32, torch.float32, torch.bfloat16, torch.bfloat16, torch.bfloat16, torch.int32, torch.int32, torch.int32, torch.int32, torch.int32, torch.int32, torch.int32, torch.int32, torch.int32
[rank1]:  triton_flex_attention_backward_51 0.0200 ms 100.0% BLOCKS_ARE_CONTIGUOUS=False, BLOCK_M1=32, BLOCK_M2=64, BLOCK_N1=64, BLOCK_N2=32, FLOAT32_PRECISION="'ieee'", GQA_SHARED_HEADS=1, HAS_FULL_BLOCKS=True, IS_DIVISIBLE=False, OUTPUT_LOGSUMEXP=True, OUTPUT_MAX=False, PRESCALE_QK=False, QK_HEAD_DIM=128, QK_HEAD_DIM_ROUNDED=128, ROWS_GUARANTEED_SAFE=False, SAFE_HEAD_DIM=True, SM_SCALE=0.08838834764831843, SPARSE_KV_BLOCK_SIZE=128, SPARSE_Q_BLOCK_SIZE=128, USE_TMA=False, V_HEAD_DIM=128, V_HEAD_DIM_ROUNDED=128, WRITE_DQ=True, num_stages=3, num_warps=4
[rank1]:  triton_flex_attention_backward_52 0.0204 ms 98.0% BLOCKS_ARE_CONTIGUOUS=False, BLOCK_M1=32, BLOCK_M2=64, BLOCK_N1=64, BLOCK_N2=32, FLOAT32_PRECISION="'ieee'", GQA_SHARED_HEADS=1, HAS_FULL_BLOCKS=True, IS_DIVISIBLE=False, OUTPUT_LOGSUMEXP=True, OUTPUT_MAX=False, PRESCALE_QK=False, QK_HEAD_DIM=128, QK_HEAD_DIM_ROUNDED=128, ROWS_GUARANTEED_SAFE=False, SAFE_HEAD_DIM=True, SM_SCALE=0.08838834764831843, SPARSE_KV_BLOCK_SIZE=128, SPARSE_Q_BLOCK_SIZE=128, USE_TMA=False, V_HEAD_DIM=128, V_HEAD_DIM_ROUNDED=128, WRITE_DQ=True, num_stages=4, num_warps=4
[rank1]:  triton_flex_attention_backward_47 0.0205 ms 97.2% BLOCKS_ARE_CONTIGUOUS=False, BLOCK_M1=32, BLOCK_M2=32, BLOCK_N1=32, BLOCK_N2=32, FLOAT32_PRECISION="'ieee'", GQA_SHARED_HEADS=1, HAS_FULL_BLOCKS=True, IS_DIVISIBLE=False, OUTPUT_LOGSUMEXP=True, OUTPUT_MAX=False, PRESCALE_QK=False, QK_HEAD_DIM=128, QK_HEAD_DIM_ROUNDED=128, ROWS_GUARANTEED_SAFE=False, SAFE_HEAD_DIM=True, SM_SCALE=0.08838834764831843, SPARSE_KV_BLOCK_SIZE=128, SPARSE_Q_BLOCK_SIZE=128, USE_TMA=False, V_HEAD_DIM=128, V_HEAD_DIM_ROUNDED=128, WRITE_DQ=True, num_stages=3, num_warps=4
[rank1]:  triton_flex_attention_backward_53 0.0209 ms 95.7% BLOCKS_ARE_CONTIGUOUS=False, BLOCK_M1=32, BLOCK_M2=64, BLOCK_N1=64, BLOCK_N2=32, FLOAT32_PRECISION="'ieee'", GQA_SHARED_HEADS=1, HAS_FULL_BLOCKS=True, IS_DIVISIBLE=False, OUTPUT_LOGSUMEXP=True, OUTPUT_MAX=False, PRESCALE_QK=False, QK_HEAD_DIM=128, QK_HEAD_DIM_ROUNDED=128, ROWS_GUARANTEED_SAFE=False, SAFE_HEAD_DIM=True, SM_SCALE=0.08838834764831843, SPARSE_KV_BLOCK_SIZE=128, SPARSE_Q_BLOCK_SIZE=128, USE_TMA=False, V_HEAD_DIM=128, V_HEAD_DIM_ROUNDED=128, WRITE_DQ=True, num_stages=5, num_warps=4
[rank1]:  triton_flex_attention_backward_48 0.0216 ms 92.6% BLOCKS_ARE_CONTIGUOUS=False, BLOCK_M1=32, BLOCK_M2=32, BLOCK_N1=32, BLOCK_N2=32, FLOAT32_PRECISION="'ieee'", GQA_SHARED_HEADS=1, HAS_FULL_BLOCKS=True, IS_DIVISIBLE=False, OUTPUT_LOGSUMEXP=True, OUTPUT_MAX=False, PRESCALE_QK=False, QK_HEAD_DIM=128, QK_HEAD_DIM_ROUNDED=128, ROWS_GUARANTEED_SAFE=False, SAFE_HEAD_DIM=True, SM_SCALE=0.08838834764831843, SPARSE_KV_BLOCK_SIZE=128, SPARSE_Q_BLOCK_SIZE=128, USE_TMA=False, V_HEAD_DIM=128, V_HEAD_DIM_ROUNDED=128, WRITE_DQ=True, num_stages=4, num_warps=4
[rank1]:  triton_flex_attention_backward_49 0.0217 ms 91.9% BLOCKS_ARE_CONTIGUOUS=False, BLOCK_M1=32, BLOCK_M2=32, BLOCK_N1=32, BLOCK_N2=32, FLOAT32_PRECISION="'ieee'", GQA_SHARED_HEADS=1, HAS_FULL_BLOCKS=True, IS_DIVISIBLE=False, OUTPUT_LOGSUMEXP=True, OUTPUT_MAX=False, PRESCALE_QK=False, QK_HEAD_DIM=128, QK_HEAD_DIM_ROUNDED=128, ROWS_GUARANTEED_SAFE=False, SAFE_HEAD_DIM=True, SM_SCALE=0.08838834764831843, SPARSE_KV_BLOCK_SIZE=128, SPARSE_Q_BLOCK_SIZE=128, USE_TMA=False, V_HEAD_DIM=128, V_HEAD_DIM_ROUNDED=128, WRITE_DQ=True, num_stages=5, num_warps=4
[rank1]:  triton_flex_attention_backward_46 0.0219 ms 91.1% BLOCKS_ARE_CONTIGUOUS=False, BLOCK_M1=32, BLOCK_M2=32, BLOCK_N1=32, BLOCK_N2=32, FLOAT32_PRECISION="'ieee'", GQA_SHARED_HEADS=1, HAS_FULL_BLOCKS=True, IS_DIVISIBLE=False, OUTPUT_LOGSUMEXP=True, OUTPUT_MAX=False, PRESCALE_QK=False, QK_HEAD_DIM=128, QK_HEAD_DIM_ROUNDED=128, ROWS_GUARANTEED_SAFE=False, SAFE_HEAD_DIM=True, SM_SCALE=0.08838834764831843, SPARSE_KV_BLOCK_SIZE=128, SPARSE_Q_BLOCK_SIZE=128, USE_TMA=False, V_HEAD_DIM=128, V_HEAD_DIM_ROUNDED=128, WRITE_DQ=True, num_stages=1, num_warps=4
[rank1]:  triton_flex_attention_backward_55 0.0224 ms 89.1% BLOCKS_ARE_CONTIGUOUS=False, BLOCK_M1=64, BLOCK_M2=64, BLOCK_N1=64, BLOCK_N2=64, FLOAT32_PRECISION="'ieee'", GQA_SHARED_HEADS=1, HAS_FULL_BLOCKS=True, IS_DIVISIBLE=False, OUTPUT_LOGSUMEXP=True, OUTPUT_MAX=False, PRESCALE_QK=False, QK_HEAD_DIM=128, QK_HEAD_DIM_ROUNDED=128, ROWS_GUARANTEED_SAFE=False, SAFE_HEAD_DIM=True, SM_SCALE=0.08838834764831843, SPARSE_KV_BLOCK_SIZE=128, SPARSE_Q_BLOCK_SIZE=128, USE_TMA=False, V_HEAD_DIM=128, V_HEAD_DIM_ROUNDED=128, WRITE_DQ=True, num_stages=3, num_warps=4
[rank1]:  triton_flex_attention_backward_50 0.0236 ms 84.6% BLOCKS_ARE_CONTIGUOUS=False, BLOCK_M1=32, BLOCK_M2=64, BLOCK_N1=64, BLOCK_N2=32, FLOAT32_PRECISION="'ieee'", GQA_SHARED_HEADS=1, HAS_FULL_BLOCKS=True, IS_DIVISIBLE=False, OUTPUT_LOGSUMEXP=True, OUTPUT_MAX=False, PRESCALE_QK=False, QK_HEAD_DIM=128, QK_HEAD_DIM_ROUNDED=128, ROWS_GUARANTEED_SAFE=False, SAFE_HEAD_DIM=True, SM_SCALE=0.08838834764831843, SPARSE_KV_BLOCK_SIZE=128, SPARSE_Q_BLOCK_SIZE=128, USE_TMA=False, V_HEAD_DIM=128, V_HEAD_DIM_ROUNDED=128, WRITE_DQ=True, num_stages=1, num_warps=4
[rank1]:  triton_flex_attention_backward_56 0.0250 ms 80.0% BLOCKS_ARE_CONTIGUOUS=False, BLOCK_M1=64, BLOCK_M2=64, BLOCK_N1=64, BLOCK_N2=64, FLOAT32_PRECISION="'ieee'", GQA_SHARED_HEADS=1, HAS_FULL_BLOCKS=True, IS_DIVISIBLE=False, OUTPUT_LOGSUMEXP=True, OUTPUT_MAX=False, PRESCALE_QK=False, QK_HEAD_DIM=128, QK_HEAD_DIM_ROUNDED=128, ROWS_GUARANTEED_SAFE=False, SAFE_HEAD_DIM=True, SM_SCALE=0.08838834764831843, SPARSE_KV_BLOCK_SIZE=128, SPARSE_Q_BLOCK_SIZE=128, USE_TMA=False, V_HEAD_DIM=128, V_HEAD_DIM_ROUNDED=128, WRITE_DQ=True, num_stages=4, num_warps=4
[rank1]:SingleProcess AUTOTUNE benchmarking takes 0.3324 seconds and 3.9396 seconds precompiling for 13 choices
[rank2]:/root/mep/venv_src/lib/python3.12/site-packages/torch/distributed/fsdp/_fully_shard/_fsdp_state.py:336: UserWarning: FSDP2-wrapped module (FSDPKimiK3TransformerBlock) returned a view tensor. An in-place op on this view (e.g., `x += y`) will silently drop the pre-backward hook and skip the all-gather, which can cause backward to fail or produce wrong gradients. Use out-of-place ops (`out = out + y`, not `out += y`) or `.clone()` the output before any in-place op.
[rank2]:  output = self._register_pre_backward_hook(output)
[rank1]:/root/mep/venv_src/lib/python3.12/site-packages/torch/distributed/fsdp/_fully_shard/_fsdp_state.py:336: UserWarning: FSDP2-wrapped module (FSDPKimiK3TransformerBlock) returned a view tensor. An in-place op on this view (e.g., `x += y`) will silently drop the pre-backward hook and skip the all-gather, which can cause backward to fail or produce wrong gradients. Use out-of-place ops (`out = out + y`, not `out += y`) or `.clone()` the output before any in-place op.
[rank1]:  output = self._register_pre_backward_hook(output)
[rank3]:/root/mep/venv_src/lib/python3.12/site-packages/torch/distributed/fsdp/_fully_shard/_fsdp_state.py:336: UserWarning: FSDP2-wrapped module (FSDPKimiK3TransformerBlock) returned a view tensor. An in-place op on this view (e.g., `x += y`) will silently drop the pre-backward hook and skip the all-gather, which can cause backward to fail or produce wrong gradients. Use out-of-place ops (`out = out + y`, not `out += y`) or `.clone()` the output before any in-place op.
[rank3]:  output = self._register_pre_backward_hook(output)
[rank3]:[titan] 2026-09-30 11:59:42,349 - torchtitan.observability.metrics - INFO - [31mstep:  2  [32mloss:  7.75811  [38;2;180;60;0mgrad_norm:  2.6094  [38;2;54;234;195mmemory:  0.54GiB(0.68%)  [34mtps: 36  [36mtflops: 0.00  [35mmfu: 0.00%[39m
[rank0]:[titan] 2026-09-30 11:59:42,349 - torchtitan.observability.metrics - INFO - [31mstep:  2  [32mloss:  7.75811  [38;2;180;60;0mgrad_norm:  2.6094  [38;2;54;234;195mmemory:  0.55GiB(0.69%)  [34mtps: 36  [36mtflops: 0.00  [35mmfu: 0.00%[39m
[rank2]:[titan] 2026-09-30 11:59:42,349 - torchtitan.observability.metrics - INFO - [31mstep:  2  [32mloss:  7.75811  [38;2;180;60;0mgrad_norm:  2.6094  [38;2;54;234;195mmemory:  0.54GiB(0.68%)  [34mtps: 36  [36mtflops: 0.00  [35mmfu: 0.00%[39m
[rank1]:[titan] 2026-09-30 11:59:42,349 - torchtitan.observability.metrics - INFO - [31mstep:  2  [32mloss:  7.75811  [38;2;180;60;0mgrad_norm:  2.6094  [38;2;54;234;195mmemory:  0.54GiB(0.68%)  [34mtps: 36  [36mtflops: 0.00  [35mmfu: 0.00%[39m
[rank0]:Autotune Choices Stats:
[rank0]:{"num_choices": 7, "num_triton_choices": 7, "best_kernel": "triton_flex_attention_44", "best_kernel_desc": "BLOCKS_ARE_CONTIGUOUS=False, BLOCK_M=64, BLOCK_N=64, FLOAT32_PRECISION=\"'ieee'\", GQA_SHARED_HEADS=1, HAS_FULL_BLOCKS=True, IS_DIVISIBLE=False, OUTPUT_LOGSUMEXP=True, OUTPUT_MAX=False, PRESCALE_QK=False, QK_HEAD_DIM=128, QK_HEAD_DIM_ROUNDED=128, ROWS_GUARANTEED_SAFE=False, SAFE_HEAD_DIM=True, SM_SCALE=0.08838834764831843, SPARSE_KV_BLOCK_SIZE=128, SPARSE_Q_BLOCK_SIZE=128, USE_TMA=False, V_HEAD_DIM=128, V_HEAD_DIM_ROUNDED=128, WRITE_DQ=True, num_stages=3, num_warps=4", "best_time": 0.01708799973130226, "best_triton_pos": 0}
[rank0]:AUTOTUNE flex_attention(1x4x256x128, 1x4x256x128, 1x4x256x128, 1x4x256, 1x4x256, 1x1x2, 1x1x2x2, 1x1x2, 1x1x2x2, 256)
[rank0]:strides: [512, 128, 512, 1], [512, 128, 512, 1], [512, 128, 512, 1], [4*s37, s37, 1], [4*s37, s37, 1], [s99, s99, 1], [s22*s72, s22*s72, s72, 1], [s94, s94, 1], [s28*s4, s28*s4, s4, 1], [1]
[rank0]:dtypes: torch.bfloat16, torch.bfloat16, torch.bfloat16, torch.float32, torch.float32, torch.int32, torch.int32, torch.int32, torch.int32, torch.int32
[rank0]:  triton_flex_attention_44 0.0171 ms 100.0% BLOCKS_ARE_CONTIGUOUS=False, BLOCK_M=64, BLOCK_N=64, FLOAT32_PRECISION="'ieee'", GQA_SHARED_HEADS=1, HAS_FULL_BLOCKS=True, IS_DIVISIBLE=False, OUTPUT_LOGSUMEXP=True, OUTPUT_MAX=False, PRESCALE_QK=False, QK_HEAD_DIM=128, QK_HEAD_DIM_ROUNDED=128, ROWS_GUARANTEED_SAFE=False, SAFE_HEAD_DIM=True, SM_SCALE=0.08838834764831843, SPARSE_KV_BLOCK_SIZE=128, SPARSE_Q_BLOCK_SIZE=128, USE_TMA=False, V_HEAD_DIM=128, V_HEAD_DIM_ROUNDED=128, WRITE_DQ=True, num_stages=3, num_warps=4
[rank0]:  triton_flex_attention_43 0.0181 ms 94.3% BLOCKS_ARE_CONTIGUOUS=False, BLOCK_M=64, BLOCK_N=128, FLOAT32_PRECISION="'ieee'", GQA_SHARED_HEADS=1, HAS_FULL_BLOCKS=True, IS_DIVISIBLE=False, OUTPUT_LOGSUMEXP=True, OUTPUT_MAX=False, PRESCALE_QK=False, QK_HEAD_DIM=128, QK_HEAD_DIM_ROUNDED=128, ROWS_GUARANTEED_SAFE=False, SAFE_HEAD_DIM=True, SM_SCALE=0.08838834764831843, SPARSE_KV_BLOCK_SIZE=128, SPARSE_Q_BLOCK_SIZE=128, USE_TMA=False, V_HEAD_DIM=128, V_HEAD_DIM_ROUNDED=128, WRITE_DQ=True, num_stages=3, num_warps=4
[rank0]:  triton_flex_attention_45 0.0213 ms 80.2% BLOCKS_ARE_CONTIGUOUS=False, BLOCK_M=128, BLOCK_N=64, FLOAT32_PRECISION="'ieee'", GQA_SHARED_HEADS=1, HAS_FULL_BLOCKS=True, IS_DIVISIBLE=False, OUTPUT_LOGSUMEXP=True, OUTPUT_MAX=False, PRESCALE_QK=False, QK_HEAD_DIM=128, QK_HEAD_DIM_ROUNDED=128, ROWS_GUARANTEED_SAFE=False, SAFE_HEAD_DIM=True, SM_SCALE=0.08838834764831843, SPARSE_KV_BLOCK_SIZE=128, SPARSE_Q_BLOCK_SIZE=128, USE_TMA=False, V_HEAD_DIM=128, V_HEAD_DIM_ROUNDED=128, WRITE_DQ=True, num_stages=3, num_warps=8
[rank0]:  triton_flex_attention_41 0.0221 ms 77.3% BLOCKS_ARE_CONTIGUOUS=False, BLOCK_M=128, BLOCK_N=128, FLOAT32_PRECISION="'ieee'", GQA_SHARED_HEADS=1, HAS_FULL_BLOCKS=True, IS_DIVISIBLE=False, OUTPUT_LOGSUMEXP=True, OUTPUT_MAX=False, PRESCALE_QK=False, QK_HEAD_DIM=128, QK_HEAD_DIM_ROUNDED=128, ROWS_GUARANTEED_SAFE=False, SAFE_HEAD_DIM=True, SM_SCALE=0.08838834764831843, SPARSE_KV_BLOCK_SIZE=128, SPARSE_Q_BLOCK_SIZE=128, USE_TMA=False, V_HEAD_DIM=128, V_HEAD_DIM_ROUNDED=128, WRITE_DQ=True, num_stages=2, num_warps=8
[rank0]:  triton_flex_attention_42 0.0250 ms 68.4% BLOCKS_ARE_CONTIGUOUS=False, BLOCK_M=128, BLOCK_N=128, FLOAT32_PRECISION="'ieee'", GQA_SHARED_HEADS=1, HAS_FULL_BLOCKS=True, IS_DIVISIBLE=False, OUTPUT_LOGSUMEXP=True, OUTPUT_MAX=False, PRESCALE_QK=False, QK_HEAD_DIM=128, QK_HEAD_DIM_ROUNDED=128, ROWS_GUARANTEED_SAFE=False, SAFE_HEAD_DIM=True, SM_SCALE=0.08838834764831843, SPARSE_KV_BLOCK_SIZE=128, SPARSE_Q_BLOCK_SIZE=128, USE_TMA=False, V_HEAD_DIM=128, V_HEAD_DIM_ROUNDED=128, WRITE_DQ=True, num_stages=1, num_warps=8
[rank0]:  triton_flex_attention_39 0.0367 ms 46.6% BLOCKS_ARE_CONTIGUOUS=False, BLOCK_M=128, BLOCK_N=64, FLOAT32_PRECISION="'ieee'", GQA_SHARED_HEADS=1, HAS_FULL_BLOCKS=True, IS_DIVISIBLE=False, OUTPUT_LOGSUMEXP=True, OUTPUT_MAX=False, PRESCALE_QK=False, QK_HEAD_DIM=128, QK_HEAD_DIM_ROUNDED=128, ROWS_GUARANTEED_SAFE=False, SAFE_HEAD_DIM=True, SM_SCALE=0.08838834764831843, SPARSE_KV_BLOCK_SIZE=128, SPARSE_Q_BLOCK_SIZE=128, USE_TMA=False, V_HEAD_DIM=128, V_HEAD_DIM_ROUNDED=128, WRITE_DQ=True, num_stages=3, num_warps=4
[rank0]:  triton_flex_attention_40 0.0443 ms 38.6% BLOCKS_ARE_CONTIGUOUS=False, BLOCK_M=128, BLOCK_N=128, FLOAT32_PRECISION="'ieee'", GQA_SHARED_HEADS=1, HAS_FULL_BLOCKS=True, IS_DIVISIBLE=False, OUTPUT_LOGSUMEXP=True, OUTPUT_MAX=False, PRESCALE_QK=False, QK_HEAD_DIM=128, QK_HEAD_DIM_ROUNDED=128, ROWS_GUARANTEED_SAFE=False, SAFE_HEAD_DIM=True, SM_SCALE=0.08838834764831843, SPARSE_KV_BLOCK_SIZE=128, SPARSE_Q_BLOCK_SIZE=128, USE_TMA=False, V_HEAD_DIM=128, V_HEAD_DIM_ROUNDED=128, WRITE_DQ=True, num_stages=3, num_warps=4
[rank0]:SingleProcess AUTOTUNE benchmarking takes 0.1143 seconds and 0.0244 seconds precompiling for 7 choices
[rank0]:Autotune Choices Stats:
[rank0]:{"num_choices": 13, "num_triton_choices": 13, "best_kernel": "triton_flex_attention_backward_51", "best_kernel_desc": "BLOCKS_ARE_CONTIGUOUS=False, BLOCK_M1=32, BLOCK_M2=64, BLOCK_N1=64, BLOCK_N2=32, FLOAT32_PRECISION=\"'ieee'\", GQA_SHARED_HEADS=1, HAS_FULL_BLOCKS=True, IS_DIVISIBLE=False, OUTPUT_LOGSUMEXP=True, OUTPUT_MAX=False, PRESCALE_QK=False, QK_HEAD_DIM=128, QK_HEAD_DIM_ROUNDED=128, ROWS_GUARANTEED_SAFE=False, SAFE_HEAD_DIM=True, SM_SCALE=0.08838834764831843, SPARSE_KV_BLOCK_SIZE=128, SPARSE_Q_BLOCK_SIZE=128, USE_TMA=False, V_HEAD_DIM=128, V_HEAD_DIM_ROUNDED=128, WRITE_DQ=True, num_stages=3, num_warps=4", "best_time": 0.023231999948620796, "best_triton_pos": 0}
[rank0]:AUTOTUNE flex_attention_backward(1x4x256x128, 1x4x256x128, 1x4x256x128, 1x4x256, 1x4x256, 1x4x256x128, 1x4x256x128, 1x4x256x128, 1x1x2, 1x1x2x2, 1x1x2, 1x1x2x2, 1x1x2, 1x1x2x2, 1x1x2, 1x1x2x2, 256)
[rank0]:strides: [512, 128, 512, 1], [512, 128, 512, 1], [512, 128, 512, 1], [4*Max(1, s37), Max(1, s37), 1], [4*s37, s37, 1], [512*Max(1, s37), 128*Max(1, s37), 128, 1], [512*s37, 128, 512, 1], [512*s0, 128, 512, 1], [s99, s99, 1], [s22*s72, s22*s72, s72, 1], [s56, s56, 1], [s53*s84, s53*s84, s53, 1], [s94, s94, 1], [s28*s4, s28*s4, s4, 1], [s100, s100, 1], [s11*s5, s11*s5, s11, 1], [1]
[rank0]:dtypes: torch.bfloat16, torch.bfloat16, torch.bfloat16, torch.float32, torch.float32, torch.bfloat16, torch.bfloat16, torch.bfloat16, torch.int32, torch.int32, torch.int32, torch.int32, torch.int32, torch.int32, torch.int32, torch.int32, torch.int32
[rank0]:  triton_flex_attention_backward_51 0.0232 ms 100.0% BLOCKS_ARE_CONTIGUOUS=False, BLOCK_M1=32, BLOCK_M2=64, BLOCK_N1=64, BLOCK_N2=32, FLOAT32_PRECISION="'ieee'", GQA_SHARED_HEADS=1, HAS_FULL_BLOCKS=True, IS_DIVISIBLE=False, OUTPUT_LOGSUMEXP=True, OUTPUT_MAX=False, PRESCALE_QK=False, QK_HEAD_DIM=128, QK_HEAD_DIM_ROUNDED=128, ROWS_GUARANTEED_SAFE=False, SAFE_HEAD_DIM=True, SM_SCALE=0.08838834764831843, SPARSE_KV_BLOCK_SIZE=128, SPARSE_Q_BLOCK_SIZE=128, USE_TMA=False, V_HEAD_DIM=128, V_HEAD_DIM_ROUNDED=128, WRITE_DQ=True, num_stages=3, num_warps=4
[rank0]:  triton_flex_attention_backward_52 0.0239 ms 97.1% BLOCKS_ARE_CONTIGUOUS=False, BLOCK_M1=32, BLOCK_M2=64, BLOCK_N1=64, BLOCK_N2=32, FLOAT32_PRECISION="'ieee'", GQA_SHARED_HEADS=1, HAS_FULL_BLOCKS=True, IS_DIVISIBLE=False, OUTPUT_LOGSUMEXP=True, OUTPUT_MAX=False, PRESCALE_QK=False, QK_HEAD_DIM=128, QK_HEAD_DIM_ROUNDED=128, ROWS_GUARANTEED_SAFE=False, SAFE_HEAD_DIM=True, SM_SCALE=0.08838834764831843, SPARSE_KV_BLOCK_SIZE=128, SPARSE_Q_BLOCK_SIZE=128, USE_TMA=False, V_HEAD_DIM=128, V_HEAD_DIM_ROUNDED=128, WRITE_DQ=True, num_stages=4, num_warps=4
[rank0]:  triton_flex_attention_backward_53 0.0244 ms 95.3% BLOCKS_ARE_CONTIGUOUS=False, BLOCK_M1=32, BLOCK_M2=64, BLOCK_N1=64, BLOCK_N2=32, FLOAT32_PRECISION="'ieee'", GQA_SHARED_HEADS=1, HAS_FULL_BLOCKS=True, IS_DIVISIBLE=False, OUTPUT_LOGSUMEXP=True, OUTPUT_MAX=False, PRESCALE_QK=False, QK_HEAD_DIM=128, QK_HEAD_DIM_ROUNDED=128, ROWS_GUARANTEED_SAFE=False, SAFE_HEAD_DIM=True, SM_SCALE=0.08838834764831843, SPARSE_KV_BLOCK_SIZE=128, SPARSE_Q_BLOCK_SIZE=128, USE_TMA=False, V_HEAD_DIM=128, V_HEAD_DIM_ROUNDED=128, WRITE_DQ=True, num_stages=5, num_warps=4
[rank0]:  triton_flex_attention_backward_47 0.0250 ms 93.0% BLOCKS_ARE_CONTIGUOUS=False, BLOCK_M1=32, BLOCK_M2=32, BLOCK_N1=32, BLOCK_N2=32, FLOAT32_PRECISION="'ieee'", GQA_SHARED_HEADS=1, HAS_FULL_BLOCKS=True, IS_DIVISIBLE=False, OUTPUT_LOGSUMEXP=True, OUTPUT_MAX=False, PRESCALE_QK=False, QK_HEAD_DIM=128, QK_HEAD_DIM_ROUNDED=128, ROWS_GUARANTEED_SAFE=False, SAFE_HEAD_DIM=True, SM_SCALE=0.08838834764831843, SPARSE_KV_BLOCK_SIZE=128, SPARSE_Q_BLOCK_SIZE=128, USE_TMA=False, V_HEAD_DIM=128, V_HEAD_DIM_ROUNDED=128, WRITE_DQ=True, num_stages=3, num_warps=4
[rank0]:  triton_flex_attention_backward_55 0.0263 ms 88.2% BLOCKS_ARE_CONTIGUOUS=False, BLOCK_M1=64, BLOCK_M2=64, BLOCK_N1=64, BLOCK_N2=64, FLOAT32_PRECISION="'ieee'", GQA_SHARED_HEADS=1, HAS_FULL_BLOCKS=True, IS_DIVISIBLE=False, OUTPUT_LOGSUMEXP=True, OUTPUT_MAX=False, PRESCALE_QK=False, QK_HEAD_DIM=128, QK_HEAD_DIM_ROUNDED=128, ROWS_GUARANTEED_SAFE=False, SAFE_HEAD_DIM=True, SM_SCALE=0.08838834764831843, SPARSE_KV_BLOCK_SIZE=128, SPARSE_Q_BLOCK_SIZE=128, USE_TMA=False, V_HEAD_DIM=128, V_HEAD_DIM_ROUNDED=128, WRITE_DQ=True, num_stages=3, num_warps=4
[rank0]:  triton_flex_attention_backward_48 0.0265 ms 87.7% BLOCKS_ARE_CONTIGUOUS=False, BLOCK_M1=32, BLOCK_M2=32, BLOCK_N1=32, BLOCK_N2=32, FLOAT32_PRECISION="'ieee'", GQA_SHARED_HEADS=1, HAS_FULL_BLOCKS=True, IS_DIVISIBLE=False, OUTPUT_LOGSUMEXP=True, OUTPUT_MAX=False, PRESCALE_QK=False, QK_HEAD_DIM=128, QK_HEAD_DIM_ROUNDED=128, ROWS_GUARANTEED_SAFE=False, SAFE_HEAD_DIM=True, SM_SCALE=0.08838834764831843, SPARSE_KV_BLOCK_SIZE=128, SPARSE_Q_BLOCK_SIZE=128, USE_TMA=False, V_HEAD_DIM=128, V_HEAD_DIM_ROUNDED=128, WRITE_DQ=True, num_stages=4, num_warps=4
[rank0]:  triton_flex_attention_backward_49 0.0265 ms 87.7% BLOCKS_ARE_CONTIGUOUS=False, BLOCK_M1=32, BLOCK_M2=32, BLOCK_N1=32, BLOCK_N2=32, FLOAT32_PRECISION="'ieee'", GQA_SHARED_HEADS=1, HAS_FULL_BLOCKS=True, IS_DIVISIBLE=False, OUTPUT_LOGSUMEXP=True, OUTPUT_MAX=False, PRESCALE_QK=False, QK_HEAD_DIM=128, QK_HEAD_DIM_ROUNDED=128, ROWS_GUARANTEED_SAFE=False, SAFE_HEAD_DIM=True, SM_SCALE=0.08838834764831843, SPARSE_KV_BLOCK_SIZE=128, SPARSE_Q_BLOCK_SIZE=128, USE_TMA=False, V_HEAD_DIM=128, V_HEAD_DIM_ROUNDED=128, WRITE_DQ=True, num_stages=5, num_warps=4
[rank0]:  triton_flex_attention_backward_46 0.0284 ms 81.9% BLOCKS_ARE_CONTIGUOUS=False, BLOCK_M1=32, BLOCK_M2=32, BLOCK_N1=32, BLOCK_N2=32, FLOAT32_PRECISION="'ieee'", GQA_SHARED_HEADS=1, HAS_FULL_BLOCKS=True, IS_DIVISIBLE=False, OUTPUT_LOGSUMEXP=True, OUTPUT_MAX=False, PRESCALE_QK=False, QK_HEAD_DIM=128, QK_HEAD_DIM_ROUNDED=128, ROWS_GUARANTEED_SAFE=False, SAFE_HEAD_DIM=True, SM_SCALE=0.08838834764831843, SPARSE_KV_BLOCK_SIZE=128, SPARSE_Q_BLOCK_SIZE=128, USE_TMA=False, V_HEAD_DIM=128, V_HEAD_DIM_ROUNDED=128, WRITE_DQ=True, num_stages=1, num_warps=4
[rank0]:  triton_flex_attention_backward_50 0.0296 ms 78.4% BLOCKS_ARE_CONTIGUOUS=False, BLOCK_M1=32, BLOCK_M2=64, BLOCK_N1=64, BLOCK_N2=32, FLOAT32_PRECISION="'ieee'", GQA_SHARED_HEADS=1, HAS_FULL_BLOCKS=True, IS_DIVISIBLE=False, OUTPUT_LOGSUMEXP=True, OUTPUT_MAX=False, PRESCALE_QK=False, QK_HEAD_DIM=128, QK_HEAD_DIM_ROUNDED=128, ROWS_GUARANTEED_SAFE=False, SAFE_HEAD_DIM=True, SM_SCALE=0.08838834764831843, SPARSE_KV_BLOCK_SIZE=128, SPARSE_Q_BLOCK_SIZE=128, USE_TMA=False, V_HEAD_DIM=128, V_HEAD_DIM_ROUNDED=128, WRITE_DQ=True, num_stages=1, num_warps=4
[rank0]:  triton_flex_attention_backward_56 0.0296 ms 78.4% BLOCKS_ARE_CONTIGUOUS=False, BLOCK_M1=64, BLOCK_M2=64, BLOCK_N1=64, BLOCK_N2=64, FLOAT32_PRECISION="'ieee'", GQA_SHARED_HEADS=1, HAS_FULL_BLOCKS=True, IS_DIVISIBLE=False, OUTPUT_LOGSUMEXP=True, OUTPUT_MAX=False, PRESCALE_QK=False, QK_HEAD_DIM=128, QK_HEAD_DIM_ROUNDED=128, ROWS_GUARANTEED_SAFE=False, SAFE_HEAD_DIM=True, SM_SCALE=0.08838834764831843, SPARSE_KV_BLOCK_SIZE=128, SPARSE_Q_BLOCK_SIZE=128, USE_TMA=False, V_HEAD_DIM=128, V_HEAD_DIM_ROUNDED=128, WRITE_DQ=True, num_stages=4, num_warps=4
[rank0]:SingleProcess AUTOTUNE benchmarking takes 0.2886 seconds and 0.0385 seconds precompiling for 13 choices
[rank0]:/root/mep/venv_src/lib/python3.12/site-packages/torch/distributed/fsdp/_fully_shard/_fsdp_state.py:336: UserWarning: FSDP2-wrapped module (FSDPKimiK3TransformerBlock) returned a view tensor. An in-place op on this view (e.g., `x += y`) will silently drop the pre-backward hook and skip the all-gather, which can cause backward to fail or produce wrong gradients. Use out-of-place ops (`out = out + y`, not `out += y`) or `.clone()` the output before any in-place op.
[rank0]:  output = self._register_pre_backward_hook(output)
[rank3]:[titan] 2026-09-30 11:59:46,665 - torchtitan.observability.metrics - INFO - [31mstep:  3  [32mloss:  7.65839  [38;2;180;60;0mgrad_norm:  3.7812  [38;2;54;234;195mmemory:  0.54GiB(0.68%)  [34mtps: 119  [36mtflops: 0.02  [35mmfu: 0.00%[39m
[rank0]:[titan] 2026-09-30 11:59:46,665 - torchtitan.observability.metrics - INFO - [31mstep:  3  [32mloss:  7.65839  [38;2;180;60;0mgrad_norm:  3.7812  [38;2;54;234;195mmemory:  0.55GiB(0.69%)  [34mtps: 119  [36mtflops: 0.02  [35mmfu: 0.00%[39m
[rank2]:[titan] 2026-09-30 11:59:46,665 - torchtitan.observability.metrics - INFO - [31mstep:  3  [32mloss:  7.65839  [38;2;180;60;0mgrad_norm:  3.7812  [38;2;54;234;195mmemory:  0.54GiB(0.68%)  [34mtps: 119  [36mtflops: 0.02  [35mmfu: 0.00%[39m
[rank1]:[titan] 2026-09-30 11:59:46,666 - torchtitan.observability.metrics - INFO - [31mstep:  3  [32mloss:  7.65839  [38;2;180;60;0mgrad_norm:  3.7812  [38;2;54;234;195mmemory:  0.54GiB(0.68%)  [34mtps: 119  [36mtflops: 0.02  [35mmfu: 0.00%[39m
[rank3]:[titan] 2026-09-30 11:59:47,084 - torchtitan.observability.metrics - INFO - [31mstep:  4  [32mloss:  7.31426  [38;2;180;60;0mgrad_norm:  4.6250  [38;2;54;234;195mmemory:  0.54GiB(0.68%)  [34mtps: 1,221  [36mtflops: 0.16  [35mmfu: 0.02%[39m
[rank0]:[titan] 2026-09-30 11:59:47,084 - torchtitan.observability.metrics - INFO - [31mstep:  4  [32mloss:  7.31426  [38;2;180;60;0mgrad_norm:  4.6250  [38;2;54;234;195mmemory:  0.55GiB(0.69%)  [34mtps: 1,222  [36mtflops: 0.16  [35mmfu: 0.02%[39m
[rank2]:[titan] 2026-09-30 11:59:47,084 - torchtitan.observability.metrics - INFO - [31mstep:  4  [32mloss:  7.31426  [38;2;180;60;0mgrad_norm:  4.6250  [38;2;54;234;195mmemory:  0.54GiB(0.68%)  [34mtps: 1,222  [36mtflops: 0.16  [35mmfu: 0.02%[39m
[rank1]:[titan] 2026-09-30 11:59:47,084 - torchtitan.observability.metrics - INFO - [31mstep:  4  [32mloss:  7.31426  [38;2;180;60;0mgrad_norm:  4.6250  [38;2;54;234;195mmemory:  0.54GiB(0.68%)  [34mtps: 1,223  [36mtflops: 0.16  [35mmfu: 0.02%[39m
[rank0]:[titan] 2026-09-30 11:59:47,492 - torchtitan.observability.metrics - INFO - [31mstep:  5  [32mloss:  6.76480  [38;2;180;60;0mgrad_norm:  6.9375  [38;2;54;234;195mmemory:  0.55GiB(0.69%)  [34mtps: 1,257  [36mtflops: 0.16  [35mmfu: 0.02%[39m
[rank3]:[titan] 2026-09-30 11:59:47,492 - torchtitan.observability.metrics - INFO - [31mstep:  5  [32mloss:  6.76480  [38;2;180;60;0mgrad_norm:  6.9375  [38;2;54;234;195mmemory:  0.54GiB(0.68%)  [34mtps: 1,257  [36mtflops: 0.16  [35mmfu: 0.02%[39m
[rank2]:[titan] 2026-09-30 11:59:47,492 - torchtitan.observability.metrics - INFO - [31mstep:  5  [32mloss:  6.76480  [38;2;180;60;0mgrad_norm:  6.9375  [38;2;54;234;195mmemory:  0.54GiB(0.68%)  [34mtps: 1,257  [36mtflops: 0.16  [35mmfu: 0.02%[39m
[rank1]:[titan] 2026-09-30 11:59:47,492 - torchtitan.observability.metrics - INFO - [31mstep:  5  [32mloss:  6.76480  [38;2;180;60;0mgrad_norm:  6.9375  [38;2;54;234;195mmemory:  0.54GiB(0.68%)  [34mtps: 1,257  [36mtflops: 0.16  [35mmfu: 0.02%[39m
[rank3]:[titan] 2026-09-30 11:59:47,909 - torchtitan.observability.metrics - INFO - [31mstep:  6  [32mloss:  6.67708  [38;2;180;60;0mgrad_norm:  6.7812  [38;2;54;234;195mmemory:  0.54GiB(0.68%)  [34mtps: 1,228  [36mtflops: 0.16  [35mmfu: 0.02%[39m
[rank0]:[titan] 2026-09-30 11:59:47,909 - torchtitan.observability.metrics - INFO - [31mstep:  6  [32mloss:  6.67708  [38;2;180;60;0mgrad_norm:  6.7812  [38;2;54;234;195mmemory:  0.55GiB(0.69%)  [34mtps: 1,228  [36mtflops: 0.16  [35mmfu: 0.02%[39m
[rank2]:[titan] 2026-09-30 11:59:47,909 - torchtitan.observability.metrics - INFO - [31mstep:  6  [32mloss:  6.67708  [38;2;180;60;0mgrad_norm:  6.7812  [38;2;54;234;195mmemory:  0.54GiB(0.68%)  [34mtps: 1,228  [36mtflops: 0.16  [35mmfu: 0.02%[39m
[rank1]:[titan] 2026-09-30 11:59:47,909 - torchtitan.observability.metrics - INFO - [31mstep:  6  [32mloss:  6.67708  [38;2;180;60;0mgrad_norm:  6.7812  [38;2;54;234;195mmemory:  0.54GiB(0.68%)  [34mtps: 1,228  [36mtflops: 0.16  [35mmfu: 0.02%[39m
[rank0]:[titan] 2026-09-30 11:59:48,312 - torchtitan.observability.metrics - INFO - [31mstep:  7  [32mloss:  5.79063  [38;2;180;60;0mgrad_norm:  6.9688  [38;2;54;234;195mmemory:  0.55GiB(0.69%)  [34mtps: 1,273  [36mtflops: 0.16  [35mmfu: 0.02%[39m
[rank3]:[titan] 2026-09-30 11:59:48,312 - torchtitan.observability.metrics - INFO - [31mstep:  7  [32mloss:  5.79063  [38;2;180;60;0mgrad_norm:  6.9688  [38;2;54;234;195mmemory:  0.54GiB(0.68%)  [34mtps: 1,273  [36mtflops: 0.16  [35mmfu: 0.02%[39m
[rank2]:[titan] 2026-09-30 11:59:48,312 - torchtitan.observability.metrics - INFO - [31mstep:  7  [32mloss:  5.79063  [38;2;180;60;0mgrad_norm:  6.9688  [38;2;54;234;195mmemory:  0.54GiB(0.68%)  [34mtps: 1,273  [36mtflops: 0.16  [35mmfu: 0.02%[39m
[rank1]:[titan] 2026-09-30 11:59:48,312 - torchtitan.observability.metrics - INFO - [31mstep:  7  [32mloss:  5.79063  [38;2;180;60;0mgrad_norm:  6.9688  [38;2;54;234;195mmemory:  0.54GiB(0.68%)  [34mtps: 1,273  [36mtflops: 0.16  [35mmfu: 0.02%[39m
[rank0]:[titan] 2026-09-30 11:59:48,726 - torchtitan.observability.metrics - INFO - [31mstep:  8  [32mloss:  5.56393  [38;2;180;60;0mgrad_norm:  8.0000  [38;2;54;234;195mmemory:  0.55GiB(0.69%)  [34mtps: 1,237  [36mtflops: 0.16  [35mmfu: 0.02%[39m
[rank3]:[titan] 2026-09-30 11:59:48,726 - torchtitan.observability.metrics - INFO - [31mstep:  8  [32mloss:  5.56393  [38;2;180;60;0mgrad_norm:  8.0000  [38;2;54;234;195mmemory:  0.54GiB(0.68%)  [34mtps: 1,237  [36mtflops: 0.16  [35mmfu: 0.02%[39m
[rank2]:[titan] 2026-09-30 11:59:48,726 - torchtitan.observability.metrics - INFO - [31mstep:  8  [32mloss:  5.56393  [38;2;180;60;0mgrad_norm:  8.0000  [38;2;54;234;195mmemory:  0.54GiB(0.68%)  [34mtps: 1,237  [36mtflops: 0.16  [35mmfu: 0.02%[39m
[rank1]:[titan] 2026-09-30 11:59:48,726 - torchtitan.observability.metrics - INFO - [31mstep:  8  [32mloss:  5.56393  [38;2;180;60;0mgrad_norm:  8.0000  [38;2;54;234;195mmemory:  0.54GiB(0.68%)  [34mtps: 1,237  [36mtflops: 0.16  [35mmfu: 0.02%[39m
[rank3]:[titan] 2026-09-30 11:59:49,140 - torchtitan.observability.metrics - INFO - [31mstep:  9  [32mloss:  4.93393  [38;2;180;60;0mgrad_norm:  7.9375  [38;2;54;234;195mmemory:  0.54GiB(0.68%)  [34mtps: 1,239  [36mtflops: 0.16  [35mmfu: 0.02%[39m
[rank0]:[titan] 2026-09-30 11:59:49,140 - torchtitan.observability.metrics - INFO - [31mstep:  9  [32mloss:  4.93393  [38;2;180;60;0mgrad_norm:  7.9375  [38;2;54;234;195mmemory:  0.55GiB(0.69%)  [34mtps: 1,239  [36mtflops: 0.16  [35mmfu: 0.02%[39m
[rank2]:[titan] 2026-09-30 11:59:49,140 - torchtitan.observability.metrics - INFO - [31mstep:  9  [32mloss:  4.93393  [38;2;180;60;0mgrad_norm:  7.9375  [38;2;54;234;195mmemory:  0.54GiB(0.68%)  [34mtps: 1,238  [36mtflops: 0.16  [35mmfu: 0.02%[39m
[rank1]:[titan] 2026-09-30 11:59:49,140 - torchtitan.observability.metrics - INFO - [31mstep:  9  [32mloss:  4.93393  [38;2;180;60;0mgrad_norm:  7.9375  [38;2;54;234;195mmemory:  0.54GiB(0.68%)  [34mtps: 1,239  [36mtflops: 0.16  [35mmfu: 0.02%[39m
[rank3]:[titan] 2026-09-30 11:59:49,548 - torchtitan.observability.metrics - INFO - [31mstep: 10  [32mloss:  4.74698  [38;2;180;60;0mgrad_norm:  6.8125  [38;2;54;234;195mmemory:  0.54GiB(0.68%)  [34mtps: 1,255  [36mtflops: 0.16  [35mmfu: 0.02%[39m
[rank0]:[titan] 2026-09-30 11:59:49,548 - torchtitan.observability.metrics - INFO - [31mstep: 10  [32mloss:  4.74698  [38;2;180;60;0mgrad_norm:  6.8125  [38;2;54;234;195mmemory:  0.55GiB(0.69%)  [34mtps: 1,255  [36mtflops: 0.16  [35mmfu: 0.02%[39m
[rank2]:[titan] 2026-09-30 11:59:49,548 - torchtitan.observability.metrics - INFO - [31mstep: 10  [32mloss:  4.74698  [38;2;180;60;0mgrad_norm:  6.8125  [38;2;54;234;195mmemory:  0.54GiB(0.68%)  [34mtps: 1,255  [36mtflops: 0.16  [35mmfu: 0.02%[39m
[rank1]:[titan] 2026-09-30 11:59:49,548 - torchtitan.observability.metrics - INFO - [31mstep: 10  [32mloss:  4.74698  [38;2;180;60;0mgrad_norm:  6.8125  [38;2;54;234;195mmemory:  0.54GiB(0.68%)  [34mtps: 1,256  [36mtflops: 0.16  [35mmfu: 0.02%[39m
[rank3]:[titan] 2026-09-30 11:59:49,950 - torchtitan.observability.metrics - INFO - [31mstep: 11  [32mloss:  5.07672  [38;2;180;60;0mgrad_norm:  5.7500  [38;2;54;234;195mmemory:  0.54GiB(0.68%)  [34mtps: 1,274  [36mtflops: 0.16  [35mmfu: 0.02%[39m
[rank0]:[titan] 2026-09-30 11:59:49,950 - torchtitan.observability.metrics - INFO - [31mstep: 11  [32mloss:  5.07672  [38;2;180;60;0mgrad_norm:  5.7500  [38;2;54;234;195mmemory:  0.55GiB(0.69%)  [34mtps: 1,274  [36mtflops: 0.16  [35mmfu: 0.02%[39m
[rank2]:[titan] 2026-09-30 11:59:49,950 - torchtitan.observability.metrics - INFO - [31mstep: 11  [32mloss:  5.07672  [38;2;180;60;0mgrad_norm:  5.7500  [38;2;54;234;195mmemory:  0.54GiB(0.68%)  [34mtps: 1,274  [36mtflops: 0.16  [35mmfu: 0.02%[39m
[rank1]:[titan] 2026-09-30 11:59:49,950 - torchtitan.observability.metrics - INFO - [31mstep: 11  [32mloss:  5.07672  [38;2;180;60;0mgrad_norm:  5.7500  [38;2;54;234;195mmemory:  0.54GiB(0.68%)  [34mtps: 1,274  [36mtflops: 0.16  [35mmfu: 0.02%[39m
[rank0]:[titan] 2026-09-30 11:59:50,362 - torchtitan.observability.metrics - INFO - [31mstep: 12  [32mloss:  5.15542  [38;2;180;60;0mgrad_norm:  5.0625  [38;2;54;234;195mmemory:  0.55GiB(0.69%)  [34mtps: 1,244  [36mtflops: 0.16  [35mmfu: 0.02%[39m
[rank3]:[titan] 2026-09-30 11:59:50,362 - torchtitan.observability.metrics - INFO - [31mstep: 12  [32mloss:  5.15542  [38;2;180;60;0mgrad_norm:  5.0625  [38;2;54;234;195mmemory:  0.54GiB(0.68%)  [34mtps: 1,244  [36mtflops: 0.16  [35mmfu: 0.02%[39m
[rank2]:[titan] 2026-09-30 11:59:50,362 - torchtitan.observability.metrics - INFO - [31mstep: 12  [32mloss:  5.15542  [38;2;180;60;0mgrad_norm:  5.0625  [38;2;54;234;195mmemory:  0.54GiB(0.68%)  [34mtps: 1,244  [36mtflops: 0.16  [35mmfu: 0.02%[39m
[rank1]:[titan] 2026-09-30 11:59:50,362 - torchtitan.observability.metrics - INFO - [31mstep: 12  [32mloss:  5.15542  [38;2;180;60;0mgrad_norm:  5.0625  [38;2;54;234;195mmemory:  0.54GiB(0.68%)  [34mtps: 1,244  [36mtflops: 0.16  [35mmfu: 0.02%[39m
[rank0]:[titan] 2026-09-30 11:59:50,765 - torchtitan.observability.metrics - INFO - [31mstep: 13  [32mloss:  4.44365  [38;2;180;60;0mgrad_norm:  4.6562  [38;2;54;234;195mmemory:  0.55GiB(0.69%)  [34mtps: 1,271  [36mtflops: 0.16  [35mmfu: 0.02%[39m
[rank2]:[titan] 2026-09-30 11:59:50,765 - torchtitan.observability.metrics - INFO - [31mstep: 13  [32mloss:  4.44365  [38;2;180;60;0mgrad_norm:  4.6562  [38;2;54;234;195mmemory:  0.54GiB(0.68%)  [34mtps: 1,271  [36mtflops: 0.16  [35mmfu: 0.02%[39m
[rank3]:[titan] 2026-09-30 11:59:50,765 - torchtitan.observability.metrics - INFO - [31mstep: 13  [32mloss:  4.44365  [38;2;180;60;0mgrad_norm:  4.6562  [38;2;54;234;195mmemory:  0.54GiB(0.68%)  [34mtps: 1,271  [36mtflops: 0.16  [35mmfu: 0.02%[39m
[rank1]:[titan] 2026-09-30 11:59:50,765 - torchtitan.observability.metrics - INFO - [31mstep: 13  [32mloss:  4.44365  [38;2;180;60;0mgrad_norm:  4.6562  [38;2;54;234;195mmemory:  0.54GiB(0.68%)  [34mtps: 1,271  [36mtflops: 0.16  [35mmfu: 0.02%[39m
[rank0]:[titan] 2026-09-30 11:59:51,169 - torchtitan.observability.metrics - INFO - [31mstep: 14  [32mloss:  3.70847  [38;2;180;60;0mgrad_norm:  6.5625  [38;2;54;234;195mmemory:  0.55GiB(0.69%)  [34mtps: 1,270  [36mtflops: 0.16  [35mmfu: 0.02%[39m
[rank2]:[titan] 2026-09-30 11:59:51,169 - torchtitan.observability.metrics - INFO - [31mstep: 14  [32mloss:  3.70847  [38;2;180;60;0mgrad_norm:  6.5625  [38;2;54;234;195mmemory:  0.54GiB(0.68%)  [34mtps: 1,270  [36mtflops: 0.16  [35mmfu: 0.02%[39m
[rank3]:[titan] 2026-09-30 11:59:51,169 - torchtitan.observability.metrics - INFO - [31mstep: 14  [32mloss:  3.70847  [38;2;180;60;0mgrad_norm:  6.5625  [38;2;54;234;195mmemory:  0.54GiB(0.68%)  [34mtps: 1,270  [36mtflops: 0.16  [35mmfu: 0.02%[39m
[rank1]:[titan] 2026-09-30 11:59:51,169 - torchtitan.observability.metrics - INFO - [31mstep: 14  [32mloss:  3.70847  [38;2;180;60;0mgrad_norm:  6.5625  [38;2;54;234;195mmemory:  0.54GiB(0.68%)  [34mtps: 1,270  [36mtflops: 0.16  [35mmfu: 0.02%[39m
[rank0]:[titan] 2026-09-30 11:59:51,571 - torchtitan.observability.metrics - INFO - [31mstep: 15  [32mloss:  3.82187  [38;2;180;60;0mgrad_norm:  4.3438  [38;2;54;234;195mmemory:  0.55GiB(0.69%)  [34mtps: 1,274  [36mtflops: 0.16  [35mmfu: 0.02%[39m
[rank2]:[titan] 2026-09-30 11:59:51,571 - torchtitan.observability.metrics - INFO - [31mstep: 15  [32mloss:  3.82187  [38;2;180;60;0mgrad_norm:  4.3438  [38;2;54;234;195mmemory:  0.54GiB(0.68%)  [34mtps: 1,274  [36mtflops: 0.16  [35mmfu: 0.02%[39m
[rank3]:[titan] 2026-09-30 11:59:51,571 - torchtitan.observability.metrics - INFO - [31mstep: 15  [32mloss:  3.82187  [38;2;180;60;0mgrad_norm:  4.3438  [38;2;54;234;195mmemory:  0.54GiB(0.68%)  [34mtps: 1,274  [36mtflops: 0.16  [35mmfu: 0.02%[39m
[rank1]:[titan] 2026-09-30 11:59:51,571 - torchtitan.observability.metrics - INFO - [31mstep: 15  [32mloss:  3.82187  [38;2;180;60;0mgrad_norm:  4.3438  [38;2;54;234;195mmemory:  0.54GiB(0.68%)  [34mtps: 1,274  [36mtflops: 0.16  [35mmfu: 0.02%[39m
[rank0]:[titan] 2026-09-30 11:59:51,974 - torchtitan.observability.metrics - INFO - [31mstep: 16  [32mloss:  3.31758  [38;2;180;60;0mgrad_norm:  4.4375  [38;2;54;234;195mmemory:  0.55GiB(0.69%)  [34mtps: 1,270  [36mtflops: 0.16  [35mmfu: 0.02%[39m
[rank3]:[titan] 2026-09-30 11:59:51,974 - torchtitan.observability.metrics - INFO - [31mstep: 16  [32mloss:  3.31758  [38;2;180;60;0mgrad_norm:  4.4375  [38;2;54;234;195mmemory:  0.54GiB(0.68%)  [34mtps: 1,270  [36mtflops: 0.16  [35mmfu: 0.02%[39m
[rank1]:[titan] 2026-09-30 11:59:51,974 - torchtitan.observability.metrics - INFO - [31mstep: 16  [32mloss:  3.31758  [38;2;180;60;0mgrad_norm:  4.4375  [38;2;54;234;195mmemory:  0.54GiB(0.68%)  [34mtps: 1,270  [36mtflops: 0.16  [35mmfu: 0.02%[39m
[rank2]:[titan] 2026-09-30 11:59:51,974 - torchtitan.observability.metrics - INFO - [31mstep: 16  [32mloss:  3.31758  [38;2;180;60;0mgrad_norm:  4.4375  [38;2;54;234;195mmemory:  0.54GiB(0.68%)  [34mtps: 1,270  [36mtflops: 0.16  [35mmfu: 0.02%[39m
[rank1]:[titan] 2026-09-30 11:59:52,376 - torchtitan.observability.metrics - INFO - [31mstep: 17  [32mloss:  4.07196  [38;2;180;60;0mgrad_norm:  4.2812  [38;2;54;234;195mmemory:  0.54GiB(0.68%)  [34mtps: 1,277  [36mtflops: 0.16  [35mmfu: 0.02%[39m
[rank2]:[titan] 2026-09-30 11:59:52,376 - torchtitan.observability.metrics - INFO - [31mstep: 17  [32mloss:  4.07196  [38;2;180;60;0mgrad_norm:  4.2812  [38;2;54;234;195mmemory:  0.54GiB(0.68%)  [34mtps: 1,277  [36mtflops: 0.16  [35mmfu: 0.02%[39m
[rank3]:[titan] 2026-09-30 11:59:52,376 - torchtitan.observability.metrics - INFO - [31mstep: 17  [32mloss:  4.07196  [38;2;180;60;0mgrad_norm:  4.2812  [38;2;54;234;195mmemory:  0.54GiB(0.68%)  [34mtps: 1,277  [36mtflops: 0.16  [35mmfu: 0.02%[39m
[rank0]:[titan] 2026-09-30 11:59:52,376 - torchtitan.observability.metrics - INFO - [31mstep: 17  [32mloss:  4.07196  [38;2;180;60;0mgrad_norm:  4.2812  [38;2;54;234;195mmemory:  0.55GiB(0.69%)  [34mtps: 1,277  [36mtflops: 0.16  [35mmfu: 0.02%[39m
[rank2]:[titan] 2026-09-30 11:59:52,782 - torchtitan.observability.metrics - INFO - [31mstep: 18  [32mloss:  3.02417  [38;2;180;60;0mgrad_norm:  4.6875  [38;2;54;234;195mmemory:  0.54GiB(0.68%)  [34mtps: 1,262  [36mtflops: 0.16  [35mmfu: 0.02%[39m
[rank3]:[titan] 2026-09-30 11:59:52,782 - torchtitan.observability.metrics - INFO - [31mstep: 18  [32mloss:  3.02417  [38;2;180;60;0mgrad_norm:  4.6875  [38;2;54;234;195mmemory:  0.54GiB(0.68%)  [34mtps: 1,261  [36mtflops: 0.16  [35mmfu: 0.02%[39m
[rank0]:[titan] 2026-09-30 11:59:52,782 - torchtitan.observability.metrics - INFO - [31mstep: 18  [32mloss:  3.02417  [38;2;180;60;0mgrad_norm:  4.6875  [38;2;54;234;195mmemory:  0.55GiB(0.69%)  [34mtps: 1,262  [36mtflops: 0.16  [35mmfu: 0.02%[39m
[rank1]:[titan] 2026-09-30 11:59:52,782 - torchtitan.observability.metrics - INFO - [31mstep: 18  [32mloss:  3.02417  [38;2;180;60;0mgrad_norm:  4.6875  [38;2;54;234;195mmemory:  0.54GiB(0.68%)  [34mtps: 1,261  [36mtflops: 0.16  [35mmfu: 0.02%[39m
[rank2]:[titan] 2026-09-30 11:59:53,183 - torchtitan.observability.metrics - INFO - [31mstep: 19  [32mloss:  3.70079  [38;2;180;60;0mgrad_norm:  3.8750  [38;2;54;234;195mmemory:  0.54GiB(0.68%)  [34mtps: 1,277  [36mtflops: 0.16  [35mmfu: 0.02%[39m
[rank3]:[titan] 2026-09-30 11:59:53,183 - torchtitan.observability.metrics - INFO - [31mstep: 19  [32mloss:  3.70079  [38;2;180;60;0mgrad_norm:  3.8750  [38;2;54;234;195mmemory:  0.54GiB(0.68%)  [34mtps: 1,277  [36mtflops: 0.16  [35mmfu: 0.02%[39m
[rank0]:[titan] 2026-09-30 11:59:53,183 - torchtitan.observability.metrics - INFO - [31mstep: 19  [32mloss:  3.70079  [38;2;180;60;0mgrad_norm:  3.8750  [38;2;54;234;195mmemory:  0.55GiB(0.69%)  [34mtps: 1,276  [36mtflops: 0.16  [35mmfu: 0.02%[39m
[rank1]:[titan] 2026-09-30 11:59:53,183 - torchtitan.observability.metrics - INFO - [31mstep: 19  [32mloss:  3.70079  [38;2;180;60;0mgrad_norm:  3.8750  [38;2;54;234;195mmemory:  0.54GiB(0.68%)  [34mtps: 1,277  [36mtflops: 0.16  [35mmfu: 0.02%[39m
[rank2]:[titan] 2026-09-30 11:59:53,584 - torchtitan.observability.metrics - INFO - [31mstep: 20  [32mloss:  3.20946  [38;2;180;60;0mgrad_norm:  3.9219  [38;2;54;234;195mmemory:  0.54GiB(0.68%)  [34mtps: 1,277  [36mtflops: 0.16  [35mmfu: 0.02%[39m
[rank0]:[titan] 2026-09-30 11:59:53,584 - torchtitan.observability.metrics - INFO - [31mstep: 20  [32mloss:  3.20946  [38;2;180;60;0mgrad_norm:  3.9219  [38;2;54;234;195mmemory:  0.55GiB(0.69%)  [34mtps: 1,277  [36mtflops: 0.16  [35mmfu: 0.02%[39m
[rank3]:[titan] 2026-09-30 11:59:53,584 - torchtitan.observability.metrics - INFO - [31mstep: 20  [32mloss:  3.20946  [38;2;180;60;0mgrad_norm:  3.9219  [38;2;54;234;195mmemory:  0.54GiB(0.68%)  [34mtps: 1,277  [36mtflops: 0.16  [35mmfu: 0.02%[39m
[rank1]:[titan] 2026-09-30 11:59:53,584 - torchtitan.observability.metrics - INFO - [31mstep: 20  [32mloss:  3.20946  [38;2;180;60;0mgrad_norm:  3.9219  [38;2;54;234;195mmemory:  0.54GiB(0.68%)  [34mtps: 1,277  [36mtflops: 0.16  [35mmfu: 0.02%[39m
[rank2]:[titan] 2026-09-30 11:59:53,986 - torchtitan.observability.metrics - INFO - [31mstep: 21  [32mloss:  2.63921  [38;2;180;60;0mgrad_norm:  4.3750  [38;2;54;234;195mmemory:  0.54GiB(0.68%)  [34mtps: 1,276  [36mtflops: 0.16  [35mmfu: 0.02%[39m
[rank3]:[titan] 2026-09-30 11:59:53,986 - torchtitan.observability.metrics - INFO - [31mstep: 21  [32mloss:  2.63921  [38;2;180;60;0mgrad_norm:  4.3750  [38;2;54;234;195mmemory:  0.54GiB(0.68%)  [34mtps: 1,276  [36mtflops: 0.16  [35mmfu: 0.02%[39m
[rank0]:[titan] 2026-09-30 11:59:53,986 - torchtitan.observability.metrics - INFO - [31mstep: 21  [32mloss:  2.63921  [38;2;180;60;0mgrad_norm:  4.3750  [38;2;54;234;195mmemory:  0.55GiB(0.69%)  [34mtps: 1,276  [36mtflops: 0.16  [35mmfu: 0.02%[39m
[rank1]:[titan] 2026-09-30 11:59:53,986 - torchtitan.observability.metrics - INFO - [31mstep: 21  [32mloss:  2.63921  [38;2;180;60;0mgrad_norm:  4.3750  [38;2;54;234;195mmemory:  0.54GiB(0.68%)  [34mtps: 1,276  [36mtflops: 0.16  [35mmfu: 0.02%[39m
[rank2]:[titan] 2026-09-30 11:59:54,391 - torchtitan.observability.metrics - INFO - [31mstep: 22  [32mloss:  3.27353  [38;2;180;60;0mgrad_norm:  3.7969  [38;2;54;234;195mmemory:  0.54GiB(0.68%)  [34mtps: 1,266  [36mtflops: 0.16  [35mmfu: 0.02%[39m
[rank3]:[titan] 2026-09-30 11:59:54,391 - torchtitan.observability.metrics - INFO - [31mstep: 22  [32mloss:  3.27353  [38;2;180;60;0mgrad_norm:  3.7969  [38;2;54;234;195mmemory:  0.54GiB(0.68%)  [34mtps: 1,266  [36mtflops: 0.16  [35mmfu: 0.02%[39m
[rank0]:[titan] 2026-09-30 11:59:54,391 - torchtitan.observability.metrics - INFO - [31mstep: 22  [32mloss:  3.27353  [38;2;180;60;0mgrad_norm:  3.7969  [38;2;54;234;195mmemory:  0.55GiB(0.69%)  [34mtps: 1,266  [36mtflops: 0.16  [35mmfu: 0.02%[39m
[rank1]:[titan] 2026-09-30 11:59:54,391 - torchtitan.observability.metrics - INFO - [31mstep: 22  [32mloss:  3.27353  [38;2;180;60;0mgrad_norm:  3.7969  [38;2;54;234;195mmemory:  0.54GiB(0.68%)  [34mtps: 1,266  [36mtflops: 0.16  [35mmfu: 0.02%[39m
[rank2]:[titan] 2026-09-30 11:59:54,793 - torchtitan.observability.metrics - INFO - [31mstep: 23  [32mloss:  3.17730  [38;2;180;60;0mgrad_norm:  3.6406  [38;2;54;234;195mmemory:  0.54GiB(0.68%)  [34mtps: 1,274  [36mtflops: 0.16  [35mmfu: 0.02%[39m
[rank0]:[titan] 2026-09-30 11:59:54,793 - torchtitan.observability.metrics - INFO - [31mstep: 23  [32mloss:  3.17730  [38;2;180;60;0mgrad_norm:  3.6406  [38;2;54;234;195mmemory:  0.55GiB(0.69%)  [34mtps: 1,274  [36mtflops: 0.16  [35mmfu: 0.02%[39m
[rank3]:[titan] 2026-09-30 11:59:54,793 - torchtitan.observability.metrics - INFO - [31mstep: 23  [32mloss:  3.17730  [38;2;180;60;0mgrad_norm:  3.6406  [38;2;54;234;195mmemory:  0.54GiB(0.68%)  [34mtps: 1,274  [36mtflops: 0.16  [35mmfu: 0.02%[39m
[rank1]:[titan] 2026-09-30 11:59:54,793 - torchtitan.observability.metrics - INFO - [31mstep: 23  [32mloss:  3.17730  [38;2;180;60;0mgrad_norm:  3.6406  [38;2;54;234;195mmemory:  0.54GiB(0.68%)  [34mtps: 1,273  [36mtflops: 0.16  [35mmfu: 0.02%[39m
[rank2]:[titan] 2026-09-30 11:59:55,201 - torchtitan.observability.metrics - INFO - [31mstep: 24  [32mloss:  2.90700  [38;2;180;60;0mgrad_norm:  3.4844  [38;2;54;234;195mmemory:  0.54GiB(0.68%)  [34mtps: 1,256  [36mtflops: 0.16  [35mmfu: 0.02%[39m
[rank0]:[titan] 2026-09-30 11:59:55,201 - torchtitan.observability.metrics - INFO - [31mstep: 24  [32mloss:  2.90700  [38;2;180;60;0mgrad_norm:  3.4844  [38;2;54;234;195mmemory:  0.55GiB(0.69%)  [34mtps: 1,256  [36mtflops: 0.16  [35mmfu: 0.02%[39m
[rank3]:[titan] 2026-09-30 11:59:55,201 - torchtitan.observability.metrics - INFO - [31mstep: 24  [32mloss:  2.90700  [38;2;180;60;0mgrad_norm:  3.4844  [38;2;54;234;195mmemory:  0.54GiB(0.68%)  [34mtps: 1,256  [36mtflops: 0.16  [35mmfu: 0.02%[39m
[rank1]:[titan] 2026-09-30 11:59:55,201 - torchtitan.observability.metrics - INFO - [31mstep: 24  [32mloss:  2.90700  [38;2;180;60;0mgrad_norm:  3.4844  [38;2;54;234;195mmemory:  0.54GiB(0.68%)  [34mtps: 1,256  [36mtflops: 0.16  [35mmfu: 0.02%[39m
[rank2]:[titan] 2026-09-30 11:59:55,603 - torchtitan.observability.metrics - INFO - [31mstep: 25  [32mloss:  3.00485  [38;2;180;60;0mgrad_norm:  3.2344  [38;2;54;234;195mmemory:  0.54GiB(0.68%)  [34mtps: 1,276  [36mtflops: 0.16  [35mmfu: 0.02%[39m
[rank0]:[titan] 2026-09-30 11:59:55,603 - torchtitan.observability.metrics - INFO - [31mstep: 25  [32mloss:  3.00485  [38;2;180;60;0mgrad_norm:  3.2344  [38;2;54;234;195mmemory:  0.55GiB(0.69%)  [34mtps: 1,276  [36mtflops: 0.16  [35mmfu: 0.02%[39m
[rank3]:[titan] 2026-09-30 11:59:55,603 - torchtitan.observability.metrics - INFO - [31mstep: 25  [32mloss:  3.00485  [38;2;180;60;0mgrad_norm:  3.2344  [38;2;54;234;195mmemory:  0.54GiB(0.68%)  [34mtps: 1,276  [36mtflops: 0.16  [35mmfu: 0.02%[39m
[rank1]:[titan] 2026-09-30 11:59:55,603 - torchtitan.observability.metrics - INFO - [31mstep: 25  [32mloss:  3.00485  [38;2;180;60;0mgrad_norm:  3.2344  [38;2;54;234;195mmemory:  0.54GiB(0.68%)  [34mtps: 1,276  [36mtflops: 0.16  [35mmfu: 0.02%[39m
[rank2]:[titan] 2026-09-30 11:59:56,005 - torchtitan.observability.metrics - INFO - [31mstep: 26  [32mloss:  2.89901  [38;2;180;60;0mgrad_norm:  2.8750  [38;2;54;234;195mmemory:  0.54GiB(0.68%)  [34mtps: 1,272  [36mtflops: 0.16  [35mmfu: 0.02%[39m
[rank0]:[titan] 2026-09-30 11:59:56,005 - torchtitan.observability.metrics - INFO - [31mstep: 26  [32mloss:  2.89901  [38;2;180;60;0mgrad_norm:  2.8750  [38;2;54;234;195mmemory:  0.55GiB(0.69%)  [34mtps: 1,272  [36mtflops: 0.16  [35mmfu: 0.02%[39m
[rank3]:[titan] 2026-09-30 11:59:56,006 - torchtitan.observability.metrics - INFO - [31mstep: 26  [32mloss:  2.89901  [38;2;180;60;0mgrad_norm:  2.8750  [38;2;54;234;195mmemory:  0.54GiB(0.68%)  [34mtps: 1,272  [36mtflops: 0.16  [35mmfu: 0.02%[39m
[rank1]:[titan] 2026-09-30 11:59:56,006 - torchtitan.observability.metrics - INFO - [31mstep: 26  [32mloss:  2.89901  [38;2;180;60;0mgrad_norm:  2.8750  [38;2;54;234;195mmemory:  0.54GiB(0.68%)  [34mtps: 1,271  [36mtflops: 0.16  [35mmfu: 0.02%[39m
[rank2]:[titan] 2026-09-30 11:59:56,407 - torchtitan.observability.metrics - INFO - [31mstep: 27  [32mloss:  2.60202  [38;2;180;60;0mgrad_norm:  4.3750  [38;2;54;234;195mmemory:  0.54GiB(0.68%)  [34mtps: 1,276  [36mtflops: 0.16  [35mmfu: 0.02%[39m
[rank3]:[titan] 2026-09-30 11:59:56,407 - torchtitan.observability.metrics - INFO - [31mstep: 27  [32mloss:  2.60202  [38;2;180;60;0mgrad_norm:  4.3750  [38;2;54;234;195mmemory:  0.54GiB(0.68%)  [34mtps: 1,276  [36mtflops: 0.16  [35mmfu: 0.02%[39m
[rank0]:[titan] 2026-09-30 11:59:56,407 - torchtitan.observability.metrics - INFO - [31mstep: 27  [32mloss:  2.60202  [38;2;180;60;0mgrad_norm:  4.3750  [38;2;54;234;195mmemory:  0.55GiB(0.69%)  [34mtps: 1,276  [36mtflops: 0.16  [35mmfu: 0.02%[39m
[rank1]:[titan] 2026-09-30 11:59:56,407 - torchtitan.observability.metrics - INFO - [31mstep: 27  [32mloss:  2.60202  [38;2;180;60;0mgrad_norm:  4.3750  [38;2;54;234;195mmemory:  0.54GiB(0.68%)  [34mtps: 1,276  [36mtflops: 0.16  [35mmfu: 0.02%[39m
[rank2]:[titan] 2026-09-30 11:59:56,811 - torchtitan.observability.metrics - INFO - [31mstep: 28  [32mloss:  3.79682  [38;2;180;60;0mgrad_norm:  3.5938  [38;2;54;234;195mmemory:  0.54GiB(0.68%)  [34mtps: 1,268  [36mtflops: 0.16  [35mmfu: 0.02%[39m
[rank0]:[titan] 2026-09-30 11:59:56,811 - torchtitan.observability.metrics - INFO - [31mstep: 28  [32mloss:  3.79682  [38;2;180;60;0mgrad_norm:  3.5938  [38;2;54;234;195mmemory:  0.55GiB(0.69%)  [34mtps: 1,268  [36mtflops: 0.16  [35mmfu: 0.02%[39m
[rank3]:[titan] 2026-09-30 11:59:56,811 - torchtitan.observability.metrics - INFO - [31mstep: 28  [32mloss:  3.79682  [38;2;180;60;0mgrad_norm:  3.5938  [38;2;54;234;195mmemory:  0.54GiB(0.68%)  [34mtps: 1,268  [36mtflops: 0.16  [35mmfu: 0.02%[39m
[rank1]:[titan] 2026-09-30 11:59:56,811 - torchtitan.observability.metrics - INFO - [31mstep: 28  [32mloss:  3.79682  [38;2;180;60;0mgrad_norm:  3.5938  [38;2;54;234;195mmemory:  0.54GiB(0.68%)  [34mtps: 1,268  [36mtflops: 0.16  [35mmfu: 0.02%[39m
[rank2]:[titan] 2026-09-30 11:59:57,213 - torchtitan.observability.metrics - INFO - [31mstep: 29  [32mloss:  3.77408  [38;2;180;60;0mgrad_norm:  3.5469  [38;2;54;234;195mmemory:  0.54GiB(0.68%)  [34mtps: 1,275  [36mtflops: 0.16  [35mmfu: 0.02%[39m
[rank0]:[titan] 2026-09-30 11:59:57,213 - torchtitan.observability.metrics - INFO - [31mstep: 29  [32mloss:  3.77408  [38;2;180;60;0mgrad_norm:  3.5469  [38;2;54;234;195mmemory:  0.55GiB(0.69%)  [34mtps: 1,275  [36mtflops: 0.16  [35mmfu: 0.02%[39m
[rank3]:[titan] 2026-09-30 11:59:57,213 - torchtitan.observability.metrics - INFO - [31mstep: 29  [32mloss:  3.77408  [38;2;180;60;0mgrad_norm:  3.5469  [38;2;54;234;195mmemory:  0.54GiB(0.68%)  [34mtps: 1,275  [36mtflops: 0.16  [35mmfu: 0.02%[39m
[rank1]:[titan] 2026-09-30 11:59:57,213 - torchtitan.observability.metrics - INFO - [31mstep: 29  [32mloss:  3.77408  [38;2;180;60;0mgrad_norm:  3.5469  [38;2;54;234;195mmemory:  0.54GiB(0.68%)  [34mtps: 1,275  [36mtflops: 0.16  [35mmfu: 0.02%[39m
[rank2]:[titan] 2026-09-30 11:59:57,619 - torchtitan.observability.metrics - INFO - [31mstep: 30  [32mloss:  2.32930  [38;2;180;60;0mgrad_norm:  3.7812  [38;2;54;234;195mmemory:  0.54GiB(0.68%)  [34mtps: 1,261  [36mtflops: 0.16  [35mmfu: 0.02%[39m
[rank2]:[titan] 2026-09-30 11:59:57,620 - torchtitan.trainer - INFO - Training completed
[rank3]:[titan] 2026-09-30 11:59:57,619 - torchtitan.observability.metrics - INFO - [31mstep: 30  [32mloss:  2.32930  [38;2;180;60;0mgrad_norm:  3.7812  [38;2;54;234;195mmemory:  0.54GiB(0.68%)  [34mtps: 1,261  [36mtflops: 0.16  [35mmfu: 0.02%[39m
[rank1]:[titan] 2026-09-30 11:59:57,619 - torchtitan.observability.metrics - INFO - [31mstep: 30  [32mloss:  2.32930  [38;2;180;60;0mgrad_norm:  3.7812  [38;2;54;234;195mmemory:  0.54GiB(0.68%)  [34mtps: 1,261  [36mtflops: 0.16  [35mmfu: 0.02%[39m
[rank0]:[titan] 2026-09-30 11:59:57,619 - torchtitan.observability.metrics - INFO - [31mstep: 30  [32mloss:  2.32930  [38;2;180;60;0mgrad_norm:  3.7812  [38;2;54;234;195mmemory:  0.55GiB(0.69%)  [34mtps: 1,261  [36mtflops: 0.16  [35mmfu: 0.02%[39m
[rank1]:[titan] 2026-09-30 11:59:57,620 - torchtitan.trainer - INFO - Training completed
[rank0]:[titan] 2026-09-30 11:59:57,619 - torchtitan.trainer - INFO - Sleeping 2 seconds for other ranks to complete
[rank3]:[titan] 2026-09-30 11:59:57,620 - torchtitan.trainer - INFO - Training completed
[rank0]:[titan] 2026-09-30 11:59:59,620 - torchtitan.trainer - INFO - Training completed
[rank2]:[titan] 2026-09-30 12:00:00,283 - __main__ - INFO - Process group destroyed
[rank3]:[titan] 2026-09-30 12:00:00,295 - __main__ - INFO - Process group destroyed
[rank1]:[titan] 2026-09-30 12:00:00,291 - __main__ - INFO - Process group destroyed
[rank0]:[titan] 2026-09-30 12:00:00,438 - __main__ - INFO - Process group destroyed
