W0921 05:01:14.329000 19745 torch/distributed/run.py:982] 
W0921 05:01:14.329000 19745 torch/distributed/run.py:982] *****************************************
W0921 05:01:14.329000 19745 torch/distributed/run.py:982] Setting OMP_NUM_THREADS environment variable for each process to be 1 in default, to avoid your system being overloaded, please further tune the variable for optimal performance in your application as needed. 
W0921 05:01:14.329000 19745 torch/distributed/run.py:982] *****************************************
WARNING:absl:Failed to load jax profiler: No module named 'jax'
WARNING:absl:Failed to load jax profiler: No module named 'jax'
WARNING:absl:Failed to load jax profiler: No module named 'jax'
WARNING:absl:Failed to load jax profiler: No module named 'jax'
[titan] 2026-09-21 05:01:20,721 - __main__ - INFO - torchtitan version: 0.0.0+unknown (0.0.0 means __version__ is not defined correctly).
[titan] 2026-09-21 05:01:20,753 - __main__ - INFO - torchtitan version: 0.0.0+unknown (0.0.0 means __version__ is not defined correctly).
[titan] 2026-09-21 05:01:20,860 - __main__ - INFO - torchtitan version: 0.0.0+unknown (0.0.0 means __version__ is not defined correctly).
[titan] 2026-09-21 05:01:20,877 - __main__ - INFO - torchtitan version: 0.0.0+unknown (0.0.0 means __version__ is not defined correctly).
[titan] 2026-09-21 05:01:21,376 - torchtitan.components.checkpointer.base - WARNING - initial_load_model_only=True has no effect without an initial_load_path.
[titan] 2026-09-21 05:01:21,398 - torchtitan.components.checkpointer.base - WARNING - initial_load_model_only=True has no effect without an initial_load_path.
[titan] 2026-09-21 05:01:21,461 - torchtitan.components.checkpointer.base - WARNING - initial_load_model_only=True has no effect without an initial_load_path.
[titan] 2026-09-21 05:01:21,464 - torchtitan.observability.structured_logger.jsonl_handler - INFO - Structured logging -> JSONL: /workspace/results/pp_r3/d2_vp2n/structured_logs/training.global_rank_1.20260921-050121-VMEHTH.jsonl
[titan] 2026-09-21 05:01:21,480 - torchtitan.components.checkpointer.base - WARNING - initial_load_model_only=True has no effect without an initial_load_path.
[titan] 2026-09-21 05:01:21,483 - torchtitan.observability.structured_logger.jsonl_handler - INFO - Structured logging -> JSONL: /workspace/results/pp_r3/d2_vp2n/structured_logs/training.global_rank_0.20260921-050121-52S709.jsonl
[titan] 2026-09-21 05:01:21,541 - torchtitan.components.checkpointer.base - WARNING - initial_load_model_only=True has no effect without an initial_load_path.
[titan] 2026-09-21 05:01:21,611 - torchtitan.components.checkpointer.base - WARNING - initial_load_model_only=True has no effect without an initial_load_path.
[titan] 2026-09-21 05:01:21,623 - torchtitan.components.checkpointer.base - WARNING - initial_load_model_only=True has no effect without an initial_load_path.
[titan] 2026-09-21 05:01:21,625 - torchtitan.observability.structured_logger.jsonl_handler - INFO - Structured logging -> JSONL: /workspace/results/pp_r3/d2_vp2n/structured_logs/training.global_rank_2.20260921-050121-TWQRB5.jsonl
[titan] 2026-09-21 05:01:21,694 - torchtitan.components.checkpointer.base - WARNING - initial_load_model_only=True has no effect without an initial_load_path.
[titan] 2026-09-21 05:01:21,697 - torchtitan.observability.structured_logger.jsonl_handler - INFO - Structured logging -> JSONL: /workspace/results/pp_r3/d2_vp2n/structured_logs/training.global_rank_3.20260921-050121-3Y5989.jsonl
[titan] 2026-09-21 05:01:21,989 - torchtitan.distributed.utils - WARNING - ENV[TORCH_NCCL_ASYNC_ERROR_HANDLING] = 1 will be overridden to 3 based on job config
[titan] 2026-09-21 05:01:21,996 - torchtitan.distributed.utils - WARNING - ENV[TORCH_NCCL_ASYNC_ERROR_HANDLING] = 1 will be overridden to 3 based on job config
[titan] 2026-09-21 05:01:22,062 - torchtitan.distributed.utils - WARNING - ENV[TORCH_NCCL_ASYNC_ERROR_HANDLING] = 1 will be overridden to 3 based on job config
[titan] 2026-09-21 05:01:22,103 - torchtitan.distributed.utils - WARNING - ENV[TORCH_NCCL_ASYNC_ERROR_HANDLING] = 1 will be overridden to 3 based on job config
[titan] 2026-09-21 05:01:22,626 - torchtitan.tools.utils - INFO - [GC] Initial GC collection took 0.00 seconds
[titan] 2026-09-21 05:01:22,626 - torchtitan.distributed.utils - INFO - Deterministic algorithm enabled (expect perf degradation).
[titan] 2026-09-21 05:01:22,627 - torchtitan.tools.utils - INFO - [GC] Initial GC collection took 0.00 seconds
[titan] 2026-09-21 05:01:22,627 - torchtitan.distributed.utils - INFO - Deterministic algorithm enabled (expect perf degradation).
[titan] 2026-09-21 05:01:22,632 - torchtitan.tools.utils - INFO - [GC] Initial GC collection took 0.00 seconds
[titan] 2026-09-21 05:01:22,632 - torchtitan.distributed.utils - INFO - Deterministic algorithm enabled (expect perf degradation).
[titan] 2026-09-21 05:01:22,632 - torchtitan.tools.utils - INFO - [GC] Initial GC collection took 0.00 seconds
[titan] 2026-09-21 05:01:22,632 - torchtitan.distributed.utils - INFO - Deterministic algorithm enabled (expect perf degradation).
[titan] 2026-09-21 05:01:22,640 - torchtitan.distributed.parallel_dims - INFO - Building device mesh with parallelism: pp=2, dp_replicate=1, dp_shard=2, cp=1, tp=1, ep=1
[titan] 2026-09-21 05:01:22,642 - torchtitan.distributed.parallel_dims - INFO - Building device mesh with parallelism: pp=2, dp_replicate=1, dp_shard=2, cp=1, tp=1, ep=1
[titan] 2026-09-21 05:01:22,647 - torchtitan.distributed.parallel_dims - INFO - Building device mesh with parallelism: pp=2, dp_replicate=1, dp_shard=2, cp=1, tp=1, ep=1
[titan] 2026-09-21 05:01:22,647 - torchtitan.distributed.parallel_dims - INFO - Building device mesh with parallelism: pp=2, dp_replicate=1, dp_shard=2, cp=1, tp=1, ep=1
[titan] 2026-09-21 05:01:23,542 - torchtitan.distributed.parallel_dims - INFO - Successfully created meshes with active dimensions: ['pp', 'loss', 'dp', 'dp_shard']
[titan] 2026-09-21 05:01:23,542 - torchtitan.distributed.parallel_dims - INFO - Successfully created meshes with active dimensions: ['pp', 'loss', 'dp', 'dp_shard']
[titan] 2026-09-21 05:01:23,542 - torchtitan.distributed.parallel_dims - INFO - Successfully created meshes with active dimensions: ['pp', 'loss', 'dp', 'dp_shard']
[titan] 2026-09-21 05:01:23,542 - torchtitan.distributed.parallel_dims - INFO - Successfully created meshes with active dimensions: ['pp', 'loss', 'dp', 'dp_shard']
[titan] 2026-09-21 05:01:23,544 - torchtitan.observability.metrics - INFO - CUDA capacity: NVIDIA H200 with 139.80GiB memory
[titan] 2026-09-21 05:01:23,544 - torchtitan.observability.metrics - INFO - CUDA capacity: NVIDIA H200 with 139.80GiB memory
[titan] 2026-09-21 05:01:23,545 - torchtitan.observability.metrics - INFO - CUDA capacity: NVIDIA H200 with 139.80GiB memory
[titan] 2026-09-21 05:01:23,545 - torchtitan.observability.metrics - INFO - CUDA capacity: NVIDIA H200 with 139.80GiB memory
[titan] 2026-09-21 05:01:23,557 - torchtitan.tools.utils - WARNING - Error running lspci: [Errno 2] No such file or directory: 'lspci', fallback to use device_name
[titan] 2026-09-21 05:01:23,557 - torchtitan.tools.utils - WARNING - Error running lspci: [Errno 2] No such file or directory: 'lspci', fallback to use device_name
[titan] 2026-09-21 05:01:23,557 - torchtitan.components.tokenizer - INFO - Loading tokenizer from tokenizer.json
[titan] 2026-09-21 05:01:23,557 - torchtitan.components.tokenizer - INFO - Loading tokenizer from tokenizer.json
[titan] 2026-09-21 05:01:23,557 - torchtitan.tools.utils - WARNING - Error running lspci: [Errno 2] No such file or directory: 'lspci', fallback to use device_name
[titan] 2026-09-21 05:01:23,558 - torchtitan.tools.utils - WARNING - Error running lspci: [Errno 2] No such file or directory: 'lspci', fallback to use device_name
[titan] 2026-09-21 05:01:23,558 - torchtitan.components.tokenizer - INFO - Loading tokenizer from tokenizer.json
[titan] 2026-09-21 05:01:23,558 - torchtitan.components.tokenizer - INFO - Loading tokenizer from tokenizer.json
[titan] 2026-09-21 05:01:24,286 - httpx - INFO - HTTP Request: HEAD https://s3.amazonaws.com/datasets.huggingface.co/datasets/datasets/json/json.py "HTTP/1.1 200 OK"
[titan] 2026-09-21 05:01:24,289 - httpx - INFO - HTTP Request: HEAD https://s3.amazonaws.com/datasets.huggingface.co/datasets/datasets/json/json.py "HTTP/1.1 200 OK"
[titan] 2026-09-21 05:01:24,299 - torchtitan.protocols.state_dict_adapter - WARNING - model.safetensors.index.json not found at hf_assets_path: ./tests/assets/tokenizer/model.safetensors.index.json.                     Defaulting to saving a single safetensors file if checkpoint is saved in HF format
[titan] 2026-09-21 05:01:24,300 - torchtitan.protocols.state_dict_adapter - WARNING - model.safetensors.index.json not found at hf_assets_path: ./tests/assets/tokenizer/model.safetensors.index.json.                     Defaulting to saving a single safetensors file if checkpoint is saved in HF format
[titan] 2026-09-21 05:01:24,324 - httpx - INFO - HTTP Request: HEAD https://s3.amazonaws.com/datasets.huggingface.co/datasets/datasets/json/json.py "HTTP/1.1 200 OK"
[titan] 2026-09-21 05:01:24,333 - torchtitan.protocols.state_dict_adapter - WARNING - model.safetensors.index.json not found at hf_assets_path: ./tests/assets/tokenizer/model.safetensors.index.json.                     Defaulting to saving a single safetensors file if checkpoint is saved in HF format
[titan] 2026-09-21 05:01:24,358 - httpx - INFO - HTTP Request: HEAD https://s3.amazonaws.com/datasets.huggingface.co/datasets/datasets/json/json.py "HTTP/1.1 200 OK"
[titan] 2026-09-21 05:01:24,368 - torchtitan.protocols.state_dict_adapter - WARNING - model.safetensors.index.json not found at hf_assets_path: ./tests/assets/tokenizer/model.safetensors.index.json.                     Defaulting to saving a single safetensors file if checkpoint is saved in HF format
[titan] 2026-09-21 05:01:24,413 - torchtitan.models.utils - INFO - Total parameter count: 25,776,880, active parameters: 17,236,208
[titan] 2026-09-21 05:01:24,422 - torchtitan.models.utils - INFO - Total parameter count: 25,776,880, active parameters: 17,236,208
[titan] 2026-09-21 05:01:24,450 - torchtitan.models.utils - INFO - Total parameter count: 25,776,880, active parameters: 17,236,208
[titan] 2026-09-21 05:01:24,480 - torchtitan.models.utils - INFO - Total parameter count: 25,776,880, active parameters: 17,236,208
[rank3]:W0921 05:01:24.483000 19815 torch/_logging/_internal.py:1394] Pipeline parallelism is using an eager NCCL communicator. Consider creating its process group with backend="nccl-lazy" so peer communicators are initialized lazily and traffic to different peers can overlap.
[titan] 2026-09-21 05:01:24,484 - torchtitan.distributed.pipeline_parallel - INFO - PP rank 1 is building stage_idx 1 with modules ['layers.4', 'layers.5', 'layers.6', 'layers.7', 'layers.8']
[rank2]:W0921 05:01:24.490000 19814 torch/_logging/_internal.py:1394] Pipeline parallelism is using an eager NCCL communicator. Consider creating its process group with backend="nccl-lazy" so peer communicators are initialized lazily and traffic to different peers can overlap.
[titan] 2026-09-21 05:01:24,491 - torchtitan.distributed.pipeline_parallel - INFO - PP rank 1 is building stage_idx 1 with modules ['layers.4', 'layers.5', 'layers.6', 'layers.7', 'layers.8']
[rank1]:W0921 05:01:24.527000 19813 torch/_logging/_internal.py:1394] Pipeline parallelism is using an eager NCCL communicator. Consider creating its process group with backend="nccl-lazy" so peer communicators are initialized lazily and traffic to different peers can overlap.
[titan] 2026-09-21 05:01:24,527 - torchtitan.distributed.pipeline_parallel - INFO - PP rank 0 is building stage_idx 0 with modules ['vision_encoder', 'tok_embeddings', 'layers.0', 'layers.1', 'layers.2', 'layers.3']
[titan] 2026-09-21 05:01:24,551 - torchtitan.distributed.pipeline_parallel - INFO - PP rank 1 is building stage_idx 3 with modules ['layers.14', 'layers.15', 'layers.16', 'norm', 'lm_head', 'output_res_proj', 'output_res_norm']
[rank0]:W0921 05:01:24.558000 19812 torch/_logging/_internal.py:1394] Pipeline parallelism is using an eager NCCL communicator. Consider creating its process group with backend="nccl-lazy" so peer communicators are initialized lazily and traffic to different peers can overlap.
[titan] 2026-09-21 05:01:24,558 - torchtitan.distributed.pipeline_parallel - INFO - PP rank 0 is building stage_idx 0 with modules ['vision_encoder', 'tok_embeddings', 'layers.0', 'layers.1', 'layers.2', 'layers.3']
[titan] 2026-09-21 05:01:24,565 - torchtitan.distributed.pipeline_parallel - INFO - PP rank 1 is building stage_idx 3 with modules ['layers.14', 'layers.15', 'layers.16', 'norm', 'lm_head', 'output_res_proj', 'output_res_norm']
[titan] 2026-09-21 05:01:24,585 - torchtitan.distributed.activation_checkpoint - INFO - Applied SelectiveAC activation checkpointing to the model
[titan] 2026-09-21 05:01:24,594 - torchtitan.distributed.pipeline_parallel - INFO - PP rank 0 is building stage_idx 2 with modules ['layers.9', 'layers.10', 'layers.11', 'layers.12', 'layers.13']
[titan] 2026-09-21 05:01:24,597 - torchtitan.distributed.activation_checkpoint - INFO - Applied SelectiveAC activation checkpointing to the model
[titan] 2026-09-21 05:01:24,620 - torchtitan.distributed.activation_checkpoint - INFO - Applied SelectiveAC activation checkpointing to the model
[titan] 2026-09-21 05:01:24,621 - torchtitan.distributed.activation_checkpoint - INFO - Applied SelectiveAC activation checkpointing to the model
[titan] 2026-09-21 05:01:24,625 - torchtitan.distributed.pipeline_parallel - INFO - PP rank 0 is building stage_idx 2 with modules ['layers.9', 'layers.10', 'layers.11', 'layers.12', 'layers.13']
[titan] 2026-09-21 05:01:24,649 - torchtitan.distributed.activation_checkpoint - INFO - Applied SelectiveAC activation checkpointing to the model
[titan] 2026-09-21 05:01:24,649 - torchtitan.distributed.activation_checkpoint - INFO - Applied SelectiveAC activation checkpointing to the model
[titan] 2026-09-21 05:01:24,682 - torchtitan.distributed.fsdp - INFO - Applied FSDP to the model
[titan] 2026-09-21 05:01:24,693 - torchtitan.distributed.activation_checkpoint - INFO - Applied SelectiveAC activation checkpointing to the model
[titan] 2026-09-21 05:01:24,695 - torchtitan.distributed.fsdp - INFO - Applied FSDP to the model
[titan] 2026-09-21 05:01:24,706 - torchtitan.distributed.activation_checkpoint - INFO - Applied SelectiveAC activation checkpointing to the model
[titan] 2026-09-21 05:01:24,719 - torchtitan.distributed.fsdp - INFO - Applied FSDP to the model
[titan] 2026-09-21 05:01:24,719 - torchtitan.distributed.pipeline_parallel - INFO - Using pipeline schedule Interleaved1F1B with 4 microbatches and 4 stages.
[titan] 2026-09-21 05:01:24,720 - torchtitan.models.kimi_k3.pipeline_parallel - INFO - Kimi K3 pipeline: 2 stage(s) on this rank [1, 3], block transport whole stack every hop
[titan] 2026-09-21 05:01:24,732 - torchtitan.distributed.fsdp - INFO - Applied FSDP to the model
[titan] 2026-09-21 05:01:24,732 - torchtitan.distributed.fsdp - INFO - Applied FSDP to the model
[titan] 2026-09-21 05:01:24,732 - torchtitan.distributed.pipeline_parallel - INFO - Using pipeline schedule Interleaved1F1B with 4 microbatches and 4 stages.
[titan] 2026-09-21 05:01:24,733 - torchtitan.models.kimi_k3.pipeline_parallel - INFO - Kimi K3 pipeline: 2 stage(s) on this rank [1, 3], block transport whole stack every hop
[titan] 2026-09-21 05:01:24,750 - torchtitan.distributed.activation_checkpoint - INFO - Applied SelectiveAC activation checkpointing to the model
[titan] 2026-09-21 05:01:24,762 - torchtitan.distributed.fsdp - INFO - Applied FSDP to the model
[titan] 2026-09-21 05:01:24,780 - torchtitan.distributed.activation_checkpoint - INFO - Applied SelectiveAC activation checkpointing to the model
[titan] 2026-09-21 05:01:24,788 - torchtitan.distributed.fsdp - INFO - Applied FSDP to the model
[titan] 2026-09-21 05:01:24,789 - torchtitan.distributed.pipeline_parallel - INFO - Using pipeline schedule Interleaved1F1B with 4 microbatches and 4 stages.
[titan] 2026-09-21 05:01:24,789 - torchtitan.models.kimi_k3.pipeline_parallel - INFO - Kimi K3 pipeline: 2 stage(s) on this rank [0, 2], block transport whole stack every hop
[titan] 2026-09-21 05:01:24,818 - torchtitan.distributed.fsdp - INFO - Applied FSDP to the model
[titan] 2026-09-21 05:01:24,819 - torchtitan.distributed.pipeline_parallel - INFO - Using pipeline schedule Interleaved1F1B with 4 microbatches and 4 stages.
[titan] 2026-09-21 05:01:24,819 - torchtitan.models.kimi_k3.pipeline_parallel - INFO - Kimi K3 pipeline: 2 stage(s) on this rank [0, 2], block transport whole stack every hop
[titan] 2026-09-21 05:01:25,321 - torchtitan.training_engine - INFO - Model kimi_k3 debugmodel size: 25,776,880 total parameters
[titan] 2026-09-21 05:01:25,322 - torchtitan.training_engine - INFO - Model kimi_k3 debugmodel size: 25,776,880 total parameters
[titan] 2026-09-21 05:01:25,323 - torchtitan.components.optimizer.optimizer - INFO - Optimizer AdamW (model_part=0): 139 params [.*] {'fused': True, 'foreach': False, 'lr': 0.0008, 'betas': (0.9, 0.95), 'eps': 1e-08, 'weight_decay': 0.1}
[titan] 2026-09-21 05:01:25,323 - torchtitan.components.optimizer.optimizer - INFO - Optimizer AdamW (model_part=0): 139 params [.*] {'fused': True, 'foreach': False, 'lr': 0.0008, 'betas': (0.9, 0.95), 'eps': 1e-08, 'weight_decay': 0.1}
[titan] 2026-09-21 05:01:25,323 - torchtitan.components.optimizer.optimizer - INFO - Optimizer AdamW (model_part=1): 79 params [.*] {'fused': True, 'foreach': False, 'lr': 0.0008, 'betas': (0.9, 0.95), 'eps': 1e-08, 'weight_decay': 0.1}
[titan] 2026-09-21 05:01:25,324 - torchtitan.components.optimizer.optimizer - INFO - Optimizer AdamW (model_part=1): 79 params [.*] {'fused': True, 'foreach': False, 'lr': 0.0008, 'betas': (0.9, 0.95), 'eps': 1e-08, 'weight_decay': 0.1}
[titan] 2026-09-21 05:01:25,325 - torchtitan.components.checkpointer.base - WARNING - initial_load_model_only=True has no effect without an initial_load_path.
[titan] 2026-09-21 05:01:25,325 - torchtitan.components.checkpointer.base - WARNING - initial_load_model_only=True has no effect without an initial_load_path.
[titan] 2026-09-21 05:01:25,345 - torchtitan.components.checkpointer.dcp - INFO - Checkpointing active. Checkpoints will be loaded from and saved to /workspace/results/pp_r3/d2_vp2n/checkpoint
[titan] 2026-09-21 05:01:25,345 - torchtitan.observability.metrics - WARNING - [31mPipeline Parallel loss is not visible. Please add [33mrank 2[31m to LOG_RANK environment variable in run_train.sh.[39m
[titan] 2026-09-21 05:01:25,345 - torchtitan.trainer - INFO - Peak FLOPS used for computing MFU: 9.890e+14
[titan] 2026-09-21 05:01:25,345 - torchtitan.trainer - INFO - CUDA memory usage for model: 0.01GiB(0.01%)
[titan] 2026-09-21 05:01:25,345 - torchtitan.trainer - INFO - Trainer is initialized with 1024 tokens per DP rank, 2048 tokens per train step, gradient accumulation steps 1, maximum context length 2048, total steps 100 (warmup 2)
[titan] 2026-09-21 05:01:25,346 - torchtitan.components.checkpointer.dcp - INFO - Checkpointing active. Checkpoints will be loaded from and saved to /workspace/results/pp_r3/d2_vp2n/checkpoint
[titan] 2026-09-21 05:01:25,346 - torchtitan.components.checkpointer.base - INFO - Loading the checkpoint from /workspace/results/pp_r3/d2_vp2n/checkpoint/step-0.
[titan] 2026-09-21 05:01:25,346 - torchtitan.observability.metrics - WARNING - [31mPipeline Parallel loss is not visible. Please add [33mrank 2[31m to LOG_RANK environment variable in run_train.sh.[39m
[titan] 2026-09-21 05:01:25,346 - torchtitan.trainer - INFO - Peak FLOPS used for computing MFU: 9.890e+14
[titan] 2026-09-21 05:01:25,346 - torchtitan.trainer - INFO - CUDA memory usage for model: 0.01GiB(0.01%)
[titan] 2026-09-21 05:01:25,346 - torchtitan.trainer - INFO - Trainer is initialized with 1024 tokens per DP rank, 2048 tokens per train step, gradient accumulation steps 1, maximum context length 2048, total steps 100 (warmup 2)
[titan] 2026-09-21 05:01:25,347 - torchtitan.components.checkpointer.base - INFO - Loading the checkpoint from /workspace/results/pp_r3/d2_vp2n/checkpoint/step-0.
[titan] 2026-09-21 05:01:25,556 - torchtitan.training_engine - INFO - Model kimi_k3 debugmodel size: 25,776,880 total parameters
[titan] 2026-09-21 05:01:25,556 - torchtitan.training_engine - INFO - Model kimi_k3 debugmodel size: 25,776,880 total parameters
[titan] 2026-09-21 05:01:25,557 - torchtitan.components.optimizer.optimizer - INFO - Optimizer AdamW (model_part=0): 124 params [.*] {'fused': True, 'foreach': False, 'lr': 0.0008, 'betas': (0.9, 0.95), 'eps': 1e-08, 'weight_decay': 0.1}
[titan] 2026-09-21 05:01:25,558 - torchtitan.components.optimizer.optimizer - INFO - Optimizer AdamW (model_part=0): 124 params [.*] {'fused': True, 'foreach': False, 'lr': 0.0008, 'betas': (0.9, 0.95), 'eps': 1e-08, 'weight_decay': 0.1}
[titan] 2026-09-21 05:01:25,558 - torchtitan.components.optimizer.optimizer - INFO - Optimizer AdamW (model_part=1): 139 params [.*] {'fused': True, 'foreach': False, 'lr': 0.0008, 'betas': (0.9, 0.95), 'eps': 1e-08, 'weight_decay': 0.1}
[titan] 2026-09-21 05:01:25,559 - torchtitan.components.optimizer.optimizer - INFO - Optimizer AdamW (model_part=1): 139 params [.*] {'fused': True, 'foreach': False, 'lr': 0.0008, 'betas': (0.9, 0.95), 'eps': 1e-08, 'weight_decay': 0.1}
[titan] 2026-09-21 05:01:25,560 - torchtitan.components.checkpointer.base - WARNING - initial_load_model_only=True has no effect without an initial_load_path.
[titan] 2026-09-21 05:01:25,560 - torchtitan.components.checkpointer.base - WARNING - initial_load_model_only=True has no effect without an initial_load_path.
[titan] 2026-09-21 05:01:25,582 - torchtitan.components.checkpointer.dcp - INFO - Checkpointing active. Checkpoints will be loaded from and saved to /workspace/results/pp_r3/d2_vp2n/checkpoint
[titan] 2026-09-21 05:01:25,582 - torchtitan.observability.metrics - WARNING - [31mPipeline Parallel loss is not visible. Please add [33mrank 2[31m to LOG_RANK environment variable in run_train.sh.[39m
[titan] 2026-09-21 05:01:25,582 - torchtitan.trainer - INFO - Peak FLOPS used for computing MFU: 9.890e+14
[titan] 2026-09-21 05:01:25,582 - torchtitan.trainer - INFO - CUDA memory usage for model: 0.02GiB(0.01%)
[titan] 2026-09-21 05:01:25,582 - torchtitan.trainer - INFO - Trainer is initialized with 1024 tokens per DP rank, 2048 tokens per train step, gradient accumulation steps 1, maximum context length 2048, total steps 100 (warmup 2)
[titan] 2026-09-21 05:01:25,583 - torchtitan.components.checkpointer.base - INFO - Loading the checkpoint from /workspace/results/pp_r3/d2_vp2n/checkpoint/step-0.
[titan] 2026-09-21 05:01:25,583 - torchtitan.components.checkpointer.dcp - INFO - Checkpointing active. Checkpoints will be loaded from and saved to /workspace/results/pp_r3/d2_vp2n/checkpoint
[titan] 2026-09-21 05:01:25,583 - torchtitan.observability.metrics - WARNING - [31mPipeline Parallel loss is not visible. Please add [33mrank 2[31m to LOG_RANK environment variable in run_train.sh.[39m
[titan] 2026-09-21 05:01:25,583 - torchtitan.trainer - INFO - Peak FLOPS used for computing MFU: 9.890e+14
[titan] 2026-09-21 05:01:25,583 - torchtitan.trainer - INFO - CUDA memory usage for model: 0.02GiB(0.01%)
[titan] 2026-09-21 05:01:25,584 - torchtitan.trainer - INFO - Trainer is initialized with 1024 tokens per DP rank, 2048 tokens per train step, gradient accumulation steps 1, maximum context length 2048, total steps 100 (warmup 2)
[titan] 2026-09-21 05:01:25,584 - torchtitan.components.checkpointer.base - INFO - Loading the checkpoint from /workspace/results/pp_r3/d2_vp2n/checkpoint/step-0.
[titan] 2026-09-21 05:01:26,791 - torchtitan.tools.utils - INFO - [GC] GC collection for checkpoint loading. took 0.01 seconds
[titan] 2026-09-21 05:01:26,792 - torchtitan.tools.utils - INFO - [GC] GC collection for checkpoint loading. took 0.01 seconds
[titan] 2026-09-21 05:01:26,792 - torchtitan.components.checkpointer.base - INFO - Finished loading the checkpoint in 1.44 seconds.
[titan] 2026-09-21 05:01:26,792 - torchtitan.trainer - INFO - Training starts at step 1
[titan] 2026-09-21 05:01:26,792 - torchtitan.components.checkpointer.base - INFO - Finished loading the checkpoint in 1.45 seconds.
[titan] 2026-09-21 05:01:26,792 - torchtitan.trainer - INFO - Training starts at step 1
[titan] 2026-09-21 05:01:26,798 - torchtitan.tools.utils - INFO - [GC] GC collection for checkpoint loading. took 0.02 seconds
[titan] 2026-09-21 05:01:26,798 - torchtitan.components.checkpointer.base - INFO - Finished loading the checkpoint in 1.22 seconds.
[titan] 2026-09-21 05:01:26,798 - torchtitan.trainer - INFO - Training starts at step 1
[titan] 2026-09-21 05:01:26,800 - torchtitan.tools.utils - INFO - [GC] GC collection for checkpoint loading. took 0.02 seconds
[titan] 2026-09-21 05:01:26,800 - torchtitan.components.checkpointer.base - INFO - Finished loading the checkpoint in 1.22 seconds.
[titan] 2026-09-21 05:01:26,800 - torchtitan.trainer - INFO - Training starts at step 1
/workspace/venv_k3/lib/python3.12/site-packages/torch/distributed/fsdp/_fully_shard/_fsdp_state.py:336: UserWarning: FSDP2-wrapped module (FSDPCheckpointWrapper) returned a view tensor. An in-place op on this view (e.g., `x += y`) will silently drop the pre-backward hook and skip the all-gather, which can cause backward to fail or produce wrong gradients. Use out-of-place ops (`out = out + y`, not `out += y`) or `.clone()` the output before any in-place op.
  output = self._register_pre_backward_hook(output)
/workspace/venv_k3/lib/python3.12/site-packages/torch/distributed/fsdp/_fully_shard/_fsdp_state.py:336: UserWarning: FSDP2-wrapped module (FSDPCheckpointWrapper) returned a view tensor. An in-place op on this view (e.g., `x += y`) will silently drop the pre-backward hook and skip the all-gather, which can cause backward to fail or produce wrong gradients. Use out-of-place ops (`out = out + y`, not `out += y`) or `.clone()` the output before any in-place op.
  output = self._register_pre_backward_hook(output)
/workspace/venv_k3/lib/python3.12/site-packages/torch/distributed/fsdp/_fully_shard/_fsdp_state.py:336: UserWarning: FSDP2-wrapped module (FSDPCheckpointWrapper) returned a view tensor. An in-place op on this view (e.g., `x += y`) will silently drop the pre-backward hook and skip the all-gather, which can cause backward to fail or produce wrong gradients. Use out-of-place ops (`out = out + y`, not `out += y`) or `.clone()` the output before any in-place op.
  output = self._register_pre_backward_hook(output)
/workspace/venv_k3/lib/python3.12/site-packages/torch/distributed/fsdp/_fully_shard/_fsdp_state.py:336: UserWarning: FSDP2-wrapped module (FSDPKimiK3Model) returned a view tensor. An in-place op on this view (e.g., `x += y`) will silently drop the pre-backward hook and skip the all-gather, which can cause backward to fail or produce wrong gradients. Use out-of-place ops (`out = out + y`, not `out += y`) or `.clone()` the output before any in-place op.
  output = self._register_pre_backward_hook(output)
/workspace/venv_k3/lib/python3.12/site-packages/torch/distributed/fsdp/_fully_shard/_fsdp_state.py:336: UserWarning: FSDP2-wrapped module (FSDPCheckpointWrapper) returned a view tensor. An in-place op on this view (e.g., `x += y`) will silently drop the pre-backward hook and skip the all-gather, which can cause backward to fail or produce wrong gradients. Use out-of-place ops (`out = out + y`, not `out += y`) or `.clone()` the output before any in-place op.
  output = self._register_pre_backward_hook(output)
/workspace/venv_k3/lib/python3.12/site-packages/torch/distributed/fsdp/_fully_shard/_fsdp_state.py:336: UserWarning: FSDP2-wrapped module (FSDPKimiK3Model) returned a view tensor. An in-place op on this view (e.g., `x += y`) will silently drop the pre-backward hook and skip the all-gather, which can cause backward to fail or produce wrong gradients. Use out-of-place ops (`out = out + y`, not `out += y`) or `.clone()` the output before any in-place op.
  output = self._register_pre_backward_hook(output)
/workspace/venv_k3/lib/python3.12/site-packages/torch/distributed/fsdp/_fully_shard/_fsdp_state.py:336: UserWarning: FSDP2-wrapped module (FSDPCheckpointWrapper) returned a view tensor. An in-place op on this view (e.g., `x += y`) will silently drop the pre-backward hook and skip the all-gather, which can cause backward to fail or produce wrong gradients. Use out-of-place ops (`out = out + y`, not `out += y`) or `.clone()` the output before any in-place op.
  output = self._register_pre_backward_hook(output)
/workspace/venv_k3/lib/python3.12/site-packages/torch/distributed/fsdp/_fully_shard/_fsdp_state.py:336: UserWarning: FSDP2-wrapped module (FSDPCheckpointWrapper) returned a view tensor. An in-place op on this view (e.g., `x += y`) will silently drop the pre-backward hook and skip the all-gather, which can cause backward to fail or produce wrong gradients. Use out-of-place ops (`out = out + y`, not `out += y`) or `.clone()` the output before any in-place op.
  output = self._register_pre_backward_hook(output)
/workspace/venv_k3/lib/python3.12/site-packages/torch/distributed/fsdp/_fully_shard/_fsdp_state.py:336: UserWarning: FSDP2-wrapped module (FSDPCheckpointWrapper) returned a view tensor. An in-place op on this view (e.g., `x += y`) will silently drop the pre-backward hook and skip the all-gather, which can cause backward to fail or produce wrong gradients. Use out-of-place ops (`out = out + y`, not `out += y`) or `.clone()` the output before any in-place op.
  output = self._register_pre_backward_hook(output)
/workspace/venv_k3/lib/python3.12/site-packages/torch/distributed/fsdp/_fully_shard/_fsdp_state.py:336: UserWarning: FSDP2-wrapped module (FSDPCheckpointWrapper) returned a view tensor. An in-place op on this view (e.g., `x += y`) will silently drop the pre-backward hook and skip the all-gather, which can cause backward to fail or produce wrong gradients. Use out-of-place ops (`out = out + y`, not `out += y`) or `.clone()` the output before any in-place op.
  output = self._register_pre_backward_hook(output)
[titan] 2026-09-21 05:01:35,575 - torchtitan.observability.metrics - INFO - [31mstep:  1  [32mloss:  8.08199  [38;2;180;60;0mgrad_norm:  1.9483  [38;2;54;234;195mmemory:  0.27GiB(0.19%)  [34mtps: 43  [36mtflops: 0.01  [35mmfu: 0.00%[39m
[titan] 2026-09-21 05:01:35,575 - torchtitan.observability.metrics - INFO - [31mstep:  1  [32mloss:  8.08199  [38;2;180;60;0mgrad_norm:  1.9483  [38;2;54;234;195mmemory:  0.27GiB(0.19%)  [34mtps: 43  [36mtflops: 0.01  [35mmfu: 0.00%[39m
[titan] 2026-09-21 05:01:35,575 - torchtitan.distributed.utils - INFO - Synchronizing and adjusting timeout for all ProcessGroups to 0:01:40
[titan] 2026-09-21 05:01:35,575 - torchtitan.distributed.utils - INFO - Synchronizing and adjusting timeout for all ProcessGroups to 0:01:40
[titan] 2026-09-21 05:01:35,653 - torchtitan.observability.metrics - INFO - [31mstep:  1  [32mloss: -2.00000  [38;2;180;60;0mgrad_norm:  1.9483  [38;2;54;234;195mmemory:  0.29GiB(0.21%)  [34mtps: 42  [36mtflops: 0.01  [35mmfu: 0.00%[39m
[titan] 2026-09-21 05:01:35,653 - torchtitan.observability.metrics - INFO - [31mstep:  1  [32mloss: -2.00000  [38;2;180;60;0mgrad_norm:  1.9483  [38;2;54;234;195mmemory:  0.29GiB(0.21%)  [34mtps: 42  [36mtflops: 0.01  [35mmfu: 0.00%[39m
[titan] 2026-09-21 05:01:35,653 - torchtitan.distributed.utils - INFO - Synchronizing and adjusting timeout for all ProcessGroups to 0:01:40
[titan] 2026-09-21 05:01:35,653 - torchtitan.distributed.utils - INFO - Synchronizing and adjusting timeout for all ProcessGroups to 0:01:40
[titan] 2026-09-21 05:01:36,539 - torchtitan.observability.metrics - INFO - [31mstep:  2  [32mloss:  6.81893  [38;2;180;60;0mgrad_norm:  7.8863  [38;2;54;234;195mmemory:  0.29GiB(0.21%)  [34mtps: 531  [36mtflops: 0.08  [35mmfu: 0.01%[39m
[titan] 2026-09-21 05:01:36,539 - torchtitan.observability.metrics - INFO - [31mstep:  2  [32mloss:  6.81893  [38;2;180;60;0mgrad_norm:  7.8863  [38;2;54;234;195mmemory:  0.29GiB(0.21%)  [34mtps: 531  [36mtflops: 0.08  [35mmfu: 0.01%[39m
[titan] 2026-09-21 05:01:36,546 - torchtitan.observability.metrics - INFO - [31mstep:  2  [32mloss: -2.00000  [38;2;180;60;0mgrad_norm:  7.8863  [38;2;54;234;195mmemory:  0.32GiB(0.23%)  [34mtps: 573  [36mtflops: 0.09  [35mmfu: 0.01%[39m
[titan] 2026-09-21 05:01:36,546 - torchtitan.observability.metrics - INFO - [31mstep:  2  [32mloss: -2.00000  [38;2;180;60;0mgrad_norm:  7.8863  [38;2;54;234;195mmemory:  0.32GiB(0.23%)  [34mtps: 573  [36mtflops: 0.09  [35mmfu: 0.01%[39m
[titan] 2026-09-21 05:01:37,432 - torchtitan.observability.metrics - INFO - [31mstep:  3  [32mloss:  5.45156  [38;2;180;60;0mgrad_norm:  3.2960  [38;2;54;234;195mmemory:  0.29GiB(0.21%)  [34mtps: 574  [36mtflops: 0.09  [35mmfu: 0.01%[39m
[titan] 2026-09-21 05:01:37,432 - torchtitan.observability.metrics - INFO - [31mstep:  3  [32mloss:  5.45156  [38;2;180;60;0mgrad_norm:  3.2960  [38;2;54;234;195mmemory:  0.29GiB(0.21%)  [34mtps: 574  [36mtflops: 0.09  [35mmfu: 0.01%[39m
[titan] 2026-09-21 05:01:37,438 - torchtitan.observability.metrics - INFO - [31mstep:  3  [32mloss: -2.00000  [38;2;180;60;0mgrad_norm:  3.2960  [38;2;54;234;195mmemory:  0.32GiB(0.23%)  [34mtps: 574  [36mtflops: 0.09  [35mmfu: 0.01%[39m
[titan] 2026-09-21 05:01:37,438 - torchtitan.observability.metrics - INFO - [31mstep:  3  [32mloss: -2.00000  [38;2;180;60;0mgrad_norm:  3.2960  [38;2;54;234;195mmemory:  0.32GiB(0.23%)  [34mtps: 574  [36mtflops: 0.09  [35mmfu: 0.01%[39m
[titan] 2026-09-21 05:01:38,313 - torchtitan.observability.metrics - INFO - [31mstep:  4  [32mloss:  4.91795  [38;2;180;60;0mgrad_norm:  2.8053  [38;2;54;234;195mmemory:  0.29GiB(0.21%)  [34mtps: 581  [36mtflops: 0.09  [35mmfu: 0.01%[39m
[titan] 2026-09-21 05:01:38,313 - torchtitan.observability.metrics - INFO - [31mstep:  4  [32mloss:  4.91795  [38;2;180;60;0mgrad_norm:  2.8053  [38;2;54;234;195mmemory:  0.29GiB(0.21%)  [34mtps: 581  [36mtflops: 0.09  [35mmfu: 0.01%[39m
[titan] 2026-09-21 05:01:38,319 - torchtitan.observability.metrics - INFO - [31mstep:  4  [32mloss: -2.00000  [38;2;180;60;0mgrad_norm:  2.8053  [38;2;54;234;195mmemory:  0.32GiB(0.23%)  [34mtps: 581  [36mtflops: 0.09  [35mmfu: 0.01%[39m
[titan] 2026-09-21 05:01:38,319 - torchtitan.observability.metrics - INFO - [31mstep:  4  [32mloss: -2.00000  [38;2;180;60;0mgrad_norm:  2.8053  [38;2;54;234;195mmemory:  0.32GiB(0.23%)  [34mtps: 581  [36mtflops: 0.09  [35mmfu: 0.01%[39m
[titan] 2026-09-21 05:01:39,190 - torchtitan.observability.metrics - INFO - [31mstep:  5  [32mloss:  4.17017  [38;2;180;60;0mgrad_norm:  2.3025  [38;2;54;234;195mmemory:  0.29GiB(0.21%)  [34mtps: 584  [36mtflops: 0.09  [35mmfu: 0.01%[39m
[titan] 2026-09-21 05:01:39,190 - torchtitan.observability.metrics - INFO - [31mstep:  5  [32mloss:  4.17017  [38;2;180;60;0mgrad_norm:  2.3025  [38;2;54;234;195mmemory:  0.29GiB(0.21%)  [34mtps: 584  [36mtflops: 0.09  [35mmfu: 0.01%[39m
[titan] 2026-09-21 05:01:39,196 - torchtitan.observability.metrics - INFO - [31mstep:  5  [32mloss: -2.00000  [38;2;180;60;0mgrad_norm:  2.3025  [38;2;54;234;195mmemory:  0.32GiB(0.23%)  [34mtps: 584  [36mtflops: 0.09  [35mmfu: 0.01%[39m
[titan] 2026-09-21 05:01:39,196 - torchtitan.observability.metrics - INFO - [31mstep:  5  [32mloss: -2.00000  [38;2;180;60;0mgrad_norm:  2.3025  [38;2;54;234;195mmemory:  0.32GiB(0.23%)  [34mtps: 584  [36mtflops: 0.09  [35mmfu: 0.01%[39m
[titan] 2026-09-21 05:01:40,082 - torchtitan.observability.metrics - INFO - [31mstep:  6  [32mloss:  3.97098  [38;2;180;60;0mgrad_norm:  1.9036  [38;2;54;234;195mmemory:  0.29GiB(0.21%)  [34mtps: 575  [36mtflops: 0.09  [35mmfu: 0.01%[39m
[titan] 2026-09-21 05:01:40,082 - torchtitan.observability.metrics - INFO - [31mstep:  6  [32mloss:  3.97098  [38;2;180;60;0mgrad_norm:  1.9036  [38;2;54;234;195mmemory:  0.29GiB(0.21%)  [34mtps: 575  [36mtflops: 0.09  [35mmfu: 0.01%[39m
[titan] 2026-09-21 05:01:40,087 - torchtitan.observability.metrics - INFO - [31mstep:  6  [32mloss: -2.00000  [38;2;180;60;0mgrad_norm:  1.9036  [38;2;54;234;195mmemory:  0.32GiB(0.23%)  [34mtps: 575  [36mtflops: 0.09  [35mmfu: 0.01%[39m
[titan] 2026-09-21 05:01:40,087 - torchtitan.observability.metrics - INFO - [31mstep:  6  [32mloss: -2.00000  [38;2;180;60;0mgrad_norm:  1.9036  [38;2;54;234;195mmemory:  0.32GiB(0.23%)  [34mtps: 575  [36mtflops: 0.09  [35mmfu: 0.01%[39m
[titan] 2026-09-21 05:01:40,958 - torchtitan.observability.metrics - INFO - [31mstep:  7  [32mloss:  3.71958  [38;2;180;60;0mgrad_norm:  1.7581  [38;2;54;234;195mmemory:  0.29GiB(0.21%)  [34mtps: 584  [36mtflops: 0.09  [35mmfu: 0.01%[39m
[titan] 2026-09-21 05:01:40,958 - torchtitan.observability.metrics - INFO - [31mstep:  7  [32mloss:  3.71958  [38;2;180;60;0mgrad_norm:  1.7581  [38;2;54;234;195mmemory:  0.29GiB(0.21%)  [34mtps: 584  [36mtflops: 0.09  [35mmfu: 0.01%[39m
[titan] 2026-09-21 05:01:40,964 - torchtitan.observability.metrics - INFO - [31mstep:  7  [32mloss: -2.00000  [38;2;180;60;0mgrad_norm:  1.7581  [38;2;54;234;195mmemory:  0.32GiB(0.23%)  [34mtps: 584  [36mtflops: 0.09  [35mmfu: 0.01%[39m
[titan] 2026-09-21 05:01:40,964 - torchtitan.observability.metrics - INFO - [31mstep:  7  [32mloss: -2.00000  [38;2;180;60;0mgrad_norm:  1.7581  [38;2;54;234;195mmemory:  0.32GiB(0.23%)  [34mtps: 584  [36mtflops: 0.09  [35mmfu: 0.01%[39m
[titan] 2026-09-21 05:01:41,845 - torchtitan.observability.metrics - INFO - [31mstep:  8  [32mloss:  3.58415  [38;2;180;60;0mgrad_norm:  1.4949  [38;2;54;234;195mmemory:  0.29GiB(0.21%)  [34mtps: 578  [36mtflops: 0.09  [35mmfu: 0.01%[39m
[titan] 2026-09-21 05:01:41,845 - torchtitan.observability.metrics - INFO - [31mstep:  8  [32mloss:  3.58415  [38;2;180;60;0mgrad_norm:  1.4949  [38;2;54;234;195mmemory:  0.29GiB(0.21%)  [34mtps: 578  [36mtflops: 0.09  [35mmfu: 0.01%[39m
[titan] 2026-09-21 05:01:41,851 - torchtitan.observability.metrics - INFO - [31mstep:  8  [32mloss: -2.00000  [38;2;180;60;0mgrad_norm:  1.4949  [38;2;54;234;195mmemory:  0.32GiB(0.23%)  [34mtps: 578  [36mtflops: 0.09  [35mmfu: 0.01%[39m
[titan] 2026-09-21 05:01:41,851 - torchtitan.observability.metrics - INFO - [31mstep:  8  [32mloss: -2.00000  [38;2;180;60;0mgrad_norm:  1.4949  [38;2;54;234;195mmemory:  0.32GiB(0.23%)  [34mtps: 578  [36mtflops: 0.09  [35mmfu: 0.01%[39m
[titan] 2026-09-21 05:01:42,728 - torchtitan.observability.metrics - INFO - [31mstep:  9  [32mloss:  3.50883  [38;2;180;60;0mgrad_norm:  1.4738  [38;2;54;234;195mmemory:  0.29GiB(0.21%)  [34mtps: 580  [36mtflops: 0.09  [35mmfu: 0.01%[39m
[titan] 2026-09-21 05:01:42,728 - torchtitan.observability.metrics - INFO - [31mstep:  9  [32mloss:  3.50883  [38;2;180;60;0mgrad_norm:  1.4738  [38;2;54;234;195mmemory:  0.29GiB(0.21%)  [34mtps: 580  [36mtflops: 0.09  [35mmfu: 0.01%[39m
[titan] 2026-09-21 05:01:42,734 - torchtitan.observability.metrics - INFO - [31mstep:  9  [32mloss: -2.00000  [38;2;180;60;0mgrad_norm:  1.4738  [38;2;54;234;195mmemory:  0.32GiB(0.23%)  [34mtps: 580  [36mtflops: 0.09  [35mmfu: 0.01%[39m
[titan] 2026-09-21 05:01:42,734 - torchtitan.observability.metrics - INFO - [31mstep:  9  [32mloss: -2.00000  [38;2;180;60;0mgrad_norm:  1.4738  [38;2;54;234;195mmemory:  0.32GiB(0.23%)  [34mtps: 580  [36mtflops: 0.09  [35mmfu: 0.01%[39m
[titan] 2026-09-21 05:01:43,616 - torchtitan.observability.metrics - INFO - [31mstep: 10  [32mloss:  3.31121  [38;2;180;60;0mgrad_norm:  1.2265  [38;2;54;234;195mmemory:  0.29GiB(0.21%)  [34mtps: 576  [36mtflops: 0.09  [35mmfu: 0.01%[39m
[titan] 2026-09-21 05:01:43,616 - torchtitan.observability.metrics - INFO - [31mstep: 10  [32mloss:  3.31121  [38;2;180;60;0mgrad_norm:  1.2265  [38;2;54;234;195mmemory:  0.29GiB(0.21%)  [34mtps: 576  [36mtflops: 0.09  [35mmfu: 0.01%[39m
[titan] 2026-09-21 05:01:43,622 - torchtitan.observability.metrics - INFO - [31mstep: 10  [32mloss: -2.00000  [38;2;180;60;0mgrad_norm:  1.2265  [38;2;54;234;195mmemory:  0.32GiB(0.23%)  [34mtps: 577  [36mtflops: 0.09  [35mmfu: 0.01%[39m
[titan] 2026-09-21 05:01:43,622 - torchtitan.observability.metrics - INFO - [31mstep: 10  [32mloss: -2.00000  [38;2;180;60;0mgrad_norm:  1.2265  [38;2;54;234;195mmemory:  0.32GiB(0.23%)  [34mtps: 577  [36mtflops: 0.09  [35mmfu: 0.01%[39m
[titan] 2026-09-21 05:01:44,497 - torchtitan.observability.metrics - INFO - [31mstep: 11  [32mloss:  3.46491  [38;2;180;60;0mgrad_norm:  1.0041  [38;2;54;234;195mmemory:  0.29GiB(0.21%)  [34mtps: 582  [36mtflops: 0.09  [35mmfu: 0.01%[39m
[titan] 2026-09-21 05:01:44,497 - torchtitan.observability.metrics - INFO - [31mstep: 11  [32mloss:  3.46491  [38;2;180;60;0mgrad_norm:  1.0041  [38;2;54;234;195mmemory:  0.29GiB(0.21%)  [34mtps: 582  [36mtflops: 0.09  [35mmfu: 0.01%[39m
[titan] 2026-09-21 05:01:44,503 - torchtitan.observability.metrics - INFO - [31mstep: 11  [32mloss: -2.00000  [38;2;180;60;0mgrad_norm:  1.0041  [38;2;54;234;195mmemory:  0.32GiB(0.23%)  [34mtps: 582  [36mtflops: 0.09  [35mmfu: 0.01%[39m
[titan] 2026-09-21 05:01:44,503 - torchtitan.observability.metrics - INFO - [31mstep: 11  [32mloss: -2.00000  [38;2;180;60;0mgrad_norm:  1.0041  [38;2;54;234;195mmemory:  0.32GiB(0.23%)  [34mtps: 582  [36mtflops: 0.09  [35mmfu: 0.01%[39m
[titan] 2026-09-21 05:01:45,383 - torchtitan.observability.metrics - INFO - [31mstep: 12  [32mloss:  3.31483  [38;2;180;60;0mgrad_norm:  0.9260  [38;2;54;234;195mmemory:  0.29GiB(0.21%)  [34mtps: 578  [36mtflops: 0.09  [35mmfu: 0.01%[39m
[titan] 2026-09-21 05:01:45,383 - torchtitan.observability.metrics - INFO - [31mstep: 12  [32mloss:  3.31483  [38;2;180;60;0mgrad_norm:  0.9260  [38;2;54;234;195mmemory:  0.29GiB(0.21%)  [34mtps: 578  [36mtflops: 0.09  [35mmfu: 0.01%[39m
[titan] 2026-09-21 05:01:45,388 - torchtitan.observability.metrics - INFO - [31mstep: 12  [32mloss: -2.00000  [38;2;180;60;0mgrad_norm:  0.9260  [38;2;54;234;195mmemory:  0.32GiB(0.23%)  [34mtps: 578  [36mtflops: 0.09  [35mmfu: 0.01%[39m
[titan] 2026-09-21 05:01:45,388 - torchtitan.observability.metrics - INFO - [31mstep: 12  [32mloss: -2.00000  [38;2;180;60;0mgrad_norm:  0.9260  [38;2;54;234;195mmemory:  0.32GiB(0.23%)  [34mtps: 578  [36mtflops: 0.09  [35mmfu: 0.01%[39m
[titan] 2026-09-21 05:01:46,268 - torchtitan.observability.metrics - INFO - [31mstep: 13  [32mloss:  3.04420  [38;2;180;60;0mgrad_norm:  1.0100  [38;2;54;234;195mmemory:  0.29GiB(0.21%)  [34mtps: 579  [36mtflops: 0.09  [35mmfu: 0.01%[39m
[titan] 2026-09-21 05:01:46,268 - torchtitan.observability.metrics - INFO - [31mstep: 13  [32mloss:  3.04420  [38;2;180;60;0mgrad_norm:  1.0100  [38;2;54;234;195mmemory:  0.29GiB(0.21%)  [34mtps: 579  [36mtflops: 0.09  [35mmfu: 0.01%[39m
[titan] 2026-09-21 05:01:46,273 - torchtitan.observability.metrics - INFO - [31mstep: 13  [32mloss: -2.00000  [38;2;180;60;0mgrad_norm:  1.0100  [38;2;54;234;195mmemory:  0.32GiB(0.23%)  [34mtps: 579  [36mtflops: 0.09  [35mmfu: 0.01%[39m
[titan] 2026-09-21 05:01:46,273 - torchtitan.observability.metrics - INFO - [31mstep: 13  [32mloss: -2.00000  [38;2;180;60;0mgrad_norm:  1.0100  [38;2;54;234;195mmemory:  0.32GiB(0.23%)  [34mtps: 579  [36mtflops: 0.09  [35mmfu: 0.01%[39m
[titan] 2026-09-21 05:01:47,148 - torchtitan.observability.metrics - INFO - [31mstep: 14  [32mloss:  3.18816  [38;2;180;60;0mgrad_norm:  0.7490  [38;2;54;234;195mmemory:  0.29GiB(0.21%)  [34mtps: 582  [36mtflops: 0.09  [35mmfu: 0.01%[39m
[titan] 2026-09-21 05:01:47,148 - torchtitan.observability.metrics - INFO - [31mstep: 14  [32mloss:  3.18816  [38;2;180;60;0mgrad_norm:  0.7490  [38;2;54;234;195mmemory:  0.29GiB(0.21%)  [34mtps: 582  [36mtflops: 0.09  [35mmfu: 0.01%[39m
[titan] 2026-09-21 05:01:47,154 - torchtitan.observability.metrics - INFO - [31mstep: 14  [32mloss: -2.00000  [38;2;180;60;0mgrad_norm:  0.7490  [38;2;54;234;195mmemory:  0.32GiB(0.23%)  [34mtps: 582  [36mtflops: 0.09  [35mmfu: 0.01%[39m
[titan] 2026-09-21 05:01:47,154 - torchtitan.observability.metrics - INFO - [31mstep: 14  [32mloss: -2.00000  [38;2;180;60;0mgrad_norm:  0.7490  [38;2;54;234;195mmemory:  0.32GiB(0.23%)  [34mtps: 581  [36mtflops: 0.09  [35mmfu: 0.01%[39m
[titan] 2026-09-21 05:01:48,032 - torchtitan.observability.metrics - INFO - [31mstep: 15  [32mloss:  3.06808  [38;2;180;60;0mgrad_norm:  0.6837  [38;2;54;234;195mmemory:  0.29GiB(0.21%)  [34mtps: 579  [36mtflops: 0.09  [35mmfu: 0.01%[39m
[titan] 2026-09-21 05:01:48,032 - torchtitan.observability.metrics - INFO - [31mstep: 15  [32mloss:  3.06808  [38;2;180;60;0mgrad_norm:  0.6837  [38;2;54;234;195mmemory:  0.29GiB(0.21%)  [34mtps: 579  [36mtflops: 0.09  [35mmfu: 0.01%[39m
[titan] 2026-09-21 05:01:48,038 - torchtitan.observability.metrics - INFO - [31mstep: 15  [32mloss: -2.00000  [38;2;180;60;0mgrad_norm:  0.6837  [38;2;54;234;195mmemory:  0.32GiB(0.23%)  [34mtps: 579  [36mtflops: 0.09  [35mmfu: 0.01%[39m
[titan] 2026-09-21 05:01:48,038 - torchtitan.observability.metrics - INFO - [31mstep: 15  [32mloss: -2.00000  [38;2;180;60;0mgrad_norm:  0.6837  [38;2;54;234;195mmemory:  0.32GiB(0.23%)  [34mtps: 579  [36mtflops: 0.09  [35mmfu: 0.01%[39m
[titan] 2026-09-21 05:01:48,914 - torchtitan.observability.metrics - INFO - [31mstep: 16  [32mloss:  2.94591  [38;2;180;60;0mgrad_norm:  0.8636  [38;2;54;234;195mmemory:  0.29GiB(0.21%)  [34mtps: 581  [36mtflops: 0.09  [35mmfu: 0.01%[39m
[titan] 2026-09-21 05:01:48,914 - torchtitan.observability.metrics - INFO - [31mstep: 16  [32mloss:  2.94591  [38;2;180;60;0mgrad_norm:  0.8636  [38;2;54;234;195mmemory:  0.29GiB(0.21%)  [34mtps: 581  [36mtflops: 0.09  [35mmfu: 0.01%[39m
[titan] 2026-09-21 05:01:48,920 - torchtitan.observability.metrics - INFO - [31mstep: 16  [32mloss: -2.00000  [38;2;180;60;0mgrad_norm:  0.8636  [38;2;54;234;195mmemory:  0.32GiB(0.23%)  [34mtps: 581  [36mtflops: 0.09  [35mmfu: 0.01%[39m
[titan] 2026-09-21 05:01:48,920 - torchtitan.observability.metrics - INFO - [31mstep: 16  [32mloss: -2.00000  [38;2;180;60;0mgrad_norm:  0.8636  [38;2;54;234;195mmemory:  0.32GiB(0.23%)  [34mtps: 581  [36mtflops: 0.09  [35mmfu: 0.01%[39m
[titan] 2026-09-21 05:01:49,792 - torchtitan.observability.metrics - INFO - [31mstep: 17  [32mloss:  2.86703  [38;2;180;60;0mgrad_norm:  0.7039  [38;2;54;234;195mmemory:  0.29GiB(0.21%)  [34mtps: 583  [36mtflops: 0.09  [35mmfu: 0.01%[39m
[titan] 2026-09-21 05:01:49,792 - torchtitan.observability.metrics - INFO - [31mstep: 17  [32mloss:  2.86703  [38;2;180;60;0mgrad_norm:  0.7039  [38;2;54;234;195mmemory:  0.29GiB(0.21%)  [34mtps: 583  [36mtflops: 0.09  [35mmfu: 0.01%[39m
[titan] 2026-09-21 05:01:49,798 - torchtitan.observability.metrics - INFO - [31mstep: 17  [32mloss: -2.00000  [38;2;180;60;0mgrad_norm:  0.7039  [38;2;54;234;195mmemory:  0.32GiB(0.23%)  [34mtps: 583  [36mtflops: 0.09  [35mmfu: 0.01%[39m
[titan] 2026-09-21 05:01:49,798 - torchtitan.observability.metrics - INFO - [31mstep: 17  [32mloss: -2.00000  [38;2;180;60;0mgrad_norm:  0.7039  [38;2;54;234;195mmemory:  0.32GiB(0.23%)  [34mtps: 583  [36mtflops: 0.09  [35mmfu: 0.01%[39m
[titan] 2026-09-21 05:01:50,677 - torchtitan.observability.metrics - INFO - [31mstep: 18  [32mloss:  2.89473  [38;2;180;60;0mgrad_norm:  0.6541  [38;2;54;234;195mmemory:  0.29GiB(0.21%)  [34mtps: 579  [36mtflops: 0.09  [35mmfu: 0.01%[39m
[titan] 2026-09-21 05:01:50,677 - torchtitan.observability.metrics - INFO - [31mstep: 18  [32mloss:  2.89473  [38;2;180;60;0mgrad_norm:  0.6541  [38;2;54;234;195mmemory:  0.29GiB(0.21%)  [34mtps: 579  [36mtflops: 0.09  [35mmfu: 0.01%[39m
[titan] 2026-09-21 05:01:50,683 - torchtitan.observability.metrics - INFO - [31mstep: 18  [32mloss: -2.00000  [38;2;180;60;0mgrad_norm:  0.6541  [38;2;54;234;195mmemory:  0.32GiB(0.23%)  [34mtps: 579  [36mtflops: 0.09  [35mmfu: 0.01%[39m
[titan] 2026-09-21 05:01:50,683 - torchtitan.observability.metrics - INFO - [31mstep: 18  [32mloss: -2.00000  [38;2;180;60;0mgrad_norm:  0.6541  [38;2;54;234;195mmemory:  0.32GiB(0.23%)  [34mtps: 579  [36mtflops: 0.09  [35mmfu: 0.01%[39m
[titan] 2026-09-21 05:01:51,558 - torchtitan.observability.metrics - INFO - [31mstep: 19  [32mloss:  2.97908  [38;2;180;60;0mgrad_norm:  0.6639  [38;2;54;234;195mmemory:  0.29GiB(0.21%)  [34mtps: 581  [36mtflops: 0.09  [35mmfu: 0.01%[39m
[titan] 2026-09-21 05:01:51,558 - torchtitan.observability.metrics - INFO - [31mstep: 19  [32mloss:  2.97908  [38;2;180;60;0mgrad_norm:  0.6639  [38;2;54;234;195mmemory:  0.29GiB(0.21%)  [34mtps: 581  [36mtflops: 0.09  [35mmfu: 0.01%[39m
[titan] 2026-09-21 05:01:51,564 - torchtitan.observability.metrics - INFO - [31mstep: 19  [32mloss: -2.00000  [38;2;180;60;0mgrad_norm:  0.6639  [38;2;54;234;195mmemory:  0.32GiB(0.23%)  [34mtps: 581  [36mtflops: 0.09  [35mmfu: 0.01%[39m
[titan] 2026-09-21 05:01:51,564 - torchtitan.observability.metrics - INFO - [31mstep: 19  [32mloss: -2.00000  [38;2;180;60;0mgrad_norm:  0.6639  [38;2;54;234;195mmemory:  0.32GiB(0.23%)  [34mtps: 581  [36mtflops: 0.09  [35mmfu: 0.01%[39m
[titan] 2026-09-21 05:01:52,450 - torchtitan.observability.metrics - INFO - [31mstep: 20  [32mloss:  2.84517  [38;2;180;60;0mgrad_norm:  0.7864  [38;2;54;234;195mmemory:  0.29GiB(0.21%)  [34mtps: 574  [36mtflops: 0.09  [35mmfu: 0.01%[39m
[titan] 2026-09-21 05:01:52,450 - torchtitan.observability.metrics - INFO - [31mstep: 20  [32mloss:  2.84517  [38;2;180;60;0mgrad_norm:  0.7864  [38;2;54;234;195mmemory:  0.29GiB(0.21%)  [34mtps: 574  [36mtflops: 0.09  [35mmfu: 0.01%[39m
[titan] 2026-09-21 05:01:52,456 - torchtitan.observability.metrics - INFO - [31mstep: 20  [32mloss: -2.00000  [38;2;180;60;0mgrad_norm:  0.7864  [38;2;54;234;195mmemory:  0.32GiB(0.23%)  [34mtps: 574  [36mtflops: 0.09  [35mmfu: 0.01%[39m
[titan] 2026-09-21 05:01:52,456 - torchtitan.observability.metrics - INFO - [31mstep: 20  [32mloss: -2.00000  [38;2;180;60;0mgrad_norm:  0.7864  [38;2;54;234;195mmemory:  0.32GiB(0.23%)  [34mtps: 574  [36mtflops: 0.09  [35mmfu: 0.01%[39m
[titan] 2026-09-21 05:01:53,340 - torchtitan.observability.metrics - INFO - [31mstep: 21  [32mloss:  2.92397  [38;2;180;60;0mgrad_norm:  0.6725  [38;2;54;234;195mmemory:  0.29GiB(0.21%)  [34mtps: 576  [36mtflops: 0.09  [35mmfu: 0.01%[39m
[titan] 2026-09-21 05:01:53,340 - torchtitan.observability.metrics - INFO - [31mstep: 21  [32mloss:  2.92397  [38;2;180;60;0mgrad_norm:  0.6725  [38;2;54;234;195mmemory:  0.29GiB(0.21%)  [34mtps: 576  [36mtflops: 0.09  [35mmfu: 0.01%[39m
[titan] 2026-09-21 05:01:53,346 - torchtitan.observability.metrics - INFO - [31mstep: 21  [32mloss: -2.00000  [38;2;180;60;0mgrad_norm:  0.6725  [38;2;54;234;195mmemory:  0.32GiB(0.23%)  [34mtps: 575  [36mtflops: 0.09  [35mmfu: 0.01%[39m
[titan] 2026-09-21 05:01:53,346 - torchtitan.observability.metrics - INFO - [31mstep: 21  [32mloss: -2.00000  [38;2;180;60;0mgrad_norm:  0.6725  [38;2;54;234;195mmemory:  0.32GiB(0.23%)  [34mtps: 575  [36mtflops: 0.09  [35mmfu: 0.01%[39m
[titan] 2026-09-21 05:01:54,231 - torchtitan.observability.metrics - INFO - [31mstep: 22  [32mloss:  2.74750  [38;2;180;60;0mgrad_norm:  0.6775  [38;2;54;234;195mmemory:  0.29GiB(0.21%)  [34mtps: 575  [36mtflops: 0.09  [35mmfu: 0.01%[39m
[titan] 2026-09-21 05:01:54,231 - torchtitan.observability.metrics - INFO - [31mstep: 22  [32mloss:  2.74750  [38;2;180;60;0mgrad_norm:  0.6775  [38;2;54;234;195mmemory:  0.29GiB(0.21%)  [34mtps: 575  [36mtflops: 0.09  [35mmfu: 0.01%[39m
[titan] 2026-09-21 05:01:54,237 - torchtitan.observability.metrics - INFO - [31mstep: 22  [32mloss: -2.00000  [38;2;180;60;0mgrad_norm:  0.6775  [38;2;54;234;195mmemory:  0.32GiB(0.23%)  [34mtps: 574  [36mtflops: 0.09  [35mmfu: 0.01%[39m
[titan] 2026-09-21 05:01:54,238 - torchtitan.observability.metrics - INFO - [31mstep: 22  [32mloss: -2.00000  [38;2;180;60;0mgrad_norm:  0.6775  [38;2;54;234;195mmemory:  0.32GiB(0.23%)  [34mtps: 574  [36mtflops: 0.09  [35mmfu: 0.01%[39m
[titan] 2026-09-21 05:01:55,120 - torchtitan.observability.metrics - INFO - [31mstep: 23  [32mloss:  2.63430  [38;2;180;60;0mgrad_norm:  0.6507  [38;2;54;234;195mmemory:  0.29GiB(0.21%)  [34mtps: 576  [36mtflops: 0.09  [35mmfu: 0.01%[39m
[titan] 2026-09-21 05:01:55,120 - torchtitan.observability.metrics - INFO - [31mstep: 23  [32mloss:  2.63430  [38;2;180;60;0mgrad_norm:  0.6507  [38;2;54;234;195mmemory:  0.29GiB(0.21%)  [34mtps: 576  [36mtflops: 0.09  [35mmfu: 0.01%[39m
[titan] 2026-09-21 05:01:55,126 - torchtitan.observability.metrics - INFO - [31mstep: 23  [32mloss: -2.00000  [38;2;180;60;0mgrad_norm:  0.6507  [38;2;54;234;195mmemory:  0.32GiB(0.23%)  [34mtps: 577  [36mtflops: 0.09  [35mmfu: 0.01%[39m
[titan] 2026-09-21 05:01:55,126 - torchtitan.observability.metrics - INFO - [31mstep: 23  [32mloss: -2.00000  [38;2;180;60;0mgrad_norm:  0.6507  [38;2;54;234;195mmemory:  0.32GiB(0.23%)  [34mtps: 576  [36mtflops: 0.09  [35mmfu: 0.01%[39m
[titan] 2026-09-21 05:01:56,016 - torchtitan.observability.metrics - INFO - [31mstep: 24  [32mloss:  2.76305  [38;2;180;60;0mgrad_norm:  0.7990  [38;2;54;234;195mmemory:  0.29GiB(0.21%)  [34mtps: 571  [36mtflops: 0.09  [35mmfu: 0.01%[39m
[titan] 2026-09-21 05:01:56,016 - torchtitan.observability.metrics - INFO - [31mstep: 24  [32mloss:  2.76305  [38;2;180;60;0mgrad_norm:  0.7990  [38;2;54;234;195mmemory:  0.29GiB(0.21%)  [34mtps: 572  [36mtflops: 0.09  [35mmfu: 0.01%[39m
[titan] 2026-09-21 05:01:56,022 - torchtitan.observability.metrics - INFO - [31mstep: 24  [32mloss: -2.00000  [38;2;180;60;0mgrad_norm:  0.7990  [38;2;54;234;195mmemory:  0.32GiB(0.23%)  [34mtps: 571  [36mtflops: 0.09  [35mmfu: 0.01%[39m
[titan] 2026-09-21 05:01:56,022 - torchtitan.observability.metrics - INFO - [31mstep: 24  [32mloss: -2.00000  [38;2;180;60;0mgrad_norm:  0.7990  [38;2;54;234;195mmemory:  0.32GiB(0.23%)  [34mtps: 571  [36mtflops: 0.09  [35mmfu: 0.01%[39m
[titan] 2026-09-21 05:01:56,905 - torchtitan.observability.metrics - INFO - [31mstep: 25  [32mloss:  2.96118  [38;2;180;60;0mgrad_norm:  0.7348  [38;2;54;234;195mmemory:  0.29GiB(0.21%)  [34mtps: 576  [36mtflops: 0.09  [35mmfu: 0.01%[39m
[titan] 2026-09-21 05:01:56,905 - torchtitan.observability.metrics - INFO - [31mstep: 25  [32mloss:  2.96118  [38;2;180;60;0mgrad_norm:  0.7348  [38;2;54;234;195mmemory:  0.29GiB(0.21%)  [34mtps: 576  [36mtflops: 0.09  [35mmfu: 0.01%[39m
[titan] 2026-09-21 05:01:56,911 - torchtitan.observability.metrics - INFO - [31mstep: 25  [32mloss: -2.00000  [38;2;180;60;0mgrad_norm:  0.7348  [38;2;54;234;195mmemory:  0.32GiB(0.23%)  [34mtps: 576  [36mtflops: 0.09  [35mmfu: 0.01%[39m
[titan] 2026-09-21 05:01:56,911 - torchtitan.observability.metrics - INFO - [31mstep: 25  [32mloss: -2.00000  [38;2;180;60;0mgrad_norm:  0.7348  [38;2;54;234;195mmemory:  0.32GiB(0.23%)  [34mtps: 576  [36mtflops: 0.09  [35mmfu: 0.01%[39m
[titan] 2026-09-21 05:01:57,791 - torchtitan.observability.metrics - INFO - [31mstep: 26  [32mloss:  2.63753  [38;2;180;60;0mgrad_norm:  0.7974  [38;2;54;234;195mmemory:  0.29GiB(0.21%)  [34mtps: 578  [36mtflops: 0.09  [35mmfu: 0.01%[39m
[titan] 2026-09-21 05:01:57,791 - torchtitan.observability.metrics - INFO - [31mstep: 26  [32mloss:  2.63753  [38;2;180;60;0mgrad_norm:  0.7974  [38;2;54;234;195mmemory:  0.29GiB(0.21%)  [34mtps: 578  [36mtflops: 0.09  [35mmfu: 0.01%[39m
[titan] 2026-09-21 05:01:57,797 - torchtitan.observability.metrics - INFO - [31mstep: 26  [32mloss: -2.00000  [38;2;180;60;0mgrad_norm:  0.7974  [38;2;54;234;195mmemory:  0.32GiB(0.23%)  [34mtps: 578  [36mtflops: 0.09  [35mmfu: 0.01%[39m
[titan] 2026-09-21 05:01:57,797 - torchtitan.observability.metrics - INFO - [31mstep: 26  [32mloss: -2.00000  [38;2;180;60;0mgrad_norm:  0.7974  [38;2;54;234;195mmemory:  0.32GiB(0.23%)  [34mtps: 578  [36mtflops: 0.09  [35mmfu: 0.01%[39m
[titan] 2026-09-21 05:01:58,690 - torchtitan.observability.metrics - INFO - [31mstep: 27  [32mloss:  2.77715  [38;2;180;60;0mgrad_norm:  0.7798  [38;2;54;234;195mmemory:  0.29GiB(0.21%)  [34mtps: 570  [36mtflops: 0.09  [35mmfu: 0.01%[39m
[titan] 2026-09-21 05:01:58,690 - torchtitan.observability.metrics - INFO - [31mstep: 27  [32mloss:  2.77715  [38;2;180;60;0mgrad_norm:  0.7798  [38;2;54;234;195mmemory:  0.29GiB(0.21%)  [34mtps: 570  [36mtflops: 0.09  [35mmfu: 0.01%[39m
[titan] 2026-09-21 05:01:58,696 - torchtitan.observability.metrics - INFO - [31mstep: 27  [32mloss: -2.00000  [38;2;180;60;0mgrad_norm:  0.7798  [38;2;54;234;195mmemory:  0.32GiB(0.23%)  [34mtps: 570  [36mtflops: 0.09  [35mmfu: 0.01%[39m
[titan] 2026-09-21 05:01:58,696 - torchtitan.observability.metrics - INFO - [31mstep: 27  [32mloss: -2.00000  [38;2;180;60;0mgrad_norm:  0.7798  [38;2;54;234;195mmemory:  0.32GiB(0.23%)  [34mtps: 570  [36mtflops: 0.09  [35mmfu: 0.01%[39m
[titan] 2026-09-21 05:01:59,579 - torchtitan.observability.metrics - INFO - [31mstep: 28  [32mloss:  2.79549  [38;2;180;60;0mgrad_norm:  0.7230  [38;2;54;234;195mmemory:  0.29GiB(0.21%)  [34mtps: 576  [36mtflops: 0.09  [35mmfu: 0.01%[39m
[titan] 2026-09-21 05:01:59,579 - torchtitan.observability.metrics - INFO - [31mstep: 28  [32mloss:  2.79549  [38;2;180;60;0mgrad_norm:  0.7230  [38;2;54;234;195mmemory:  0.29GiB(0.21%)  [34mtps: 576  [36mtflops: 0.09  [35mmfu: 0.01%[39m
[titan] 2026-09-21 05:01:59,585 - torchtitan.observability.metrics - INFO - [31mstep: 28  [32mloss: -2.00000  [38;2;180;60;0mgrad_norm:  0.7230  [38;2;54;234;195mmemory:  0.32GiB(0.23%)  [34mtps: 576  [36mtflops: 0.09  [35mmfu: 0.01%[39m
[titan] 2026-09-21 05:01:59,585 - torchtitan.observability.metrics - INFO - [31mstep: 28  [32mloss: -2.00000  [38;2;180;60;0mgrad_norm:  0.7230  [38;2;54;234;195mmemory:  0.32GiB(0.23%)  [34mtps: 576  [36mtflops: 0.09  [35mmfu: 0.01%[39m
[titan] 2026-09-21 05:02:00,473 - torchtitan.observability.metrics - INFO - [31mstep: 29  [32mloss:  2.57238  [38;2;180;60;0mgrad_norm:  0.7215  [38;2;54;234;195mmemory:  0.29GiB(0.21%)  [34mtps: 573  [36mtflops: 0.09  [35mmfu: 0.01%[39m
[titan] 2026-09-21 05:02:00,473 - torchtitan.observability.metrics - INFO - [31mstep: 29  [32mloss:  2.57238  [38;2;180;60;0mgrad_norm:  0.7215  [38;2;54;234;195mmemory:  0.29GiB(0.21%)  [34mtps: 573  [36mtflops: 0.09  [35mmfu: 0.01%[39m
[titan] 2026-09-21 05:02:00,479 - torchtitan.observability.metrics - INFO - [31mstep: 29  [32mloss: -2.00000  [38;2;180;60;0mgrad_norm:  0.7215  [38;2;54;234;195mmemory:  0.32GiB(0.23%)  [34mtps: 573  [36mtflops: 0.09  [35mmfu: 0.01%[39m
[titan] 2026-09-21 05:02:00,479 - torchtitan.observability.metrics - INFO - [31mstep: 29  [32mloss: -2.00000  [38;2;180;60;0mgrad_norm:  0.7215  [38;2;54;234;195mmemory:  0.32GiB(0.23%)  [34mtps: 573  [36mtflops: 0.09  [35mmfu: 0.01%[39m
[titan] 2026-09-21 05:02:01,354 - torchtitan.observability.metrics - INFO - [31mstep: 30  [32mloss:  2.73880  [38;2;180;60;0mgrad_norm:  0.7355  [38;2;54;234;195mmemory:  0.29GiB(0.21%)  [34mtps: 581  [36mtflops: 0.09  [35mmfu: 0.01%[39m
[titan] 2026-09-21 05:02:01,354 - torchtitan.observability.metrics - INFO - [31mstep: 30  [32mloss:  2.73880  [38;2;180;60;0mgrad_norm:  0.7355  [38;2;54;234;195mmemory:  0.29GiB(0.21%)  [34mtps: 581  [36mtflops: 0.09  [35mmfu: 0.01%[39m
[titan] 2026-09-21 05:02:01,360 - torchtitan.observability.metrics - INFO - [31mstep: 30  [32mloss: -2.00000  [38;2;180;60;0mgrad_norm:  0.7355  [38;2;54;234;195mmemory:  0.32GiB(0.23%)  [34mtps: 581  [36mtflops: 0.09  [35mmfu: 0.01%[39m
[titan] 2026-09-21 05:02:01,360 - torchtitan.observability.metrics - INFO - [31mstep: 30  [32mloss: -2.00000  [38;2;180;60;0mgrad_norm:  0.7355  [38;2;54;234;195mmemory:  0.32GiB(0.23%)  [34mtps: 581  [36mtflops: 0.09  [35mmfu: 0.01%[39m
[titan] 2026-09-21 05:02:02,237 - torchtitan.observability.metrics - INFO - [31mstep: 31  [32mloss:  2.69208  [38;2;180;60;0mgrad_norm:  0.6776  [38;2;54;234;195mmemory:  0.29GiB(0.21%)  [34mtps: 580  [36mtflops: 0.09  [35mmfu: 0.01%[39m
[titan] 2026-09-21 05:02:02,237 - torchtitan.observability.metrics - INFO - [31mstep: 31  [32mloss:  2.69208  [38;2;180;60;0mgrad_norm:  0.6776  [38;2;54;234;195mmemory:  0.29GiB(0.21%)  [34mtps: 580  [36mtflops: 0.09  [35mmfu: 0.01%[39m
[titan] 2026-09-21 05:02:02,242 - torchtitan.observability.metrics - INFO - [31mstep: 31  [32mloss: -2.00000  [38;2;180;60;0mgrad_norm:  0.6776  [38;2;54;234;195mmemory:  0.32GiB(0.23%)  [34mtps: 581  [36mtflops: 0.09  [35mmfu: 0.01%[39m
[titan] 2026-09-21 05:02:02,242 - torchtitan.observability.metrics - INFO - [31mstep: 31  [32mloss: -2.00000  [38;2;180;60;0mgrad_norm:  0.6776  [38;2;54;234;195mmemory:  0.32GiB(0.23%)  [34mtps: 581  [36mtflops: 0.09  [35mmfu: 0.01%[39m
[titan] 2026-09-21 05:02:03,122 - torchtitan.observability.metrics - INFO - [31mstep: 32  [32mloss:  2.69527  [38;2;180;60;0mgrad_norm:  0.8102  [38;2;54;234;195mmemory:  0.29GiB(0.21%)  [34mtps: 579  [36mtflops: 0.09  [35mmfu: 0.01%[39m
[titan] 2026-09-21 05:02:03,122 - torchtitan.observability.metrics - INFO - [31mstep: 32  [32mloss:  2.69527  [38;2;180;60;0mgrad_norm:  0.8102  [38;2;54;234;195mmemory:  0.29GiB(0.21%)  [34mtps: 579  [36mtflops: 0.09  [35mmfu: 0.01%[39m
[titan] 2026-09-21 05:02:03,128 - torchtitan.observability.metrics - INFO - [31mstep: 32  [32mloss: -2.00000  [38;2;180;60;0mgrad_norm:  0.8102  [38;2;54;234;195mmemory:  0.32GiB(0.23%)  [34mtps: 579  [36mtflops: 0.09  [35mmfu: 0.01%[39m
[titan] 2026-09-21 05:02:03,128 - torchtitan.observability.metrics - INFO - [31mstep: 32  [32mloss: -2.00000  [38;2;180;60;0mgrad_norm:  0.8102  [38;2;54;234;195mmemory:  0.32GiB(0.23%)  [34mtps: 579  [36mtflops: 0.09  [35mmfu: 0.01%[39m
[titan] 2026-09-21 05:02:04,014 - torchtitan.observability.metrics - INFO - [31mstep: 33  [32mloss:  2.54236  [38;2;180;60;0mgrad_norm:  0.6173  [38;2;54;234;195mmemory:  0.29GiB(0.21%)  [34mtps: 574  [36mtflops: 0.09  [35mmfu: 0.01%[39m
[titan] 2026-09-21 05:02:04,014 - torchtitan.observability.metrics - INFO - [31mstep: 33  [32mloss:  2.54236  [38;2;180;60;0mgrad_norm:  0.6173  [38;2;54;234;195mmemory:  0.29GiB(0.21%)  [34mtps: 574  [36mtflops: 0.09  [35mmfu: 0.01%[39m
[titan] 2026-09-21 05:02:04,020 - torchtitan.observability.metrics - INFO - [31mstep: 33  [32mloss: -2.00000  [38;2;180;60;0mgrad_norm:  0.6173  [38;2;54;234;195mmemory:  0.32GiB(0.23%)  [34mtps: 574  [36mtflops: 0.09  [35mmfu: 0.01%[39m
[titan] 2026-09-21 05:02:04,020 - torchtitan.observability.metrics - INFO - [31mstep: 33  [32mloss: -2.00000  [38;2;180;60;0mgrad_norm:  0.6173  [38;2;54;234;195mmemory:  0.32GiB(0.23%)  [34mtps: 574  [36mtflops: 0.09  [35mmfu: 0.01%[39m
[titan] 2026-09-21 05:02:04,903 - torchtitan.observability.metrics - INFO - [31mstep: 34  [32mloss:  2.55971  [38;2;180;60;0mgrad_norm:  0.6845  [38;2;54;234;195mmemory:  0.29GiB(0.21%)  [34mtps: 576  [36mtflops: 0.09  [35mmfu: 0.01%[39m
[titan] 2026-09-21 05:02:04,903 - torchtitan.observability.metrics - INFO - [31mstep: 34  [32mloss:  2.55971  [38;2;180;60;0mgrad_norm:  0.6845  [38;2;54;234;195mmemory:  0.29GiB(0.21%)  [34mtps: 576  [36mtflops: 0.09  [35mmfu: 0.01%[39m
[titan] 2026-09-21 05:02:04,908 - torchtitan.observability.metrics - INFO - [31mstep: 34  [32mloss: -2.00000  [38;2;180;60;0mgrad_norm:  0.6845  [38;2;54;234;195mmemory:  0.32GiB(0.23%)  [34mtps: 577  [36mtflops: 0.09  [35mmfu: 0.01%[39m
[titan] 2026-09-21 05:02:04,909 - torchtitan.observability.metrics - INFO - [31mstep: 34  [32mloss: -2.00000  [38;2;180;60;0mgrad_norm:  0.6845  [38;2;54;234;195mmemory:  0.32GiB(0.23%)  [34mtps: 577  [36mtflops: 0.09  [35mmfu: 0.01%[39m
[titan] 2026-09-21 05:02:05,796 - torchtitan.observability.metrics - INFO - [31mstep: 35  [32mloss:  2.67621  [38;2;180;60;0mgrad_norm:  0.6562  [38;2;54;234;195mmemory:  0.29GiB(0.21%)  [34mtps: 573  [36mtflops: 0.09  [35mmfu: 0.01%[39m
[titan] 2026-09-21 05:02:05,796 - torchtitan.observability.metrics - INFO - [31mstep: 35  [32mloss:  2.67621  [38;2;180;60;0mgrad_norm:  0.6562  [38;2;54;234;195mmemory:  0.29GiB(0.21%)  [34mtps: 573  [36mtflops: 0.09  [35mmfu: 0.01%[39m
[titan] 2026-09-21 05:02:05,802 - torchtitan.observability.metrics - INFO - [31mstep: 35  [32mloss: -2.00000  [38;2;180;60;0mgrad_norm:  0.6562  [38;2;54;234;195mmemory:  0.32GiB(0.23%)  [34mtps: 573  [36mtflops: 0.09  [35mmfu: 0.01%[39m
[titan] 2026-09-21 05:02:05,802 - torchtitan.observability.metrics - INFO - [31mstep: 35  [32mloss: -2.00000  [38;2;180;60;0mgrad_norm:  0.6562  [38;2;54;234;195mmemory:  0.32GiB(0.23%)  [34mtps: 573  [36mtflops: 0.09  [35mmfu: 0.01%[39m
[titan] 2026-09-21 05:02:06,699 - torchtitan.observability.metrics - INFO - [31mstep: 36  [32mloss:  2.53172  [38;2;180;60;0mgrad_norm:  0.5678  [38;2;54;234;195mmemory:  0.29GiB(0.21%)  [34mtps: 567  [36mtflops: 0.09  [35mmfu: 0.01%[39m
[titan] 2026-09-21 05:02:06,699 - torchtitan.observability.metrics - INFO - [31mstep: 36  [32mloss:  2.53172  [38;2;180;60;0mgrad_norm:  0.5678  [38;2;54;234;195mmemory:  0.29GiB(0.21%)  [34mtps: 567  [36mtflops: 0.09  [35mmfu: 0.01%[39m
[titan] 2026-09-21 05:02:06,706 - torchtitan.observability.metrics - INFO - [31mstep: 36  [32mloss: -2.00000  [38;2;180;60;0mgrad_norm:  0.5678  [38;2;54;234;195mmemory:  0.32GiB(0.23%)  [34mtps: 567  [36mtflops: 0.09  [35mmfu: 0.01%[39m
[titan] 2026-09-21 05:02:06,706 - torchtitan.observability.metrics - INFO - [31mstep: 36  [32mloss: -2.00000  [38;2;180;60;0mgrad_norm:  0.5678  [38;2;54;234;195mmemory:  0.32GiB(0.23%)  [34mtps: 567  [36mtflops: 0.09  [35mmfu: 0.01%[39m
[titan] 2026-09-21 05:02:07,589 - torchtitan.observability.metrics - INFO - [31mstep: 37  [32mloss:  2.69583  [38;2;180;60;0mgrad_norm:  0.8648  [38;2;54;234;195mmemory:  0.29GiB(0.21%)  [34mtps: 576  [36mtflops: 0.09  [35mmfu: 0.01%[39m
[titan] 2026-09-21 05:02:07,589 - torchtitan.observability.metrics - INFO - [31mstep: 37  [32mloss:  2.69583  [38;2;180;60;0mgrad_norm:  0.8648  [38;2;54;234;195mmemory:  0.29GiB(0.21%)  [34mtps: 576  [36mtflops: 0.09  [35mmfu: 0.01%[39m
[titan] 2026-09-21 05:02:07,595 - torchtitan.observability.metrics - INFO - [31mstep: 37  [32mloss: -2.00000  [38;2;180;60;0mgrad_norm:  0.8648  [38;2;54;234;195mmemory:  0.32GiB(0.23%)  [34mtps: 576  [36mtflops: 0.09  [35mmfu: 0.01%[39m
[titan] 2026-09-21 05:02:07,595 - torchtitan.observability.metrics - INFO - [31mstep: 37  [32mloss: -2.00000  [38;2;180;60;0mgrad_norm:  0.8648  [38;2;54;234;195mmemory:  0.32GiB(0.23%)  [34mtps: 576  [36mtflops: 0.09  [35mmfu: 0.01%[39m
[titan] 2026-09-21 05:02:08,481 - torchtitan.observability.metrics - INFO - [31mstep: 38  [32mloss:  2.56311  [38;2;180;60;0mgrad_norm:  0.5892  [38;2;54;234;195mmemory:  0.29GiB(0.21%)  [34mtps: 574  [36mtflops: 0.09  [35mmfu: 0.01%[39m
[titan] 2026-09-21 05:02:08,481 - torchtitan.observability.metrics - INFO - [31mstep: 38  [32mloss:  2.56311  [38;2;180;60;0mgrad_norm:  0.5892  [38;2;54;234;195mmemory:  0.29GiB(0.21%)  [34mtps: 574  [36mtflops: 0.09  [35mmfu: 0.01%[39m
[titan] 2026-09-21 05:02:08,487 - torchtitan.observability.metrics - INFO - [31mstep: 38  [32mloss: -2.00000  [38;2;180;60;0mgrad_norm:  0.5892  [38;2;54;234;195mmemory:  0.32GiB(0.23%)  [34mtps: 574  [36mtflops: 0.09  [35mmfu: 0.01%[39m
[titan] 2026-09-21 05:02:08,487 - torchtitan.observability.metrics - INFO - [31mstep: 38  [32mloss: -2.00000  [38;2;180;60;0mgrad_norm:  0.5892  [38;2;54;234;195mmemory:  0.32GiB(0.23%)  [34mtps: 574  [36mtflops: 0.09  [35mmfu: 0.01%[39m
[titan] 2026-09-21 05:02:09,374 - torchtitan.observability.metrics - INFO - [31mstep: 39  [32mloss:  2.62497  [38;2;180;60;0mgrad_norm:  0.7858  [38;2;54;234;195mmemory:  0.29GiB(0.21%)  [34mtps: 574  [36mtflops: 0.09  [35mmfu: 0.01%[39m
[titan] 2026-09-21 05:02:09,374 - torchtitan.observability.metrics - INFO - [31mstep: 39  [32mloss:  2.62497  [38;2;180;60;0mgrad_norm:  0.7858  [38;2;54;234;195mmemory:  0.29GiB(0.21%)  [34mtps: 574  [36mtflops: 0.09  [35mmfu: 0.01%[39m
[titan] 2026-09-21 05:02:09,380 - torchtitan.observability.metrics - INFO - [31mstep: 39  [32mloss: -2.00000  [38;2;180;60;0mgrad_norm:  0.7858  [38;2;54;234;195mmemory:  0.32GiB(0.23%)  [34mtps: 574  [36mtflops: 0.09  [35mmfu: 0.01%[39m
[titan] 2026-09-21 05:02:09,380 - torchtitan.observability.metrics - INFO - [31mstep: 39  [32mloss: -2.00000  [38;2;180;60;0mgrad_norm:  0.7858  [38;2;54;234;195mmemory:  0.32GiB(0.23%)  [34mtps: 574  [36mtflops: 0.09  [35mmfu: 0.01%[39m
[titan] 2026-09-21 05:02:10,259 - torchtitan.observability.metrics - INFO - [31mstep: 40  [32mloss:  2.64909  [38;2;180;60;0mgrad_norm:  0.6116  [38;2;54;234;195mmemory:  0.29GiB(0.21%)  [34mtps: 579  [36mtflops: 0.09  [35mmfu: 0.01%[39m
[titan] 2026-09-21 05:02:10,259 - torchtitan.observability.metrics - INFO - [31mstep: 40  [32mloss:  2.64909  [38;2;180;60;0mgrad_norm:  0.6116  [38;2;54;234;195mmemory:  0.29GiB(0.21%)  [34mtps: 579  [36mtflops: 0.09  [35mmfu: 0.01%[39m
[titan] 2026-09-21 05:02:10,265 - torchtitan.observability.metrics - INFO - [31mstep: 40  [32mloss: -2.00000  [38;2;180;60;0mgrad_norm:  0.6116  [38;2;54;234;195mmemory:  0.32GiB(0.23%)  [34mtps: 579  [36mtflops: 0.09  [35mmfu: 0.01%[39m
[titan] 2026-09-21 05:02:10,265 - torchtitan.observability.metrics - INFO - [31mstep: 40  [32mloss: -2.00000  [38;2;180;60;0mgrad_norm:  0.6116  [38;2;54;234;195mmemory:  0.32GiB(0.23%)  [34mtps: 578  [36mtflops: 0.09  [35mmfu: 0.01%[39m
[titan] 2026-09-21 05:02:11,152 - torchtitan.observability.metrics - INFO - [31mstep: 41  [32mloss:  2.67541  [38;2;180;60;0mgrad_norm:  0.4806  [38;2;54;234;195mmemory:  0.29GiB(0.21%)  [34mtps: 574  [36mtflops: 0.09  [35mmfu: 0.01%[39m
[titan] 2026-09-21 05:02:11,152 - torchtitan.observability.metrics - INFO - [31mstep: 41  [32mloss:  2.67541  [38;2;180;60;0mgrad_norm:  0.4806  [38;2;54;234;195mmemory:  0.29GiB(0.21%)  [34mtps: 574  [36mtflops: 0.09  [35mmfu: 0.01%[39m
[titan] 2026-09-21 05:02:11,157 - torchtitan.observability.metrics - INFO - [31mstep: 41  [32mloss: -2.00000  [38;2;180;60;0mgrad_norm:  0.4806  [38;2;54;234;195mmemory:  0.32GiB(0.23%)  [34mtps: 574  [36mtflops: 0.09  [35mmfu: 0.01%[39m
[titan] 2026-09-21 05:02:11,157 - torchtitan.observability.metrics - INFO - [31mstep: 41  [32mloss: -2.00000  [38;2;180;60;0mgrad_norm:  0.4806  [38;2;54;234;195mmemory:  0.32GiB(0.23%)  [34mtps: 574  [36mtflops: 0.09  [35mmfu: 0.01%[39m
[titan] 2026-09-21 05:02:12,036 - torchtitan.observability.metrics - INFO - [31mstep: 42  [32mloss:  2.60458  [38;2;180;60;0mgrad_norm:  0.7910  [38;2;54;234;195mmemory:  0.29GiB(0.21%)  [34mtps: 579  [36mtflops: 0.09  [35mmfu: 0.01%[39m
[titan] 2026-09-21 05:02:12,037 - torchtitan.observability.metrics - INFO - [31mstep: 42  [32mloss:  2.60458  [38;2;180;60;0mgrad_norm:  0.7910  [38;2;54;234;195mmemory:  0.29GiB(0.21%)  [34mtps: 579  [36mtflops: 0.09  [35mmfu: 0.01%[39m
[titan] 2026-09-21 05:02:12,045 - torchtitan.observability.metrics - INFO - [31mstep: 42  [32mloss: -2.00000  [38;2;180;60;0mgrad_norm:  0.7910  [38;2;54;234;195mmemory:  0.32GiB(0.23%)  [34mtps: 577  [36mtflops: 0.09  [35mmfu: 0.01%[39m
[titan] 2026-09-21 05:02:12,045 - torchtitan.observability.metrics - INFO - [31mstep: 42  [32mloss: -2.00000  [38;2;180;60;0mgrad_norm:  0.7910  [38;2;54;234;195mmemory:  0.32GiB(0.23%)  [34mtps: 577  [36mtflops: 0.09  [35mmfu: 0.01%[39m
[titan] 2026-09-21 05:02:12,926 - torchtitan.observability.metrics - INFO - [31mstep: 43  [32mloss:  2.56741  [38;2;180;60;0mgrad_norm:  0.6302  [38;2;54;234;195mmemory:  0.29GiB(0.21%)  [34mtps: 576  [36mtflops: 0.09  [35mmfu: 0.01%[39m
[titan] 2026-09-21 05:02:12,926 - torchtitan.observability.metrics - INFO - [31mstep: 43  [32mloss:  2.56741  [38;2;180;60;0mgrad_norm:  0.6302  [38;2;54;234;195mmemory:  0.29GiB(0.21%)  [34mtps: 576  [36mtflops: 0.09  [35mmfu: 0.01%[39m
[titan] 2026-09-21 05:02:12,932 - torchtitan.observability.metrics - INFO - [31mstep: 43  [32mloss: -2.00000  [38;2;180;60;0mgrad_norm:  0.6302  [38;2;54;234;195mmemory:  0.32GiB(0.23%)  [34mtps: 577  [36mtflops: 0.09  [35mmfu: 0.01%[39m
[titan] 2026-09-21 05:02:12,932 - torchtitan.observability.metrics - INFO - [31mstep: 43  [32mloss: -2.00000  [38;2;180;60;0mgrad_norm:  0.6302  [38;2;54;234;195mmemory:  0.32GiB(0.23%)  [34mtps: 577  [36mtflops: 0.09  [35mmfu: 0.01%[39m
[titan] 2026-09-21 05:02:13,827 - torchtitan.observability.metrics - INFO - [31mstep: 44  [32mloss:  2.53415  [38;2;180;60;0mgrad_norm:  0.6928  [38;2;54;234;195mmemory:  0.29GiB(0.21%)  [34mtps: 568  [36mtflops: 0.09  [35mmfu: 0.01%[39m
[titan] 2026-09-21 05:02:13,827 - torchtitan.observability.metrics - INFO - [31mstep: 44  [32mloss:  2.53415  [38;2;180;60;0mgrad_norm:  0.6928  [38;2;54;234;195mmemory:  0.29GiB(0.21%)  [34mtps: 568  [36mtflops: 0.09  [35mmfu: 0.01%[39m
[titan] 2026-09-21 05:02:13,833 - torchtitan.observability.metrics - INFO - [31mstep: 44  [32mloss: -2.00000  [38;2;180;60;0mgrad_norm:  0.6928  [38;2;54;234;195mmemory:  0.32GiB(0.23%)  [34mtps: 568  [36mtflops: 0.09  [35mmfu: 0.01%[39m
[titan] 2026-09-21 05:02:13,833 - torchtitan.observability.metrics - INFO - [31mstep: 44  [32mloss: -2.00000  [38;2;180;60;0mgrad_norm:  0.6928  [38;2;54;234;195mmemory:  0.32GiB(0.23%)  [34mtps: 568  [36mtflops: 0.09  [35mmfu: 0.01%[39m
[titan] 2026-09-21 05:02:14,710 - torchtitan.observability.metrics - INFO - [31mstep: 45  [32mloss:  2.68323  [38;2;180;60;0mgrad_norm:  0.7615  [38;2;54;234;195mmemory:  0.29GiB(0.21%)  [34mtps: 580  [36mtflops: 0.09  [35mmfu: 0.01%[39m
[titan] 2026-09-21 05:02:14,710 - torchtitan.observability.metrics - INFO - [31mstep: 45  [32mloss:  2.68323  [38;2;180;60;0mgrad_norm:  0.7615  [38;2;54;234;195mmemory:  0.29GiB(0.21%)  [34mtps: 580  [36mtflops: 0.09  [35mmfu: 0.01%[39m
[titan] 2026-09-21 05:02:14,715 - torchtitan.observability.metrics - INFO - [31mstep: 45  [32mloss: -2.00000  [38;2;180;60;0mgrad_norm:  0.7615  [38;2;54;234;195mmemory:  0.32GiB(0.23%)  [34mtps: 580  [36mtflops: 0.09  [35mmfu: 0.01%[39m
[titan] 2026-09-21 05:02:14,716 - torchtitan.observability.metrics - INFO - [31mstep: 45  [32mloss: -2.00000  [38;2;180;60;0mgrad_norm:  0.7615  [38;2;54;234;195mmemory:  0.32GiB(0.23%)  [34mtps: 580  [36mtflops: 0.09  [35mmfu: 0.01%[39m
[titan] 2026-09-21 05:02:15,607 - torchtitan.observability.metrics - INFO - [31mstep: 46  [32mloss:  2.57452  [38;2;180;60;0mgrad_norm:  0.6515  [38;2;54;234;195mmemory:  0.29GiB(0.21%)  [34mtps: 571  [36mtflops: 0.09  [35mmfu: 0.01%[39m
[titan] 2026-09-21 05:02:15,607 - torchtitan.observability.metrics - INFO - [31mstep: 46  [32mloss:  2.57452  [38;2;180;60;0mgrad_norm:  0.6515  [38;2;54;234;195mmemory:  0.29GiB(0.21%)  [34mtps: 571  [36mtflops: 0.09  [35mmfu: 0.01%[39m
[titan] 2026-09-21 05:02:15,612 - torchtitan.observability.metrics - INFO - [31mstep: 46  [32mloss: -2.00000  [38;2;180;60;0mgrad_norm:  0.6515  [38;2;54;234;195mmemory:  0.32GiB(0.23%)  [34mtps: 571  [36mtflops: 0.09  [35mmfu: 0.01%[39m
[titan] 2026-09-21 05:02:15,613 - torchtitan.observability.metrics - INFO - [31mstep: 46  [32mloss: -2.00000  [38;2;180;60;0mgrad_norm:  0.6515  [38;2;54;234;195mmemory:  0.32GiB(0.23%)  [34mtps: 571  [36mtflops: 0.09  [35mmfu: 0.01%[39m
[titan] 2026-09-21 05:02:16,503 - torchtitan.observability.metrics - INFO - [31mstep: 47  [32mloss:  2.65036  [38;2;180;60;0mgrad_norm:  0.8541  [38;2;54;234;195mmemory:  0.29GiB(0.21%)  [34mtps: 572  [36mtflops: 0.09  [35mmfu: 0.01%[39m
[titan] 2026-09-21 05:02:16,503 - torchtitan.observability.metrics - INFO - [31mstep: 47  [32mloss:  2.65036  [38;2;180;60;0mgrad_norm:  0.8541  [38;2;54;234;195mmemory:  0.29GiB(0.21%)  [34mtps: 572  [36mtflops: 0.09  [35mmfu: 0.01%[39m
[titan] 2026-09-21 05:02:16,508 - torchtitan.observability.metrics - INFO - [31mstep: 47  [32mloss: -2.00000  [38;2;180;60;0mgrad_norm:  0.8541  [38;2;54;234;195mmemory:  0.32GiB(0.23%)  [34mtps: 572  [36mtflops: 0.09  [35mmfu: 0.01%[39m
[titan] 2026-09-21 05:02:16,508 - torchtitan.observability.metrics - INFO - [31mstep: 47  [32mloss: -2.00000  [38;2;180;60;0mgrad_norm:  0.8541  [38;2;54;234;195mmemory:  0.32GiB(0.23%)  [34mtps: 572  [36mtflops: 0.09  [35mmfu: 0.01%[39m
[titan] 2026-09-21 05:02:17,384 - torchtitan.observability.metrics - INFO - [31mstep: 48  [32mloss:  2.62775  [38;2;180;60;0mgrad_norm:  0.8042  [38;2;54;234;195mmemory:  0.29GiB(0.21%)  [34mtps: 581  [36mtflops: 0.09  [35mmfu: 0.01%[39m
[titan] 2026-09-21 05:02:17,384 - torchtitan.observability.metrics - INFO - [31mstep: 48  [32mloss:  2.62775  [38;2;180;60;0mgrad_norm:  0.8042  [38;2;54;234;195mmemory:  0.29GiB(0.21%)  [34mtps: 581  [36mtflops: 0.09  [35mmfu: 0.01%[39m
[titan] 2026-09-21 05:02:17,389 - torchtitan.observability.metrics - INFO - [31mstep: 48  [32mloss: -2.00000  [38;2;180;60;0mgrad_norm:  0.8042  [38;2;54;234;195mmemory:  0.32GiB(0.23%)  [34mtps: 581  [36mtflops: 0.09  [35mmfu: 0.01%[39m
[titan] 2026-09-21 05:02:17,389 - torchtitan.observability.metrics - INFO - [31mstep: 48  [32mloss: -2.00000  [38;2;180;60;0mgrad_norm:  0.8042  [38;2;54;234;195mmemory:  0.32GiB(0.23%)  [34mtps: 581  [36mtflops: 0.09  [35mmfu: 0.01%[39m
[titan] 2026-09-21 05:02:18,283 - torchtitan.observability.metrics - INFO - [31mstep: 49  [32mloss:  2.65331  [38;2;180;60;0mgrad_norm:  0.8235  [38;2;54;234;195mmemory:  0.29GiB(0.21%)  [34mtps: 570  [36mtflops: 0.09  [35mmfu: 0.01%[39m
[titan] 2026-09-21 05:02:18,283 - torchtitan.observability.metrics - INFO - [31mstep: 49  [32mloss:  2.65331  [38;2;180;60;0mgrad_norm:  0.8235  [38;2;54;234;195mmemory:  0.29GiB(0.21%)  [34mtps: 570  [36mtflops: 0.09  [35mmfu: 0.01%[39m
[titan] 2026-09-21 05:02:18,289 - torchtitan.observability.metrics - INFO - [31mstep: 49  [32mloss: -2.00000  [38;2;180;60;0mgrad_norm:  0.8235  [38;2;54;234;195mmemory:  0.32GiB(0.23%)  [34mtps: 569  [36mtflops: 0.09  [35mmfu: 0.01%[39m
[titan] 2026-09-21 05:02:18,289 - torchtitan.observability.metrics - INFO - [31mstep: 49  [32mloss: -2.00000  [38;2;180;60;0mgrad_norm:  0.8235  [38;2;54;234;195mmemory:  0.32GiB(0.23%)  [34mtps: 569  [36mtflops: 0.09  [35mmfu: 0.01%[39m
[titan] 2026-09-21 05:02:18,432 - torchtitan.tools.utils - INFO - [GC] Performing periodic GC collection took 0.14 seconds
[titan] 2026-09-21 05:02:18,435 - torchtitan.tools.utils - INFO - [GC] Performing periodic GC collection took 0.14 seconds
[titan] 2026-09-21 05:02:18,436 - torchtitan.tools.utils - INFO - [GC] Performing periodic GC collection took 0.14 seconds
[titan] 2026-09-21 05:02:18,441 - torchtitan.tools.utils - INFO - [GC] Performing periodic GC collection took 0.15 seconds
[titan] 2026-09-21 05:02:19,317 - torchtitan.observability.metrics - INFO - [31mstep: 50  [32mloss:  2.54769  [38;2;180;60;0mgrad_norm:  0.5868  [38;2;54;234;195mmemory:  0.29GiB(0.21%)  [34mtps: 495  [36mtflops: 0.08  [35mmfu: 0.01%[39m
[titan] 2026-09-21 05:02:19,317 - torchtitan.observability.metrics - INFO - [31mstep: 50  [32mloss:  2.54769  [38;2;180;60;0mgrad_norm:  0.5868  [38;2;54;234;195mmemory:  0.29GiB(0.21%)  [34mtps: 495  [36mtflops: 0.08  [35mmfu: 0.01%[39m
[titan] 2026-09-21 05:02:19,323 - torchtitan.observability.metrics - INFO - [31mstep: 50  [32mloss: -2.00000  [38;2;180;60;0mgrad_norm:  0.5868  [38;2;54;234;195mmemory:  0.32GiB(0.23%)  [34mtps: 495  [36mtflops: 0.08  [35mmfu: 0.01%[39m
[titan] 2026-09-21 05:02:19,323 - torchtitan.observability.metrics - INFO - [31mstep: 50  [32mloss: -2.00000  [38;2;180;60;0mgrad_norm:  0.5868  [38;2;54;234;195mmemory:  0.32GiB(0.23%)  [34mtps: 495  [36mtflops: 0.08  [35mmfu: 0.01%[39m
[titan] 2026-09-21 05:02:20,207 - torchtitan.observability.metrics - INFO - [31mstep: 51  [32mloss:  2.56991  [38;2;180;60;0mgrad_norm:  0.7350  [38;2;54;234;195mmemory:  0.29GiB(0.21%)  [34mtps: 575  [36mtflops: 0.09  [35mmfu: 0.01%[39m
[titan] 2026-09-21 05:02:20,207 - torchtitan.observability.metrics - INFO - [31mstep: 51  [32mloss:  2.56991  [38;2;180;60;0mgrad_norm:  0.7350  [38;2;54;234;195mmemory:  0.29GiB(0.21%)  [34mtps: 575  [36mtflops: 0.09  [35mmfu: 0.01%[39m
[titan] 2026-09-21 05:02:20,213 - torchtitan.observability.metrics - INFO - [31mstep: 51  [32mloss: -2.00000  [38;2;180;60;0mgrad_norm:  0.7350  [38;2;54;234;195mmemory:  0.32GiB(0.23%)  [34mtps: 576  [36mtflops: 0.09  [35mmfu: 0.01%[39m
[titan] 2026-09-21 05:02:20,213 - torchtitan.observability.metrics - INFO - [31mstep: 51  [32mloss: -2.00000  [38;2;180;60;0mgrad_norm:  0.7350  [38;2;54;234;195mmemory:  0.32GiB(0.23%)  [34mtps: 576  [36mtflops: 0.09  [35mmfu: 0.01%[39m
[titan] 2026-09-21 05:02:21,101 - torchtitan.observability.metrics - INFO - [31mstep: 52  [32mloss:  2.49041  [38;2;180;60;0mgrad_norm:  0.8995  [38;2;54;234;195mmemory:  0.29GiB(0.21%)  [34mtps: 573  [36mtflops: 0.09  [35mmfu: 0.01%[39m
[titan] 2026-09-21 05:02:21,101 - torchtitan.observability.metrics - INFO - [31mstep: 52  [32mloss:  2.49041  [38;2;180;60;0mgrad_norm:  0.8995  [38;2;54;234;195mmemory:  0.29GiB(0.21%)  [34mtps: 573  [36mtflops: 0.09  [35mmfu: 0.01%[39m
[titan] 2026-09-21 05:02:21,108 - torchtitan.observability.metrics - INFO - [31mstep: 52  [32mloss: -2.00000  [38;2;180;60;0mgrad_norm:  0.8995  [38;2;54;234;195mmemory:  0.32GiB(0.23%)  [34mtps: 572  [36mtflops: 0.09  [35mmfu: 0.01%[39m
[titan] 2026-09-21 05:02:21,108 - torchtitan.observability.metrics - INFO - [31mstep: 52  [32mloss: -2.00000  [38;2;180;60;0mgrad_norm:  0.8995  [38;2;54;234;195mmemory:  0.32GiB(0.23%)  [34mtps: 572  [36mtflops: 0.09  [35mmfu: 0.01%[39m
[titan] 2026-09-21 05:02:22,004 - torchtitan.observability.metrics - INFO - [31mstep: 53  [32mloss:  2.61774  [38;2;180;60;0mgrad_norm:  0.7850  [38;2;54;234;195mmemory:  0.29GiB(0.21%)  [34mtps: 568  [36mtflops: 0.09  [35mmfu: 0.01%[39m
[titan] 2026-09-21 05:02:22,004 - torchtitan.observability.metrics - INFO - [31mstep: 53  [32mloss:  2.61774  [38;2;180;60;0mgrad_norm:  0.7850  [38;2;54;234;195mmemory:  0.29GiB(0.21%)  [34mtps: 568  [36mtflops: 0.09  [35mmfu: 0.01%[39m
[titan] 2026-09-21 05:02:22,009 - torchtitan.observability.metrics - INFO - [31mstep: 53  [32mloss: -2.00000  [38;2;180;60;0mgrad_norm:  0.7850  [38;2;54;234;195mmemory:  0.32GiB(0.23%)  [34mtps: 568  [36mtflops: 0.09  [35mmfu: 0.01%[39m
[titan] 2026-09-21 05:02:22,010 - torchtitan.observability.metrics - INFO - [31mstep: 53  [32mloss: -2.00000  [38;2;180;60;0mgrad_norm:  0.7850  [38;2;54;234;195mmemory:  0.32GiB(0.23%)  [34mtps: 568  [36mtflops: 0.09  [35mmfu: 0.01%[39m
[titan] 2026-09-21 05:02:22,901 - torchtitan.observability.metrics - INFO - [31mstep: 54  [32mloss:  2.69147  [38;2;180;60;0mgrad_norm:  0.6365  [38;2;54;234;195mmemory:  0.29GiB(0.21%)  [34mtps: 571  [36mtflops: 0.09  [35mmfu: 0.01%[39m
[titan] 2026-09-21 05:02:22,901 - torchtitan.observability.metrics - INFO - [31mstep: 54  [32mloss:  2.69147  [38;2;180;60;0mgrad_norm:  0.6365  [38;2;54;234;195mmemory:  0.29GiB(0.21%)  [34mtps: 571  [36mtflops: 0.09  [35mmfu: 0.01%[39m
[titan] 2026-09-21 05:02:22,907 - torchtitan.observability.metrics - INFO - [31mstep: 54  [32mloss: -2.00000  [38;2;180;60;0mgrad_norm:  0.6365  [38;2;54;234;195mmemory:  0.32GiB(0.23%)  [34mtps: 571  [36mtflops: 0.09  [35mmfu: 0.01%[39m
[titan] 2026-09-21 05:02:22,907 - torchtitan.observability.metrics - INFO - [31mstep: 54  [32mloss: -2.00000  [38;2;180;60;0mgrad_norm:  0.6365  [38;2;54;234;195mmemory:  0.32GiB(0.23%)  [34mtps: 571  [36mtflops: 0.09  [35mmfu: 0.01%[39m
[titan] 2026-09-21 05:02:23,783 - torchtitan.observability.metrics - INFO - [31mstep: 55  [32mloss:  2.77979  [38;2;180;60;0mgrad_norm:  0.7119  [38;2;54;234;195mmemory:  0.29GiB(0.21%)  [34mtps: 580  [36mtflops: 0.09  [35mmfu: 0.01%[39m
[titan] 2026-09-21 05:02:23,783 - torchtitan.observability.metrics - INFO - [31mstep: 55  [32mloss:  2.77979  [38;2;180;60;0mgrad_norm:  0.7119  [38;2;54;234;195mmemory:  0.29GiB(0.21%)  [34mtps: 580  [36mtflops: 0.09  [35mmfu: 0.01%[39m
[titan] 2026-09-21 05:02:23,789 - torchtitan.observability.metrics - INFO - [31mstep: 55  [32mloss: -2.00000  [38;2;180;60;0mgrad_norm:  0.7119  [38;2;54;234;195mmemory:  0.32GiB(0.23%)  [34mtps: 580  [36mtflops: 0.09  [35mmfu: 0.01%[39m
[titan] 2026-09-21 05:02:23,789 - torchtitan.observability.metrics - INFO - [31mstep: 55  [32mloss: -2.00000  [38;2;180;60;0mgrad_norm:  0.7119  [38;2;54;234;195mmemory:  0.32GiB(0.23%)  [34mtps: 580  [36mtflops: 0.09  [35mmfu: 0.01%[39m
[titan] 2026-09-21 05:02:24,666 - torchtitan.observability.metrics - INFO - [31mstep: 56  [32mloss:  2.45433  [38;2;180;60;0mgrad_norm:  0.6541  [38;2;54;234;195mmemory:  0.29GiB(0.21%)  [34mtps: 581  [36mtflops: 0.09  [35mmfu: 0.01%[39m
[titan] 2026-09-21 05:02:24,666 - torchtitan.observability.metrics - INFO - [31mstep: 56  [32mloss:  2.45433  [38;2;180;60;0mgrad_norm:  0.6541  [38;2;54;234;195mmemory:  0.29GiB(0.21%)  [34mtps: 581  [36mtflops: 0.09  [35mmfu: 0.01%[39m
[titan] 2026-09-21 05:02:24,671 - torchtitan.observability.metrics - INFO - [31mstep: 56  [32mloss: -2.00000  [38;2;180;60;0mgrad_norm:  0.6541  [38;2;54;234;195mmemory:  0.32GiB(0.23%)  [34mtps: 581  [36mtflops: 0.09  [35mmfu: 0.01%[39m
[titan] 2026-09-21 05:02:24,671 - torchtitan.observability.metrics - INFO - [31mstep: 56  [32mloss: -2.00000  [38;2;180;60;0mgrad_norm:  0.6541  [38;2;54;234;195mmemory:  0.32GiB(0.23%)  [34mtps: 581  [36mtflops: 0.09  [35mmfu: 0.01%[39m
[titan] 2026-09-21 05:02:25,565 - torchtitan.observability.metrics - INFO - [31mstep: 57  [32mloss:  2.54689  [38;2;180;60;0mgrad_norm:  0.6899  [38;2;54;234;195mmemory:  0.29GiB(0.21%)  [34mtps: 569  [36mtflops: 0.09  [35mmfu: 0.01%[39m
[titan] 2026-09-21 05:02:25,565 - torchtitan.observability.metrics - INFO - [31mstep: 57  [32mloss:  2.54689  [38;2;180;60;0mgrad_norm:  0.6899  [38;2;54;234;195mmemory:  0.29GiB(0.21%)  [34mtps: 569  [36mtflops: 0.09  [35mmfu: 0.01%[39m
[titan] 2026-09-21 05:02:25,571 - torchtitan.observability.metrics - INFO - [31mstep: 57  [32mloss: -2.00000  [38;2;180;60;0mgrad_norm:  0.6899  [38;2;54;234;195mmemory:  0.32GiB(0.23%)  [34mtps: 570  [36mtflops: 0.09  [35mmfu: 0.01%[39m
[titan] 2026-09-21 05:02:25,571 - torchtitan.observability.metrics - INFO - [31mstep: 57  [32mloss: -2.00000  [38;2;180;60;0mgrad_norm:  0.6899  [38;2;54;234;195mmemory:  0.32GiB(0.23%)  [34mtps: 569  [36mtflops: 0.09  [35mmfu: 0.01%[39m
[titan] 2026-09-21 05:02:26,454 - torchtitan.observability.metrics - INFO - [31mstep: 58  [32mloss:  2.50145  [38;2;180;60;0mgrad_norm:  0.7881  [38;2;54;234;195mmemory:  0.29GiB(0.21%)  [34mtps: 576  [36mtflops: 0.09  [35mmfu: 0.01%[39m
[titan] 2026-09-21 05:02:26,454 - torchtitan.observability.metrics - INFO - [31mstep: 58  [32mloss:  2.50145  [38;2;180;60;0mgrad_norm:  0.7881  [38;2;54;234;195mmemory:  0.29GiB(0.21%)  [34mtps: 576  [36mtflops: 0.09  [35mmfu: 0.01%[39m
[titan] 2026-09-21 05:02:26,460 - torchtitan.observability.metrics - INFO - [31mstep: 58  [32mloss: -2.00000  [38;2;180;60;0mgrad_norm:  0.7881  [38;2;54;234;195mmemory:  0.32GiB(0.23%)  [34mtps: 576  [36mtflops: 0.09  [35mmfu: 0.01%[39m
[titan] 2026-09-21 05:02:26,460 - torchtitan.observability.metrics - INFO - [31mstep: 58  [32mloss: -2.00000  [38;2;180;60;0mgrad_norm:  0.7881  [38;2;54;234;195mmemory:  0.32GiB(0.23%)  [34mtps: 576  [36mtflops: 0.09  [35mmfu: 0.01%[39m
[titan] 2026-09-21 05:02:27,350 - torchtitan.observability.metrics - INFO - [31mstep: 59  [32mloss:  2.49440  [38;2;180;60;0mgrad_norm:  0.7291  [38;2;54;234;195mmemory:  0.29GiB(0.21%)  [34mtps: 572  [36mtflops: 0.09  [35mmfu: 0.01%[39m
[titan] 2026-09-21 05:02:27,350 - torchtitan.observability.metrics - INFO - [31mstep: 59  [32mloss:  2.49440  [38;2;180;60;0mgrad_norm:  0.7291  [38;2;54;234;195mmemory:  0.29GiB(0.21%)  [34mtps: 572  [36mtflops: 0.09  [35mmfu: 0.01%[39m
[titan] 2026-09-21 05:02:27,355 - torchtitan.observability.metrics - INFO - [31mstep: 59  [32mloss: -2.00000  [38;2;180;60;0mgrad_norm:  0.7291  [38;2;54;234;195mmemory:  0.32GiB(0.23%)  [34mtps: 572  [36mtflops: 0.09  [35mmfu: 0.01%[39m
[titan] 2026-09-21 05:02:27,355 - torchtitan.observability.metrics - INFO - [31mstep: 59  [32mloss: -2.00000  [38;2;180;60;0mgrad_norm:  0.7291  [38;2;54;234;195mmemory:  0.32GiB(0.23%)  [34mtps: 572  [36mtflops: 0.09  [35mmfu: 0.01%[39m
[titan] 2026-09-21 05:02:28,239 - torchtitan.observability.metrics - INFO - [31mstep: 60  [32mloss:  2.42921  [38;2;180;60;0mgrad_norm:  0.6286  [38;2;54;234;195mmemory:  0.29GiB(0.21%)  [34mtps: 576  [36mtflops: 0.09  [35mmfu: 0.01%[39m
[titan] 2026-09-21 05:02:28,239 - torchtitan.observability.metrics - INFO - [31mstep: 60  [32mloss:  2.42921  [38;2;180;60;0mgrad_norm:  0.6286  [38;2;54;234;195mmemory:  0.29GiB(0.21%)  [34mtps: 576  [36mtflops: 0.09  [35mmfu: 0.01%[39m
[titan] 2026-09-21 05:02:28,245 - torchtitan.observability.metrics - INFO - [31mstep: 60  [32mloss: -2.00000  [38;2;180;60;0mgrad_norm:  0.6286  [38;2;54;234;195mmemory:  0.32GiB(0.23%)  [34mtps: 576  [36mtflops: 0.09  [35mmfu: 0.01%[39m
[titan] 2026-09-21 05:02:28,245 - torchtitan.observability.metrics - INFO - [31mstep: 60  [32mloss: -2.00000  [38;2;180;60;0mgrad_norm:  0.6286  [38;2;54;234;195mmemory:  0.32GiB(0.23%)  [34mtps: 575  [36mtflops: 0.09  [35mmfu: 0.01%[39m
[titan] 2026-09-21 05:02:29,135 - torchtitan.observability.metrics - INFO - [31mstep: 61  [32mloss:  2.47883  [38;2;180;60;0mgrad_norm:  0.6634  [38;2;54;234;195mmemory:  0.29GiB(0.21%)  [34mtps: 571  [36mtflops: 0.09  [35mmfu: 0.01%[39m
[titan] 2026-09-21 05:02:29,136 - torchtitan.observability.metrics - INFO - [31mstep: 61  [32mloss:  2.47883  [38;2;180;60;0mgrad_norm:  0.6634  [38;2;54;234;195mmemory:  0.29GiB(0.21%)  [34mtps: 571  [36mtflops: 0.09  [35mmfu: 0.01%[39m
[titan] 2026-09-21 05:02:29,140 - torchtitan.observability.metrics - INFO - [31mstep: 61  [32mloss: -2.00000  [38;2;180;60;0mgrad_norm:  0.6634  [38;2;54;234;195mmemory:  0.32GiB(0.23%)  [34mtps: 572  [36mtflops: 0.09  [35mmfu: 0.01%[39m
[titan] 2026-09-21 05:02:29,140 - torchtitan.observability.metrics - INFO - [31mstep: 61  [32mloss: -2.00000  [38;2;180;60;0mgrad_norm:  0.6634  [38;2;54;234;195mmemory:  0.32GiB(0.23%)  [34mtps: 572  [36mtflops: 0.09  [35mmfu: 0.01%[39m
[titan] 2026-09-21 05:02:30,034 - torchtitan.observability.metrics - INFO - [31mstep: 62  [32mloss:  2.62013  [38;2;180;60;0mgrad_norm:  0.6492  [38;2;54;234;195mmemory:  0.29GiB(0.21%)  [34mtps: 570  [36mtflops: 0.09  [35mmfu: 0.01%[39m
[titan] 2026-09-21 05:02:30,034 - torchtitan.observability.metrics - INFO - [31mstep: 62  [32mloss:  2.62013  [38;2;180;60;0mgrad_norm:  0.6492  [38;2;54;234;195mmemory:  0.29GiB(0.21%)  [34mtps: 570  [36mtflops: 0.09  [35mmfu: 0.01%[39m
[titan] 2026-09-21 05:02:30,040 - torchtitan.observability.metrics - INFO - [31mstep: 62  [32mloss: -2.00000  [38;2;180;60;0mgrad_norm:  0.6492  [38;2;54;234;195mmemory:  0.32GiB(0.23%)  [34mtps: 569  [36mtflops: 0.09  [35mmfu: 0.01%[39m
[titan] 2026-09-21 05:02:30,040 - torchtitan.observability.metrics - INFO - [31mstep: 62  [32mloss: -2.00000  [38;2;180;60;0mgrad_norm:  0.6492  [38;2;54;234;195mmemory:  0.32GiB(0.23%)  [34mtps: 569  [36mtflops: 0.09  [35mmfu: 0.01%[39m
[titan] 2026-09-21 05:02:30,930 - torchtitan.observability.metrics - INFO - [31mstep: 63  [32mloss:  2.59699  [38;2;180;60;0mgrad_norm:  0.6963  [38;2;54;234;195mmemory:  0.29GiB(0.21%)  [34mtps: 572  [36mtflops: 0.09  [35mmfu: 0.01%[39m
[titan] 2026-09-21 05:02:30,930 - torchtitan.observability.metrics - INFO - [31mstep: 63  [32mloss:  2.59699  [38;2;180;60;0mgrad_norm:  0.6963  [38;2;54;234;195mmemory:  0.29GiB(0.21%)  [34mtps: 572  [36mtflops: 0.09  [35mmfu: 0.01%[39m
[titan] 2026-09-21 05:02:30,937 - torchtitan.observability.metrics - INFO - [31mstep: 63  [32mloss: -2.00000  [38;2;180;60;0mgrad_norm:  0.6963  [38;2;54;234;195mmemory:  0.32GiB(0.23%)  [34mtps: 571  [36mtflops: 0.09  [35mmfu: 0.01%[39m
[titan] 2026-09-21 05:02:30,937 - torchtitan.observability.metrics - INFO - [31mstep: 63  [32mloss: -2.00000  [38;2;180;60;0mgrad_norm:  0.6963  [38;2;54;234;195mmemory:  0.32GiB(0.23%)  [34mtps: 571  [36mtflops: 0.09  [35mmfu: 0.01%[39m
[titan] 2026-09-21 05:02:31,830 - torchtitan.observability.metrics - INFO - [31mstep: 64  [32mloss:  2.57755  [38;2;180;60;0mgrad_norm:  0.6746  [38;2;54;234;195mmemory:  0.29GiB(0.21%)  [34mtps: 569  [36mtflops: 0.09  [35mmfu: 0.01%[39m
[titan] 2026-09-21 05:02:31,830 - torchtitan.observability.metrics - INFO - [31mstep: 64  [32mloss:  2.57755  [38;2;180;60;0mgrad_norm:  0.6746  [38;2;54;234;195mmemory:  0.29GiB(0.21%)  [34mtps: 569  [36mtflops: 0.09  [35mmfu: 0.01%[39m
[titan] 2026-09-21 05:02:31,836 - torchtitan.observability.metrics - INFO - [31mstep: 64  [32mloss: -2.00000  [38;2;180;60;0mgrad_norm:  0.6746  [38;2;54;234;195mmemory:  0.32GiB(0.23%)  [34mtps: 569  [36mtflops: 0.09  [35mmfu: 0.01%[39m
[titan] 2026-09-21 05:02:31,837 - torchtitan.observability.metrics - INFO - [31mstep: 64  [32mloss: -2.00000  [38;2;180;60;0mgrad_norm:  0.6746  [38;2;54;234;195mmemory:  0.32GiB(0.23%)  [34mtps: 569  [36mtflops: 0.09  [35mmfu: 0.01%[39m
[titan] 2026-09-21 05:02:32,720 - torchtitan.observability.metrics - INFO - [31mstep: 65  [32mloss:  2.62422  [38;2;180;60;0mgrad_norm:  0.7257  [38;2;54;234;195mmemory:  0.29GiB(0.21%)  [34mtps: 575  [36mtflops: 0.09  [35mmfu: 0.01%[39m
[titan] 2026-09-21 05:02:32,720 - torchtitan.observability.metrics - INFO - [31mstep: 65  [32mloss:  2.62422  [38;2;180;60;0mgrad_norm:  0.7257  [38;2;54;234;195mmemory:  0.29GiB(0.21%)  [34mtps: 576  [36mtflops: 0.09  [35mmfu: 0.01%[39m
[titan] 2026-09-21 05:02:32,726 - torchtitan.observability.metrics - INFO - [31mstep: 65  [32mloss: -2.00000  [38;2;180;60;0mgrad_norm:  0.7257  [38;2;54;234;195mmemory:  0.32GiB(0.23%)  [34mtps: 576  [36mtflops: 0.09  [35mmfu: 0.01%[39m
[titan] 2026-09-21 05:02:32,726 - torchtitan.observability.metrics - INFO - [31mstep: 65  [32mloss: -2.00000  [38;2;180;60;0mgrad_norm:  0.7257  [38;2;54;234;195mmemory:  0.32GiB(0.23%)  [34mtps: 575  [36mtflops: 0.09  [35mmfu: 0.01%[39m
[titan] 2026-09-21 05:02:33,614 - torchtitan.observability.metrics - INFO - [31mstep: 66  [32mloss:  2.48805  [38;2;180;60;0mgrad_norm:  0.5212  [38;2;54;234;195mmemory:  0.29GiB(0.21%)  [34mtps: 573  [36mtflops: 0.09  [35mmfu: 0.01%[39m
[titan] 2026-09-21 05:02:33,614 - torchtitan.observability.metrics - INFO - [31mstep: 66  [32mloss:  2.48805  [38;2;180;60;0mgrad_norm:  0.5212  [38;2;54;234;195mmemory:  0.29GiB(0.21%)  [34mtps: 573  [36mtflops: 0.09  [35mmfu: 0.01%[39m
[titan] 2026-09-21 05:02:33,619 - torchtitan.observability.metrics - INFO - [31mstep: 66  [32mloss: -2.00000  [38;2;180;60;0mgrad_norm:  0.5212  [38;2;54;234;195mmemory:  0.32GiB(0.23%)  [34mtps: 574  [36mtflops: 0.09  [35mmfu: 0.01%[39m
[titan] 2026-09-21 05:02:33,619 - torchtitan.observability.metrics - INFO - [31mstep: 66  [32mloss: -2.00000  [38;2;180;60;0mgrad_norm:  0.5212  [38;2;54;234;195mmemory:  0.32GiB(0.23%)  [34mtps: 574  [36mtflops: 0.09  [35mmfu: 0.01%[39m
[titan] 2026-09-21 05:02:34,504 - torchtitan.observability.metrics - INFO - [31mstep: 67  [32mloss:  2.42229  [38;2;180;60;0mgrad_norm:  0.6366  [38;2;54;234;195mmemory:  0.29GiB(0.21%)  [34mtps: 575  [36mtflops: 0.09  [35mmfu: 0.01%[39m
[titan] 2026-09-21 05:02:34,504 - torchtitan.observability.metrics - INFO - [31mstep: 67  [32mloss:  2.42229  [38;2;180;60;0mgrad_norm:  0.6366  [38;2;54;234;195mmemory:  0.29GiB(0.21%)  [34mtps: 575  [36mtflops: 0.09  [35mmfu: 0.01%[39m
[titan] 2026-09-21 05:02:34,510 - torchtitan.observability.metrics - INFO - [31mstep: 67  [32mloss: -2.00000  [38;2;180;60;0mgrad_norm:  0.6366  [38;2;54;234;195mmemory:  0.32GiB(0.23%)  [34mtps: 575  [36mtflops: 0.09  [35mmfu: 0.01%[39m
[titan] 2026-09-21 05:02:34,510 - torchtitan.observability.metrics - INFO - [31mstep: 67  [32mloss: -2.00000  [38;2;180;60;0mgrad_norm:  0.6366  [38;2;54;234;195mmemory:  0.32GiB(0.23%)  [34mtps: 575  [36mtflops: 0.09  [35mmfu: 0.01%[39m
[titan] 2026-09-21 05:02:35,398 - torchtitan.observability.metrics - INFO - [31mstep: 68  [32mloss:  2.47229  [38;2;180;60;0mgrad_norm:  0.6043  [38;2;54;234;195mmemory:  0.29GiB(0.21%)  [34mtps: 573  [36mtflops: 0.09  [35mmfu: 0.01%[39m
[titan] 2026-09-21 05:02:35,398 - torchtitan.observability.metrics - INFO - [31mstep: 68  [32mloss:  2.47229  [38;2;180;60;0mgrad_norm:  0.6043  [38;2;54;234;195mmemory:  0.29GiB(0.21%)  [34mtps: 573  [36mtflops: 0.09  [35mmfu: 0.01%[39m
[titan] 2026-09-21 05:02:35,404 - torchtitan.observability.metrics - INFO - [31mstep: 68  [32mloss: -2.00000  [38;2;180;60;0mgrad_norm:  0.6043  [38;2;54;234;195mmemory:  0.32GiB(0.23%)  [34mtps: 573  [36mtflops: 0.09  [35mmfu: 0.01%[39m
[titan] 2026-09-21 05:02:35,404 - torchtitan.observability.metrics - INFO - [31mstep: 68  [32mloss: -2.00000  [38;2;180;60;0mgrad_norm:  0.6043  [38;2;54;234;195mmemory:  0.32GiB(0.23%)  [34mtps: 573  [36mtflops: 0.09  [35mmfu: 0.01%[39m
[titan] 2026-09-21 05:02:36,296 - torchtitan.observability.metrics - INFO - [31mstep: 69  [32mloss:  2.62472  [38;2;180;60;0mgrad_norm:  0.6501  [38;2;54;234;195mmemory:  0.29GiB(0.21%)  [34mtps: 570  [36mtflops: 0.09  [35mmfu: 0.01%[39m
[titan] 2026-09-21 05:02:36,296 - torchtitan.observability.metrics - INFO - [31mstep: 69  [32mloss:  2.62472  [38;2;180;60;0mgrad_norm:  0.6501  [38;2;54;234;195mmemory:  0.29GiB(0.21%)  [34mtps: 570  [36mtflops: 0.09  [35mmfu: 0.01%[39m
[titan] 2026-09-21 05:02:36,302 - torchtitan.observability.metrics - INFO - [31mstep: 69  [32mloss: -2.00000  [38;2;180;60;0mgrad_norm:  0.6501  [38;2;54;234;195mmemory:  0.32GiB(0.23%)  [34mtps: 571  [36mtflops: 0.09  [35mmfu: 0.01%[39m
[titan] 2026-09-21 05:02:36,302 - torchtitan.observability.metrics - INFO - [31mstep: 69  [32mloss: -2.00000  [38;2;180;60;0mgrad_norm:  0.6501  [38;2;54;234;195mmemory:  0.32GiB(0.23%)  [34mtps: 570  [36mtflops: 0.09  [35mmfu: 0.01%[39m
[titan] 2026-09-21 05:02:37,179 - torchtitan.observability.metrics - INFO - [31mstep: 70  [32mloss:  2.61847  [38;2;180;60;0mgrad_norm:  0.5648  [38;2;54;234;195mmemory:  0.29GiB(0.21%)  [34mtps: 580  [36mtflops: 0.09  [35mmfu: 0.01%[39m
[titan] 2026-09-21 05:02:37,179 - torchtitan.observability.metrics - INFO - [31mstep: 70  [32mloss:  2.61847  [38;2;180;60;0mgrad_norm:  0.5648  [38;2;54;234;195mmemory:  0.29GiB(0.21%)  [34mtps: 580  [36mtflops: 0.09  [35mmfu: 0.01%[39m
[titan] 2026-09-21 05:02:37,185 - torchtitan.observability.metrics - INFO - [31mstep: 70  [32mloss: -2.00000  [38;2;180;60;0mgrad_norm:  0.5648  [38;2;54;234;195mmemory:  0.32GiB(0.23%)  [34mtps: 580  [36mtflops: 0.09  [35mmfu: 0.01%[39m
[titan] 2026-09-21 05:02:37,185 - torchtitan.observability.metrics - INFO - [31mstep: 70  [32mloss: -2.00000  [38;2;180;60;0mgrad_norm:  0.5648  [38;2;54;234;195mmemory:  0.32GiB(0.23%)  [34mtps: 580  [36mtflops: 0.09  [35mmfu: 0.01%[39m
[titan] 2026-09-21 05:02:38,066 - torchtitan.observability.metrics - INFO - [31mstep: 71  [32mloss:  2.37317  [38;2;180;60;0mgrad_norm:  0.6103  [38;2;54;234;195mmemory:  0.29GiB(0.21%)  [34mtps: 578  [36mtflops: 0.09  [35mmfu: 0.01%[39m
[titan] 2026-09-21 05:02:38,066 - torchtitan.observability.metrics - INFO - [31mstep: 71  [32mloss:  2.37317  [38;2;180;60;0mgrad_norm:  0.6103  [38;2;54;234;195mmemory:  0.29GiB(0.21%)  [34mtps: 578  [36mtflops: 0.09  [35mmfu: 0.01%[39m
[titan] 2026-09-21 05:02:38,072 - torchtitan.observability.metrics - INFO - [31mstep: 71  [32mloss: -2.00000  [38;2;180;60;0mgrad_norm:  0.6103  [38;2;54;234;195mmemory:  0.32GiB(0.23%)  [34mtps: 578  [36mtflops: 0.09  [35mmfu: 0.01%[39m
[titan] 2026-09-21 05:02:38,072 - torchtitan.observability.metrics - INFO - [31mstep: 71  [32mloss: -2.00000  [38;2;180;60;0mgrad_norm:  0.6103  [38;2;54;234;195mmemory:  0.32GiB(0.23%)  [34mtps: 578  [36mtflops: 0.09  [35mmfu: 0.01%[39m
[titan] 2026-09-21 05:02:38,955 - torchtitan.observability.metrics - INFO - [31mstep: 72  [32mloss:  2.42642  [38;2;180;60;0mgrad_norm:  0.7160  [38;2;54;234;195mmemory:  0.29GiB(0.21%)  [34mtps: 576  [36mtflops: 0.09  [35mmfu: 0.01%[39m
[titan] 2026-09-21 05:02:38,955 - torchtitan.observability.metrics - INFO - [31mstep: 72  [32mloss:  2.42642  [38;2;180;60;0mgrad_norm:  0.7160  [38;2;54;234;195mmemory:  0.29GiB(0.21%)  [34mtps: 576  [36mtflops: 0.09  [35mmfu: 0.01%[39m
[titan] 2026-09-21 05:02:38,961 - torchtitan.observability.metrics - INFO - [31mstep: 72  [32mloss: -2.00000  [38;2;180;60;0mgrad_norm:  0.7160  [38;2;54;234;195mmemory:  0.32GiB(0.23%)  [34mtps: 576  [36mtflops: 0.09  [35mmfu: 0.01%[39m
[titan] 2026-09-21 05:02:38,961 - torchtitan.observability.metrics - INFO - [31mstep: 72  [32mloss: -2.00000  [38;2;180;60;0mgrad_norm:  0.7160  [38;2;54;234;195mmemory:  0.32GiB(0.23%)  [34mtps: 576  [36mtflops: 0.09  [35mmfu: 0.01%[39m
[titan] 2026-09-21 05:02:39,844 - torchtitan.observability.metrics - INFO - [31mstep: 73  [32mloss:  2.41133  [38;2;180;60;0mgrad_norm:  0.6401  [38;2;54;234;195mmemory:  0.29GiB(0.21%)  [34mtps: 576  [36mtflops: 0.09  [35mmfu: 0.01%[39m
[titan] 2026-09-21 05:02:39,844 - torchtitan.observability.metrics - INFO - [31mstep: 73  [32mloss:  2.41133  [38;2;180;60;0mgrad_norm:  0.6401  [38;2;54;234;195mmemory:  0.29GiB(0.21%)  [34mtps: 576  [36mtflops: 0.09  [35mmfu: 0.01%[39m
[titan] 2026-09-21 05:02:39,850 - torchtitan.observability.metrics - INFO - [31mstep: 73  [32mloss: -2.00000  [38;2;180;60;0mgrad_norm:  0.6401  [38;2;54;234;195mmemory:  0.32GiB(0.23%)  [34mtps: 576  [36mtflops: 0.09  [35mmfu: 0.01%[39m
[titan] 2026-09-21 05:02:39,850 - torchtitan.observability.metrics - INFO - [31mstep: 73  [32mloss: -2.00000  [38;2;180;60;0mgrad_norm:  0.6401  [38;2;54;234;195mmemory:  0.32GiB(0.23%)  [34mtps: 576  [36mtflops: 0.09  [35mmfu: 0.01%[39m
[titan] 2026-09-21 05:02:40,740 - torchtitan.observability.metrics - INFO - [31mstep: 74  [32mloss:  2.44973  [38;2;180;60;0mgrad_norm:  0.5976  [38;2;54;234;195mmemory:  0.29GiB(0.21%)  [34mtps: 571  [36mtflops: 0.09  [35mmfu: 0.01%[39m
[titan] 2026-09-21 05:02:40,740 - torchtitan.observability.metrics - INFO - [31mstep: 74  [32mloss:  2.44973  [38;2;180;60;0mgrad_norm:  0.5976  [38;2;54;234;195mmemory:  0.29GiB(0.21%)  [34mtps: 571  [36mtflops: 0.09  [35mmfu: 0.01%[39m
[titan] 2026-09-21 05:02:40,746 - torchtitan.observability.metrics - INFO - [31mstep: 74  [32mloss: -2.00000  [38;2;180;60;0mgrad_norm:  0.5976  [38;2;54;234;195mmemory:  0.32GiB(0.23%)  [34mtps: 572  [36mtflops: 0.09  [35mmfu: 0.01%[39m
[titan] 2026-09-21 05:02:40,746 - torchtitan.observability.metrics - INFO - [31mstep: 74  [32mloss: -2.00000  [38;2;180;60;0mgrad_norm:  0.5976  [38;2;54;234;195mmemory:  0.32GiB(0.23%)  [34mtps: 572  [36mtflops: 0.09  [35mmfu: 0.01%[39m
[titan] 2026-09-21 05:02:41,622 - torchtitan.observability.metrics - INFO - [31mstep: 75  [32mloss:  2.56453  [38;2;180;60;0mgrad_norm:  0.6489  [38;2;54;234;195mmemory:  0.29GiB(0.21%)  [34mtps: 581  [36mtflops: 0.09  [35mmfu: 0.01%[39m
[titan] 2026-09-21 05:02:41,622 - torchtitan.observability.metrics - INFO - [31mstep: 75  [32mloss:  2.56453  [38;2;180;60;0mgrad_norm:  0.6489  [38;2;54;234;195mmemory:  0.29GiB(0.21%)  [34mtps: 581  [36mtflops: 0.09  [35mmfu: 0.01%[39m
[titan] 2026-09-21 05:02:41,628 - torchtitan.observability.metrics - INFO - [31mstep: 75  [32mloss: -2.00000  [38;2;180;60;0mgrad_norm:  0.6489  [38;2;54;234;195mmemory:  0.32GiB(0.23%)  [34mtps: 581  [36mtflops: 0.09  [35mmfu: 0.01%[39m
[titan] 2026-09-21 05:02:41,628 - torchtitan.observability.metrics - INFO - [31mstep: 75  [32mloss: -2.00000  [38;2;180;60;0mgrad_norm:  0.6489  [38;2;54;234;195mmemory:  0.32GiB(0.23%)  [34mtps: 581  [36mtflops: 0.09  [35mmfu: 0.01%[39m
[titan] 2026-09-21 05:02:42,515 - torchtitan.observability.metrics - INFO - [31mstep: 76  [32mloss:  2.34521  [38;2;180;60;0mgrad_norm:  0.5602  [38;2;54;234;195mmemory:  0.29GiB(0.21%)  [34mtps: 574  [36mtflops: 0.09  [35mmfu: 0.01%[39m
[titan] 2026-09-21 05:02:42,515 - torchtitan.observability.metrics - INFO - [31mstep: 76  [32mloss:  2.34521  [38;2;180;60;0mgrad_norm:  0.5602  [38;2;54;234;195mmemory:  0.29GiB(0.21%)  [34mtps: 573  [36mtflops: 0.09  [35mmfu: 0.01%[39m
[titan] 2026-09-21 05:02:42,521 - torchtitan.observability.metrics - INFO - [31mstep: 76  [32mloss: -2.00000  [38;2;180;60;0mgrad_norm:  0.5602  [38;2;54;234;195mmemory:  0.32GiB(0.23%)  [34mtps: 573  [36mtflops: 0.09  [35mmfu: 0.01%[39m
[titan] 2026-09-21 05:02:42,521 - torchtitan.observability.metrics - INFO - [31mstep: 76  [32mloss: -2.00000  [38;2;180;60;0mgrad_norm:  0.5602  [38;2;54;234;195mmemory:  0.32GiB(0.23%)  [34mtps: 573  [36mtflops: 0.09  [35mmfu: 0.01%[39m
[titan] 2026-09-21 05:02:43,417 - torchtitan.observability.metrics - INFO - [31mstep: 77  [32mloss:  2.46302  [38;2;180;60;0mgrad_norm:  0.5859  [38;2;54;234;195mmemory:  0.29GiB(0.21%)  [34mtps: 568  [36mtflops: 0.09  [35mmfu: 0.01%[39m
[titan] 2026-09-21 05:02:43,417 - torchtitan.observability.metrics - INFO - [31mstep: 77  [32mloss:  2.46302  [38;2;180;60;0mgrad_norm:  0.5859  [38;2;54;234;195mmemory:  0.29GiB(0.21%)  [34mtps: 568  [36mtflops: 0.09  [35mmfu: 0.01%[39m
[titan] 2026-09-21 05:02:43,422 - torchtitan.observability.metrics - INFO - [31mstep: 77  [32mloss: -2.00000  [38;2;180;60;0mgrad_norm:  0.5859  [38;2;54;234;195mmemory:  0.32GiB(0.23%)  [34mtps: 568  [36mtflops: 0.09  [35mmfu: 0.01%[39m
[titan] 2026-09-21 05:02:43,423 - torchtitan.observability.metrics - INFO - [31mstep: 77  [32mloss: -2.00000  [38;2;180;60;0mgrad_norm:  0.5859  [38;2;54;234;195mmemory:  0.32GiB(0.23%)  [34mtps: 568  [36mtflops: 0.09  [35mmfu: 0.01%[39m
[titan] 2026-09-21 05:02:44,305 - torchtitan.observability.metrics - INFO - [31mstep: 78  [32mloss:  2.41010  [38;2;180;60;0mgrad_norm:  0.7948  [38;2;54;234;195mmemory:  0.29GiB(0.21%)  [34mtps: 577  [36mtflops: 0.09  [35mmfu: 0.01%[39m
[titan] 2026-09-21 05:02:44,305 - torchtitan.observability.metrics - INFO - [31mstep: 78  [32mloss:  2.41010  [38;2;180;60;0mgrad_norm:  0.7948  [38;2;54;234;195mmemory:  0.29GiB(0.21%)  [34mtps: 576  [36mtflops: 0.09  [35mmfu: 0.01%[39m
[titan] 2026-09-21 05:02:44,311 - torchtitan.observability.metrics - INFO - [31mstep: 78  [32mloss: -2.00000  [38;2;180;60;0mgrad_norm:  0.7948  [38;2;54;234;195mmemory:  0.32GiB(0.23%)  [34mtps: 577  [36mtflops: 0.09  [35mmfu: 0.01%[39m
[titan] 2026-09-21 05:02:44,311 - torchtitan.observability.metrics - INFO - [31mstep: 78  [32mloss: -2.00000  [38;2;180;60;0mgrad_norm:  0.7948  [38;2;54;234;195mmemory:  0.32GiB(0.23%)  [34mtps: 577  [36mtflops: 0.09  [35mmfu: 0.01%[39m
[titan] 2026-09-21 05:02:45,205 - torchtitan.observability.metrics - INFO - [31mstep: 79  [32mloss:  2.45766  [38;2;180;60;0mgrad_norm:  0.6076  [38;2;54;234;195mmemory:  0.29GiB(0.21%)  [34mtps: 569  [36mtflops: 0.09  [35mmfu: 0.01%[39m
[titan] 2026-09-21 05:02:45,205 - torchtitan.observability.metrics - INFO - [31mstep: 79  [32mloss:  2.45766  [38;2;180;60;0mgrad_norm:  0.6076  [38;2;54;234;195mmemory:  0.29GiB(0.21%)  [34mtps: 569  [36mtflops: 0.09  [35mmfu: 0.01%[39m
[titan] 2026-09-21 05:02:45,210 - torchtitan.observability.metrics - INFO - [31mstep: 79  [32mloss: -2.00000  [38;2;180;60;0mgrad_norm:  0.6076  [38;2;54;234;195mmemory:  0.32GiB(0.23%)  [34mtps: 569  [36mtflops: 0.09  [35mmfu: 0.01%[39m
[titan] 2026-09-21 05:02:45,210 - torchtitan.observability.metrics - INFO - [31mstep: 79  [32mloss: -2.00000  [38;2;180;60;0mgrad_norm:  0.6076  [38;2;54;234;195mmemory:  0.32GiB(0.23%)  [34mtps: 569  [36mtflops: 0.09  [35mmfu: 0.01%[39m
[titan] 2026-09-21 05:02:46,091 - torchtitan.observability.metrics - INFO - [31mstep: 80  [32mloss:  2.50840  [38;2;180;60;0mgrad_norm:  0.7238  [38;2;54;234;195mmemory:  0.29GiB(0.21%)  [34mtps: 578  [36mtflops: 0.09  [35mmfu: 0.01%[39m
[titan] 2026-09-21 05:02:46,091 - torchtitan.observability.metrics - INFO - [31mstep: 80  [32mloss:  2.50840  [38;2;180;60;0mgrad_norm:  0.7238  [38;2;54;234;195mmemory:  0.29GiB(0.21%)  [34mtps: 578  [36mtflops: 0.09  [35mmfu: 0.01%[39m
[titan] 2026-09-21 05:02:46,097 - torchtitan.observability.metrics - INFO - [31mstep: 80  [32mloss: -2.00000  [38;2;180;60;0mgrad_norm:  0.7238  [38;2;54;234;195mmemory:  0.32GiB(0.23%)  [34mtps: 578  [36mtflops: 0.09  [35mmfu: 0.01%[39m
[titan] 2026-09-21 05:02:46,097 - torchtitan.observability.metrics - INFO - [31mstep: 80  [32mloss: -2.00000  [38;2;180;60;0mgrad_norm:  0.7238  [38;2;54;234;195mmemory:  0.32GiB(0.23%)  [34mtps: 578  [36mtflops: 0.09  [35mmfu: 0.01%[39m
[titan] 2026-09-21 05:02:46,989 - torchtitan.observability.metrics - INFO - [31mstep: 81  [32mloss:  2.43375  [38;2;180;60;0mgrad_norm:  0.7002  [38;2;54;234;195mmemory:  0.29GiB(0.21%)  [34mtps: 570  [36mtflops: 0.09  [35mmfu: 0.01%[39m
[titan] 2026-09-21 05:02:46,989 - torchtitan.observability.metrics - INFO - [31mstep: 81  [32mloss:  2.43375  [38;2;180;60;0mgrad_norm:  0.7002  [38;2;54;234;195mmemory:  0.29GiB(0.21%)  [34mtps: 570  [36mtflops: 0.09  [35mmfu: 0.01%[39m
[titan] 2026-09-21 05:02:46,994 - torchtitan.observability.metrics - INFO - [31mstep: 81  [32mloss: -2.00000  [38;2;180;60;0mgrad_norm:  0.7002  [38;2;54;234;195mmemory:  0.32GiB(0.23%)  [34mtps: 570  [36mtflops: 0.09  [35mmfu: 0.01%[39m
[titan] 2026-09-21 05:02:46,994 - torchtitan.observability.metrics - INFO - [31mstep: 81  [32mloss: -2.00000  [38;2;180;60;0mgrad_norm:  0.7002  [38;2;54;234;195mmemory:  0.32GiB(0.23%)  [34mtps: 570  [36mtflops: 0.09  [35mmfu: 0.01%[39m
[titan] 2026-09-21 05:02:47,875 - torchtitan.observability.metrics - INFO - [31mstep: 82  [32mloss:  2.40069  [38;2;180;60;0mgrad_norm:  0.6210  [38;2;54;234;195mmemory:  0.29GiB(0.21%)  [34mtps: 578  [36mtflops: 0.09  [35mmfu: 0.01%[39m
[titan] 2026-09-21 05:02:47,875 - torchtitan.observability.metrics - INFO - [31mstep: 82  [32mloss:  2.40069  [38;2;180;60;0mgrad_norm:  0.6210  [38;2;54;234;195mmemory:  0.29GiB(0.21%)  [34mtps: 578  [36mtflops: 0.09  [35mmfu: 0.01%[39m
[titan] 2026-09-21 05:02:47,881 - torchtitan.observability.metrics - INFO - [31mstep: 82  [32mloss: -2.00000  [38;2;180;60;0mgrad_norm:  0.6210  [38;2;54;234;195mmemory:  0.32GiB(0.23%)  [34mtps: 578  [36mtflops: 0.09  [35mmfu: 0.01%[39m
[titan] 2026-09-21 05:02:47,881 - torchtitan.observability.metrics - INFO - [31mstep: 82  [32mloss: -2.00000  [38;2;180;60;0mgrad_norm:  0.6210  [38;2;54;234;195mmemory:  0.32GiB(0.23%)  [34mtps: 578  [36mtflops: 0.09  [35mmfu: 0.01%[39m
[titan] 2026-09-21 05:02:48,766 - torchtitan.observability.metrics - INFO - [31mstep: 83  [32mloss:  2.39346  [38;2;180;60;0mgrad_norm:  0.5295  [38;2;54;234;195mmemory:  0.29GiB(0.21%)  [34mtps: 575  [36mtflops: 0.09  [35mmfu: 0.01%[39m
[titan] 2026-09-21 05:02:48,766 - torchtitan.observability.metrics - INFO - [31mstep: 83  [32mloss:  2.39346  [38;2;180;60;0mgrad_norm:  0.5295  [38;2;54;234;195mmemory:  0.29GiB(0.21%)  [34mtps: 575  [36mtflops: 0.09  [35mmfu: 0.01%[39m
[titan] 2026-09-21 05:02:48,771 - torchtitan.observability.metrics - INFO - [31mstep: 83  [32mloss: -2.00000  [38;2;180;60;0mgrad_norm:  0.5295  [38;2;54;234;195mmemory:  0.32GiB(0.23%)  [34mtps: 575  [36mtflops: 0.09  [35mmfu: 0.01%[39m
[titan] 2026-09-21 05:02:48,771 - torchtitan.observability.metrics - INFO - [31mstep: 83  [32mloss: -2.00000  [38;2;180;60;0mgrad_norm:  0.5295  [38;2;54;234;195mmemory:  0.32GiB(0.23%)  [34mtps: 575  [36mtflops: 0.09  [35mmfu: 0.01%[39m
[titan] 2026-09-21 05:02:49,650 - torchtitan.observability.metrics - INFO - [31mstep: 84  [32mloss:  2.41657  [38;2;180;60;0mgrad_norm:  0.6135  [38;2;54;234;195mmemory:  0.29GiB(0.21%)  [34mtps: 579  [36mtflops: 0.09  [35mmfu: 0.01%[39m
[titan] 2026-09-21 05:02:49,650 - torchtitan.observability.metrics - INFO - [31mstep: 84  [32mloss:  2.41657  [38;2;180;60;0mgrad_norm:  0.6135  [38;2;54;234;195mmemory:  0.29GiB(0.21%)  [34mtps: 579  [36mtflops: 0.09  [35mmfu: 0.01%[39m
[titan] 2026-09-21 05:02:49,656 - torchtitan.observability.metrics - INFO - [31mstep: 84  [32mloss: -2.00000  [38;2;180;60;0mgrad_norm:  0.6135  [38;2;54;234;195mmemory:  0.32GiB(0.23%)  [34mtps: 579  [36mtflops: 0.09  [35mmfu: 0.01%[39m
[titan] 2026-09-21 05:02:49,656 - torchtitan.observability.metrics - INFO - [31mstep: 84  [32mloss: -2.00000  [38;2;180;60;0mgrad_norm:  0.6135  [38;2;54;234;195mmemory:  0.32GiB(0.23%)  [34mtps: 579  [36mtflops: 0.09  [35mmfu: 0.01%[39m
[titan] 2026-09-21 05:02:50,538 - torchtitan.observability.metrics - INFO - [31mstep: 85  [32mloss:  2.47208  [38;2;180;60;0mgrad_norm:  0.6634  [38;2;54;234;195mmemory:  0.29GiB(0.21%)  [34mtps: 577  [36mtflops: 0.09  [35mmfu: 0.01%[39m
[titan] 2026-09-21 05:02:50,538 - torchtitan.observability.metrics - INFO - [31mstep: 85  [32mloss:  2.47208  [38;2;180;60;0mgrad_norm:  0.6634  [38;2;54;234;195mmemory:  0.29GiB(0.21%)  [34mtps: 577  [36mtflops: 0.09  [35mmfu: 0.01%[39m
[titan] 2026-09-21 05:02:50,544 - torchtitan.observability.metrics - INFO - [31mstep: 85  [32mloss: -2.00000  [38;2;180;60;0mgrad_norm:  0.6634  [38;2;54;234;195mmemory:  0.32GiB(0.23%)  [34mtps: 577  [36mtflops: 0.09  [35mmfu: 0.01%[39m
[titan] 2026-09-21 05:02:50,544 - torchtitan.observability.metrics - INFO - [31mstep: 85  [32mloss: -2.00000  [38;2;180;60;0mgrad_norm:  0.6634  [38;2;54;234;195mmemory:  0.32GiB(0.23%)  [34mtps: 577  [36mtflops: 0.09  [35mmfu: 0.01%[39m
[titan] 2026-09-21 05:02:51,432 - torchtitan.observability.metrics - INFO - [31mstep: 86  [32mloss:  2.36276  [38;2;180;60;0mgrad_norm:  0.6280  [38;2;54;234;195mmemory:  0.29GiB(0.21%)  [34mtps: 573  [36mtflops: 0.09  [35mmfu: 0.01%[39m
[titan] 2026-09-21 05:02:51,433 - torchtitan.observability.metrics - INFO - [31mstep: 86  [32mloss:  2.36276  [38;2;180;60;0mgrad_norm:  0.6280  [38;2;54;234;195mmemory:  0.29GiB(0.21%)  [34mtps: 572  [36mtflops: 0.09  [35mmfu: 0.01%[39m
[titan] 2026-09-21 05:02:51,442 - torchtitan.observability.metrics - INFO - [31mstep: 86  [32mloss: -2.00000  [38;2;180;60;0mgrad_norm:  0.6280  [38;2;54;234;195mmemory:  0.32GiB(0.23%)  [34mtps: 570  [36mtflops: 0.09  [35mmfu: 0.01%[39m
[titan] 2026-09-21 05:02:51,442 - torchtitan.observability.metrics - INFO - [31mstep: 86  [32mloss: -2.00000  [38;2;180;60;0mgrad_norm:  0.6280  [38;2;54;234;195mmemory:  0.32GiB(0.23%)  [34mtps: 570  [36mtflops: 0.09  [35mmfu: 0.01%[39m
[titan] 2026-09-21 05:02:52,327 - torchtitan.observability.metrics - INFO - [31mstep: 87  [32mloss:  2.46132  [38;2;180;60;0mgrad_norm:  0.6521  [38;2;54;234;195mmemory:  0.29GiB(0.21%)  [34mtps: 572  [36mtflops: 0.09  [35mmfu: 0.01%[39m
[titan] 2026-09-21 05:02:52,327 - torchtitan.observability.metrics - INFO - [31mstep: 87  [32mloss:  2.46132  [38;2;180;60;0mgrad_norm:  0.6521  [38;2;54;234;195mmemory:  0.29GiB(0.21%)  [34mtps: 572  [36mtflops: 0.09  [35mmfu: 0.01%[39m
[titan] 2026-09-21 05:02:52,333 - torchtitan.observability.metrics - INFO - [31mstep: 87  [32mloss: -2.00000  [38;2;180;60;0mgrad_norm:  0.6521  [38;2;54;234;195mmemory:  0.32GiB(0.23%)  [34mtps: 575  [36mtflops: 0.09  [35mmfu: 0.01%[39m
[titan] 2026-09-21 05:02:52,333 - torchtitan.observability.metrics - INFO - [31mstep: 87  [32mloss: -2.00000  [38;2;180;60;0mgrad_norm:  0.6521  [38;2;54;234;195mmemory:  0.32GiB(0.23%)  [34mtps: 575  [36mtflops: 0.09  [35mmfu: 0.01%[39m
[titan] 2026-09-21 05:02:53,225 - torchtitan.observability.metrics - INFO - [31mstep: 88  [32mloss:  2.50568  [38;2;180;60;0mgrad_norm:  0.6355  [38;2;54;234;195mmemory:  0.29GiB(0.21%)  [34mtps: 571  [36mtflops: 0.09  [35mmfu: 0.01%[39m
[titan] 2026-09-21 05:02:53,225 - torchtitan.observability.metrics - INFO - [31mstep: 88  [32mloss:  2.50568  [38;2;180;60;0mgrad_norm:  0.6355  [38;2;54;234;195mmemory:  0.29GiB(0.21%)  [34mtps: 571  [36mtflops: 0.09  [35mmfu: 0.01%[39m
[titan] 2026-09-21 05:02:53,230 - torchtitan.observability.metrics - INFO - [31mstep: 88  [32mloss: -2.00000  [38;2;180;60;0mgrad_norm:  0.6355  [38;2;54;234;195mmemory:  0.32GiB(0.23%)  [34mtps: 571  [36mtflops: 0.09  [35mmfu: 0.01%[39m
[titan] 2026-09-21 05:02:53,231 - torchtitan.observability.metrics - INFO - [31mstep: 88  [32mloss: -2.00000  [38;2;180;60;0mgrad_norm:  0.6355  [38;2;54;234;195mmemory:  0.32GiB(0.23%)  [34mtps: 571  [36mtflops: 0.09  [35mmfu: 0.01%[39m
[titan] 2026-09-21 05:02:54,115 - torchtitan.observability.metrics - INFO - [31mstep: 89  [32mloss:  2.43330  [38;2;180;60;0mgrad_norm:  0.6890  [38;2;54;234;195mmemory:  0.29GiB(0.21%)  [34mtps: 575  [36mtflops: 0.09  [35mmfu: 0.01%[39m
[titan] 2026-09-21 05:02:54,115 - torchtitan.observability.metrics - INFO - [31mstep: 89  [32mloss:  2.43330  [38;2;180;60;0mgrad_norm:  0.6890  [38;2;54;234;195mmemory:  0.29GiB(0.21%)  [34mtps: 575  [36mtflops: 0.09  [35mmfu: 0.01%[39m
[titan] 2026-09-21 05:02:54,121 - torchtitan.observability.metrics - INFO - [31mstep: 89  [32mloss: -2.00000  [38;2;180;60;0mgrad_norm:  0.6890  [38;2;54;234;195mmemory:  0.32GiB(0.23%)  [34mtps: 575  [36mtflops: 0.09  [35mmfu: 0.01%[39m
[titan] 2026-09-21 05:02:54,121 - torchtitan.observability.metrics - INFO - [31mstep: 89  [32mloss: -2.00000  [38;2;180;60;0mgrad_norm:  0.6890  [38;2;54;234;195mmemory:  0.32GiB(0.23%)  [34mtps: 575  [36mtflops: 0.09  [35mmfu: 0.01%[39m
[titan] 2026-09-21 05:02:55,015 - torchtitan.observability.metrics - INFO - [31mstep: 90  [32mloss:  2.35497  [38;2;180;60;0mgrad_norm:  0.5874  [38;2;54;234;195mmemory:  0.29GiB(0.21%)  [34mtps: 569  [36mtflops: 0.09  [35mmfu: 0.01%[39m
[titan] 2026-09-21 05:02:55,015 - torchtitan.observability.metrics - INFO - [31mstep: 90  [32mloss:  2.35497  [38;2;180;60;0mgrad_norm:  0.5874  [38;2;54;234;195mmemory:  0.29GiB(0.21%)  [34mtps: 569  [36mtflops: 0.09  [35mmfu: 0.01%[39m
[titan] 2026-09-21 05:02:55,021 - torchtitan.observability.metrics - INFO - [31mstep: 90  [32mloss: -2.00000  [38;2;180;60;0mgrad_norm:  0.5874  [38;2;54;234;195mmemory:  0.32GiB(0.23%)  [34mtps: 569  [36mtflops: 0.09  [35mmfu: 0.01%[39m
[titan] 2026-09-21 05:02:55,021 - torchtitan.observability.metrics - INFO - [31mstep: 90  [32mloss: -2.00000  [38;2;180;60;0mgrad_norm:  0.5874  [38;2;54;234;195mmemory:  0.32GiB(0.23%)  [34mtps: 569  [36mtflops: 0.09  [35mmfu: 0.01%[39m
[titan] 2026-09-21 05:02:55,907 - torchtitan.observability.metrics - INFO - [31mstep: 91  [32mloss:  2.50093  [38;2;180;60;0mgrad_norm:  0.6862  [38;2;54;234;195mmemory:  0.29GiB(0.21%)  [34mtps: 574  [36mtflops: 0.09  [35mmfu: 0.01%[39m
[titan] 2026-09-21 05:02:55,907 - torchtitan.observability.metrics - INFO - [31mstep: 91  [32mloss:  2.50093  [38;2;180;60;0mgrad_norm:  0.6862  [38;2;54;234;195mmemory:  0.29GiB(0.21%)  [34mtps: 574  [36mtflops: 0.09  [35mmfu: 0.01%[39m
[titan] 2026-09-21 05:02:55,913 - torchtitan.observability.metrics - INFO - [31mstep: 91  [32mloss: -2.00000  [38;2;180;60;0mgrad_norm:  0.6862  [38;2;54;234;195mmemory:  0.32GiB(0.23%)  [34mtps: 574  [36mtflops: 0.09  [35mmfu: 0.01%[39m
[titan] 2026-09-21 05:02:55,913 - torchtitan.observability.metrics - INFO - [31mstep: 91  [32mloss: -2.00000  [38;2;180;60;0mgrad_norm:  0.6862  [38;2;54;234;195mmemory:  0.32GiB(0.23%)  [34mtps: 574  [36mtflops: 0.09  [35mmfu: 0.01%[39m
[titan] 2026-09-21 05:02:56,797 - torchtitan.observability.metrics - INFO - [31mstep: 92  [32mloss:  2.45291  [38;2;180;60;0mgrad_norm:  0.6146  [38;2;54;234;195mmemory:  0.29GiB(0.21%)  [34mtps: 575  [36mtflops: 0.09  [35mmfu: 0.01%[39m
[titan] 2026-09-21 05:02:56,798 - torchtitan.observability.metrics - INFO - [31mstep: 92  [32mloss:  2.45291  [38;2;180;60;0mgrad_norm:  0.6146  [38;2;54;234;195mmemory:  0.29GiB(0.21%)  [34mtps: 575  [36mtflops: 0.09  [35mmfu: 0.01%[39m
[titan] 2026-09-21 05:02:56,803 - torchtitan.observability.metrics - INFO - [31mstep: 92  [32mloss: -2.00000  [38;2;180;60;0mgrad_norm:  0.6146  [38;2;54;234;195mmemory:  0.32GiB(0.23%)  [34mtps: 575  [36mtflops: 0.09  [35mmfu: 0.01%[39m
[titan] 2026-09-21 05:02:56,803 - torchtitan.observability.metrics - INFO - [31mstep: 92  [32mloss: -2.00000  [38;2;180;60;0mgrad_norm:  0.6146  [38;2;54;234;195mmemory:  0.32GiB(0.23%)  [34mtps: 575  [36mtflops: 0.09  [35mmfu: 0.01%[39m
[titan] 2026-09-21 05:02:57,691 - torchtitan.observability.metrics - INFO - [31mstep: 93  [32mloss:  2.53409  [38;2;180;60;0mgrad_norm:  0.6397  [38;2;54;234;195mmemory:  0.29GiB(0.21%)  [34mtps: 573  [36mtflops: 0.09  [35mmfu: 0.01%[39m
[titan] 2026-09-21 05:02:57,691 - torchtitan.observability.metrics - INFO - [31mstep: 93  [32mloss:  2.53409  [38;2;180;60;0mgrad_norm:  0.6397  [38;2;54;234;195mmemory:  0.29GiB(0.21%)  [34mtps: 573  [36mtflops: 0.09  [35mmfu: 0.01%[39m
[titan] 2026-09-21 05:02:57,696 - torchtitan.observability.metrics - INFO - [31mstep: 93  [32mloss: -2.00000  [38;2;180;60;0mgrad_norm:  0.6397  [38;2;54;234;195mmemory:  0.32GiB(0.23%)  [34mtps: 573  [36mtflops: 0.09  [35mmfu: 0.01%[39m
[titan] 2026-09-21 05:02:57,696 - torchtitan.observability.metrics - INFO - [31mstep: 93  [32mloss: -2.00000  [38;2;180;60;0mgrad_norm:  0.6397  [38;2;54;234;195mmemory:  0.32GiB(0.23%)  [34mtps: 573  [36mtflops: 0.09  [35mmfu: 0.01%[39m
[titan] 2026-09-21 05:02:58,573 - torchtitan.observability.metrics - INFO - [31mstep: 94  [32mloss:  2.35400  [38;2;180;60;0mgrad_norm:  0.6315  [38;2;54;234;195mmemory:  0.29GiB(0.21%)  [34mtps: 580  [36mtflops: 0.09  [35mmfu: 0.01%[39m
[titan] 2026-09-21 05:02:58,573 - torchtitan.observability.metrics - INFO - [31mstep: 94  [32mloss:  2.35400  [38;2;180;60;0mgrad_norm:  0.6315  [38;2;54;234;195mmemory:  0.29GiB(0.21%)  [34mtps: 580  [36mtflops: 0.09  [35mmfu: 0.01%[39m
[titan] 2026-09-21 05:02:58,579 - torchtitan.observability.metrics - INFO - [31mstep: 94  [32mloss: -2.00000  [38;2;180;60;0mgrad_norm:  0.6315  [38;2;54;234;195mmemory:  0.32GiB(0.23%)  [34mtps: 580  [36mtflops: 0.09  [35mmfu: 0.01%[39m
[titan] 2026-09-21 05:02:58,579 - torchtitan.observability.metrics - INFO - [31mstep: 94  [32mloss: -2.00000  [38;2;180;60;0mgrad_norm:  0.6315  [38;2;54;234;195mmemory:  0.32GiB(0.23%)  [34mtps: 580  [36mtflops: 0.09  [35mmfu: 0.01%[39m
[titan] 2026-09-21 05:02:59,470 - torchtitan.observability.metrics - INFO - [31mstep: 95  [32mloss:  2.49790  [38;2;180;60;0mgrad_norm:  0.6670  [38;2;54;234;195mmemory:  0.29GiB(0.21%)  [34mtps: 571  [36mtflops: 0.09  [35mmfu: 0.01%[39m
[titan] 2026-09-21 05:02:59,470 - torchtitan.observability.metrics - INFO - [31mstep: 95  [32mloss:  2.49790  [38;2;180;60;0mgrad_norm:  0.6670  [38;2;54;234;195mmemory:  0.29GiB(0.21%)  [34mtps: 571  [36mtflops: 0.09  [35mmfu: 0.01%[39m
[titan] 2026-09-21 05:02:59,475 - torchtitan.observability.metrics - INFO - [31mstep: 95  [32mloss: -2.00000  [38;2;180;60;0mgrad_norm:  0.6670  [38;2;54;234;195mmemory:  0.32GiB(0.23%)  [34mtps: 571  [36mtflops: 0.09  [35mmfu: 0.01%[39m
[titan] 2026-09-21 05:02:59,475 - torchtitan.observability.metrics - INFO - [31mstep: 95  [32mloss: -2.00000  [38;2;180;60;0mgrad_norm:  0.6670  [38;2;54;234;195mmemory:  0.32GiB(0.23%)  [34mtps: 571  [36mtflops: 0.09  [35mmfu: 0.01%[39m
[titan] 2026-09-21 05:03:00,351 - torchtitan.observability.metrics - INFO - [31mstep: 96  [32mloss:  2.42372  [38;2;180;60;0mgrad_norm:  0.6489  [38;2;54;234;195mmemory:  0.29GiB(0.21%)  [34mtps: 581  [36mtflops: 0.09  [35mmfu: 0.01%[39m
[titan] 2026-09-21 05:03:00,351 - torchtitan.observability.metrics - INFO - [31mstep: 96  [32mloss:  2.42372  [38;2;180;60;0mgrad_norm:  0.6489  [38;2;54;234;195mmemory:  0.29GiB(0.21%)  [34mtps: 581  [36mtflops: 0.09  [35mmfu: 0.01%[39m
[titan] 2026-09-21 05:03:00,357 - torchtitan.observability.metrics - INFO - [31mstep: 96  [32mloss: -2.00000  [38;2;180;60;0mgrad_norm:  0.6489  [38;2;54;234;195mmemory:  0.32GiB(0.23%)  [34mtps: 581  [36mtflops: 0.09  [35mmfu: 0.01%[39m
[titan] 2026-09-21 05:03:00,357 - torchtitan.observability.metrics - INFO - [31mstep: 96  [32mloss: -2.00000  [38;2;180;60;0mgrad_norm:  0.6489  [38;2;54;234;195mmemory:  0.32GiB(0.23%)  [34mtps: 581  [36mtflops: 0.09  [35mmfu: 0.01%[39m
[titan] 2026-09-21 05:03:01,245 - torchtitan.observability.metrics - INFO - [31mstep: 97  [32mloss:  2.36411  [38;2;180;60;0mgrad_norm:  0.7846  [38;2;54;234;195mmemory:  0.29GiB(0.21%)  [34mtps: 573  [36mtflops: 0.09  [35mmfu: 0.01%[39m
[titan] 2026-09-21 05:03:01,245 - torchtitan.observability.metrics - INFO - [31mstep: 97  [32mloss:  2.36411  [38;2;180;60;0mgrad_norm:  0.7846  [38;2;54;234;195mmemory:  0.29GiB(0.21%)  [34mtps: 573  [36mtflops: 0.09  [35mmfu: 0.01%[39m
[titan] 2026-09-21 05:03:01,251 - torchtitan.observability.metrics - INFO - [31mstep: 97  [32mloss: -2.00000  [38;2;180;60;0mgrad_norm:  0.7846  [38;2;54;234;195mmemory:  0.32GiB(0.23%)  [34mtps: 573  [36mtflops: 0.09  [35mmfu: 0.01%[39m
[titan] 2026-09-21 05:03:01,251 - torchtitan.observability.metrics - INFO - [31mstep: 97  [32mloss: -2.00000  [38;2;180;60;0mgrad_norm:  0.7846  [38;2;54;234;195mmemory:  0.32GiB(0.23%)  [34mtps: 573  [36mtflops: 0.09  [35mmfu: 0.01%[39m
[titan] 2026-09-21 05:03:02,129 - torchtitan.observability.metrics - INFO - [31mstep: 98  [32mloss:  2.50185  [38;2;180;60;0mgrad_norm:  0.5538  [38;2;54;234;195mmemory:  0.29GiB(0.21%)  [34mtps: 580  [36mtflops: 0.09  [35mmfu: 0.01%[39m
[titan] 2026-09-21 05:03:02,129 - torchtitan.observability.metrics - INFO - [31mstep: 98  [32mloss:  2.50185  [38;2;180;60;0mgrad_norm:  0.5538  [38;2;54;234;195mmemory:  0.29GiB(0.21%)  [34mtps: 580  [36mtflops: 0.09  [35mmfu: 0.01%[39m
[titan] 2026-09-21 05:03:02,137 - torchtitan.observability.metrics - INFO - [31mstep: 98  [32mloss: -2.00000  [38;2;180;60;0mgrad_norm:  0.5538  [38;2;54;234;195mmemory:  0.32GiB(0.23%)  [34mtps: 578  [36mtflops: 0.09  [35mmfu: 0.01%[39m
[titan] 2026-09-21 05:03:02,138 - torchtitan.observability.metrics - INFO - [31mstep: 98  [32mloss: -2.00000  [38;2;180;60;0mgrad_norm:  0.5538  [38;2;54;234;195mmemory:  0.32GiB(0.23%)  [34mtps: 578  [36mtflops: 0.09  [35mmfu: 0.01%[39m
[titan] 2026-09-21 05:03:03,024 - torchtitan.observability.metrics - INFO - [31mstep: 99  [32mloss:  2.50024  [38;2;180;60;0mgrad_norm:  0.5829  [38;2;54;234;195mmemory:  0.29GiB(0.21%)  [34mtps: 572  [36mtflops: 0.09  [35mmfu: 0.01%[39m
[titan] 2026-09-21 05:03:03,024 - torchtitan.observability.metrics - INFO - [31mstep: 99  [32mloss:  2.50024  [38;2;180;60;0mgrad_norm:  0.5829  [38;2;54;234;195mmemory:  0.29GiB(0.21%)  [34mtps: 572  [36mtflops: 0.09  [35mmfu: 0.01%[39m
[titan] 2026-09-21 05:03:03,030 - torchtitan.observability.metrics - INFO - [31mstep: 99  [32mloss: -2.00000  [38;2;180;60;0mgrad_norm:  0.5829  [38;2;54;234;195mmemory:  0.32GiB(0.23%)  [34mtps: 574  [36mtflops: 0.09  [35mmfu: 0.01%[39m
[titan] 2026-09-21 05:03:03,030 - torchtitan.observability.metrics - INFO - [31mstep: 99  [32mloss: -2.00000  [38;2;180;60;0mgrad_norm:  0.5829  [38;2;54;234;195mmemory:  0.32GiB(0.23%)  [34mtps: 574  [36mtflops: 0.09  [35mmfu: 0.01%[39m
[titan] 2026-09-21 05:03:03,140 - torchtitan.tools.utils - INFO - [GC] Performing periodic GC collection took 0.11 seconds
[titan] 2026-09-21 05:03:03,140 - torchtitan.tools.utils - INFO - [GC] Performing periodic GC collection took 0.11 seconds
[titan] 2026-09-21 05:03:03,149 - torchtitan.tools.utils - INFO - [GC] Performing periodic GC collection took 0.11 seconds
[titan] 2026-09-21 05:03:03,151 - torchtitan.tools.utils - INFO - [GC] Performing periodic GC collection took 0.12 seconds
[titan] 2026-09-21 05:03:04,027 - torchtitan.observability.metrics - INFO - [31mstep: 100  [32mloss:  2.37348  [38;2;180;60;0mgrad_norm:  0.6438  [38;2;54;234;195mmemory:  0.29GiB(0.21%)  [34mtps: 511  [36mtflops: 0.08  [35mmfu: 0.01%[39m
[titan] 2026-09-21 05:03:04,027 - torchtitan.observability.metrics - INFO - [31mstep: 100  [32mloss:  2.37348  [38;2;180;60;0mgrad_norm:  0.6438  [38;2;54;234;195mmemory:  0.29GiB(0.21%)  [34mtps: 511  [36mtflops: 0.08  [35mmfu: 0.01%[39m
[titan] 2026-09-21 05:03:04,027 - torchtitan.components.checkpointer.dcp - INFO - Saving the checkpointer.
[titan] 2026-09-21 05:03:04,027 - torchtitan.components.checkpointer.dcp - INFO - Saving the checkpointer.
[titan] 2026-09-21 05:03:04,033 - torchtitan.observability.metrics - INFO - [31mstep: 100  [32mloss: -2.00000  [38;2;180;60;0mgrad_norm:  0.6438  [38;2;54;234;195mmemory:  0.32GiB(0.23%)  [34mtps: 511  [36mtflops: 0.08  [35mmfu: 0.01%[39m
[titan] 2026-09-21 05:03:04,033 - torchtitan.observability.metrics - INFO - [31mstep: 100  [32mloss: -2.00000  [38;2;180;60;0mgrad_norm:  0.6438  [38;2;54;234;195mmemory:  0.32GiB(0.23%)  [34mtps: 511  [36mtflops: 0.08  [35mmfu: 0.01%[39m
[titan] 2026-09-21 05:03:04,033 - torchtitan.components.checkpointer.dcp - INFO - Saving the checkpointer.
[titan] 2026-09-21 05:03:04,033 - torchtitan.components.checkpointer.dcp - INFO - Saving the checkpointer.
[titan] 2026-09-21 05:03:04,036 - torchtitan.components.checkpointer.dcp - INFO - Saving a model only checkpoint in torch.float32 at last step, step 100.
[titan] 2026-09-21 05:03:04,036 - torchtitan.components.checkpointer.dcp - INFO - Saving a model only checkpoint in torch.float32 at last step, step 100.
[titan] 2026-09-21 05:03:04,052 - torchtitan.components.checkpointer.dcp - INFO - Saving a model only checkpoint in torch.float32 at last step, step 100.
[titan] 2026-09-21 05:03:04,052 - torchtitan.components.checkpointer.dcp - INFO - Saving a model only checkpoint in torch.float32 at last step, step 100.
[titan] 2026-09-21 05:03:04,238 - torchtitan.tools.utils - INFO - [GC] GC collection invoked by checkpointer. took 0.00 seconds
[titan] 2026-09-21 05:03:04,239 - torchtitan.components.checkpointer.dcp - INFO - Last step checkpoint completed in 0.21s
[titan] 2026-09-21 05:03:04,239 - torchtitan.trainer - INFO - Sleeping 2 seconds for other ranks to complete
[titan] 2026-09-21 05:03:04,240 - torchtitan.tools.utils - INFO - [GC] GC collection invoked by checkpointer. took 0.00 seconds
[titan] 2026-09-21 05:03:04,240 - torchtitan.tools.utils - INFO - [GC] GC collection invoked by checkpointer. took 0.00 seconds
[titan] 2026-09-21 05:03:04,241 - torchtitan.components.checkpointer.dcp - INFO - Last step checkpoint completed in 0.21s
[titan] 2026-09-21 05:03:04,241 - torchtitan.tools.utils - INFO - [GC] GC collection invoked by checkpointer. took 0.00 seconds
[titan] 2026-09-21 05:03:04,241 - torchtitan.trainer - INFO - Training completed
[titan] 2026-09-21 05:03:04,241 - torchtitan.components.checkpointer.dcp - INFO - Last step checkpoint completed in 0.21s
[titan] 2026-09-21 05:03:04,241 - torchtitan.trainer - INFO - Training completed
[titan] 2026-09-21 05:03:04,242 - torchtitan.components.checkpointer.dcp - INFO - Last step checkpoint completed in 0.21s
[titan] 2026-09-21 05:03:04,242 - torchtitan.trainer - INFO - Training completed
[titan] 2026-09-21 05:03:04,246 - torchtitan.components.checkpointer.base - INFO - Destroying the purge thread.
[titan] 2026-09-21 05:03:04,247 - torchtitan.components.checkpointer.base - INFO - Destroying the purge thread.
[titan] 2026-09-21 05:03:04,247 - torchtitan.components.checkpointer.base - INFO - Destroying the purge thread.
[titan] 2026-09-21 05:03:06,239 - torchtitan.trainer - INFO - Training completed
[titan] 2026-09-21 05:03:06,244 - torchtitan.components.checkpointer.base - INFO - Destroying the purge thread.
[titan] 2026-09-21 05:03:08,233 - __main__ - INFO - Process group destroyed
[titan] 2026-09-21 05:03:08,242 - __main__ - INFO - Process group destroyed
[titan] 2026-09-21 05:03:08,250 - __main__ - INFO - Process group destroyed
[titan] 2026-09-21 05:03:08,268 - __main__ - INFO - Process group destroyed
