W0921 05:42:24.978000 30352 torch/distributed/run.py:982] 
W0921 05:42:24.978000 30352 torch/distributed/run.py:982] *****************************************
W0921 05:42:24.978000 30352 torch/distributed/run.py:982] Setting OMP_NUM_THREADS environment variable for each process to be 1 in default, to avoid your system being overloaded, please further tune the variable for optimal performance in your application as needed. 
W0921 05:42:24.978000 30352 torch/distributed/run.py:982] *****************************************
WARNING:absl:Failed to load jax profiler: No module named 'jax'
WARNING:absl:Failed to load jax profiler: No module named 'jax'
WARNING:absl:Failed to load jax profiler: No module named 'jax'
WARNING:absl:Failed to load jax profiler: No module named 'jax'
[titan] 2026-09-21 05:42:30,861 - __main__ - INFO - torchtitan version: 0.0.0+unknown (0.0.0 means __version__ is not defined correctly).
[titan] 2026-09-21 05:42:31,198 - __main__ - INFO - torchtitan version: 0.0.0+unknown (0.0.0 means __version__ is not defined correctly).
[titan] 2026-09-21 05:42:31,203 - __main__ - INFO - torchtitan version: 0.0.0+unknown (0.0.0 means __version__ is not defined correctly).
[titan] 2026-09-21 05:42:31,317 - __main__ - INFO - torchtitan version: 0.0.0+unknown (0.0.0 means __version__ is not defined correctly).
[titan] 2026-09-21 05:42:31,481 - torchtitan.components.checkpointer.base - WARNING - initial_load_model_only=True has no effect without an initial_load_path.
[titan] 2026-09-21 05:42:31,562 - torchtitan.components.checkpointer.base - WARNING - initial_load_model_only=True has no effect without an initial_load_path.
[titan] 2026-09-21 05:42:31,565 - torchtitan.observability.structured_logger.jsonl_handler - INFO - Structured logging -> JSONL: /workspace/results/pp_r3/d2_vp2c_w/structured_logs/training.global_rank_2.20260921-054231-W69ZYT.jsonl
[titan] 2026-09-21 05:42:31,789 - torchtitan.distributed.utils - WARNING - ENV[TORCH_NCCL_ASYNC_ERROR_HANDLING] = 1 will be overridden to 3 based on job config
[titan] 2026-09-21 05:42:31,846 - torchtitan.components.checkpointer.base - WARNING - initial_load_model_only=True has no effect without an initial_load_path.
[titan] 2026-09-21 05:42:31,857 - torchtitan.components.checkpointer.base - WARNING - initial_load_model_only=True has no effect without an initial_load_path.
[titan] 2026-09-21 05:42:31,927 - torchtitan.components.checkpointer.base - WARNING - initial_load_model_only=True has no effect without an initial_load_path.
[titan] 2026-09-21 05:42:31,929 - torchtitan.observability.structured_logger.jsonl_handler - INFO - Structured logging -> JSONL: /workspace/results/pp_r3/d2_vp2c_w/structured_logs/training.global_rank_0.20260921-054231-UMTBYD.jsonl
[titan] 2026-09-21 05:42:31,941 - torchtitan.components.checkpointer.base - WARNING - initial_load_model_only=True has no effect without an initial_load_path.
[titan] 2026-09-21 05:42:31,944 - torchtitan.observability.structured_logger.jsonl_handler - INFO - Structured logging -> JSONL: /workspace/results/pp_r3/d2_vp2c_w/structured_logs/training.global_rank_3.20260921-054231-WMJDBU.jsonl
[titan] 2026-09-21 05:42:32,036 - torchtitan.components.checkpointer.base - WARNING - initial_load_model_only=True has no effect without an initial_load_path.
[titan] 2026-09-21 05:42:32,117 - torchtitan.components.checkpointer.base - WARNING - initial_load_model_only=True has no effect without an initial_load_path.
[titan] 2026-09-21 05:42:32,120 - torchtitan.observability.structured_logger.jsonl_handler - INFO - Structured logging -> JSONL: /workspace/results/pp_r3/d2_vp2c_w/structured_logs/training.global_rank_1.20260921-054232-H2KQSD.jsonl
[titan] 2026-09-21 05:42:32,373 - torchtitan.distributed.utils - WARNING - ENV[TORCH_NCCL_ASYNC_ERROR_HANDLING] = 1 will be overridden to 3 based on job config
[titan] 2026-09-21 05:42:32,400 - torchtitan.distributed.utils - WARNING - ENV[TORCH_NCCL_ASYNC_ERROR_HANDLING] = 1 will be overridden to 3 based on job config
[titan] 2026-09-21 05:42:32,458 - torchtitan.distributed.utils - WARNING - ENV[TORCH_NCCL_ASYNC_ERROR_HANDLING] = 1 will be overridden to 3 based on job config
[titan] 2026-09-21 05:42:32,993 - torchtitan.tools.utils - INFO - [GC] Initial GC collection took 0.00 seconds
[titan] 2026-09-21 05:42:32,993 - torchtitan.distributed.utils - INFO - Deterministic algorithm enabled (expect perf degradation).
[titan] 2026-09-21 05:42:32,993 - torchtitan.tools.utils - INFO - [GC] Initial GC collection took 0.00 seconds
[titan] 2026-09-21 05:42:32,994 - torchtitan.distributed.utils - INFO - Deterministic algorithm enabled (expect perf degradation).
[titan] 2026-09-21 05:42:32,994 - torchtitan.tools.utils - INFO - [GC] Initial GC collection took 0.00 seconds
[titan] 2026-09-21 05:42:32,994 - torchtitan.distributed.utils - INFO - Deterministic algorithm enabled (expect perf degradation).
[titan] 2026-09-21 05:42:33,002 - torchtitan.tools.utils - INFO - [GC] Initial GC collection took 0.00 seconds
[titan] 2026-09-21 05:42:33,002 - torchtitan.distributed.utils - INFO - Deterministic algorithm enabled (expect perf degradation).
[titan] 2026-09-21 05:42:33,007 - torchtitan.distributed.parallel_dims - INFO - Building device mesh with parallelism: pp=2, dp_replicate=1, dp_shard=2, cp=1, tp=1, ep=1
[titan] 2026-09-21 05:42:33,008 - torchtitan.distributed.parallel_dims - INFO - Building device mesh with parallelism: pp=2, dp_replicate=1, dp_shard=2, cp=1, tp=1, ep=1
[titan] 2026-09-21 05:42:33,008 - torchtitan.distributed.parallel_dims - INFO - Building device mesh with parallelism: pp=2, dp_replicate=1, dp_shard=2, cp=1, tp=1, ep=1
[titan] 2026-09-21 05:42:33,016 - torchtitan.distributed.parallel_dims - INFO - Building device mesh with parallelism: pp=2, dp_replicate=1, dp_shard=2, cp=1, tp=1, ep=1
[titan] 2026-09-21 05:42:33,927 - torchtitan.distributed.parallel_dims - INFO - Successfully created meshes with active dimensions: ['pp', 'loss', 'dp', 'dp_shard']
[titan] 2026-09-21 05:42:33,927 - torchtitan.distributed.parallel_dims - INFO - Successfully created meshes with active dimensions: ['pp', 'loss', 'dp', 'dp_shard']
[titan] 2026-09-21 05:42:33,927 - torchtitan.distributed.parallel_dims - INFO - Successfully created meshes with active dimensions: ['pp', 'loss', 'dp', 'dp_shard']
[titan] 2026-09-21 05:42:33,927 - torchtitan.distributed.parallel_dims - INFO - Successfully created meshes with active dimensions: ['pp', 'loss', 'dp', 'dp_shard']
[titan] 2026-09-21 05:42:33,929 - torchtitan.observability.metrics - INFO - CUDA capacity: NVIDIA H200 with 139.80GiB memory
[titan] 2026-09-21 05:42:33,929 - torchtitan.observability.metrics - INFO - CUDA capacity: NVIDIA H200 with 139.80GiB memory
[titan] 2026-09-21 05:42:33,929 - torchtitan.observability.metrics - INFO - CUDA capacity: NVIDIA H200 with 139.80GiB memory
[titan] 2026-09-21 05:42:33,930 - torchtitan.observability.metrics - INFO - CUDA capacity: NVIDIA H200 with 139.80GiB memory
[titan] 2026-09-21 05:42:33,942 - torchtitan.tools.utils - WARNING - Error running lspci: [Errno 2] No such file or directory: 'lspci', fallback to use device_name
[titan] 2026-09-21 05:42:33,942 - torchtitan.components.tokenizer - INFO - Loading tokenizer from tokenizer.json
[titan] 2026-09-21 05:42:33,942 - torchtitan.tools.utils - WARNING - Error running lspci: [Errno 2] No such file or directory: 'lspci', fallback to use device_name
[titan] 2026-09-21 05:42:33,943 - torchtitan.tools.utils - WARNING - Error running lspci: [Errno 2] No such file or directory: 'lspci', fallback to use device_name
[titan] 2026-09-21 05:42:33,943 - torchtitan.tools.utils - WARNING - Error running lspci: [Errno 2] No such file or directory: 'lspci', fallback to use device_name
[titan] 2026-09-21 05:42:33,943 - torchtitan.components.tokenizer - INFO - Loading tokenizer from tokenizer.json
[titan] 2026-09-21 05:42:33,943 - torchtitan.components.tokenizer - INFO - Loading tokenizer from tokenizer.json
[titan] 2026-09-21 05:42:33,943 - torchtitan.components.tokenizer - INFO - Loading tokenizer from tokenizer.json
[titan] 2026-09-21 05:42:34,692 - httpx - INFO - HTTP Request: HEAD https://s3.amazonaws.com/datasets.huggingface.co/datasets/datasets/json/json.py "HTTP/1.1 200 OK"
[titan] 2026-09-21 05:42:34,698 - httpx - INFO - HTTP Request: HEAD https://s3.amazonaws.com/datasets.huggingface.co/datasets/datasets/json/json.py "HTTP/1.1 200 OK"
[titan] 2026-09-21 05:42:34,701 - httpx - INFO - HTTP Request: HEAD https://s3.amazonaws.com/datasets.huggingface.co/datasets/datasets/json/json.py "HTTP/1.1 200 OK"
[titan] 2026-09-21 05:42:34,701 - torchtitan.protocols.state_dict_adapter - WARNING - model.safetensors.index.json not found at hf_assets_path: ./tests/assets/tokenizer/model.safetensors.index.json.                     Defaulting to saving a single safetensors file if checkpoint is saved in HF format
[titan] 2026-09-21 05:42:34,709 - torchtitan.protocols.state_dict_adapter - WARNING - model.safetensors.index.json not found at hf_assets_path: ./tests/assets/tokenizer/model.safetensors.index.json.                     Defaulting to saving a single safetensors file if checkpoint is saved in HF format
[titan] 2026-09-21 05:42:34,710 - torchtitan.protocols.state_dict_adapter - WARNING - model.safetensors.index.json not found at hf_assets_path: ./tests/assets/tokenizer/model.safetensors.index.json.                     Defaulting to saving a single safetensors file if checkpoint is saved in HF format
[titan] 2026-09-21 05:42:34,713 - httpx - INFO - HTTP Request: HEAD https://s3.amazonaws.com/datasets.huggingface.co/datasets/datasets/json/json.py "HTTP/1.1 200 OK"
[titan] 2026-09-21 05:42:34,723 - torchtitan.protocols.state_dict_adapter - WARNING - model.safetensors.index.json not found at hf_assets_path: ./tests/assets/tokenizer/model.safetensors.index.json.                     Defaulting to saving a single safetensors file if checkpoint is saved in HF format
[titan] 2026-09-21 05:42:34,814 - torchtitan.models.utils - INFO - Total parameter count: 25,776,880, active parameters: 17,236,208
[titan] 2026-09-21 05:42:34,827 - torchtitan.models.utils - INFO - Total parameter count: 25,776,880, active parameters: 17,236,208
[titan] 2026-09-21 05:42:34,830 - torchtitan.models.utils - INFO - Total parameter count: 25,776,880, active parameters: 17,236,208
[titan] 2026-09-21 05:42:34,836 - torchtitan.models.utils - INFO - Total parameter count: 25,776,880, active parameters: 17,236,208
[rank0]:W0921 05:42:34.883000 30421 torch/_logging/_internal.py:1394] Pipeline parallelism is using an eager NCCL communicator. Consider creating its process group with backend="nccl-lazy" so peer communicators are initialized lazily and traffic to different peers can overlap.
[titan] 2026-09-21 05:42:34,883 - torchtitan.distributed.pipeline_parallel - INFO - PP rank 0 is building stage_idx 0 with modules ['vision_encoder', 'tok_embeddings', 'layers.0', 'layers.1', 'layers.2', 'layers.3']
[rank1]:W0921 05:42:34.898000 30422 torch/_logging/_internal.py:1394] Pipeline parallelism is using an eager NCCL communicator. Consider creating its process group with backend="nccl-lazy" so peer communicators are initialized lazily and traffic to different peers can overlap.
[titan] 2026-09-21 05:42:34,898 - torchtitan.distributed.pipeline_parallel - INFO - PP rank 0 is building stage_idx 0 with modules ['vision_encoder', 'tok_embeddings', 'layers.0', 'layers.1', 'layers.2', 'layers.3']
[rank2]:W0921 05:42:34.899000 30423 torch/_logging/_internal.py:1394] Pipeline parallelism is using an eager NCCL communicator. Consider creating its process group with backend="nccl-lazy" so peer communicators are initialized lazily and traffic to different peers can overlap.
[titan] 2026-09-21 05:42:34,900 - torchtitan.distributed.pipeline_parallel - INFO - PP rank 1 is building stage_idx 1 with modules ['layers.4', 'layers.5', 'layers.6', 'layers.7', 'layers.8']
[rank3]:W0921 05:42:34.910000 30424 torch/_logging/_internal.py:1394] Pipeline parallelism is using an eager NCCL communicator. Consider creating its process group with backend="nccl-lazy" so peer communicators are initialized lazily and traffic to different peers can overlap.
[titan] 2026-09-21 05:42:34,911 - torchtitan.distributed.pipeline_parallel - INFO - PP rank 1 is building stage_idx 1 with modules ['layers.4', 'layers.5', 'layers.6', 'layers.7', 'layers.8']
[titan] 2026-09-21 05:42:34,949 - torchtitan.distributed.pipeline_parallel - INFO - PP rank 0 is building stage_idx 2 with modules ['layers.9', 'layers.10', 'layers.11', 'layers.12', 'layers.13']
[titan] 2026-09-21 05:42:34,966 - torchtitan.distributed.pipeline_parallel - INFO - PP rank 0 is building stage_idx 2 with modules ['layers.9', 'layers.10', 'layers.11', 'layers.12', 'layers.13']
[titan] 2026-09-21 05:42:34,966 - torchtitan.distributed.pipeline_parallel - INFO - PP rank 1 is building stage_idx 3 with modules ['layers.14', 'layers.15', 'layers.16', 'norm', 'lm_head', 'output_res_proj', 'output_res_norm']
[titan] 2026-09-21 05:42:34,972 - torchtitan.distributed.activation_checkpoint - INFO - Applied SelectiveAC activation checkpointing to the model
[titan] 2026-09-21 05:42:34,972 - torchtitan.distributed.activation_checkpoint - INFO - Applied SelectiveAC activation checkpointing to the model
[titan] 2026-09-21 05:42:34,977 - torchtitan.distributed.pipeline_parallel - INFO - PP rank 1 is building stage_idx 3 with modules ['layers.14', 'layers.15', 'layers.16', 'norm', 'lm_head', 'output_res_proj', 'output_res_norm']
[titan] 2026-09-21 05:42:34,993 - torchtitan.distributed.activation_checkpoint - INFO - Applied SelectiveAC activation checkpointing to the model
[titan] 2026-09-21 05:42:34,995 - torchtitan.distributed.activation_checkpoint - INFO - Applied SelectiveAC activation checkpointing to the model
[titan] 2026-09-21 05:42:34,995 - torchtitan.distributed.activation_checkpoint - INFO - Applied SelectiveAC activation checkpointing to the model
[titan] 2026-09-21 05:42:35,005 - torchtitan.distributed.activation_checkpoint - INFO - Applied SelectiveAC activation checkpointing to the model
[titan] 2026-09-21 05:42:35,086 - torchtitan.distributed.fsdp - INFO - Applied FSDP to the model
[titan] 2026-09-21 05:42:35,095 - torchtitan.distributed.fsdp - INFO - Applied FSDP to the model
[titan] 2026-09-21 05:42:35,101 - torchtitan.distributed.fsdp - INFO - Applied FSDP to the model
[titan] 2026-09-21 05:42:35,104 - torchtitan.distributed.activation_checkpoint - INFO - Applied SelectiveAC activation checkpointing to the model
[titan] 2026-09-21 05:42:35,106 - torchtitan.distributed.activation_checkpoint - INFO - Applied SelectiveAC activation checkpointing to the model
[titan] 2026-09-21 05:42:35,115 - torchtitan.distributed.fsdp - INFO - Applied FSDP to the model
[titan] 2026-09-21 05:42:35,115 - torchtitan.distributed.activation_checkpoint - INFO - Applied SelectiveAC activation checkpointing to the model
[titan] 2026-09-21 05:42:35,132 - torchtitan.distributed.fsdp - INFO - Applied FSDP to the model
[titan] 2026-09-21 05:42:35,132 - torchtitan.distributed.pipeline_parallel - INFO - Using pipeline schedule Interleaved1F1B with 4 microbatches and 4 stages.
[titan] 2026-09-21 05:42:35,132 - torchtitan.models.kimi_k3.pipeline_parallel - INFO - Kimi K3 pipeline: 2 stage(s) on this rank [1, 3], block transport delta with rank store
[titan] 2026-09-21 05:42:35,134 - torchtitan.distributed.activation_checkpoint - INFO - Applied SelectiveAC activation checkpointing to the model
[titan] 2026-09-21 05:42:35,141 - torchtitan.distributed.fsdp - INFO - Applied FSDP to the model
[titan] 2026-09-21 05:42:35,142 - torchtitan.distributed.pipeline_parallel - INFO - Using pipeline schedule Interleaved1F1B with 4 microbatches and 4 stages.
[titan] 2026-09-21 05:42:35,142 - torchtitan.models.kimi_k3.pipeline_parallel - INFO - Kimi K3 pipeline: 2 stage(s) on this rank [1, 3], block transport delta with rank store
[titan] 2026-09-21 05:42:35,142 - torchtitan.distributed.fsdp - INFO - Applied FSDP to the model
[titan] 2026-09-21 05:42:35,143 - torchtitan.distributed.pipeline_parallel - INFO - Using pipeline schedule Interleaved1F1B with 4 microbatches and 4 stages.
[titan] 2026-09-21 05:42:35,143 - torchtitan.models.kimi_k3.pipeline_parallel - INFO - Kimi K3 pipeline: 2 stage(s) on this rank [0, 2], block transport delta with rank store
[titan] 2026-09-21 05:42:35,172 - torchtitan.distributed.fsdp - INFO - Applied FSDP to the model
[titan] 2026-09-21 05:42:35,173 - torchtitan.distributed.pipeline_parallel - INFO - Using pipeline schedule Interleaved1F1B with 4 microbatches and 4 stages.
[titan] 2026-09-21 05:42:35,173 - torchtitan.models.kimi_k3.pipeline_parallel - INFO - Kimi K3 pipeline: 2 stage(s) on this rank [0, 2], block transport delta with rank store
[titan] 2026-09-21 05:42:35,792 - torchtitan.training_engine - INFO - Model kimi_k3 debugmodel size: 25,776,880 total parameters
[titan] 2026-09-21 05:42:35,793 - torchtitan.training_engine - INFO - Model kimi_k3 debugmodel size: 25,776,880 total parameters
[titan] 2026-09-21 05:42:35,794 - torchtitan.components.optimizer.optimizer - INFO - Optimizer AdamW (model_part=0): 139 params [.*] {'fused': True, 'foreach': False, 'lr': 0.0008, 'betas': (0.9, 0.95), 'eps': 1e-08, 'weight_decay': 0.1}
[titan] 2026-09-21 05:42:35,794 - torchtitan.components.optimizer.optimizer - INFO - Optimizer AdamW (model_part=1): 79 params [.*] {'fused': True, 'foreach': False, 'lr': 0.0008, 'betas': (0.9, 0.95), 'eps': 1e-08, 'weight_decay': 0.1}
[titan] 2026-09-21 05:42:35,795 - torchtitan.components.optimizer.optimizer - INFO - Optimizer AdamW (model_part=0): 139 params [.*] {'fused': True, 'foreach': False, 'lr': 0.0008, 'betas': (0.9, 0.95), 'eps': 1e-08, 'weight_decay': 0.1}
[titan] 2026-09-21 05:42:35,795 - torchtitan.components.optimizer.optimizer - INFO - Optimizer AdamW (model_part=1): 79 params [.*] {'fused': True, 'foreach': False, 'lr': 0.0008, 'betas': (0.9, 0.95), 'eps': 1e-08, 'weight_decay': 0.1}
[titan] 2026-09-21 05:42:35,795 - torchtitan.components.checkpointer.base - WARNING - initial_load_model_only=True has no effect without an initial_load_path.
[titan] 2026-09-21 05:42:35,797 - torchtitan.components.checkpointer.base - WARNING - initial_load_model_only=True has no effect without an initial_load_path.
[titan] 2026-09-21 05:42:35,815 - torchtitan.components.checkpointer.dcp - INFO - Checkpointing active. Checkpoints will be loaded from and saved to /workspace/results/pp_r3/d2_vp2c_w/checkpoint
[titan] 2026-09-21 05:42:35,816 - torchtitan.observability.metrics - WARNING - [31mPipeline Parallel loss is not visible. Please add [33mrank 2[31m to LOG_RANK environment variable in run_train.sh.[39m
[titan] 2026-09-21 05:42:35,816 - torchtitan.trainer - INFO - Peak FLOPS used for computing MFU: 9.890e+14
[titan] 2026-09-21 05:42:35,816 - torchtitan.trainer - INFO - CUDA memory usage for model: 0.01GiB(0.01%)
[titan] 2026-09-21 05:42:35,816 - torchtitan.trainer - INFO - Trainer is initialized with 1024 tokens per DP rank, 2048 tokens per train step, gradient accumulation steps 1, maximum context length 2048, total steps 100 (warmup 2)
[titan] 2026-09-21 05:42:35,816 - torchtitan.components.checkpointer.base - INFO - Loading the checkpoint from /workspace/results/pp_r3/d2_vp2c_w/checkpoint/step-0.
[titan] 2026-09-21 05:42:35,817 - torchtitan.components.checkpointer.dcp - INFO - Checkpointing active. Checkpoints will be loaded from and saved to /workspace/results/pp_r3/d2_vp2c_w/checkpoint
[titan] 2026-09-21 05:42:35,818 - torchtitan.observability.metrics - WARNING - [31mPipeline Parallel loss is not visible. Please add [33mrank 2[31m to LOG_RANK environment variable in run_train.sh.[39m
[titan] 2026-09-21 05:42:35,818 - torchtitan.trainer - INFO - Peak FLOPS used for computing MFU: 9.890e+14
[titan] 2026-09-21 05:42:35,818 - torchtitan.trainer - INFO - CUDA memory usage for model: 0.01GiB(0.01%)
[titan] 2026-09-21 05:42:35,818 - torchtitan.trainer - INFO - Trainer is initialized with 1024 tokens per DP rank, 2048 tokens per train step, gradient accumulation steps 1, maximum context length 2048, total steps 100 (warmup 2)
[titan] 2026-09-21 05:42:35,819 - torchtitan.components.checkpointer.base - INFO - Loading the checkpoint from /workspace/results/pp_r3/d2_vp2c_w/checkpoint/step-0.
[titan] 2026-09-21 05:42:35,971 - torchtitan.training_engine - INFO - Model kimi_k3 debugmodel size: 25,776,880 total parameters
[titan] 2026-09-21 05:42:35,971 - torchtitan.training_engine - INFO - Model kimi_k3 debugmodel size: 25,776,880 total parameters
[titan] 2026-09-21 05:42:35,972 - torchtitan.components.optimizer.optimizer - INFO - Optimizer AdamW (model_part=0): 124 params [.*] {'fused': True, 'foreach': False, 'lr': 0.0008, 'betas': (0.9, 0.95), 'eps': 1e-08, 'weight_decay': 0.1}
[titan] 2026-09-21 05:42:35,972 - torchtitan.components.optimizer.optimizer - INFO - Optimizer AdamW (model_part=0): 124 params [.*] {'fused': True, 'foreach': False, 'lr': 0.0008, 'betas': (0.9, 0.95), 'eps': 1e-08, 'weight_decay': 0.1}
[titan] 2026-09-21 05:42:35,973 - torchtitan.components.optimizer.optimizer - INFO - Optimizer AdamW (model_part=1): 139 params [.*] {'fused': True, 'foreach': False, 'lr': 0.0008, 'betas': (0.9, 0.95), 'eps': 1e-08, 'weight_decay': 0.1}
[titan] 2026-09-21 05:42:35,973 - torchtitan.components.optimizer.optimizer - INFO - Optimizer AdamW (model_part=1): 139 params [.*] {'fused': True, 'foreach': False, 'lr': 0.0008, 'betas': (0.9, 0.95), 'eps': 1e-08, 'weight_decay': 0.1}
[titan] 2026-09-21 05:42:35,974 - torchtitan.components.checkpointer.base - WARNING - initial_load_model_only=True has no effect without an initial_load_path.
[titan] 2026-09-21 05:42:35,975 - torchtitan.components.checkpointer.base - WARNING - initial_load_model_only=True has no effect without an initial_load_path.
[titan] 2026-09-21 05:42:35,997 - torchtitan.components.checkpointer.dcp - INFO - Checkpointing active. Checkpoints will be loaded from and saved to /workspace/results/pp_r3/d2_vp2c_w/checkpoint
[titan] 2026-09-21 05:42:35,997 - torchtitan.observability.metrics - WARNING - [31mPipeline Parallel loss is not visible. Please add [33mrank 2[31m to LOG_RANK environment variable in run_train.sh.[39m
[titan] 2026-09-21 05:42:35,997 - torchtitan.trainer - INFO - Peak FLOPS used for computing MFU: 9.890e+14
[titan] 2026-09-21 05:42:35,997 - torchtitan.trainer - INFO - CUDA memory usage for model: 0.02GiB(0.01%)
[titan] 2026-09-21 05:42:35,997 - torchtitan.trainer - INFO - Trainer is initialized with 1024 tokens per DP rank, 2048 tokens per train step, gradient accumulation steps 1, maximum context length 2048, total steps 100 (warmup 2)
[titan] 2026-09-21 05:42:35,998 - torchtitan.components.checkpointer.base - INFO - Loading the checkpoint from /workspace/results/pp_r3/d2_vp2c_w/checkpoint/step-0.
[titan] 2026-09-21 05:42:35,998 - torchtitan.components.checkpointer.dcp - INFO - Checkpointing active. Checkpoints will be loaded from and saved to /workspace/results/pp_r3/d2_vp2c_w/checkpoint
[titan] 2026-09-21 05:42:35,998 - torchtitan.observability.metrics - WARNING - [31mPipeline Parallel loss is not visible. Please add [33mrank 2[31m to LOG_RANK environment variable in run_train.sh.[39m
[titan] 2026-09-21 05:42:35,998 - torchtitan.trainer - INFO - Peak FLOPS used for computing MFU: 9.890e+14
[titan] 2026-09-21 05:42:35,998 - torchtitan.trainer - INFO - CUDA memory usage for model: 0.02GiB(0.01%)
[titan] 2026-09-21 05:42:35,998 - torchtitan.trainer - INFO - Trainer is initialized with 1024 tokens per DP rank, 2048 tokens per train step, gradient accumulation steps 1, maximum context length 2048, total steps 100 (warmup 2)
[titan] 2026-09-21 05:42:35,999 - torchtitan.components.checkpointer.base - INFO - Loading the checkpoint from /workspace/results/pp_r3/d2_vp2c_w/checkpoint/step-0.
[titan] 2026-09-21 05:42:37,240 - torchtitan.tools.utils - INFO - [GC] GC collection for checkpoint loading. took 0.02 seconds
[titan] 2026-09-21 05:42:37,240 - torchtitan.components.checkpointer.base - INFO - Finished loading the checkpoint in 1.42 seconds.
[titan] 2026-09-21 05:42:37,241 - torchtitan.trainer - INFO - Training starts at step 1
[titan] 2026-09-21 05:42:37,241 - torchtitan.tools.utils - INFO - [GC] GC collection for checkpoint loading. took 0.01 seconds
[titan] 2026-09-21 05:42:37,241 - torchtitan.components.checkpointer.base - INFO - Finished loading the checkpoint in 1.42 seconds.
[titan] 2026-09-21 05:42:37,241 - torchtitan.trainer - INFO - Training starts at step 1
[titan] 2026-09-21 05:42:37,252 - torchtitan.tools.utils - INFO - [GC] GC collection for checkpoint loading. took 0.02 seconds
[titan] 2026-09-21 05:42:37,252 - torchtitan.components.checkpointer.base - INFO - Finished loading the checkpoint in 1.25 seconds.
[titan] 2026-09-21 05:42:37,253 - torchtitan.trainer - INFO - Training starts at step 1
[titan] 2026-09-21 05:42:37,253 - torchtitan.tools.utils - INFO - [GC] GC collection for checkpoint loading. took 0.02 seconds
[titan] 2026-09-21 05:42:37,253 - torchtitan.components.checkpointer.base - INFO - Finished loading the checkpoint in 1.25 seconds.
[titan] 2026-09-21 05:42:37,253 - torchtitan.trainer - INFO - Training starts at step 1
/workspace/venv_k3/lib/python3.12/site-packages/torch/distributed/fsdp/_fully_shard/_fsdp_state.py:336: UserWarning: FSDP2-wrapped module (FSDPCheckpointWrapper) returned a view tensor. An in-place op on this view (e.g., `x += y`) will silently drop the pre-backward hook and skip the all-gather, which can cause backward to fail or produce wrong gradients. Use out-of-place ops (`out = out + y`, not `out += y`) or `.clone()` the output before any in-place op.
  output = self._register_pre_backward_hook(output)
/workspace/venv_k3/lib/python3.12/site-packages/torch/distributed/fsdp/_fully_shard/_fsdp_state.py:336: UserWarning: FSDP2-wrapped module (FSDPCheckpointWrapper) returned a view tensor. An in-place op on this view (e.g., `x += y`) will silently drop the pre-backward hook and skip the all-gather, which can cause backward to fail or produce wrong gradients. Use out-of-place ops (`out = out + y`, not `out += y`) or `.clone()` the output before any in-place op.
  output = self._register_pre_backward_hook(output)
/workspace/venv_k3/lib/python3.12/site-packages/torch/distributed/fsdp/_fully_shard/_fsdp_state.py:336: UserWarning: FSDP2-wrapped module (FSDPCheckpointWrapper) returned a view tensor. An in-place op on this view (e.g., `x += y`) will silently drop the pre-backward hook and skip the all-gather, which can cause backward to fail or produce wrong gradients. Use out-of-place ops (`out = out + y`, not `out += y`) or `.clone()` the output before any in-place op.
  output = self._register_pre_backward_hook(output)
/workspace/venv_k3/lib/python3.12/site-packages/torch/distributed/fsdp/_fully_shard/_fsdp_state.py:336: UserWarning: FSDP2-wrapped module (FSDPKimiK3Model) returned a view tensor. An in-place op on this view (e.g., `x += y`) will silently drop the pre-backward hook and skip the all-gather, which can cause backward to fail or produce wrong gradients. Use out-of-place ops (`out = out + y`, not `out += y`) or `.clone()` the output before any in-place op.
  output = self._register_pre_backward_hook(output)
/workspace/venv_k3/lib/python3.12/site-packages/torch/distributed/fsdp/_fully_shard/_fsdp_state.py:336: UserWarning: FSDP2-wrapped module (FSDPCheckpointWrapper) returned a view tensor. An in-place op on this view (e.g., `x += y`) will silently drop the pre-backward hook and skip the all-gather, which can cause backward to fail or produce wrong gradients. Use out-of-place ops (`out = out + y`, not `out += y`) or `.clone()` the output before any in-place op.
  output = self._register_pre_backward_hook(output)
/workspace/venv_k3/lib/python3.12/site-packages/torch/distributed/fsdp/_fully_shard/_fsdp_state.py:336: UserWarning: FSDP2-wrapped module (FSDPKimiK3Model) returned a view tensor. An in-place op on this view (e.g., `x += y`) will silently drop the pre-backward hook and skip the all-gather, which can cause backward to fail or produce wrong gradients. Use out-of-place ops (`out = out + y`, not `out += y`) or `.clone()` the output before any in-place op.
  output = self._register_pre_backward_hook(output)
/workspace/venv_k3/lib/python3.12/site-packages/torch/distributed/fsdp/_fully_shard/_fsdp_state.py:336: UserWarning: FSDP2-wrapped module (FSDPCheckpointWrapper) returned a view tensor. An in-place op on this view (e.g., `x += y`) will silently drop the pre-backward hook and skip the all-gather, which can cause backward to fail or produce wrong gradients. Use out-of-place ops (`out = out + y`, not `out += y`) or `.clone()` the output before any in-place op.
  output = self._register_pre_backward_hook(output)
/workspace/venv_k3/lib/python3.12/site-packages/torch/distributed/fsdp/_fully_shard/_fsdp_state.py:336: UserWarning: FSDP2-wrapped module (FSDPCheckpointWrapper) returned a view tensor. An in-place op on this view (e.g., `x += y`) will silently drop the pre-backward hook and skip the all-gather, which can cause backward to fail or produce wrong gradients. Use out-of-place ops (`out = out + y`, not `out += y`) or `.clone()` the output before any in-place op.
  output = self._register_pre_backward_hook(output)
/workspace/venv_k3/lib/python3.12/site-packages/torch/distributed/fsdp/_fully_shard/_fsdp_state.py:336: UserWarning: FSDP2-wrapped module (FSDPCheckpointWrapper) returned a view tensor. An in-place op on this view (e.g., `x += y`) will silently drop the pre-backward hook and skip the all-gather, which can cause backward to fail or produce wrong gradients. Use out-of-place ops (`out = out + y`, not `out += y`) or `.clone()` the output before any in-place op.
  output = self._register_pre_backward_hook(output)
/workspace/venv_k3/lib/python3.12/site-packages/torch/distributed/fsdp/_fully_shard/_fsdp_state.py:336: UserWarning: FSDP2-wrapped module (FSDPCheckpointWrapper) returned a view tensor. An in-place op on this view (e.g., `x += y`) will silently drop the pre-backward hook and skip the all-gather, which can cause backward to fail or produce wrong gradients. Use out-of-place ops (`out = out + y`, not `out += y`) or `.clone()` the output before any in-place op.
  output = self._register_pre_backward_hook(output)
[titan] 2026-09-21 05:42:45,203 - torchtitan.observability.metrics - INFO - [31mstep:  1  [32mloss:  8.08199  [38;2;180;60;0mgrad_norm:  1.9483  [38;2;54;234;195mmemory:  0.27GiB(0.19%)  [34mtps: 45  [36mtflops: 0.01  [35mmfu: 0.00%[39m
[titan] 2026-09-21 05:42:45,203 - torchtitan.observability.metrics - INFO - [31mstep:  1  [32mloss:  8.08199  [38;2;180;60;0mgrad_norm:  1.9483  [38;2;54;234;195mmemory:  0.27GiB(0.19%)  [34mtps: 45  [36mtflops: 0.01  [35mmfu: 0.00%[39m
[titan] 2026-09-21 05:42:45,203 - torchtitan.distributed.utils - INFO - Synchronizing and adjusting timeout for all ProcessGroups to 0:01:40
[titan] 2026-09-21 05:42:45,203 - torchtitan.distributed.utils - INFO - Synchronizing and adjusting timeout for all ProcessGroups to 0:01:40
[titan] 2026-09-21 05:42:45,410 - torchtitan.observability.metrics - INFO - [31mstep:  1  [32mloss: -2.00000  [38;2;180;60;0mgrad_norm:  1.9483  [38;2;54;234;195mmemory:  0.29GiB(0.21%)  [34mtps: 45  [36mtflops: 0.01  [35mmfu: 0.00%[39m
[titan] 2026-09-21 05:42:45,410 - torchtitan.observability.metrics - INFO - [31mstep:  1  [32mloss: -2.00000  [38;2;180;60;0mgrad_norm:  1.9483  [38;2;54;234;195mmemory:  0.29GiB(0.21%)  [34mtps: 45  [36mtflops: 0.01  [35mmfu: 0.00%[39m
[titan] 2026-09-21 05:42:45,410 - torchtitan.distributed.utils - INFO - Synchronizing and adjusting timeout for all ProcessGroups to 0:01:40
[titan] 2026-09-21 05:42:45,410 - torchtitan.distributed.utils - INFO - Synchronizing and adjusting timeout for all ProcessGroups to 0:01:40
[titan] 2026-09-21 05:42:46,364 - torchtitan.observability.metrics - INFO - [31mstep:  2  [32mloss:  6.81917  [38;2;180;60;0mgrad_norm:  7.8850  [38;2;54;234;195mmemory:  0.29GiB(0.21%)  [34mtps: 441  [36mtflops: 0.07  [35mmfu: 0.01%[39m
[titan] 2026-09-21 05:42:46,364 - torchtitan.observability.metrics - INFO - [31mstep:  2  [32mloss:  6.81917  [38;2;180;60;0mgrad_norm:  7.8850  [38;2;54;234;195mmemory:  0.29GiB(0.21%)  [34mtps: 441  [36mtflops: 0.07  [35mmfu: 0.01%[39m
[titan] 2026-09-21 05:42:46,370 - torchtitan.observability.metrics - INFO - [31mstep:  2  [32mloss: -2.00000  [38;2;180;60;0mgrad_norm:  7.8850  [38;2;54;234;195mmemory:  0.31GiB(0.22%)  [34mtps: 534  [36mtflops: 0.08  [35mmfu: 0.01%[39m
[titan] 2026-09-21 05:42:46,370 - torchtitan.observability.metrics - INFO - [31mstep:  2  [32mloss: -2.00000  [38;2;180;60;0mgrad_norm:  7.8850  [38;2;54;234;195mmemory:  0.31GiB(0.22%)  [34mtps: 534  [36mtflops: 0.08  [35mmfu: 0.01%[39m
[titan] 2026-09-21 05:42:47,260 - torchtitan.observability.metrics - INFO - [31mstep:  3  [32mloss:  5.45161  [38;2;180;60;0mgrad_norm:  3.2984  [38;2;54;234;195mmemory:  0.29GiB(0.21%)  [34mtps: 572  [36mtflops: 0.09  [35mmfu: 0.01%[39m
[titan] 2026-09-21 05:42:47,260 - torchtitan.observability.metrics - INFO - [31mstep:  3  [32mloss:  5.45161  [38;2;180;60;0mgrad_norm:  3.2984  [38;2;54;234;195mmemory:  0.29GiB(0.21%)  [34mtps: 572  [36mtflops: 0.09  [35mmfu: 0.01%[39m
[titan] 2026-09-21 05:42:47,266 - torchtitan.observability.metrics - INFO - [31mstep:  3  [32mloss: -2.00000  [38;2;180;60;0mgrad_norm:  3.2984  [38;2;54;234;195mmemory:  0.31GiB(0.22%)  [34mtps: 572  [36mtflops: 0.09  [35mmfu: 0.01%[39m
[titan] 2026-09-21 05:42:47,266 - torchtitan.observability.metrics - INFO - [31mstep:  3  [32mloss: -2.00000  [38;2;180;60;0mgrad_norm:  3.2984  [38;2;54;234;195mmemory:  0.31GiB(0.22%)  [34mtps: 572  [36mtflops: 0.09  [35mmfu: 0.01%[39m
[titan] 2026-09-21 05:42:48,148 - torchtitan.observability.metrics - INFO - [31mstep:  4  [32mloss:  4.91867  [38;2;180;60;0mgrad_norm:  2.8086  [38;2;54;234;195mmemory:  0.29GiB(0.21%)  [34mtps: 577  [36mtflops: 0.09  [35mmfu: 0.01%[39m
[titan] 2026-09-21 05:42:48,148 - torchtitan.observability.metrics - INFO - [31mstep:  4  [32mloss:  4.91867  [38;2;180;60;0mgrad_norm:  2.8086  [38;2;54;234;195mmemory:  0.29GiB(0.21%)  [34mtps: 577  [36mtflops: 0.09  [35mmfu: 0.01%[39m
[titan] 2026-09-21 05:42:48,153 - torchtitan.observability.metrics - INFO - [31mstep:  4  [32mloss: -2.00000  [38;2;180;60;0mgrad_norm:  2.8086  [38;2;54;234;195mmemory:  0.31GiB(0.22%)  [34mtps: 577  [36mtflops: 0.09  [35mmfu: 0.01%[39m
[titan] 2026-09-21 05:42:48,153 - torchtitan.observability.metrics - INFO - [31mstep:  4  [32mloss: -2.00000  [38;2;180;60;0mgrad_norm:  2.8086  [38;2;54;234;195mmemory:  0.31GiB(0.22%)  [34mtps: 577  [36mtflops: 0.09  [35mmfu: 0.01%[39m
[titan] 2026-09-21 05:42:49,039 - torchtitan.observability.metrics - INFO - [31mstep:  5  [32mloss:  4.16966  [38;2;180;60;0mgrad_norm:  2.2990  [38;2;54;234;195mmemory:  0.29GiB(0.21%)  [34mtps: 575  [36mtflops: 0.09  [35mmfu: 0.01%[39m
[titan] 2026-09-21 05:42:49,039 - torchtitan.observability.metrics - INFO - [31mstep:  5  [32mloss:  4.16966  [38;2;180;60;0mgrad_norm:  2.2990  [38;2;54;234;195mmemory:  0.29GiB(0.21%)  [34mtps: 575  [36mtflops: 0.09  [35mmfu: 0.01%[39m
[titan] 2026-09-21 05:42:49,046 - torchtitan.observability.metrics - INFO - [31mstep:  5  [32mloss: -2.00000  [38;2;180;60;0mgrad_norm:  2.2990  [38;2;54;234;195mmemory:  0.31GiB(0.22%)  [34mtps: 574  [36mtflops: 0.09  [35mmfu: 0.01%[39m
[titan] 2026-09-21 05:42:49,046 - torchtitan.observability.metrics - INFO - [31mstep:  5  [32mloss: -2.00000  [38;2;180;60;0mgrad_norm:  2.2990  [38;2;54;234;195mmemory:  0.31GiB(0.22%)  [34mtps: 574  [36mtflops: 0.09  [35mmfu: 0.01%[39m
[titan] 2026-09-21 05:42:49,933 - torchtitan.observability.metrics - INFO - [31mstep:  6  [32mloss:  3.97019  [38;2;180;60;0mgrad_norm:  1.9073  [38;2;54;234;195mmemory:  0.29GiB(0.21%)  [34mtps: 572  [36mtflops: 0.09  [35mmfu: 0.01%[39m
[titan] 2026-09-21 05:42:49,933 - torchtitan.observability.metrics - INFO - [31mstep:  6  [32mloss:  3.97019  [38;2;180;60;0mgrad_norm:  1.9073  [38;2;54;234;195mmemory:  0.29GiB(0.21%)  [34mtps: 572  [36mtflops: 0.09  [35mmfu: 0.01%[39m
[titan] 2026-09-21 05:42:49,939 - torchtitan.observability.metrics - INFO - [31mstep:  6  [32mloss: -2.00000  [38;2;180;60;0mgrad_norm:  1.9073  [38;2;54;234;195mmemory:  0.31GiB(0.22%)  [34mtps: 573  [36mtflops: 0.09  [35mmfu: 0.01%[39m
[titan] 2026-09-21 05:42:49,940 - torchtitan.observability.metrics - INFO - [31mstep:  6  [32mloss: -2.00000  [38;2;180;60;0mgrad_norm:  1.9073  [38;2;54;234;195mmemory:  0.31GiB(0.22%)  [34mtps: 573  [36mtflops: 0.09  [35mmfu: 0.01%[39m
[titan] 2026-09-21 05:42:50,824 - torchtitan.observability.metrics - INFO - [31mstep:  7  [32mloss:  3.72045  [38;2;180;60;0mgrad_norm:  1.7642  [38;2;54;234;195mmemory:  0.29GiB(0.21%)  [34mtps: 575  [36mtflops: 0.09  [35mmfu: 0.01%[39m
[titan] 2026-09-21 05:42:50,824 - torchtitan.observability.metrics - INFO - [31mstep:  7  [32mloss:  3.72045  [38;2;180;60;0mgrad_norm:  1.7642  [38;2;54;234;195mmemory:  0.29GiB(0.21%)  [34mtps: 575  [36mtflops: 0.09  [35mmfu: 0.01%[39m
[titan] 2026-09-21 05:42:50,829 - torchtitan.observability.metrics - INFO - [31mstep:  7  [32mloss: -2.00000  [38;2;180;60;0mgrad_norm:  1.7642  [38;2;54;234;195mmemory:  0.31GiB(0.22%)  [34mtps: 575  [36mtflops: 0.09  [35mmfu: 0.01%[39m
[titan] 2026-09-21 05:42:50,830 - torchtitan.observability.metrics - INFO - [31mstep:  7  [32mloss: -2.00000  [38;2;180;60;0mgrad_norm:  1.7642  [38;2;54;234;195mmemory:  0.31GiB(0.22%)  [34mtps: 575  [36mtflops: 0.09  [35mmfu: 0.01%[39m
[titan] 2026-09-21 05:42:51,714 - torchtitan.observability.metrics - INFO - [31mstep:  8  [32mloss:  3.58521  [38;2;180;60;0mgrad_norm:  1.5008  [38;2;54;234;195mmemory:  0.29GiB(0.21%)  [34mtps: 576  [36mtflops: 0.09  [35mmfu: 0.01%[39m
[titan] 2026-09-21 05:42:51,714 - torchtitan.observability.metrics - INFO - [31mstep:  8  [32mloss:  3.58521  [38;2;180;60;0mgrad_norm:  1.5008  [38;2;54;234;195mmemory:  0.29GiB(0.21%)  [34mtps: 575  [36mtflops: 0.09  [35mmfu: 0.01%[39m
[titan] 2026-09-21 05:42:51,719 - torchtitan.observability.metrics - INFO - [31mstep:  8  [32mloss: -2.00000  [38;2;180;60;0mgrad_norm:  1.5008  [38;2;54;234;195mmemory:  0.31GiB(0.22%)  [34mtps: 576  [36mtflops: 0.09  [35mmfu: 0.01%[39m
[titan] 2026-09-21 05:42:51,719 - torchtitan.observability.metrics - INFO - [31mstep:  8  [32mloss: -2.00000  [38;2;180;60;0mgrad_norm:  1.5008  [38;2;54;234;195mmemory:  0.31GiB(0.22%)  [34mtps: 576  [36mtflops: 0.09  [35mmfu: 0.01%[39m
[titan] 2026-09-21 05:42:52,618 - torchtitan.observability.metrics - INFO - [31mstep:  9  [32mloss:  3.51176  [38;2;180;60;0mgrad_norm:  1.4858  [38;2;54;234;195mmemory:  0.29GiB(0.21%)  [34mtps: 567  [36mtflops: 0.09  [35mmfu: 0.01%[39m
[titan] 2026-09-21 05:42:52,618 - torchtitan.observability.metrics - INFO - [31mstep:  9  [32mloss:  3.51176  [38;2;180;60;0mgrad_norm:  1.4858  [38;2;54;234;195mmemory:  0.29GiB(0.21%)  [34mtps: 566  [36mtflops: 0.09  [35mmfu: 0.01%[39m
[titan] 2026-09-21 05:42:52,624 - torchtitan.observability.metrics - INFO - [31mstep:  9  [32mloss: -2.00000  [38;2;180;60;0mgrad_norm:  1.4858  [38;2;54;234;195mmemory:  0.31GiB(0.22%)  [34mtps: 566  [36mtflops: 0.09  [35mmfu: 0.01%[39m
[titan] 2026-09-21 05:42:52,624 - torchtitan.observability.metrics - INFO - [31mstep:  9  [32mloss: -2.00000  [38;2;180;60;0mgrad_norm:  1.4858  [38;2;54;234;195mmemory:  0.31GiB(0.22%)  [34mtps: 566  [36mtflops: 0.09  [35mmfu: 0.01%[39m
[titan] 2026-09-21 05:42:53,519 - torchtitan.observability.metrics - INFO - [31mstep: 10  [32mloss:  3.31158  [38;2;180;60;0mgrad_norm:  1.2211  [38;2;54;234;195mmemory:  0.29GiB(0.21%)  [34mtps: 568  [36mtflops: 0.09  [35mmfu: 0.01%[39m
[titan] 2026-09-21 05:42:53,519 - torchtitan.observability.metrics - INFO - [31mstep: 10  [32mloss:  3.31158  [38;2;180;60;0mgrad_norm:  1.2211  [38;2;54;234;195mmemory:  0.29GiB(0.21%)  [34mtps: 568  [36mtflops: 0.09  [35mmfu: 0.01%[39m
[titan] 2026-09-21 05:42:53,525 - torchtitan.observability.metrics - INFO - [31mstep: 10  [32mloss: -2.00000  [38;2;180;60;0mgrad_norm:  1.2211  [38;2;54;234;195mmemory:  0.31GiB(0.22%)  [34mtps: 568  [36mtflops: 0.09  [35mmfu: 0.01%[39m
[titan] 2026-09-21 05:42:53,525 - torchtitan.observability.metrics - INFO - [31mstep: 10  [32mloss: -2.00000  [38;2;180;60;0mgrad_norm:  1.2211  [38;2;54;234;195mmemory:  0.31GiB(0.22%)  [34mtps: 568  [36mtflops: 0.09  [35mmfu: 0.01%[39m
[titan] 2026-09-21 05:42:54,419 - torchtitan.observability.metrics - INFO - [31mstep: 11  [32mloss:  3.46662  [38;2;180;60;0mgrad_norm:  1.0037  [38;2;54;234;195mmemory:  0.29GiB(0.21%)  [34mtps: 569  [36mtflops: 0.09  [35mmfu: 0.01%[39m
[titan] 2026-09-21 05:42:54,419 - torchtitan.observability.metrics - INFO - [31mstep: 11  [32mloss:  3.46662  [38;2;180;60;0mgrad_norm:  1.0037  [38;2;54;234;195mmemory:  0.29GiB(0.21%)  [34mtps: 569  [36mtflops: 0.09  [35mmfu: 0.01%[39m
[titan] 2026-09-21 05:42:54,425 - torchtitan.observability.metrics - INFO - [31mstep: 11  [32mloss: -2.00000  [38;2;180;60;0mgrad_norm:  1.0037  [38;2;54;234;195mmemory:  0.31GiB(0.22%)  [34mtps: 569  [36mtflops: 0.09  [35mmfu: 0.01%[39m
[titan] 2026-09-21 05:42:54,425 - torchtitan.observability.metrics - INFO - [31mstep: 11  [32mloss: -2.00000  [38;2;180;60;0mgrad_norm:  1.0037  [38;2;54;234;195mmemory:  0.31GiB(0.22%)  [34mtps: 569  [36mtflops: 0.09  [35mmfu: 0.01%[39m
[titan] 2026-09-21 05:42:55,324 - torchtitan.observability.metrics - INFO - [31mstep: 12  [32mloss:  3.31583  [38;2;180;60;0mgrad_norm:  0.9323  [38;2;54;234;195mmemory:  0.29GiB(0.21%)  [34mtps: 566  [36mtflops: 0.09  [35mmfu: 0.01%[39m
[titan] 2026-09-21 05:42:55,324 - torchtitan.observability.metrics - INFO - [31mstep: 12  [32mloss:  3.31583  [38;2;180;60;0mgrad_norm:  0.9323  [38;2;54;234;195mmemory:  0.29GiB(0.21%)  [34mtps: 566  [36mtflops: 0.09  [35mmfu: 0.01%[39m
[titan] 2026-09-21 05:42:55,331 - torchtitan.observability.metrics - INFO - [31mstep: 12  [32mloss: -2.00000  [38;2;180;60;0mgrad_norm:  0.9323  [38;2;54;234;195mmemory:  0.31GiB(0.22%)  [34mtps: 565  [36mtflops: 0.09  [35mmfu: 0.01%[39m
[titan] 2026-09-21 05:42:55,331 - torchtitan.observability.metrics - INFO - [31mstep: 12  [32mloss: -2.00000  [38;2;180;60;0mgrad_norm:  0.9323  [38;2;54;234;195mmemory:  0.31GiB(0.22%)  [34mtps: 565  [36mtflops: 0.09  [35mmfu: 0.01%[39m
[titan] 2026-09-21 05:42:56,225 - torchtitan.observability.metrics - INFO - [31mstep: 13  [32mloss:  3.04469  [38;2;180;60;0mgrad_norm:  1.0233  [38;2;54;234;195mmemory:  0.29GiB(0.21%)  [34mtps: 569  [36mtflops: 0.09  [35mmfu: 0.01%[39m
[titan] 2026-09-21 05:42:56,225 - torchtitan.observability.metrics - INFO - [31mstep: 13  [32mloss:  3.04469  [38;2;180;60;0mgrad_norm:  1.0233  [38;2;54;234;195mmemory:  0.29GiB(0.21%)  [34mtps: 569  [36mtflops: 0.09  [35mmfu: 0.01%[39m
[titan] 2026-09-21 05:42:56,231 - torchtitan.observability.metrics - INFO - [31mstep: 13  [32mloss: -2.00000  [38;2;180;60;0mgrad_norm:  1.0233  [38;2;54;234;195mmemory:  0.31GiB(0.22%)  [34mtps: 569  [36mtflops: 0.09  [35mmfu: 0.01%[39m
[titan] 2026-09-21 05:42:56,231 - torchtitan.observability.metrics - INFO - [31mstep: 13  [32mloss: -2.00000  [38;2;180;60;0mgrad_norm:  1.0233  [38;2;54;234;195mmemory:  0.31GiB(0.22%)  [34mtps: 569  [36mtflops: 0.09  [35mmfu: 0.01%[39m
[titan] 2026-09-21 05:42:57,120 - torchtitan.observability.metrics - INFO - [31mstep: 14  [32mloss:  3.18589  [38;2;180;60;0mgrad_norm:  0.7364  [38;2;54;234;195mmemory:  0.29GiB(0.21%)  [34mtps: 572  [36mtflops: 0.09  [35mmfu: 0.01%[39m
[titan] 2026-09-21 05:42:57,120 - torchtitan.observability.metrics - INFO - [31mstep: 14  [32mloss:  3.18589  [38;2;180;60;0mgrad_norm:  0.7364  [38;2;54;234;195mmemory:  0.29GiB(0.21%)  [34mtps: 572  [36mtflops: 0.09  [35mmfu: 0.01%[39m
[titan] 2026-09-21 05:42:57,126 - torchtitan.observability.metrics - INFO - [31mstep: 14  [32mloss: -2.00000  [38;2;180;60;0mgrad_norm:  0.7364  [38;2;54;234;195mmemory:  0.31GiB(0.22%)  [34mtps: 572  [36mtflops: 0.09  [35mmfu: 0.01%[39m
[titan] 2026-09-21 05:42:57,127 - torchtitan.observability.metrics - INFO - [31mstep: 14  [32mloss: -2.00000  [38;2;180;60;0mgrad_norm:  0.7364  [38;2;54;234;195mmemory:  0.31GiB(0.22%)  [34mtps: 572  [36mtflops: 0.09  [35mmfu: 0.01%[39m
[titan] 2026-09-21 05:42:58,015 - torchtitan.observability.metrics - INFO - [31mstep: 15  [32mloss:  3.07191  [38;2;180;60;0mgrad_norm:  0.6952  [38;2;54;234;195mmemory:  0.29GiB(0.21%)  [34mtps: 572  [36mtflops: 0.09  [35mmfu: 0.01%[39m
[titan] 2026-09-21 05:42:58,015 - torchtitan.observability.metrics - INFO - [31mstep: 15  [32mloss:  3.07191  [38;2;180;60;0mgrad_norm:  0.6952  [38;2;54;234;195mmemory:  0.29GiB(0.21%)  [34mtps: 572  [36mtflops: 0.09  [35mmfu: 0.01%[39m
[titan] 2026-09-21 05:42:58,021 - torchtitan.observability.metrics - INFO - [31mstep: 15  [32mloss: -2.00000  [38;2;180;60;0mgrad_norm:  0.6952  [38;2;54;234;195mmemory:  0.31GiB(0.22%)  [34mtps: 573  [36mtflops: 0.09  [35mmfu: 0.01%[39m
[titan] 2026-09-21 05:42:58,021 - torchtitan.observability.metrics - INFO - [31mstep: 15  [32mloss: -2.00000  [38;2;180;60;0mgrad_norm:  0.6952  [38;2;54;234;195mmemory:  0.31GiB(0.22%)  [34mtps: 573  [36mtflops: 0.09  [35mmfu: 0.01%[39m
[titan] 2026-09-21 05:42:58,919 - torchtitan.observability.metrics - INFO - [31mstep: 16  [32mloss:  2.94665  [38;2;180;60;0mgrad_norm:  0.8765  [38;2;54;234;195mmemory:  0.29GiB(0.21%)  [34mtps: 567  [36mtflops: 0.09  [35mmfu: 0.01%[39m
[titan] 2026-09-21 05:42:58,919 - torchtitan.observability.metrics - INFO - [31mstep: 16  [32mloss:  2.94665  [38;2;180;60;0mgrad_norm:  0.8765  [38;2;54;234;195mmemory:  0.29GiB(0.21%)  [34mtps: 567  [36mtflops: 0.09  [35mmfu: 0.01%[39m
[titan] 2026-09-21 05:42:58,925 - torchtitan.observability.metrics - INFO - [31mstep: 16  [32mloss: -2.00000  [38;2;180;60;0mgrad_norm:  0.8765  [38;2;54;234;195mmemory:  0.31GiB(0.22%)  [34mtps: 567  [36mtflops: 0.09  [35mmfu: 0.01%[39m
[titan] 2026-09-21 05:42:58,925 - torchtitan.observability.metrics - INFO - [31mstep: 16  [32mloss: -2.00000  [38;2;180;60;0mgrad_norm:  0.8765  [38;2;54;234;195mmemory:  0.31GiB(0.22%)  [34mtps: 566  [36mtflops: 0.09  [35mmfu: 0.01%[39m
[titan] 2026-09-21 05:42:59,822 - torchtitan.observability.metrics - INFO - [31mstep: 17  [32mloss:  2.86745  [38;2;180;60;0mgrad_norm:  0.6969  [38;2;54;234;195mmemory:  0.29GiB(0.21%)  [34mtps: 567  [36mtflops: 0.09  [35mmfu: 0.01%[39m
[titan] 2026-09-21 05:42:59,822 - torchtitan.observability.metrics - INFO - [31mstep: 17  [32mloss:  2.86745  [38;2;180;60;0mgrad_norm:  0.6969  [38;2;54;234;195mmemory:  0.29GiB(0.21%)  [34mtps: 567  [36mtflops: 0.09  [35mmfu: 0.01%[39m
[titan] 2026-09-21 05:42:59,828 - torchtitan.observability.metrics - INFO - [31mstep: 17  [32mloss: -2.00000  [38;2;180;60;0mgrad_norm:  0.6969  [38;2;54;234;195mmemory:  0.31GiB(0.22%)  [34mtps: 567  [36mtflops: 0.09  [35mmfu: 0.01%[39m
[titan] 2026-09-21 05:42:59,828 - torchtitan.observability.metrics - INFO - [31mstep: 17  [32mloss: -2.00000  [38;2;180;60;0mgrad_norm:  0.6969  [38;2;54;234;195mmemory:  0.31GiB(0.22%)  [34mtps: 567  [36mtflops: 0.09  [35mmfu: 0.01%[39m
[titan] 2026-09-21 05:43:00,713 - torchtitan.observability.metrics - INFO - [31mstep: 18  [32mloss:  2.89484  [38;2;180;60;0mgrad_norm:  0.6484  [38;2;54;234;195mmemory:  0.29GiB(0.21%)  [34mtps: 575  [36mtflops: 0.09  [35mmfu: 0.01%[39m
[titan] 2026-09-21 05:43:00,713 - torchtitan.observability.metrics - INFO - [31mstep: 18  [32mloss:  2.89484  [38;2;180;60;0mgrad_norm:  0.6484  [38;2;54;234;195mmemory:  0.29GiB(0.21%)  [34mtps: 575  [36mtflops: 0.09  [35mmfu: 0.01%[39m
[titan] 2026-09-21 05:43:00,719 - torchtitan.observability.metrics - INFO - [31mstep: 18  [32mloss: -2.00000  [38;2;180;60;0mgrad_norm:  0.6484  [38;2;54;234;195mmemory:  0.31GiB(0.22%)  [34mtps: 575  [36mtflops: 0.09  [35mmfu: 0.01%[39m
[titan] 2026-09-21 05:43:00,719 - torchtitan.observability.metrics - INFO - [31mstep: 18  [32mloss: -2.00000  [38;2;180;60;0mgrad_norm:  0.6484  [38;2;54;234;195mmemory:  0.31GiB(0.22%)  [34mtps: 575  [36mtflops: 0.09  [35mmfu: 0.01%[39m
[titan] 2026-09-21 05:43:01,613 - torchtitan.observability.metrics - INFO - [31mstep: 19  [32mloss:  2.98195  [38;2;180;60;0mgrad_norm:  0.6553  [38;2;54;234;195mmemory:  0.29GiB(0.21%)  [34mtps: 569  [36mtflops: 0.09  [35mmfu: 0.01%[39m
[titan] 2026-09-21 05:43:01,613 - torchtitan.observability.metrics - INFO - [31mstep: 19  [32mloss:  2.98195  [38;2;180;60;0mgrad_norm:  0.6553  [38;2;54;234;195mmemory:  0.29GiB(0.21%)  [34mtps: 569  [36mtflops: 0.09  [35mmfu: 0.01%[39m
[titan] 2026-09-21 05:43:01,621 - torchtitan.observability.metrics - INFO - [31mstep: 19  [32mloss: -2.00000  [38;2;180;60;0mgrad_norm:  0.6553  [38;2;54;234;195mmemory:  0.31GiB(0.22%)  [34mtps: 568  [36mtflops: 0.09  [35mmfu: 0.01%[39m
[titan] 2026-09-21 05:43:01,621 - torchtitan.observability.metrics - INFO - [31mstep: 19  [32mloss: -2.00000  [38;2;180;60;0mgrad_norm:  0.6553  [38;2;54;234;195mmemory:  0.31GiB(0.22%)  [34mtps: 568  [36mtflops: 0.09  [35mmfu: 0.01%[39m
[titan] 2026-09-21 05:43:02,556 - torchtitan.observability.metrics - INFO - [31mstep: 20  [32mloss:  2.84449  [38;2;180;60;0mgrad_norm:  0.7838  [38;2;54;234;195mmemory:  0.29GiB(0.21%)  [34mtps: 543  [36mtflops: 0.09  [35mmfu: 0.01%[39m
[titan] 2026-09-21 05:43:02,556 - torchtitan.observability.metrics - INFO - [31mstep: 20  [32mloss:  2.84449  [38;2;180;60;0mgrad_norm:  0.7838  [38;2;54;234;195mmemory:  0.29GiB(0.21%)  [34mtps: 543  [36mtflops: 0.09  [35mmfu: 0.01%[39m
[titan] 2026-09-21 05:43:02,562 - torchtitan.observability.metrics - INFO - [31mstep: 20  [32mloss: -2.00000  [38;2;180;60;0mgrad_norm:  0.7838  [38;2;54;234;195mmemory:  0.31GiB(0.22%)  [34mtps: 544  [36mtflops: 0.09  [35mmfu: 0.01%[39m
[titan] 2026-09-21 05:43:02,562 - torchtitan.observability.metrics - INFO - [31mstep: 20  [32mloss: -2.00000  [38;2;180;60;0mgrad_norm:  0.7838  [38;2;54;234;195mmemory:  0.31GiB(0.22%)  [34mtps: 544  [36mtflops: 0.09  [35mmfu: 0.01%[39m
[titan] 2026-09-21 05:43:03,468 - torchtitan.observability.metrics - INFO - [31mstep: 21  [32mloss:  2.92485  [38;2;180;60;0mgrad_norm:  0.6789  [38;2;54;234;195mmemory:  0.29GiB(0.21%)  [34mtps: 561  [36mtflops: 0.09  [35mmfu: 0.01%[39m
[titan] 2026-09-21 05:43:03,468 - torchtitan.observability.metrics - INFO - [31mstep: 21  [32mloss:  2.92485  [38;2;180;60;0mgrad_norm:  0.6789  [38;2;54;234;195mmemory:  0.29GiB(0.21%)  [34mtps: 562  [36mtflops: 0.09  [35mmfu: 0.01%[39m
[titan] 2026-09-21 05:43:03,475 - torchtitan.observability.metrics - INFO - [31mstep: 21  [32mloss: -2.00000  [38;2;180;60;0mgrad_norm:  0.6789  [38;2;54;234;195mmemory:  0.31GiB(0.22%)  [34mtps: 561  [36mtflops: 0.09  [35mmfu: 0.01%[39m
[titan] 2026-09-21 05:43:03,475 - torchtitan.observability.metrics - INFO - [31mstep: 21  [32mloss: -2.00000  [38;2;180;60;0mgrad_norm:  0.6789  [38;2;54;234;195mmemory:  0.31GiB(0.22%)  [34mtps: 561  [36mtflops: 0.09  [35mmfu: 0.01%[39m
[titan] 2026-09-21 05:43:04,366 - torchtitan.observability.metrics - INFO - [31mstep: 22  [32mloss:  2.74877  [38;2;180;60;0mgrad_norm:  0.6517  [38;2;54;234;195mmemory:  0.29GiB(0.21%)  [34mtps: 570  [36mtflops: 0.09  [35mmfu: 0.01%[39m
[titan] 2026-09-21 05:43:04,367 - torchtitan.observability.metrics - INFO - [31mstep: 22  [32mloss:  2.74877  [38;2;180;60;0mgrad_norm:  0.6517  [38;2;54;234;195mmemory:  0.29GiB(0.21%)  [34mtps: 570  [36mtflops: 0.09  [35mmfu: 0.01%[39m
[titan] 2026-09-21 05:43:04,373 - torchtitan.observability.metrics - INFO - [31mstep: 22  [32mloss: -2.00000  [38;2;180;60;0mgrad_norm:  0.6517  [38;2;54;234;195mmemory:  0.31GiB(0.22%)  [34mtps: 570  [36mtflops: 0.09  [35mmfu: 0.01%[39m
[titan] 2026-09-21 05:43:04,373 - torchtitan.observability.metrics - INFO - [31mstep: 22  [32mloss: -2.00000  [38;2;180;60;0mgrad_norm:  0.6517  [38;2;54;234;195mmemory:  0.31GiB(0.22%)  [34mtps: 571  [36mtflops: 0.09  [35mmfu: 0.01%[39m
[titan] 2026-09-21 05:43:05,285 - torchtitan.observability.metrics - INFO - [31mstep: 23  [32mloss:  2.63574  [38;2;180;60;0mgrad_norm:  0.6450  [38;2;54;234;195mmemory:  0.29GiB(0.21%)  [34mtps: 558  [36mtflops: 0.09  [35mmfu: 0.01%[39m
[titan] 2026-09-21 05:43:05,285 - torchtitan.observability.metrics - INFO - [31mstep: 23  [32mloss:  2.63574  [38;2;180;60;0mgrad_norm:  0.6450  [38;2;54;234;195mmemory:  0.29GiB(0.21%)  [34mtps: 558  [36mtflops: 0.09  [35mmfu: 0.01%[39m
[titan] 2026-09-21 05:43:05,291 - torchtitan.observability.metrics - INFO - [31mstep: 23  [32mloss: -2.00000  [38;2;180;60;0mgrad_norm:  0.6450  [38;2;54;234;195mmemory:  0.31GiB(0.22%)  [34mtps: 558  [36mtflops: 0.09  [35mmfu: 0.01%[39m
[titan] 2026-09-21 05:43:05,291 - torchtitan.observability.metrics - INFO - [31mstep: 23  [32mloss: -2.00000  [38;2;180;60;0mgrad_norm:  0.6450  [38;2;54;234;195mmemory:  0.31GiB(0.22%)  [34mtps: 558  [36mtflops: 0.09  [35mmfu: 0.01%[39m
[titan] 2026-09-21 05:43:06,182 - torchtitan.observability.metrics - INFO - [31mstep: 24  [32mloss:  2.76137  [38;2;180;60;0mgrad_norm:  0.7797  [38;2;54;234;195mmemory:  0.29GiB(0.21%)  [34mtps: 571  [36mtflops: 0.09  [35mmfu: 0.01%[39m
[titan] 2026-09-21 05:43:06,182 - torchtitan.observability.metrics - INFO - [31mstep: 24  [32mloss:  2.76137  [38;2;180;60;0mgrad_norm:  0.7797  [38;2;54;234;195mmemory:  0.29GiB(0.21%)  [34mtps: 571  [36mtflops: 0.09  [35mmfu: 0.01%[39m
[titan] 2026-09-21 05:43:06,188 - torchtitan.observability.metrics - INFO - [31mstep: 24  [32mloss: -2.00000  [38;2;180;60;0mgrad_norm:  0.7797  [38;2;54;234;195mmemory:  0.31GiB(0.22%)  [34mtps: 571  [36mtflops: 0.09  [35mmfu: 0.01%[39m
[titan] 2026-09-21 05:43:06,188 - torchtitan.observability.metrics - INFO - [31mstep: 24  [32mloss: -2.00000  [38;2;180;60;0mgrad_norm:  0.7797  [38;2;54;234;195mmemory:  0.31GiB(0.22%)  [34mtps: 571  [36mtflops: 0.09  [35mmfu: 0.01%[39m
[titan] 2026-09-21 05:43:07,079 - torchtitan.observability.metrics - INFO - [31mstep: 25  [32mloss:  2.96483  [38;2;180;60;0mgrad_norm:  0.7409  [38;2;54;234;195mmemory:  0.29GiB(0.21%)  [34mtps: 571  [36mtflops: 0.09  [35mmfu: 0.01%[39m
[titan] 2026-09-21 05:43:07,079 - torchtitan.observability.metrics - INFO - [31mstep: 25  [32mloss:  2.96483  [38;2;180;60;0mgrad_norm:  0.7409  [38;2;54;234;195mmemory:  0.29GiB(0.21%)  [34mtps: 571  [36mtflops: 0.09  [35mmfu: 0.01%[39m
[titan] 2026-09-21 05:43:07,084 - torchtitan.observability.metrics - INFO - [31mstep: 25  [32mloss: -2.00000  [38;2;180;60;0mgrad_norm:  0.7409  [38;2;54;234;195mmemory:  0.31GiB(0.22%)  [34mtps: 571  [36mtflops: 0.09  [35mmfu: 0.01%[39m
[titan] 2026-09-21 05:43:07,085 - torchtitan.observability.metrics - INFO - [31mstep: 25  [32mloss: -2.00000  [38;2;180;60;0mgrad_norm:  0.7409  [38;2;54;234;195mmemory:  0.31GiB(0.22%)  [34mtps: 571  [36mtflops: 0.09  [35mmfu: 0.01%[39m
[titan] 2026-09-21 05:43:07,975 - torchtitan.observability.metrics - INFO - [31mstep: 26  [32mloss:  2.63587  [38;2;180;60;0mgrad_norm:  0.7892  [38;2;54;234;195mmemory:  0.29GiB(0.21%)  [34mtps: 571  [36mtflops: 0.09  [35mmfu: 0.01%[39m
[titan] 2026-09-21 05:43:07,975 - torchtitan.observability.metrics - INFO - [31mstep: 26  [32mloss:  2.63587  [38;2;180;60;0mgrad_norm:  0.7892  [38;2;54;234;195mmemory:  0.29GiB(0.21%)  [34mtps: 571  [36mtflops: 0.09  [35mmfu: 0.01%[39m
[titan] 2026-09-21 05:43:07,981 - torchtitan.observability.metrics - INFO - [31mstep: 26  [32mloss: -2.00000  [38;2;180;60;0mgrad_norm:  0.7892  [38;2;54;234;195mmemory:  0.31GiB(0.22%)  [34mtps: 571  [36mtflops: 0.09  [35mmfu: 0.01%[39m
[titan] 2026-09-21 05:43:07,981 - torchtitan.observability.metrics - INFO - [31mstep: 26  [32mloss: -2.00000  [38;2;180;60;0mgrad_norm:  0.7892  [38;2;54;234;195mmemory:  0.31GiB(0.22%)  [34mtps: 571  [36mtflops: 0.09  [35mmfu: 0.01%[39m
[titan] 2026-09-21 05:43:08,867 - torchtitan.observability.metrics - INFO - [31mstep: 27  [32mloss:  2.77653  [38;2;180;60;0mgrad_norm:  0.7755  [38;2;54;234;195mmemory:  0.29GiB(0.21%)  [34mtps: 574  [36mtflops: 0.09  [35mmfu: 0.01%[39m
[titan] 2026-09-21 05:43:08,867 - torchtitan.observability.metrics - INFO - [31mstep: 27  [32mloss:  2.77653  [38;2;180;60;0mgrad_norm:  0.7755  [38;2;54;234;195mmemory:  0.29GiB(0.21%)  [34mtps: 574  [36mtflops: 0.09  [35mmfu: 0.01%[39m
[titan] 2026-09-21 05:43:08,873 - torchtitan.observability.metrics - INFO - [31mstep: 27  [32mloss: -2.00000  [38;2;180;60;0mgrad_norm:  0.7755  [38;2;54;234;195mmemory:  0.31GiB(0.22%)  [34mtps: 574  [36mtflops: 0.09  [35mmfu: 0.01%[39m
[titan] 2026-09-21 05:43:08,874 - torchtitan.observability.metrics - INFO - [31mstep: 27  [32mloss: -2.00000  [38;2;180;60;0mgrad_norm:  0.7755  [38;2;54;234;195mmemory:  0.31GiB(0.22%)  [34mtps: 574  [36mtflops: 0.09  [35mmfu: 0.01%[39m
[titan] 2026-09-21 05:43:09,775 - torchtitan.observability.metrics - INFO - [31mstep: 28  [32mloss:  2.79816  [38;2;180;60;0mgrad_norm:  0.7254  [38;2;54;234;195mmemory:  0.29GiB(0.21%)  [34mtps: 564  [36mtflops: 0.09  [35mmfu: 0.01%[39m
[titan] 2026-09-21 05:43:09,775 - torchtitan.observability.metrics - INFO - [31mstep: 28  [32mloss:  2.79816  [38;2;180;60;0mgrad_norm:  0.7254  [38;2;54;234;195mmemory:  0.29GiB(0.21%)  [34mtps: 564  [36mtflops: 0.09  [35mmfu: 0.01%[39m
[titan] 2026-09-21 05:43:09,781 - torchtitan.observability.metrics - INFO - [31mstep: 28  [32mloss: -2.00000  [38;2;180;60;0mgrad_norm:  0.7254  [38;2;54;234;195mmemory:  0.31GiB(0.22%)  [34mtps: 564  [36mtflops: 0.09  [35mmfu: 0.01%[39m
[titan] 2026-09-21 05:43:09,781 - torchtitan.observability.metrics - INFO - [31mstep: 28  [32mloss: -2.00000  [38;2;180;60;0mgrad_norm:  0.7254  [38;2;54;234;195mmemory:  0.31GiB(0.22%)  [34mtps: 564  [36mtflops: 0.09  [35mmfu: 0.01%[39m
[titan] 2026-09-21 05:43:10,673 - torchtitan.observability.metrics - INFO - [31mstep: 29  [32mloss:  2.57621  [38;2;180;60;0mgrad_norm:  0.7220  [38;2;54;234;195mmemory:  0.29GiB(0.21%)  [34mtps: 571  [36mtflops: 0.09  [35mmfu: 0.01%[39m
[titan] 2026-09-21 05:43:10,673 - torchtitan.observability.metrics - INFO - [31mstep: 29  [32mloss:  2.57621  [38;2;180;60;0mgrad_norm:  0.7220  [38;2;54;234;195mmemory:  0.29GiB(0.21%)  [34mtps: 571  [36mtflops: 0.09  [35mmfu: 0.01%[39m
[titan] 2026-09-21 05:43:10,679 - torchtitan.observability.metrics - INFO - [31mstep: 29  [32mloss: -2.00000  [38;2;180;60;0mgrad_norm:  0.7220  [38;2;54;234;195mmemory:  0.31GiB(0.22%)  [34mtps: 570  [36mtflops: 0.09  [35mmfu: 0.01%[39m
[titan] 2026-09-21 05:43:10,679 - torchtitan.observability.metrics - INFO - [31mstep: 29  [32mloss: -2.00000  [38;2;180;60;0mgrad_norm:  0.7220  [38;2;54;234;195mmemory:  0.31GiB(0.22%)  [34mtps: 570  [36mtflops: 0.09  [35mmfu: 0.01%[39m
[titan] 2026-09-21 05:43:11,563 - torchtitan.observability.metrics - INFO - [31mstep: 30  [32mloss:  2.73817  [38;2;180;60;0mgrad_norm:  0.7457  [38;2;54;234;195mmemory:  0.29GiB(0.21%)  [34mtps: 575  [36mtflops: 0.09  [35mmfu: 0.01%[39m
[titan] 2026-09-21 05:43:11,563 - torchtitan.observability.metrics - INFO - [31mstep: 30  [32mloss:  2.73817  [38;2;180;60;0mgrad_norm:  0.7457  [38;2;54;234;195mmemory:  0.29GiB(0.21%)  [34mtps: 575  [36mtflops: 0.09  [35mmfu: 0.01%[39m
[titan] 2026-09-21 05:43:11,569 - torchtitan.observability.metrics - INFO - [31mstep: 30  [32mloss: -2.00000  [38;2;180;60;0mgrad_norm:  0.7457  [38;2;54;234;195mmemory:  0.31GiB(0.22%)  [34mtps: 575  [36mtflops: 0.09  [35mmfu: 0.01%[39m
[titan] 2026-09-21 05:43:11,569 - torchtitan.observability.metrics - INFO - [31mstep: 30  [32mloss: -2.00000  [38;2;180;60;0mgrad_norm:  0.7457  [38;2;54;234;195mmemory:  0.31GiB(0.22%)  [34mtps: 575  [36mtflops: 0.09  [35mmfu: 0.01%[39m
[titan] 2026-09-21 05:43:12,452 - torchtitan.observability.metrics - INFO - [31mstep: 31  [32mloss:  2.69336  [38;2;180;60;0mgrad_norm:  0.6517  [38;2;54;234;195mmemory:  0.29GiB(0.21%)  [34mtps: 576  [36mtflops: 0.09  [35mmfu: 0.01%[39m
[titan] 2026-09-21 05:43:12,452 - torchtitan.observability.metrics - INFO - [31mstep: 31  [32mloss:  2.69336  [38;2;180;60;0mgrad_norm:  0.6517  [38;2;54;234;195mmemory:  0.29GiB(0.21%)  [34mtps: 576  [36mtflops: 0.09  [35mmfu: 0.01%[39m
[titan] 2026-09-21 05:43:12,458 - torchtitan.observability.metrics - INFO - [31mstep: 31  [32mloss: -2.00000  [38;2;180;60;0mgrad_norm:  0.6517  [38;2;54;234;195mmemory:  0.31GiB(0.22%)  [34mtps: 576  [36mtflops: 0.09  [35mmfu: 0.01%[39m
[titan] 2026-09-21 05:43:12,458 - torchtitan.observability.metrics - INFO - [31mstep: 31  [32mloss: -2.00000  [38;2;180;60;0mgrad_norm:  0.6517  [38;2;54;234;195mmemory:  0.31GiB(0.22%)  [34mtps: 576  [36mtflops: 0.09  [35mmfu: 0.01%[39m
[titan] 2026-09-21 05:43:13,354 - torchtitan.observability.metrics - INFO - [31mstep: 32  [32mloss:  2.69260  [38;2;180;60;0mgrad_norm:  0.8184  [38;2;54;234;195mmemory:  0.29GiB(0.21%)  [34mtps: 568  [36mtflops: 0.09  [35mmfu: 0.01%[39m
[titan] 2026-09-21 05:43:13,354 - torchtitan.observability.metrics - INFO - [31mstep: 32  [32mloss:  2.69260  [38;2;180;60;0mgrad_norm:  0.8184  [38;2;54;234;195mmemory:  0.29GiB(0.21%)  [34mtps: 568  [36mtflops: 0.09  [35mmfu: 0.01%[39m
[titan] 2026-09-21 05:43:13,360 - torchtitan.observability.metrics - INFO - [31mstep: 32  [32mloss: -2.00000  [38;2;180;60;0mgrad_norm:  0.8184  [38;2;54;234;195mmemory:  0.31GiB(0.22%)  [34mtps: 568  [36mtflops: 0.09  [35mmfu: 0.01%[39m
[titan] 2026-09-21 05:43:13,360 - torchtitan.observability.metrics - INFO - [31mstep: 32  [32mloss: -2.00000  [38;2;180;60;0mgrad_norm:  0.8184  [38;2;54;234;195mmemory:  0.31GiB(0.22%)  [34mtps: 568  [36mtflops: 0.09  [35mmfu: 0.01%[39m
[titan] 2026-09-21 05:43:14,283 - torchtitan.observability.metrics - INFO - [31mstep: 33  [32mloss:  2.54620  [38;2;180;60;0mgrad_norm:  0.6218  [38;2;54;234;195mmemory:  0.29GiB(0.21%)  [34mtps: 551  [36mtflops: 0.09  [35mmfu: 0.01%[39m
[titan] 2026-09-21 05:43:14,283 - torchtitan.observability.metrics - INFO - [31mstep: 33  [32mloss:  2.54620  [38;2;180;60;0mgrad_norm:  0.6218  [38;2;54;234;195mmemory:  0.29GiB(0.21%)  [34mtps: 551  [36mtflops: 0.09  [35mmfu: 0.01%[39m
[titan] 2026-09-21 05:43:14,289 - torchtitan.observability.metrics - INFO - [31mstep: 33  [32mloss: -2.00000  [38;2;180;60;0mgrad_norm:  0.6218  [38;2;54;234;195mmemory:  0.31GiB(0.22%)  [34mtps: 551  [36mtflops: 0.09  [35mmfu: 0.01%[39m
[titan] 2026-09-21 05:43:14,290 - torchtitan.observability.metrics - INFO - [31mstep: 33  [32mloss: -2.00000  [38;2;180;60;0mgrad_norm:  0.6218  [38;2;54;234;195mmemory:  0.31GiB(0.22%)  [34mtps: 551  [36mtflops: 0.09  [35mmfu: 0.01%[39m
[titan] 2026-09-21 05:43:15,178 - torchtitan.observability.metrics - INFO - [31mstep: 34  [32mloss:  2.56212  [38;2;180;60;0mgrad_norm:  0.6832  [38;2;54;234;195mmemory:  0.29GiB(0.21%)  [34mtps: 572  [36mtflops: 0.09  [35mmfu: 0.01%[39m
[titan] 2026-09-21 05:43:15,178 - torchtitan.observability.metrics - INFO - [31mstep: 34  [32mloss:  2.56212  [38;2;180;60;0mgrad_norm:  0.6832  [38;2;54;234;195mmemory:  0.29GiB(0.21%)  [34mtps: 572  [36mtflops: 0.09  [35mmfu: 0.01%[39m
[titan] 2026-09-21 05:43:15,184 - torchtitan.observability.metrics - INFO - [31mstep: 34  [32mloss: -2.00000  [38;2;180;60;0mgrad_norm:  0.6832  [38;2;54;234;195mmemory:  0.31GiB(0.22%)  [34mtps: 573  [36mtflops: 0.09  [35mmfu: 0.01%[39m
[titan] 2026-09-21 05:43:15,184 - torchtitan.observability.metrics - INFO - [31mstep: 34  [32mloss: -2.00000  [38;2;180;60;0mgrad_norm:  0.6832  [38;2;54;234;195mmemory:  0.31GiB(0.22%)  [34mtps: 573  [36mtflops: 0.09  [35mmfu: 0.01%[39m
[titan] 2026-09-21 05:43:16,085 - torchtitan.observability.metrics - INFO - [31mstep: 35  [32mloss:  2.67488  [38;2;180;60;0mgrad_norm:  0.6341  [38;2;54;234;195mmemory:  0.29GiB(0.21%)  [34mtps: 565  [36mtflops: 0.09  [35mmfu: 0.01%[39m
[titan] 2026-09-21 05:43:16,085 - torchtitan.observability.metrics - INFO - [31mstep: 35  [32mloss:  2.67488  [38;2;180;60;0mgrad_norm:  0.6341  [38;2;54;234;195mmemory:  0.29GiB(0.21%)  [34mtps: 565  [36mtflops: 0.09  [35mmfu: 0.01%[39m
[titan] 2026-09-21 05:43:16,091 - torchtitan.observability.metrics - INFO - [31mstep: 35  [32mloss: -2.00000  [38;2;180;60;0mgrad_norm:  0.6341  [38;2;54;234;195mmemory:  0.31GiB(0.22%)  [34mtps: 564  [36mtflops: 0.09  [35mmfu: 0.01%[39m
[titan] 2026-09-21 05:43:16,091 - torchtitan.observability.metrics - INFO - [31mstep: 35  [32mloss: -2.00000  [38;2;180;60;0mgrad_norm:  0.6341  [38;2;54;234;195mmemory:  0.31GiB(0.22%)  [34mtps: 564  [36mtflops: 0.09  [35mmfu: 0.01%[39m
[titan] 2026-09-21 05:43:17,029 - torchtitan.observability.metrics - INFO - [31mstep: 36  [32mloss:  2.53251  [38;2;180;60;0mgrad_norm:  0.5708  [38;2;54;234;195mmemory:  0.29GiB(0.21%)  [34mtps: 542  [36mtflops: 0.09  [35mmfu: 0.01%[39m
[titan] 2026-09-21 05:43:17,029 - torchtitan.observability.metrics - INFO - [31mstep: 36  [32mloss:  2.53251  [38;2;180;60;0mgrad_norm:  0.5708  [38;2;54;234;195mmemory:  0.29GiB(0.21%)  [34mtps: 542  [36mtflops: 0.09  [35mmfu: 0.01%[39m
[titan] 2026-09-21 05:43:17,035 - torchtitan.observability.metrics - INFO - [31mstep: 36  [32mloss: -2.00000  [38;2;180;60;0mgrad_norm:  0.5708  [38;2;54;234;195mmemory:  0.31GiB(0.22%)  [34mtps: 543  [36mtflops: 0.09  [35mmfu: 0.01%[39m
[titan] 2026-09-21 05:43:17,035 - torchtitan.observability.metrics - INFO - [31mstep: 36  [32mloss: -2.00000  [38;2;180;60;0mgrad_norm:  0.5708  [38;2;54;234;195mmemory:  0.31GiB(0.22%)  [34mtps: 543  [36mtflops: 0.09  [35mmfu: 0.01%[39m
[titan] 2026-09-21 05:43:17,923 - torchtitan.observability.metrics - INFO - [31mstep: 37  [32mloss:  2.69491  [38;2;180;60;0mgrad_norm:  0.8622  [38;2;54;234;195mmemory:  0.29GiB(0.21%)  [34mtps: 573  [36mtflops: 0.09  [35mmfu: 0.01%[39m
[titan] 2026-09-21 05:43:17,923 - torchtitan.observability.metrics - INFO - [31mstep: 37  [32mloss:  2.69491  [38;2;180;60;0mgrad_norm:  0.8622  [38;2;54;234;195mmemory:  0.29GiB(0.21%)  [34mtps: 573  [36mtflops: 0.09  [35mmfu: 0.01%[39m
[titan] 2026-09-21 05:43:17,929 - torchtitan.observability.metrics - INFO - [31mstep: 37  [32mloss: -2.00000  [38;2;180;60;0mgrad_norm:  0.8622  [38;2;54;234;195mmemory:  0.31GiB(0.22%)  [34mtps: 573  [36mtflops: 0.09  [35mmfu: 0.01%[39m
[titan] 2026-09-21 05:43:17,929 - torchtitan.observability.metrics - INFO - [31mstep: 37  [32mloss: -2.00000  [38;2;180;60;0mgrad_norm:  0.8622  [38;2;54;234;195mmemory:  0.31GiB(0.22%)  [34mtps: 573  [36mtflops: 0.09  [35mmfu: 0.01%[39m
[titan] 2026-09-21 05:43:18,816 - torchtitan.observability.metrics - INFO - [31mstep: 38  [32mloss:  2.56708  [38;2;180;60;0mgrad_norm:  0.5873  [38;2;54;234;195mmemory:  0.29GiB(0.21%)  [34mtps: 573  [36mtflops: 0.09  [35mmfu: 0.01%[39m
[titan] 2026-09-21 05:43:18,817 - torchtitan.observability.metrics - INFO - [31mstep: 38  [32mloss:  2.56708  [38;2;180;60;0mgrad_norm:  0.5873  [38;2;54;234;195mmemory:  0.29GiB(0.21%)  [34mtps: 573  [36mtflops: 0.09  [35mmfu: 0.01%[39m
[titan] 2026-09-21 05:43:18,822 - torchtitan.observability.metrics - INFO - [31mstep: 38  [32mloss: -2.00000  [38;2;180;60;0mgrad_norm:  0.5873  [38;2;54;234;195mmemory:  0.31GiB(0.22%)  [34mtps: 573  [36mtflops: 0.09  [35mmfu: 0.01%[39m
[titan] 2026-09-21 05:43:18,822 - torchtitan.observability.metrics - INFO - [31mstep: 38  [32mloss: -2.00000  [38;2;180;60;0mgrad_norm:  0.5873  [38;2;54;234;195mmemory:  0.31GiB(0.22%)  [34mtps: 573  [36mtflops: 0.09  [35mmfu: 0.01%[39m
[titan] 2026-09-21 05:43:19,708 - torchtitan.observability.metrics - INFO - [31mstep: 39  [32mloss:  2.62893  [38;2;180;60;0mgrad_norm:  0.7917  [38;2;54;234;195mmemory:  0.29GiB(0.21%)  [34mtps: 574  [36mtflops: 0.09  [35mmfu: 0.01%[39m
[titan] 2026-09-21 05:43:19,709 - torchtitan.observability.metrics - INFO - [31mstep: 39  [32mloss:  2.62893  [38;2;180;60;0mgrad_norm:  0.7917  [38;2;54;234;195mmemory:  0.29GiB(0.21%)  [34mtps: 574  [36mtflops: 0.09  [35mmfu: 0.01%[39m
[titan] 2026-09-21 05:43:19,714 - torchtitan.observability.metrics - INFO - [31mstep: 39  [32mloss: -2.00000  [38;2;180;60;0mgrad_norm:  0.7917  [38;2;54;234;195mmemory:  0.31GiB(0.22%)  [34mtps: 574  [36mtflops: 0.09  [35mmfu: 0.01%[39m
[titan] 2026-09-21 05:43:19,714 - torchtitan.observability.metrics - INFO - [31mstep: 39  [32mloss: -2.00000  [38;2;180;60;0mgrad_norm:  0.7917  [38;2;54;234;195mmemory:  0.31GiB(0.22%)  [34mtps: 574  [36mtflops: 0.09  [35mmfu: 0.01%[39m
[titan] 2026-09-21 05:43:20,600 - torchtitan.observability.metrics - INFO - [31mstep: 40  [32mloss:  2.64915  [38;2;180;60;0mgrad_norm:  0.6081  [38;2;54;234;195mmemory:  0.29GiB(0.21%)  [34mtps: 574  [36mtflops: 0.09  [35mmfu: 0.01%[39m
[titan] 2026-09-21 05:43:20,600 - torchtitan.observability.metrics - INFO - [31mstep: 40  [32mloss:  2.64915  [38;2;180;60;0mgrad_norm:  0.6081  [38;2;54;234;195mmemory:  0.29GiB(0.21%)  [34mtps: 574  [36mtflops: 0.09  [35mmfu: 0.01%[39m
[titan] 2026-09-21 05:43:20,606 - torchtitan.observability.metrics - INFO - [31mstep: 40  [32mloss: -2.00000  [38;2;180;60;0mgrad_norm:  0.6081  [38;2;54;234;195mmemory:  0.31GiB(0.22%)  [34mtps: 574  [36mtflops: 0.09  [35mmfu: 0.01%[39m
[titan] 2026-09-21 05:43:20,606 - torchtitan.observability.metrics - INFO - [31mstep: 40  [32mloss: -2.00000  [38;2;180;60;0mgrad_norm:  0.6081  [38;2;54;234;195mmemory:  0.31GiB(0.22%)  [34mtps: 574  [36mtflops: 0.09  [35mmfu: 0.01%[39m
[titan] 2026-09-21 05:43:21,494 - torchtitan.observability.metrics - INFO - [31mstep: 41  [32mloss:  2.67775  [38;2;180;60;0mgrad_norm:  0.4698  [38;2;54;234;195mmemory:  0.29GiB(0.21%)  [34mtps: 573  [36mtflops: 0.09  [35mmfu: 0.01%[39m
[titan] 2026-09-21 05:43:21,494 - torchtitan.observability.metrics - INFO - [31mstep: 41  [32mloss:  2.67775  [38;2;180;60;0mgrad_norm:  0.4698  [38;2;54;234;195mmemory:  0.29GiB(0.21%)  [34mtps: 573  [36mtflops: 0.09  [35mmfu: 0.01%[39m
[titan] 2026-09-21 05:43:21,500 - torchtitan.observability.metrics - INFO - [31mstep: 41  [32mloss: -2.00000  [38;2;180;60;0mgrad_norm:  0.4698  [38;2;54;234;195mmemory:  0.31GiB(0.22%)  [34mtps: 573  [36mtflops: 0.09  [35mmfu: 0.01%[39m
[titan] 2026-09-21 05:43:21,500 - torchtitan.observability.metrics - INFO - [31mstep: 41  [32mloss: -2.00000  [38;2;180;60;0mgrad_norm:  0.4698  [38;2;54;234;195mmemory:  0.31GiB(0.22%)  [34mtps: 573  [36mtflops: 0.09  [35mmfu: 0.01%[39m
[titan] 2026-09-21 05:43:22,390 - torchtitan.observability.metrics - INFO - [31mstep: 42  [32mloss:  2.60738  [38;2;180;60;0mgrad_norm:  0.7677  [38;2;54;234;195mmemory:  0.29GiB(0.21%)  [34mtps: 571  [36mtflops: 0.09  [35mmfu: 0.01%[39m
[titan] 2026-09-21 05:43:22,390 - torchtitan.observability.metrics - INFO - [31mstep: 42  [32mloss:  2.60738  [38;2;180;60;0mgrad_norm:  0.7677  [38;2;54;234;195mmemory:  0.29GiB(0.21%)  [34mtps: 571  [36mtflops: 0.09  [35mmfu: 0.01%[39m
[titan] 2026-09-21 05:43:22,396 - torchtitan.observability.metrics - INFO - [31mstep: 42  [32mloss: -2.00000  [38;2;180;60;0mgrad_norm:  0.7677  [38;2;54;234;195mmemory:  0.31GiB(0.22%)  [34mtps: 572  [36mtflops: 0.09  [35mmfu: 0.01%[39m
[titan] 2026-09-21 05:43:22,396 - torchtitan.observability.metrics - INFO - [31mstep: 42  [32mloss: -2.00000  [38;2;180;60;0mgrad_norm:  0.7677  [38;2;54;234;195mmemory:  0.31GiB(0.22%)  [34mtps: 572  [36mtflops: 0.09  [35mmfu: 0.01%[39m
[titan] 2026-09-21 05:43:23,283 - torchtitan.observability.metrics - INFO - [31mstep: 43  [32mloss:  2.56432  [38;2;180;60;0mgrad_norm:  0.6104  [38;2;54;234;195mmemory:  0.29GiB(0.21%)  [34mtps: 574  [36mtflops: 0.09  [35mmfu: 0.01%[39m
[titan] 2026-09-21 05:43:23,283 - torchtitan.observability.metrics - INFO - [31mstep: 43  [32mloss:  2.56432  [38;2;180;60;0mgrad_norm:  0.6104  [38;2;54;234;195mmemory:  0.29GiB(0.21%)  [34mtps: 574  [36mtflops: 0.09  [35mmfu: 0.01%[39m
[titan] 2026-09-21 05:43:23,289 - torchtitan.observability.metrics - INFO - [31mstep: 43  [32mloss: -2.00000  [38;2;180;60;0mgrad_norm:  0.6104  [38;2;54;234;195mmemory:  0.31GiB(0.22%)  [34mtps: 574  [36mtflops: 0.09  [35mmfu: 0.01%[39m
[titan] 2026-09-21 05:43:23,289 - torchtitan.observability.metrics - INFO - [31mstep: 43  [32mloss: -2.00000  [38;2;180;60;0mgrad_norm:  0.6104  [38;2;54;234;195mmemory:  0.31GiB(0.22%)  [34mtps: 574  [36mtflops: 0.09  [35mmfu: 0.01%[39m
[titan] 2026-09-21 05:43:24,171 - torchtitan.observability.metrics - INFO - [31mstep: 44  [32mloss:  2.52795  [38;2;180;60;0mgrad_norm:  0.6776  [38;2;54;234;195mmemory:  0.29GiB(0.21%)  [34mtps: 576  [36mtflops: 0.09  [35mmfu: 0.01%[39m
[titan] 2026-09-21 05:43:24,172 - torchtitan.observability.metrics - INFO - [31mstep: 44  [32mloss:  2.52795  [38;2;180;60;0mgrad_norm:  0.6776  [38;2;54;234;195mmemory:  0.29GiB(0.21%)  [34mtps: 576  [36mtflops: 0.09  [35mmfu: 0.01%[39m
[titan] 2026-09-21 05:43:24,177 - torchtitan.observability.metrics - INFO - [31mstep: 44  [32mloss: -2.00000  [38;2;180;60;0mgrad_norm:  0.6776  [38;2;54;234;195mmemory:  0.31GiB(0.22%)  [34mtps: 576  [36mtflops: 0.09  [35mmfu: 0.01%[39m
[titan] 2026-09-21 05:43:24,177 - torchtitan.observability.metrics - INFO - [31mstep: 44  [32mloss: -2.00000  [38;2;180;60;0mgrad_norm:  0.6776  [38;2;54;234;195mmemory:  0.31GiB(0.22%)  [34mtps: 576  [36mtflops: 0.09  [35mmfu: 0.01%[39m
[titan] 2026-09-21 05:43:25,066 - torchtitan.observability.metrics - INFO - [31mstep: 45  [32mloss:  2.67791  [38;2;180;60;0mgrad_norm:  0.7343  [38;2;54;234;195mmemory:  0.29GiB(0.21%)  [34mtps: 573  [36mtflops: 0.09  [35mmfu: 0.01%[39m
[titan] 2026-09-21 05:43:25,066 - torchtitan.observability.metrics - INFO - [31mstep: 45  [32mloss:  2.67791  [38;2;180;60;0mgrad_norm:  0.7343  [38;2;54;234;195mmemory:  0.29GiB(0.21%)  [34mtps: 573  [36mtflops: 0.09  [35mmfu: 0.01%[39m
[titan] 2026-09-21 05:43:25,071 - torchtitan.observability.metrics - INFO - [31mstep: 45  [32mloss: -2.00000  [38;2;180;60;0mgrad_norm:  0.7343  [38;2;54;234;195mmemory:  0.31GiB(0.22%)  [34mtps: 573  [36mtflops: 0.09  [35mmfu: 0.01%[39m
[titan] 2026-09-21 05:43:25,071 - torchtitan.observability.metrics - INFO - [31mstep: 45  [32mloss: -2.00000  [38;2;180;60;0mgrad_norm:  0.7343  [38;2;54;234;195mmemory:  0.31GiB(0.22%)  [34mtps: 573  [36mtflops: 0.09  [35mmfu: 0.01%[39m
[titan] 2026-09-21 05:43:25,960 - torchtitan.observability.metrics - INFO - [31mstep: 46  [32mloss:  2.57359  [38;2;180;60;0mgrad_norm:  0.6371  [38;2;54;234;195mmemory:  0.29GiB(0.21%)  [34mtps: 572  [36mtflops: 0.09  [35mmfu: 0.01%[39m
[titan] 2026-09-21 05:43:25,960 - torchtitan.observability.metrics - INFO - [31mstep: 46  [32mloss:  2.57359  [38;2;180;60;0mgrad_norm:  0.6371  [38;2;54;234;195mmemory:  0.29GiB(0.21%)  [34mtps: 572  [36mtflops: 0.09  [35mmfu: 0.01%[39m
[titan] 2026-09-21 05:43:25,966 - torchtitan.observability.metrics - INFO - [31mstep: 46  [32mloss: -2.00000  [38;2;180;60;0mgrad_norm:  0.6371  [38;2;54;234;195mmemory:  0.31GiB(0.22%)  [34mtps: 572  [36mtflops: 0.09  [35mmfu: 0.01%[39m
[titan] 2026-09-21 05:43:25,966 - torchtitan.observability.metrics - INFO - [31mstep: 46  [32mloss: -2.00000  [38;2;180;60;0mgrad_norm:  0.6371  [38;2;54;234;195mmemory:  0.31GiB(0.22%)  [34mtps: 572  [36mtflops: 0.09  [35mmfu: 0.01%[39m
[titan] 2026-09-21 05:43:26,849 - torchtitan.observability.metrics - INFO - [31mstep: 47  [32mloss:  2.65047  [38;2;180;60;0mgrad_norm:  0.8467  [38;2;54;234;195mmemory:  0.29GiB(0.21%)  [34mtps: 576  [36mtflops: 0.09  [35mmfu: 0.01%[39m
[titan] 2026-09-21 05:43:26,849 - torchtitan.observability.metrics - INFO - [31mstep: 47  [32mloss:  2.65047  [38;2;180;60;0mgrad_norm:  0.8467  [38;2;54;234;195mmemory:  0.29GiB(0.21%)  [34mtps: 576  [36mtflops: 0.09  [35mmfu: 0.01%[39m
[titan] 2026-09-21 05:43:26,855 - torchtitan.observability.metrics - INFO - [31mstep: 47  [32mloss: -2.00000  [38;2;180;60;0mgrad_norm:  0.8467  [38;2;54;234;195mmemory:  0.31GiB(0.22%)  [34mtps: 576  [36mtflops: 0.09  [35mmfu: 0.01%[39m
[titan] 2026-09-21 05:43:26,856 - torchtitan.observability.metrics - INFO - [31mstep: 47  [32mloss: -2.00000  [38;2;180;60;0mgrad_norm:  0.8467  [38;2;54;234;195mmemory:  0.31GiB(0.22%)  [34mtps: 576  [36mtflops: 0.09  [35mmfu: 0.01%[39m
[titan] 2026-09-21 05:43:27,795 - torchtitan.observability.metrics - INFO - [31mstep: 48  [32mloss:  2.63044  [38;2;180;60;0mgrad_norm:  0.8150  [38;2;54;234;195mmemory:  0.29GiB(0.21%)  [34mtps: 542  [36mtflops: 0.08  [35mmfu: 0.01%[39m
[titan] 2026-09-21 05:43:27,795 - torchtitan.observability.metrics - INFO - [31mstep: 48  [32mloss:  2.63044  [38;2;180;60;0mgrad_norm:  0.8150  [38;2;54;234;195mmemory:  0.29GiB(0.21%)  [34mtps: 542  [36mtflops: 0.08  [35mmfu: 0.01%[39m
[titan] 2026-09-21 05:43:27,801 - torchtitan.observability.metrics - INFO - [31mstep: 48  [32mloss: -2.00000  [38;2;180;60;0mgrad_norm:  0.8150  [38;2;54;234;195mmemory:  0.31GiB(0.22%)  [34mtps: 542  [36mtflops: 0.09  [35mmfu: 0.01%[39m
[titan] 2026-09-21 05:43:27,801 - torchtitan.observability.metrics - INFO - [31mstep: 48  [32mloss: -2.00000  [38;2;180;60;0mgrad_norm:  0.8150  [38;2;54;234;195mmemory:  0.31GiB(0.22%)  [34mtps: 542  [36mtflops: 0.08  [35mmfu: 0.01%[39m
[titan] 2026-09-21 05:43:28,703 - torchtitan.observability.metrics - INFO - [31mstep: 49  [32mloss:  2.65782  [38;2;180;60;0mgrad_norm:  0.8147  [38;2;54;234;195mmemory:  0.29GiB(0.21%)  [34mtps: 564  [36mtflops: 0.09  [35mmfu: 0.01%[39m
[titan] 2026-09-21 05:43:28,703 - torchtitan.observability.metrics - INFO - [31mstep: 49  [32mloss:  2.65782  [38;2;180;60;0mgrad_norm:  0.8147  [38;2;54;234;195mmemory:  0.29GiB(0.21%)  [34mtps: 564  [36mtflops: 0.09  [35mmfu: 0.01%[39m
[titan] 2026-09-21 05:43:28,710 - torchtitan.observability.metrics - INFO - [31mstep: 49  [32mloss: -2.00000  [38;2;180;60;0mgrad_norm:  0.8147  [38;2;54;234;195mmemory:  0.31GiB(0.22%)  [34mtps: 563  [36mtflops: 0.09  [35mmfu: 0.01%[39m
[titan] 2026-09-21 05:43:28,710 - torchtitan.observability.metrics - INFO - [31mstep: 49  [32mloss: -2.00000  [38;2;180;60;0mgrad_norm:  0.8147  [38;2;54;234;195mmemory:  0.31GiB(0.22%)  [34mtps: 563  [36mtflops: 0.09  [35mmfu: 0.01%[39m
[titan] 2026-09-21 05:43:28,843 - torchtitan.tools.utils - INFO - [GC] Performing periodic GC collection took 0.13 seconds
[titan] 2026-09-21 05:43:28,844 - torchtitan.tools.utils - INFO - [GC] Performing periodic GC collection took 0.13 seconds
[titan] 2026-09-21 05:43:28,861 - torchtitan.tools.utils - INFO - [GC] Performing periodic GC collection took 0.14 seconds
[titan] 2026-09-21 05:43:28,863 - torchtitan.tools.utils - INFO - [GC] Performing periodic GC collection took 0.15 seconds
[titan] 2026-09-21 05:43:29,766 - torchtitan.observability.metrics - INFO - [31mstep: 50  [32mloss:  2.54552  [38;2;180;60;0mgrad_norm:  0.5741  [38;2;54;234;195mmemory:  0.29GiB(0.21%)  [34mtps: 482  [36mtflops: 0.08  [35mmfu: 0.01%[39m
[titan] 2026-09-21 05:43:29,766 - torchtitan.observability.metrics - INFO - [31mstep: 50  [32mloss:  2.54552  [38;2;180;60;0mgrad_norm:  0.5741  [38;2;54;234;195mmemory:  0.29GiB(0.21%)  [34mtps: 482  [36mtflops: 0.08  [35mmfu: 0.01%[39m
[titan] 2026-09-21 05:43:29,772 - torchtitan.observability.metrics - INFO - [31mstep: 50  [32mloss: -2.00000  [38;2;180;60;0mgrad_norm:  0.5741  [38;2;54;234;195mmemory:  0.31GiB(0.22%)  [34mtps: 482  [36mtflops: 0.08  [35mmfu: 0.01%[39m
[titan] 2026-09-21 05:43:29,772 - torchtitan.observability.metrics - INFO - [31mstep: 50  [32mloss: -2.00000  [38;2;180;60;0mgrad_norm:  0.5741  [38;2;54;234;195mmemory:  0.31GiB(0.22%)  [34mtps: 482  [36mtflops: 0.08  [35mmfu: 0.01%[39m
[titan] 2026-09-21 05:43:30,663 - torchtitan.observability.metrics - INFO - [31mstep: 51  [32mloss:  2.57036  [38;2;180;60;0mgrad_norm:  0.7336  [38;2;54;234;195mmemory:  0.29GiB(0.21%)  [34mtps: 571  [36mtflops: 0.09  [35mmfu: 0.01%[39m
[titan] 2026-09-21 05:43:30,663 - torchtitan.observability.metrics - INFO - [31mstep: 51  [32mloss:  2.57036  [38;2;180;60;0mgrad_norm:  0.7336  [38;2;54;234;195mmemory:  0.29GiB(0.21%)  [34mtps: 571  [36mtflops: 0.09  [35mmfu: 0.01%[39m
[titan] 2026-09-21 05:43:30,669 - torchtitan.observability.metrics - INFO - [31mstep: 51  [32mloss: -2.00000  [38;2;180;60;0mgrad_norm:  0.7336  [38;2;54;234;195mmemory:  0.31GiB(0.22%)  [34mtps: 571  [36mtflops: 0.09  [35mmfu: 0.01%[39m
[titan] 2026-09-21 05:43:30,669 - torchtitan.observability.metrics - INFO - [31mstep: 51  [32mloss: -2.00000  [38;2;180;60;0mgrad_norm:  0.7336  [38;2;54;234;195mmemory:  0.31GiB(0.22%)  [34mtps: 571  [36mtflops: 0.09  [35mmfu: 0.01%[39m
[titan] 2026-09-21 05:43:31,557 - torchtitan.observability.metrics - INFO - [31mstep: 52  [32mloss:  2.49279  [38;2;180;60;0mgrad_norm:  0.8908  [38;2;54;234;195mmemory:  0.29GiB(0.21%)  [34mtps: 573  [36mtflops: 0.09  [35mmfu: 0.01%[39m
[titan] 2026-09-21 05:43:31,557 - torchtitan.observability.metrics - INFO - [31mstep: 52  [32mloss:  2.49279  [38;2;180;60;0mgrad_norm:  0.8908  [38;2;54;234;195mmemory:  0.29GiB(0.21%)  [34mtps: 573  [36mtflops: 0.09  [35mmfu: 0.01%[39m
[titan] 2026-09-21 05:43:31,563 - torchtitan.observability.metrics - INFO - [31mstep: 52  [32mloss: -2.00000  [38;2;180;60;0mgrad_norm:  0.8908  [38;2;54;234;195mmemory:  0.31GiB(0.22%)  [34mtps: 573  [36mtflops: 0.09  [35mmfu: 0.01%[39m
[titan] 2026-09-21 05:43:31,563 - torchtitan.observability.metrics - INFO - [31mstep: 52  [32mloss: -2.00000  [38;2;180;60;0mgrad_norm:  0.8908  [38;2;54;234;195mmemory:  0.31GiB(0.22%)  [34mtps: 572  [36mtflops: 0.09  [35mmfu: 0.01%[39m
[titan] 2026-09-21 05:43:32,446 - torchtitan.observability.metrics - INFO - [31mstep: 53  [32mloss:  2.61347  [38;2;180;60;0mgrad_norm:  0.7649  [38;2;54;234;195mmemory:  0.29GiB(0.21%)  [34mtps: 576  [36mtflops: 0.09  [35mmfu: 0.01%[39m
[titan] 2026-09-21 05:43:32,446 - torchtitan.observability.metrics - INFO - [31mstep: 53  [32mloss:  2.61347  [38;2;180;60;0mgrad_norm:  0.7649  [38;2;54;234;195mmemory:  0.29GiB(0.21%)  [34mtps: 576  [36mtflops: 0.09  [35mmfu: 0.01%[39m
[titan] 2026-09-21 05:43:32,452 - torchtitan.observability.metrics - INFO - [31mstep: 53  [32mloss: -2.00000  [38;2;180;60;0mgrad_norm:  0.7649  [38;2;54;234;195mmemory:  0.31GiB(0.22%)  [34mtps: 576  [36mtflops: 0.09  [35mmfu: 0.01%[39m
[titan] 2026-09-21 05:43:32,452 - torchtitan.observability.metrics - INFO - [31mstep: 53  [32mloss: -2.00000  [38;2;180;60;0mgrad_norm:  0.7649  [38;2;54;234;195mmemory:  0.31GiB(0.22%)  [34mtps: 576  [36mtflops: 0.09  [35mmfu: 0.01%[39m
[titan] 2026-09-21 05:43:33,335 - torchtitan.observability.metrics - INFO - [31mstep: 54  [32mloss:  2.69338  [38;2;180;60;0mgrad_norm:  0.6343  [38;2;54;234;195mmemory:  0.29GiB(0.21%)  [34mtps: 576  [36mtflops: 0.09  [35mmfu: 0.01%[39m
[titan] 2026-09-21 05:43:33,335 - torchtitan.observability.metrics - INFO - [31mstep: 54  [32mloss:  2.69338  [38;2;180;60;0mgrad_norm:  0.6343  [38;2;54;234;195mmemory:  0.29GiB(0.21%)  [34mtps: 576  [36mtflops: 0.09  [35mmfu: 0.01%[39m
[titan] 2026-09-21 05:43:33,341 - torchtitan.observability.metrics - INFO - [31mstep: 54  [32mloss: -2.00000  [38;2;180;60;0mgrad_norm:  0.6343  [38;2;54;234;195mmemory:  0.31GiB(0.22%)  [34mtps: 576  [36mtflops: 0.09  [35mmfu: 0.01%[39m
[titan] 2026-09-21 05:43:33,341 - torchtitan.observability.metrics - INFO - [31mstep: 54  [32mloss: -2.00000  [38;2;180;60;0mgrad_norm:  0.6343  [38;2;54;234;195mmemory:  0.31GiB(0.22%)  [34mtps: 576  [36mtflops: 0.09  [35mmfu: 0.01%[39m
[titan] 2026-09-21 05:43:34,227 - torchtitan.observability.metrics - INFO - [31mstep: 55  [32mloss:  2.78514  [38;2;180;60;0mgrad_norm:  0.7051  [38;2;54;234;195mmemory:  0.29GiB(0.21%)  [34mtps: 574  [36mtflops: 0.09  [35mmfu: 0.01%[39m
[titan] 2026-09-21 05:43:34,227 - torchtitan.observability.metrics - INFO - [31mstep: 55  [32mloss:  2.78514  [38;2;180;60;0mgrad_norm:  0.7051  [38;2;54;234;195mmemory:  0.29GiB(0.21%)  [34mtps: 574  [36mtflops: 0.09  [35mmfu: 0.01%[39m
[titan] 2026-09-21 05:43:34,233 - torchtitan.observability.metrics - INFO - [31mstep: 55  [32mloss: -2.00000  [38;2;180;60;0mgrad_norm:  0.7051  [38;2;54;234;195mmemory:  0.31GiB(0.22%)  [34mtps: 574  [36mtflops: 0.09  [35mmfu: 0.01%[39m
[titan] 2026-09-21 05:43:34,233 - torchtitan.observability.metrics - INFO - [31mstep: 55  [32mloss: -2.00000  [38;2;180;60;0mgrad_norm:  0.7051  [38;2;54;234;195mmemory:  0.31GiB(0.22%)  [34mtps: 574  [36mtflops: 0.09  [35mmfu: 0.01%[39m
[titan] 2026-09-21 05:43:35,131 - torchtitan.observability.metrics - INFO - [31mstep: 56  [32mloss:  2.45176  [38;2;180;60;0mgrad_norm:  0.6497  [38;2;54;234;195mmemory:  0.29GiB(0.21%)  [34mtps: 566  [36mtflops: 0.09  [35mmfu: 0.01%[39m
[titan] 2026-09-21 05:43:35,131 - torchtitan.observability.metrics - INFO - [31mstep: 56  [32mloss:  2.45176  [38;2;180;60;0mgrad_norm:  0.6497  [38;2;54;234;195mmemory:  0.29GiB(0.21%)  [34mtps: 566  [36mtflops: 0.09  [35mmfu: 0.01%[39m
[titan] 2026-09-21 05:43:35,137 - torchtitan.observability.metrics - INFO - [31mstep: 56  [32mloss: -2.00000  [38;2;180;60;0mgrad_norm:  0.6497  [38;2;54;234;195mmemory:  0.31GiB(0.22%)  [34mtps: 566  [36mtflops: 0.09  [35mmfu: 0.01%[39m
[titan] 2026-09-21 05:43:35,137 - torchtitan.observability.metrics - INFO - [31mstep: 56  [32mloss: -2.00000  [38;2;180;60;0mgrad_norm:  0.6497  [38;2;54;234;195mmemory:  0.31GiB(0.22%)  [34mtps: 566  [36mtflops: 0.09  [35mmfu: 0.01%[39m
[titan] 2026-09-21 05:43:36,031 - torchtitan.observability.metrics - INFO - [31mstep: 57  [32mloss:  2.54989  [38;2;180;60;0mgrad_norm:  0.6752  [38;2;54;234;195mmemory:  0.29GiB(0.21%)  [34mtps: 570  [36mtflops: 0.09  [35mmfu: 0.01%[39m
[titan] 2026-09-21 05:43:36,031 - torchtitan.observability.metrics - INFO - [31mstep: 57  [32mloss:  2.54989  [38;2;180;60;0mgrad_norm:  0.6752  [38;2;54;234;195mmemory:  0.29GiB(0.21%)  [34mtps: 570  [36mtflops: 0.09  [35mmfu: 0.01%[39m
[titan] 2026-09-21 05:43:36,036 - torchtitan.observability.metrics - INFO - [31mstep: 57  [32mloss: -2.00000  [38;2;180;60;0mgrad_norm:  0.6752  [38;2;54;234;195mmemory:  0.31GiB(0.22%)  [34mtps: 570  [36mtflops: 0.09  [35mmfu: 0.01%[39m
[titan] 2026-09-21 05:43:36,036 - torchtitan.observability.metrics - INFO - [31mstep: 57  [32mloss: -2.00000  [38;2;180;60;0mgrad_norm:  0.6752  [38;2;54;234;195mmemory:  0.31GiB(0.22%)  [34mtps: 570  [36mtflops: 0.09  [35mmfu: 0.01%[39m
[titan] 2026-09-21 05:43:36,922 - torchtitan.observability.metrics - INFO - [31mstep: 58  [32mloss:  2.50215  [38;2;180;60;0mgrad_norm:  0.7802  [38;2;54;234;195mmemory:  0.29GiB(0.21%)  [34mtps: 574  [36mtflops: 0.09  [35mmfu: 0.01%[39m
[titan] 2026-09-21 05:43:36,922 - torchtitan.observability.metrics - INFO - [31mstep: 58  [32mloss:  2.50215  [38;2;180;60;0mgrad_norm:  0.7802  [38;2;54;234;195mmemory:  0.29GiB(0.21%)  [34mtps: 575  [36mtflops: 0.09  [35mmfu: 0.01%[39m
[titan] 2026-09-21 05:43:36,928 - torchtitan.observability.metrics - INFO - [31mstep: 58  [32mloss: -2.00000  [38;2;180;60;0mgrad_norm:  0.7802  [38;2;54;234;195mmemory:  0.31GiB(0.22%)  [34mtps: 574  [36mtflops: 0.09  [35mmfu: 0.01%[39m
[titan] 2026-09-21 05:43:36,928 - torchtitan.observability.metrics - INFO - [31mstep: 58  [32mloss: -2.00000  [38;2;180;60;0mgrad_norm:  0.7802  [38;2;54;234;195mmemory:  0.31GiB(0.22%)  [34mtps: 574  [36mtflops: 0.09  [35mmfu: 0.01%[39m
[titan] 2026-09-21 05:43:37,841 - torchtitan.observability.metrics - INFO - [31mstep: 59  [32mloss:  2.49515  [38;2;180;60;0mgrad_norm:  0.7177  [38;2;54;234;195mmemory:  0.29GiB(0.21%)  [34mtps: 557  [36mtflops: 0.09  [35mmfu: 0.01%[39m
[titan] 2026-09-21 05:43:37,841 - torchtitan.observability.metrics - INFO - [31mstep: 59  [32mloss:  2.49515  [38;2;180;60;0mgrad_norm:  0.7177  [38;2;54;234;195mmemory:  0.29GiB(0.21%)  [34mtps: 557  [36mtflops: 0.09  [35mmfu: 0.01%[39m
[titan] 2026-09-21 05:43:37,847 - torchtitan.observability.metrics - INFO - [31mstep: 59  [32mloss: -2.00000  [38;2;180;60;0mgrad_norm:  0.7177  [38;2;54;234;195mmemory:  0.31GiB(0.22%)  [34mtps: 557  [36mtflops: 0.09  [35mmfu: 0.01%[39m
[titan] 2026-09-21 05:43:37,847 - torchtitan.observability.metrics - INFO - [31mstep: 59  [32mloss: -2.00000  [38;2;180;60;0mgrad_norm:  0.7177  [38;2;54;234;195mmemory:  0.31GiB(0.22%)  [34mtps: 557  [36mtflops: 0.09  [35mmfu: 0.01%[39m
[titan] 2026-09-21 05:43:38,746 - torchtitan.observability.metrics - INFO - [31mstep: 60  [32mloss:  2.43009  [38;2;180;60;0mgrad_norm:  0.6273  [38;2;54;234;195mmemory:  0.29GiB(0.21%)  [34mtps: 566  [36mtflops: 0.09  [35mmfu: 0.01%[39m
[titan] 2026-09-21 05:43:38,746 - torchtitan.observability.metrics - INFO - [31mstep: 60  [32mloss:  2.43009  [38;2;180;60;0mgrad_norm:  0.6273  [38;2;54;234;195mmemory:  0.29GiB(0.21%)  [34mtps: 566  [36mtflops: 0.09  [35mmfu: 0.01%[39m
[titan] 2026-09-21 05:43:38,752 - torchtitan.observability.metrics - INFO - [31mstep: 60  [32mloss: -2.00000  [38;2;180;60;0mgrad_norm:  0.6273  [38;2;54;234;195mmemory:  0.31GiB(0.22%)  [34mtps: 566  [36mtflops: 0.09  [35mmfu: 0.01%[39m
[titan] 2026-09-21 05:43:38,752 - torchtitan.observability.metrics - INFO - [31mstep: 60  [32mloss: -2.00000  [38;2;180;60;0mgrad_norm:  0.6273  [38;2;54;234;195mmemory:  0.31GiB(0.22%)  [34mtps: 566  [36mtflops: 0.09  [35mmfu: 0.01%[39m
[titan] 2026-09-21 05:43:39,666 - torchtitan.observability.metrics - INFO - [31mstep: 61  [32mloss:  2.47654  [38;2;180;60;0mgrad_norm:  0.6572  [38;2;54;234;195mmemory:  0.29GiB(0.21%)  [34mtps: 557  [36mtflops: 0.09  [35mmfu: 0.01%[39m
[titan] 2026-09-21 05:43:39,666 - torchtitan.observability.metrics - INFO - [31mstep: 61  [32mloss:  2.47654  [38;2;180;60;0mgrad_norm:  0.6572  [38;2;54;234;195mmemory:  0.29GiB(0.21%)  [34mtps: 557  [36mtflops: 0.09  [35mmfu: 0.01%[39m
[titan] 2026-09-21 05:43:39,672 - torchtitan.observability.metrics - INFO - [31mstep: 61  [32mloss: -2.00000  [38;2;180;60;0mgrad_norm:  0.6572  [38;2;54;234;195mmemory:  0.31GiB(0.22%)  [34mtps: 557  [36mtflops: 0.09  [35mmfu: 0.01%[39m
[titan] 2026-09-21 05:43:39,672 - torchtitan.observability.metrics - INFO - [31mstep: 61  [32mloss: -2.00000  [38;2;180;60;0mgrad_norm:  0.6572  [38;2;54;234;195mmemory:  0.31GiB(0.22%)  [34mtps: 557  [36mtflops: 0.09  [35mmfu: 0.01%[39m
[titan] 2026-09-21 05:43:40,566 - torchtitan.observability.metrics - INFO - [31mstep: 62  [32mloss:  2.61694  [38;2;180;60;0mgrad_norm:  0.6506  [38;2;54;234;195mmemory:  0.29GiB(0.21%)  [34mtps: 569  [36mtflops: 0.09  [35mmfu: 0.01%[39m
[titan] 2026-09-21 05:43:40,566 - torchtitan.observability.metrics - INFO - [31mstep: 62  [32mloss:  2.61694  [38;2;180;60;0mgrad_norm:  0.6506  [38;2;54;234;195mmemory:  0.29GiB(0.21%)  [34mtps: 569  [36mtflops: 0.09  [35mmfu: 0.01%[39m
[titan] 2026-09-21 05:43:40,572 - torchtitan.observability.metrics - INFO - [31mstep: 62  [32mloss: -2.00000  [38;2;180;60;0mgrad_norm:  0.6506  [38;2;54;234;195mmemory:  0.31GiB(0.22%)  [34mtps: 569  [36mtflops: 0.09  [35mmfu: 0.01%[39m
[titan] 2026-09-21 05:43:40,572 - torchtitan.observability.metrics - INFO - [31mstep: 62  [32mloss: -2.00000  [38;2;180;60;0mgrad_norm:  0.6506  [38;2;54;234;195mmemory:  0.31GiB(0.22%)  [34mtps: 569  [36mtflops: 0.09  [35mmfu: 0.01%[39m
[titan] 2026-09-21 05:43:41,461 - torchtitan.observability.metrics - INFO - [31mstep: 63  [32mloss:  2.60158  [38;2;180;60;0mgrad_norm:  0.7044  [38;2;54;234;195mmemory:  0.29GiB(0.21%)  [34mtps: 572  [36mtflops: 0.09  [35mmfu: 0.01%[39m
[titan] 2026-09-21 05:43:41,461 - torchtitan.observability.metrics - INFO - [31mstep: 63  [32mloss:  2.60158  [38;2;180;60;0mgrad_norm:  0.7044  [38;2;54;234;195mmemory:  0.29GiB(0.21%)  [34mtps: 572  [36mtflops: 0.09  [35mmfu: 0.01%[39m
[titan] 2026-09-21 05:43:41,467 - torchtitan.observability.metrics - INFO - [31mstep: 63  [32mloss: -2.00000  [38;2;180;60;0mgrad_norm:  0.7044  [38;2;54;234;195mmemory:  0.31GiB(0.22%)  [34mtps: 572  [36mtflops: 0.09  [35mmfu: 0.01%[39m
[titan] 2026-09-21 05:43:41,467 - torchtitan.observability.metrics - INFO - [31mstep: 63  [32mloss: -2.00000  [38;2;180;60;0mgrad_norm:  0.7044  [38;2;54;234;195mmemory:  0.31GiB(0.22%)  [34mtps: 572  [36mtflops: 0.09  [35mmfu: 0.01%[39m
[titan] 2026-09-21 05:43:42,358 - torchtitan.observability.metrics - INFO - [31mstep: 64  [32mloss:  2.57838  [38;2;180;60;0mgrad_norm:  0.6868  [38;2;54;234;195mmemory:  0.29GiB(0.21%)  [34mtps: 571  [36mtflops: 0.09  [35mmfu: 0.01%[39m
[titan] 2026-09-21 05:43:42,358 - torchtitan.observability.metrics - INFO - [31mstep: 64  [32mloss:  2.57838  [38;2;180;60;0mgrad_norm:  0.6868  [38;2;54;234;195mmemory:  0.29GiB(0.21%)  [34mtps: 571  [36mtflops: 0.09  [35mmfu: 0.01%[39m
[titan] 2026-09-21 05:43:42,364 - torchtitan.observability.metrics - INFO - [31mstep: 64  [32mloss: -2.00000  [38;2;180;60;0mgrad_norm:  0.6868  [38;2;54;234;195mmemory:  0.31GiB(0.22%)  [34mtps: 571  [36mtflops: 0.09  [35mmfu: 0.01%[39m
[titan] 2026-09-21 05:43:42,364 - torchtitan.observability.metrics - INFO - [31mstep: 64  [32mloss: -2.00000  [38;2;180;60;0mgrad_norm:  0.6868  [38;2;54;234;195mmemory:  0.31GiB(0.22%)  [34mtps: 571  [36mtflops: 0.09  [35mmfu: 0.01%[39m
[titan] 2026-09-21 05:43:43,266 - torchtitan.observability.metrics - INFO - [31mstep: 65  [32mloss:  2.62586  [38;2;180;60;0mgrad_norm:  0.7370  [38;2;54;234;195mmemory:  0.29GiB(0.21%)  [34mtps: 564  [36mtflops: 0.09  [35mmfu: 0.01%[39m
[titan] 2026-09-21 05:43:43,266 - torchtitan.observability.metrics - INFO - [31mstep: 65  [32mloss:  2.62586  [38;2;180;60;0mgrad_norm:  0.7370  [38;2;54;234;195mmemory:  0.29GiB(0.21%)  [34mtps: 564  [36mtflops: 0.09  [35mmfu: 0.01%[39m
[titan] 2026-09-21 05:43:43,273 - torchtitan.observability.metrics - INFO - [31mstep: 65  [32mloss: -2.00000  [38;2;180;60;0mgrad_norm:  0.7370  [38;2;54;234;195mmemory:  0.31GiB(0.22%)  [34mtps: 564  [36mtflops: 0.09  [35mmfu: 0.01%[39m
[titan] 2026-09-21 05:43:43,273 - torchtitan.observability.metrics - INFO - [31mstep: 65  [32mloss: -2.00000  [38;2;180;60;0mgrad_norm:  0.7370  [38;2;54;234;195mmemory:  0.31GiB(0.22%)  [34mtps: 563  [36mtflops: 0.09  [35mmfu: 0.01%[39m
[titan] 2026-09-21 05:43:44,172 - torchtitan.observability.metrics - INFO - [31mstep: 66  [32mloss:  2.48969  [38;2;180;60;0mgrad_norm:  0.5240  [38;2;54;234;195mmemory:  0.29GiB(0.21%)  [34mtps: 565  [36mtflops: 0.09  [35mmfu: 0.01%[39m
[titan] 2026-09-21 05:43:44,172 - torchtitan.observability.metrics - INFO - [31mstep: 66  [32mloss:  2.48969  [38;2;180;60;0mgrad_norm:  0.5240  [38;2;54;234;195mmemory:  0.29GiB(0.21%)  [34mtps: 565  [36mtflops: 0.09  [35mmfu: 0.01%[39m
[titan] 2026-09-21 05:43:44,178 - torchtitan.observability.metrics - INFO - [31mstep: 66  [32mloss: -2.00000  [38;2;180;60;0mgrad_norm:  0.5240  [38;2;54;234;195mmemory:  0.31GiB(0.22%)  [34mtps: 566  [36mtflops: 0.09  [35mmfu: 0.01%[39m
[titan] 2026-09-21 05:43:44,178 - torchtitan.observability.metrics - INFO - [31mstep: 66  [32mloss: -2.00000  [38;2;180;60;0mgrad_norm:  0.5240  [38;2;54;234;195mmemory:  0.31GiB(0.22%)  [34mtps: 566  [36mtflops: 0.09  [35mmfu: 0.01%[39m
[titan] 2026-09-21 05:43:45,075 - torchtitan.observability.metrics - INFO - [31mstep: 67  [32mloss:  2.42599  [38;2;180;60;0mgrad_norm:  0.6428  [38;2;54;234;195mmemory:  0.29GiB(0.21%)  [34mtps: 567  [36mtflops: 0.09  [35mmfu: 0.01%[39m
[titan] 2026-09-21 05:43:45,075 - torchtitan.observability.metrics - INFO - [31mstep: 67  [32mloss:  2.42599  [38;2;180;60;0mgrad_norm:  0.6428  [38;2;54;234;195mmemory:  0.29GiB(0.21%)  [34mtps: 567  [36mtflops: 0.09  [35mmfu: 0.01%[39m
[titan] 2026-09-21 05:43:45,080 - torchtitan.observability.metrics - INFO - [31mstep: 67  [32mloss: -2.00000  [38;2;180;60;0mgrad_norm:  0.6428  [38;2;54;234;195mmemory:  0.31GiB(0.22%)  [34mtps: 567  [36mtflops: 0.09  [35mmfu: 0.01%[39m
[titan] 2026-09-21 05:43:45,080 - torchtitan.observability.metrics - INFO - [31mstep: 67  [32mloss: -2.00000  [38;2;180;60;0mgrad_norm:  0.6428  [38;2;54;234;195mmemory:  0.31GiB(0.22%)  [34mtps: 567  [36mtflops: 0.09  [35mmfu: 0.01%[39m
[titan] 2026-09-21 05:43:45,968 - torchtitan.observability.metrics - INFO - [31mstep: 68  [32mloss:  2.47102  [38;2;180;60;0mgrad_norm:  0.6113  [38;2;54;234;195mmemory:  0.29GiB(0.21%)  [34mtps: 573  [36mtflops: 0.09  [35mmfu: 0.01%[39m
[titan] 2026-09-21 05:43:45,968 - torchtitan.observability.metrics - INFO - [31mstep: 68  [32mloss:  2.47102  [38;2;180;60;0mgrad_norm:  0.6113  [38;2;54;234;195mmemory:  0.29GiB(0.21%)  [34mtps: 573  [36mtflops: 0.09  [35mmfu: 0.01%[39m
[titan] 2026-09-21 05:43:45,973 - torchtitan.observability.metrics - INFO - [31mstep: 68  [32mloss: -2.00000  [38;2;180;60;0mgrad_norm:  0.6113  [38;2;54;234;195mmemory:  0.31GiB(0.22%)  [34mtps: 573  [36mtflops: 0.09  [35mmfu: 0.01%[39m
[titan] 2026-09-21 05:43:45,974 - torchtitan.observability.metrics - INFO - [31mstep: 68  [32mloss: -2.00000  [38;2;180;60;0mgrad_norm:  0.6113  [38;2;54;234;195mmemory:  0.31GiB(0.22%)  [34mtps: 573  [36mtflops: 0.09  [35mmfu: 0.01%[39m
[titan] 2026-09-21 05:43:46,862 - torchtitan.observability.metrics - INFO - [31mstep: 69  [32mloss:  2.62367  [38;2;180;60;0mgrad_norm:  0.6581  [38;2;54;234;195mmemory:  0.29GiB(0.21%)  [34mtps: 573  [36mtflops: 0.09  [35mmfu: 0.01%[39m
[titan] 2026-09-21 05:43:46,862 - torchtitan.observability.metrics - INFO - [31mstep: 69  [32mloss:  2.62367  [38;2;180;60;0mgrad_norm:  0.6581  [38;2;54;234;195mmemory:  0.29GiB(0.21%)  [34mtps: 573  [36mtflops: 0.09  [35mmfu: 0.01%[39m
[titan] 2026-09-21 05:43:46,867 - torchtitan.observability.metrics - INFO - [31mstep: 69  [32mloss: -2.00000  [38;2;180;60;0mgrad_norm:  0.6581  [38;2;54;234;195mmemory:  0.31GiB(0.22%)  [34mtps: 573  [36mtflops: 0.09  [35mmfu: 0.01%[39m
[titan] 2026-09-21 05:43:46,867 - torchtitan.observability.metrics - INFO - [31mstep: 69  [32mloss: -2.00000  [38;2;180;60;0mgrad_norm:  0.6581  [38;2;54;234;195mmemory:  0.31GiB(0.22%)  [34mtps: 573  [36mtflops: 0.09  [35mmfu: 0.01%[39m
[titan] 2026-09-21 05:43:47,754 - torchtitan.observability.metrics - INFO - [31mstep: 70  [32mloss:  2.62029  [38;2;180;60;0mgrad_norm:  0.5680  [38;2;54;234;195mmemory:  0.29GiB(0.21%)  [34mtps: 574  [36mtflops: 0.09  [35mmfu: 0.01%[39m
[titan] 2026-09-21 05:43:47,754 - torchtitan.observability.metrics - INFO - [31mstep: 70  [32mloss:  2.62029  [38;2;180;60;0mgrad_norm:  0.5680  [38;2;54;234;195mmemory:  0.29GiB(0.21%)  [34mtps: 574  [36mtflops: 0.09  [35mmfu: 0.01%[39m
[titan] 2026-09-21 05:43:47,760 - torchtitan.observability.metrics - INFO - [31mstep: 70  [32mloss: -2.00000  [38;2;180;60;0mgrad_norm:  0.5680  [38;2;54;234;195mmemory:  0.31GiB(0.22%)  [34mtps: 574  [36mtflops: 0.09  [35mmfu: 0.01%[39m
[titan] 2026-09-21 05:43:47,760 - torchtitan.observability.metrics - INFO - [31mstep: 70  [32mloss: -2.00000  [38;2;180;60;0mgrad_norm:  0.5680  [38;2;54;234;195mmemory:  0.31GiB(0.22%)  [34mtps: 574  [36mtflops: 0.09  [35mmfu: 0.01%[39m
[titan] 2026-09-21 05:43:48,649 - torchtitan.observability.metrics - INFO - [31mstep: 71  [32mloss:  2.37244  [38;2;180;60;0mgrad_norm:  0.6211  [38;2;54;234;195mmemory:  0.29GiB(0.21%)  [34mtps: 572  [36mtflops: 0.09  [35mmfu: 0.01%[39m
[titan] 2026-09-21 05:43:48,649 - torchtitan.observability.metrics - INFO - [31mstep: 71  [32mloss:  2.37244  [38;2;180;60;0mgrad_norm:  0.6211  [38;2;54;234;195mmemory:  0.29GiB(0.21%)  [34mtps: 572  [36mtflops: 0.09  [35mmfu: 0.01%[39m
[titan] 2026-09-21 05:43:48,655 - torchtitan.observability.metrics - INFO - [31mstep: 71  [32mloss: -2.00000  [38;2;180;60;0mgrad_norm:  0.6211  [38;2;54;234;195mmemory:  0.31GiB(0.22%)  [34mtps: 572  [36mtflops: 0.09  [35mmfu: 0.01%[39m
[titan] 2026-09-21 05:43:48,655 - torchtitan.observability.metrics - INFO - [31mstep: 71  [32mloss: -2.00000  [38;2;180;60;0mgrad_norm:  0.6211  [38;2;54;234;195mmemory:  0.31GiB(0.22%)  [34mtps: 572  [36mtflops: 0.09  [35mmfu: 0.01%[39m
[titan] 2026-09-21 05:43:49,548 - torchtitan.observability.metrics - INFO - [31mstep: 72  [32mloss:  2.42703  [38;2;180;60;0mgrad_norm:  0.7238  [38;2;54;234;195mmemory:  0.29GiB(0.21%)  [34mtps: 570  [36mtflops: 0.09  [35mmfu: 0.01%[39m
[titan] 2026-09-21 05:43:49,548 - torchtitan.observability.metrics - INFO - [31mstep: 72  [32mloss:  2.42703  [38;2;180;60;0mgrad_norm:  0.7238  [38;2;54;234;195mmemory:  0.29GiB(0.21%)  [34mtps: 570  [36mtflops: 0.09  [35mmfu: 0.01%[39m
[titan] 2026-09-21 05:43:49,553 - torchtitan.observability.metrics - INFO - [31mstep: 72  [32mloss: -2.00000  [38;2;180;60;0mgrad_norm:  0.7238  [38;2;54;234;195mmemory:  0.31GiB(0.22%)  [34mtps: 570  [36mtflops: 0.09  [35mmfu: 0.01%[39m
[titan] 2026-09-21 05:43:49,553 - torchtitan.observability.metrics - INFO - [31mstep: 72  [32mloss: -2.00000  [38;2;180;60;0mgrad_norm:  0.7238  [38;2;54;234;195mmemory:  0.31GiB(0.22%)  [34mtps: 570  [36mtflops: 0.09  [35mmfu: 0.01%[39m
[titan] 2026-09-21 05:43:50,438 - torchtitan.observability.metrics - INFO - [31mstep: 73  [32mloss:  2.41472  [38;2;180;60;0mgrad_norm:  0.6442  [38;2;54;234;195mmemory:  0.29GiB(0.21%)  [34mtps: 575  [36mtflops: 0.09  [35mmfu: 0.01%[39m
[titan] 2026-09-21 05:43:50,438 - torchtitan.observability.metrics - INFO - [31mstep: 73  [32mloss:  2.41472  [38;2;180;60;0mgrad_norm:  0.6442  [38;2;54;234;195mmemory:  0.29GiB(0.21%)  [34mtps: 575  [36mtflops: 0.09  [35mmfu: 0.01%[39m
[titan] 2026-09-21 05:43:50,443 - torchtitan.observability.metrics - INFO - [31mstep: 73  [32mloss: -2.00000  [38;2;180;60;0mgrad_norm:  0.6442  [38;2;54;234;195mmemory:  0.31GiB(0.22%)  [34mtps: 575  [36mtflops: 0.09  [35mmfu: 0.01%[39m
[titan] 2026-09-21 05:43:50,443 - torchtitan.observability.metrics - INFO - [31mstep: 73  [32mloss: -2.00000  [38;2;180;60;0mgrad_norm:  0.6442  [38;2;54;234;195mmemory:  0.31GiB(0.22%)  [34mtps: 575  [36mtflops: 0.09  [35mmfu: 0.01%[39m
[titan] 2026-09-21 05:43:51,334 - torchtitan.observability.metrics - INFO - [31mstep: 74  [32mloss:  2.45206  [38;2;180;60;0mgrad_norm:  0.5937  [38;2;54;234;195mmemory:  0.29GiB(0.21%)  [34mtps: 572  [36mtflops: 0.09  [35mmfu: 0.01%[39m
[titan] 2026-09-21 05:43:51,334 - torchtitan.observability.metrics - INFO - [31mstep: 74  [32mloss:  2.45206  [38;2;180;60;0mgrad_norm:  0.5937  [38;2;54;234;195mmemory:  0.29GiB(0.21%)  [34mtps: 572  [36mtflops: 0.09  [35mmfu: 0.01%[39m
[titan] 2026-09-21 05:43:51,339 - torchtitan.observability.metrics - INFO - [31mstep: 74  [32mloss: -2.00000  [38;2;180;60;0mgrad_norm:  0.5937  [38;2;54;234;195mmemory:  0.31GiB(0.22%)  [34mtps: 572  [36mtflops: 0.09  [35mmfu: 0.01%[39m
[titan] 2026-09-21 05:43:51,339 - torchtitan.observability.metrics - INFO - [31mstep: 74  [32mloss: -2.00000  [38;2;180;60;0mgrad_norm:  0.5937  [38;2;54;234;195mmemory:  0.31GiB(0.22%)  [34mtps: 572  [36mtflops: 0.09  [35mmfu: 0.01%[39m
[titan] 2026-09-21 05:43:52,226 - torchtitan.observability.metrics - INFO - [31mstep: 75  [32mloss:  2.56713  [38;2;180;60;0mgrad_norm:  0.6619  [38;2;54;234;195mmemory:  0.29GiB(0.21%)  [34mtps: 574  [36mtflops: 0.09  [35mmfu: 0.01%[39m
[titan] 2026-09-21 05:43:52,226 - torchtitan.observability.metrics - INFO - [31mstep: 75  [32mloss:  2.56713  [38;2;180;60;0mgrad_norm:  0.6619  [38;2;54;234;195mmemory:  0.29GiB(0.21%)  [34mtps: 574  [36mtflops: 0.09  [35mmfu: 0.01%[39m
[titan] 2026-09-21 05:43:52,232 - torchtitan.observability.metrics - INFO - [31mstep: 75  [32mloss: -2.00000  [38;2;180;60;0mgrad_norm:  0.6619  [38;2;54;234;195mmemory:  0.31GiB(0.22%)  [34mtps: 574  [36mtflops: 0.09  [35mmfu: 0.01%[39m
[titan] 2026-09-21 05:43:52,232 - torchtitan.observability.metrics - INFO - [31mstep: 75  [32mloss: -2.00000  [38;2;180;60;0mgrad_norm:  0.6619  [38;2;54;234;195mmemory:  0.31GiB(0.22%)  [34mtps: 574  [36mtflops: 0.09  [35mmfu: 0.01%[39m
[titan] 2026-09-21 05:43:53,119 - torchtitan.observability.metrics - INFO - [31mstep: 76  [32mloss:  2.34600  [38;2;180;60;0mgrad_norm:  0.5755  [38;2;54;234;195mmemory:  0.29GiB(0.21%)  [34mtps: 574  [36mtflops: 0.09  [35mmfu: 0.01%[39m
[titan] 2026-09-21 05:43:53,119 - torchtitan.observability.metrics - INFO - [31mstep: 76  [32mloss:  2.34600  [38;2;180;60;0mgrad_norm:  0.5755  [38;2;54;234;195mmemory:  0.29GiB(0.21%)  [34mtps: 574  [36mtflops: 0.09  [35mmfu: 0.01%[39m
[titan] 2026-09-21 05:43:53,125 - torchtitan.observability.metrics - INFO - [31mstep: 76  [32mloss: -2.00000  [38;2;180;60;0mgrad_norm:  0.5755  [38;2;54;234;195mmemory:  0.31GiB(0.22%)  [34mtps: 574  [36mtflops: 0.09  [35mmfu: 0.01%[39m
[titan] 2026-09-21 05:43:53,125 - torchtitan.observability.metrics - INFO - [31mstep: 76  [32mloss: -2.00000  [38;2;180;60;0mgrad_norm:  0.5755  [38;2;54;234;195mmemory:  0.31GiB(0.22%)  [34mtps: 574  [36mtflops: 0.09  [35mmfu: 0.01%[39m
[titan] 2026-09-21 05:43:54,011 - torchtitan.observability.metrics - INFO - [31mstep: 77  [32mloss:  2.46693  [38;2;180;60;0mgrad_norm:  0.6158  [38;2;54;234;195mmemory:  0.29GiB(0.21%)  [34mtps: 574  [36mtflops: 0.09  [35mmfu: 0.01%[39m
[titan] 2026-09-21 05:43:54,011 - torchtitan.observability.metrics - INFO - [31mstep: 77  [32mloss:  2.46693  [38;2;180;60;0mgrad_norm:  0.6158  [38;2;54;234;195mmemory:  0.29GiB(0.21%)  [34mtps: 574  [36mtflops: 0.09  [35mmfu: 0.01%[39m
[titan] 2026-09-21 05:43:54,017 - torchtitan.observability.metrics - INFO - [31mstep: 77  [32mloss: -2.00000  [38;2;180;60;0mgrad_norm:  0.6158  [38;2;54;234;195mmemory:  0.31GiB(0.22%)  [34mtps: 574  [36mtflops: 0.09  [35mmfu: 0.01%[39m
[titan] 2026-09-21 05:43:54,017 - torchtitan.observability.metrics - INFO - [31mstep: 77  [32mloss: -2.00000  [38;2;180;60;0mgrad_norm:  0.6158  [38;2;54;234;195mmemory:  0.31GiB(0.22%)  [34mtps: 574  [36mtflops: 0.09  [35mmfu: 0.01%[39m
[titan] 2026-09-21 05:43:54,903 - torchtitan.observability.metrics - INFO - [31mstep: 78  [32mloss:  2.41013  [38;2;180;60;0mgrad_norm:  0.8018  [38;2;54;234;195mmemory:  0.29GiB(0.21%)  [34mtps: 574  [36mtflops: 0.09  [35mmfu: 0.01%[39m
[titan] 2026-09-21 05:43:54,904 - torchtitan.observability.metrics - INFO - [31mstep: 78  [32mloss:  2.41013  [38;2;180;60;0mgrad_norm:  0.8018  [38;2;54;234;195mmemory:  0.29GiB(0.21%)  [34mtps: 574  [36mtflops: 0.09  [35mmfu: 0.01%[39m
[titan] 2026-09-21 05:43:54,909 - torchtitan.observability.metrics - INFO - [31mstep: 78  [32mloss: -2.00000  [38;2;180;60;0mgrad_norm:  0.8018  [38;2;54;234;195mmemory:  0.31GiB(0.22%)  [34mtps: 574  [36mtflops: 0.09  [35mmfu: 0.01%[39m
[titan] 2026-09-21 05:43:54,909 - torchtitan.observability.metrics - INFO - [31mstep: 78  [32mloss: -2.00000  [38;2;180;60;0mgrad_norm:  0.8018  [38;2;54;234;195mmemory:  0.31GiB(0.22%)  [34mtps: 574  [36mtflops: 0.09  [35mmfu: 0.01%[39m
[titan] 2026-09-21 05:43:55,795 - torchtitan.observability.metrics - INFO - [31mstep: 79  [32mloss:  2.45785  [38;2;180;60;0mgrad_norm:  0.6068  [38;2;54;234;195mmemory:  0.29GiB(0.21%)  [34mtps: 574  [36mtflops: 0.09  [35mmfu: 0.01%[39m
[titan] 2026-09-21 05:43:55,795 - torchtitan.observability.metrics - INFO - [31mstep: 79  [32mloss:  2.45785  [38;2;180;60;0mgrad_norm:  0.6068  [38;2;54;234;195mmemory:  0.29GiB(0.21%)  [34mtps: 574  [36mtflops: 0.09  [35mmfu: 0.01%[39m
[titan] 2026-09-21 05:43:55,801 - torchtitan.observability.metrics - INFO - [31mstep: 79  [32mloss: -2.00000  [38;2;180;60;0mgrad_norm:  0.6068  [38;2;54;234;195mmemory:  0.31GiB(0.22%)  [34mtps: 574  [36mtflops: 0.09  [35mmfu: 0.01%[39m
[titan] 2026-09-21 05:43:55,801 - torchtitan.observability.metrics - INFO - [31mstep: 79  [32mloss: -2.00000  [38;2;180;60;0mgrad_norm:  0.6068  [38;2;54;234;195mmemory:  0.31GiB(0.22%)  [34mtps: 574  [36mtflops: 0.09  [35mmfu: 0.01%[39m
[titan] 2026-09-21 05:43:56,690 - torchtitan.observability.metrics - INFO - [31mstep: 80  [32mloss:  2.51177  [38;2;180;60;0mgrad_norm:  0.7273  [38;2;54;234;195mmemory:  0.29GiB(0.21%)  [34mtps: 572  [36mtflops: 0.09  [35mmfu: 0.01%[39m
[titan] 2026-09-21 05:43:56,690 - torchtitan.observability.metrics - INFO - [31mstep: 80  [32mloss:  2.51177  [38;2;180;60;0mgrad_norm:  0.7273  [38;2;54;234;195mmemory:  0.29GiB(0.21%)  [34mtps: 572  [36mtflops: 0.09  [35mmfu: 0.01%[39m
[titan] 2026-09-21 05:43:56,696 - torchtitan.observability.metrics - INFO - [31mstep: 80  [32mloss: -2.00000  [38;2;180;60;0mgrad_norm:  0.7273  [38;2;54;234;195mmemory:  0.31GiB(0.22%)  [34mtps: 572  [36mtflops: 0.09  [35mmfu: 0.01%[39m
[titan] 2026-09-21 05:43:56,696 - torchtitan.observability.metrics - INFO - [31mstep: 80  [32mloss: -2.00000  [38;2;180;60;0mgrad_norm:  0.7273  [38;2;54;234;195mmemory:  0.31GiB(0.22%)  [34mtps: 572  [36mtflops: 0.09  [35mmfu: 0.01%[39m
[titan] 2026-09-21 05:43:57,591 - torchtitan.observability.metrics - INFO - [31mstep: 81  [32mloss:  2.43730  [38;2;180;60;0mgrad_norm:  0.7043  [38;2;54;234;195mmemory:  0.29GiB(0.21%)  [34mtps: 569  [36mtflops: 0.09  [35mmfu: 0.01%[39m
[titan] 2026-09-21 05:43:57,591 - torchtitan.observability.metrics - INFO - [31mstep: 81  [32mloss:  2.43730  [38;2;180;60;0mgrad_norm:  0.7043  [38;2;54;234;195mmemory:  0.29GiB(0.21%)  [34mtps: 568  [36mtflops: 0.09  [35mmfu: 0.01%[39m
[titan] 2026-09-21 05:43:57,597 - torchtitan.observability.metrics - INFO - [31mstep: 81  [32mloss: -2.00000  [38;2;180;60;0mgrad_norm:  0.7043  [38;2;54;234;195mmemory:  0.31GiB(0.22%)  [34mtps: 569  [36mtflops: 0.09  [35mmfu: 0.01%[39m
[titan] 2026-09-21 05:43:57,597 - torchtitan.observability.metrics - INFO - [31mstep: 81  [32mloss: -2.00000  [38;2;180;60;0mgrad_norm:  0.7043  [38;2;54;234;195mmemory:  0.31GiB(0.22%)  [34mtps: 569  [36mtflops: 0.09  [35mmfu: 0.01%[39m
[titan] 2026-09-21 05:43:58,486 - torchtitan.observability.metrics - INFO - [31mstep: 82  [32mloss:  2.39960  [38;2;180;60;0mgrad_norm:  0.6161  [38;2;54;234;195mmemory:  0.29GiB(0.21%)  [34mtps: 572  [36mtflops: 0.09  [35mmfu: 0.01%[39m
[titan] 2026-09-21 05:43:58,486 - torchtitan.observability.metrics - INFO - [31mstep: 82  [32mloss:  2.39960  [38;2;180;60;0mgrad_norm:  0.6161  [38;2;54;234;195mmemory:  0.29GiB(0.21%)  [34mtps: 572  [36mtflops: 0.09  [35mmfu: 0.01%[39m
[titan] 2026-09-21 05:43:58,491 - torchtitan.observability.metrics - INFO - [31mstep: 82  [32mloss: -2.00000  [38;2;180;60;0mgrad_norm:  0.6161  [38;2;54;234;195mmemory:  0.31GiB(0.22%)  [34mtps: 572  [36mtflops: 0.09  [35mmfu: 0.01%[39m
[titan] 2026-09-21 05:43:58,491 - torchtitan.observability.metrics - INFO - [31mstep: 82  [32mloss: -2.00000  [38;2;180;60;0mgrad_norm:  0.6161  [38;2;54;234;195mmemory:  0.31GiB(0.22%)  [34mtps: 572  [36mtflops: 0.09  [35mmfu: 0.01%[39m
[titan] 2026-09-21 05:43:59,379 - torchtitan.observability.metrics - INFO - [31mstep: 83  [32mloss:  2.39213  [38;2;180;60;0mgrad_norm:  0.5212  [38;2;54;234;195mmemory:  0.29GiB(0.21%)  [34mtps: 574  [36mtflops: 0.09  [35mmfu: 0.01%[39m
[titan] 2026-09-21 05:43:59,379 - torchtitan.observability.metrics - INFO - [31mstep: 83  [32mloss:  2.39213  [38;2;180;60;0mgrad_norm:  0.5212  [38;2;54;234;195mmemory:  0.29GiB(0.21%)  [34mtps: 574  [36mtflops: 0.09  [35mmfu: 0.01%[39m
[titan] 2026-09-21 05:43:59,384 - torchtitan.observability.metrics - INFO - [31mstep: 83  [32mloss: -2.00000  [38;2;180;60;0mgrad_norm:  0.5212  [38;2;54;234;195mmemory:  0.31GiB(0.22%)  [34mtps: 574  [36mtflops: 0.09  [35mmfu: 0.01%[39m
[titan] 2026-09-21 05:43:59,384 - torchtitan.observability.metrics - INFO - [31mstep: 83  [32mloss: -2.00000  [38;2;180;60;0mgrad_norm:  0.5212  [38;2;54;234;195mmemory:  0.31GiB(0.22%)  [34mtps: 574  [36mtflops: 0.09  [35mmfu: 0.01%[39m
[titan] 2026-09-21 05:44:00,277 - torchtitan.observability.metrics - INFO - [31mstep: 84  [32mloss:  2.41783  [38;2;180;60;0mgrad_norm:  0.6275  [38;2;54;234;195mmemory:  0.29GiB(0.21%)  [34mtps: 570  [36mtflops: 0.09  [35mmfu: 0.01%[39m
[titan] 2026-09-21 05:44:00,277 - torchtitan.observability.metrics - INFO - [31mstep: 84  [32mloss:  2.41783  [38;2;180;60;0mgrad_norm:  0.6275  [38;2;54;234;195mmemory:  0.29GiB(0.21%)  [34mtps: 570  [36mtflops: 0.09  [35mmfu: 0.01%[39m
[titan] 2026-09-21 05:44:00,283 - torchtitan.observability.metrics - INFO - [31mstep: 84  [32mloss: -2.00000  [38;2;180;60;0mgrad_norm:  0.6275  [38;2;54;234;195mmemory:  0.31GiB(0.22%)  [34mtps: 570  [36mtflops: 0.09  [35mmfu: 0.01%[39m
[titan] 2026-09-21 05:44:00,283 - torchtitan.observability.metrics - INFO - [31mstep: 84  [32mloss: -2.00000  [38;2;180;60;0mgrad_norm:  0.6275  [38;2;54;234;195mmemory:  0.31GiB(0.22%)  [34mtps: 570  [36mtflops: 0.09  [35mmfu: 0.01%[39m
[titan] 2026-09-21 05:44:01,172 - torchtitan.observability.metrics - INFO - [31mstep: 85  [32mloss:  2.47415  [38;2;180;60;0mgrad_norm:  0.6726  [38;2;54;234;195mmemory:  0.29GiB(0.21%)  [34mtps: 572  [36mtflops: 0.09  [35mmfu: 0.01%[39m
[titan] 2026-09-21 05:44:01,172 - torchtitan.observability.metrics - INFO - [31mstep: 85  [32mloss:  2.47415  [38;2;180;60;0mgrad_norm:  0.6726  [38;2;54;234;195mmemory:  0.29GiB(0.21%)  [34mtps: 572  [36mtflops: 0.09  [35mmfu: 0.01%[39m
[titan] 2026-09-21 05:44:01,178 - torchtitan.observability.metrics - INFO - [31mstep: 85  [32mloss: -2.00000  [38;2;180;60;0mgrad_norm:  0.6726  [38;2;54;234;195mmemory:  0.31GiB(0.22%)  [34mtps: 572  [36mtflops: 0.09  [35mmfu: 0.01%[39m
[titan] 2026-09-21 05:44:01,178 - torchtitan.observability.metrics - INFO - [31mstep: 85  [32mloss: -2.00000  [38;2;180;60;0mgrad_norm:  0.6726  [38;2;54;234;195mmemory:  0.31GiB(0.22%)  [34mtps: 572  [36mtflops: 0.09  [35mmfu: 0.01%[39m
[titan] 2026-09-21 05:44:02,066 - torchtitan.observability.metrics - INFO - [31mstep: 86  [32mloss:  2.36636  [38;2;180;60;0mgrad_norm:  0.6325  [38;2;54;234;195mmemory:  0.29GiB(0.21%)  [34mtps: 573  [36mtflops: 0.09  [35mmfu: 0.01%[39m
[titan] 2026-09-21 05:44:02,066 - torchtitan.observability.metrics - INFO - [31mstep: 86  [32mloss:  2.36636  [38;2;180;60;0mgrad_norm:  0.6325  [38;2;54;234;195mmemory:  0.29GiB(0.21%)  [34mtps: 573  [36mtflops: 0.09  [35mmfu: 0.01%[39m
[titan] 2026-09-21 05:44:02,072 - torchtitan.observability.metrics - INFO - [31mstep: 86  [32mloss: -2.00000  [38;2;180;60;0mgrad_norm:  0.6325  [38;2;54;234;195mmemory:  0.31GiB(0.22%)  [34mtps: 573  [36mtflops: 0.09  [35mmfu: 0.01%[39m
[titan] 2026-09-21 05:44:02,072 - torchtitan.observability.metrics - INFO - [31mstep: 86  [32mloss: -2.00000  [38;2;180;60;0mgrad_norm:  0.6325  [38;2;54;234;195mmemory:  0.31GiB(0.22%)  [34mtps: 573  [36mtflops: 0.09  [35mmfu: 0.01%[39m
[titan] 2026-09-21 05:44:02,959 - torchtitan.observability.metrics - INFO - [31mstep: 87  [32mloss:  2.46107  [38;2;180;60;0mgrad_norm:  0.6540  [38;2;54;234;195mmemory:  0.29GiB(0.21%)  [34mtps: 573  [36mtflops: 0.09  [35mmfu: 0.01%[39m
[titan] 2026-09-21 05:44:02,959 - torchtitan.observability.metrics - INFO - [31mstep: 87  [32mloss:  2.46107  [38;2;180;60;0mgrad_norm:  0.6540  [38;2;54;234;195mmemory:  0.29GiB(0.21%)  [34mtps: 573  [36mtflops: 0.09  [35mmfu: 0.01%[39m
[titan] 2026-09-21 05:44:02,965 - torchtitan.observability.metrics - INFO - [31mstep: 87  [32mloss: -2.00000  [38;2;180;60;0mgrad_norm:  0.6540  [38;2;54;234;195mmemory:  0.31GiB(0.22%)  [34mtps: 573  [36mtflops: 0.09  [35mmfu: 0.01%[39m
[titan] 2026-09-21 05:44:02,965 - torchtitan.observability.metrics - INFO - [31mstep: 87  [32mloss: -2.00000  [38;2;180;60;0mgrad_norm:  0.6540  [38;2;54;234;195mmemory:  0.31GiB(0.22%)  [34mtps: 573  [36mtflops: 0.09  [35mmfu: 0.01%[39m
[titan] 2026-09-21 05:44:03,855 - torchtitan.observability.metrics - INFO - [31mstep: 88  [32mloss:  2.50279  [38;2;180;60;0mgrad_norm:  0.6383  [38;2;54;234;195mmemory:  0.29GiB(0.21%)  [34mtps: 572  [36mtflops: 0.09  [35mmfu: 0.01%[39m
[titan] 2026-09-21 05:44:03,855 - torchtitan.observability.metrics - INFO - [31mstep: 88  [32mloss:  2.50279  [38;2;180;60;0mgrad_norm:  0.6383  [38;2;54;234;195mmemory:  0.29GiB(0.21%)  [34mtps: 572  [36mtflops: 0.09  [35mmfu: 0.01%[39m
[titan] 2026-09-21 05:44:03,861 - torchtitan.observability.metrics - INFO - [31mstep: 88  [32mloss: -2.00000  [38;2;180;60;0mgrad_norm:  0.6383  [38;2;54;234;195mmemory:  0.31GiB(0.22%)  [34mtps: 572  [36mtflops: 0.09  [35mmfu: 0.01%[39m
[titan] 2026-09-21 05:44:03,861 - torchtitan.observability.metrics - INFO - [31mstep: 88  [32mloss: -2.00000  [38;2;180;60;0mgrad_norm:  0.6383  [38;2;54;234;195mmemory:  0.31GiB(0.22%)  [34mtps: 572  [36mtflops: 0.09  [35mmfu: 0.01%[39m
[titan] 2026-09-21 05:44:04,750 - torchtitan.observability.metrics - INFO - [31mstep: 89  [32mloss:  2.43056  [38;2;180;60;0mgrad_norm:  0.6757  [38;2;54;234;195mmemory:  0.29GiB(0.21%)  [34mtps: 572  [36mtflops: 0.09  [35mmfu: 0.01%[39m
[titan] 2026-09-21 05:44:04,750 - torchtitan.observability.metrics - INFO - [31mstep: 89  [32mloss:  2.43056  [38;2;180;60;0mgrad_norm:  0.6757  [38;2;54;234;195mmemory:  0.29GiB(0.21%)  [34mtps: 572  [36mtflops: 0.09  [35mmfu: 0.01%[39m
[titan] 2026-09-21 05:44:04,755 - torchtitan.observability.metrics - INFO - [31mstep: 89  [32mloss: -2.00000  [38;2;180;60;0mgrad_norm:  0.6757  [38;2;54;234;195mmemory:  0.31GiB(0.22%)  [34mtps: 572  [36mtflops: 0.09  [35mmfu: 0.01%[39m
[titan] 2026-09-21 05:44:04,755 - torchtitan.observability.metrics - INFO - [31mstep: 89  [32mloss: -2.00000  [38;2;180;60;0mgrad_norm:  0.6757  [38;2;54;234;195mmemory:  0.31GiB(0.22%)  [34mtps: 572  [36mtflops: 0.09  [35mmfu: 0.01%[39m
[titan] 2026-09-21 05:44:05,653 - torchtitan.observability.metrics - INFO - [31mstep: 90  [32mloss:  2.35745  [38;2;180;60;0mgrad_norm:  0.5850  [38;2;54;234;195mmemory:  0.29GiB(0.21%)  [34mtps: 567  [36mtflops: 0.09  [35mmfu: 0.01%[39m
[titan] 2026-09-21 05:44:05,653 - torchtitan.observability.metrics - INFO - [31mstep: 90  [32mloss:  2.35745  [38;2;180;60;0mgrad_norm:  0.5850  [38;2;54;234;195mmemory:  0.29GiB(0.21%)  [34mtps: 567  [36mtflops: 0.09  [35mmfu: 0.01%[39m
[titan] 2026-09-21 05:44:05,658 - torchtitan.observability.metrics - INFO - [31mstep: 90  [32mloss: -2.00000  [38;2;180;60;0mgrad_norm:  0.5850  [38;2;54;234;195mmemory:  0.31GiB(0.22%)  [34mtps: 567  [36mtflops: 0.09  [35mmfu: 0.01%[39m
[titan] 2026-09-21 05:44:05,659 - torchtitan.observability.metrics - INFO - [31mstep: 90  [32mloss: -2.00000  [38;2;180;60;0mgrad_norm:  0.5850  [38;2;54;234;195mmemory:  0.31GiB(0.22%)  [34mtps: 567  [36mtflops: 0.09  [35mmfu: 0.01%[39m
[titan] 2026-09-21 05:44:06,546 - torchtitan.observability.metrics - INFO - [31mstep: 91  [32mloss:  2.49674  [38;2;180;60;0mgrad_norm:  0.6795  [38;2;54;234;195mmemory:  0.29GiB(0.21%)  [34mtps: 573  [36mtflops: 0.09  [35mmfu: 0.01%[39m
[titan] 2026-09-21 05:44:06,546 - torchtitan.observability.metrics - INFO - [31mstep: 91  [32mloss:  2.49674  [38;2;180;60;0mgrad_norm:  0.6795  [38;2;54;234;195mmemory:  0.29GiB(0.21%)  [34mtps: 573  [36mtflops: 0.09  [35mmfu: 0.01%[39m
[titan] 2026-09-21 05:44:06,552 - torchtitan.observability.metrics - INFO - [31mstep: 91  [32mloss: -2.00000  [38;2;180;60;0mgrad_norm:  0.6795  [38;2;54;234;195mmemory:  0.31GiB(0.22%)  [34mtps: 573  [36mtflops: 0.09  [35mmfu: 0.01%[39m
[titan] 2026-09-21 05:44:06,552 - torchtitan.observability.metrics - INFO - [31mstep: 91  [32mloss: -2.00000  [38;2;180;60;0mgrad_norm:  0.6795  [38;2;54;234;195mmemory:  0.31GiB(0.22%)  [34mtps: 573  [36mtflops: 0.09  [35mmfu: 0.01%[39m
[titan] 2026-09-21 05:44:07,440 - torchtitan.observability.metrics - INFO - [31mstep: 92  [32mloss:  2.45091  [38;2;180;60;0mgrad_norm:  0.6173  [38;2;54;234;195mmemory:  0.29GiB(0.21%)  [34mtps: 573  [36mtflops: 0.09  [35mmfu: 0.01%[39m
[titan] 2026-09-21 05:44:07,440 - torchtitan.observability.metrics - INFO - [31mstep: 92  [32mloss:  2.45091  [38;2;180;60;0mgrad_norm:  0.6173  [38;2;54;234;195mmemory:  0.29GiB(0.21%)  [34mtps: 573  [36mtflops: 0.09  [35mmfu: 0.01%[39m
[titan] 2026-09-21 05:44:07,445 - torchtitan.observability.metrics - INFO - [31mstep: 92  [32mloss: -2.00000  [38;2;180;60;0mgrad_norm:  0.6173  [38;2;54;234;195mmemory:  0.31GiB(0.22%)  [34mtps: 573  [36mtflops: 0.09  [35mmfu: 0.01%[39m
[titan] 2026-09-21 05:44:07,445 - torchtitan.observability.metrics - INFO - [31mstep: 92  [32mloss: -2.00000  [38;2;180;60;0mgrad_norm:  0.6173  [38;2;54;234;195mmemory:  0.31GiB(0.22%)  [34mtps: 573  [36mtflops: 0.09  [35mmfu: 0.01%[39m
[titan] 2026-09-21 05:44:08,338 - torchtitan.observability.metrics - INFO - [31mstep: 93  [32mloss:  2.53412  [38;2;180;60;0mgrad_norm:  0.6439  [38;2;54;234;195mmemory:  0.29GiB(0.21%)  [34mtps: 570  [36mtflops: 0.09  [35mmfu: 0.01%[39m
[titan] 2026-09-21 05:44:08,338 - torchtitan.observability.metrics - INFO - [31mstep: 93  [32mloss:  2.53412  [38;2;180;60;0mgrad_norm:  0.6439  [38;2;54;234;195mmemory:  0.29GiB(0.21%)  [34mtps: 570  [36mtflops: 0.09  [35mmfu: 0.01%[39m
[titan] 2026-09-21 05:44:08,343 - torchtitan.observability.metrics - INFO - [31mstep: 93  [32mloss: -2.00000  [38;2;180;60;0mgrad_norm:  0.6439  [38;2;54;234;195mmemory:  0.31GiB(0.22%)  [34mtps: 570  [36mtflops: 0.09  [35mmfu: 0.01%[39m
[titan] 2026-09-21 05:44:08,344 - torchtitan.observability.metrics - INFO - [31mstep: 93  [32mloss: -2.00000  [38;2;180;60;0mgrad_norm:  0.6439  [38;2;54;234;195mmemory:  0.31GiB(0.22%)  [34mtps: 570  [36mtflops: 0.09  [35mmfu: 0.01%[39m
[titan] 2026-09-21 05:44:09,234 - torchtitan.observability.metrics - INFO - [31mstep: 94  [32mloss:  2.35487  [38;2;180;60;0mgrad_norm:  0.6298  [38;2;54;234;195mmemory:  0.29GiB(0.21%)  [34mtps: 571  [36mtflops: 0.09  [35mmfu: 0.01%[39m
[titan] 2026-09-21 05:44:09,234 - torchtitan.observability.metrics - INFO - [31mstep: 94  [32mloss:  2.35487  [38;2;180;60;0mgrad_norm:  0.6298  [38;2;54;234;195mmemory:  0.29GiB(0.21%)  [34mtps: 571  [36mtflops: 0.09  [35mmfu: 0.01%[39m
[titan] 2026-09-21 05:44:09,240 - torchtitan.observability.metrics - INFO - [31mstep: 94  [32mloss: -2.00000  [38;2;180;60;0mgrad_norm:  0.6298  [38;2;54;234;195mmemory:  0.31GiB(0.22%)  [34mtps: 571  [36mtflops: 0.09  [35mmfu: 0.01%[39m
[titan] 2026-09-21 05:44:09,240 - torchtitan.observability.metrics - INFO - [31mstep: 94  [32mloss: -2.00000  [38;2;180;60;0mgrad_norm:  0.6298  [38;2;54;234;195mmemory:  0.31GiB(0.22%)  [34mtps: 571  [36mtflops: 0.09  [35mmfu: 0.01%[39m
[titan] 2026-09-21 05:44:10,129 - torchtitan.observability.metrics - INFO - [31mstep: 95  [32mloss:  2.49564  [38;2;180;60;0mgrad_norm:  0.6591  [38;2;54;234;195mmemory:  0.29GiB(0.21%)  [34mtps: 572  [36mtflops: 0.09  [35mmfu: 0.01%[39m
[titan] 2026-09-21 05:44:10,129 - torchtitan.observability.metrics - INFO - [31mstep: 95  [32mloss:  2.49564  [38;2;180;60;0mgrad_norm:  0.6591  [38;2;54;234;195mmemory:  0.29GiB(0.21%)  [34mtps: 572  [36mtflops: 0.09  [35mmfu: 0.01%[39m
[titan] 2026-09-21 05:44:10,135 - torchtitan.observability.metrics - INFO - [31mstep: 95  [32mloss: -2.00000  [38;2;180;60;0mgrad_norm:  0.6591  [38;2;54;234;195mmemory:  0.31GiB(0.22%)  [34mtps: 572  [36mtflops: 0.09  [35mmfu: 0.01%[39m
[titan] 2026-09-21 05:44:10,135 - torchtitan.observability.metrics - INFO - [31mstep: 95  [32mloss: -2.00000  [38;2;180;60;0mgrad_norm:  0.6591  [38;2;54;234;195mmemory:  0.31GiB(0.22%)  [34mtps: 572  [36mtflops: 0.09  [35mmfu: 0.01%[39m
[titan] 2026-09-21 05:44:11,024 - torchtitan.observability.metrics - INFO - [31mstep: 96  [32mloss:  2.42500  [38;2;180;60;0mgrad_norm:  0.6495  [38;2;54;234;195mmemory:  0.29GiB(0.21%)  [34mtps: 573  [36mtflops: 0.09  [35mmfu: 0.01%[39m
[titan] 2026-09-21 05:44:11,024 - torchtitan.observability.metrics - INFO - [31mstep: 96  [32mloss:  2.42500  [38;2;180;60;0mgrad_norm:  0.6495  [38;2;54;234;195mmemory:  0.29GiB(0.21%)  [34mtps: 573  [36mtflops: 0.09  [35mmfu: 0.01%[39m
[titan] 2026-09-21 05:44:11,029 - torchtitan.observability.metrics - INFO - [31mstep: 96  [32mloss: -2.00000  [38;2;180;60;0mgrad_norm:  0.6495  [38;2;54;234;195mmemory:  0.31GiB(0.22%)  [34mtps: 573  [36mtflops: 0.09  [35mmfu: 0.01%[39m
[titan] 2026-09-21 05:44:11,030 - torchtitan.observability.metrics - INFO - [31mstep: 96  [32mloss: -2.00000  [38;2;180;60;0mgrad_norm:  0.6495  [38;2;54;234;195mmemory:  0.31GiB(0.22%)  [34mtps: 573  [36mtflops: 0.09  [35mmfu: 0.01%[39m
[titan] 2026-09-21 05:44:11,917 - torchtitan.observability.metrics - INFO - [31mstep: 97  [32mloss:  2.36260  [38;2;180;60;0mgrad_norm:  0.7804  [38;2;54;234;195mmemory:  0.29GiB(0.21%)  [34mtps: 574  [36mtflops: 0.09  [35mmfu: 0.01%[39m
[titan] 2026-09-21 05:44:11,917 - torchtitan.observability.metrics - INFO - [31mstep: 97  [32mloss:  2.36260  [38;2;180;60;0mgrad_norm:  0.7804  [38;2;54;234;195mmemory:  0.29GiB(0.21%)  [34mtps: 574  [36mtflops: 0.09  [35mmfu: 0.01%[39m
[titan] 2026-09-21 05:44:11,922 - torchtitan.observability.metrics - INFO - [31mstep: 97  [32mloss: -2.00000  [38;2;180;60;0mgrad_norm:  0.7804  [38;2;54;234;195mmemory:  0.31GiB(0.22%)  [34mtps: 574  [36mtflops: 0.09  [35mmfu: 0.01%[39m
[titan] 2026-09-21 05:44:11,922 - torchtitan.observability.metrics - INFO - [31mstep: 97  [32mloss: -2.00000  [38;2;180;60;0mgrad_norm:  0.7804  [38;2;54;234;195mmemory:  0.31GiB(0.22%)  [34mtps: 574  [36mtflops: 0.09  [35mmfu: 0.01%[39m
[titan] 2026-09-21 05:44:12,811 - torchtitan.observability.metrics - INFO - [31mstep: 98  [32mloss:  2.50206  [38;2;180;60;0mgrad_norm:  0.5588  [38;2;54;234;195mmemory:  0.29GiB(0.21%)  [34mtps: 573  [36mtflops: 0.09  [35mmfu: 0.01%[39m
[titan] 2026-09-21 05:44:12,811 - torchtitan.observability.metrics - INFO - [31mstep: 98  [32mloss:  2.50206  [38;2;180;60;0mgrad_norm:  0.5588  [38;2;54;234;195mmemory:  0.29GiB(0.21%)  [34mtps: 573  [36mtflops: 0.09  [35mmfu: 0.01%[39m
[titan] 2026-09-21 05:44:12,816 - torchtitan.observability.metrics - INFO - [31mstep: 98  [32mloss: -2.00000  [38;2;180;60;0mgrad_norm:  0.5588  [38;2;54;234;195mmemory:  0.31GiB(0.22%)  [34mtps: 573  [36mtflops: 0.09  [35mmfu: 0.01%[39m
[titan] 2026-09-21 05:44:12,816 - torchtitan.observability.metrics - INFO - [31mstep: 98  [32mloss: -2.00000  [38;2;180;60;0mgrad_norm:  0.5588  [38;2;54;234;195mmemory:  0.31GiB(0.22%)  [34mtps: 573  [36mtflops: 0.09  [35mmfu: 0.01%[39m
[titan] 2026-09-21 05:44:13,706 - torchtitan.observability.metrics - INFO - [31mstep: 99  [32mloss:  2.49595  [38;2;180;60;0mgrad_norm:  0.5766  [38;2;54;234;195mmemory:  0.29GiB(0.21%)  [34mtps: 572  [36mtflops: 0.09  [35mmfu: 0.01%[39m
[titan] 2026-09-21 05:44:13,706 - torchtitan.observability.metrics - INFO - [31mstep: 99  [32mloss:  2.49595  [38;2;180;60;0mgrad_norm:  0.5766  [38;2;54;234;195mmemory:  0.29GiB(0.21%)  [34mtps: 572  [36mtflops: 0.09  [35mmfu: 0.01%[39m
[titan] 2026-09-21 05:44:13,712 - torchtitan.observability.metrics - INFO - [31mstep: 99  [32mloss: -2.00000  [38;2;180;60;0mgrad_norm:  0.5766  [38;2;54;234;195mmemory:  0.31GiB(0.22%)  [34mtps: 572  [36mtflops: 0.09  [35mmfu: 0.01%[39m
[titan] 2026-09-21 05:44:13,712 - torchtitan.observability.metrics - INFO - [31mstep: 99  [32mloss: -2.00000  [38;2;180;60;0mgrad_norm:  0.5766  [38;2;54;234;195mmemory:  0.31GiB(0.22%)  [34mtps: 572  [36mtflops: 0.09  [35mmfu: 0.01%[39m
[titan] 2026-09-21 05:44:13,814 - torchtitan.tools.utils - INFO - [GC] Performing periodic GC collection took 0.10 seconds
[titan] 2026-09-21 05:44:13,817 - torchtitan.tools.utils - INFO - [GC] Performing periodic GC collection took 0.11 seconds
[titan] 2026-09-21 05:44:13,832 - torchtitan.tools.utils - INFO - [GC] Performing periodic GC collection took 0.12 seconds
[titan] 2026-09-21 05:44:13,833 - torchtitan.tools.utils - INFO - [GC] Performing periodic GC collection took 0.12 seconds
[titan] 2026-09-21 05:44:14,713 - torchtitan.observability.metrics - INFO - [31mstep: 100  [32mloss:  2.36694  [38;2;180;60;0mgrad_norm:  0.6391  [38;2;54;234;195mmemory:  0.29GiB(0.21%)  [34mtps: 509  [36mtflops: 0.08  [35mmfu: 0.01%[39m
[titan] 2026-09-21 05:44:14,713 - torchtitan.observability.metrics - INFO - [31mstep: 100  [32mloss:  2.36694  [38;2;180;60;0mgrad_norm:  0.6391  [38;2;54;234;195mmemory:  0.29GiB(0.21%)  [34mtps: 509  [36mtflops: 0.08  [35mmfu: 0.01%[39m
[titan] 2026-09-21 05:44:14,713 - torchtitan.components.checkpointer.dcp - INFO - Saving the checkpointer.
[titan] 2026-09-21 05:44:14,713 - torchtitan.components.checkpointer.dcp - INFO - Saving the checkpointer.
[titan] 2026-09-21 05:44:14,719 - torchtitan.observability.metrics - INFO - [31mstep: 100  [32mloss: -2.00000  [38;2;180;60;0mgrad_norm:  0.6391  [38;2;54;234;195mmemory:  0.31GiB(0.22%)  [34mtps: 509  [36mtflops: 0.08  [35mmfu: 0.01%[39m
[titan] 2026-09-21 05:44:14,719 - torchtitan.observability.metrics - INFO - [31mstep: 100  [32mloss: -2.00000  [38;2;180;60;0mgrad_norm:  0.6391  [38;2;54;234;195mmemory:  0.31GiB(0.22%)  [34mtps: 509  [36mtflops: 0.08  [35mmfu: 0.01%[39m
[titan] 2026-09-21 05:44:14,719 - torchtitan.components.checkpointer.dcp - INFO - Saving the checkpointer.
[titan] 2026-09-21 05:44:14,719 - torchtitan.components.checkpointer.dcp - INFO - Saving the checkpointer.
[titan] 2026-09-21 05:44:14,722 - torchtitan.components.checkpointer.dcp - INFO - Saving a model only checkpoint in torch.float32 at last step, step 100.
[titan] 2026-09-21 05:44:14,723 - torchtitan.components.checkpointer.dcp - INFO - Saving a model only checkpoint in torch.float32 at last step, step 100.
[titan] 2026-09-21 05:44:14,738 - torchtitan.components.checkpointer.dcp - INFO - Saving a model only checkpoint in torch.float32 at last step, step 100.
[titan] 2026-09-21 05:44:14,738 - torchtitan.components.checkpointer.dcp - INFO - Saving a model only checkpoint in torch.float32 at last step, step 100.
[titan] 2026-09-21 05:44:14,927 - torchtitan.tools.utils - INFO - [GC] GC collection invoked by checkpointer. took 0.00 seconds
[titan] 2026-09-21 05:44:14,928 - torchtitan.components.checkpointer.dcp - INFO - Last step checkpoint completed in 0.21s
[titan] 2026-09-21 05:44:14,928 - torchtitan.trainer - INFO - Sleeping 2 seconds for other ranks to complete
[titan] 2026-09-21 05:44:14,928 - torchtitan.tools.utils - INFO - [GC] GC collection invoked by checkpointer. took 0.00 seconds
[titan] 2026-09-21 05:44:14,928 - torchtitan.tools.utils - INFO - [GC] GC collection invoked by checkpointer. took 0.00 seconds
[titan] 2026-09-21 05:44:14,929 - torchtitan.components.checkpointer.dcp - INFO - Last step checkpoint completed in 0.22s
[titan] 2026-09-21 05:44:14,929 - torchtitan.components.checkpointer.dcp - INFO - Last step checkpoint completed in 0.22s
[titan] 2026-09-21 05:44:14,929 - torchtitan.trainer - INFO - Training completed
[titan] 2026-09-21 05:44:14,929 - torchtitan.tools.utils - INFO - [GC] GC collection invoked by checkpointer. took 0.00 seconds
[titan] 2026-09-21 05:44:14,930 - torchtitan.trainer - INFO - Training completed
[titan] 2026-09-21 05:44:14,930 - torchtitan.components.checkpointer.dcp - INFO - Last step checkpoint completed in 0.21s
[titan] 2026-09-21 05:44:14,931 - torchtitan.trainer - INFO - Training completed
[titan] 2026-09-21 05:44:14,934 - torchtitan.components.checkpointer.base - INFO - Destroying the purge thread.
[titan] 2026-09-21 05:44:14,935 - torchtitan.components.checkpointer.base - INFO - Destroying the purge thread.
[titan] 2026-09-21 05:44:14,936 - torchtitan.components.checkpointer.base - INFO - Destroying the purge thread.
[titan] 2026-09-21 05:44:16,928 - torchtitan.trainer - INFO - Training completed
[titan] 2026-09-21 05:44:16,933 - torchtitan.components.checkpointer.base - INFO - Destroying the purge thread.
[titan] 2026-09-21 05:44:18,579 - __main__ - INFO - Process group destroyed
[titan] 2026-09-21 05:44:18,671 - __main__ - INFO - Process group destroyed
[titan] 2026-09-21 05:44:18,692 - __main__ - INFO - Process group destroyed
[titan] 2026-09-21 05:44:18,715 - __main__ - INFO - Process group destroyed
