W0921 04:37:59.574000 15588 torch/distributed/run.py:982] 
W0921 04:37:59.574000 15588 torch/distributed/run.py:982] *****************************************
W0921 04:37:59.574000 15588 torch/distributed/run.py:982] Setting OMP_NUM_THREADS environment variable for each process to be 1 in default, to avoid your system being overloaded, please further tune the variable for optimal performance in your application as needed. 
W0921 04:37:59.574000 15588 torch/distributed/run.py:982] *****************************************
WARNING:absl:Failed to load jax profiler: No module named 'jax'
WARNING:absl:Failed to load jax profiler: No module named 'jax'
WARNING:absl:Failed to load jax profiler: No module named 'jax'
WARNING:absl:Failed to load jax profiler: No module named 'jax'
[titan] 2026-09-21 04:38:05,546 - __main__ - INFO - torchtitan version: 0.0.0+unknown (0.0.0 means __version__ is not defined correctly).
[titan] 2026-09-21 04:38:05,620 - __main__ - INFO - torchtitan version: 0.0.0+unknown (0.0.0 means __version__ is not defined correctly).
[titan] 2026-09-21 04:38:05,635 - __main__ - INFO - torchtitan version: 0.0.0+unknown (0.0.0 means __version__ is not defined correctly).
[titan] 2026-09-21 04:38:05,772 - __main__ - INFO - torchtitan version: 0.0.0+unknown (0.0.0 means __version__ is not defined correctly).
[titan] 2026-09-21 04:38:06,167 - torchtitan.components.checkpointer.base - WARNING - initial_load_model_only=True has no effect without an initial_load_path.
[titan] 2026-09-21 04:38:06,241 - torchtitan.components.checkpointer.base - WARNING - initial_load_model_only=True has no effect without an initial_load_path.
[titan] 2026-09-21 04:38:06,250 - torchtitan.components.checkpointer.base - WARNING - initial_load_model_only=True has no effect without an initial_load_path.
[titan] 2026-09-21 04:38:06,253 - torchtitan.observability.structured_logger.jsonl_handler - INFO - Structured logging -> JSONL: /workspace/results/pp_r3/f32_pp4vp4c/structured_logs/training.global_rank_1.20260921-043806-NCOSVZ.jsonl
[titan] 2026-09-21 04:38:06,324 - torchtitan.components.checkpointer.base - WARNING - initial_load_model_only=True has no effect without an initial_load_path.
[titan] 2026-09-21 04:38:06,327 - torchtitan.observability.structured_logger.jsonl_handler - INFO - Structured logging -> JSONL: /workspace/results/pp_r3/f32_pp4vp4c/structured_logs/training.global_rank_0.20260921-043806-ZBYHQZ.jsonl
[titan] 2026-09-21 04:38:06,342 - torchtitan.components.checkpointer.base - WARNING - initial_load_model_only=True has no effect without an initial_load_path.
[titan] 2026-09-21 04:38:06,426 - torchtitan.components.checkpointer.base - WARNING - initial_load_model_only=True has no effect without an initial_load_path.
[titan] 2026-09-21 04:38:06,429 - torchtitan.observability.structured_logger.jsonl_handler - INFO - Structured logging -> JSONL: /workspace/results/pp_r3/f32_pp4vp4c/structured_logs/training.global_rank_2.20260921-043806-VAAIWQ.jsonl
[titan] 2026-09-21 04:38:06,459 - torchtitan.components.checkpointer.base - WARNING - initial_load_model_only=True has no effect without an initial_load_path.
[titan] 2026-09-21 04:38:06,550 - torchtitan.components.checkpointer.base - WARNING - initial_load_model_only=True has no effect without an initial_load_path.
[titan] 2026-09-21 04:38:06,553 - torchtitan.observability.structured_logger.jsonl_handler - INFO - Structured logging -> JSONL: /workspace/results/pp_r3/f32_pp4vp4c/structured_logs/training.global_rank_3.20260921-043806-NSN9OI.jsonl
[titan] 2026-09-21 04:38:06,582 - torchtitan.distributed.utils - WARNING - ENV[TORCH_NCCL_ASYNC_ERROR_HANDLING] = 1 will be overridden to 3 based on job config
[titan] 2026-09-21 04:38:06,759 - torchtitan.distributed.utils - WARNING - ENV[TORCH_NCCL_ASYNC_ERROR_HANDLING] = 1 will be overridden to 3 based on job config
[titan] 2026-09-21 04:38:06,856 - torchtitan.distributed.utils - WARNING - ENV[TORCH_NCCL_ASYNC_ERROR_HANDLING] = 1 will be overridden to 3 based on job config
[titan] 2026-09-21 04:38:06,890 - torchtitan.distributed.utils - WARNING - ENV[TORCH_NCCL_ASYNC_ERROR_HANDLING] = 1 will be overridden to 3 based on job config
[titan] 2026-09-21 04:38:07,396 - torchtitan.tools.utils - INFO - [GC] Initial GC collection took 0.00 seconds
[titan] 2026-09-21 04:38:07,396 - torchtitan.distributed.utils - INFO - Deterministic algorithm enabled (expect perf degradation).
[titan] 2026-09-21 04:38:07,396 - torchtitan.tools.utils - INFO - [GC] Initial GC collection took 0.00 seconds
[titan] 2026-09-21 04:38:07,397 - torchtitan.distributed.utils - INFO - Deterministic algorithm enabled (expect perf degradation).
[titan] 2026-09-21 04:38:07,397 - torchtitan.tools.utils - INFO - [GC] Initial GC collection took 0.00 seconds
[titan] 2026-09-21 04:38:07,397 - torchtitan.distributed.utils - INFO - Deterministic algorithm enabled (expect perf degradation).
[titan] 2026-09-21 04:38:07,397 - torchtitan.tools.utils - INFO - [GC] Initial GC collection took 0.00 seconds
[titan] 2026-09-21 04:38:07,397 - torchtitan.distributed.utils - INFO - Deterministic algorithm enabled (expect perf degradation).
[titan] 2026-09-21 04:38:07,411 - torchtitan.distributed.parallel_dims - INFO - Building device mesh with parallelism: pp=4, dp_replicate=1, dp_shard=1, cp=1, tp=1, ep=1
[titan] 2026-09-21 04:38:07,411 - torchtitan.distributed.parallel_dims - INFO - Building device mesh with parallelism: pp=4, dp_replicate=1, dp_shard=1, cp=1, tp=1, ep=1
[titan] 2026-09-21 04:38:07,412 - torchtitan.distributed.parallel_dims - INFO - Building device mesh with parallelism: pp=4, dp_replicate=1, dp_shard=1, cp=1, tp=1, ep=1
[titan] 2026-09-21 04:38:07,412 - torchtitan.distributed.parallel_dims - INFO - Building device mesh with parallelism: pp=4, dp_replicate=1, dp_shard=1, cp=1, tp=1, ep=1
[titan] 2026-09-21 04:38:08,055 - torchtitan.distributed.parallel_dims - INFO - Successfully created meshes with active dimensions: ['pp']
[titan] 2026-09-21 04:38:08,055 - torchtitan.distributed.parallel_dims - INFO - Successfully created meshes with active dimensions: ['pp']
[titan] 2026-09-21 04:38:08,055 - torchtitan.distributed.parallel_dims - INFO - Successfully created meshes with active dimensions: ['pp']
[titan] 2026-09-21 04:38:08,055 - torchtitan.distributed.parallel_dims - INFO - Successfully created meshes with active dimensions: ['pp']
[titan] 2026-09-21 04:38:08,057 - torchtitan.observability.metrics - INFO - CUDA capacity: NVIDIA H200 with 139.80GiB memory
[titan] 2026-09-21 04:38:08,057 - torchtitan.observability.metrics - INFO - CUDA capacity: NVIDIA H200 with 139.80GiB memory
[titan] 2026-09-21 04:38:08,057 - torchtitan.observability.metrics - INFO - CUDA capacity: NVIDIA H200 with 139.80GiB memory
[titan] 2026-09-21 04:38:08,057 - torchtitan.observability.metrics - INFO - CUDA capacity: NVIDIA H200 with 139.80GiB memory
[titan] 2026-09-21 04:38:08,069 - torchtitan.tools.utils - WARNING - Error running lspci: [Errno 2] No such file or directory: 'lspci', fallback to use device_name
[titan] 2026-09-21 04:38:08,070 - torchtitan.components.tokenizer - INFO - Loading tokenizer from tokenizer.json
[titan] 2026-09-21 04:38:08,070 - torchtitan.tools.utils - WARNING - Error running lspci: [Errno 2] No such file or directory: 'lspci', fallback to use device_name
[titan] 2026-09-21 04:38:08,070 - torchtitan.tools.utils - WARNING - Error running lspci: [Errno 2] No such file or directory: 'lspci', fallback to use device_name
[titan] 2026-09-21 04:38:08,070 - torchtitan.tools.utils - WARNING - Error running lspci: [Errno 2] No such file or directory: 'lspci', fallback to use device_name
[titan] 2026-09-21 04:38:08,070 - torchtitan.components.tokenizer - INFO - Loading tokenizer from tokenizer.json
[titan] 2026-09-21 04:38:08,070 - torchtitan.components.tokenizer - INFO - Loading tokenizer from tokenizer.json
[titan] 2026-09-21 04:38:08,070 - torchtitan.components.tokenizer - INFO - Loading tokenizer from tokenizer.json
[titan] 2026-09-21 04:38:08,782 - httpx - INFO - HTTP Request: HEAD https://s3.amazonaws.com/datasets.huggingface.co/datasets/datasets/json/json.py "HTTP/1.1 200 OK"
[titan] 2026-09-21 04:38:08,793 - torchtitan.protocols.state_dict_adapter - WARNING - model.safetensors.index.json not found at hf_assets_path: ./tests/assets/tokenizer/model.safetensors.index.json.                     Defaulting to saving a single safetensors file if checkpoint is saved in HF format
[titan] 2026-09-21 04:38:08,814 - httpx - INFO - HTTP Request: HEAD https://s3.amazonaws.com/datasets.huggingface.co/datasets/datasets/json/json.py "HTTP/1.1 200 OK"
[titan] 2026-09-21 04:38:08,814 - httpx - INFO - HTTP Request: HEAD https://s3.amazonaws.com/datasets.huggingface.co/datasets/datasets/json/json.py "HTTP/1.1 200 OK"
[titan] 2026-09-21 04:38:08,825 - torchtitan.protocols.state_dict_adapter - WARNING - model.safetensors.index.json not found at hf_assets_path: ./tests/assets/tokenizer/model.safetensors.index.json.                     Defaulting to saving a single safetensors file if checkpoint is saved in HF format
[titan] 2026-09-21 04:38:08,829 - httpx - INFO - HTTP Request: HEAD https://s3.amazonaws.com/datasets.huggingface.co/datasets/datasets/json/json.py "HTTP/1.1 200 OK"
[titan] 2026-09-21 04:38:08,837 - torchtitan.protocols.state_dict_adapter - WARNING - model.safetensors.index.json not found at hf_assets_path: ./tests/assets/tokenizer/model.safetensors.index.json.                     Defaulting to saving a single safetensors file if checkpoint is saved in HF format
[titan] 2026-09-21 04:38:08,874 - torchtitan.protocols.state_dict_adapter - WARNING - model.safetensors.index.json not found at hf_assets_path: ./tests/assets/tokenizer/model.safetensors.index.json.                     Defaulting to saving a single safetensors file if checkpoint is saved in HF format
[titan] 2026-09-21 04:38:08,907 - torchtitan.models.utils - INFO - Total parameter count: 25,776,880, active parameters: 17,236,208
[titan] 2026-09-21 04:38:08,937 - torchtitan.models.utils - INFO - Total parameter count: 25,776,880, active parameters: 17,236,208
[titan] 2026-09-21 04:38:08,949 - torchtitan.models.utils - INFO - Total parameter count: 25,776,880, active parameters: 17,236,208
[rank2]:W0921 04:38:08.975000 15657 torch/_logging/_internal.py:1394] Pipeline parallelism is using an eager NCCL communicator. Consider creating its process group with backend="nccl-lazy" so peer communicators are initialized lazily and traffic to different peers can overlap.
[titan] 2026-09-21 04:38:08,975 - torchtitan.distributed.pipeline_parallel - INFO - PP rank 2 is building stage_idx 2 with modules ['layers.3', 'layers.4']
[titan] 2026-09-21 04:38:08,986 - torchtitan.models.utils - INFO - Total parameter count: 25,776,880, active parameters: 17,236,208
[rank3]:W0921 04:38:09.006000 15658 torch/_logging/_internal.py:1394] Pipeline parallelism is using an eager NCCL communicator. Consider creating its process group with backend="nccl-lazy" so peer communicators are initialized lazily and traffic to different peers can overlap.
[titan] 2026-09-21 04:38:09,006 - torchtitan.distributed.pipeline_parallel - INFO - PP rank 3 is building stage_idx 3 with modules ['layers.5']
[rank1]:W0921 04:38:09.018000 15656 torch/_logging/_internal.py:1394] Pipeline parallelism is using an eager NCCL communicator. Consider creating its process group with backend="nccl-lazy" so peer communicators are initialized lazily and traffic to different peers can overlap.
[titan] 2026-09-21 04:38:09,019 - torchtitan.distributed.pipeline_parallel - INFO - PP rank 1 is building stage_idx 1 with modules ['layers.1', 'layers.2']
[titan] 2026-09-21 04:38:09,047 - torchtitan.distributed.pipeline_parallel - INFO - PP rank 2 is building stage_idx 6 with modules ['layers.8']
[rank0]:W0921 04:38:09.054000 15655 torch/_logging/_internal.py:1394] Pipeline parallelism is using an eager NCCL communicator. Consider creating its process group with backend="nccl-lazy" so peer communicators are initialized lazily and traffic to different peers can overlap.
[titan] 2026-09-21 04:38:09,054 - torchtitan.distributed.pipeline_parallel - INFO - PP rank 0 is building stage_idx 0 with modules ['vision_encoder', 'tok_embeddings', 'layers.0']
[titan] 2026-09-21 04:38:09,073 - torchtitan.distributed.pipeline_parallel - INFO - PP rank 3 is building stage_idx 7 with modules ['layers.9']
[titan] 2026-09-21 04:38:09,085 - torchtitan.distributed.pipeline_parallel - INFO - PP rank 1 is building stage_idx 5 with modules ['layers.7']
[titan] 2026-09-21 04:38:09,114 - torchtitan.distributed.pipeline_parallel - INFO - PP rank 2 is building stage_idx 10 with modules ['layers.12']
[titan] 2026-09-21 04:38:09,121 - torchtitan.distributed.pipeline_parallel - INFO - PP rank 0 is building stage_idx 4 with modules ['layers.6']
[titan] 2026-09-21 04:38:09,139 - torchtitan.distributed.pipeline_parallel - INFO - PP rank 3 is building stage_idx 11 with modules ['layers.13']
[titan] 2026-09-21 04:38:09,152 - torchtitan.distributed.pipeline_parallel - INFO - PP rank 1 is building stage_idx 9 with modules ['layers.11']
[titan] 2026-09-21 04:38:09,179 - torchtitan.distributed.pipeline_parallel - INFO - PP rank 2 is building stage_idx 14 with modules ['layers.16']
[titan] 2026-09-21 04:38:09,187 - torchtitan.distributed.pipeline_parallel - INFO - PP rank 0 is building stage_idx 8 with modules ['layers.10']
[titan] 2026-09-21 04:38:09,203 - torchtitan.distributed.activation_checkpoint - INFO - Applied SelectiveAC activation checkpointing to the model
[titan] 2026-09-21 04:38:09,205 - torchtitan.distributed.pipeline_parallel - INFO - PP rank 3 is building stage_idx 15 with modules ['norm', 'lm_head', 'output_res_proj', 'output_res_norm']
[titan] 2026-09-21 04:38:09,219 - torchtitan.distributed.pipeline_parallel - INFO - PP rank 1 is building stage_idx 13 with modules ['layers.15']
[titan] 2026-09-21 04:38:09,219 - torchtitan.distributed.activation_checkpoint - INFO - Applied SelectiveAC activation checkpointing to the model
[titan] 2026-09-21 04:38:09,233 - torchtitan.distributed.activation_checkpoint - INFO - Applied SelectiveAC activation checkpointing to the model
[titan] 2026-09-21 04:38:09,252 - torchtitan.distributed.fsdp - INFO - Applied FSDP to the model
[titan] 2026-09-21 04:38:09,253 - torchtitan.distributed.pipeline_parallel - INFO - PP rank 0 is building stage_idx 12 with modules ['layers.14']
[titan] 2026-09-21 04:38:09,255 - torchtitan.distributed.fsdp - INFO - Applied FSDP to the model
[titan] 2026-09-21 04:38:09,256 - torchtitan.distributed.activation_checkpoint - INFO - Applied SelectiveAC activation checkpointing to the model
[titan] 2026-09-21 04:38:09,259 - torchtitan.distributed.activation_checkpoint - INFO - Applied SelectiveAC activation checkpointing to the model
[titan] 2026-09-21 04:38:09,261 - torchtitan.distributed.fsdp - INFO - Applied FSDP to the model
[titan] 2026-09-21 04:38:09,264 - torchtitan.distributed.fsdp - INFO - Applied FSDP to the model
[titan] 2026-09-21 04:38:09,265 - torchtitan.distributed.activation_checkpoint - INFO - Applied SelectiveAC activation checkpointing to the model
[titan] 2026-09-21 04:38:09,266 - torchtitan.distributed.activation_checkpoint - INFO - Applied SelectiveAC activation checkpointing to the model
[titan] 2026-09-21 04:38:09,266 - torchtitan.distributed.activation_checkpoint - INFO - Applied SelectiveAC activation checkpointing to the model
[titan] 2026-09-21 04:38:09,268 - torchtitan.distributed.activation_checkpoint - INFO - Applied SelectiveAC activation checkpointing to the model
[titan] 2026-09-21 04:38:09,269 - torchtitan.distributed.fsdp - INFO - Applied FSDP to the model
[titan] 2026-09-21 04:38:09,272 - torchtitan.distributed.fsdp - INFO - Applied FSDP to the model
[titan] 2026-09-21 04:38:09,272 - torchtitan.distributed.fsdp - INFO - Applied FSDP to the model
[titan] 2026-09-21 04:38:09,273 - torchtitan.distributed.activation_checkpoint - INFO - Applied SelectiveAC activation checkpointing to the model
[titan] 2026-09-21 04:38:09,273 - torchtitan.distributed.activation_checkpoint - INFO - Applied SelectiveAC activation checkpointing to the model
[titan] 2026-09-21 04:38:09,276 - torchtitan.distributed.activation_checkpoint - INFO - Applied SelectiveAC activation checkpointing to the model
[titan] 2026-09-21 04:38:09,276 - torchtitan.distributed.fsdp - INFO - Applied FSDP to the model
[titan] 2026-09-21 04:38:09,276 - torchtitan.distributed.pipeline_parallel - WARNING - Number of microbatches (4) is less than the total number of stages (16) which may result in a bubble in the pipeline.
[titan] 2026-09-21 04:38:09,276 - torchtitan.distributed.fsdp - INFO - Applied FSDP to the model
[titan] 2026-09-21 04:38:09,277 - torchtitan.distributed.pipeline_parallel - WARNING - Number of microbatches (4) is less than the total number of stages (16) which may result in a bubble in the pipeline.
[titan] 2026-09-21 04:38:09,277 - torchtitan.distributed.pipeline_parallel - INFO - Using pipeline schedule Interleaved1F1B with 4 microbatches and 16 stages.
[titan] 2026-09-21 04:38:09,277 - torchtitan.models.kimi_k3.pipeline_parallel - INFO - Kimi K3 pipeline: 4 stage(s) on this rank [3, 7, 11, 15], block transport delta with rank store
[titan] 2026-09-21 04:38:09,278 - torchtitan.distributed.pipeline_parallel - INFO - Using pipeline schedule Interleaved1F1B with 4 microbatches and 16 stages.
[titan] 2026-09-21 04:38:09,278 - torchtitan.models.kimi_k3.pipeline_parallel - INFO - Kimi K3 pipeline: 4 stage(s) on this rank [2, 6, 10, 14], block transport delta with rank store
[titan] 2026-09-21 04:38:09,286 - torchtitan.distributed.fsdp - INFO - Applied FSDP to the model
[titan] 2026-09-21 04:38:09,290 - torchtitan.distributed.activation_checkpoint - INFO - Applied SelectiveAC activation checkpointing to the model
[titan] 2026-09-21 04:38:09,293 - torchtitan.distributed.fsdp - INFO - Applied FSDP to the model
[titan] 2026-09-21 04:38:09,297 - torchtitan.distributed.activation_checkpoint - INFO - Applied SelectiveAC activation checkpointing to the model
[titan] 2026-09-21 04:38:09,300 - torchtitan.distributed.fsdp - INFO - Applied FSDP to the model
[titan] 2026-09-21 04:38:09,301 - torchtitan.distributed.pipeline_parallel - WARNING - Number of microbatches (4) is less than the total number of stages (16) which may result in a bubble in the pipeline.
[titan] 2026-09-21 04:38:09,302 - torchtitan.distributed.pipeline_parallel - INFO - Using pipeline schedule Interleaved1F1B with 4 microbatches and 16 stages.
[titan] 2026-09-21 04:38:09,302 - torchtitan.models.kimi_k3.pipeline_parallel - INFO - Kimi K3 pipeline: 4 stage(s) on this rank [1, 5, 9, 13], block transport delta with rank store
[titan] 2026-09-21 04:38:09,307 - torchtitan.distributed.fsdp - INFO - Applied FSDP to the model
[titan] 2026-09-21 04:38:09,311 - torchtitan.distributed.activation_checkpoint - INFO - Applied SelectiveAC activation checkpointing to the model
[titan] 2026-09-21 04:38:09,323 - torchtitan.distributed.fsdp - INFO - Applied FSDP to the model
[titan] 2026-09-21 04:38:09,327 - torchtitan.distributed.activation_checkpoint - INFO - Applied SelectiveAC activation checkpointing to the model
[titan] 2026-09-21 04:38:09,332 - torchtitan.distributed.fsdp - INFO - Applied FSDP to the model
[titan] 2026-09-21 04:38:09,336 - torchtitan.distributed.activation_checkpoint - INFO - Applied SelectiveAC activation checkpointing to the model
[titan] 2026-09-21 04:38:09,340 - torchtitan.distributed.fsdp - INFO - Applied FSDP to the model
[titan] 2026-09-21 04:38:09,340 - torchtitan.distributed.pipeline_parallel - WARNING - Number of microbatches (4) is less than the total number of stages (16) which may result in a bubble in the pipeline.
[titan] 2026-09-21 04:38:09,341 - torchtitan.distributed.pipeline_parallel - INFO - Using pipeline schedule Interleaved1F1B with 4 microbatches and 16 stages.
[titan] 2026-09-21 04:38:09,341 - torchtitan.models.kimi_k3.pipeline_parallel - INFO - Kimi K3 pipeline: 4 stage(s) on this rank [0, 4, 8, 12], block transport delta with rank store
[rank1]:W0921 04:38:09.720000 15656 torch/distributed/tensor/_random.py:215] DTensor is synchronizing RNG states of every rank with the state from rank 0. This behavior is deprecated. Please call `torch.manual_seed()` on every rank that participates in SPMD DTensor Operations with the same seed. If using Pipeline Parallelism, each pipeline state would use a different seed, but all ranks belonging to one pipeline stage would use the same seed.
[rank3]:W0921 04:38:09.722000 15658 torch/distributed/tensor/_random.py:215] DTensor is synchronizing RNG states of every rank with the state from rank 0. This behavior is deprecated. Please call `torch.manual_seed()` on every rank that participates in SPMD DTensor Operations with the same seed. If using Pipeline Parallelism, each pipeline state would use a different seed, but all ranks belonging to one pipeline stage would use the same seed.
[rank2]:W0921 04:38:09.722000 15657 torch/distributed/tensor/_random.py:215] DTensor is synchronizing RNG states of every rank with the state from rank 0. This behavior is deprecated. Please call `torch.manual_seed()` on every rank that participates in SPMD DTensor Operations with the same seed. If using Pipeline Parallelism, each pipeline state would use a different seed, but all ranks belonging to one pipeline stage would use the same seed.
[titan] 2026-09-21 04:38:09,929 - torchtitan.training_engine - INFO - Model kimi_k3 debugmodel size: 25,776,880 total parameters
[titan] 2026-09-21 04:38:09,930 - torchtitan.components.optimizer.optimizer - INFO - Optimizer AdamW (model_part=0): 29 params [.*] {'fused': True, 'foreach': False, 'lr': 0.0008, 'betas': (0.9, 0.95), 'eps': 1e-08, 'weight_decay': 0.1}
[titan] 2026-09-21 04:38:09,930 - torchtitan.components.optimizer.optimizer - INFO - Optimizer AdamW (model_part=1): 29 params [.*] {'fused': True, 'foreach': False, 'lr': 0.0008, 'betas': (0.9, 0.95), 'eps': 1e-08, 'weight_decay': 0.1}
[titan] 2026-09-21 04:38:09,931 - torchtitan.components.optimizer.optimizer - INFO - Optimizer AdamW (model_part=2): 29 params [.*] {'fused': True, 'foreach': False, 'lr': 0.0008, 'betas': (0.9, 0.95), 'eps': 1e-08, 'weight_decay': 0.1}
[titan] 2026-09-21 04:38:09,931 - torchtitan.components.optimizer.optimizer - INFO - Optimizer AdamW (model_part=3): 4 params [.*] {'fused': True, 'foreach': False, 'lr': 0.0008, 'betas': (0.9, 0.95), 'eps': 1e-08, 'weight_decay': 0.1}
[titan] 2026-09-21 04:38:09,932 - torchtitan.components.checkpointer.base - WARNING - initial_load_model_only=True has no effect without an initial_load_path.
[titan] 2026-09-21 04:38:09,945 - torchtitan.training_engine - INFO - Model kimi_k3 debugmodel size: 25,776,880 total parameters
[titan] 2026-09-21 04:38:09,945 - torchtitan.components.optimizer.optimizer - INFO - Optimizer AdamW (model_part=0): 58 params [.*] {'fused': True, 'foreach': False, 'lr': 0.0008, 'betas': (0.9, 0.95), 'eps': 1e-08, 'weight_decay': 0.1}
[titan] 2026-09-21 04:38:09,946 - torchtitan.components.optimizer.optimizer - INFO - Optimizer AdamW (model_part=1): 23 params [.*] {'fused': True, 'foreach': False, 'lr': 0.0008, 'betas': (0.9, 0.95), 'eps': 1e-08, 'weight_decay': 0.1}
[titan] 2026-09-21 04:38:09,946 - torchtitan.components.optimizer.optimizer - INFO - Optimizer AdamW (model_part=2): 23 params [.*] {'fused': True, 'foreach': False, 'lr': 0.0008, 'betas': (0.9, 0.95), 'eps': 1e-08, 'weight_decay': 0.1}
[titan] 2026-09-21 04:38:09,946 - torchtitan.components.optimizer.optimizer - INFO - Optimizer AdamW (model_part=3): 23 params [.*] {'fused': True, 'foreach': False, 'lr': 0.0008, 'betas': (0.9, 0.95), 'eps': 1e-08, 'weight_decay': 0.1}
[titan] 2026-09-21 04:38:09,947 - torchtitan.components.checkpointer.base - WARNING - initial_load_model_only=True has no effect without an initial_load_path.
[titan] 2026-09-21 04:38:09,949 - torchtitan.components.checkpointer.dcp - INFO - Checkpointing active. Checkpoints will be loaded from and saved to /workspace/results/pp_r3/f32_pp4vp4c/checkpoint
[titan] 2026-09-21 04:38:09,950 - torchtitan.observability.metrics - WARNING - [31mPipeline Parallel loss is not visible. Please add [33mrank 3[31m to LOG_RANK environment variable in run_train.sh.[39m
[titan] 2026-09-21 04:38:09,950 - torchtitan.trainer - INFO - Peak FLOPS used for computing MFU: 9.890e+14
[titan] 2026-09-21 04:38:09,950 - torchtitan.trainer - INFO - CUDA memory usage for model: 0.04GiB(0.03%)
[titan] 2026-09-21 04:38:09,950 - torchtitan.trainer - INFO - Trainer is initialized with 1024 tokens per DP rank, 1024 tokens per train step, gradient accumulation steps 1, maximum context length 2048, total steps 100 (warmup 2)
[titan] 2026-09-21 04:38:09,950 - torchtitan.components.checkpointer.base - INFO - Loading the checkpoint from /workspace/results/pp_r3/f32_pp4vp4c/checkpoint/step-0.
[titan] 2026-09-21 04:38:09,960 - torchtitan.training_engine - INFO - Model kimi_k3 debugmodel size: 25,776,880 total parameters
[titan] 2026-09-21 04:38:09,961 - torchtitan.components.optimizer.optimizer - INFO - Optimizer AdamW (model_part=0): 52 params [.*] {'fused': True, 'foreach': False, 'lr': 0.0008, 'betas': (0.9, 0.95), 'eps': 1e-08, 'weight_decay': 0.1}
[titan] 2026-09-21 04:38:09,961 - torchtitan.components.optimizer.optimizer - INFO - Optimizer AdamW (model_part=1): 29 params [.*] {'fused': True, 'foreach': False, 'lr': 0.0008, 'betas': (0.9, 0.95), 'eps': 1e-08, 'weight_decay': 0.1}
[titan] 2026-09-21 04:38:09,961 - torchtitan.components.optimizer.optimizer - INFO - Optimizer AdamW (model_part=2): 29 params [.*] {'fused': True, 'foreach': False, 'lr': 0.0008, 'betas': (0.9, 0.95), 'eps': 1e-08, 'weight_decay': 0.1}
[titan] 2026-09-21 04:38:09,962 - torchtitan.components.optimizer.optimizer - INFO - Optimizer AdamW (model_part=3): 23 params [.*] {'fused': True, 'foreach': False, 'lr': 0.0008, 'betas': (0.9, 0.95), 'eps': 1e-08, 'weight_decay': 0.1}
[titan] 2026-09-21 04:38:09,963 - torchtitan.components.checkpointer.base - WARNING - initial_load_model_only=True has no effect without an initial_load_path.
[titan] 2026-09-21 04:38:09,965 - torchtitan.components.checkpointer.dcp - INFO - Checkpointing active. Checkpoints will be loaded from and saved to /workspace/results/pp_r3/f32_pp4vp4c/checkpoint
[titan] 2026-09-21 04:38:09,966 - torchtitan.observability.metrics - WARNING - [31mPipeline Parallel loss is not visible. Please add [33mrank 3[31m to LOG_RANK environment variable in run_train.sh.[39m
[titan] 2026-09-21 04:38:09,966 - torchtitan.trainer - INFO - Peak FLOPS used for computing MFU: 9.890e+14
[titan] 2026-09-21 04:38:09,966 - torchtitan.trainer - INFO - CUDA memory usage for model: 0.02GiB(0.02%)
[titan] 2026-09-21 04:38:09,966 - torchtitan.trainer - INFO - Trainer is initialized with 1024 tokens per DP rank, 1024 tokens per train step, gradient accumulation steps 1, maximum context length 2048, total steps 100 (warmup 2)
[titan] 2026-09-21 04:38:09,966 - torchtitan.components.checkpointer.base - INFO - Loading the checkpoint from /workspace/results/pp_r3/f32_pp4vp4c/checkpoint/step-0.
[titan] 2026-09-21 04:38:09,982 - torchtitan.components.checkpointer.dcp - INFO - Checkpointing active. Checkpoints will be loaded from and saved to /workspace/results/pp_r3/f32_pp4vp4c/checkpoint
[titan] 2026-09-21 04:38:09,982 - torchtitan.observability.metrics - WARNING - [31mPipeline Parallel loss is not visible. Please add [33mrank 3[31m to LOG_RANK environment variable in run_train.sh.[39m
[titan] 2026-09-21 04:38:09,982 - torchtitan.trainer - INFO - Peak FLOPS used for computing MFU: 9.890e+14
[titan] 2026-09-21 04:38:09,982 - torchtitan.trainer - INFO - CUDA memory usage for model: 0.02GiB(0.02%)
[titan] 2026-09-21 04:38:09,982 - torchtitan.trainer - INFO - Trainer is initialized with 1024 tokens per DP rank, 1024 tokens per train step, gradient accumulation steps 1, maximum context length 2048, total steps 100 (warmup 2)
[titan] 2026-09-21 04:38:09,983 - torchtitan.components.checkpointer.base - INFO - Loading the checkpoint from /workspace/results/pp_r3/f32_pp4vp4c/checkpoint/step-0.
[titan] 2026-09-21 04:38:10,034 - torchtitan.training_engine - INFO - Model kimi_k3 debugmodel size: 25,776,880 total parameters
[titan] 2026-09-21 04:38:10,035 - torchtitan.components.optimizer.optimizer - INFO - Optimizer AdamW (model_part=0): 43 params [.*] {'fused': True, 'foreach': False, 'lr': 0.0008, 'betas': (0.9, 0.95), 'eps': 1e-08, 'weight_decay': 0.1}
[titan] 2026-09-21 04:38:10,035 - torchtitan.components.optimizer.optimizer - INFO - Optimizer AdamW (model_part=1): 29 params [.*] {'fused': True, 'foreach': False, 'lr': 0.0008, 'betas': (0.9, 0.95), 'eps': 1e-08, 'weight_decay': 0.1}
[titan] 2026-09-21 04:38:10,035 - torchtitan.components.optimizer.optimizer - INFO - Optimizer AdamW (model_part=2): 29 params [.*] {'fused': True, 'foreach': False, 'lr': 0.0008, 'betas': (0.9, 0.95), 'eps': 1e-08, 'weight_decay': 0.1}
[titan] 2026-09-21 04:38:10,035 - torchtitan.components.optimizer.optimizer - INFO - Optimizer AdamW (model_part=3): 29 params [.*] {'fused': True, 'foreach': False, 'lr': 0.0008, 'betas': (0.9, 0.95), 'eps': 1e-08, 'weight_decay': 0.1}
[titan] 2026-09-21 04:38:10,036 - torchtitan.components.checkpointer.base - WARNING - initial_load_model_only=True has no effect without an initial_load_path.
[titan] 2026-09-21 04:38:10,060 - torchtitan.components.checkpointer.dcp - INFO - Checkpointing active. Checkpoints will be loaded from and saved to /workspace/results/pp_r3/f32_pp4vp4c/checkpoint
[titan] 2026-09-21 04:38:10,060 - torchtitan.observability.metrics - WARNING - [31mPipeline Parallel loss is not visible. Please add [33mrank 3[31m to LOG_RANK environment variable in run_train.sh.[39m
[titan] 2026-09-21 04:38:10,060 - torchtitan.trainer - INFO - Peak FLOPS used for computing MFU: 9.890e+14
[titan] 2026-09-21 04:38:10,060 - torchtitan.trainer - INFO - CUDA memory usage for model: 0.05GiB(0.03%)
[titan] 2026-09-21 04:38:10,060 - torchtitan.trainer - INFO - Trainer is initialized with 1024 tokens per DP rank, 1024 tokens per train step, gradient accumulation steps 1, maximum context length 2048, total steps 100 (warmup 2)
[titan] 2026-09-21 04:38:10,061 - torchtitan.components.checkpointer.base - INFO - Loading the checkpoint from /workspace/results/pp_r3/f32_pp4vp4c/checkpoint/step-0.
[titan] 2026-09-21 04:38:10,853 - torchtitan.tools.utils - INFO - [GC] GC collection for checkpoint loading. took 0.01 seconds
[titan] 2026-09-21 04:38:10,854 - torchtitan.components.checkpointer.base - INFO - Finished loading the checkpoint in 0.90 seconds.
[titan] 2026-09-21 04:38:10,854 - torchtitan.trainer - INFO - Training starts at step 1
[titan] 2026-09-21 04:38:10,863 - torchtitan.tools.utils - INFO - [GC] GC collection for checkpoint loading. took 0.01 seconds
[titan] 2026-09-21 04:38:10,863 - torchtitan.components.checkpointer.base - INFO - Finished loading the checkpoint in 0.90 seconds.
[titan] 2026-09-21 04:38:10,863 - torchtitan.trainer - INFO - Training starts at step 1
[titan] 2026-09-21 04:38:10,866 - torchtitan.tools.utils - INFO - [GC] GC collection for checkpoint loading. took 0.01 seconds
[titan] 2026-09-21 04:38:10,866 - torchtitan.components.checkpointer.base - INFO - Finished loading the checkpoint in 0.88 seconds.
[titan] 2026-09-21 04:38:10,866 - torchtitan.trainer - INFO - Training starts at step 1
[titan] 2026-09-21 04:38:10,866 - torchtitan.tools.utils - INFO - [GC] GC collection for checkpoint loading. took 0.01 seconds
[titan] 2026-09-21 04:38:10,866 - torchtitan.components.checkpointer.base - INFO - Finished loading the checkpoint in 0.81 seconds.
[titan] 2026-09-21 04:38:10,867 - torchtitan.trainer - INFO - Training starts at step 1
/workspace/venv_k3/lib/python3.12/site-packages/torch/distributed/fsdp/_fully_shard/_fsdp_state.py:336: UserWarning: FSDP2-wrapped module (FSDPCheckpointWrapper) returned a view tensor. An in-place op on this view (e.g., `x += y`) will silently drop the pre-backward hook and skip the all-gather, which can cause backward to fail or produce wrong gradients. Use out-of-place ops (`out = out + y`, not `out += y`) or `.clone()` the output before any in-place op.
  output = self._register_pre_backward_hook(output)
/workspace/venv_k3/lib/python3.12/site-packages/torch/distributed/fsdp/_fully_shard/_fsdp_state.py:336: UserWarning: FSDP2-wrapped module (FSDPKimiK3Model) returned a view tensor. An in-place op on this view (e.g., `x += y`) will silently drop the pre-backward hook and skip the all-gather, which can cause backward to fail or produce wrong gradients. Use out-of-place ops (`out = out + y`, not `out += y`) or `.clone()` the output before any in-place op.
  output = self._register_pre_backward_hook(output)
/workspace/venv_k3/lib/python3.12/site-packages/torch/distributed/fsdp/_fully_shard/_fsdp_state.py:336: UserWarning: FSDP2-wrapped module (FSDPCheckpointWrapper) returned a view tensor. An in-place op on this view (e.g., `x += y`) will silently drop the pre-backward hook and skip the all-gather, which can cause backward to fail or produce wrong gradients. Use out-of-place ops (`out = out + y`, not `out += y`) or `.clone()` the output before any in-place op.
  output = self._register_pre_backward_hook(output)
/workspace/venv_k3/lib/python3.12/site-packages/torch/distributed/fsdp/_fully_shard/_fsdp_state.py:336: UserWarning: FSDP2-wrapped module (FSDPCheckpointWrapper) returned a view tensor. An in-place op on this view (e.g., `x += y`) will silently drop the pre-backward hook and skip the all-gather, which can cause backward to fail or produce wrong gradients. Use out-of-place ops (`out = out + y`, not `out += y`) or `.clone()` the output before any in-place op.
  output = self._register_pre_backward_hook(output)
/workspace/venv_k3/lib/python3.12/site-packages/torch/distributed/fsdp/_fully_shard/_fsdp_state.py:336: UserWarning: FSDP2-wrapped module (FSDPKimiK3Model) returned a view tensor. An in-place op on this view (e.g., `x += y`) will silently drop the pre-backward hook and skip the all-gather, which can cause backward to fail or produce wrong gradients. Use out-of-place ops (`out = out + y`, not `out += y`) or `.clone()` the output before any in-place op.
  output = self._register_pre_backward_hook(output)
/workspace/venv_k3/lib/python3.12/site-packages/torch/distributed/fsdp/_fully_shard/_fsdp_state.py:336: UserWarning: FSDP2-wrapped module (FSDPCheckpointWrapper) returned a view tensor. An in-place op on this view (e.g., `x += y`) will silently drop the pre-backward hook and skip the all-gather, which can cause backward to fail or produce wrong gradients. Use out-of-place ops (`out = out + y`, not `out += y`) or `.clone()` the output before any in-place op.
  output = self._register_pre_backward_hook(output)
/workspace/venv_k3/lib/python3.12/site-packages/torch/distributed/fsdp/_fully_shard/_fsdp_state.py:336: UserWarning: FSDP2-wrapped module (FSDPKimiK3Model) returned a view tensor. An in-place op on this view (e.g., `x += y`) will silently drop the pre-backward hook and skip the all-gather, which can cause backward to fail or produce wrong gradients. Use out-of-place ops (`out = out + y`, not `out += y`) or `.clone()` the output before any in-place op.
  output = self._register_pre_backward_hook(output)
/workspace/venv_k3/lib/python3.12/site-packages/torch/distributed/fsdp/_fully_shard/_fsdp_state.py:336: UserWarning: FSDP2-wrapped module (FSDPCheckpointWrapper) returned a view tensor. An in-place op on this view (e.g., `x += y`) will silently drop the pre-backward hook and skip the all-gather, which can cause backward to fail or produce wrong gradients. Use out-of-place ops (`out = out + y`, not `out += y`) or `.clone()` the output before any in-place op.
  output = self._register_pre_backward_hook(output)
/workspace/venv_k3/lib/python3.12/site-packages/torch/distributed/fsdp/_fully_shard/_fsdp_state.py:336: UserWarning: FSDP2-wrapped module (FSDPKimiK3Model) returned a view tensor. An in-place op on this view (e.g., `x += y`) will silently drop the pre-backward hook and skip the all-gather, which can cause backward to fail or produce wrong gradients. Use out-of-place ops (`out = out + y`, not `out += y`) or `.clone()` the output before any in-place op.
  output = self._register_pre_backward_hook(output)
[titan] 2026-09-21 04:38:21,315 - torchtitan.observability.metrics - INFO - [31mstep:  1  [32mloss:  8.05530  [38;2;180;60;0mgrad_norm:  2.1551  [38;2;54;234;195mmemory:  0.33GiB(0.23%)  [34mtps: 19  [36mtflops: 0.00  [35mmfu: 0.00%[39m
[titan] 2026-09-21 04:38:21,315 - torchtitan.distributed.utils - INFO - Synchronizing and adjusting timeout for all ProcessGroups to 0:01:40
[titan] 2026-09-21 04:38:21,344 - torchtitan.observability.metrics - INFO - [31mstep:  1  [32mloss: -1.00000  [38;2;180;60;0mgrad_norm:  2.1551  [38;2;54;234;195mmemory:  0.37GiB(0.26%)  [34mtps: 19  [36mtflops: 0.00  [35mmfu: 0.00%[39m
[titan] 2026-09-21 04:38:21,344 - torchtitan.distributed.utils - INFO - Synchronizing and adjusting timeout for all ProcessGroups to 0:01:40
[titan] 2026-09-21 04:38:21,377 - torchtitan.observability.metrics - INFO - [31mstep:  1  [32mloss: -1.00000  [38;2;180;60;0mgrad_norm:  2.1551  [38;2;54;234;195mmemory:  0.34GiB(0.24%)  [34mtps: 19  [36mtflops: 0.00  [35mmfu: 0.00%[39m
[titan] 2026-09-21 04:38:21,377 - torchtitan.distributed.utils - INFO - Synchronizing and adjusting timeout for all ProcessGroups to 0:01:40
[titan] 2026-09-21 04:38:21,405 - torchtitan.observability.metrics - INFO - [31mstep:  1  [32mloss: -1.00000  [38;2;180;60;0mgrad_norm:  2.1551  [38;2;54;234;195mmemory:  0.31GiB(0.22%)  [34mtps: 19  [36mtflops: 0.00  [35mmfu: 0.00%[39m
[titan] 2026-09-21 04:38:21,406 - torchtitan.distributed.utils - INFO - Synchronizing and adjusting timeout for all ProcessGroups to 0:01:40
[titan] 2026-09-21 04:38:23,331 - torchtitan.observability.metrics - INFO - [31mstep:  2  [32mloss:  6.93207  [38;2;180;60;0mgrad_norm:  7.5879  [38;2;54;234;195mmemory:  0.36GiB(0.26%)  [34mtps: 127  [36mtflops: 0.02  [35mmfu: 0.00%[39m
[titan] 2026-09-21 04:38:23,331 - torchtitan.observability.metrics - INFO - [31mstep:  2  [32mloss: -1.00000  [38;2;180;60;0mgrad_norm:  7.5879  [38;2;54;234;195mmemory:  0.38GiB(0.27%)  [34mtps: 131  [36mtflops: 0.02  [35mmfu: 0.00%[39m
[titan] 2026-09-21 04:38:23,334 - torchtitan.observability.metrics - INFO - [31mstep:  2  [32mloss: -1.00000  [38;2;180;60;0mgrad_norm:  7.5879  [38;2;54;234;195mmemory:  0.35GiB(0.25%)  [34mtps: 133  [36mtflops: 0.02  [35mmfu: 0.00%[39m
[titan] 2026-09-21 04:38:23,334 - torchtitan.observability.metrics - INFO - [31mstep:  2  [32mloss: -1.00000  [38;2;180;60;0mgrad_norm:  7.5879  [38;2;54;234;195mmemory:  0.41GiB(0.29%)  [34mtps: 129  [36mtflops: 0.02  [35mmfu: 0.00%[39m
[titan] 2026-09-21 04:38:25,216 - torchtitan.observability.metrics - INFO - [31mstep:  3  [32mloss:  5.71794  [38;2;180;60;0mgrad_norm:  3.4123  [38;2;54;234;195mmemory:  0.36GiB(0.26%)  [34mtps: 136  [36mtflops: 0.02  [35mmfu: 0.00%[39m
[titan] 2026-09-21 04:38:25,216 - torchtitan.observability.metrics - INFO - [31mstep:  3  [32mloss: -1.00000  [38;2;180;60;0mgrad_norm:  3.4123  [38;2;54;234;195mmemory:  0.38GiB(0.27%)  [34mtps: 136  [36mtflops: 0.02  [35mmfu: 0.00%[39m
[titan] 2026-09-21 04:38:25,219 - torchtitan.observability.metrics - INFO - [31mstep:  3  [32mloss: -1.00000  [38;2;180;60;0mgrad_norm:  3.4123  [38;2;54;234;195mmemory:  0.35GiB(0.25%)  [34mtps: 136  [36mtflops: 0.02  [35mmfu: 0.00%[39m
[titan] 2026-09-21 04:38:25,219 - torchtitan.observability.metrics - INFO - [31mstep:  3  [32mloss: -1.00000  [38;2;180;60;0mgrad_norm:  3.4123  [38;2;54;234;195mmemory:  0.41GiB(0.29%)  [34mtps: 136  [36mtflops: 0.02  [35mmfu: 0.00%[39m
[titan] 2026-09-21 04:38:27,113 - torchtitan.observability.metrics - INFO - [31mstep:  4  [32mloss:  5.12776  [38;2;180;60;0mgrad_norm:  3.0070  [38;2;54;234;195mmemory:  0.36GiB(0.26%)  [34mtps: 135  [36mtflops: 0.02  [35mmfu: 0.00%[39m
[titan] 2026-09-21 04:38:27,113 - torchtitan.observability.metrics - INFO - [31mstep:  4  [32mloss: -1.00000  [38;2;180;60;0mgrad_norm:  3.0070  [38;2;54;234;195mmemory:  0.38GiB(0.27%)  [34mtps: 135  [36mtflops: 0.02  [35mmfu: 0.00%[39m
[titan] 2026-09-21 04:38:27,116 - torchtitan.observability.metrics - INFO - [31mstep:  4  [32mloss: -1.00000  [38;2;180;60;0mgrad_norm:  3.0070  [38;2;54;234;195mmemory:  0.35GiB(0.25%)  [34mtps: 135  [36mtflops: 0.02  [35mmfu: 0.00%[39m
[titan] 2026-09-21 04:38:27,116 - torchtitan.observability.metrics - INFO - [31mstep:  4  [32mloss: -1.00000  [38;2;180;60;0mgrad_norm:  3.0070  [38;2;54;234;195mmemory:  0.41GiB(0.29%)  [34mtps: 135  [36mtflops: 0.02  [35mmfu: 0.00%[39m
[titan] 2026-09-21 04:38:29,023 - torchtitan.observability.metrics - INFO - [31mstep:  5  [32mloss:  4.31831  [38;2;180;60;0mgrad_norm:  2.5195  [38;2;54;234;195mmemory:  0.36GiB(0.26%)  [34mtps: 134  [36mtflops: 0.02  [35mmfu: 0.00%[39m
[titan] 2026-09-21 04:38:29,024 - torchtitan.observability.metrics - INFO - [31mstep:  5  [32mloss: -1.00000  [38;2;180;60;0mgrad_norm:  2.5195  [38;2;54;234;195mmemory:  0.38GiB(0.28%)  [34mtps: 134  [36mtflops: 0.02  [35mmfu: 0.00%[39m
[titan] 2026-09-21 04:38:29,026 - torchtitan.observability.metrics - INFO - [31mstep:  5  [32mloss: -1.00000  [38;2;180;60;0mgrad_norm:  2.5195  [38;2;54;234;195mmemory:  0.41GiB(0.29%)  [34mtps: 134  [36mtflops: 0.02  [35mmfu: 0.00%[39m
[titan] 2026-09-21 04:38:29,027 - torchtitan.observability.metrics - INFO - [31mstep:  5  [32mloss: -1.00000  [38;2;180;60;0mgrad_norm:  2.5195  [38;2;54;234;195mmemory:  0.35GiB(0.25%)  [34mtps: 134  [36mtflops: 0.02  [35mmfu: 0.00%[39m
[titan] 2026-09-21 04:38:30,922 - torchtitan.observability.metrics - INFO - [31mstep:  6  [32mloss:  4.13339  [38;2;180;60;0mgrad_norm:  2.1229  [38;2;54;234;195mmemory:  0.36GiB(0.26%)  [34mtps: 135  [36mtflops: 0.02  [35mmfu: 0.00%[39m
[titan] 2026-09-21 04:38:30,922 - torchtitan.observability.metrics - INFO - [31mstep:  6  [32mloss: -1.00000  [38;2;180;60;0mgrad_norm:  2.1229  [38;2;54;234;195mmemory:  0.38GiB(0.28%)  [34mtps: 135  [36mtflops: 0.02  [35mmfu: 0.00%[39m
[titan] 2026-09-21 04:38:30,925 - torchtitan.observability.metrics - INFO - [31mstep:  6  [32mloss: -1.00000  [38;2;180;60;0mgrad_norm:  2.1229  [38;2;54;234;195mmemory:  0.41GiB(0.29%)  [34mtps: 135  [36mtflops: 0.02  [35mmfu: 0.00%[39m
[titan] 2026-09-21 04:38:30,925 - torchtitan.observability.metrics - INFO - [31mstep:  6  [32mloss: -1.00000  [38;2;180;60;0mgrad_norm:  2.1229  [38;2;54;234;195mmemory:  0.35GiB(0.25%)  [34mtps: 135  [36mtflops: 0.02  [35mmfu: 0.00%[39m
[titan] 2026-09-21 04:38:32,826 - torchtitan.observability.metrics - INFO - [31mstep:  7  [32mloss:  3.93748  [38;2;180;60;0mgrad_norm:  1.8776  [38;2;54;234;195mmemory:  0.36GiB(0.26%)  [34mtps: 134  [36mtflops: 0.02  [35mmfu: 0.00%[39m
[titan] 2026-09-21 04:38:32,827 - torchtitan.observability.metrics - INFO - [31mstep:  7  [32mloss: -1.00000  [38;2;180;60;0mgrad_norm:  1.8776  [38;2;54;234;195mmemory:  0.38GiB(0.28%)  [34mtps: 134  [36mtflops: 0.02  [35mmfu: 0.00%[39m
[titan] 2026-09-21 04:38:32,829 - torchtitan.observability.metrics - INFO - [31mstep:  7  [32mloss: -1.00000  [38;2;180;60;0mgrad_norm:  1.8776  [38;2;54;234;195mmemory:  0.41GiB(0.29%)  [34mtps: 134  [36mtflops: 0.02  [35mmfu: 0.00%[39m
[titan] 2026-09-21 04:38:32,830 - torchtitan.observability.metrics - INFO - [31mstep:  7  [32mloss: -1.00000  [38;2;180;60;0mgrad_norm:  1.8776  [38;2;54;234;195mmemory:  0.35GiB(0.25%)  [34mtps: 134  [36mtflops: 0.02  [35mmfu: 0.00%[39m
[titan] 2026-09-21 04:38:34,734 - torchtitan.observability.metrics - INFO - [31mstep:  8  [32mloss:  3.65482  [38;2;180;60;0mgrad_norm:  1.6252  [38;2;54;234;195mmemory:  0.36GiB(0.26%)  [34mtps: 134  [36mtflops: 0.02  [35mmfu: 0.00%[39m
[titan] 2026-09-21 04:38:34,734 - torchtitan.observability.metrics - INFO - [31mstep:  8  [32mloss: -1.00000  [38;2;180;60;0mgrad_norm:  1.6252  [38;2;54;234;195mmemory:  0.38GiB(0.28%)  [34mtps: 134  [36mtflops: 0.02  [35mmfu: 0.00%[39m
[titan] 2026-09-21 04:38:34,737 - torchtitan.observability.metrics - INFO - [31mstep:  8  [32mloss: -1.00000  [38;2;180;60;0mgrad_norm:  1.6252  [38;2;54;234;195mmemory:  0.35GiB(0.25%)  [34mtps: 134  [36mtflops: 0.02  [35mmfu: 0.00%[39m
[titan] 2026-09-21 04:38:34,737 - torchtitan.observability.metrics - INFO - [31mstep:  8  [32mloss: -1.00000  [38;2;180;60;0mgrad_norm:  1.6252  [38;2;54;234;195mmemory:  0.41GiB(0.29%)  [34mtps: 134  [36mtflops: 0.02  [35mmfu: 0.00%[39m
[titan] 2026-09-21 04:38:36,634 - torchtitan.observability.metrics - INFO - [31mstep:  9  [32mloss:  3.70913  [38;2;180;60;0mgrad_norm:  1.5673  [38;2;54;234;195mmemory:  0.36GiB(0.26%)  [34mtps: 135  [36mtflops: 0.02  [35mmfu: 0.00%[39m
[titan] 2026-09-21 04:38:36,634 - torchtitan.observability.metrics - INFO - [31mstep:  9  [32mloss: -1.00000  [38;2;180;60;0mgrad_norm:  1.5673  [38;2;54;234;195mmemory:  0.38GiB(0.28%)  [34mtps: 135  [36mtflops: 0.02  [35mmfu: 0.00%[39m
[titan] 2026-09-21 04:38:36,637 - torchtitan.observability.metrics - INFO - [31mstep:  9  [32mloss: -1.00000  [38;2;180;60;0mgrad_norm:  1.5673  [38;2;54;234;195mmemory:  0.41GiB(0.29%)  [34mtps: 135  [36mtflops: 0.02  [35mmfu: 0.00%[39m
[titan] 2026-09-21 04:38:36,637 - torchtitan.observability.metrics - INFO - [31mstep:  9  [32mloss: -1.00000  [38;2;180;60;0mgrad_norm:  1.5673  [38;2;54;234;195mmemory:  0.35GiB(0.25%)  [34mtps: 135  [36mtflops: 0.02  [35mmfu: 0.00%[39m
[titan] 2026-09-21 04:38:38,544 - torchtitan.observability.metrics - INFO - [31mstep: 10  [32mloss:  3.40553  [38;2;180;60;0mgrad_norm:  1.2744  [38;2;54;234;195mmemory:  0.36GiB(0.26%)  [34mtps: 134  [36mtflops: 0.02  [35mmfu: 0.00%[39m
[titan] 2026-09-21 04:38:38,545 - torchtitan.observability.metrics - INFO - [31mstep: 10  [32mloss: -1.00000  [38;2;180;60;0mgrad_norm:  1.2744  [38;2;54;234;195mmemory:  0.38GiB(0.28%)  [34mtps: 134  [36mtflops: 0.02  [35mmfu: 0.00%[39m
[titan] 2026-09-21 04:38:38,548 - torchtitan.observability.metrics - INFO - [31mstep: 10  [32mloss: -1.00000  [38;2;180;60;0mgrad_norm:  1.2744  [38;2;54;234;195mmemory:  0.41GiB(0.29%)  [34mtps: 134  [36mtflops: 0.02  [35mmfu: 0.00%[39m
[titan] 2026-09-21 04:38:38,548 - torchtitan.observability.metrics - INFO - [31mstep: 10  [32mloss: -1.00000  [38;2;180;60;0mgrad_norm:  1.2744  [38;2;54;234;195mmemory:  0.35GiB(0.25%)  [34mtps: 134  [36mtflops: 0.02  [35mmfu: 0.00%[39m
[titan] 2026-09-21 04:38:40,447 - torchtitan.observability.metrics - INFO - [31mstep: 11  [32mloss:  3.27341  [38;2;180;60;0mgrad_norm:  1.1344  [38;2;54;234;195mmemory:  0.36GiB(0.26%)  [34mtps: 135  [36mtflops: 0.02  [35mmfu: 0.00%[39m
[titan] 2026-09-21 04:38:40,447 - torchtitan.observability.metrics - INFO - [31mstep: 11  [32mloss: -1.00000  [38;2;180;60;0mgrad_norm:  1.1344  [38;2;54;234;195mmemory:  0.38GiB(0.28%)  [34mtps: 135  [36mtflops: 0.02  [35mmfu: 0.00%[39m
[titan] 2026-09-21 04:38:40,449 - torchtitan.observability.metrics - INFO - [31mstep: 11  [32mloss: -1.00000  [38;2;180;60;0mgrad_norm:  1.1344  [38;2;54;234;195mmemory:  0.35GiB(0.25%)  [34mtps: 135  [36mtflops: 0.02  [35mmfu: 0.00%[39m
[titan] 2026-09-21 04:38:40,450 - torchtitan.observability.metrics - INFO - [31mstep: 11  [32mloss: -1.00000  [38;2;180;60;0mgrad_norm:  1.1344  [38;2;54;234;195mmemory:  0.41GiB(0.29%)  [34mtps: 135  [36mtflops: 0.02  [35mmfu: 0.00%[39m
[titan] 2026-09-21 04:38:42,351 - torchtitan.observability.metrics - INFO - [31mstep: 12  [32mloss:  3.65364  [38;2;180;60;0mgrad_norm:  1.1076  [38;2;54;234;195mmemory:  0.36GiB(0.26%)  [34mtps: 134  [36mtflops: 0.02  [35mmfu: 0.00%[39m
[titan] 2026-09-21 04:38:42,351 - torchtitan.observability.metrics - INFO - [31mstep: 12  [32mloss: -1.00000  [38;2;180;60;0mgrad_norm:  1.1076  [38;2;54;234;195mmemory:  0.38GiB(0.28%)  [34mtps: 134  [36mtflops: 0.02  [35mmfu: 0.00%[39m
[titan] 2026-09-21 04:38:42,353 - torchtitan.observability.metrics - INFO - [31mstep: 12  [32mloss: -1.00000  [38;2;180;60;0mgrad_norm:  1.1076  [38;2;54;234;195mmemory:  0.35GiB(0.25%)  [34mtps: 134  [36mtflops: 0.02  [35mmfu: 0.00%[39m
[titan] 2026-09-21 04:38:42,354 - torchtitan.observability.metrics - INFO - [31mstep: 12  [32mloss: -1.00000  [38;2;180;60;0mgrad_norm:  1.1076  [38;2;54;234;195mmemory:  0.41GiB(0.29%)  [34mtps: 134  [36mtflops: 0.02  [35mmfu: 0.00%[39m
[titan] 2026-09-21 04:38:44,258 - torchtitan.observability.metrics - INFO - [31mstep: 13  [32mloss:  3.16812  [38;2;180;60;0mgrad_norm:  1.1887  [38;2;54;234;195mmemory:  0.36GiB(0.26%)  [34mtps: 134  [36mtflops: 0.02  [35mmfu: 0.00%[39m
[titan] 2026-09-21 04:38:44,258 - torchtitan.observability.metrics - INFO - [31mstep: 13  [32mloss: -1.00000  [38;2;180;60;0mgrad_norm:  1.1887  [38;2;54;234;195mmemory:  0.38GiB(0.28%)  [34mtps: 134  [36mtflops: 0.02  [35mmfu: 0.00%[39m
[titan] 2026-09-21 04:38:44,260 - torchtitan.observability.metrics - INFO - [31mstep: 13  [32mloss: -1.00000  [38;2;180;60;0mgrad_norm:  1.1887  [38;2;54;234;195mmemory:  0.35GiB(0.25%)  [34mtps: 134  [36mtflops: 0.02  [35mmfu: 0.00%[39m
[titan] 2026-09-21 04:38:44,261 - torchtitan.observability.metrics - INFO - [31mstep: 13  [32mloss: -1.00000  [38;2;180;60;0mgrad_norm:  1.1887  [38;2;54;234;195mmemory:  0.41GiB(0.29%)  [34mtps: 134  [36mtflops: 0.02  [35mmfu: 0.00%[39m
[titan] 2026-09-21 04:38:46,151 - torchtitan.observability.metrics - INFO - [31mstep: 14  [32mloss:  3.42057  [38;2;180;60;0mgrad_norm:  1.1446  [38;2;54;234;195mmemory:  0.36GiB(0.26%)  [34mtps: 135  [36mtflops: 0.02  [35mmfu: 0.00%[39m
[titan] 2026-09-21 04:38:46,152 - torchtitan.observability.metrics - INFO - [31mstep: 14  [32mloss: -1.00000  [38;2;180;60;0mgrad_norm:  1.1446  [38;2;54;234;195mmemory:  0.38GiB(0.28%)  [34mtps: 135  [36mtflops: 0.02  [35mmfu: 0.00%[39m
[titan] 2026-09-21 04:38:46,154 - torchtitan.observability.metrics - INFO - [31mstep: 14  [32mloss: -1.00000  [38;2;180;60;0mgrad_norm:  1.1446  [38;2;54;234;195mmemory:  0.35GiB(0.25%)  [34mtps: 135  [36mtflops: 0.02  [35mmfu: 0.00%[39m
[titan] 2026-09-21 04:38:46,155 - torchtitan.observability.metrics - INFO - [31mstep: 14  [32mloss: -1.00000  [38;2;180;60;0mgrad_norm:  1.1446  [38;2;54;234;195mmemory:  0.41GiB(0.29%)  [34mtps: 135  [36mtflops: 0.02  [35mmfu: 0.00%[39m
[titan] 2026-09-21 04:38:48,043 - torchtitan.observability.metrics - INFO - [31mstep: 15  [32mloss:  3.10323  [38;2;180;60;0mgrad_norm:  1.2639  [38;2;54;234;195mmemory:  0.36GiB(0.26%)  [34mtps: 135  [36mtflops: 0.02  [35mmfu: 0.00%[39m
[titan] 2026-09-21 04:38:48,043 - torchtitan.observability.metrics - INFO - [31mstep: 15  [32mloss: -1.00000  [38;2;180;60;0mgrad_norm:  1.2639  [38;2;54;234;195mmemory:  0.38GiB(0.28%)  [34mtps: 135  [36mtflops: 0.02  [35mmfu: 0.00%[39m
[titan] 2026-09-21 04:38:48,046 - torchtitan.observability.metrics - INFO - [31mstep: 15  [32mloss: -1.00000  [38;2;180;60;0mgrad_norm:  1.2639  [38;2;54;234;195mmemory:  0.35GiB(0.25%)  [34mtps: 135  [36mtflops: 0.02  [35mmfu: 0.00%[39m
[titan] 2026-09-21 04:38:48,046 - torchtitan.observability.metrics - INFO - [31mstep: 15  [32mloss: -1.00000  [38;2;180;60;0mgrad_norm:  1.2639  [38;2;54;234;195mmemory:  0.41GiB(0.29%)  [34mtps: 135  [36mtflops: 0.02  [35mmfu: 0.00%[39m
[titan] 2026-09-21 04:38:49,952 - torchtitan.observability.metrics - INFO - [31mstep: 16  [32mloss: -1.00000  [38;2;180;60;0mgrad_norm:  1.0294  [38;2;54;234;195mmemory:  0.38GiB(0.28%)  [34mtps: 134  [36mtflops: 0.02  [35mmfu: 0.00%[39m
[titan] 2026-09-21 04:38:49,952 - torchtitan.observability.metrics - INFO - [31mstep: 16  [32mloss:  3.15614  [38;2;180;60;0mgrad_norm:  1.0294  [38;2;54;234;195mmemory:  0.36GiB(0.26%)  [34mtps: 134  [36mtflops: 0.02  [35mmfu: 0.00%[39m
[titan] 2026-09-21 04:38:49,954 - torchtitan.observability.metrics - INFO - [31mstep: 16  [32mloss: -1.00000  [38;2;180;60;0mgrad_norm:  1.0294  [38;2;54;234;195mmemory:  0.35GiB(0.25%)  [34mtps: 134  [36mtflops: 0.02  [35mmfu: 0.00%[39m
[titan] 2026-09-21 04:38:49,955 - torchtitan.observability.metrics - INFO - [31mstep: 16  [32mloss: -1.00000  [38;2;180;60;0mgrad_norm:  1.0294  [38;2;54;234;195mmemory:  0.41GiB(0.29%)  [34mtps: 134  [36mtflops: 0.02  [35mmfu: 0.00%[39m
[titan] 2026-09-21 04:38:51,867 - torchtitan.observability.metrics - INFO - [31mstep: 17  [32mloss:  2.98067  [38;2;180;60;0mgrad_norm:  1.0054  [38;2;54;234;195mmemory:  0.36GiB(0.26%)  [34mtps: 134  [36mtflops: 0.02  [35mmfu: 0.00%[39m
[titan] 2026-09-21 04:38:51,867 - torchtitan.observability.metrics - INFO - [31mstep: 17  [32mloss: -1.00000  [38;2;180;60;0mgrad_norm:  1.0054  [38;2;54;234;195mmemory:  0.38GiB(0.28%)  [34mtps: 134  [36mtflops: 0.02  [35mmfu: 0.00%[39m
[titan] 2026-09-21 04:38:51,870 - torchtitan.observability.metrics - INFO - [31mstep: 17  [32mloss: -1.00000  [38;2;180;60;0mgrad_norm:  1.0054  [38;2;54;234;195mmemory:  0.41GiB(0.29%)  [34mtps: 134  [36mtflops: 0.02  [35mmfu: 0.00%[39m
[titan] 2026-09-21 04:38:51,871 - torchtitan.observability.metrics - INFO - [31mstep: 17  [32mloss: -1.00000  [38;2;180;60;0mgrad_norm:  1.0054  [38;2;54;234;195mmemory:  0.35GiB(0.25%)  [34mtps: 134  [36mtflops: 0.02  [35mmfu: 0.00%[39m
[titan] 2026-09-21 04:38:53,758 - torchtitan.observability.metrics - INFO - [31mstep: 18  [32mloss:  3.04587  [38;2;180;60;0mgrad_norm:  0.7165  [38;2;54;234;195mmemory:  0.36GiB(0.26%)  [34mtps: 135  [36mtflops: 0.02  [35mmfu: 0.00%[39m
[titan] 2026-09-21 04:38:53,758 - torchtitan.observability.metrics - INFO - [31mstep: 18  [32mloss: -1.00000  [38;2;180;60;0mgrad_norm:  0.7165  [38;2;54;234;195mmemory:  0.38GiB(0.28%)  [34mtps: 135  [36mtflops: 0.02  [35mmfu: 0.00%[39m
[titan] 2026-09-21 04:38:53,761 - torchtitan.observability.metrics - INFO - [31mstep: 18  [32mloss: -1.00000  [38;2;180;60;0mgrad_norm:  0.7165  [38;2;54;234;195mmemory:  0.35GiB(0.25%)  [34mtps: 136  [36mtflops: 0.02  [35mmfu: 0.00%[39m
[titan] 2026-09-21 04:38:53,761 - torchtitan.observability.metrics - INFO - [31mstep: 18  [32mloss: -1.00000  [38;2;180;60;0mgrad_norm:  0.7165  [38;2;54;234;195mmemory:  0.41GiB(0.29%)  [34mtps: 135  [36mtflops: 0.02  [35mmfu: 0.00%[39m
[titan] 2026-09-21 04:38:55,643 - torchtitan.observability.metrics - INFO - [31mstep: 19  [32mloss:  2.73938  [38;2;180;60;0mgrad_norm:  0.7649  [38;2;54;234;195mmemory:  0.36GiB(0.26%)  [34mtps: 136  [36mtflops: 0.02  [35mmfu: 0.00%[39m
[titan] 2026-09-21 04:38:55,643 - torchtitan.observability.metrics - INFO - [31mstep: 19  [32mloss: -1.00000  [38;2;180;60;0mgrad_norm:  0.7649  [38;2;54;234;195mmemory:  0.38GiB(0.28%)  [34mtps: 136  [36mtflops: 0.02  [35mmfu: 0.00%[39m
[titan] 2026-09-21 04:38:55,645 - torchtitan.observability.metrics - INFO - [31mstep: 19  [32mloss: -1.00000  [38;2;180;60;0mgrad_norm:  0.7649  [38;2;54;234;195mmemory:  0.35GiB(0.25%)  [34mtps: 136  [36mtflops: 0.02  [35mmfu: 0.00%[39m
[titan] 2026-09-21 04:38:55,646 - torchtitan.observability.metrics - INFO - [31mstep: 19  [32mloss: -1.00000  [38;2;180;60;0mgrad_norm:  0.7649  [38;2;54;234;195mmemory:  0.41GiB(0.29%)  [34mtps: 136  [36mtflops: 0.02  [35mmfu: 0.00%[39m
[titan] 2026-09-21 04:38:57,531 - torchtitan.observability.metrics - INFO - [31mstep: 20  [32mloss:  2.91503  [38;2;180;60;0mgrad_norm:  0.9308  [38;2;54;234;195mmemory:  0.36GiB(0.26%)  [34mtps: 136  [36mtflops: 0.02  [35mmfu: 0.00%[39m
[titan] 2026-09-21 04:38:57,531 - torchtitan.observability.metrics - INFO - [31mstep: 20  [32mloss: -1.00000  [38;2;180;60;0mgrad_norm:  0.9308  [38;2;54;234;195mmemory:  0.38GiB(0.28%)  [34mtps: 136  [36mtflops: 0.02  [35mmfu: 0.00%[39m
[titan] 2026-09-21 04:38:57,533 - torchtitan.observability.metrics - INFO - [31mstep: 20  [32mloss: -1.00000  [38;2;180;60;0mgrad_norm:  0.9308  [38;2;54;234;195mmemory:  0.35GiB(0.25%)  [34mtps: 136  [36mtflops: 0.02  [35mmfu: 0.00%[39m
[titan] 2026-09-21 04:38:57,534 - torchtitan.observability.metrics - INFO - [31mstep: 20  [32mloss: -1.00000  [38;2;180;60;0mgrad_norm:  0.9308  [38;2;54;234;195mmemory:  0.41GiB(0.29%)  [34mtps: 136  [36mtflops: 0.02  [35mmfu: 0.00%[39m
[titan] 2026-09-21 04:38:59,444 - torchtitan.observability.metrics - INFO - [31mstep: 21  [32mloss: -1.00000  [38;2;180;60;0mgrad_norm:  0.7494  [38;2;54;234;195mmemory:  0.38GiB(0.28%)  [34mtps: 134  [36mtflops: 0.02  [35mmfu: 0.00%[39m
[titan] 2026-09-21 04:38:59,444 - torchtitan.observability.metrics - INFO - [31mstep: 21  [32mloss:  3.09821  [38;2;180;60;0mgrad_norm:  0.7494  [38;2;54;234;195mmemory:  0.36GiB(0.26%)  [34mtps: 134  [36mtflops: 0.02  [35mmfu: 0.00%[39m
[titan] 2026-09-21 04:38:59,445 - torchtitan.observability.metrics - INFO - [31mstep: 21  [32mloss: -1.00000  [38;2;180;60;0mgrad_norm:  0.7494  [38;2;54;234;195mmemory:  0.35GiB(0.25%)  [34mtps: 134  [36mtflops: 0.02  [35mmfu: 0.00%[39m
[titan] 2026-09-21 04:38:59,447 - torchtitan.observability.metrics - INFO - [31mstep: 21  [32mloss: -1.00000  [38;2;180;60;0mgrad_norm:  0.7494  [38;2;54;234;195mmemory:  0.41GiB(0.29%)  [34mtps: 134  [36mtflops: 0.02  [35mmfu: 0.00%[39m
[titan] 2026-09-21 04:39:01,347 - torchtitan.observability.metrics - INFO - [31mstep: 22  [32mloss:  2.85828  [38;2;180;60;0mgrad_norm:  1.0356  [38;2;54;234;195mmemory:  0.36GiB(0.26%)  [34mtps: 135  [36mtflops: 0.02  [35mmfu: 0.00%[39m
[titan] 2026-09-21 04:39:01,347 - torchtitan.observability.metrics - INFO - [31mstep: 22  [32mloss: -1.00000  [38;2;180;60;0mgrad_norm:  1.0356  [38;2;54;234;195mmemory:  0.38GiB(0.28%)  [34mtps: 135  [36mtflops: 0.02  [35mmfu: 0.00%[39m
[titan] 2026-09-21 04:39:01,350 - torchtitan.observability.metrics - INFO - [31mstep: 22  [32mloss: -1.00000  [38;2;180;60;0mgrad_norm:  1.0356  [38;2;54;234;195mmemory:  0.35GiB(0.25%)  [34mtps: 134  [36mtflops: 0.02  [35mmfu: 0.00%[39m
[titan] 2026-09-21 04:39:01,350 - torchtitan.observability.metrics - INFO - [31mstep: 22  [32mloss: -1.00000  [38;2;180;60;0mgrad_norm:  1.0356  [38;2;54;234;195mmemory:  0.41GiB(0.29%)  [34mtps: 135  [36mtflops: 0.02  [35mmfu: 0.00%[39m
[titan] 2026-09-21 04:39:03,240 - torchtitan.observability.metrics - INFO - [31mstep: 23  [32mloss: -1.00000  [38;2;180;60;0mgrad_norm:  0.7500  [38;2;54;234;195mmemory:  0.38GiB(0.28%)  [34mtps: 135  [36mtflops: 0.02  [35mmfu: 0.00%[39m
[titan] 2026-09-21 04:39:03,241 - torchtitan.observability.metrics - INFO - [31mstep: 23  [32mloss:  2.67156  [38;2;180;60;0mgrad_norm:  0.7500  [38;2;54;234;195mmemory:  0.36GiB(0.26%)  [34mtps: 135  [36mtflops: 0.02  [35mmfu: 0.00%[39m
[titan] 2026-09-21 04:39:03,242 - torchtitan.observability.metrics - INFO - [31mstep: 23  [32mloss: -1.00000  [38;2;180;60;0mgrad_norm:  0.7500  [38;2;54;234;195mmemory:  0.35GiB(0.25%)  [34mtps: 135  [36mtflops: 0.02  [35mmfu: 0.00%[39m
[titan] 2026-09-21 04:39:03,243 - torchtitan.observability.metrics - INFO - [31mstep: 23  [32mloss: -1.00000  [38;2;180;60;0mgrad_norm:  0.7500  [38;2;54;234;195mmemory:  0.41GiB(0.29%)  [34mtps: 135  [36mtflops: 0.02  [35mmfu: 0.00%[39m
[titan] 2026-09-21 04:39:05,134 - torchtitan.observability.metrics - INFO - [31mstep: 24  [32mloss:  2.89081  [38;2;180;60;0mgrad_norm:  1.0303  [38;2;54;234;195mmemory:  0.36GiB(0.26%)  [34mtps: 135  [36mtflops: 0.02  [35mmfu: 0.00%[39m
[titan] 2026-09-21 04:39:05,135 - torchtitan.observability.metrics - INFO - [31mstep: 24  [32mloss: -1.00000  [38;2;180;60;0mgrad_norm:  1.0303  [38;2;54;234;195mmemory:  0.38GiB(0.28%)  [34mtps: 135  [36mtflops: 0.02  [35mmfu: 0.00%[39m
[titan] 2026-09-21 04:39:05,137 - torchtitan.observability.metrics - INFO - [31mstep: 24  [32mloss: -1.00000  [38;2;180;60;0mgrad_norm:  1.0303  [38;2;54;234;195mmemory:  0.35GiB(0.25%)  [34mtps: 135  [36mtflops: 0.02  [35mmfu: 0.00%[39m
[titan] 2026-09-21 04:39:05,138 - torchtitan.observability.metrics - INFO - [31mstep: 24  [32mloss: -1.00000  [38;2;180;60;0mgrad_norm:  1.0303  [38;2;54;234;195mmemory:  0.41GiB(0.29%)  [34mtps: 135  [36mtflops: 0.02  [35mmfu: 0.00%[39m
[titan] 2026-09-21 04:39:07,035 - torchtitan.observability.metrics - INFO - [31mstep: 25  [32mloss:  3.14938  [38;2;180;60;0mgrad_norm:  1.0465  [38;2;54;234;195mmemory:  0.36GiB(0.26%)  [34mtps: 135  [36mtflops: 0.02  [35mmfu: 0.00%[39m
[titan] 2026-09-21 04:39:07,036 - torchtitan.observability.metrics - INFO - [31mstep: 25  [32mloss: -1.00000  [38;2;180;60;0mgrad_norm:  1.0465  [38;2;54;234;195mmemory:  0.38GiB(0.28%)  [34mtps: 135  [36mtflops: 0.02  [35mmfu: 0.00%[39m
[titan] 2026-09-21 04:39:07,038 - torchtitan.observability.metrics - INFO - [31mstep: 25  [32mloss: -1.00000  [38;2;180;60;0mgrad_norm:  1.0465  [38;2;54;234;195mmemory:  0.35GiB(0.25%)  [34mtps: 135  [36mtflops: 0.02  [35mmfu: 0.00%[39m
[titan] 2026-09-21 04:39:07,038 - torchtitan.observability.metrics - INFO - [31mstep: 25  [32mloss: -1.00000  [38;2;180;60;0mgrad_norm:  1.0465  [38;2;54;234;195mmemory:  0.41GiB(0.29%)  [34mtps: 135  [36mtflops: 0.02  [35mmfu: 0.00%[39m
[titan] 2026-09-21 04:39:08,925 - torchtitan.observability.metrics - INFO - [31mstep: 26  [32mloss:  2.69150  [38;2;180;60;0mgrad_norm:  1.1325  [38;2;54;234;195mmemory:  0.36GiB(0.26%)  [34mtps: 135  [36mtflops: 0.02  [35mmfu: 0.00%[39m
[titan] 2026-09-21 04:39:08,925 - torchtitan.observability.metrics - INFO - [31mstep: 26  [32mloss: -1.00000  [38;2;180;60;0mgrad_norm:  1.1325  [38;2;54;234;195mmemory:  0.38GiB(0.28%)  [34mtps: 135  [36mtflops: 0.02  [35mmfu: 0.00%[39m
[titan] 2026-09-21 04:39:08,928 - torchtitan.observability.metrics - INFO - [31mstep: 26  [32mloss: -1.00000  [38;2;180;60;0mgrad_norm:  1.1325  [38;2;54;234;195mmemory:  0.35GiB(0.25%)  [34mtps: 135  [36mtflops: 0.02  [35mmfu: 0.00%[39m
[titan] 2026-09-21 04:39:08,928 - torchtitan.observability.metrics - INFO - [31mstep: 26  [32mloss: -1.00000  [38;2;180;60;0mgrad_norm:  1.1325  [38;2;54;234;195mmemory:  0.41GiB(0.29%)  [34mtps: 135  [36mtflops: 0.02  [35mmfu: 0.00%[39m
[titan] 2026-09-21 04:39:10,817 - torchtitan.observability.metrics - INFO - [31mstep: 27  [32mloss:  2.81780  [38;2;180;60;0mgrad_norm:  0.8652  [38;2;54;234;195mmemory:  0.36GiB(0.26%)  [34mtps: 135  [36mtflops: 0.02  [35mmfu: 0.00%[39m
[titan] 2026-09-21 04:39:10,817 - torchtitan.observability.metrics - INFO - [31mstep: 27  [32mloss: -1.00000  [38;2;180;60;0mgrad_norm:  0.8652  [38;2;54;234;195mmemory:  0.38GiB(0.28%)  [34mtps: 135  [36mtflops: 0.02  [35mmfu: 0.00%[39m
[titan] 2026-09-21 04:39:10,819 - torchtitan.observability.metrics - INFO - [31mstep: 27  [32mloss: -1.00000  [38;2;180;60;0mgrad_norm:  0.8652  [38;2;54;234;195mmemory:  0.35GiB(0.25%)  [34mtps: 135  [36mtflops: 0.02  [35mmfu: 0.00%[39m
[titan] 2026-09-21 04:39:10,820 - torchtitan.observability.metrics - INFO - [31mstep: 27  [32mloss: -1.00000  [38;2;180;60;0mgrad_norm:  0.8652  [38;2;54;234;195mmemory:  0.41GiB(0.29%)  [34mtps: 135  [36mtflops: 0.02  [35mmfu: 0.00%[39m
[titan] 2026-09-21 04:39:12,712 - torchtitan.observability.metrics - INFO - [31mstep: 28  [32mloss:  2.94372  [38;2;180;60;0mgrad_norm:  1.0039  [38;2;54;234;195mmemory:  0.36GiB(0.26%)  [34mtps: 135  [36mtflops: 0.02  [35mmfu: 0.00%[39m
[titan] 2026-09-21 04:39:12,712 - torchtitan.observability.metrics - INFO - [31mstep: 28  [32mloss: -1.00000  [38;2;180;60;0mgrad_norm:  1.0039  [38;2;54;234;195mmemory:  0.38GiB(0.28%)  [34mtps: 135  [36mtflops: 0.02  [35mmfu: 0.00%[39m
[titan] 2026-09-21 04:39:12,714 - torchtitan.observability.metrics - INFO - [31mstep: 28  [32mloss: -1.00000  [38;2;180;60;0mgrad_norm:  1.0039  [38;2;54;234;195mmemory:  0.35GiB(0.25%)  [34mtps: 135  [36mtflops: 0.02  [35mmfu: 0.00%[39m
[titan] 2026-09-21 04:39:12,715 - torchtitan.observability.metrics - INFO - [31mstep: 28  [32mloss: -1.00000  [38;2;180;60;0mgrad_norm:  1.0039  [38;2;54;234;195mmemory:  0.41GiB(0.29%)  [34mtps: 135  [36mtflops: 0.02  [35mmfu: 0.00%[39m
[titan] 2026-09-21 04:39:14,608 - torchtitan.observability.metrics - INFO - [31mstep: 29  [32mloss:  2.65077  [38;2;180;60;0mgrad_norm:  0.9967  [38;2;54;234;195mmemory:  0.36GiB(0.26%)  [34mtps: 135  [36mtflops: 0.02  [35mmfu: 0.00%[39m
[titan] 2026-09-21 04:39:14,608 - torchtitan.observability.metrics - INFO - [31mstep: 29  [32mloss: -1.00000  [38;2;180;60;0mgrad_norm:  0.9967  [38;2;54;234;195mmemory:  0.38GiB(0.28%)  [34mtps: 135  [36mtflops: 0.02  [35mmfu: 0.00%[39m
[titan] 2026-09-21 04:39:14,611 - torchtitan.observability.metrics - INFO - [31mstep: 29  [32mloss: -1.00000  [38;2;180;60;0mgrad_norm:  0.9967  [38;2;54;234;195mmemory:  0.35GiB(0.25%)  [34mtps: 135  [36mtflops: 0.02  [35mmfu: 0.00%[39m
[titan] 2026-09-21 04:39:14,611 - torchtitan.observability.metrics - INFO - [31mstep: 29  [32mloss: -1.00000  [38;2;180;60;0mgrad_norm:  0.9967  [38;2;54;234;195mmemory:  0.41GiB(0.29%)  [34mtps: 135  [36mtflops: 0.02  [35mmfu: 0.00%[39m
[titan] 2026-09-21 04:39:16,508 - torchtitan.observability.metrics - INFO - [31mstep: 30  [32mloss:  2.92688  [38;2;180;60;0mgrad_norm:  0.9297  [38;2;54;234;195mmemory:  0.36GiB(0.26%)  [34mtps: 135  [36mtflops: 0.02  [35mmfu: 0.00%[39m
[titan] 2026-09-21 04:39:16,508 - torchtitan.observability.metrics - INFO - [31mstep: 30  [32mloss: -1.00000  [38;2;180;60;0mgrad_norm:  0.9297  [38;2;54;234;195mmemory:  0.38GiB(0.28%)  [34mtps: 135  [36mtflops: 0.02  [35mmfu: 0.00%[39m
[titan] 2026-09-21 04:39:16,509 - torchtitan.observability.metrics - INFO - [31mstep: 30  [32mloss: -1.00000  [38;2;180;60;0mgrad_norm:  0.9297  [38;2;54;234;195mmemory:  0.35GiB(0.25%)  [34mtps: 135  [36mtflops: 0.02  [35mmfu: 0.00%[39m
[titan] 2026-09-21 04:39:16,511 - torchtitan.observability.metrics - INFO - [31mstep: 30  [32mloss: -1.00000  [38;2;180;60;0mgrad_norm:  0.9297  [38;2;54;234;195mmemory:  0.41GiB(0.29%)  [34mtps: 135  [36mtflops: 0.02  [35mmfu: 0.00%[39m
[titan] 2026-09-21 04:39:18,417 - torchtitan.observability.metrics - INFO - [31mstep: 31  [32mloss:  2.73085  [38;2;180;60;0mgrad_norm:  0.9409  [38;2;54;234;195mmemory:  0.36GiB(0.26%)  [34mtps: 134  [36mtflops: 0.02  [35mmfu: 0.00%[39m
[titan] 2026-09-21 04:39:18,417 - torchtitan.observability.metrics - INFO - [31mstep: 31  [32mloss: -1.00000  [38;2;180;60;0mgrad_norm:  0.9409  [38;2;54;234;195mmemory:  0.38GiB(0.28%)  [34mtps: 134  [36mtflops: 0.02  [35mmfu: 0.00%[39m
[titan] 2026-09-21 04:39:18,419 - torchtitan.observability.metrics - INFO - [31mstep: 31  [32mloss: -1.00000  [38;2;180;60;0mgrad_norm:  0.9409  [38;2;54;234;195mmemory:  0.35GiB(0.25%)  [34mtps: 134  [36mtflops: 0.02  [35mmfu: 0.00%[39m
[titan] 2026-09-21 04:39:18,420 - torchtitan.observability.metrics - INFO - [31mstep: 31  [32mloss: -1.00000  [38;2;180;60;0mgrad_norm:  0.9409  [38;2;54;234;195mmemory:  0.41GiB(0.29%)  [34mtps: 134  [36mtflops: 0.02  [35mmfu: 0.00%[39m
[titan] 2026-09-21 04:39:20,310 - torchtitan.observability.metrics - INFO - [31mstep: 32  [32mloss:  2.78581  [38;2;180;60;0mgrad_norm:  0.7608  [38;2;54;234;195mmemory:  0.36GiB(0.26%)  [34mtps: 135  [36mtflops: 0.02  [35mmfu: 0.00%[39m
[titan] 2026-09-21 04:39:20,310 - torchtitan.observability.metrics - INFO - [31mstep: 32  [32mloss: -1.00000  [38;2;180;60;0mgrad_norm:  0.7608  [38;2;54;234;195mmemory:  0.38GiB(0.28%)  [34mtps: 135  [36mtflops: 0.02  [35mmfu: 0.00%[39m
[titan] 2026-09-21 04:39:20,312 - torchtitan.observability.metrics - INFO - [31mstep: 32  [32mloss: -1.00000  [38;2;180;60;0mgrad_norm:  0.7608  [38;2;54;234;195mmemory:  0.35GiB(0.25%)  [34mtps: 135  [36mtflops: 0.02  [35mmfu: 0.00%[39m
[titan] 2026-09-21 04:39:20,313 - torchtitan.observability.metrics - INFO - [31mstep: 32  [32mloss: -1.00000  [38;2;180;60;0mgrad_norm:  0.7608  [38;2;54;234;195mmemory:  0.41GiB(0.29%)  [34mtps: 135  [36mtflops: 0.02  [35mmfu: 0.00%[39m
[titan] 2026-09-21 04:39:22,202 - torchtitan.observability.metrics - INFO - [31mstep: 33  [32mloss:  2.53841  [38;2;180;60;0mgrad_norm:  0.7590  [38;2;54;234;195mmemory:  0.36GiB(0.26%)  [34mtps: 135  [36mtflops: 0.02  [35mmfu: 0.00%[39m
[titan] 2026-09-21 04:39:22,202 - torchtitan.observability.metrics - INFO - [31mstep: 33  [32mloss: -1.00000  [38;2;180;60;0mgrad_norm:  0.7590  [38;2;54;234;195mmemory:  0.38GiB(0.28%)  [34mtps: 135  [36mtflops: 0.02  [35mmfu: 0.00%[39m
[titan] 2026-09-21 04:39:22,204 - torchtitan.observability.metrics - INFO - [31mstep: 33  [32mloss: -1.00000  [38;2;180;60;0mgrad_norm:  0.7590  [38;2;54;234;195mmemory:  0.35GiB(0.25%)  [34mtps: 135  [36mtflops: 0.02  [35mmfu: 0.00%[39m
[titan] 2026-09-21 04:39:22,205 - torchtitan.observability.metrics - INFO - [31mstep: 33  [32mloss: -1.00000  [38;2;180;60;0mgrad_norm:  0.7590  [38;2;54;234;195mmemory:  0.41GiB(0.29%)  [34mtps: 135  [36mtflops: 0.02  [35mmfu: 0.00%[39m
[titan] 2026-09-21 04:39:24,115 - torchtitan.observability.metrics - INFO - [31mstep: 34  [32mloss:  2.55216  [38;2;180;60;0mgrad_norm:  0.8461  [38;2;54;234;195mmemory:  0.36GiB(0.26%)  [34mtps: 134  [36mtflops: 0.02  [35mmfu: 0.00%[39m
[titan] 2026-09-21 04:39:24,115 - torchtitan.observability.metrics - INFO - [31mstep: 34  [32mloss: -1.00000  [38;2;180;60;0mgrad_norm:  0.8461  [38;2;54;234;195mmemory:  0.38GiB(0.28%)  [34mtps: 134  [36mtflops: 0.02  [35mmfu: 0.00%[39m
[titan] 2026-09-21 04:39:24,118 - torchtitan.observability.metrics - INFO - [31mstep: 34  [32mloss: -1.00000  [38;2;180;60;0mgrad_norm:  0.8461  [38;2;54;234;195mmemory:  0.35GiB(0.25%)  [34mtps: 134  [36mtflops: 0.02  [35mmfu: 0.00%[39m
[titan] 2026-09-21 04:39:24,118 - torchtitan.observability.metrics - INFO - [31mstep: 34  [32mloss: -1.00000  [38;2;180;60;0mgrad_norm:  0.8461  [38;2;54;234;195mmemory:  0.41GiB(0.29%)  [34mtps: 134  [36mtflops: 0.02  [35mmfu: 0.00%[39m
[titan] 2026-09-21 04:39:26,015 - torchtitan.observability.metrics - INFO - [31mstep: 35  [32mloss:  2.68545  [38;2;180;60;0mgrad_norm:  0.8273  [38;2;54;234;195mmemory:  0.36GiB(0.26%)  [34mtps: 135  [36mtflops: 0.02  [35mmfu: 0.00%[39m
[titan] 2026-09-21 04:39:26,016 - torchtitan.observability.metrics - INFO - [31mstep: 35  [32mloss: -1.00000  [38;2;180;60;0mgrad_norm:  0.8273  [38;2;54;234;195mmemory:  0.38GiB(0.28%)  [34mtps: 135  [36mtflops: 0.02  [35mmfu: 0.00%[39m
[titan] 2026-09-21 04:39:26,018 - torchtitan.observability.metrics - INFO - [31mstep: 35  [32mloss: -1.00000  [38;2;180;60;0mgrad_norm:  0.8273  [38;2;54;234;195mmemory:  0.35GiB(0.25%)  [34mtps: 135  [36mtflops: 0.02  [35mmfu: 0.00%[39m
[titan] 2026-09-21 04:39:26,018 - torchtitan.observability.metrics - INFO - [31mstep: 35  [32mloss: -1.00000  [38;2;180;60;0mgrad_norm:  0.8273  [38;2;54;234;195mmemory:  0.41GiB(0.29%)  [34mtps: 135  [36mtflops: 0.02  [35mmfu: 0.00%[39m
[titan] 2026-09-21 04:39:27,923 - torchtitan.observability.metrics - INFO - [31mstep: 36  [32mloss:  2.56698  [38;2;180;60;0mgrad_norm:  0.9431  [38;2;54;234;195mmemory:  0.36GiB(0.26%)  [34mtps: 134  [36mtflops: 0.02  [35mmfu: 0.00%[39m
[titan] 2026-09-21 04:39:27,923 - torchtitan.observability.metrics - INFO - [31mstep: 36  [32mloss: -1.00000  [38;2;180;60;0mgrad_norm:  0.9431  [38;2;54;234;195mmemory:  0.38GiB(0.28%)  [34mtps: 134  [36mtflops: 0.02  [35mmfu: 0.00%[39m
[titan] 2026-09-21 04:39:27,926 - torchtitan.observability.metrics - INFO - [31mstep: 36  [32mloss: -1.00000  [38;2;180;60;0mgrad_norm:  0.9431  [38;2;54;234;195mmemory:  0.41GiB(0.29%)  [34mtps: 134  [36mtflops: 0.02  [35mmfu: 0.00%[39m
[titan] 2026-09-21 04:39:27,926 - torchtitan.observability.metrics - INFO - [31mstep: 36  [32mloss: -1.00000  [38;2;180;60;0mgrad_norm:  0.9431  [38;2;54;234;195mmemory:  0.35GiB(0.25%)  [34mtps: 134  [36mtflops: 0.02  [35mmfu: 0.00%[39m
[titan] 2026-09-21 04:39:29,826 - torchtitan.observability.metrics - INFO - [31mstep: 37  [32mloss:  3.01655  [38;2;180;60;0mgrad_norm:  1.2781  [38;2;54;234;195mmemory:  0.36GiB(0.26%)  [34mtps: 134  [36mtflops: 0.02  [35mmfu: 0.00%[39m
[titan] 2026-09-21 04:39:29,827 - torchtitan.observability.metrics - INFO - [31mstep: 37  [32mloss: -1.00000  [38;2;180;60;0mgrad_norm:  1.2781  [38;2;54;234;195mmemory:  0.38GiB(0.28%)  [34mtps: 134  [36mtflops: 0.02  [35mmfu: 0.00%[39m
[titan] 2026-09-21 04:39:29,829 - torchtitan.observability.metrics - INFO - [31mstep: 37  [32mloss: -1.00000  [38;2;180;60;0mgrad_norm:  1.2781  [38;2;54;234;195mmemory:  0.35GiB(0.25%)  [34mtps: 135  [36mtflops: 0.02  [35mmfu: 0.00%[39m
[titan] 2026-09-21 04:39:29,829 - torchtitan.observability.metrics - INFO - [31mstep: 37  [32mloss: -1.00000  [38;2;180;60;0mgrad_norm:  1.2781  [38;2;54;234;195mmemory:  0.41GiB(0.29%)  [34mtps: 134  [36mtflops: 0.02  [35mmfu: 0.00%[39m
[titan] 2026-09-21 04:39:31,722 - torchtitan.observability.metrics - INFO - [31mstep: 38  [32mloss:  2.68156  [38;2;180;60;0mgrad_norm:  1.0810  [38;2;54;234;195mmemory:  0.36GiB(0.26%)  [34mtps: 135  [36mtflops: 0.02  [35mmfu: 0.00%[39m
[titan] 2026-09-21 04:39:31,723 - torchtitan.observability.metrics - INFO - [31mstep: 38  [32mloss: -1.00000  [38;2;180;60;0mgrad_norm:  1.0810  [38;2;54;234;195mmemory:  0.38GiB(0.28%)  [34mtps: 135  [36mtflops: 0.02  [35mmfu: 0.00%[39m
[titan] 2026-09-21 04:39:31,725 - torchtitan.observability.metrics - INFO - [31mstep: 38  [32mloss: -1.00000  [38;2;180;60;0mgrad_norm:  1.0810  [38;2;54;234;195mmemory:  0.35GiB(0.25%)  [34mtps: 135  [36mtflops: 0.02  [35mmfu: 0.00%[39m
[titan] 2026-09-21 04:39:31,726 - torchtitan.observability.metrics - INFO - [31mstep: 38  [32mloss: -1.00000  [38;2;180;60;0mgrad_norm:  1.0810  [38;2;54;234;195mmemory:  0.41GiB(0.29%)  [34mtps: 135  [36mtflops: 0.02  [35mmfu: 0.00%[39m
[titan] 2026-09-21 04:39:33,618 - torchtitan.observability.metrics - INFO - [31mstep: 39  [32mloss:  2.78602  [38;2;180;60;0mgrad_norm:  0.9956  [38;2;54;234;195mmemory:  0.36GiB(0.26%)  [34mtps: 135  [36mtflops: 0.02  [35mmfu: 0.00%[39m
[titan] 2026-09-21 04:39:33,619 - torchtitan.observability.metrics - INFO - [31mstep: 39  [32mloss: -1.00000  [38;2;180;60;0mgrad_norm:  0.9956  [38;2;54;234;195mmemory:  0.38GiB(0.28%)  [34mtps: 135  [36mtflops: 0.02  [35mmfu: 0.00%[39m
[titan] 2026-09-21 04:39:33,621 - torchtitan.observability.metrics - INFO - [31mstep: 39  [32mloss: -1.00000  [38;2;180;60;0mgrad_norm:  0.9956  [38;2;54;234;195mmemory:  0.35GiB(0.25%)  [34mtps: 135  [36mtflops: 0.02  [35mmfu: 0.00%[39m
[titan] 2026-09-21 04:39:33,621 - torchtitan.observability.metrics - INFO - [31mstep: 39  [32mloss: -1.00000  [38;2;180;60;0mgrad_norm:  0.9956  [38;2;54;234;195mmemory:  0.41GiB(0.29%)  [34mtps: 135  [36mtflops: 0.02  [35mmfu: 0.00%[39m
[titan] 2026-09-21 04:39:35,536 - torchtitan.observability.metrics - INFO - [31mstep: 40  [32mloss:  2.65218  [38;2;180;60;0mgrad_norm:  1.0029  [38;2;54;234;195mmemory:  0.36GiB(0.26%)  [34mtps: 134  [36mtflops: 0.02  [35mmfu: 0.00%[39m
[titan] 2026-09-21 04:39:35,536 - torchtitan.observability.metrics - INFO - [31mstep: 40  [32mloss: -1.00000  [38;2;180;60;0mgrad_norm:  1.0029  [38;2;54;234;195mmemory:  0.38GiB(0.28%)  [34mtps: 134  [36mtflops: 0.02  [35mmfu: 0.00%[39m
[titan] 2026-09-21 04:39:35,537 - torchtitan.observability.metrics - INFO - [31mstep: 40  [32mloss: -1.00000  [38;2;180;60;0mgrad_norm:  1.0029  [38;2;54;234;195mmemory:  0.35GiB(0.25%)  [34mtps: 134  [36mtflops: 0.02  [35mmfu: 0.00%[39m
[titan] 2026-09-21 04:39:35,539 - torchtitan.observability.metrics - INFO - [31mstep: 40  [32mloss: -1.00000  [38;2;180;60;0mgrad_norm:  1.0029  [38;2;54;234;195mmemory:  0.41GiB(0.29%)  [34mtps: 133  [36mtflops: 0.02  [35mmfu: 0.00%[39m
[titan] 2026-09-21 04:39:37,448 - torchtitan.observability.metrics - INFO - [31mstep: 41  [32mloss:  2.58494  [38;2;180;60;0mgrad_norm:  0.7599  [38;2;54;234;195mmemory:  0.36GiB(0.26%)  [34mtps: 134  [36mtflops: 0.02  [35mmfu: 0.00%[39m
[titan] 2026-09-21 04:39:37,448 - torchtitan.observability.metrics - INFO - [31mstep: 41  [32mloss: -1.00000  [38;2;180;60;0mgrad_norm:  0.7599  [38;2;54;234;195mmemory:  0.38GiB(0.28%)  [34mtps: 134  [36mtflops: 0.02  [35mmfu: 0.00%[39m
[titan] 2026-09-21 04:39:37,451 - torchtitan.observability.metrics - INFO - [31mstep: 41  [32mloss: -1.00000  [38;2;180;60;0mgrad_norm:  0.7599  [38;2;54;234;195mmemory:  0.35GiB(0.25%)  [34mtps: 134  [36mtflops: 0.02  [35mmfu: 0.00%[39m
[titan] 2026-09-21 04:39:37,451 - torchtitan.observability.metrics - INFO - [31mstep: 41  [32mloss: -1.00000  [38;2;180;60;0mgrad_norm:  0.7599  [38;2;54;234;195mmemory:  0.41GiB(0.29%)  [34mtps: 134  [36mtflops: 0.02  [35mmfu: 0.00%[39m
[titan] 2026-09-21 04:39:39,348 - torchtitan.observability.metrics - INFO - [31mstep: 42  [32mloss:  2.53389  [38;2;180;60;0mgrad_norm:  0.8090  [38;2;54;234;195mmemory:  0.36GiB(0.26%)  [34mtps: 135  [36mtflops: 0.02  [35mmfu: 0.00%[39m
[titan] 2026-09-21 04:39:39,348 - torchtitan.observability.metrics - INFO - [31mstep: 42  [32mloss: -1.00000  [38;2;180;60;0mgrad_norm:  0.8090  [38;2;54;234;195mmemory:  0.38GiB(0.28%)  [34mtps: 135  [36mtflops: 0.02  [35mmfu: 0.00%[39m
[titan] 2026-09-21 04:39:39,351 - torchtitan.observability.metrics - INFO - [31mstep: 42  [32mloss: -1.00000  [38;2;180;60;0mgrad_norm:  0.8090  [38;2;54;234;195mmemory:  0.35GiB(0.25%)  [34mtps: 135  [36mtflops: 0.02  [35mmfu: 0.00%[39m
[titan] 2026-09-21 04:39:39,351 - torchtitan.observability.metrics - INFO - [31mstep: 42  [32mloss: -1.00000  [38;2;180;60;0mgrad_norm:  0.8090  [38;2;54;234;195mmemory:  0.41GiB(0.29%)  [34mtps: 135  [36mtflops: 0.02  [35mmfu: 0.00%[39m
[titan] 2026-09-21 04:39:41,240 - torchtitan.observability.metrics - INFO - [31mstep: 43  [32mloss:  2.72104  [38;2;180;60;0mgrad_norm:  0.8698  [38;2;54;234;195mmemory:  0.36GiB(0.26%)  [34mtps: 135  [36mtflops: 0.02  [35mmfu: 0.00%[39m
[titan] 2026-09-21 04:39:41,240 - torchtitan.observability.metrics - INFO - [31mstep: 43  [32mloss: -1.00000  [38;2;180;60;0mgrad_norm:  0.8698  [38;2;54;234;195mmemory:  0.38GiB(0.28%)  [34mtps: 135  [36mtflops: 0.02  [35mmfu: 0.00%[39m
[titan] 2026-09-21 04:39:41,242 - torchtitan.observability.metrics - INFO - [31mstep: 43  [32mloss: -1.00000  [38;2;180;60;0mgrad_norm:  0.8698  [38;2;54;234;195mmemory:  0.35GiB(0.25%)  [34mtps: 135  [36mtflops: 0.02  [35mmfu: 0.00%[39m
[titan] 2026-09-21 04:39:41,243 - torchtitan.observability.metrics - INFO - [31mstep: 43  [32mloss: -1.00000  [38;2;180;60;0mgrad_norm:  0.8698  [38;2;54;234;195mmemory:  0.41GiB(0.29%)  [34mtps: 135  [36mtflops: 0.02  [35mmfu: 0.00%[39m
[titan] 2026-09-21 04:39:43,150 - torchtitan.observability.metrics - INFO - [31mstep: 44  [32mloss:  2.47632  [38;2;180;60;0mgrad_norm:  0.8449  [38;2;54;234;195mmemory:  0.36GiB(0.26%)  [34mtps: 134  [36mtflops: 0.02  [35mmfu: 0.00%[39m
[titan] 2026-09-21 04:39:43,151 - torchtitan.observability.metrics - INFO - [31mstep: 44  [32mloss: -1.00000  [38;2;180;60;0mgrad_norm:  0.8449  [38;2;54;234;195mmemory:  0.38GiB(0.28%)  [34mtps: 134  [36mtflops: 0.02  [35mmfu: 0.00%[39m
[titan] 2026-09-21 04:39:43,153 - torchtitan.observability.metrics - INFO - [31mstep: 44  [32mloss: -1.00000  [38;2;180;60;0mgrad_norm:  0.8449  [38;2;54;234;195mmemory:  0.35GiB(0.25%)  [34mtps: 134  [36mtflops: 0.02  [35mmfu: 0.00%[39m
[titan] 2026-09-21 04:39:43,154 - torchtitan.observability.metrics - INFO - [31mstep: 44  [32mloss: -1.00000  [38;2;180;60;0mgrad_norm:  0.8449  [38;2;54;234;195mmemory:  0.41GiB(0.29%)  [34mtps: 134  [36mtflops: 0.02  [35mmfu: 0.00%[39m
[titan] 2026-09-21 04:39:45,053 - torchtitan.observability.metrics - INFO - [31mstep: 45  [32mloss:  2.66332  [38;2;180;60;0mgrad_norm:  0.8092  [38;2;54;234;195mmemory:  0.36GiB(0.26%)  [34mtps: 135  [36mtflops: 0.02  [35mmfu: 0.00%[39m
[titan] 2026-09-21 04:39:45,053 - torchtitan.observability.metrics - INFO - [31mstep: 45  [32mloss: -1.00000  [38;2;180;60;0mgrad_norm:  0.8092  [38;2;54;234;195mmemory:  0.38GiB(0.28%)  [34mtps: 135  [36mtflops: 0.02  [35mmfu: 0.00%[39m
[titan] 2026-09-21 04:39:45,056 - torchtitan.observability.metrics - INFO - [31mstep: 45  [32mloss: -1.00000  [38;2;180;60;0mgrad_norm:  0.8092  [38;2;54;234;195mmemory:  0.35GiB(0.25%)  [34mtps: 135  [36mtflops: 0.02  [35mmfu: 0.00%[39m
[titan] 2026-09-21 04:39:45,056 - torchtitan.observability.metrics - INFO - [31mstep: 45  [32mloss: -1.00000  [38;2;180;60;0mgrad_norm:  0.8092  [38;2;54;234;195mmemory:  0.41GiB(0.29%)  [34mtps: 135  [36mtflops: 0.02  [35mmfu: 0.00%[39m
[titan] 2026-09-21 04:39:46,952 - torchtitan.observability.metrics - INFO - [31mstep: 46  [32mloss:  2.58659  [38;2;180;60;0mgrad_norm:  0.7783  [38;2;54;234;195mmemory:  0.36GiB(0.26%)  [34mtps: 135  [36mtflops: 0.02  [35mmfu: 0.00%[39m
[titan] 2026-09-21 04:39:46,952 - torchtitan.observability.metrics - INFO - [31mstep: 46  [32mloss: -1.00000  [38;2;180;60;0mgrad_norm:  0.7783  [38;2;54;234;195mmemory:  0.38GiB(0.28%)  [34mtps: 135  [36mtflops: 0.02  [35mmfu: 0.00%[39m
[titan] 2026-09-21 04:39:46,954 - torchtitan.observability.metrics - INFO - [31mstep: 46  [32mloss: -1.00000  [38;2;180;60;0mgrad_norm:  0.7783  [38;2;54;234;195mmemory:  0.35GiB(0.25%)  [34mtps: 135  [36mtflops: 0.02  [35mmfu: 0.00%[39m
[titan] 2026-09-21 04:39:46,955 - torchtitan.observability.metrics - INFO - [31mstep: 46  [32mloss: -1.00000  [38;2;180;60;0mgrad_norm:  0.7783  [38;2;54;234;195mmemory:  0.41GiB(0.29%)  [34mtps: 135  [36mtflops: 0.02  [35mmfu: 0.00%[39m
[titan] 2026-09-21 04:39:48,851 - torchtitan.observability.metrics - INFO - [31mstep: 47  [32mloss:  2.68999  [38;2;180;60;0mgrad_norm:  0.8611  [38;2;54;234;195mmemory:  0.36GiB(0.26%)  [34mtps: 135  [36mtflops: 0.02  [35mmfu: 0.00%[39m
[titan] 2026-09-21 04:39:48,851 - torchtitan.observability.metrics - INFO - [31mstep: 47  [32mloss: -1.00000  [38;2;180;60;0mgrad_norm:  0.8611  [38;2;54;234;195mmemory:  0.38GiB(0.28%)  [34mtps: 135  [36mtflops: 0.02  [35mmfu: 0.00%[39m
[titan] 2026-09-21 04:39:48,854 - torchtitan.observability.metrics - INFO - [31mstep: 47  [32mloss: -1.00000  [38;2;180;60;0mgrad_norm:  0.8611  [38;2;54;234;195mmemory:  0.35GiB(0.25%)  [34mtps: 135  [36mtflops: 0.02  [35mmfu: 0.00%[39m
[titan] 2026-09-21 04:39:48,854 - torchtitan.observability.metrics - INFO - [31mstep: 47  [32mloss: -1.00000  [38;2;180;60;0mgrad_norm:  0.8611  [38;2;54;234;195mmemory:  0.41GiB(0.29%)  [34mtps: 135  [36mtflops: 0.02  [35mmfu: 0.00%[39m
[titan] 2026-09-21 04:39:50,747 - torchtitan.observability.metrics - INFO - [31mstep: 48  [32mloss:  2.75150  [38;2;180;60;0mgrad_norm:  0.9679  [38;2;54;234;195mmemory:  0.36GiB(0.26%)  [34mtps: 135  [36mtflops: 0.02  [35mmfu: 0.00%[39m
[titan] 2026-09-21 04:39:50,748 - torchtitan.observability.metrics - INFO - [31mstep: 48  [32mloss: -1.00000  [38;2;180;60;0mgrad_norm:  0.9679  [38;2;54;234;195mmemory:  0.38GiB(0.28%)  [34mtps: 135  [36mtflops: 0.02  [35mmfu: 0.00%[39m
[titan] 2026-09-21 04:39:50,750 - torchtitan.observability.metrics - INFO - [31mstep: 48  [32mloss: -1.00000  [38;2;180;60;0mgrad_norm:  0.9679  [38;2;54;234;195mmemory:  0.35GiB(0.25%)  [34mtps: 135  [36mtflops: 0.02  [35mmfu: 0.00%[39m
[titan] 2026-09-21 04:39:50,751 - torchtitan.observability.metrics - INFO - [31mstep: 48  [32mloss: -1.00000  [38;2;180;60;0mgrad_norm:  0.9679  [38;2;54;234;195mmemory:  0.41GiB(0.29%)  [34mtps: 135  [36mtflops: 0.02  [35mmfu: 0.00%[39m
[titan] 2026-09-21 04:39:52,662 - torchtitan.observability.metrics - INFO - [31mstep: 49  [32mloss:  2.67889  [38;2;180;60;0mgrad_norm:  0.9071  [38;2;54;234;195mmemory:  0.36GiB(0.26%)  [34mtps: 134  [36mtflops: 0.02  [35mmfu: 0.00%[39m
[titan] 2026-09-21 04:39:52,662 - torchtitan.observability.metrics - INFO - [31mstep: 49  [32mloss: -1.00000  [38;2;180;60;0mgrad_norm:  0.9071  [38;2;54;234;195mmemory:  0.38GiB(0.28%)  [34mtps: 134  [36mtflops: 0.02  [35mmfu: 0.00%[39m
[titan] 2026-09-21 04:39:52,665 - torchtitan.observability.metrics - INFO - [31mstep: 49  [32mloss: -1.00000  [38;2;180;60;0mgrad_norm:  0.9071  [38;2;54;234;195mmemory:  0.35GiB(0.25%)  [34mtps: 134  [36mtflops: 0.02  [35mmfu: 0.00%[39m
[titan] 2026-09-21 04:39:52,665 - torchtitan.observability.metrics - INFO - [31mstep: 49  [32mloss: -1.00000  [38;2;180;60;0mgrad_norm:  0.9071  [38;2;54;234;195mmemory:  0.41GiB(0.29%)  [34mtps: 134  [36mtflops: 0.02  [35mmfu: 0.00%[39m
[titan] 2026-09-21 04:39:52,945 - torchtitan.tools.utils - INFO - [GC] Performing periodic GC collection took 0.28 seconds
[titan] 2026-09-21 04:39:52,961 - torchtitan.tools.utils - INFO - [GC] Performing periodic GC collection took 0.29 seconds
[titan] 2026-09-21 04:39:53,049 - torchtitan.tools.utils - INFO - [GC] Performing periodic GC collection took 0.38 seconds
[titan] 2026-09-21 04:39:53,060 - torchtitan.tools.utils - INFO - [GC] Performing periodic GC collection took 0.39 seconds
[titan] 2026-09-21 04:39:54,965 - torchtitan.observability.metrics - INFO - [31mstep: 50  [32mloss:  2.57491  [38;2;180;60;0mgrad_norm:  0.7067  [38;2;54;234;195mmemory:  0.36GiB(0.26%)  [34mtps: 111  [36mtflops: 0.02  [35mmfu: 0.00%[39m
[titan] 2026-09-21 04:39:54,965 - torchtitan.observability.metrics - INFO - [31mstep: 50  [32mloss: -1.00000  [38;2;180;60;0mgrad_norm:  0.7067  [38;2;54;234;195mmemory:  0.38GiB(0.28%)  [34mtps: 111  [36mtflops: 0.02  [35mmfu: 0.00%[39m
[titan] 2026-09-21 04:39:54,968 - torchtitan.observability.metrics - INFO - [31mstep: 50  [32mloss: -1.00000  [38;2;180;60;0mgrad_norm:  0.7067  [38;2;54;234;195mmemory:  0.35GiB(0.25%)  [34mtps: 111  [36mtflops: 0.02  [35mmfu: 0.00%[39m
[titan] 2026-09-21 04:39:54,968 - torchtitan.observability.metrics - INFO - [31mstep: 50  [32mloss: -1.00000  [38;2;180;60;0mgrad_norm:  0.7067  [38;2;54;234;195mmemory:  0.41GiB(0.29%)  [34mtps: 111  [36mtflops: 0.02  [35mmfu: 0.00%[39m
[titan] 2026-09-21 04:39:56,859 - torchtitan.observability.metrics - INFO - [31mstep: 51  [32mloss:  2.68618  [38;2;180;60;0mgrad_norm:  1.0330  [38;2;54;234;195mmemory:  0.36GiB(0.26%)  [34mtps: 135  [36mtflops: 0.02  [35mmfu: 0.00%[39m
[titan] 2026-09-21 04:39:56,859 - torchtitan.observability.metrics - INFO - [31mstep: 51  [32mloss: -1.00000  [38;2;180;60;0mgrad_norm:  1.0330  [38;2;54;234;195mmemory:  0.38GiB(0.28%)  [34mtps: 135  [36mtflops: 0.02  [35mmfu: 0.00%[39m
[titan] 2026-09-21 04:39:56,862 - torchtitan.observability.metrics - INFO - [31mstep: 51  [32mloss: -1.00000  [38;2;180;60;0mgrad_norm:  1.0330  [38;2;54;234;195mmemory:  0.35GiB(0.25%)  [34mtps: 135  [36mtflops: 0.02  [35mmfu: 0.00%[39m
[titan] 2026-09-21 04:39:56,862 - torchtitan.observability.metrics - INFO - [31mstep: 51  [32mloss: -1.00000  [38;2;180;60;0mgrad_norm:  1.0330  [38;2;54;234;195mmemory:  0.41GiB(0.29%)  [34mtps: 135  [36mtflops: 0.02  [35mmfu: 0.00%[39m
[titan] 2026-09-21 04:39:58,755 - torchtitan.observability.metrics - INFO - [31mstep: 52  [32mloss:  2.50949  [38;2;180;60;0mgrad_norm:  0.9049  [38;2;54;234;195mmemory:  0.36GiB(0.26%)  [34mtps: 135  [36mtflops: 0.02  [35mmfu: 0.00%[39m
[titan] 2026-09-21 04:39:58,755 - torchtitan.observability.metrics - INFO - [31mstep: 52  [32mloss: -1.00000  [38;2;180;60;0mgrad_norm:  0.9049  [38;2;54;234;195mmemory:  0.38GiB(0.28%)  [34mtps: 135  [36mtflops: 0.02  [35mmfu: 0.00%[39m
[titan] 2026-09-21 04:39:58,757 - torchtitan.observability.metrics - INFO - [31mstep: 52  [32mloss: -1.00000  [38;2;180;60;0mgrad_norm:  0.9049  [38;2;54;234;195mmemory:  0.35GiB(0.25%)  [34mtps: 135  [36mtflops: 0.02  [35mmfu: 0.00%[39m
[titan] 2026-09-21 04:39:58,758 - torchtitan.observability.metrics - INFO - [31mstep: 52  [32mloss: -1.00000  [38;2;180;60;0mgrad_norm:  0.9049  [38;2;54;234;195mmemory:  0.41GiB(0.29%)  [34mtps: 135  [36mtflops: 0.02  [35mmfu: 0.00%[39m
[titan] 2026-09-21 04:40:00,643 - torchtitan.observability.metrics - INFO - [31mstep: 53  [32mloss:  2.77403  [38;2;180;60;0mgrad_norm:  0.7660  [38;2;54;234;195mmemory:  0.36GiB(0.26%)  [34mtps: 136  [36mtflops: 0.02  [35mmfu: 0.00%[39m
[titan] 2026-09-21 04:40:00,644 - torchtitan.observability.metrics - INFO - [31mstep: 53  [32mloss: -1.00000  [38;2;180;60;0mgrad_norm:  0.7660  [38;2;54;234;195mmemory:  0.38GiB(0.28%)  [34mtps: 136  [36mtflops: 0.02  [35mmfu: 0.00%[39m
[titan] 2026-09-21 04:40:00,646 - torchtitan.observability.metrics - INFO - [31mstep: 53  [32mloss: -1.00000  [38;2;180;60;0mgrad_norm:  0.7660  [38;2;54;234;195mmemory:  0.35GiB(0.25%)  [34mtps: 136  [36mtflops: 0.02  [35mmfu: 0.00%[39m
[titan] 2026-09-21 04:40:00,646 - torchtitan.observability.metrics - INFO - [31mstep: 53  [32mloss: -1.00000  [38;2;180;60;0mgrad_norm:  0.7660  [38;2;54;234;195mmemory:  0.41GiB(0.29%)  [34mtps: 136  [36mtflops: 0.02  [35mmfu: 0.00%[39m
[titan] 2026-09-21 04:40:02,539 - torchtitan.observability.metrics - INFO - [31mstep: 54  [32mloss:  3.04926  [38;2;180;60;0mgrad_norm:  0.8647  [38;2;54;234;195mmemory:  0.36GiB(0.26%)  [34mtps: 135  [36mtflops: 0.02  [35mmfu: 0.00%[39m
[titan] 2026-09-21 04:40:02,540 - torchtitan.observability.metrics - INFO - [31mstep: 54  [32mloss: -1.00000  [38;2;180;60;0mgrad_norm:  0.8647  [38;2;54;234;195mmemory:  0.38GiB(0.28%)  [34mtps: 135  [36mtflops: 0.02  [35mmfu: 0.00%[39m
[titan] 2026-09-21 04:40:02,542 - torchtitan.observability.metrics - INFO - [31mstep: 54  [32mloss: -1.00000  [38;2;180;60;0mgrad_norm:  0.8647  [38;2;54;234;195mmemory:  0.35GiB(0.25%)  [34mtps: 135  [36mtflops: 0.02  [35mmfu: 0.00%[39m
[titan] 2026-09-21 04:40:02,543 - torchtitan.observability.metrics - INFO - [31mstep: 54  [32mloss: -1.00000  [38;2;180;60;0mgrad_norm:  0.8647  [38;2;54;234;195mmemory:  0.41GiB(0.29%)  [34mtps: 135  [36mtflops: 0.02  [35mmfu: 0.00%[39m
[titan] 2026-09-21 04:40:04,443 - torchtitan.observability.metrics - INFO - [31mstep: 55  [32mloss:  2.95071  [38;2;180;60;0mgrad_norm:  1.0256  [38;2;54;234;195mmemory:  0.36GiB(0.26%)  [34mtps: 134  [36mtflops: 0.02  [35mmfu: 0.00%[39m
[titan] 2026-09-21 04:40:04,444 - torchtitan.observability.metrics - INFO - [31mstep: 55  [32mloss: -1.00000  [38;2;180;60;0mgrad_norm:  1.0256  [38;2;54;234;195mmemory:  0.38GiB(0.28%)  [34mtps: 134  [36mtflops: 0.02  [35mmfu: 0.00%[39m
[titan] 2026-09-21 04:40:04,446 - torchtitan.observability.metrics - INFO - [31mstep: 55  [32mloss: -1.00000  [38;2;180;60;0mgrad_norm:  1.0256  [38;2;54;234;195mmemory:  0.35GiB(0.25%)  [34mtps: 134  [36mtflops: 0.02  [35mmfu: 0.00%[39m
[titan] 2026-09-21 04:40:04,446 - torchtitan.observability.metrics - INFO - [31mstep: 55  [32mloss: -1.00000  [38;2;180;60;0mgrad_norm:  1.0256  [38;2;54;234;195mmemory:  0.41GiB(0.29%)  [34mtps: 135  [36mtflops: 0.02  [35mmfu: 0.00%[39m
[titan] 2026-09-21 04:40:06,332 - torchtitan.observability.metrics - INFO - [31mstep: 56  [32mloss:  2.52191  [38;2;180;60;0mgrad_norm:  0.7423  [38;2;54;234;195mmemory:  0.36GiB(0.26%)  [34mtps: 136  [36mtflops: 0.02  [35mmfu: 0.00%[39m
[titan] 2026-09-21 04:40:06,332 - torchtitan.observability.metrics - INFO - [31mstep: 56  [32mloss: -1.00000  [38;2;180;60;0mgrad_norm:  0.7423  [38;2;54;234;195mmemory:  0.38GiB(0.28%)  [34mtps: 136  [36mtflops: 0.02  [35mmfu: 0.00%[39m
[titan] 2026-09-21 04:40:06,335 - torchtitan.observability.metrics - INFO - [31mstep: 56  [32mloss: -1.00000  [38;2;180;60;0mgrad_norm:  0.7423  [38;2;54;234;195mmemory:  0.35GiB(0.25%)  [34mtps: 136  [36mtflops: 0.02  [35mmfu: 0.00%[39m
[titan] 2026-09-21 04:40:06,335 - torchtitan.observability.metrics - INFO - [31mstep: 56  [32mloss: -1.00000  [38;2;180;60;0mgrad_norm:  0.7423  [38;2;54;234;195mmemory:  0.41GiB(0.29%)  [34mtps: 136  [36mtflops: 0.02  [35mmfu: 0.00%[39m
[titan] 2026-09-21 04:40:08,228 - torchtitan.observability.metrics - INFO - [31mstep: 57  [32mloss:  2.53623  [38;2;180;60;0mgrad_norm:  0.9412  [38;2;54;234;195mmemory:  0.36GiB(0.26%)  [34mtps: 135  [36mtflops: 0.02  [35mmfu: 0.00%[39m
[titan] 2026-09-21 04:40:08,228 - torchtitan.observability.metrics - INFO - [31mstep: 57  [32mloss: -1.00000  [38;2;180;60;0mgrad_norm:  0.9412  [38;2;54;234;195mmemory:  0.38GiB(0.28%)  [34mtps: 135  [36mtflops: 0.02  [35mmfu: 0.00%[39m
[titan] 2026-09-21 04:40:08,231 - torchtitan.observability.metrics - INFO - [31mstep: 57  [32mloss: -1.00000  [38;2;180;60;0mgrad_norm:  0.9412  [38;2;54;234;195mmemory:  0.35GiB(0.25%)  [34mtps: 135  [36mtflops: 0.02  [35mmfu: 0.00%[39m
[titan] 2026-09-21 04:40:08,231 - torchtitan.observability.metrics - INFO - [31mstep: 57  [32mloss: -1.00000  [38;2;180;60;0mgrad_norm:  0.9412  [38;2;54;234;195mmemory:  0.41GiB(0.29%)  [34mtps: 135  [36mtflops: 0.02  [35mmfu: 0.00%[39m
[titan] 2026-09-21 04:40:10,128 - torchtitan.observability.metrics - INFO - [31mstep: 58  [32mloss:  2.61655  [38;2;180;60;0mgrad_norm:  1.0293  [38;2;54;234;195mmemory:  0.36GiB(0.26%)  [34mtps: 135  [36mtflops: 0.02  [35mmfu: 0.00%[39m
[titan] 2026-09-21 04:40:10,129 - torchtitan.observability.metrics - INFO - [31mstep: 58  [32mloss: -1.00000  [38;2;180;60;0mgrad_norm:  1.0293  [38;2;54;234;195mmemory:  0.38GiB(0.28%)  [34mtps: 135  [36mtflops: 0.02  [35mmfu: 0.00%[39m
[titan] 2026-09-21 04:40:10,131 - torchtitan.observability.metrics - INFO - [31mstep: 58  [32mloss: -1.00000  [38;2;180;60;0mgrad_norm:  1.0293  [38;2;54;234;195mmemory:  0.35GiB(0.25%)  [34mtps: 135  [36mtflops: 0.02  [35mmfu: 0.00%[39m
[titan] 2026-09-21 04:40:10,133 - torchtitan.observability.metrics - INFO - [31mstep: 58  [32mloss: -1.00000  [38;2;180;60;0mgrad_norm:  1.0293  [38;2;54;234;195mmemory:  0.41GiB(0.29%)  [34mtps: 135  [36mtflops: 0.02  [35mmfu: 0.00%[39m
[titan] 2026-09-21 04:40:12,033 - torchtitan.observability.metrics - INFO - [31mstep: 59  [32mloss:  2.66540  [38;2;180;60;0mgrad_norm:  0.8870  [38;2;54;234;195mmemory:  0.36GiB(0.26%)  [34mtps: 134  [36mtflops: 0.02  [35mmfu: 0.00%[39m
[titan] 2026-09-21 04:40:12,033 - torchtitan.observability.metrics - INFO - [31mstep: 59  [32mloss: -1.00000  [38;2;180;60;0mgrad_norm:  0.8870  [38;2;54;234;195mmemory:  0.38GiB(0.28%)  [34mtps: 134  [36mtflops: 0.02  [35mmfu: 0.00%[39m
[titan] 2026-09-21 04:40:12,035 - torchtitan.observability.metrics - INFO - [31mstep: 59  [32mloss: -1.00000  [38;2;180;60;0mgrad_norm:  0.8870  [38;2;54;234;195mmemory:  0.35GiB(0.25%)  [34mtps: 134  [36mtflops: 0.02  [35mmfu: 0.00%[39m
[titan] 2026-09-21 04:40:12,036 - torchtitan.observability.metrics - INFO - [31mstep: 59  [32mloss: -1.00000  [38;2;180;60;0mgrad_norm:  0.8870  [38;2;54;234;195mmemory:  0.41GiB(0.29%)  [34mtps: 135  [36mtflops: 0.02  [35mmfu: 0.00%[39m
[titan] 2026-09-21 04:40:13,947 - torchtitan.observability.metrics - INFO - [31mstep: 60  [32mloss:  2.56651  [38;2;180;60;0mgrad_norm:  0.8031  [38;2;54;234;195mmemory:  0.36GiB(0.26%)  [34mtps: 134  [36mtflops: 0.02  [35mmfu: 0.00%[39m
[titan] 2026-09-21 04:40:13,947 - torchtitan.observability.metrics - INFO - [31mstep: 60  [32mloss: -1.00000  [38;2;180;60;0mgrad_norm:  0.8031  [38;2;54;234;195mmemory:  0.38GiB(0.28%)  [34mtps: 134  [36mtflops: 0.02  [35mmfu: 0.00%[39m
[titan] 2026-09-21 04:40:13,949 - torchtitan.observability.metrics - INFO - [31mstep: 60  [32mloss: -1.00000  [38;2;180;60;0mgrad_norm:  0.8031  [38;2;54;234;195mmemory:  0.35GiB(0.25%)  [34mtps: 134  [36mtflops: 0.02  [35mmfu: 0.00%[39m
[titan] 2026-09-21 04:40:13,950 - torchtitan.observability.metrics - INFO - [31mstep: 60  [32mloss: -1.00000  [38;2;180;60;0mgrad_norm:  0.8031  [38;2;54;234;195mmemory:  0.41GiB(0.29%)  [34mtps: 134  [36mtflops: 0.02  [35mmfu: 0.00%[39m
[titan] 2026-09-21 04:40:15,853 - torchtitan.observability.metrics - INFO - [31mstep: 61  [32mloss:  2.62553  [38;2;180;60;0mgrad_norm:  0.8827  [38;2;54;234;195mmemory:  0.36GiB(0.26%)  [34mtps: 134  [36mtflops: 0.02  [35mmfu: 0.00%[39m
[titan] 2026-09-21 04:40:15,853 - torchtitan.observability.metrics - INFO - [31mstep: 61  [32mloss: -1.00000  [38;2;180;60;0mgrad_norm:  0.8827  [38;2;54;234;195mmemory:  0.38GiB(0.28%)  [34mtps: 134  [36mtflops: 0.02  [35mmfu: 0.00%[39m
[titan] 2026-09-21 04:40:15,856 - torchtitan.observability.metrics - INFO - [31mstep: 61  [32mloss: -1.00000  [38;2;180;60;0mgrad_norm:  0.8827  [38;2;54;234;195mmemory:  0.35GiB(0.25%)  [34mtps: 134  [36mtflops: 0.02  [35mmfu: 0.00%[39m
[titan] 2026-09-21 04:40:15,856 - torchtitan.observability.metrics - INFO - [31mstep: 61  [32mloss: -1.00000  [38;2;180;60;0mgrad_norm:  0.8827  [38;2;54;234;195mmemory:  0.41GiB(0.29%)  [34mtps: 134  [36mtflops: 0.02  [35mmfu: 0.00%[39m
[titan] 2026-09-21 04:40:17,749 - torchtitan.observability.metrics - INFO - [31mstep: 62  [32mloss:  2.68814  [38;2;180;60;0mgrad_norm:  0.8320  [38;2;54;234;195mmemory:  0.36GiB(0.26%)  [34mtps: 135  [36mtflops: 0.02  [35mmfu: 0.00%[39m
[titan] 2026-09-21 04:40:17,750 - torchtitan.observability.metrics - INFO - [31mstep: 62  [32mloss: -1.00000  [38;2;180;60;0mgrad_norm:  0.8320  [38;2;54;234;195mmemory:  0.38GiB(0.28%)  [34mtps: 135  [36mtflops: 0.02  [35mmfu: 0.00%[39m
[titan] 2026-09-21 04:40:17,752 - torchtitan.observability.metrics - INFO - [31mstep: 62  [32mloss: -1.00000  [38;2;180;60;0mgrad_norm:  0.8320  [38;2;54;234;195mmemory:  0.35GiB(0.25%)  [34mtps: 135  [36mtflops: 0.02  [35mmfu: 0.00%[39m
[titan] 2026-09-21 04:40:17,754 - torchtitan.observability.metrics - INFO - [31mstep: 62  [32mloss: -1.00000  [38;2;180;60;0mgrad_norm:  0.8320  [38;2;54;234;195mmemory:  0.41GiB(0.29%)  [34mtps: 135  [36mtflops: 0.02  [35mmfu: 0.00%[39m
[titan] 2026-09-21 04:40:19,652 - torchtitan.observability.metrics - INFO - [31mstep: 63  [32mloss:  2.62641  [38;2;180;60;0mgrad_norm:  0.8956  [38;2;54;234;195mmemory:  0.36GiB(0.26%)  [34mtps: 135  [36mtflops: 0.02  [35mmfu: 0.00%[39m
[titan] 2026-09-21 04:40:19,652 - torchtitan.observability.metrics - INFO - [31mstep: 63  [32mloss: -1.00000  [38;2;180;60;0mgrad_norm:  0.8956  [38;2;54;234;195mmemory:  0.38GiB(0.28%)  [34mtps: 135  [36mtflops: 0.02  [35mmfu: 0.00%[39m
[titan] 2026-09-21 04:40:19,654 - torchtitan.observability.metrics - INFO - [31mstep: 63  [32mloss: -1.00000  [38;2;180;60;0mgrad_norm:  0.8956  [38;2;54;234;195mmemory:  0.35GiB(0.25%)  [34mtps: 135  [36mtflops: 0.02  [35mmfu: 0.00%[39m
[titan] 2026-09-21 04:40:19,655 - torchtitan.observability.metrics - INFO - [31mstep: 63  [32mloss: -1.00000  [38;2;180;60;0mgrad_norm:  0.8956  [38;2;54;234;195mmemory:  0.41GiB(0.29%)  [34mtps: 135  [36mtflops: 0.02  [35mmfu: 0.00%[39m
[titan] 2026-09-21 04:40:21,571 - torchtitan.observability.metrics - INFO - [31mstep: 64  [32mloss:  2.61883  [38;2;180;60;0mgrad_norm:  0.6324  [38;2;54;234;195mmemory:  0.36GiB(0.26%)  [34mtps: 133  [36mtflops: 0.02  [35mmfu: 0.00%[39m
[titan] 2026-09-21 04:40:21,571 - torchtitan.observability.metrics - INFO - [31mstep: 64  [32mloss: -1.00000  [38;2;180;60;0mgrad_norm:  0.6324  [38;2;54;234;195mmemory:  0.38GiB(0.28%)  [34mtps: 133  [36mtflops: 0.02  [35mmfu: 0.00%[39m
[titan] 2026-09-21 04:40:21,574 - torchtitan.observability.metrics - INFO - [31mstep: 64  [32mloss: -1.00000  [38;2;180;60;0mgrad_norm:  0.6324  [38;2;54;234;195mmemory:  0.35GiB(0.25%)  [34mtps: 133  [36mtflops: 0.02  [35mmfu: 0.00%[39m
[titan] 2026-09-21 04:40:21,575 - torchtitan.observability.metrics - INFO - [31mstep: 64  [32mloss: -1.00000  [38;2;180;60;0mgrad_norm:  0.6324  [38;2;54;234;195mmemory:  0.41GiB(0.29%)  [34mtps: 133  [36mtflops: 0.02  [35mmfu: 0.00%[39m
[titan] 2026-09-21 04:40:23,472 - torchtitan.observability.metrics - INFO - [31mstep: 65  [32mloss:  2.70962  [38;2;180;60;0mgrad_norm:  0.8719  [38;2;54;234;195mmemory:  0.36GiB(0.26%)  [34mtps: 135  [36mtflops: 0.02  [35mmfu: 0.00%[39m
[titan] 2026-09-21 04:40:23,472 - torchtitan.observability.metrics - INFO - [31mstep: 65  [32mloss: -1.00000  [38;2;180;60;0mgrad_norm:  0.8719  [38;2;54;234;195mmemory:  0.38GiB(0.28%)  [34mtps: 135  [36mtflops: 0.02  [35mmfu: 0.00%[39m
[titan] 2026-09-21 04:40:23,474 - torchtitan.observability.metrics - INFO - [31mstep: 65  [32mloss: -1.00000  [38;2;180;60;0mgrad_norm:  0.8719  [38;2;54;234;195mmemory:  0.35GiB(0.25%)  [34mtps: 135  [36mtflops: 0.02  [35mmfu: 0.00%[39m
[titan] 2026-09-21 04:40:23,475 - torchtitan.observability.metrics - INFO - [31mstep: 65  [32mloss: -1.00000  [38;2;180;60;0mgrad_norm:  0.8719  [38;2;54;234;195mmemory:  0.41GiB(0.29%)  [34mtps: 135  [36mtflops: 0.02  [35mmfu: 0.00%[39m
[titan] 2026-09-21 04:40:25,378 - torchtitan.observability.metrics - INFO - [31mstep: 66  [32mloss:  2.58299  [38;2;180;60;0mgrad_norm:  0.7007  [38;2;54;234;195mmemory:  0.36GiB(0.26%)  [34mtps: 134  [36mtflops: 0.02  [35mmfu: 0.00%[39m
[titan] 2026-09-21 04:40:25,378 - torchtitan.observability.metrics - INFO - [31mstep: 66  [32mloss: -1.00000  [38;2;180;60;0mgrad_norm:  0.7007  [38;2;54;234;195mmemory:  0.38GiB(0.28%)  [34mtps: 134  [36mtflops: 0.02  [35mmfu: 0.00%[39m
[titan] 2026-09-21 04:40:25,381 - torchtitan.observability.metrics - INFO - [31mstep: 66  [32mloss: -1.00000  [38;2;180;60;0mgrad_norm:  0.7007  [38;2;54;234;195mmemory:  0.35GiB(0.25%)  [34mtps: 134  [36mtflops: 0.02  [35mmfu: 0.00%[39m
[titan] 2026-09-21 04:40:25,381 - torchtitan.observability.metrics - INFO - [31mstep: 66  [32mloss: -1.00000  [38;2;180;60;0mgrad_norm:  0.7007  [38;2;54;234;195mmemory:  0.41GiB(0.29%)  [34mtps: 134  [36mtflops: 0.02  [35mmfu: 0.00%[39m
[titan] 2026-09-21 04:40:27,280 - torchtitan.observability.metrics - INFO - [31mstep: 67  [32mloss:  2.59017  [38;2;180;60;0mgrad_norm:  0.8959  [38;2;54;234;195mmemory:  0.36GiB(0.26%)  [34mtps: 135  [36mtflops: 0.02  [35mmfu: 0.00%[39m
[titan] 2026-09-21 04:40:27,281 - torchtitan.observability.metrics - INFO - [31mstep: 67  [32mloss: -1.00000  [38;2;180;60;0mgrad_norm:  0.8959  [38;2;54;234;195mmemory:  0.38GiB(0.28%)  [34mtps: 135  [36mtflops: 0.02  [35mmfu: 0.00%[39m
[titan] 2026-09-21 04:40:27,283 - torchtitan.observability.metrics - INFO - [31mstep: 67  [32mloss: -1.00000  [38;2;180;60;0mgrad_norm:  0.8959  [38;2;54;234;195mmemory:  0.35GiB(0.25%)  [34mtps: 135  [36mtflops: 0.02  [35mmfu: 0.00%[39m
[titan] 2026-09-21 04:40:27,284 - torchtitan.observability.metrics - INFO - [31mstep: 67  [32mloss: -1.00000  [38;2;180;60;0mgrad_norm:  0.8959  [38;2;54;234;195mmemory:  0.41GiB(0.29%)  [34mtps: 135  [36mtflops: 0.02  [35mmfu: 0.00%[39m
[titan] 2026-09-21 04:40:29,177 - torchtitan.observability.metrics - INFO - [31mstep: 68  [32mloss:  2.60409  [38;2;180;60;0mgrad_norm:  0.8003  [38;2;54;234;195mmemory:  0.36GiB(0.26%)  [34mtps: 135  [36mtflops: 0.02  [35mmfu: 0.00%[39m
[titan] 2026-09-21 04:40:29,177 - torchtitan.observability.metrics - INFO - [31mstep: 68  [32mloss: -1.00000  [38;2;180;60;0mgrad_norm:  0.8003  [38;2;54;234;195mmemory:  0.38GiB(0.28%)  [34mtps: 135  [36mtflops: 0.02  [35mmfu: 0.00%[39m
[titan] 2026-09-21 04:40:29,179 - torchtitan.observability.metrics - INFO - [31mstep: 68  [32mloss: -1.00000  [38;2;180;60;0mgrad_norm:  0.8003  [38;2;54;234;195mmemory:  0.35GiB(0.25%)  [34mtps: 135  [36mtflops: 0.02  [35mmfu: 0.00%[39m
[titan] 2026-09-21 04:40:29,180 - torchtitan.observability.metrics - INFO - [31mstep: 68  [32mloss: -1.00000  [38;2;180;60;0mgrad_norm:  0.8003  [38;2;54;234;195mmemory:  0.41GiB(0.29%)  [34mtps: 135  [36mtflops: 0.02  [35mmfu: 0.00%[39m
[titan] 2026-09-21 04:40:31,073 - torchtitan.observability.metrics - INFO - [31mstep: 69  [32mloss:  2.81847  [38;2;180;60;0mgrad_norm:  0.9120  [38;2;54;234;195mmemory:  0.36GiB(0.26%)  [34mtps: 135  [36mtflops: 0.02  [35mmfu: 0.00%[39m
[titan] 2026-09-21 04:40:31,073 - torchtitan.observability.metrics - INFO - [31mstep: 69  [32mloss: -1.00000  [38;2;180;60;0mgrad_norm:  0.9120  [38;2;54;234;195mmemory:  0.38GiB(0.28%)  [34mtps: 135  [36mtflops: 0.02  [35mmfu: 0.00%[39m
[titan] 2026-09-21 04:40:31,076 - torchtitan.observability.metrics - INFO - [31mstep: 69  [32mloss: -1.00000  [38;2;180;60;0mgrad_norm:  0.9120  [38;2;54;234;195mmemory:  0.35GiB(0.25%)  [34mtps: 135  [36mtflops: 0.02  [35mmfu: 0.00%[39m
[titan] 2026-09-21 04:40:31,076 - torchtitan.observability.metrics - INFO - [31mstep: 69  [32mloss: -1.00000  [38;2;180;60;0mgrad_norm:  0.9120  [38;2;54;234;195mmemory:  0.41GiB(0.29%)  [34mtps: 135  [36mtflops: 0.02  [35mmfu: 0.00%[39m
[titan] 2026-09-21 04:40:32,980 - torchtitan.observability.metrics - INFO - [31mstep: 70  [32mloss:  2.71209  [38;2;180;60;0mgrad_norm:  0.6509  [38;2;54;234;195mmemory:  0.36GiB(0.26%)  [34mtps: 134  [36mtflops: 0.02  [35mmfu: 0.00%[39m
[titan] 2026-09-21 04:40:32,980 - torchtitan.observability.metrics - INFO - [31mstep: 70  [32mloss: -1.00000  [38;2;180;60;0mgrad_norm:  0.6509  [38;2;54;234;195mmemory:  0.38GiB(0.28%)  [34mtps: 134  [36mtflops: 0.02  [35mmfu: 0.00%[39m
[titan] 2026-09-21 04:40:32,982 - torchtitan.observability.metrics - INFO - [31mstep: 70  [32mloss: -1.00000  [38;2;180;60;0mgrad_norm:  0.6509  [38;2;54;234;195mmemory:  0.35GiB(0.25%)  [34mtps: 134  [36mtflops: 0.02  [35mmfu: 0.00%[39m
[titan] 2026-09-21 04:40:32,983 - torchtitan.observability.metrics - INFO - [31mstep: 70  [32mloss: -1.00000  [38;2;180;60;0mgrad_norm:  0.6509  [38;2;54;234;195mmemory:  0.41GiB(0.29%)  [34mtps: 134  [36mtflops: 0.02  [35mmfu: 0.00%[39m
[titan] 2026-09-21 04:40:34,873 - torchtitan.observability.metrics - INFO - [31mstep: 71  [32mloss:  2.53442  [38;2;180;60;0mgrad_norm:  0.5815  [38;2;54;234;195mmemory:  0.36GiB(0.26%)  [34mtps: 135  [36mtflops: 0.02  [35mmfu: 0.00%[39m
[titan] 2026-09-21 04:40:34,874 - torchtitan.observability.metrics - INFO - [31mstep: 71  [32mloss: -1.00000  [38;2;180;60;0mgrad_norm:  0.5815  [38;2;54;234;195mmemory:  0.38GiB(0.28%)  [34mtps: 135  [36mtflops: 0.02  [35mmfu: 0.00%[39m
[titan] 2026-09-21 04:40:34,876 - torchtitan.observability.metrics - INFO - [31mstep: 71  [32mloss: -1.00000  [38;2;180;60;0mgrad_norm:  0.5815  [38;2;54;234;195mmemory:  0.35GiB(0.25%)  [34mtps: 135  [36mtflops: 0.02  [35mmfu: 0.00%[39m
[titan] 2026-09-21 04:40:34,876 - torchtitan.observability.metrics - INFO - [31mstep: 71  [32mloss: -1.00000  [38;2;180;60;0mgrad_norm:  0.5815  [38;2;54;234;195mmemory:  0.41GiB(0.29%)  [34mtps: 135  [36mtflops: 0.02  [35mmfu: 0.00%[39m
[titan] 2026-09-21 04:40:36,778 - torchtitan.observability.metrics - INFO - [31mstep: 72  [32mloss:  2.57846  [38;2;180;60;0mgrad_norm:  0.7796  [38;2;54;234;195mmemory:  0.36GiB(0.26%)  [34mtps: 134  [36mtflops: 0.02  [35mmfu: 0.00%[39m
[titan] 2026-09-21 04:40:36,778 - torchtitan.observability.metrics - INFO - [31mstep: 72  [32mloss: -1.00000  [38;2;180;60;0mgrad_norm:  0.7796  [38;2;54;234;195mmemory:  0.38GiB(0.28%)  [34mtps: 134  [36mtflops: 0.02  [35mmfu: 0.00%[39m
[titan] 2026-09-21 04:40:36,780 - torchtitan.observability.metrics - INFO - [31mstep: 72  [32mloss: -1.00000  [38;2;180;60;0mgrad_norm:  0.7796  [38;2;54;234;195mmemory:  0.35GiB(0.25%)  [34mtps: 134  [36mtflops: 0.02  [35mmfu: 0.00%[39m
[titan] 2026-09-21 04:40:36,781 - torchtitan.observability.metrics - INFO - [31mstep: 72  [32mloss: -1.00000  [38;2;180;60;0mgrad_norm:  0.7796  [38;2;54;234;195mmemory:  0.41GiB(0.29%)  [34mtps: 134  [36mtflops: 0.02  [35mmfu: 0.00%[39m
[titan] 2026-09-21 04:40:38,694 - torchtitan.observability.metrics - INFO - [31mstep: 73  [32mloss:  2.61218  [38;2;180;60;0mgrad_norm:  1.0545  [38;2;54;234;195mmemory:  0.36GiB(0.26%)  [34mtps: 134  [36mtflops: 0.02  [35mmfu: 0.00%[39m
[titan] 2026-09-21 04:40:38,694 - torchtitan.observability.metrics - INFO - [31mstep: 73  [32mloss: -1.00000  [38;2;180;60;0mgrad_norm:  1.0545  [38;2;54;234;195mmemory:  0.38GiB(0.28%)  [34mtps: 134  [36mtflops: 0.02  [35mmfu: 0.00%[39m
[titan] 2026-09-21 04:40:38,696 - torchtitan.observability.metrics - INFO - [31mstep: 73  [32mloss: -1.00000  [38;2;180;60;0mgrad_norm:  1.0545  [38;2;54;234;195mmemory:  0.35GiB(0.25%)  [34mtps: 134  [36mtflops: 0.02  [35mmfu: 0.00%[39m
[titan] 2026-09-21 04:40:38,697 - torchtitan.observability.metrics - INFO - [31mstep: 73  [32mloss: -1.00000  [38;2;180;60;0mgrad_norm:  1.0545  [38;2;54;234;195mmemory:  0.41GiB(0.29%)  [34mtps: 134  [36mtflops: 0.02  [35mmfu: 0.00%[39m
[titan] 2026-09-21 04:40:40,605 - torchtitan.observability.metrics - INFO - [31mstep: 74  [32mloss:  2.42633  [38;2;180;60;0mgrad_norm:  0.7194  [38;2;54;234;195mmemory:  0.36GiB(0.26%)  [34mtps: 134  [36mtflops: 0.02  [35mmfu: 0.00%[39m
[titan] 2026-09-21 04:40:40,605 - torchtitan.observability.metrics - INFO - [31mstep: 74  [32mloss: -1.00000  [38;2;180;60;0mgrad_norm:  0.7194  [38;2;54;234;195mmemory:  0.38GiB(0.28%)  [34mtps: 134  [36mtflops: 0.02  [35mmfu: 0.00%[39m
[titan] 2026-09-21 04:40:40,608 - torchtitan.observability.metrics - INFO - [31mstep: 74  [32mloss: -1.00000  [38;2;180;60;0mgrad_norm:  0.7194  [38;2;54;234;195mmemory:  0.35GiB(0.25%)  [34mtps: 134  [36mtflops: 0.02  [35mmfu: 0.00%[39m
[titan] 2026-09-21 04:40:40,608 - torchtitan.observability.metrics - INFO - [31mstep: 74  [32mloss: -1.00000  [38;2;180;60;0mgrad_norm:  0.7194  [38;2;54;234;195mmemory:  0.41GiB(0.29%)  [34mtps: 134  [36mtflops: 0.02  [35mmfu: 0.00%[39m
[titan] 2026-09-21 04:40:42,513 - torchtitan.observability.metrics - INFO - [31mstep: 75  [32mloss:  2.65297  [38;2;180;60;0mgrad_norm:  0.6230  [38;2;54;234;195mmemory:  0.36GiB(0.26%)  [34mtps: 134  [36mtflops: 0.02  [35mmfu: 0.00%[39m
[titan] 2026-09-21 04:40:42,514 - torchtitan.observability.metrics - INFO - [31mstep: 75  [32mloss: -1.00000  [38;2;180;60;0mgrad_norm:  0.6230  [38;2;54;234;195mmemory:  0.38GiB(0.28%)  [34mtps: 134  [36mtflops: 0.02  [35mmfu: 0.00%[39m
[titan] 2026-09-21 04:40:42,515 - torchtitan.observability.metrics - INFO - [31mstep: 75  [32mloss: -1.00000  [38;2;180;60;0mgrad_norm:  0.6230  [38;2;54;234;195mmemory:  0.35GiB(0.25%)  [34mtps: 134  [36mtflops: 0.02  [35mmfu: 0.00%[39m
[titan] 2026-09-21 04:40:42,520 - torchtitan.observability.metrics - INFO - [31mstep: 75  [32mloss: -1.00000  [38;2;180;60;0mgrad_norm:  0.6230  [38;2;54;234;195mmemory:  0.41GiB(0.29%)  [34mtps: 134  [36mtflops: 0.02  [35mmfu: 0.00%[39m
[titan] 2026-09-21 04:40:44,438 - torchtitan.observability.metrics - INFO - [31mstep: 76  [32mloss:  2.42557  [38;2;180;60;0mgrad_norm:  0.7433  [38;2;54;234;195mmemory:  0.36GiB(0.26%)  [34mtps: 133  [36mtflops: 0.02  [35mmfu: 0.00%[39m
[titan] 2026-09-21 04:40:44,438 - torchtitan.observability.metrics - INFO - [31mstep: 76  [32mloss: -1.00000  [38;2;180;60;0mgrad_norm:  0.7433  [38;2;54;234;195mmemory:  0.38GiB(0.28%)  [34mtps: 133  [36mtflops: 0.02  [35mmfu: 0.00%[39m
[titan] 2026-09-21 04:40:44,441 - torchtitan.observability.metrics - INFO - [31mstep: 76  [32mloss: -1.00000  [38;2;180;60;0mgrad_norm:  0.7433  [38;2;54;234;195mmemory:  0.35GiB(0.25%)  [34mtps: 133  [36mtflops: 0.02  [35mmfu: 0.00%[39m
[titan] 2026-09-21 04:40:44,441 - torchtitan.observability.metrics - INFO - [31mstep: 76  [32mloss: -1.00000  [38;2;180;60;0mgrad_norm:  0.7433  [38;2;54;234;195mmemory:  0.41GiB(0.29%)  [34mtps: 133  [36mtflops: 0.02  [35mmfu: 0.00%[39m
[titan] 2026-09-21 04:40:46,364 - torchtitan.observability.metrics - INFO - [31mstep: 77  [32mloss:  2.54258  [38;2;180;60;0mgrad_norm:  0.6839  [38;2;54;234;195mmemory:  0.36GiB(0.26%)  [34mtps: 133  [36mtflops: 0.02  [35mmfu: 0.00%[39m
[titan] 2026-09-21 04:40:46,364 - torchtitan.observability.metrics - INFO - [31mstep: 77  [32mloss: -1.00000  [38;2;180;60;0mgrad_norm:  0.6839  [38;2;54;234;195mmemory:  0.38GiB(0.28%)  [34mtps: 133  [36mtflops: 0.02  [35mmfu: 0.00%[39m
[titan] 2026-09-21 04:40:46,366 - torchtitan.observability.metrics - INFO - [31mstep: 77  [32mloss: -1.00000  [38;2;180;60;0mgrad_norm:  0.6839  [38;2;54;234;195mmemory:  0.35GiB(0.25%)  [34mtps: 133  [36mtflops: 0.02  [35mmfu: 0.00%[39m
[titan] 2026-09-21 04:40:46,367 - torchtitan.observability.metrics - INFO - [31mstep: 77  [32mloss: -1.00000  [38;2;180;60;0mgrad_norm:  0.6839  [38;2;54;234;195mmemory:  0.41GiB(0.29%)  [34mtps: 133  [36mtflops: 0.02  [35mmfu: 0.00%[39m
[titan] 2026-09-21 04:40:48,274 - torchtitan.observability.metrics - INFO - [31mstep: 78  [32mloss:  2.45405  [38;2;180;60;0mgrad_norm:  0.7649  [38;2;54;234;195mmemory:  0.36GiB(0.26%)  [34mtps: 134  [36mtflops: 0.02  [35mmfu: 0.00%[39m
[titan] 2026-09-21 04:40:48,274 - torchtitan.observability.metrics - INFO - [31mstep: 78  [32mloss: -1.00000  [38;2;180;60;0mgrad_norm:  0.7649  [38;2;54;234;195mmemory:  0.38GiB(0.28%)  [34mtps: 134  [36mtflops: 0.02  [35mmfu: 0.00%[39m
[titan] 2026-09-21 04:40:48,276 - torchtitan.observability.metrics - INFO - [31mstep: 78  [32mloss: -1.00000  [38;2;180;60;0mgrad_norm:  0.7649  [38;2;54;234;195mmemory:  0.35GiB(0.25%)  [34mtps: 134  [36mtflops: 0.02  [35mmfu: 0.00%[39m
[titan] 2026-09-21 04:40:48,277 - torchtitan.observability.metrics - INFO - [31mstep: 78  [32mloss: -1.00000  [38;2;180;60;0mgrad_norm:  0.7649  [38;2;54;234;195mmemory:  0.41GiB(0.29%)  [34mtps: 134  [36mtflops: 0.02  [35mmfu: 0.00%[39m
[titan] 2026-09-21 04:40:50,183 - torchtitan.observability.metrics - INFO - [31mstep: 79  [32mloss: -1.00000  [38;2;180;60;0mgrad_norm:  0.7457  [38;2;54;234;195mmemory:  0.38GiB(0.28%)  [34mtps: 134  [36mtflops: 0.02  [35mmfu: 0.00%[39m
[titan] 2026-09-21 04:40:50,183 - torchtitan.observability.metrics - INFO - [31mstep: 79  [32mloss:  2.57189  [38;2;180;60;0mgrad_norm:  0.7457  [38;2;54;234;195mmemory:  0.36GiB(0.26%)  [34mtps: 134  [36mtflops: 0.02  [35mmfu: 0.00%[39m
[titan] 2026-09-21 04:40:50,185 - torchtitan.observability.metrics - INFO - [31mstep: 79  [32mloss: -1.00000  [38;2;180;60;0mgrad_norm:  0.7457  [38;2;54;234;195mmemory:  0.35GiB(0.25%)  [34mtps: 134  [36mtflops: 0.02  [35mmfu: 0.00%[39m
[titan] 2026-09-21 04:40:50,186 - torchtitan.observability.metrics - INFO - [31mstep: 79  [32mloss: -1.00000  [38;2;180;60;0mgrad_norm:  0.7457  [38;2;54;234;195mmemory:  0.41GiB(0.29%)  [34mtps: 134  [36mtflops: 0.02  [35mmfu: 0.00%[39m
[titan] 2026-09-21 04:40:52,077 - torchtitan.observability.metrics - INFO - [31mstep: 80  [32mloss:  2.61676  [38;2;180;60;0mgrad_norm:  0.9227  [38;2;54;234;195mmemory:  0.36GiB(0.26%)  [34mtps: 135  [36mtflops: 0.02  [35mmfu: 0.00%[39m
[titan] 2026-09-21 04:40:52,077 - torchtitan.observability.metrics - INFO - [31mstep: 80  [32mloss: -1.00000  [38;2;180;60;0mgrad_norm:  0.9227  [38;2;54;234;195mmemory:  0.38GiB(0.28%)  [34mtps: 135  [36mtflops: 0.02  [35mmfu: 0.00%[39m
[titan] 2026-09-21 04:40:52,080 - torchtitan.observability.metrics - INFO - [31mstep: 80  [32mloss: -1.00000  [38;2;180;60;0mgrad_norm:  0.9227  [38;2;54;234;195mmemory:  0.35GiB(0.25%)  [34mtps: 135  [36mtflops: 0.02  [35mmfu: 0.00%[39m
[titan] 2026-09-21 04:40:52,080 - torchtitan.observability.metrics - INFO - [31mstep: 80  [32mloss: -1.00000  [38;2;180;60;0mgrad_norm:  0.9227  [38;2;54;234;195mmemory:  0.41GiB(0.29%)  [34mtps: 135  [36mtflops: 0.02  [35mmfu: 0.00%[39m
[titan] 2026-09-21 04:40:53,996 - torchtitan.observability.metrics - INFO - [31mstep: 81  [32mloss:  2.55162  [38;2;180;60;0mgrad_norm:  0.8067  [38;2;54;234;195mmemory:  0.36GiB(0.26%)  [34mtps: 133  [36mtflops: 0.02  [35mmfu: 0.00%[39m
[titan] 2026-09-21 04:40:53,997 - torchtitan.observability.metrics - INFO - [31mstep: 81  [32mloss: -1.00000  [38;2;180;60;0mgrad_norm:  0.8067  [38;2;54;234;195mmemory:  0.38GiB(0.28%)  [34mtps: 133  [36mtflops: 0.02  [35mmfu: 0.00%[39m
[titan] 2026-09-21 04:40:53,999 - torchtitan.observability.metrics - INFO - [31mstep: 81  [32mloss: -1.00000  [38;2;180;60;0mgrad_norm:  0.8067  [38;2;54;234;195mmemory:  0.35GiB(0.25%)  [34mtps: 133  [36mtflops: 0.02  [35mmfu: 0.00%[39m
[titan] 2026-09-21 04:40:54,000 - torchtitan.observability.metrics - INFO - [31mstep: 81  [32mloss: -1.00000  [38;2;180;60;0mgrad_norm:  0.8067  [38;2;54;234;195mmemory:  0.41GiB(0.29%)  [34mtps: 133  [36mtflops: 0.02  [35mmfu: 0.00%[39m
[titan] 2026-09-21 04:40:55,907 - torchtitan.observability.metrics - INFO - [31mstep: 82  [32mloss:  2.46137  [38;2;180;60;0mgrad_norm:  0.6897  [38;2;54;234;195mmemory:  0.36GiB(0.26%)  [34mtps: 134  [36mtflops: 0.02  [35mmfu: 0.00%[39m
[titan] 2026-09-21 04:40:55,907 - torchtitan.observability.metrics - INFO - [31mstep: 82  [32mloss: -1.00000  [38;2;180;60;0mgrad_norm:  0.6897  [38;2;54;234;195mmemory:  0.38GiB(0.28%)  [34mtps: 134  [36mtflops: 0.02  [35mmfu: 0.00%[39m
[titan] 2026-09-21 04:40:55,909 - torchtitan.observability.metrics - INFO - [31mstep: 82  [32mloss: -1.00000  [38;2;180;60;0mgrad_norm:  0.6897  [38;2;54;234;195mmemory:  0.35GiB(0.25%)  [34mtps: 134  [36mtflops: 0.02  [35mmfu: 0.00%[39m
[titan] 2026-09-21 04:40:55,910 - torchtitan.observability.metrics - INFO - [31mstep: 82  [32mloss: -1.00000  [38;2;180;60;0mgrad_norm:  0.6897  [38;2;54;234;195mmemory:  0.41GiB(0.29%)  [34mtps: 134  [36mtflops: 0.02  [35mmfu: 0.00%[39m
[titan] 2026-09-21 04:40:57,826 - torchtitan.observability.metrics - INFO - [31mstep: 83  [32mloss:  2.45372  [38;2;180;60;0mgrad_norm:  0.8775  [38;2;54;234;195mmemory:  0.36GiB(0.26%)  [34mtps: 133  [36mtflops: 0.02  [35mmfu: 0.00%[39m
[titan] 2026-09-21 04:40:57,827 - torchtitan.observability.metrics - INFO - [31mstep: 83  [32mloss: -1.00000  [38;2;180;60;0mgrad_norm:  0.8775  [38;2;54;234;195mmemory:  0.38GiB(0.28%)  [34mtps: 133  [36mtflops: 0.02  [35mmfu: 0.00%[39m
[titan] 2026-09-21 04:40:57,829 - torchtitan.observability.metrics - INFO - [31mstep: 83  [32mloss: -1.00000  [38;2;180;60;0mgrad_norm:  0.8775  [38;2;54;234;195mmemory:  0.35GiB(0.25%)  [34mtps: 133  [36mtflops: 0.02  [35mmfu: 0.00%[39m
[titan] 2026-09-21 04:40:57,829 - torchtitan.observability.metrics - INFO - [31mstep: 83  [32mloss: -1.00000  [38;2;180;60;0mgrad_norm:  0.8775  [38;2;54;234;195mmemory:  0.41GiB(0.29%)  [34mtps: 133  [36mtflops: 0.02  [35mmfu: 0.00%[39m
[titan] 2026-09-21 04:40:59,738 - torchtitan.observability.metrics - INFO - [31mstep: 84  [32mloss:  2.64303  [38;2;180;60;0mgrad_norm:  0.7873  [38;2;54;234;195mmemory:  0.36GiB(0.26%)  [34mtps: 134  [36mtflops: 0.02  [35mmfu: 0.00%[39m
[titan] 2026-09-21 04:40:59,738 - torchtitan.observability.metrics - INFO - [31mstep: 84  [32mloss: -1.00000  [38;2;180;60;0mgrad_norm:  0.7873  [38;2;54;234;195mmemory:  0.38GiB(0.28%)  [34mtps: 134  [36mtflops: 0.02  [35mmfu: 0.00%[39m
[titan] 2026-09-21 04:40:59,740 - torchtitan.observability.metrics - INFO - [31mstep: 84  [32mloss: -1.00000  [38;2;180;60;0mgrad_norm:  0.7873  [38;2;54;234;195mmemory:  0.35GiB(0.25%)  [34mtps: 134  [36mtflops: 0.02  [35mmfu: 0.00%[39m
[titan] 2026-09-21 04:40:59,741 - torchtitan.observability.metrics - INFO - [31mstep: 84  [32mloss: -1.00000  [38;2;180;60;0mgrad_norm:  0.7873  [38;2;54;234;195mmemory:  0.41GiB(0.29%)  [34mtps: 134  [36mtflops: 0.02  [35mmfu: 0.00%[39m
[titan] 2026-09-21 04:41:01,648 - torchtitan.observability.metrics - INFO - [31mstep: 85  [32mloss:  2.51366  [38;2;180;60;0mgrad_norm:  1.0184  [38;2;54;234;195mmemory:  0.36GiB(0.26%)  [34mtps: 134  [36mtflops: 0.02  [35mmfu: 0.00%[39m
[titan] 2026-09-21 04:41:01,648 - torchtitan.observability.metrics - INFO - [31mstep: 85  [32mloss: -1.00000  [38;2;180;60;0mgrad_norm:  1.0184  [38;2;54;234;195mmemory:  0.38GiB(0.28%)  [34mtps: 134  [36mtflops: 0.02  [35mmfu: 0.00%[39m
[titan] 2026-09-21 04:41:01,651 - torchtitan.observability.metrics - INFO - [31mstep: 85  [32mloss: -1.00000  [38;2;180;60;0mgrad_norm:  1.0184  [38;2;54;234;195mmemory:  0.35GiB(0.25%)  [34mtps: 134  [36mtflops: 0.02  [35mmfu: 0.00%[39m
[titan] 2026-09-21 04:41:01,651 - torchtitan.observability.metrics - INFO - [31mstep: 85  [32mloss: -1.00000  [38;2;180;60;0mgrad_norm:  1.0184  [38;2;54;234;195mmemory:  0.41GiB(0.29%)  [34mtps: 134  [36mtflops: 0.02  [35mmfu: 0.00%[39m
[titan] 2026-09-21 04:41:03,559 - torchtitan.observability.metrics - INFO - [31mstep: 86  [32mloss:  2.47625  [38;2;180;60;0mgrad_norm:  0.7592  [38;2;54;234;195mmemory:  0.36GiB(0.26%)  [34mtps: 134  [36mtflops: 0.02  [35mmfu: 0.00%[39m
[titan] 2026-09-21 04:41:03,559 - torchtitan.observability.metrics - INFO - [31mstep: 86  [32mloss: -1.00000  [38;2;180;60;0mgrad_norm:  0.7592  [38;2;54;234;195mmemory:  0.38GiB(0.28%)  [34mtps: 134  [36mtflops: 0.02  [35mmfu: 0.00%[39m
[titan] 2026-09-21 04:41:03,562 - torchtitan.observability.metrics - INFO - [31mstep: 86  [32mloss: -1.00000  [38;2;180;60;0mgrad_norm:  0.7592  [38;2;54;234;195mmemory:  0.35GiB(0.25%)  [34mtps: 134  [36mtflops: 0.02  [35mmfu: 0.00%[39m
[titan] 2026-09-21 04:41:03,562 - torchtitan.observability.metrics - INFO - [31mstep: 86  [32mloss: -1.00000  [38;2;180;60;0mgrad_norm:  0.7592  [38;2;54;234;195mmemory:  0.41GiB(0.29%)  [34mtps: 134  [36mtflops: 0.02  [35mmfu: 0.00%[39m
[titan] 2026-09-21 04:41:05,477 - torchtitan.observability.metrics - INFO - [31mstep: 87  [32mloss:  2.54069  [38;2;180;60;0mgrad_norm:  0.8209  [38;2;54;234;195mmemory:  0.36GiB(0.26%)  [34mtps: 134  [36mtflops: 0.02  [35mmfu: 0.00%[39m
[titan] 2026-09-21 04:41:05,477 - torchtitan.observability.metrics - INFO - [31mstep: 87  [32mloss: -1.00000  [38;2;180;60;0mgrad_norm:  0.8209  [38;2;54;234;195mmemory:  0.38GiB(0.28%)  [34mtps: 134  [36mtflops: 0.02  [35mmfu: 0.00%[39m
[titan] 2026-09-21 04:41:05,479 - torchtitan.observability.metrics - INFO - [31mstep: 87  [32mloss: -1.00000  [38;2;180;60;0mgrad_norm:  0.8209  [38;2;54;234;195mmemory:  0.35GiB(0.25%)  [34mtps: 134  [36mtflops: 0.02  [35mmfu: 0.00%[39m
[titan] 2026-09-21 04:41:05,480 - torchtitan.observability.metrics - INFO - [31mstep: 87  [32mloss: -1.00000  [38;2;180;60;0mgrad_norm:  0.8209  [38;2;54;234;195mmemory:  0.41GiB(0.29%)  [34mtps: 134  [36mtflops: 0.02  [35mmfu: 0.00%[39m
[titan] 2026-09-21 04:41:07,382 - torchtitan.observability.metrics - INFO - [31mstep: 88  [32mloss:  2.60779  [38;2;180;60;0mgrad_norm:  0.7599  [38;2;54;234;195mmemory:  0.36GiB(0.26%)  [34mtps: 134  [36mtflops: 0.02  [35mmfu: 0.00%[39m
[titan] 2026-09-21 04:41:07,383 - torchtitan.observability.metrics - INFO - [31mstep: 88  [32mloss: -1.00000  [38;2;180;60;0mgrad_norm:  0.7599  [38;2;54;234;195mmemory:  0.38GiB(0.28%)  [34mtps: 134  [36mtflops: 0.02  [35mmfu: 0.00%[39m
[titan] 2026-09-21 04:41:07,385 - torchtitan.observability.metrics - INFO - [31mstep: 88  [32mloss: -1.00000  [38;2;180;60;0mgrad_norm:  0.7599  [38;2;54;234;195mmemory:  0.35GiB(0.25%)  [34mtps: 134  [36mtflops: 0.02  [35mmfu: 0.00%[39m
[titan] 2026-09-21 04:41:07,386 - torchtitan.observability.metrics - INFO - [31mstep: 88  [32mloss: -1.00000  [38;2;180;60;0mgrad_norm:  0.7599  [38;2;54;234;195mmemory:  0.41GiB(0.29%)  [34mtps: 134  [36mtflops: 0.02  [35mmfu: 0.00%[39m
[titan] 2026-09-21 04:41:09,285 - torchtitan.observability.metrics - INFO - [31mstep: 89  [32mloss:  2.62834  [38;2;180;60;0mgrad_norm:  0.8973  [38;2;54;234;195mmemory:  0.36GiB(0.26%)  [34mtps: 135  [36mtflops: 0.02  [35mmfu: 0.00%[39m
[titan] 2026-09-21 04:41:09,285 - torchtitan.observability.metrics - INFO - [31mstep: 89  [32mloss: -1.00000  [38;2;180;60;0mgrad_norm:  0.8973  [38;2;54;234;195mmemory:  0.38GiB(0.28%)  [34mtps: 135  [36mtflops: 0.02  [35mmfu: 0.00%[39m
[titan] 2026-09-21 04:41:09,288 - torchtitan.observability.metrics - INFO - [31mstep: 89  [32mloss: -1.00000  [38;2;180;60;0mgrad_norm:  0.8973  [38;2;54;234;195mmemory:  0.35GiB(0.25%)  [34mtps: 135  [36mtflops: 0.02  [35mmfu: 0.00%[39m
[titan] 2026-09-21 04:41:09,288 - torchtitan.observability.metrics - INFO - [31mstep: 89  [32mloss: -1.00000  [38;2;180;60;0mgrad_norm:  0.8973  [38;2;54;234;195mmemory:  0.41GiB(0.29%)  [34mtps: 135  [36mtflops: 0.02  [35mmfu: 0.00%[39m
[titan] 2026-09-21 04:41:11,184 - torchtitan.observability.metrics - INFO - [31mstep: 90  [32mloss:  2.46004  [38;2;180;60;0mgrad_norm:  0.7826  [38;2;54;234;195mmemory:  0.36GiB(0.26%)  [34mtps: 135  [36mtflops: 0.02  [35mmfu: 0.00%[39m
[titan] 2026-09-21 04:41:11,185 - torchtitan.observability.metrics - INFO - [31mstep: 90  [32mloss: -1.00000  [38;2;180;60;0mgrad_norm:  0.7826  [38;2;54;234;195mmemory:  0.38GiB(0.28%)  [34mtps: 135  [36mtflops: 0.02  [35mmfu: 0.00%[39m
[titan] 2026-09-21 04:41:11,187 - torchtitan.observability.metrics - INFO - [31mstep: 90  [32mloss: -1.00000  [38;2;180;60;0mgrad_norm:  0.7826  [38;2;54;234;195mmemory:  0.35GiB(0.25%)  [34mtps: 135  [36mtflops: 0.02  [35mmfu: 0.00%[39m
[titan] 2026-09-21 04:41:11,188 - torchtitan.observability.metrics - INFO - [31mstep: 90  [32mloss: -1.00000  [38;2;180;60;0mgrad_norm:  0.7826  [38;2;54;234;195mmemory:  0.41GiB(0.29%)  [34mtps: 135  [36mtflops: 0.02  [35mmfu: 0.00%[39m
[titan] 2026-09-21 04:41:13,100 - torchtitan.observability.metrics - INFO - [31mstep: 91  [32mloss:  2.56956  [38;2;180;60;0mgrad_norm:  0.8858  [38;2;54;234;195mmemory:  0.36GiB(0.26%)  [34mtps: 134  [36mtflops: 0.02  [35mmfu: 0.00%[39m
[titan] 2026-09-21 04:41:13,100 - torchtitan.observability.metrics - INFO - [31mstep: 91  [32mloss: -1.00000  [38;2;180;60;0mgrad_norm:  0.8858  [38;2;54;234;195mmemory:  0.38GiB(0.28%)  [34mtps: 134  [36mtflops: 0.02  [35mmfu: 0.00%[39m
[titan] 2026-09-21 04:41:13,103 - torchtitan.observability.metrics - INFO - [31mstep: 91  [32mloss: -1.00000  [38;2;180;60;0mgrad_norm:  0.8858  [38;2;54;234;195mmemory:  0.35GiB(0.25%)  [34mtps: 134  [36mtflops: 0.02  [35mmfu: 0.00%[39m
[titan] 2026-09-21 04:41:13,103 - torchtitan.observability.metrics - INFO - [31mstep: 91  [32mloss: -1.00000  [38;2;180;60;0mgrad_norm:  0.8858  [38;2;54;234;195mmemory:  0.41GiB(0.29%)  [34mtps: 134  [36mtflops: 0.02  [35mmfu: 0.00%[39m
[titan] 2026-09-21 04:41:15,010 - torchtitan.observability.metrics - INFO - [31mstep: 92  [32mloss:  2.58478  [38;2;180;60;0mgrad_norm:  0.8285  [38;2;54;234;195mmemory:  0.36GiB(0.26%)  [34mtps: 134  [36mtflops: 0.02  [35mmfu: 0.00%[39m
[titan] 2026-09-21 04:41:15,010 - torchtitan.observability.metrics - INFO - [31mstep: 92  [32mloss: -1.00000  [38;2;180;60;0mgrad_norm:  0.8285  [38;2;54;234;195mmemory:  0.38GiB(0.28%)  [34mtps: 134  [36mtflops: 0.02  [35mmfu: 0.00%[39m
[titan] 2026-09-21 04:41:15,013 - torchtitan.observability.metrics - INFO - [31mstep: 92  [32mloss: -1.00000  [38;2;180;60;0mgrad_norm:  0.8285  [38;2;54;234;195mmemory:  0.35GiB(0.25%)  [34mtps: 134  [36mtflops: 0.02  [35mmfu: 0.00%[39m
[titan] 2026-09-21 04:41:15,013 - torchtitan.observability.metrics - INFO - [31mstep: 92  [32mloss: -1.00000  [38;2;180;60;0mgrad_norm:  0.8285  [38;2;54;234;195mmemory:  0.41GiB(0.29%)  [34mtps: 134  [36mtflops: 0.02  [35mmfu: 0.00%[39m
[titan] 2026-09-21 04:41:16,914 - torchtitan.observability.metrics - INFO - [31mstep: 93  [32mloss:  2.78996  [38;2;180;60;0mgrad_norm:  0.8506  [38;2;54;234;195mmemory:  0.36GiB(0.26%)  [34mtps: 135  [36mtflops: 0.02  [35mmfu: 0.00%[39m
[titan] 2026-09-21 04:41:16,914 - torchtitan.observability.metrics - INFO - [31mstep: 93  [32mloss: -1.00000  [38;2;180;60;0mgrad_norm:  0.8506  [38;2;54;234;195mmemory:  0.38GiB(0.28%)  [34mtps: 135  [36mtflops: 0.02  [35mmfu: 0.00%[39m
[titan] 2026-09-21 04:41:16,916 - torchtitan.observability.metrics - INFO - [31mstep: 93  [32mloss: -1.00000  [38;2;180;60;0mgrad_norm:  0.8506  [38;2;54;234;195mmemory:  0.35GiB(0.25%)  [34mtps: 135  [36mtflops: 0.02  [35mmfu: 0.00%[39m
[titan] 2026-09-21 04:41:16,917 - torchtitan.observability.metrics - INFO - [31mstep: 93  [32mloss: -1.00000  [38;2;180;60;0mgrad_norm:  0.8506  [38;2;54;234;195mmemory:  0.41GiB(0.29%)  [34mtps: 135  [36mtflops: 0.02  [35mmfu: 0.00%[39m
[titan] 2026-09-21 04:41:18,836 - torchtitan.observability.metrics - INFO - [31mstep: 94  [32mloss:  2.40684  [38;2;180;60;0mgrad_norm:  0.7204  [38;2;54;234;195mmemory:  0.36GiB(0.26%)  [34mtps: 133  [36mtflops: 0.02  [35mmfu: 0.00%[39m
[titan] 2026-09-21 04:41:18,836 - torchtitan.observability.metrics - INFO - [31mstep: 94  [32mloss: -1.00000  [38;2;180;60;0mgrad_norm:  0.7204  [38;2;54;234;195mmemory:  0.38GiB(0.28%)  [34mtps: 133  [36mtflops: 0.02  [35mmfu: 0.00%[39m
[titan] 2026-09-21 04:41:18,839 - torchtitan.observability.metrics - INFO - [31mstep: 94  [32mloss: -1.00000  [38;2;180;60;0mgrad_norm:  0.7204  [38;2;54;234;195mmemory:  0.35GiB(0.25%)  [34mtps: 133  [36mtflops: 0.02  [35mmfu: 0.00%[39m
[titan] 2026-09-21 04:41:18,839 - torchtitan.observability.metrics - INFO - [31mstep: 94  [32mloss: -1.00000  [38;2;180;60;0mgrad_norm:  0.7204  [38;2;54;234;195mmemory:  0.41GiB(0.29%)  [34mtps: 133  [36mtflops: 0.02  [35mmfu: 0.00%[39m
[titan] 2026-09-21 04:41:20,758 - torchtitan.observability.metrics - INFO - [31mstep: 95  [32mloss:  2.50218  [38;2;180;60;0mgrad_norm:  0.7080  [38;2;54;234;195mmemory:  0.36GiB(0.26%)  [34mtps: 133  [36mtflops: 0.02  [35mmfu: 0.00%[39m
[titan] 2026-09-21 04:41:20,758 - torchtitan.observability.metrics - INFO - [31mstep: 95  [32mloss: -1.00000  [38;2;180;60;0mgrad_norm:  0.7080  [38;2;54;234;195mmemory:  0.38GiB(0.28%)  [34mtps: 133  [36mtflops: 0.02  [35mmfu: 0.00%[39m
[titan] 2026-09-21 04:41:20,760 - torchtitan.observability.metrics - INFO - [31mstep: 95  [32mloss: -1.00000  [38;2;180;60;0mgrad_norm:  0.7080  [38;2;54;234;195mmemory:  0.35GiB(0.25%)  [34mtps: 133  [36mtflops: 0.02  [35mmfu: 0.00%[39m
[titan] 2026-09-21 04:41:20,761 - torchtitan.observability.metrics - INFO - [31mstep: 95  [32mloss: -1.00000  [38;2;180;60;0mgrad_norm:  0.7080  [38;2;54;234;195mmemory:  0.41GiB(0.29%)  [34mtps: 133  [36mtflops: 0.02  [35mmfu: 0.00%[39m
[titan] 2026-09-21 04:41:22,675 - torchtitan.observability.metrics - INFO - [31mstep: 96  [32mloss:  2.52435  [38;2;180;60;0mgrad_norm:  0.7619  [38;2;54;234;195mmemory:  0.36GiB(0.26%)  [34mtps: 134  [36mtflops: 0.02  [35mmfu: 0.00%[39m
[titan] 2026-09-21 04:41:22,675 - torchtitan.observability.metrics - INFO - [31mstep: 96  [32mloss: -1.00000  [38;2;180;60;0mgrad_norm:  0.7619  [38;2;54;234;195mmemory:  0.38GiB(0.28%)  [34mtps: 134  [36mtflops: 0.02  [35mmfu: 0.00%[39m
[titan] 2026-09-21 04:41:22,677 - torchtitan.observability.metrics - INFO - [31mstep: 96  [32mloss: -1.00000  [38;2;180;60;0mgrad_norm:  0.7619  [38;2;54;234;195mmemory:  0.35GiB(0.25%)  [34mtps: 134  [36mtflops: 0.02  [35mmfu: 0.00%[39m
[titan] 2026-09-21 04:41:22,678 - torchtitan.observability.metrics - INFO - [31mstep: 96  [32mloss: -1.00000  [38;2;180;60;0mgrad_norm:  0.7619  [38;2;54;234;195mmemory:  0.41GiB(0.29%)  [34mtps: 134  [36mtflops: 0.02  [35mmfu: 0.00%[39m
[titan] 2026-09-21 04:41:24,581 - torchtitan.observability.metrics - INFO - [31mstep: 97  [32mloss:  2.34657  [38;2;180;60;0mgrad_norm:  0.9832  [38;2;54;234;195mmemory:  0.36GiB(0.26%)  [34mtps: 134  [36mtflops: 0.02  [35mmfu: 0.00%[39m
[titan] 2026-09-21 04:41:24,581 - torchtitan.observability.metrics - INFO - [31mstep: 97  [32mloss: -1.00000  [38;2;180;60;0mgrad_norm:  0.9832  [38;2;54;234;195mmemory:  0.38GiB(0.28%)  [34mtps: 134  [36mtflops: 0.02  [35mmfu: 0.00%[39m
[titan] 2026-09-21 04:41:24,583 - torchtitan.observability.metrics - INFO - [31mstep: 97  [32mloss: -1.00000  [38;2;180;60;0mgrad_norm:  0.9832  [38;2;54;234;195mmemory:  0.35GiB(0.25%)  [34mtps: 134  [36mtflops: 0.02  [35mmfu: 0.00%[39m
[titan] 2026-09-21 04:41:24,584 - torchtitan.observability.metrics - INFO - [31mstep: 97  [32mloss: -1.00000  [38;2;180;60;0mgrad_norm:  0.9832  [38;2;54;234;195mmemory:  0.41GiB(0.29%)  [34mtps: 134  [36mtflops: 0.02  [35mmfu: 0.00%[39m
[titan] 2026-09-21 04:41:26,490 - torchtitan.observability.metrics - INFO - [31mstep: 98  [32mloss:  2.42506  [38;2;180;60;0mgrad_norm:  0.6856  [38;2;54;234;195mmemory:  0.36GiB(0.26%)  [34mtps: 134  [36mtflops: 0.02  [35mmfu: 0.00%[39m
[titan] 2026-09-21 04:41:26,490 - torchtitan.observability.metrics - INFO - [31mstep: 98  [32mloss: -1.00000  [38;2;180;60;0mgrad_norm:  0.6856  [38;2;54;234;195mmemory:  0.38GiB(0.28%)  [34mtps: 134  [36mtflops: 0.02  [35mmfu: 0.00%[39m
[titan] 2026-09-21 04:41:26,493 - torchtitan.observability.metrics - INFO - [31mstep: 98  [32mloss: -1.00000  [38;2;180;60;0mgrad_norm:  0.6856  [38;2;54;234;195mmemory:  0.35GiB(0.25%)  [34mtps: 134  [36mtflops: 0.02  [35mmfu: 0.00%[39m
[titan] 2026-09-21 04:41:26,493 - torchtitan.observability.metrics - INFO - [31mstep: 98  [32mloss: -1.00000  [38;2;180;60;0mgrad_norm:  0.6856  [38;2;54;234;195mmemory:  0.41GiB(0.29%)  [34mtps: 134  [36mtflops: 0.02  [35mmfu: 0.00%[39m
[titan] 2026-09-21 04:41:28,395 - torchtitan.observability.metrics - INFO - [31mstep: 99  [32mloss:  2.66252  [38;2;180;60;0mgrad_norm:  0.6863  [38;2;54;234;195mmemory:  0.36GiB(0.26%)  [34mtps: 134  [36mtflops: 0.02  [35mmfu: 0.00%[39m
[titan] 2026-09-21 04:41:28,395 - torchtitan.observability.metrics - INFO - [31mstep: 99  [32mloss: -1.00000  [38;2;180;60;0mgrad_norm:  0.6863  [38;2;54;234;195mmemory:  0.38GiB(0.28%)  [34mtps: 134  [36mtflops: 0.02  [35mmfu: 0.00%[39m
[titan] 2026-09-21 04:41:28,396 - torchtitan.observability.metrics - INFO - [31mstep: 99  [32mloss: -1.00000  [38;2;180;60;0mgrad_norm:  0.6863  [38;2;54;234;195mmemory:  0.35GiB(0.25%)  [34mtps: 135  [36mtflops: 0.02  [35mmfu: 0.00%[39m
[titan] 2026-09-21 04:41:28,398 - torchtitan.observability.metrics - INFO - [31mstep: 99  [32mloss: -1.00000  [38;2;180;60;0mgrad_norm:  0.6863  [38;2;54;234;195mmemory:  0.41GiB(0.29%)  [34mtps: 134  [36mtflops: 0.02  [35mmfu: 0.00%[39m
[titan] 2026-09-21 04:41:28,691 - torchtitan.tools.utils - INFO - [GC] Performing periodic GC collection took 0.29 seconds
[titan] 2026-09-21 04:41:28,694 - torchtitan.tools.utils - INFO - [GC] Performing periodic GC collection took 0.29 seconds
[titan] 2026-09-21 04:41:28,815 - torchtitan.tools.utils - INFO - [GC] Performing periodic GC collection took 0.41 seconds
[titan] 2026-09-21 04:41:28,824 - torchtitan.tools.utils - INFO - [GC] Performing periodic GC collection took 0.43 seconds
[titan] 2026-09-21 04:41:30,748 - torchtitan.observability.metrics - INFO - [31mstep: 100  [32mloss:  2.50161  [38;2;180;60;0mgrad_norm:  0.8648  [38;2;54;234;195mmemory:  0.36GiB(0.26%)  [34mtps: 109  [36mtflops: 0.02  [35mmfu: 0.00%[39m
[titan] 2026-09-21 04:41:30,748 - torchtitan.components.checkpointer.dcp - INFO - Saving the checkpointer.
[titan] 2026-09-21 04:41:30,748 - torchtitan.observability.metrics - INFO - [31mstep: 100  [32mloss: -1.00000  [38;2;180;60;0mgrad_norm:  0.8648  [38;2;54;234;195mmemory:  0.38GiB(0.28%)  [34mtps: 109  [36mtflops: 0.02  [35mmfu: 0.00%[39m
[titan] 2026-09-21 04:41:30,748 - torchtitan.components.checkpointer.dcp - INFO - Saving the checkpointer.
[titan] 2026-09-21 04:41:30,749 - torchtitan.observability.metrics - INFO - [31mstep: 100  [32mloss: -1.00000  [38;2;180;60;0mgrad_norm:  0.8648  [38;2;54;234;195mmemory:  0.35GiB(0.25%)  [34mtps: 109  [36mtflops: 0.02  [35mmfu: 0.00%[39m
[titan] 2026-09-21 04:41:30,750 - torchtitan.components.checkpointer.dcp - INFO - Saving the checkpointer.
[titan] 2026-09-21 04:41:30,750 - torchtitan.components.checkpointer.dcp - INFO - Saving a model only checkpoint in torch.float32 at last step, step 100.
[titan] 2026-09-21 04:41:30,751 - torchtitan.observability.metrics - INFO - [31mstep: 100  [32mloss: -1.00000  [38;2;180;60;0mgrad_norm:  0.8648  [38;2;54;234;195mmemory:  0.41GiB(0.29%)  [34mtps: 109  [36mtflops: 0.02  [35mmfu: 0.00%[39m
[titan] 2026-09-21 04:41:30,752 - torchtitan.components.checkpointer.dcp - INFO - Saving the checkpointer.
[titan] 2026-09-21 04:41:30,752 - torchtitan.components.checkpointer.dcp - INFO - Saving a model only checkpoint in torch.float32 at last step, step 100.
[titan] 2026-09-21 04:41:30,753 - torchtitan.components.checkpointer.dcp - INFO - Saving a model only checkpoint in torch.float32 at last step, step 100.
[titan] 2026-09-21 04:41:30,755 - torchtitan.components.checkpointer.dcp - INFO - Saving a model only checkpoint in torch.float32 at last step, step 100.
[titan] 2026-09-21 04:41:30,894 - torchtitan.tools.utils - INFO - [GC] GC collection invoked by checkpointer. took 0.00 seconds
[titan] 2026-09-21 04:41:30,894 - torchtitan.tools.utils - INFO - [GC] GC collection invoked by checkpointer. took 0.00 seconds
[titan] 2026-09-21 04:41:30,894 - torchtitan.components.checkpointer.dcp - INFO - Last step checkpoint completed in 0.15s
[titan] 2026-09-21 04:41:30,894 - torchtitan.components.checkpointer.dcp - INFO - Last step checkpoint completed in 0.14s
[titan] 2026-09-21 04:41:30,894 - torchtitan.trainer - INFO - Training completed
[titan] 2026-09-21 04:41:30,894 - torchtitan.trainer - INFO - Training completed
[titan] 2026-09-21 04:41:30,895 - torchtitan.tools.utils - INFO - [GC] GC collection invoked by checkpointer. took 0.01 seconds
[titan] 2026-09-21 04:41:30,895 - torchtitan.components.checkpointer.dcp - INFO - Last step checkpoint completed in 0.14s
[titan] 2026-09-21 04:41:30,896 - torchtitan.trainer - INFO - Sleeping 2 seconds for other ranks to complete
[titan] 2026-09-21 04:41:30,898 - torchtitan.tools.utils - INFO - [GC] GC collection invoked by checkpointer. took 0.01 seconds
[titan] 2026-09-21 04:41:30,898 - torchtitan.components.checkpointer.dcp - INFO - Last step checkpoint completed in 0.15s
[titan] 2026-09-21 04:41:30,898 - torchtitan.trainer - INFO - Training completed
[titan] 2026-09-21 04:41:30,900 - torchtitan.components.checkpointer.base - INFO - Destroying the purge thread.
[titan] 2026-09-21 04:41:30,900 - torchtitan.components.checkpointer.base - INFO - Destroying the purge thread.
[titan] 2026-09-21 04:41:30,904 - torchtitan.components.checkpointer.base - INFO - Destroying the purge thread.
[titan] 2026-09-21 04:41:32,896 - torchtitan.trainer - INFO - Training completed
[titan] 2026-09-21 04:41:32,902 - torchtitan.components.checkpointer.base - INFO - Destroying the purge thread.
[titan] 2026-09-21 04:41:33,333 - __main__ - INFO - Process group destroyed
[titan] 2026-09-21 04:41:33,334 - __main__ - INFO - Process group destroyed
[titan] 2026-09-21 04:41:33,349 - __main__ - INFO - Process group destroyed
[titan] 2026-09-21 04:41:33,415 - __main__ - INFO - Process group destroyed
