W0913 08:15:16.288000 21840 torch/distributed/run.py:982] 
W0913 08:15:16.288000 21840 torch/distributed/run.py:982] *****************************************
W0913 08:15:16.288000 21840 torch/distributed/run.py:982] Setting OMP_NUM_THREADS environment variable for each process to be 1 in default, to avoid your system being overloaded, please further tune the variable for optimal performance in your application as needed. 
W0913 08:15:16.288000 21840 torch/distributed/run.py:982] *****************************************
WARNING:absl:Failed to load jax profiler: No module named 'jax'
WARNING:absl:Failed to load jax profiler: No module named 'jax'
WARNING:absl:Failed to load jax profiler: No module named 'jax'
WARNING:absl:Failed to load jax profiler: No module named 'jax'
[titan] 2026-09-13 08:15:21,136 - root - INFO - torchtitan version: 0.0.0+unknown (0.0.0 means __version__ is not defined correctly).
[titan] 2026-09-13 08:15:21,233 - root - INFO - torchtitan version: 0.0.0+unknown (0.0.0 means __version__ is not defined correctly).
[titan] 2026-09-13 08:15:21,246 - root - INFO - torchtitan version: 0.0.0+unknown (0.0.0 means __version__ is not defined correctly).
[titan] 2026-09-13 08:15:21,362 - root - INFO - torchtitan version: 0.0.0+unknown (0.0.0 means __version__ is not defined correctly).
[titan] 2026-09-13 08:15:21,769 - root - WARNING - initial_load_model_only=True has no effect without an initial_load_path.
[titan] 2026-09-13 08:15:21,841 - root - WARNING - initial_load_model_only=True has no effect without an initial_load_path.
[titan] 2026-09-13 08:15:21,842 - torchtitan.observability.structured_logger.jsonl_handler - INFO - Structured logging -> JSONL: /workspace/out_c4r64/c4r64_d2_pp2/structured_logs/training.global_rank_3.20260913-081521-4FX3IC.jsonl
[titan] 2026-09-13 08:15:21,868 - root - WARNING - initial_load_model_only=True has no effect without an initial_load_path.
[titan] 2026-09-13 08:15:21,882 - root - WARNING - initial_load_model_only=True has no effect without an initial_load_path.
[titan] 2026-09-13 08:15:21,940 - root - WARNING - initial_load_model_only=True has no effect without an initial_load_path.
[titan] 2026-09-13 08:15:21,941 - torchtitan.observability.structured_logger.jsonl_handler - INFO - Structured logging -> JSONL: /workspace/out_c4r64/c4r64_d2_pp2/structured_logs/training.global_rank_1.20260913-081521-LTUI7A.jsonl
[titan] 2026-09-13 08:15:21,955 - root - WARNING - initial_load_model_only=True has no effect without an initial_load_path.
[titan] 2026-09-13 08:15:21,956 - torchtitan.observability.structured_logger.jsonl_handler - INFO - Structured logging -> JSONL: /workspace/out_c4r64/c4r64_d2_pp2/structured_logs/training.global_rank_0.20260913-081521-6TOG2C.jsonl
[titan] 2026-09-13 08:15:21,967 - root - WARNING - initial_load_model_only=True has no effect without an initial_load_path.
[titan] 2026-09-13 08:15:22,039 - root - WARNING - initial_load_model_only=True has no effect without an initial_load_path.
[titan] 2026-09-13 08:15:22,040 - torchtitan.observability.structured_logger.jsonl_handler - INFO - Structured logging -> JSONL: /workspace/out_c4r64/c4r64_d2_pp2/structured_logs/training.global_rank_2.20260913-081522-6O0SDT.jsonl
[titan] 2026-09-13 08:15:22,178 - root - WARNING - ENV[TORCH_NCCL_ASYNC_ERROR_HANDLING] = 1 will be overridden to 3 based on job config
[titan] 2026-09-13 08:15:22,394 - root - WARNING - ENV[TORCH_NCCL_ASYNC_ERROR_HANDLING] = 1 will be overridden to 3 based on job config
[titan] 2026-09-13 08:15:22,418 - root - WARNING - ENV[TORCH_NCCL_ASYNC_ERROR_HANDLING] = 1 will be overridden to 3 based on job config
[titan] 2026-09-13 08:15:22,462 - root - WARNING - ENV[TORCH_NCCL_ASYNC_ERROR_HANDLING] = 1 will be overridden to 3 based on job config
[titan] 2026-09-13 08:15:22,738 - root - INFO - Building device mesh with parallelism: pp=2, dp_replicate=1, dp_shard=2, cp=1, tp=1, ep=1
[titan] 2026-09-13 08:15:22,742 - root - INFO - Building device mesh with parallelism: pp=2, dp_replicate=1, dp_shard=2, cp=1, tp=1, ep=1
[titan] 2026-09-13 08:15:22,742 - root - INFO - Building device mesh with parallelism: pp=2, dp_replicate=1, dp_shard=2, cp=1, tp=1, ep=1
[titan] 2026-09-13 08:15:22,745 - root - INFO - Building device mesh with parallelism: pp=2, dp_replicate=1, dp_shard=2, cp=1, tp=1, ep=1
[titan] 2026-09-13 08:15:23,343 - root - INFO - Successfully created meshes with active dimensions: ['pp', 'batch', 'loss', 'dp', 'dp_shard']
[titan] 2026-09-13 08:15:23,343 - root - INFO - Successfully created meshes with active dimensions: ['pp', 'batch', 'loss', 'dp', 'dp_shard']
[titan] 2026-09-13 08:15:23,343 - root - INFO - Successfully created meshes with active dimensions: ['pp', 'batch', 'loss', 'dp', 'dp_shard']
[titan] 2026-09-13 08:15:23,344 - root - INFO - Successfully created meshes with active dimensions: ['pp', 'batch', 'loss', 'dp', 'dp_shard']
[titan] 2026-09-13 08:15:23,344 - root - INFO - [GC] Initial GC collection took 0.00 seconds
[titan] 2026-09-13 08:15:23,344 - root - INFO - Deterministic algorithm enabled (expect perf degradation).
[titan] 2026-09-13 08:15:23,344 - root - INFO - [GC] Initial GC collection took 0.00 seconds
[titan] 2026-09-13 08:15:23,344 - root - INFO - [GC] Initial GC collection took 0.00 seconds
[titan] 2026-09-13 08:15:23,344 - root - INFO - [GC] Initial GC collection took 0.00 seconds
[titan] 2026-09-13 08:15:23,344 - root - INFO - Deterministic algorithm enabled (expect perf degradation).
[titan] 2026-09-13 08:15:23,344 - root - INFO - Deterministic algorithm enabled (expect perf degradation).
[titan] 2026-09-13 08:15:23,344 - root - INFO - Deterministic algorithm enabled (expect perf degradation).
[titan] 2026-09-13 08:15:23,361 - root - INFO - Building kimi_k3 debugmodel
[titan] 2026-09-13 08:15:23,361 - root - INFO - Building kimi_k3 debugmodel
[titan] 2026-09-13 08:15:23,362 - root - INFO - Building kimi_k3 debugmodel
[titan] 2026-09-13 08:15:23,363 - root - INFO - Building kimi_k3 debugmodel
[titan] 2026-09-13 08:15:23,508 - root - INFO - CUDA capacity: NVIDIA H100 PCIe with 79.18GiB memory
[titan] 2026-09-13 08:15:23,508 - root - INFO - CUDA capacity: NVIDIA H100 PCIe with 79.18GiB memory
[titan] 2026-09-13 08:15:23,508 - root - INFO - CUDA capacity: NVIDIA H100 PCIe with 79.18GiB memory
[titan] 2026-09-13 08:15:23,509 - root - WARNING - Error running lspci: [Errno 2] No such file or directory: 'lspci', fallback to use device_name
[titan] 2026-09-13 08:15:23,509 - root - WARNING - Error running lspci: [Errno 2] No such file or directory: 'lspci', fallback to use device_name
[titan] 2026-09-13 08:15:23,509 - root - WARNING - Error running lspci: [Errno 2] No such file or directory: 'lspci', fallback to use device_name
[titan] 2026-09-13 08:15:23,510 - root - INFO - CUDA capacity: NVIDIA H100 PCIe with 79.18GiB memory
[titan] 2026-09-13 08:15:23,511 - root - WARNING - Error running lspci: [Errno 2] No such file or directory: 'lspci', fallback to use device_name
[titan] 2026-09-13 08:15:23,514 - root - INFO - Total parameter count: 1,119,984,672, active parameters: 535,879,200
[titan] 2026-09-13 08:15:23,514 - root - INFO - [34mModel kimi_k3 debugmodel [31msize: 1,119,984,672 total parameters[39m
[titan] 2026-09-13 08:15:23,514 - root - INFO - Total parameter count: 1,119,984,672, active parameters: 535,879,200
[titan] 2026-09-13 08:15:23,514 - root - INFO - Total parameter count: 1,119,984,672, active parameters: 535,879,200
[titan] 2026-09-13 08:15:23,514 - root - INFO - [34mModel kimi_k3 debugmodel [31msize: 1,119,984,672 total parameters[39m
[titan] 2026-09-13 08:15:23,514 - root - INFO - [34mModel kimi_k3 debugmodel [31msize: 1,119,984,672 total parameters[39m
[titan] 2026-09-13 08:15:23,516 - root - INFO - Total parameter count: 1,119,984,672, active parameters: 535,879,200
[titan] 2026-09-13 08:15:23,516 - root - INFO - [34mModel kimi_k3 debugmodel [31msize: 1,119,984,672 total parameters[39m
[rank3]:W0913 08:15:23.596000 21910 torch/_logging/_internal.py:1394] Pipeline parallelism is using an eager NCCL communicator. Consider creating its process group with backend="nccl-lazy" so peer communicators are initialized lazily and traffic to different peers can overlap.
[titan] 2026-09-13 08:15:23,597 - root - INFO - PP rank 1 is building stage_idx 1 with modules ['layers.12', 'layers.13', 'layers.14', 'layers.15', 'layers.16', 'layers.17', 'layers.18', 'layers.19', 'layers.20', 'layers.21', 'layers.22', 'layers.23', 'norm', 'lm_head', 'output_res_proj', 'output_res_norm']
[rank1]:W0913 08:15:23.596000 21908 torch/_logging/_internal.py:1394] Pipeline parallelism is using an eager NCCL communicator. Consider creating its process group with backend="nccl-lazy" so peer communicators are initialized lazily and traffic to different peers can overlap.
[titan] 2026-09-13 08:15:23,597 - root - INFO - PP rank 0 is building stage_idx 0 with modules ['vision_encoder', 'tok_embeddings', 'layers.0', 'layers.1', 'layers.2', 'layers.3', 'layers.4', 'layers.5', 'layers.6', 'layers.7', 'layers.8', 'layers.9', 'layers.10', 'layers.11']
[rank0]:W0913 08:15:23.598000 21907 torch/_logging/_internal.py:1394] Pipeline parallelism is using an eager NCCL communicator. Consider creating its process group with backend="nccl-lazy" so peer communicators are initialized lazily and traffic to different peers can overlap.
[titan] 2026-09-13 08:15:23,598 - root - INFO - PP rank 0 is building stage_idx 0 with modules ['vision_encoder', 'tok_embeddings', 'layers.0', 'layers.1', 'layers.2', 'layers.3', 'layers.4', 'layers.5', 'layers.6', 'layers.7', 'layers.8', 'layers.9', 'layers.10', 'layers.11']
[rank2]:W0913 08:15:23.603000 21909 torch/_logging/_internal.py:1394] Pipeline parallelism is using an eager NCCL communicator. Consider creating its process group with backend="nccl-lazy" so peer communicators are initialized lazily and traffic to different peers can overlap.
[titan] 2026-09-13 08:15:23,604 - root - INFO - PP rank 1 is building stage_idx 1 with modules ['layers.12', 'layers.13', 'layers.14', 'layers.15', 'layers.16', 'layers.17', 'layers.18', 'layers.19', 'layers.20', 'layers.21', 'layers.22', 'layers.23', 'norm', 'lm_head', 'output_res_proj', 'output_res_norm']
[titan] 2026-09-13 08:15:23,617 - root - INFO - Applied SelectiveAC activation checkpointing to the model
[titan] 2026-09-13 08:15:23,617 - root - INFO - Applied SelectiveAC activation checkpointing to the model
[titan] 2026-09-13 08:15:23,619 - root - INFO - Applied SelectiveAC activation checkpointing to the model
[titan] 2026-09-13 08:15:23,619 - root - INFO - Applied SelectiveAC activation checkpointing to the model
[titan] 2026-09-13 08:15:23,621 - root - INFO - Applied SelectiveAC activation checkpointing to the model
[titan] 2026-09-13 08:15:23,628 - root - INFO - Applied SelectiveAC activation checkpointing to the model
[titan] 2026-09-13 08:15:23,763 - root - INFO - Applied FSDP to the model
[titan] 2026-09-13 08:15:23,763 - root - INFO - Using pipeline schedule 1F1B with 4 microbatches and 2 stages.
[titan] 2026-09-13 08:15:23,763 - root - INFO - Kimi K3 pipeline: 1 stage(s) on this rank [1], block transport delta with rank store
[titan] 2026-09-13 08:15:23,773 - root - INFO - Applied FSDP to the model
[titan] 2026-09-13 08:15:23,773 - root - INFO - Using pipeline schedule 1F1B with 4 microbatches and 2 stages.
[titan] 2026-09-13 08:15:23,773 - root - INFO - Kimi K3 pipeline: 1 stage(s) on this rank [1], block transport delta with rank store
[titan] 2026-09-13 08:15:23,797 - root - INFO - Applied FSDP to the model
[titan] 2026-09-13 08:15:23,797 - root - INFO - Using pipeline schedule 1F1B with 4 microbatches and 2 stages.
[titan] 2026-09-13 08:15:23,797 - root - INFO - Kimi K3 pipeline: 1 stage(s) on this rank [0], block transport delta with rank store
[titan] 2026-09-13 08:15:23,798 - root - INFO - Applied FSDP to the model
[titan] 2026-09-13 08:15:23,798 - root - INFO - Using pipeline schedule 1F1B with 4 microbatches and 2 stages.
[titan] 2026-09-13 08:15:23,798 - root - INFO - Kimi K3 pipeline: 1 stage(s) on this rank [0], block transport delta with rank store
[titan] 2026-09-13 08:15:24,200 - root - WARNING - [31mPipeline Parallel loss is not visible. Please add [33mrank 2[31m to LOG_RANK environment variable in run_train.sh.[39m
[titan] 2026-09-13 08:15:24,200 - root - WARNING - [31mPipeline Parallel loss is not visible. Please add [33mrank 2[31m to LOG_RANK environment variable in run_train.sh.[39m
[titan] 2026-09-13 08:15:24,202 - root - WARNING - Error running lspci: [Errno 2] No such file or directory: 'lspci', fallback to use device_name
[titan] 2026-09-13 08:15:24,202 - root - INFO - Peak FLOPS used for computing MFU: 7.560e+14
[titan] 2026-09-13 08:15:24,202 - root - INFO - CUDA memory usage for model: 1.41GiB(1.78%)
[titan] 2026-09-13 08:15:24,202 - root - WARNING - Error running lspci: [Errno 2] No such file or directory: 'lspci', fallback to use device_name
[titan] 2026-09-13 08:15:24,202 - root - INFO - Peak FLOPS used for computing MFU: 7.560e+14
[titan] 2026-09-13 08:15:24,203 - root - INFO - CUDA memory usage for model: 1.41GiB(1.78%)
[titan] 2026-09-13 08:15:24,204 - root - INFO - Optimizer AdamW (model_part=0): 346 params [.*] {'fused': True, 'foreach': False, 'lr': 0.0008, 'betas': (0.9, 0.95), 'eps': 1e-08, 'weight_decay': 0.1}
[titan] 2026-09-13 08:15:24,205 - root - INFO - Optimizer AdamW (model_part=0): 346 params [.*] {'fused': True, 'foreach': False, 'lr': 0.0008, 'betas': (0.9, 0.95), 'eps': 1e-08, 'weight_decay': 0.1}
[titan] 2026-09-13 08:15:24,205 - root - INFO - Loading tokenizer from tokenizer.json
[titan] 2026-09-13 08:15:24,206 - root - INFO - Loading tokenizer from tokenizer.json
[titan] 2026-09-13 08:15:24,349 - root - WARNING - [31mPipeline Parallel loss is not visible. Please add [33mrank 2[31m to LOG_RANK environment variable in run_train.sh.[39m
[titan] 2026-09-13 08:15:24,349 - root - WARNING - [31mPipeline Parallel loss is not visible. Please add [33mrank 2[31m to LOG_RANK environment variable in run_train.sh.[39m
[titan] 2026-09-13 08:15:24,351 - root - WARNING - Error running lspci: [Errno 2] No such file or directory: 'lspci', fallback to use device_name
[titan] 2026-09-13 08:15:24,351 - root - WARNING - Error running lspci: [Errno 2] No such file or directory: 'lspci', fallback to use device_name
[titan] 2026-09-13 08:15:24,351 - root - INFO - Peak FLOPS used for computing MFU: 7.560e+14
[titan] 2026-09-13 08:15:24,351 - root - INFO - Peak FLOPS used for computing MFU: 7.560e+14
[titan] 2026-09-13 08:15:24,351 - root - INFO - CUDA memory usage for model: 0.55GiB(0.70%)
[titan] 2026-09-13 08:15:24,351 - root - INFO - CUDA memory usage for model: 0.55GiB(0.70%)
[titan] 2026-09-13 08:15:24,353 - root - INFO - Optimizer AdamW (model_part=0): 404 params [.*] {'fused': True, 'foreach': False, 'lr': 0.0008, 'betas': (0.9, 0.95), 'eps': 1e-08, 'weight_decay': 0.1}
[titan] 2026-09-13 08:15:24,353 - root - INFO - Optimizer AdamW (model_part=0): 404 params [.*] {'fused': True, 'foreach': False, 'lr': 0.0008, 'betas': (0.9, 0.95), 'eps': 1e-08, 'weight_decay': 0.1}
[titan] 2026-09-13 08:15:24,355 - root - INFO - Loading tokenizer from tokenizer.json
[titan] 2026-09-13 08:15:24,355 - root - INFO - Loading tokenizer from tokenizer.json
[titan] 2026-09-13 08:15:24,500 - httpx - INFO - HTTP Request: HEAD https://s3.amazonaws.com/datasets.huggingface.co/datasets/datasets/json/json.py "HTTP/1.1 200 OK"
[titan] 2026-09-13 08:15:24,513 - httpx - INFO - HTTP Request: HEAD https://s3.amazonaws.com/datasets.huggingface.co/datasets/datasets/json/json.py "HTTP/1.1 200 OK"
[titan] 2026-09-13 08:15:24,566 - root - WARNING - model.safetensors.index.json not found at hf_assets_path: ./tests/assets/tokenizer/model.safetensors.index.json.                     Defaulting to saving a single safetensors file if checkpoint is saved in HF format
[titan] 2026-09-13 08:15:24,567 - root - WARNING - initial_load_model_only=True has no effect without an initial_load_path.
[titan] 2026-09-13 08:15:24,571 - root - INFO - Checkpointing active. Checkpoints will be loaded from and saved to /workspace/out_c4r64/c4r64_d2_pp2/checkpoint
[titan] 2026-09-13 08:15:24,572 - root - INFO - Trainer is initialized with 256 tokens per DP rank, 512 tokens per train step, gradient accumulation steps 1, maximum context length 2048, total steps 100 (warmup 2)
[titan] 2026-09-13 08:15:24,572 - root - INFO - Loading the checkpoint from /workspace/out_c4r64/c4r64_d2_pp2/checkpoint/step-0.
[titan] 2026-09-13 08:15:24,585 - root - WARNING - model.safetensors.index.json not found at hf_assets_path: ./tests/assets/tokenizer/model.safetensors.index.json.                     Defaulting to saving a single safetensors file if checkpoint is saved in HF format
[titan] 2026-09-13 08:15:24,586 - root - WARNING - initial_load_model_only=True has no effect without an initial_load_path.
[titan] 2026-09-13 08:15:24,591 - root - INFO - Checkpointing active. Checkpoints will be loaded from and saved to /workspace/out_c4r64/c4r64_d2_pp2/checkpoint
[titan] 2026-09-13 08:15:24,591 - root - INFO - Trainer is initialized with 256 tokens per DP rank, 512 tokens per train step, gradient accumulation steps 1, maximum context length 2048, total steps 100 (warmup 2)
[titan] 2026-09-13 08:15:24,591 - root - INFO - Loading the checkpoint from /workspace/out_c4r64/c4r64_d2_pp2/checkpoint/step-0.
[titan] 2026-09-13 08:15:24,659 - httpx - INFO - HTTP Request: HEAD https://s3.amazonaws.com/datasets.huggingface.co/datasets/datasets/json/json.py "HTTP/1.1 200 OK"
[titan] 2026-09-13 08:15:24,660 - httpx - INFO - HTTP Request: HEAD https://s3.amazonaws.com/datasets.huggingface.co/datasets/datasets/json/json.py "HTTP/1.1 200 OK"
[titan] 2026-09-13 08:15:24,730 - root - WARNING - model.safetensors.index.json not found at hf_assets_path: ./tests/assets/tokenizer/model.safetensors.index.json.                     Defaulting to saving a single safetensors file if checkpoint is saved in HF format
[titan] 2026-09-13 08:15:24,730 - root - WARNING - initial_load_model_only=True has no effect without an initial_load_path.
[titan] 2026-09-13 08:15:24,732 - root - WARNING - model.safetensors.index.json not found at hf_assets_path: ./tests/assets/tokenizer/model.safetensors.index.json.                     Defaulting to saving a single safetensors file if checkpoint is saved in HF format
[titan] 2026-09-13 08:15:24,732 - root - WARNING - initial_load_model_only=True has no effect without an initial_load_path.
[titan] 2026-09-13 08:15:24,737 - root - INFO - Checkpointing active. Checkpoints will be loaded from and saved to /workspace/out_c4r64/c4r64_d2_pp2/checkpoint
[titan] 2026-09-13 08:15:24,737 - root - INFO - Trainer is initialized with 256 tokens per DP rank, 512 tokens per train step, gradient accumulation steps 1, maximum context length 2048, total steps 100 (warmup 2)
[titan] 2026-09-13 08:15:24,737 - root - INFO - Loading the checkpoint from /workspace/out_c4r64/c4r64_d2_pp2/checkpoint/step-0.
[titan] 2026-09-13 08:15:24,739 - root - INFO - Checkpointing active. Checkpoints will be loaded from and saved to /workspace/out_c4r64/c4r64_d2_pp2/checkpoint
[titan] 2026-09-13 08:15:24,739 - root - INFO - Trainer is initialized with 256 tokens per DP rank, 512 tokens per train step, gradient accumulation steps 1, maximum context length 2048, total steps 100 (warmup 2)
[titan] 2026-09-13 08:15:24,739 - root - INFO - Loading the checkpoint from /workspace/out_c4r64/c4r64_d2_pp2/checkpoint/step-0.
[titan] 2026-09-13 08:15:25,937 - root - INFO - [GC] GC collection for checkpoint loading. took 0.01 seconds
[titan] 2026-09-13 08:15:25,937 - root - INFO - Finished loading the checkpoint in 1.36 seconds.
[titan] 2026-09-13 08:15:25,937 - root - INFO - Training starts at step 1
[titan] 2026-09-13 08:15:25,937 - root - INFO - [GC] GC collection for checkpoint loading. took 0.02 seconds
[titan] 2026-09-13 08:15:25,938 - root - INFO - Finished loading the checkpoint in 1.35 seconds.
[titan] 2026-09-13 08:15:25,938 - root - INFO - Training starts at step 1
[titan] 2026-09-13 08:15:25,952 - root - INFO - [GC] GC collection for checkpoint loading. took 0.02 seconds
[titan] 2026-09-13 08:15:25,952 - root - INFO - Finished loading the checkpoint in 1.21 seconds.
[titan] 2026-09-13 08:15:25,952 - root - INFO - Training starts at step 1
[titan] 2026-09-13 08:15:25,955 - root - INFO - [GC] GC collection for checkpoint loading. took 0.02 seconds
[titan] 2026-09-13 08:15:25,955 - root - INFO - Finished loading the checkpoint in 1.22 seconds.
[titan] 2026-09-13 08:15:25,956 - root - INFO - Training starts at step 1
/workspace/venv_pp/lib/python3.12/site-packages/torch/distributed/fsdp/_fully_shard/_fsdp_state.py:336: UserWarning: FSDP2-wrapped module (FSDPCheckpointWrapper) returned a view tensor. An in-place op on this view (e.g., `x += y`) will silently drop the pre-backward hook and skip the all-gather, which can cause backward to fail or produce wrong gradients. Use out-of-place ops (`out = out + y`, not `out += y`) or `.clone()` the output before any in-place op.
  output = self._register_pre_backward_hook(output)
/workspace/venv_pp/lib/python3.12/site-packages/torch/distributed/fsdp/_fully_shard/_fsdp_state.py:336: UserWarning: FSDP2-wrapped module (FSDPCheckpointWrapper) returned a view tensor. An in-place op on this view (e.g., `x += y`) will silently drop the pre-backward hook and skip the all-gather, which can cause backward to fail or produce wrong gradients. Use out-of-place ops (`out = out + y`, not `out += y`) or `.clone()` the output before any in-place op.
  output = self._register_pre_backward_hook(output)
/workspace/venv_pp/lib/python3.12/site-packages/torch/distributed/fsdp/_fully_shard/_fsdp_state.py:336: UserWarning: FSDP2-wrapped module (FSDPCheckpointWrapper) returned a view tensor. An in-place op on this view (e.g., `x += y`) will silently drop the pre-backward hook and skip the all-gather, which can cause backward to fail or produce wrong gradients. Use out-of-place ops (`out = out + y`, not `out += y`) or `.clone()` the output before any in-place op.
  output = self._register_pre_backward_hook(output)
/workspace/venv_pp/lib/python3.12/site-packages/torch/distributed/fsdp/_fully_shard/_fsdp_state.py:336: UserWarning: FSDP2-wrapped module (FSDPCheckpointWrapper) returned a view tensor. An in-place op on this view (e.g., `x += y`) will silently drop the pre-backward hook and skip the all-gather, which can cause backward to fail or produce wrong gradients. Use out-of-place ops (`out = out + y`, not `out += y`) or `.clone()` the output before any in-place op.
  output = self._register_pre_backward_hook(output)
/workspace/venv_pp/lib/python3.12/site-packages/torch/distributed/fsdp/_fully_shard/_fsdp_state.py:336: UserWarning: FSDP2-wrapped module (FSDPKimiK3Model) returned a view tensor. An in-place op on this view (e.g., `x += y`) will silently drop the pre-backward hook and skip the all-gather, which can cause backward to fail or produce wrong gradients. Use out-of-place ops (`out = out + y`, not `out += y`) or `.clone()` the output before any in-place op.
  output = self._register_pre_backward_hook(output)
/workspace/venv_pp/lib/python3.12/site-packages/torch/distributed/fsdp/_fully_shard/_fsdp_state.py:336: UserWarning: FSDP2-wrapped module (FSDPKimiK3Model) returned a view tensor. An in-place op on this view (e.g., `x += y`) will silently drop the pre-backward hook and skip the all-gather, which can cause backward to fail or produce wrong gradients. Use out-of-place ops (`out = out + y`, not `out += y`) or `.clone()` the output before any in-place op.
  output = self._register_pre_backward_hook(output)
/workspace/venv_pp/lib/python3.12/site-packages/torch/distributed/fsdp/_fully_shard/_fsdp_state.py:336: UserWarning: FSDP2-wrapped module (FSDPCheckpointWrapper) returned a view tensor. An in-place op on this view (e.g., `x += y`) will silently drop the pre-backward hook and skip the all-gather, which can cause backward to fail or produce wrong gradients. Use out-of-place ops (`out = out + y`, not `out += y`) or `.clone()` the output before any in-place op.
  output = self._register_pre_backward_hook(output)
/workspace/venv_pp/lib/python3.12/site-packages/torch/distributed/fsdp/_fully_shard/_fsdp_state.py:336: UserWarning: FSDP2-wrapped module (FSDPCheckpointWrapper) returned a view tensor. An in-place op on this view (e.g., `x += y`) will silently drop the pre-backward hook and skip the all-gather, which can cause backward to fail or produce wrong gradients. Use out-of-place ops (`out = out + y`, not `out += y`) or `.clone()` the output before any in-place op.
  output = self._register_pre_backward_hook(output)
/workspace/venv_pp/lib/python3.12/site-packages/torch/distributed/fsdp/_fully_shard/_fsdp_state.py:336: UserWarning: FSDP2-wrapped module (FSDPCheckpointWrapper) returned a view tensor. An in-place op on this view (e.g., `x += y`) will silently drop the pre-backward hook and skip the all-gather, which can cause backward to fail or produce wrong gradients. Use out-of-place ops (`out = out + y`, not `out += y`) or `.clone()` the output before any in-place op.
  output = self._register_pre_backward_hook(output)
/workspace/venv_pp/lib/python3.12/site-packages/torch/distributed/fsdp/_fully_shard/_fsdp_state.py:336: UserWarning: FSDP2-wrapped module (FSDPCheckpointWrapper) returned a view tensor. An in-place op on this view (e.g., `x += y`) will silently drop the pre-backward hook and skip the all-gather, which can cause backward to fail or produce wrong gradients. Use out-of-place ops (`out = out + y`, not `out += y`) or `.clone()` the output before any in-place op.
  output = self._register_pre_backward_hook(output)
[titan] 2026-09-13 08:15:57,983 - root - INFO - [31mstep:  1  [32mloss: -2.00000  [38;2;180;60;0mgrad_norm: 17.7500  [38;2;54;234;195mmemory:  5.52GiB(6.98%)  [34mtps: 4  [36mtflops: 0.01  [35mmfu: 0.00%[39m
[titan] 2026-09-13 08:15:57,983 - root - INFO - [31mstep:  1  [32mloss: -2.00000  [38;2;180;60;0mgrad_norm: 17.7500  [38;2;54;234;195mmemory:  5.52GiB(6.98%)  [34mtps: 4  [36mtflops: 0.01  [35mmfu: 0.00%[39m
[titan] 2026-09-13 08:15:57,984 - root - INFO - Synchronizing and adjusting timeout for all ProcessGroups to 0:01:40
[titan] 2026-09-13 08:15:57,984 - root - INFO - Synchronizing and adjusting timeout for all ProcessGroups to 0:01:40
[titan] 2026-09-13 08:15:58,025 - root - INFO - [31mstep:  1  [32mloss: 12.56102  [38;2;180;60;0mgrad_norm: 17.7500  [38;2;54;234;195mmemory:  6.66GiB(8.41%)  [34mtps: 4  [36mtflops: 0.01  [35mmfu: 0.00%[39m
[titan] 2026-09-13 08:15:58,025 - root - INFO - [31mstep:  1  [32mloss: 12.56102  [38;2;180;60;0mgrad_norm: 17.7500  [38;2;54;234;195mmemory:  6.66GiB(8.41%)  [34mtps: 4  [36mtflops: 0.01  [35mmfu: 0.00%[39m
[titan] 2026-09-13 08:15:58,026 - root - INFO - Synchronizing and adjusting timeout for all ProcessGroups to 0:01:40
[titan] 2026-09-13 08:15:58,026 - root - INFO - Synchronizing and adjusting timeout for all ProcessGroups to 0:01:40
[titan] 2026-09-13 08:15:59,314 - root - INFO - [31mstep:  2  [32mloss: -2.00000  [38;2;180;60;0mgrad_norm: 17.3750  [38;2;54;234;195mmemory:  6.25GiB(7.89%)  [34mtps: 96  [36mtflops: 0.34  [35mmfu: 0.04%[39m
[titan] 2026-09-13 08:15:59,314 - root - INFO - [31mstep:  2  [32mloss: -2.00000  [38;2;180;60;0mgrad_norm: 17.3750  [38;2;54;234;195mmemory:  6.25GiB(7.89%)  [34mtps: 96  [36mtflops: 0.34  [35mmfu: 0.04%[39m
[titan] 2026-09-13 08:15:59,314 - root - INFO - [31mstep:  2  [32mloss: 10.09147  [38;2;180;60;0mgrad_norm: 17.3750  [38;2;54;234;195mmemory:  7.37GiB(9.31%)  [34mtps: 99  [36mtflops: 0.35  [35mmfu: 0.05%[39m
[titan] 2026-09-13 08:15:59,315 - root - INFO - [31mstep:  2  [32mloss: 10.09147  [38;2;180;60;0mgrad_norm: 17.3750  [38;2;54;234;195mmemory:  7.37GiB(9.31%)  [34mtps: 99  [36mtflops: 0.35  [35mmfu: 0.05%[39m
[titan] 2026-09-13 08:16:00,581 - root - INFO - [31mstep:  3  [32mloss: -2.00000  [38;2;180;60;0mgrad_norm: 15.4375  [38;2;54;234;195mmemory:  6.25GiB(7.89%)  [34mtps: 101  [36mtflops: 0.35  [35mmfu: 0.05%[39m
[titan] 2026-09-13 08:16:00,581 - root - INFO - [31mstep:  3  [32mloss: -2.00000  [38;2;180;60;0mgrad_norm: 15.4375  [38;2;54;234;195mmemory:  6.25GiB(7.89%)  [34mtps: 101  [36mtflops: 0.35  [35mmfu: 0.05%[39m
[titan] 2026-09-13 08:16:00,581 - root - INFO - [31mstep:  3  [32mloss:  8.56778  [38;2;180;60;0mgrad_norm: 15.4375  [38;2;54;234;195mmemory:  8.00GiB(10.10%)  [34mtps: 101  [36mtflops: 0.35  [35mmfu: 0.05%[39m
[titan] 2026-09-13 08:16:00,581 - root - INFO - [31mstep:  3  [32mloss:  8.56778  [38;2;180;60;0mgrad_norm: 15.4375  [38;2;54;234;195mmemory:  8.00GiB(10.10%)  [34mtps: 101  [36mtflops: 0.35  [35mmfu: 0.05%[39m
[titan] 2026-09-13 08:16:01,851 - root - INFO - [31mstep:  4  [32mloss: -2.00000  [38;2;180;60;0mgrad_norm: 10.0000  [38;2;54;234;195mmemory:  6.25GiB(7.89%)  [34mtps: 101  [36mtflops: 0.35  [35mmfu: 0.05%[39m
[titan] 2026-09-13 08:16:01,851 - root - INFO - [31mstep:  4  [32mloss: -2.00000  [38;2;180;60;0mgrad_norm: 10.0000  [38;2;54;234;195mmemory:  6.25GiB(7.89%)  [34mtps: 101  [36mtflops: 0.35  [35mmfu: 0.05%[39m
[titan] 2026-09-13 08:16:01,851 - root - INFO - [31mstep:  4  [32mloss:  7.63433  [38;2;180;60;0mgrad_norm: 10.0000  [38;2;54;234;195mmemory:  8.00GiB(10.10%)  [34mtps: 101  [36mtflops: 0.35  [35mmfu: 0.05%[39m
[titan] 2026-09-13 08:16:01,851 - root - INFO - [31mstep:  4  [32mloss:  7.63433  [38;2;180;60;0mgrad_norm: 10.0000  [38;2;54;234;195mmemory:  8.00GiB(10.10%)  [34mtps: 101  [36mtflops: 0.35  [35mmfu: 0.05%[39m
[titan] 2026-09-13 08:16:03,130 - root - INFO - [31mstep:  5  [32mloss: -2.00000  [38;2;180;60;0mgrad_norm:  7.0625  [38;2;54;234;195mmemory:  6.25GiB(7.89%)  [34mtps: 100  [36mtflops: 0.35  [35mmfu: 0.05%[39m
[titan] 2026-09-13 08:16:03,130 - root - INFO - [31mstep:  5  [32mloss: -2.00000  [38;2;180;60;0mgrad_norm:  7.0625  [38;2;54;234;195mmemory:  6.25GiB(7.89%)  [34mtps: 100  [36mtflops: 0.35  [35mmfu: 0.05%[39m
[titan] 2026-09-13 08:16:03,130 - root - INFO - [31mstep:  5  [32mloss:  5.78772  [38;2;180;60;0mgrad_norm:  7.0625  [38;2;54;234;195mmemory:  8.00GiB(10.10%)  [34mtps: 100  [36mtflops: 0.35  [35mmfu: 0.05%[39m
[titan] 2026-09-13 08:16:03,130 - root - INFO - [31mstep:  5  [32mloss:  5.78772  [38;2;180;60;0mgrad_norm:  7.0625  [38;2;54;234;195mmemory:  8.00GiB(10.10%)  [34mtps: 100  [36mtflops: 0.35  [35mmfu: 0.05%[39m
[titan] 2026-09-13 08:16:04,405 - root - INFO - [31mstep:  6  [32mloss: -2.00000  [38;2;180;60;0mgrad_norm:  7.0312  [38;2;54;234;195mmemory:  6.25GiB(7.89%)  [34mtps: 100  [36mtflops: 0.35  [35mmfu: 0.05%[39m
[titan] 2026-09-13 08:16:04,405 - root - INFO - [31mstep:  6  [32mloss: -2.00000  [38;2;180;60;0mgrad_norm:  7.0312  [38;2;54;234;195mmemory:  6.25GiB(7.89%)  [34mtps: 100  [36mtflops: 0.35  [35mmfu: 0.05%[39m
[titan] 2026-09-13 08:16:04,405 - root - INFO - [31mstep:  6  [32mloss:  5.20577  [38;2;180;60;0mgrad_norm:  7.0312  [38;2;54;234;195mmemory:  8.00GiB(10.10%)  [34mtps: 100  [36mtflops: 0.35  [35mmfu: 0.05%[39m
[titan] 2026-09-13 08:16:04,405 - root - INFO - [31mstep:  6  [32mloss:  5.20577  [38;2;180;60;0mgrad_norm:  7.0312  [38;2;54;234;195mmemory:  8.00GiB(10.10%)  [34mtps: 100  [36mtflops: 0.35  [35mmfu: 0.05%[39m
[titan] 2026-09-13 08:16:05,673 - root - INFO - [31mstep:  7  [32mloss: -2.00000  [38;2;180;60;0mgrad_norm:  7.8125  [38;2;54;234;195mmemory:  6.25GiB(7.89%)  [34mtps: 101  [36mtflops: 0.35  [35mmfu: 0.05%[39m
[titan] 2026-09-13 08:16:05,673 - root - INFO - [31mstep:  7  [32mloss: -2.00000  [38;2;180;60;0mgrad_norm:  7.8125  [38;2;54;234;195mmemory:  6.25GiB(7.89%)  [34mtps: 101  [36mtflops: 0.35  [35mmfu: 0.05%[39m
[titan] 2026-09-13 08:16:05,673 - root - INFO - [31mstep:  7  [32mloss:  4.79711  [38;2;180;60;0mgrad_norm:  7.8125  [38;2;54;234;195mmemory:  8.00GiB(10.10%)  [34mtps: 101  [36mtflops: 0.35  [35mmfu: 0.05%[39m
[titan] 2026-09-13 08:16:05,673 - root - INFO - [31mstep:  7  [32mloss:  4.79711  [38;2;180;60;0mgrad_norm:  7.8125  [38;2;54;234;195mmemory:  8.00GiB(10.10%)  [34mtps: 101  [36mtflops: 0.35  [35mmfu: 0.05%[39m
[titan] 2026-09-13 08:16:06,941 - root - INFO - [31mstep:  8  [32mloss: -2.00000  [38;2;180;60;0mgrad_norm:  5.5938  [38;2;54;234;195mmemory:  6.25GiB(7.89%)  [34mtps: 101  [36mtflops: 0.35  [35mmfu: 0.05%[39m
[titan] 2026-09-13 08:16:06,941 - root - INFO - [31mstep:  8  [32mloss: -2.00000  [38;2;180;60;0mgrad_norm:  5.5938  [38;2;54;234;195mmemory:  6.25GiB(7.89%)  [34mtps: 101  [36mtflops: 0.35  [35mmfu: 0.05%[39m
[titan] 2026-09-13 08:16:06,941 - root - INFO - [31mstep:  8  [32mloss:  4.02516  [38;2;180;60;0mgrad_norm:  5.5938  [38;2;54;234;195mmemory:  8.00GiB(10.10%)  [34mtps: 101  [36mtflops: 0.35  [35mmfu: 0.05%[39m
[titan] 2026-09-13 08:16:06,941 - root - INFO - [31mstep:  8  [32mloss:  4.02516  [38;2;180;60;0mgrad_norm:  5.5938  [38;2;54;234;195mmemory:  8.00GiB(10.10%)  [34mtps: 101  [36mtflops: 0.35  [35mmfu: 0.05%[39m
[titan] 2026-09-13 08:16:08,211 - root - INFO - [31mstep:  9  [32mloss: -2.00000  [38;2;180;60;0mgrad_norm:  4.4688  [38;2;54;234;195mmemory:  6.25GiB(7.89%)  [34mtps: 101  [36mtflops: 0.35  [35mmfu: 0.05%[39m
[titan] 2026-09-13 08:16:08,212 - root - INFO - [31mstep:  9  [32mloss: -2.00000  [38;2;180;60;0mgrad_norm:  4.4688  [38;2;54;234;195mmemory:  6.25GiB(7.89%)  [34mtps: 101  [36mtflops: 0.35  [35mmfu: 0.05%[39m
[titan] 2026-09-13 08:16:08,212 - root - INFO - [31mstep:  9  [32mloss:  3.72378  [38;2;180;60;0mgrad_norm:  4.4688  [38;2;54;234;195mmemory:  8.00GiB(10.10%)  [34mtps: 101  [36mtflops: 0.35  [35mmfu: 0.05%[39m
[titan] 2026-09-13 08:16:08,212 - root - INFO - [31mstep:  9  [32mloss:  3.72378  [38;2;180;60;0mgrad_norm:  4.4688  [38;2;54;234;195mmemory:  8.00GiB(10.10%)  [34mtps: 101  [36mtflops: 0.35  [35mmfu: 0.05%[39m
[titan] 2026-09-13 08:16:09,483 - root - INFO - [31mstep: 10  [32mloss: -2.00000  [38;2;180;60;0mgrad_norm:  4.0000  [38;2;54;234;195mmemory:  6.25GiB(7.89%)  [34mtps: 101  [36mtflops: 0.35  [35mmfu: 0.05%[39m
[titan] 2026-09-13 08:16:09,483 - root - INFO - [31mstep: 10  [32mloss:  3.39666  [38;2;180;60;0mgrad_norm:  4.0000  [38;2;54;234;195mmemory:  8.00GiB(10.10%)  [34mtps: 101  [36mtflops: 0.35  [35mmfu: 0.05%[39m
[titan] 2026-09-13 08:16:09,483 - root - INFO - [31mstep: 10  [32mloss: -2.00000  [38;2;180;60;0mgrad_norm:  4.0000  [38;2;54;234;195mmemory:  6.25GiB(7.89%)  [34mtps: 101  [36mtflops: 0.35  [35mmfu: 0.05%[39m
[titan] 2026-09-13 08:16:09,484 - root - INFO - [31mstep: 10  [32mloss:  3.39666  [38;2;180;60;0mgrad_norm:  4.0000  [38;2;54;234;195mmemory:  8.00GiB(10.10%)  [34mtps: 101  [36mtflops: 0.35  [35mmfu: 0.05%[39m
[titan] 2026-09-13 08:16:10,762 - root - INFO - [31mstep: 11  [32mloss: -2.00000  [38;2;180;60;0mgrad_norm:  6.0000  [38;2;54;234;195mmemory:  6.25GiB(7.89%)  [34mtps: 100  [36mtflops: 0.35  [35mmfu: 0.05%[39m
[titan] 2026-09-13 08:16:10,762 - root - INFO - [31mstep: 11  [32mloss: -2.00000  [38;2;180;60;0mgrad_norm:  6.0000  [38;2;54;234;195mmemory:  6.25GiB(7.89%)  [34mtps: 100  [36mtflops: 0.35  [35mmfu: 0.05%[39m
[titan] 2026-09-13 08:16:10,763 - root - INFO - [31mstep: 11  [32mloss:  3.92881  [38;2;180;60;0mgrad_norm:  6.0000  [38;2;54;234;195mmemory:  8.00GiB(10.10%)  [34mtps: 100  [36mtflops: 0.35  [35mmfu: 0.05%[39m
[titan] 2026-09-13 08:16:10,763 - root - INFO - [31mstep: 11  [32mloss:  3.92881  [38;2;180;60;0mgrad_norm:  6.0000  [38;2;54;234;195mmemory:  8.00GiB(10.10%)  [34mtps: 100  [36mtflops: 0.35  [35mmfu: 0.05%[39m
[titan] 2026-09-13 08:16:12,034 - root - INFO - [31mstep: 12  [32mloss: -2.00000  [38;2;180;60;0mgrad_norm:  3.3906  [38;2;54;234;195mmemory:  6.25GiB(7.89%)  [34mtps: 101  [36mtflops: 0.35  [35mmfu: 0.05%[39m
[titan] 2026-09-13 08:16:12,034 - root - INFO - [31mstep: 12  [32mloss: -2.00000  [38;2;180;60;0mgrad_norm:  3.3906  [38;2;54;234;195mmemory:  6.25GiB(7.89%)  [34mtps: 101  [36mtflops: 0.35  [35mmfu: 0.05%[39m
[titan] 2026-09-13 08:16:12,035 - root - INFO - [31mstep: 12  [32mloss:  3.54665  [38;2;180;60;0mgrad_norm:  3.3906  [38;2;54;234;195mmemory:  8.00GiB(10.10%)  [34mtps: 101  [36mtflops: 0.35  [35mmfu: 0.05%[39m
[titan] 2026-09-13 08:16:12,035 - root - INFO - [31mstep: 12  [32mloss:  3.54665  [38;2;180;60;0mgrad_norm:  3.3906  [38;2;54;234;195mmemory:  8.00GiB(10.10%)  [34mtps: 101  [36mtflops: 0.35  [35mmfu: 0.05%[39m
[titan] 2026-09-13 08:16:13,302 - root - INFO - [31mstep: 13  [32mloss: -2.00000  [38;2;180;60;0mgrad_norm:  4.6562  [38;2;54;234;195mmemory:  6.25GiB(7.89%)  [34mtps: 101  [36mtflops: 0.35  [35mmfu: 0.05%[39m
[titan] 2026-09-13 08:16:13,302 - root - INFO - [31mstep: 13  [32mloss: -2.00000  [38;2;180;60;0mgrad_norm:  4.6562  [38;2;54;234;195mmemory:  6.25GiB(7.89%)  [34mtps: 101  [36mtflops: 0.35  [35mmfu: 0.05%[39m
[titan] 2026-09-13 08:16:13,302 - root - INFO - [31mstep: 13  [32mloss:  3.08349  [38;2;180;60;0mgrad_norm:  4.6562  [38;2;54;234;195mmemory:  8.00GiB(10.10%)  [34mtps: 101  [36mtflops: 0.35  [35mmfu: 0.05%[39m
[titan] 2026-09-13 08:16:13,302 - root - INFO - [31mstep: 13  [32mloss:  3.08349  [38;2;180;60;0mgrad_norm:  4.6562  [38;2;54;234;195mmemory:  8.00GiB(10.10%)  [34mtps: 101  [36mtflops: 0.35  [35mmfu: 0.05%[39m
[titan] 2026-09-13 08:16:14,567 - root - INFO - [31mstep: 14  [32mloss: -2.00000  [38;2;180;60;0mgrad_norm:  3.9844  [38;2;54;234;195mmemory:  6.25GiB(7.89%)  [34mtps: 101  [36mtflops: 0.35  [35mmfu: 0.05%[39m
[titan] 2026-09-13 08:16:14,567 - root - INFO - [31mstep: 14  [32mloss: -2.00000  [38;2;180;60;0mgrad_norm:  3.9844  [38;2;54;234;195mmemory:  6.25GiB(7.89%)  [34mtps: 101  [36mtflops: 0.35  [35mmfu: 0.05%[39m
[titan] 2026-09-13 08:16:14,567 - root - INFO - [31mstep: 14  [32mloss:  3.32677  [38;2;180;60;0mgrad_norm:  3.9844  [38;2;54;234;195mmemory:  8.00GiB(10.10%)  [34mtps: 101  [36mtflops: 0.35  [35mmfu: 0.05%[39m
[titan] 2026-09-13 08:16:14,567 - root - INFO - [31mstep: 14  [32mloss:  3.32677  [38;2;180;60;0mgrad_norm:  3.9844  [38;2;54;234;195mmemory:  8.00GiB(10.10%)  [34mtps: 101  [36mtflops: 0.35  [35mmfu: 0.05%[39m
[titan] 2026-09-13 08:16:15,836 - root - INFO - [31mstep: 15  [32mloss: -2.00000  [38;2;180;60;0mgrad_norm:  3.1406  [38;2;54;234;195mmemory:  6.25GiB(7.89%)  [34mtps: 101  [36mtflops: 0.35  [35mmfu: 0.05%[39m
[titan] 2026-09-13 08:16:15,836 - root - INFO - [31mstep: 15  [32mloss: -2.00000  [38;2;180;60;0mgrad_norm:  3.1406  [38;2;54;234;195mmemory:  6.25GiB(7.89%)  [34mtps: 101  [36mtflops: 0.35  [35mmfu: 0.05%[39m
[titan] 2026-09-13 08:16:15,837 - root - INFO - [31mstep: 15  [32mloss:  3.05321  [38;2;180;60;0mgrad_norm:  3.1406  [38;2;54;234;195mmemory:  8.00GiB(10.10%)  [34mtps: 101  [36mtflops: 0.35  [35mmfu: 0.05%[39m
[titan] 2026-09-13 08:16:15,837 - root - INFO - [31mstep: 15  [32mloss:  3.05321  [38;2;180;60;0mgrad_norm:  3.1406  [38;2;54;234;195mmemory:  8.00GiB(10.10%)  [34mtps: 101  [36mtflops: 0.35  [35mmfu: 0.05%[39m
[titan] 2026-09-13 08:16:17,111 - root - INFO - [31mstep: 16  [32mloss: -2.00000  [38;2;180;60;0mgrad_norm:  2.6250  [38;2;54;234;195mmemory:  6.25GiB(7.89%)  [34mtps: 100  [36mtflops: 0.35  [35mmfu: 0.05%[39m
[titan] 2026-09-13 08:16:17,111 - root - INFO - [31mstep: 16  [32mloss: -2.00000  [38;2;180;60;0mgrad_norm:  2.6250  [38;2;54;234;195mmemory:  6.25GiB(7.89%)  [34mtps: 100  [36mtflops: 0.35  [35mmfu: 0.05%[39m
[titan] 2026-09-13 08:16:17,112 - root - INFO - [31mstep: 16  [32mloss:  3.15051  [38;2;180;60;0mgrad_norm:  2.6250  [38;2;54;234;195mmemory:  8.00GiB(10.10%)  [34mtps: 100  [36mtflops: 0.35  [35mmfu: 0.05%[39m
[titan] 2026-09-13 08:16:17,112 - root - INFO - [31mstep: 16  [32mloss:  3.15051  [38;2;180;60;0mgrad_norm:  2.6250  [38;2;54;234;195mmemory:  8.00GiB(10.10%)  [34mtps: 100  [36mtflops: 0.35  [35mmfu: 0.05%[39m
[titan] 2026-09-13 08:16:18,391 - root - INFO - [31mstep: 17  [32mloss: -2.00000  [38;2;180;60;0mgrad_norm:  3.0625  [38;2;54;234;195mmemory:  6.25GiB(7.89%)  [34mtps: 100  [36mtflops: 0.35  [35mmfu: 0.05%[39m
[titan] 2026-09-13 08:16:18,391 - root - INFO - [31mstep: 17  [32mloss: -2.00000  [38;2;180;60;0mgrad_norm:  3.0625  [38;2;54;234;195mmemory:  6.25GiB(7.89%)  [34mtps: 100  [36mtflops: 0.35  [35mmfu: 0.05%[39m
[titan] 2026-09-13 08:16:18,391 - root - INFO - [31mstep: 17  [32mloss:  3.00407  [38;2;180;60;0mgrad_norm:  3.0625  [38;2;54;234;195mmemory:  8.00GiB(10.10%)  [34mtps: 100  [36mtflops: 0.35  [35mmfu: 0.05%[39m
[titan] 2026-09-13 08:16:18,392 - root - INFO - [31mstep: 17  [32mloss:  3.00407  [38;2;180;60;0mgrad_norm:  3.0625  [38;2;54;234;195mmemory:  8.00GiB(10.10%)  [34mtps: 100  [36mtflops: 0.35  [35mmfu: 0.05%[39m
[titan] 2026-09-13 08:16:19,663 - root - INFO - [31mstep: 18  [32mloss: -2.00000  [38;2;180;60;0mgrad_norm:  2.9844  [38;2;54;234;195mmemory:  6.25GiB(7.89%)  [34mtps: 101  [36mtflops: 0.35  [35mmfu: 0.05%[39m
[titan] 2026-09-13 08:16:19,663 - root - INFO - [31mstep: 18  [32mloss: -2.00000  [38;2;180;60;0mgrad_norm:  2.9844  [38;2;54;234;195mmemory:  6.25GiB(7.89%)  [34mtps: 101  [36mtflops: 0.35  [35mmfu: 0.05%[39m
[titan] 2026-09-13 08:16:19,663 - root - INFO - [31mstep: 18  [32mloss:  3.17429  [38;2;180;60;0mgrad_norm:  2.9844  [38;2;54;234;195mmemory:  8.00GiB(10.10%)  [34mtps: 101  [36mtflops: 0.35  [35mmfu: 0.05%[39m
[titan] 2026-09-13 08:16:19,664 - root - INFO - [31mstep: 18  [32mloss:  3.17429  [38;2;180;60;0mgrad_norm:  2.9844  [38;2;54;234;195mmemory:  8.00GiB(10.10%)  [34mtps: 101  [36mtflops: 0.35  [35mmfu: 0.05%[39m
[titan] 2026-09-13 08:16:20,939 - root - INFO - [31mstep: 19  [32mloss: -2.00000  [38;2;180;60;0mgrad_norm:  1.7500  [38;2;54;234;195mmemory:  6.25GiB(7.89%)  [34mtps: 100  [36mtflops: 0.35  [35mmfu: 0.05%[39m
[titan] 2026-09-13 08:16:20,939 - root - INFO - [31mstep: 19  [32mloss: -2.00000  [38;2;180;60;0mgrad_norm:  1.7500  [38;2;54;234;195mmemory:  6.25GiB(7.89%)  [34mtps: 100  [36mtflops: 0.35  [35mmfu: 0.05%[39m
[titan] 2026-09-13 08:16:20,940 - root - INFO - [31mstep: 19  [32mloss:  3.24376  [38;2;180;60;0mgrad_norm:  1.7500  [38;2;54;234;195mmemory:  8.00GiB(10.10%)  [34mtps: 100  [36mtflops: 0.35  [35mmfu: 0.05%[39m
[titan] 2026-09-13 08:16:20,940 - root - INFO - [31mstep: 19  [32mloss:  3.24376  [38;2;180;60;0mgrad_norm:  1.7500  [38;2;54;234;195mmemory:  8.00GiB(10.10%)  [34mtps: 100  [36mtflops: 0.35  [35mmfu: 0.05%[39m
[titan] 2026-09-13 08:16:22,215 - root - INFO - [31mstep: 20  [32mloss: -2.00000  [38;2;180;60;0mgrad_norm:  2.8125  [38;2;54;234;195mmemory:  6.25GiB(7.89%)  [34mtps: 100  [36mtflops: 0.35  [35mmfu: 0.05%[39m
[titan] 2026-09-13 08:16:22,215 - root - INFO - [31mstep: 20  [32mloss: -2.00000  [38;2;180;60;0mgrad_norm:  2.8125  [38;2;54;234;195mmemory:  6.25GiB(7.89%)  [34mtps: 100  [36mtflops: 0.35  [35mmfu: 0.05%[39m
[titan] 2026-09-13 08:16:22,215 - root - INFO - [31mstep: 20  [32mloss:  3.10138  [38;2;180;60;0mgrad_norm:  2.8125  [38;2;54;234;195mmemory:  8.00GiB(10.10%)  [34mtps: 100  [36mtflops: 0.35  [35mmfu: 0.05%[39m
[titan] 2026-09-13 08:16:22,216 - root - INFO - [31mstep: 20  [32mloss:  3.10138  [38;2;180;60;0mgrad_norm:  2.8125  [38;2;54;234;195mmemory:  8.00GiB(10.10%)  [34mtps: 100  [36mtflops: 0.35  [35mmfu: 0.05%[39m
[titan] 2026-09-13 08:16:23,497 - root - INFO - [31mstep: 21  [32mloss: -2.00000  [38;2;180;60;0mgrad_norm:  2.6562  [38;2;54;234;195mmemory:  6.25GiB(7.89%)  [34mtps: 100  [36mtflops: 0.35  [35mmfu: 0.05%[39m
[titan] 2026-09-13 08:16:23,497 - root - INFO - [31mstep: 21  [32mloss: -2.00000  [38;2;180;60;0mgrad_norm:  2.6562  [38;2;54;234;195mmemory:  6.25GiB(7.89%)  [34mtps: 100  [36mtflops: 0.35  [35mmfu: 0.05%[39m
[titan] 2026-09-13 08:16:23,497 - root - INFO - [31mstep: 21  [32mloss:  3.08310  [38;2;180;60;0mgrad_norm:  2.6562  [38;2;54;234;195mmemory:  8.00GiB(10.10%)  [34mtps: 100  [36mtflops: 0.35  [35mmfu: 0.05%[39m
[titan] 2026-09-13 08:16:23,497 - root - INFO - [31mstep: 21  [32mloss:  3.08310  [38;2;180;60;0mgrad_norm:  2.6562  [38;2;54;234;195mmemory:  8.00GiB(10.10%)  [34mtps: 100  [36mtflops: 0.35  [35mmfu: 0.05%[39m
[titan] 2026-09-13 08:16:24,777 - root - INFO - [31mstep: 22  [32mloss: -2.00000  [38;2;180;60;0mgrad_norm:  3.1562  [38;2;54;234;195mmemory:  6.25GiB(7.89%)  [34mtps: 100  [36mtflops: 0.35  [35mmfu: 0.05%[39m
[titan] 2026-09-13 08:16:24,777 - root - INFO - [31mstep: 22  [32mloss: -2.00000  [38;2;180;60;0mgrad_norm:  3.1562  [38;2;54;234;195mmemory:  6.25GiB(7.89%)  [34mtps: 100  [36mtflops: 0.35  [35mmfu: 0.05%[39m
[titan] 2026-09-13 08:16:24,778 - root - INFO - [31mstep: 22  [32mloss:  3.02303  [38;2;180;60;0mgrad_norm:  3.1562  [38;2;54;234;195mmemory:  8.00GiB(10.10%)  [34mtps: 100  [36mtflops: 0.35  [35mmfu: 0.05%[39m
[titan] 2026-09-13 08:16:24,778 - root - INFO - [31mstep: 22  [32mloss:  3.02303  [38;2;180;60;0mgrad_norm:  3.1562  [38;2;54;234;195mmemory:  8.00GiB(10.10%)  [34mtps: 100  [36mtflops: 0.35  [35mmfu: 0.05%[39m
[titan] 2026-09-13 08:16:26,055 - root - INFO - [31mstep: 23  [32mloss: -2.00000  [38;2;180;60;0mgrad_norm:  2.6562  [38;2;54;234;195mmemory:  6.25GiB(7.89%)  [34mtps: 100  [36mtflops: 0.35  [35mmfu: 0.05%[39m
[titan] 2026-09-13 08:16:26,055 - root - INFO - [31mstep: 23  [32mloss: -2.00000  [38;2;180;60;0mgrad_norm:  2.6562  [38;2;54;234;195mmemory:  6.25GiB(7.89%)  [34mtps: 100  [36mtflops: 0.35  [35mmfu: 0.05%[39m
[titan] 2026-09-13 08:16:26,055 - root - INFO - [31mstep: 23  [32mloss:  2.92673  [38;2;180;60;0mgrad_norm:  2.6562  [38;2;54;234;195mmemory:  8.00GiB(10.10%)  [34mtps: 100  [36mtflops: 0.35  [35mmfu: 0.05%[39m
[titan] 2026-09-13 08:16:26,055 - root - INFO - [31mstep: 23  [32mloss:  2.92673  [38;2;180;60;0mgrad_norm:  2.6562  [38;2;54;234;195mmemory:  8.00GiB(10.10%)  [34mtps: 100  [36mtflops: 0.35  [35mmfu: 0.05%[39m
[titan] 2026-09-13 08:16:27,326 - root - INFO - [31mstep: 24  [32mloss: -2.00000  [38;2;180;60;0mgrad_norm:  2.7656  [38;2;54;234;195mmemory:  6.25GiB(7.89%)  [34mtps: 101  [36mtflops: 0.35  [35mmfu: 0.05%[39m
[titan] 2026-09-13 08:16:27,326 - root - INFO - [31mstep: 24  [32mloss: -2.00000  [38;2;180;60;0mgrad_norm:  2.7656  [38;2;54;234;195mmemory:  6.25GiB(7.89%)  [34mtps: 101  [36mtflops: 0.35  [35mmfu: 0.05%[39m
[titan] 2026-09-13 08:16:27,326 - root - INFO - [31mstep: 24  [32mloss:  3.05607  [38;2;180;60;0mgrad_norm:  2.7656  [38;2;54;234;195mmemory:  8.00GiB(10.10%)  [34mtps: 101  [36mtflops: 0.35  [35mmfu: 0.05%[39m
[titan] 2026-09-13 08:16:27,326 - root - INFO - [31mstep: 24  [32mloss:  3.05607  [38;2;180;60;0mgrad_norm:  2.7656  [38;2;54;234;195mmemory:  8.00GiB(10.10%)  [34mtps: 101  [36mtflops: 0.35  [35mmfu: 0.05%[39m
[titan] 2026-09-13 08:16:28,593 - root - INFO - [31mstep: 25  [32mloss: -2.00000  [38;2;180;60;0mgrad_norm:  3.5156  [38;2;54;234;195mmemory:  6.25GiB(7.89%)  [34mtps: 101  [36mtflops: 0.35  [35mmfu: 0.05%[39m
[titan] 2026-09-13 08:16:28,593 - root - INFO - [31mstep: 25  [32mloss: -2.00000  [38;2;180;60;0mgrad_norm:  3.5156  [38;2;54;234;195mmemory:  6.25GiB(7.89%)  [34mtps: 101  [36mtflops: 0.35  [35mmfu: 0.05%[39m
[titan] 2026-09-13 08:16:28,594 - root - INFO - [31mstep: 25  [32mloss:  3.37802  [38;2;180;60;0mgrad_norm:  3.5156  [38;2;54;234;195mmemory:  8.00GiB(10.10%)  [34mtps: 101  [36mtflops: 0.35  [35mmfu: 0.05%[39m
[titan] 2026-09-13 08:16:28,594 - root - INFO - [31mstep: 25  [32mloss:  3.37802  [38;2;180;60;0mgrad_norm:  3.5156  [38;2;54;234;195mmemory:  8.00GiB(10.10%)  [34mtps: 101  [36mtflops: 0.35  [35mmfu: 0.05%[39m
[titan] 2026-09-13 08:16:29,870 - root - INFO - [31mstep: 26  [32mloss: -2.00000  [38;2;180;60;0mgrad_norm:  2.7031  [38;2;54;234;195mmemory:  6.25GiB(7.89%)  [34mtps: 100  [36mtflops: 0.35  [35mmfu: 0.05%[39m
[titan] 2026-09-13 08:16:29,870 - root - INFO - [31mstep: 26  [32mloss: -2.00000  [38;2;180;60;0mgrad_norm:  2.7031  [38;2;54;234;195mmemory:  6.25GiB(7.89%)  [34mtps: 100  [36mtflops: 0.35  [35mmfu: 0.05%[39m
[titan] 2026-09-13 08:16:29,870 - root - INFO - [31mstep: 26  [32mloss:  2.89443  [38;2;180;60;0mgrad_norm:  2.7031  [38;2;54;234;195mmemory:  8.00GiB(10.10%)  [34mtps: 100  [36mtflops: 0.35  [35mmfu: 0.05%[39m
[titan] 2026-09-13 08:16:29,870 - root - INFO - [31mstep: 26  [32mloss:  2.89443  [38;2;180;60;0mgrad_norm:  2.7031  [38;2;54;234;195mmemory:  8.00GiB(10.10%)  [34mtps: 100  [36mtflops: 0.35  [35mmfu: 0.05%[39m
[titan] 2026-09-13 08:16:31,149 - root - INFO - [31mstep: 27  [32mloss: -2.00000  [38;2;180;60;0mgrad_norm:  2.1562  [38;2;54;234;195mmemory:  6.25GiB(7.89%)  [34mtps: 100  [36mtflops: 0.35  [35mmfu: 0.05%[39m
[titan] 2026-09-13 08:16:31,149 - root - INFO - [31mstep: 27  [32mloss: -2.00000  [38;2;180;60;0mgrad_norm:  2.1562  [38;2;54;234;195mmemory:  6.25GiB(7.89%)  [34mtps: 100  [36mtflops: 0.35  [35mmfu: 0.05%[39m
[titan] 2026-09-13 08:16:31,149 - root - INFO - [31mstep: 27  [32mloss:  3.01813  [38;2;180;60;0mgrad_norm:  2.1562  [38;2;54;234;195mmemory:  8.00GiB(10.10%)  [34mtps: 100  [36mtflops: 0.35  [35mmfu: 0.05%[39m
[titan] 2026-09-13 08:16:31,149 - root - INFO - [31mstep: 27  [32mloss:  3.01813  [38;2;180;60;0mgrad_norm:  2.1562  [38;2;54;234;195mmemory:  8.00GiB(10.10%)  [34mtps: 100  [36mtflops: 0.35  [35mmfu: 0.05%[39m
[titan] 2026-09-13 08:16:32,432 - root - INFO - [31mstep: 28  [32mloss: -2.00000  [38;2;180;60;0mgrad_norm:  2.6406  [38;2;54;234;195mmemory:  6.25GiB(7.89%)  [34mtps: 100  [36mtflops: 0.35  [35mmfu: 0.05%[39m
[titan] 2026-09-13 08:16:32,433 - root - INFO - [31mstep: 28  [32mloss: -2.00000  [38;2;180;60;0mgrad_norm:  2.6406  [38;2;54;234;195mmemory:  6.25GiB(7.89%)  [34mtps: 100  [36mtflops: 0.35  [35mmfu: 0.05%[39m
[titan] 2026-09-13 08:16:32,434 - root - INFO - [31mstep: 28  [32mloss:  3.06053  [38;2;180;60;0mgrad_norm:  2.6406  [38;2;54;234;195mmemory:  8.00GiB(10.10%)  [34mtps: 100  [36mtflops: 0.35  [35mmfu: 0.05%[39m
[titan] 2026-09-13 08:16:32,434 - root - INFO - [31mstep: 28  [32mloss:  3.06053  [38;2;180;60;0mgrad_norm:  2.6406  [38;2;54;234;195mmemory:  8.00GiB(10.10%)  [34mtps: 100  [36mtflops: 0.35  [35mmfu: 0.05%[39m
[titan] 2026-09-13 08:16:33,708 - root - INFO - [31mstep: 29  [32mloss: -2.00000  [38;2;180;60;0mgrad_norm:  1.8125  [38;2;54;234;195mmemory:  6.25GiB(7.89%)  [34mtps: 100  [36mtflops: 0.35  [35mmfu: 0.05%[39m
[titan] 2026-09-13 08:16:33,708 - root - INFO - [31mstep: 29  [32mloss: -2.00000  [38;2;180;60;0mgrad_norm:  1.8125  [38;2;54;234;195mmemory:  6.25GiB(7.89%)  [34mtps: 100  [36mtflops: 0.35  [35mmfu: 0.05%[39m
[titan] 2026-09-13 08:16:33,709 - root - INFO - [31mstep: 29  [32mloss:  2.92939  [38;2;180;60;0mgrad_norm:  1.8125  [38;2;54;234;195mmemory:  8.00GiB(10.10%)  [34mtps: 100  [36mtflops: 0.35  [35mmfu: 0.05%[39m
[titan] 2026-09-13 08:16:33,709 - root - INFO - [31mstep: 29  [32mloss:  2.92939  [38;2;180;60;0mgrad_norm:  1.8125  [38;2;54;234;195mmemory:  8.00GiB(10.10%)  [34mtps: 100  [36mtflops: 0.35  [35mmfu: 0.05%[39m
[titan] 2026-09-13 08:16:34,985 - root - INFO - [31mstep: 30  [32mloss: -2.00000  [38;2;180;60;0mgrad_norm:  2.5312  [38;2;54;234;195mmemory:  6.25GiB(7.89%)  [34mtps: 100  [36mtflops: 0.35  [35mmfu: 0.05%[39m
[titan] 2026-09-13 08:16:34,985 - root - INFO - [31mstep: 30  [32mloss: -2.00000  [38;2;180;60;0mgrad_norm:  2.5312  [38;2;54;234;195mmemory:  6.25GiB(7.89%)  [34mtps: 100  [36mtflops: 0.35  [35mmfu: 0.05%[39m
[titan] 2026-09-13 08:16:34,985 - root - INFO - [31mstep: 30  [32mloss:  3.07361  [38;2;180;60;0mgrad_norm:  2.5312  [38;2;54;234;195mmemory:  8.00GiB(10.10%)  [34mtps: 100  [36mtflops: 0.35  [35mmfu: 0.05%[39m
[titan] 2026-09-13 08:16:34,985 - root - INFO - [31mstep: 30  [32mloss:  3.07361  [38;2;180;60;0mgrad_norm:  2.5312  [38;2;54;234;195mmemory:  8.00GiB(10.10%)  [34mtps: 100  [36mtflops: 0.35  [35mmfu: 0.05%[39m
[titan] 2026-09-13 08:16:36,256 - root - INFO - [31mstep: 31  [32mloss: -2.00000  [38;2;180;60;0mgrad_norm:  2.7656  [38;2;54;234;195mmemory:  6.25GiB(7.89%)  [34mtps: 101  [36mtflops: 0.35  [35mmfu: 0.05%[39m
[titan] 2026-09-13 08:16:36,256 - root - INFO - [31mstep: 31  [32mloss: -2.00000  [38;2;180;60;0mgrad_norm:  2.7656  [38;2;54;234;195mmemory:  6.25GiB(7.89%)  [34mtps: 101  [36mtflops: 0.35  [35mmfu: 0.05%[39m
[titan] 2026-09-13 08:16:36,256 - root - INFO - [31mstep: 31  [32mloss:  3.14153  [38;2;180;60;0mgrad_norm:  2.7656  [38;2;54;234;195mmemory:  8.00GiB(10.10%)  [34mtps: 101  [36mtflops: 0.35  [35mmfu: 0.05%[39m
[titan] 2026-09-13 08:16:36,256 - root - INFO - [31mstep: 31  [32mloss:  3.14153  [38;2;180;60;0mgrad_norm:  2.7656  [38;2;54;234;195mmemory:  8.00GiB(10.10%)  [34mtps: 101  [36mtflops: 0.35  [35mmfu: 0.05%[39m
[titan] 2026-09-13 08:16:37,524 - root - INFO - [31mstep: 32  [32mloss: -2.00000  [38;2;180;60;0mgrad_norm:  2.4844  [38;2;54;234;195mmemory:  6.25GiB(7.89%)  [34mtps: 101  [36mtflops: 0.35  [35mmfu: 0.05%[39m
[titan] 2026-09-13 08:16:37,524 - root - INFO - [31mstep: 32  [32mloss: -2.00000  [38;2;180;60;0mgrad_norm:  2.4844  [38;2;54;234;195mmemory:  6.25GiB(7.89%)  [34mtps: 101  [36mtflops: 0.35  [35mmfu: 0.05%[39m
[titan] 2026-09-13 08:16:37,524 - root - INFO - [31mstep: 32  [32mloss:  2.95627  [38;2;180;60;0mgrad_norm:  2.4844  [38;2;54;234;195mmemory:  8.00GiB(10.10%)  [34mtps: 101  [36mtflops: 0.35  [35mmfu: 0.05%[39m
[titan] 2026-09-13 08:16:37,525 - root - INFO - [31mstep: 32  [32mloss:  2.95627  [38;2;180;60;0mgrad_norm:  2.4844  [38;2;54;234;195mmemory:  8.00GiB(10.10%)  [34mtps: 101  [36mtflops: 0.35  [35mmfu: 0.05%[39m
[titan] 2026-09-13 08:16:38,798 - root - INFO - [31mstep: 33  [32mloss: -2.00000  [38;2;180;60;0mgrad_norm:  3.1406  [38;2;54;234;195mmemory:  6.25GiB(7.89%)  [34mtps: 100  [36mtflops: 0.35  [35mmfu: 0.05%[39m
[titan] 2026-09-13 08:16:38,799 - root - INFO - [31mstep: 33  [32mloss: -2.00000  [38;2;180;60;0mgrad_norm:  3.1406  [38;2;54;234;195mmemory:  6.25GiB(7.89%)  [34mtps: 100  [36mtflops: 0.35  [35mmfu: 0.05%[39m
[titan] 2026-09-13 08:16:38,799 - root - INFO - [31mstep: 33  [32mloss:  2.90013  [38;2;180;60;0mgrad_norm:  3.1406  [38;2;54;234;195mmemory:  8.00GiB(10.10%)  [34mtps: 100  [36mtflops: 0.35  [35mmfu: 0.05%[39m
[titan] 2026-09-13 08:16:38,799 - root - INFO - [31mstep: 33  [32mloss:  2.90013  [38;2;180;60;0mgrad_norm:  3.1406  [38;2;54;234;195mmemory:  8.00GiB(10.10%)  [34mtps: 100  [36mtflops: 0.35  [35mmfu: 0.05%[39m
[titan] 2026-09-13 08:16:40,068 - root - INFO - [31mstep: 34  [32mloss: -2.00000  [38;2;180;60;0mgrad_norm:  2.1094  [38;2;54;234;195mmemory:  6.25GiB(7.89%)  [34mtps: 101  [36mtflops: 0.35  [35mmfu: 0.05%[39m
[titan] 2026-09-13 08:16:40,068 - root - INFO - [31mstep: 34  [32mloss: -2.00000  [38;2;180;60;0mgrad_norm:  2.1094  [38;2;54;234;195mmemory:  6.25GiB(7.89%)  [34mtps: 101  [36mtflops: 0.35  [35mmfu: 0.05%[39m
[titan] 2026-09-13 08:16:40,069 - root - INFO - [31mstep: 34  [32mloss:  2.81327  [38;2;180;60;0mgrad_norm:  2.1094  [38;2;54;234;195mmemory:  8.00GiB(10.10%)  [34mtps: 101  [36mtflops: 0.35  [35mmfu: 0.05%[39m
[titan] 2026-09-13 08:16:40,069 - root - INFO - [31mstep: 34  [32mloss:  2.81327  [38;2;180;60;0mgrad_norm:  2.1094  [38;2;54;234;195mmemory:  8.00GiB(10.10%)  [34mtps: 101  [36mtflops: 0.35  [35mmfu: 0.05%[39m
[titan] 2026-09-13 08:16:41,347 - root - INFO - [31mstep: 35  [32mloss: -2.00000  [38;2;180;60;0mgrad_norm:  1.6328  [38;2;54;234;195mmemory:  6.25GiB(7.89%)  [34mtps: 100  [36mtflops: 0.35  [35mmfu: 0.05%[39m
[titan] 2026-09-13 08:16:41,347 - root - INFO - [31mstep: 35  [32mloss: -2.00000  [38;2;180;60;0mgrad_norm:  1.6328  [38;2;54;234;195mmemory:  6.25GiB(7.89%)  [34mtps: 100  [36mtflops: 0.35  [35mmfu: 0.05%[39m
[titan] 2026-09-13 08:16:41,347 - root - INFO - [31mstep: 35  [32mloss:  3.02934  [38;2;180;60;0mgrad_norm:  1.6328  [38;2;54;234;195mmemory:  8.00GiB(10.10%)  [34mtps: 100  [36mtflops: 0.35  [35mmfu: 0.05%[39m
[titan] 2026-09-13 08:16:41,347 - root - INFO - [31mstep: 35  [32mloss:  3.02934  [38;2;180;60;0mgrad_norm:  1.6328  [38;2;54;234;195mmemory:  8.00GiB(10.10%)  [34mtps: 100  [36mtflops: 0.35  [35mmfu: 0.05%[39m
[titan] 2026-09-13 08:16:42,622 - root - INFO - [31mstep: 36  [32mloss: -2.00000  [38;2;180;60;0mgrad_norm:  2.4844  [38;2;54;234;195mmemory:  6.25GiB(7.89%)  [34mtps: 100  [36mtflops: 0.35  [35mmfu: 0.05%[39m
[titan] 2026-09-13 08:16:42,622 - root - INFO - [31mstep: 36  [32mloss: -2.00000  [38;2;180;60;0mgrad_norm:  2.4844  [38;2;54;234;195mmemory:  6.25GiB(7.89%)  [34mtps: 100  [36mtflops: 0.35  [35mmfu: 0.05%[39m
[titan] 2026-09-13 08:16:42,623 - root - INFO - [31mstep: 36  [32mloss:  2.81828  [38;2;180;60;0mgrad_norm:  2.4844  [38;2;54;234;195mmemory:  8.00GiB(10.10%)  [34mtps: 100  [36mtflops: 0.35  [35mmfu: 0.05%[39m
[titan] 2026-09-13 08:16:42,623 - root - INFO - [31mstep: 36  [32mloss:  2.81828  [38;2;180;60;0mgrad_norm:  2.4844  [38;2;54;234;195mmemory:  8.00GiB(10.10%)  [34mtps: 100  [36mtflops: 0.35  [35mmfu: 0.05%[39m
[titan] 2026-09-13 08:16:43,895 - root - INFO - [31mstep: 37  [32mloss: -2.00000  [38;2;180;60;0mgrad_norm:  2.7969  [38;2;54;234;195mmemory:  6.25GiB(7.89%)  [34mtps: 101  [36mtflops: 0.35  [35mmfu: 0.05%[39m
[titan] 2026-09-13 08:16:43,895 - root - INFO - [31mstep: 37  [32mloss: -2.00000  [38;2;180;60;0mgrad_norm:  2.7969  [38;2;54;234;195mmemory:  6.25GiB(7.89%)  [34mtps: 101  [36mtflops: 0.35  [35mmfu: 0.05%[39m
[titan] 2026-09-13 08:16:43,895 - root - INFO - [31mstep: 37  [32mloss:  2.92290  [38;2;180;60;0mgrad_norm:  2.7969  [38;2;54;234;195mmemory:  8.00GiB(10.10%)  [34mtps: 101  [36mtflops: 0.35  [35mmfu: 0.05%[39m
[titan] 2026-09-13 08:16:43,895 - root - INFO - [31mstep: 37  [32mloss:  2.92290  [38;2;180;60;0mgrad_norm:  2.7969  [38;2;54;234;195mmemory:  8.00GiB(10.10%)  [34mtps: 101  [36mtflops: 0.35  [35mmfu: 0.05%[39m
[titan] 2026-09-13 08:16:45,169 - root - INFO - [31mstep: 38  [32mloss: -2.00000  [38;2;180;60;0mgrad_norm:  2.0312  [38;2;54;234;195mmemory:  6.25GiB(7.89%)  [34mtps: 100  [36mtflops: 0.35  [35mmfu: 0.05%[39m
[titan] 2026-09-13 08:16:45,169 - root - INFO - [31mstep: 38  [32mloss: -2.00000  [38;2;180;60;0mgrad_norm:  2.0312  [38;2;54;234;195mmemory:  6.25GiB(7.89%)  [34mtps: 100  [36mtflops: 0.35  [35mmfu: 0.05%[39m
[titan] 2026-09-13 08:16:45,170 - root - INFO - [31mstep: 38  [32mloss:  2.86475  [38;2;180;60;0mgrad_norm:  2.0312  [38;2;54;234;195mmemory:  8.00GiB(10.10%)  [34mtps: 100  [36mtflops: 0.35  [35mmfu: 0.05%[39m
[titan] 2026-09-13 08:16:45,170 - root - INFO - [31mstep: 38  [32mloss:  2.86475  [38;2;180;60;0mgrad_norm:  2.0312  [38;2;54;234;195mmemory:  8.00GiB(10.10%)  [34mtps: 100  [36mtflops: 0.35  [35mmfu: 0.05%[39m
[titan] 2026-09-13 08:16:46,445 - root - INFO - [31mstep: 39  [32mloss: -2.00000  [38;2;180;60;0mgrad_norm:  2.0625  [38;2;54;234;195mmemory:  6.25GiB(7.89%)  [34mtps: 100  [36mtflops: 0.35  [35mmfu: 0.05%[39m
[titan] 2026-09-13 08:16:46,445 - root - INFO - [31mstep: 39  [32mloss: -2.00000  [38;2;180;60;0mgrad_norm:  2.0625  [38;2;54;234;195mmemory:  6.25GiB(7.89%)  [34mtps: 100  [36mtflops: 0.35  [35mmfu: 0.05%[39m
[titan] 2026-09-13 08:16:46,446 - root - INFO - [31mstep: 39  [32mloss:  2.83980  [38;2;180;60;0mgrad_norm:  2.0625  [38;2;54;234;195mmemory:  8.00GiB(10.10%)  [34mtps: 100  [36mtflops: 0.35  [35mmfu: 0.05%[39m
[titan] 2026-09-13 08:16:46,446 - root - INFO - [31mstep: 39  [32mloss:  2.83980  [38;2;180;60;0mgrad_norm:  2.0625  [38;2;54;234;195mmemory:  8.00GiB(10.10%)  [34mtps: 100  [36mtflops: 0.35  [35mmfu: 0.05%[39m
[titan] 2026-09-13 08:16:47,716 - root - INFO - [31mstep: 40  [32mloss: -2.00000  [38;2;180;60;0mgrad_norm:  2.7188  [38;2;54;234;195mmemory:  6.25GiB(7.89%)  [34mtps: 101  [36mtflops: 0.35  [35mmfu: 0.05%[39m
[titan] 2026-09-13 08:16:47,716 - root - INFO - [31mstep: 40  [32mloss: -2.00000  [38;2;180;60;0mgrad_norm:  2.7188  [38;2;54;234;195mmemory:  6.25GiB(7.89%)  [34mtps: 101  [36mtflops: 0.35  [35mmfu: 0.05%[39m
[titan] 2026-09-13 08:16:47,716 - root - INFO - [31mstep: 40  [32mloss:  2.84111  [38;2;180;60;0mgrad_norm:  2.7188  [38;2;54;234;195mmemory:  8.00GiB(10.10%)  [34mtps: 101  [36mtflops: 0.35  [35mmfu: 0.05%[39m
[titan] 2026-09-13 08:16:47,716 - root - INFO - [31mstep: 40  [32mloss:  2.84111  [38;2;180;60;0mgrad_norm:  2.7188  [38;2;54;234;195mmemory:  8.00GiB(10.10%)  [34mtps: 101  [36mtflops: 0.35  [35mmfu: 0.05%[39m
[titan] 2026-09-13 08:16:48,991 - root - INFO - [31mstep: 41  [32mloss: -2.00000  [38;2;180;60;0mgrad_norm:  2.3125  [38;2;54;234;195mmemory:  6.25GiB(7.89%)  [34mtps: 100  [36mtflops: 0.35  [35mmfu: 0.05%[39m
[titan] 2026-09-13 08:16:48,992 - root - INFO - [31mstep: 41  [32mloss: -2.00000  [38;2;180;60;0mgrad_norm:  2.3125  [38;2;54;234;195mmemory:  6.25GiB(7.89%)  [34mtps: 100  [36mtflops: 0.35  [35mmfu: 0.05%[39m
[titan] 2026-09-13 08:16:48,992 - root - INFO - [31mstep: 41  [32mloss:  2.91897  [38;2;180;60;0mgrad_norm:  2.3125  [38;2;54;234;195mmemory:  8.00GiB(10.10%)  [34mtps: 100  [36mtflops: 0.35  [35mmfu: 0.05%[39m
[titan] 2026-09-13 08:16:48,992 - root - INFO - [31mstep: 41  [32mloss:  2.91897  [38;2;180;60;0mgrad_norm:  2.3125  [38;2;54;234;195mmemory:  8.00GiB(10.10%)  [34mtps: 100  [36mtflops: 0.35  [35mmfu: 0.05%[39m
[titan] 2026-09-13 08:16:50,269 - root - INFO - [31mstep: 42  [32mloss: -2.00000  [38;2;180;60;0mgrad_norm:  2.2344  [38;2;54;234;195mmemory:  6.25GiB(7.89%)  [34mtps: 100  [36mtflops: 0.35  [35mmfu: 0.05%[39m
[titan] 2026-09-13 08:16:50,269 - root - INFO - [31mstep: 42  [32mloss: -2.00000  [38;2;180;60;0mgrad_norm:  2.2344  [38;2;54;234;195mmemory:  6.25GiB(7.89%)  [34mtps: 100  [36mtflops: 0.35  [35mmfu: 0.05%[39m
[titan] 2026-09-13 08:16:50,269 - root - INFO - [31mstep: 42  [32mloss:  3.00070  [38;2;180;60;0mgrad_norm:  2.2344  [38;2;54;234;195mmemory:  8.00GiB(10.10%)  [34mtps: 100  [36mtflops: 0.35  [35mmfu: 0.05%[39m
[titan] 2026-09-13 08:16:50,269 - root - INFO - [31mstep: 42  [32mloss:  3.00070  [38;2;180;60;0mgrad_norm:  2.2344  [38;2;54;234;195mmemory:  8.00GiB(10.10%)  [34mtps: 100  [36mtflops: 0.35  [35mmfu: 0.05%[39m
[titan] 2026-09-13 08:16:51,545 - root - INFO - [31mstep: 43  [32mloss: -2.00000  [38;2;180;60;0mgrad_norm:  2.8125  [38;2;54;234;195mmemory:  6.25GiB(7.89%)  [34mtps: 100  [36mtflops: 0.35  [35mmfu: 0.05%[39m
[titan] 2026-09-13 08:16:51,545 - root - INFO - [31mstep: 43  [32mloss: -2.00000  [38;2;180;60;0mgrad_norm:  2.8125  [38;2;54;234;195mmemory:  6.25GiB(7.89%)  [34mtps: 100  [36mtflops: 0.35  [35mmfu: 0.05%[39m
[titan] 2026-09-13 08:16:51,546 - root - INFO - [31mstep: 43  [32mloss:  2.94481  [38;2;180;60;0mgrad_norm:  2.8125  [38;2;54;234;195mmemory:  8.00GiB(10.10%)  [34mtps: 100  [36mtflops: 0.35  [35mmfu: 0.05%[39m
[titan] 2026-09-13 08:16:51,546 - root - INFO - [31mstep: 43  [32mloss:  2.94481  [38;2;180;60;0mgrad_norm:  2.8125  [38;2;54;234;195mmemory:  8.00GiB(10.10%)  [34mtps: 100  [36mtflops: 0.35  [35mmfu: 0.05%[39m
[titan] 2026-09-13 08:16:52,815 - root - INFO - [31mstep: 44  [32mloss: -2.00000  [38;2;180;60;0mgrad_norm:  1.7109  [38;2;54;234;195mmemory:  6.25GiB(7.89%)  [34mtps: 101  [36mtflops: 0.35  [35mmfu: 0.05%[39m
[titan] 2026-09-13 08:16:52,815 - root - INFO - [31mstep: 44  [32mloss: -2.00000  [38;2;180;60;0mgrad_norm:  1.7109  [38;2;54;234;195mmemory:  6.25GiB(7.89%)  [34mtps: 101  [36mtflops: 0.35  [35mmfu: 0.05%[39m
[titan] 2026-09-13 08:16:52,816 - root - INFO - [31mstep: 44  [32mloss:  2.82459  [38;2;180;60;0mgrad_norm:  1.7109  [38;2;54;234;195mmemory:  8.00GiB(10.10%)  [34mtps: 101  [36mtflops: 0.35  [35mmfu: 0.05%[39m
[titan] 2026-09-13 08:16:52,816 - root - INFO - [31mstep: 44  [32mloss:  2.82459  [38;2;180;60;0mgrad_norm:  1.7109  [38;2;54;234;195mmemory:  8.00GiB(10.10%)  [34mtps: 101  [36mtflops: 0.35  [35mmfu: 0.05%[39m
[titan] 2026-09-13 08:16:54,086 - root - INFO - [31mstep: 45  [32mloss: -2.00000  [38;2;180;60;0mgrad_norm:  2.0469  [38;2;54;234;195mmemory:  6.25GiB(7.89%)  [34mtps: 101  [36mtflops: 0.35  [35mmfu: 0.05%[39m
[titan] 2026-09-13 08:16:54,086 - root - INFO - [31mstep: 45  [32mloss: -2.00000  [38;2;180;60;0mgrad_norm:  2.0469  [38;2;54;234;195mmemory:  6.25GiB(7.89%)  [34mtps: 101  [36mtflops: 0.35  [35mmfu: 0.05%[39m
[titan] 2026-09-13 08:16:54,086 - root - INFO - [31mstep: 45  [32mloss:  2.90984  [38;2;180;60;0mgrad_norm:  2.0469  [38;2;54;234;195mmemory:  8.00GiB(10.10%)  [34mtps: 101  [36mtflops: 0.35  [35mmfu: 0.05%[39m
[titan] 2026-09-13 08:16:54,086 - root - INFO - [31mstep: 45  [32mloss:  2.90984  [38;2;180;60;0mgrad_norm:  2.0469  [38;2;54;234;195mmemory:  8.00GiB(10.10%)  [34mtps: 101  [36mtflops: 0.35  [35mmfu: 0.05%[39m
[titan] 2026-09-13 08:16:55,356 - root - INFO - [31mstep: 46  [32mloss: -2.00000  [38;2;180;60;0mgrad_norm:  1.9141  [38;2;54;234;195mmemory:  6.25GiB(7.89%)  [34mtps: 101  [36mtflops: 0.35  [35mmfu: 0.05%[39m
[titan] 2026-09-13 08:16:55,356 - root - INFO - [31mstep: 46  [32mloss: -2.00000  [38;2;180;60;0mgrad_norm:  1.9141  [38;2;54;234;195mmemory:  6.25GiB(7.89%)  [34mtps: 101  [36mtflops: 0.35  [35mmfu: 0.05%[39m
[titan] 2026-09-13 08:16:55,357 - root - INFO - [31mstep: 46  [32mloss:  2.92081  [38;2;180;60;0mgrad_norm:  1.9141  [38;2;54;234;195mmemory:  8.00GiB(10.10%)  [34mtps: 101  [36mtflops: 0.35  [35mmfu: 0.05%[39m
[titan] 2026-09-13 08:16:55,357 - root - INFO - [31mstep: 46  [32mloss:  2.92081  [38;2;180;60;0mgrad_norm:  1.9141  [38;2;54;234;195mmemory:  8.00GiB(10.10%)  [34mtps: 101  [36mtflops: 0.35  [35mmfu: 0.05%[39m
[titan] 2026-09-13 08:16:56,626 - root - INFO - [31mstep: 47  [32mloss: -2.00000  [38;2;180;60;0mgrad_norm:  2.6250  [38;2;54;234;195mmemory:  6.25GiB(7.89%)  [34mtps: 101  [36mtflops: 0.35  [35mmfu: 0.05%[39m
[titan] 2026-09-13 08:16:56,626 - root - INFO - [31mstep: 47  [32mloss: -2.00000  [38;2;180;60;0mgrad_norm:  2.6250  [38;2;54;234;195mmemory:  6.25GiB(7.89%)  [34mtps: 101  [36mtflops: 0.35  [35mmfu: 0.05%[39m
[titan] 2026-09-13 08:16:56,626 - root - INFO - [31mstep: 47  [32mloss:  2.96254  [38;2;180;60;0mgrad_norm:  2.6250  [38;2;54;234;195mmemory:  8.00GiB(10.10%)  [34mtps: 101  [36mtflops: 0.35  [35mmfu: 0.05%[39m
[titan] 2026-09-13 08:16:56,626 - root - INFO - [31mstep: 47  [32mloss:  2.96254  [38;2;180;60;0mgrad_norm:  2.6250  [38;2;54;234;195mmemory:  8.00GiB(10.10%)  [34mtps: 101  [36mtflops: 0.35  [35mmfu: 0.05%[39m
[titan] 2026-09-13 08:16:57,906 - root - INFO - [31mstep: 48  [32mloss: -2.00000  [38;2;180;60;0mgrad_norm:  3.2188  [38;2;54;234;195mmemory:  6.25GiB(7.89%)  [34mtps: 100  [36mtflops: 0.35  [35mmfu: 0.05%[39m
[titan] 2026-09-13 08:16:57,906 - root - INFO - [31mstep: 48  [32mloss: -2.00000  [38;2;180;60;0mgrad_norm:  3.2188  [38;2;54;234;195mmemory:  6.25GiB(7.89%)  [34mtps: 100  [36mtflops: 0.35  [35mmfu: 0.05%[39m
[titan] 2026-09-13 08:16:57,907 - root - INFO - [31mstep: 48  [32mloss:  3.04059  [38;2;180;60;0mgrad_norm:  3.2188  [38;2;54;234;195mmemory:  8.00GiB(10.10%)  [34mtps: 100  [36mtflops: 0.35  [35mmfu: 0.05%[39m
[titan] 2026-09-13 08:16:57,907 - root - INFO - [31mstep: 48  [32mloss:  3.04059  [38;2;180;60;0mgrad_norm:  3.2188  [38;2;54;234;195mmemory:  8.00GiB(10.10%)  [34mtps: 100  [36mtflops: 0.35  [35mmfu: 0.05%[39m
[titan] 2026-09-13 08:16:59,184 - root - INFO - [31mstep: 49  [32mloss: -2.00000  [38;2;180;60;0mgrad_norm:  1.8359  [38;2;54;234;195mmemory:  6.25GiB(7.89%)  [34mtps: 100  [36mtflops: 0.35  [35mmfu: 0.05%[39m
[titan] 2026-09-13 08:16:59,184 - root - INFO - [31mstep: 49  [32mloss: -2.00000  [38;2;180;60;0mgrad_norm:  1.8359  [38;2;54;234;195mmemory:  6.25GiB(7.89%)  [34mtps: 100  [36mtflops: 0.35  [35mmfu: 0.05%[39m
[titan] 2026-09-13 08:16:59,184 - root - INFO - [31mstep: 49  [32mloss:  2.85896  [38;2;180;60;0mgrad_norm:  1.8359  [38;2;54;234;195mmemory:  8.00GiB(10.10%)  [34mtps: 100  [36mtflops: 0.35  [35mmfu: 0.05%[39m
[titan] 2026-09-13 08:16:59,184 - root - INFO - [31mstep: 49  [32mloss:  2.85896  [38;2;180;60;0mgrad_norm:  1.8359  [38;2;54;234;195mmemory:  8.00GiB(10.10%)  [34mtps: 100  [36mtflops: 0.35  [35mmfu: 0.05%[39m
[titan] 2026-09-13 08:16:59,406 - root - INFO - [GC] Performing periodic GC collection took 0.22 seconds
[titan] 2026-09-13 08:16:59,407 - root - INFO - [GC] Performing periodic GC collection took 0.22 seconds
[titan] 2026-09-13 08:16:59,507 - root - INFO - [GC] Performing periodic GC collection took 0.32 seconds
[titan] 2026-09-13 08:16:59,525 - root - INFO - [GC] Performing periodic GC collection took 0.34 seconds
[titan] 2026-09-13 08:17:00,789 - root - INFO - [31mstep: 50  [32mloss: -2.00000  [38;2;180;60;0mgrad_norm:  1.8828  [38;2;54;234;195mmemory:  6.25GiB(7.89%)  [34mtps: 80  [36mtflops: 0.28  [35mmfu: 0.04%[39m
[titan] 2026-09-13 08:17:00,789 - root - INFO - [31mstep: 50  [32mloss: -2.00000  [38;2;180;60;0mgrad_norm:  1.8828  [38;2;54;234;195mmemory:  6.25GiB(7.89%)  [34mtps: 80  [36mtflops: 0.28  [35mmfu: 0.04%[39m
[titan] 2026-09-13 08:17:00,789 - root - INFO - [31mstep: 50  [32mloss:  2.87113  [38;2;180;60;0mgrad_norm:  1.8828  [38;2;54;234;195mmemory:  8.00GiB(10.10%)  [34mtps: 80  [36mtflops: 0.28  [35mmfu: 0.04%[39m
[titan] 2026-09-13 08:17:00,789 - root - INFO - [31mstep: 50  [32mloss:  2.87113  [38;2;180;60;0mgrad_norm:  1.8828  [38;2;54;234;195mmemory:  8.00GiB(10.10%)  [34mtps: 80  [36mtflops: 0.28  [35mmfu: 0.04%[39m
[titan] 2026-09-13 08:17:02,083 - root - INFO - [31mstep: 51  [32mloss: -2.00000  [38;2;180;60;0mgrad_norm:  2.6562  [38;2;54;234;195mmemory:  6.25GiB(7.89%)  [34mtps: 99  [36mtflops: 0.35  [35mmfu: 0.05%[39m
[titan] 2026-09-13 08:17:02,083 - root - INFO - [31mstep: 51  [32mloss: -2.00000  [38;2;180;60;0mgrad_norm:  2.6562  [38;2;54;234;195mmemory:  6.25GiB(7.89%)  [34mtps: 99  [36mtflops: 0.35  [35mmfu: 0.05%[39m
[titan] 2026-09-13 08:17:02,084 - root - INFO - [31mstep: 51  [32mloss:  2.83870  [38;2;180;60;0mgrad_norm:  2.6562  [38;2;54;234;195mmemory:  8.00GiB(10.10%)  [34mtps: 99  [36mtflops: 0.35  [35mmfu: 0.05%[39m
[titan] 2026-09-13 08:17:02,084 - root - INFO - [31mstep: 51  [32mloss:  2.83870  [38;2;180;60;0mgrad_norm:  2.6562  [38;2;54;234;195mmemory:  8.00GiB(10.10%)  [34mtps: 99  [36mtflops: 0.35  [35mmfu: 0.05%[39m
[titan] 2026-09-13 08:17:03,367 - root - INFO - [31mstep: 52  [32mloss: -2.00000  [38;2;180;60;0mgrad_norm:  1.9297  [38;2;54;234;195mmemory:  6.25GiB(7.89%)  [34mtps: 100  [36mtflops: 0.35  [35mmfu: 0.05%[39m
[titan] 2026-09-13 08:17:03,367 - root - INFO - [31mstep: 52  [32mloss: -2.00000  [38;2;180;60;0mgrad_norm:  1.9297  [38;2;54;234;195mmemory:  6.25GiB(7.89%)  [34mtps: 100  [36mtflops: 0.35  [35mmfu: 0.05%[39m
[titan] 2026-09-13 08:17:03,367 - root - INFO - [31mstep: 52  [32mloss:  2.80021  [38;2;180;60;0mgrad_norm:  1.9297  [38;2;54;234;195mmemory:  8.00GiB(10.10%)  [34mtps: 100  [36mtflops: 0.35  [35mmfu: 0.05%[39m
[titan] 2026-09-13 08:17:03,367 - root - INFO - [31mstep: 52  [32mloss:  2.80021  [38;2;180;60;0mgrad_norm:  1.9297  [38;2;54;234;195mmemory:  8.00GiB(10.10%)  [34mtps: 100  [36mtflops: 0.35  [35mmfu: 0.05%[39m
[titan] 2026-09-13 08:17:04,659 - root - INFO - [31mstep: 53  [32mloss: -2.00000  [38;2;180;60;0mgrad_norm:  1.9609  [38;2;54;234;195mmemory:  6.25GiB(7.89%)  [34mtps: 99  [36mtflops: 0.35  [35mmfu: 0.05%[39m
[titan] 2026-09-13 08:17:04,659 - root - INFO - [31mstep: 53  [32mloss: -2.00000  [38;2;180;60;0mgrad_norm:  1.9609  [38;2;54;234;195mmemory:  6.25GiB(7.89%)  [34mtps: 99  [36mtflops: 0.35  [35mmfu: 0.05%[39m
[titan] 2026-09-13 08:17:04,659 - root - INFO - [31mstep: 53  [32mloss:  3.04653  [38;2;180;60;0mgrad_norm:  1.9609  [38;2;54;234;195mmemory:  8.00GiB(10.10%)  [34mtps: 99  [36mtflops: 0.35  [35mmfu: 0.05%[39m
[titan] 2026-09-13 08:17:04,659 - root - INFO - [31mstep: 53  [32mloss:  3.04653  [38;2;180;60;0mgrad_norm:  1.9609  [38;2;54;234;195mmemory:  8.00GiB(10.10%)  [34mtps: 99  [36mtflops: 0.35  [35mmfu: 0.05%[39m
[titan] 2026-09-13 08:17:05,948 - root - INFO - [31mstep: 54  [32mloss: -2.00000  [38;2;180;60;0mgrad_norm:  2.1875  [38;2;54;234;195mmemory:  6.25GiB(7.89%)  [34mtps: 99  [36mtflops: 0.35  [35mmfu: 0.05%[39m
[titan] 2026-09-13 08:17:05,948 - root - INFO - [31mstep: 54  [32mloss: -2.00000  [38;2;180;60;0mgrad_norm:  2.1875  [38;2;54;234;195mmemory:  6.25GiB(7.89%)  [34mtps: 99  [36mtflops: 0.35  [35mmfu: 0.05%[39m
[titan] 2026-09-13 08:17:05,949 - root - INFO - [31mstep: 54  [32mloss:  3.06299  [38;2;180;60;0mgrad_norm:  2.1875  [38;2;54;234;195mmemory:  8.00GiB(10.10%)  [34mtps: 99  [36mtflops: 0.35  [35mmfu: 0.05%[39m
[titan] 2026-09-13 08:17:05,949 - root - INFO - [31mstep: 54  [32mloss:  3.06299  [38;2;180;60;0mgrad_norm:  2.1875  [38;2;54;234;195mmemory:  8.00GiB(10.10%)  [34mtps: 99  [36mtflops: 0.35  [35mmfu: 0.05%[39m
[titan] 2026-09-13 08:17:07,241 - root - INFO - [31mstep: 55  [32mloss: -2.00000  [38;2;180;60;0mgrad_norm:  2.1406  [38;2;54;234;195mmemory:  6.25GiB(7.89%)  [34mtps: 99  [36mtflops: 0.35  [35mmfu: 0.05%[39m
[titan] 2026-09-13 08:17:07,241 - root - INFO - [31mstep: 55  [32mloss: -2.00000  [38;2;180;60;0mgrad_norm:  2.1406  [38;2;54;234;195mmemory:  6.25GiB(7.89%)  [34mtps: 99  [36mtflops: 0.35  [35mmfu: 0.05%[39m
[titan] 2026-09-13 08:17:07,242 - root - INFO - [31mstep: 55  [32mloss:  3.05217  [38;2;180;60;0mgrad_norm:  2.1406  [38;2;54;234;195mmemory:  8.00GiB(10.10%)  [34mtps: 99  [36mtflops: 0.35  [35mmfu: 0.05%[39m
[titan] 2026-09-13 08:17:07,242 - root - INFO - [31mstep: 55  [32mloss:  3.05217  [38;2;180;60;0mgrad_norm:  2.1406  [38;2;54;234;195mmemory:  8.00GiB(10.10%)  [34mtps: 99  [36mtflops: 0.35  [35mmfu: 0.05%[39m
[titan] 2026-09-13 08:17:08,542 - root - INFO - [31mstep: 56  [32mloss: -2.00000  [38;2;180;60;0mgrad_norm:  2.4688  [38;2;54;234;195mmemory:  6.25GiB(7.89%)  [34mtps: 98  [36mtflops: 0.34  [35mmfu: 0.05%[39m
[titan] 2026-09-13 08:17:08,542 - root - INFO - [31mstep: 56  [32mloss: -2.00000  [38;2;180;60;0mgrad_norm:  2.4688  [38;2;54;234;195mmemory:  6.25GiB(7.89%)  [34mtps: 98  [36mtflops: 0.34  [35mmfu: 0.05%[39m
[titan] 2026-09-13 08:17:08,542 - root - INFO - [31mstep: 56  [32mloss:  2.72029  [38;2;180;60;0mgrad_norm:  2.4688  [38;2;54;234;195mmemory:  8.00GiB(10.10%)  [34mtps: 98  [36mtflops: 0.34  [35mmfu: 0.05%[39m
[titan] 2026-09-13 08:17:08,542 - root - INFO - [31mstep: 56  [32mloss:  2.72029  [38;2;180;60;0mgrad_norm:  2.4688  [38;2;54;234;195mmemory:  8.00GiB(10.10%)  [34mtps: 98  [36mtflops: 0.34  [35mmfu: 0.05%[39m
[titan] 2026-09-13 08:17:09,843 - root - INFO - [31mstep: 57  [32mloss: -2.00000  [38;2;180;60;0mgrad_norm:  2.6094  [38;2;54;234;195mmemory:  6.25GiB(7.89%)  [34mtps: 98  [36mtflops: 0.34  [35mmfu: 0.05%[39m
[titan] 2026-09-13 08:17:09,843 - root - INFO - [31mstep: 57  [32mloss: -2.00000  [38;2;180;60;0mgrad_norm:  2.6094  [38;2;54;234;195mmemory:  6.25GiB(7.89%)  [34mtps: 98  [36mtflops: 0.34  [35mmfu: 0.05%[39m
[titan] 2026-09-13 08:17:09,843 - root - INFO - [31mstep: 57  [32mloss:  2.81249  [38;2;180;60;0mgrad_norm:  2.6094  [38;2;54;234;195mmemory:  8.00GiB(10.10%)  [34mtps: 98  [36mtflops: 0.34  [35mmfu: 0.05%[39m
[titan] 2026-09-13 08:17:09,844 - root - INFO - [31mstep: 57  [32mloss:  2.81249  [38;2;180;60;0mgrad_norm:  2.6094  [38;2;54;234;195mmemory:  8.00GiB(10.10%)  [34mtps: 98  [36mtflops: 0.34  [35mmfu: 0.05%[39m
[titan] 2026-09-13 08:17:11,140 - root - INFO - [31mstep: 58  [32mloss: -2.00000  [38;2;180;60;0mgrad_norm:  2.1250  [38;2;54;234;195mmemory:  6.25GiB(7.89%)  [34mtps: 99  [36mtflops: 0.34  [35mmfu: 0.05%[39m
[titan] 2026-09-13 08:17:11,140 - root - INFO - [31mstep: 58  [32mloss: -2.00000  [38;2;180;60;0mgrad_norm:  2.1250  [38;2;54;234;195mmemory:  6.25GiB(7.89%)  [34mtps: 99  [36mtflops: 0.34  [35mmfu: 0.05%[39m
[titan] 2026-09-13 08:17:11,140 - root - INFO - [31mstep: 58  [32mloss:  2.60647  [38;2;180;60;0mgrad_norm:  2.1250  [38;2;54;234;195mmemory:  8.00GiB(10.10%)  [34mtps: 99  [36mtflops: 0.34  [35mmfu: 0.05%[39m
[titan] 2026-09-13 08:17:11,140 - root - INFO - [31mstep: 58  [32mloss:  2.60647  [38;2;180;60;0mgrad_norm:  2.1250  [38;2;54;234;195mmemory:  8.00GiB(10.10%)  [34mtps: 99  [36mtflops: 0.34  [35mmfu: 0.05%[39m
[titan] 2026-09-13 08:17:12,436 - root - INFO - [31mstep: 59  [32mloss: -2.00000  [38;2;180;60;0mgrad_norm:  2.8906  [38;2;54;234;195mmemory:  6.25GiB(7.89%)  [34mtps: 99  [36mtflops: 0.34  [35mmfu: 0.05%[39m
[titan] 2026-09-13 08:17:12,436 - root - INFO - [31mstep: 59  [32mloss: -2.00000  [38;2;180;60;0mgrad_norm:  2.8906  [38;2;54;234;195mmemory:  6.25GiB(7.89%)  [34mtps: 99  [36mtflops: 0.34  [35mmfu: 0.05%[39m
[titan] 2026-09-13 08:17:12,436 - root - INFO - [31mstep: 59  [32mloss:  2.84789  [38;2;180;60;0mgrad_norm:  2.8906  [38;2;54;234;195mmemory:  8.00GiB(10.10%)  [34mtps: 99  [36mtflops: 0.34  [35mmfu: 0.05%[39m
[titan] 2026-09-13 08:17:12,436 - root - INFO - [31mstep: 59  [32mloss:  2.84789  [38;2;180;60;0mgrad_norm:  2.8906  [38;2;54;234;195mmemory:  8.00GiB(10.10%)  [34mtps: 99  [36mtflops: 0.34  [35mmfu: 0.05%[39m
[titan] 2026-09-13 08:17:13,733 - root - INFO - [31mstep: 60  [32mloss: -2.00000  [38;2;180;60;0mgrad_norm:  1.7891  [38;2;54;234;195mmemory:  6.25GiB(7.89%)  [34mtps: 99  [36mtflops: 0.34  [35mmfu: 0.05%[39m
[titan] 2026-09-13 08:17:13,733 - root - INFO - [31mstep: 60  [32mloss: -2.00000  [38;2;180;60;0mgrad_norm:  1.7891  [38;2;54;234;195mmemory:  6.25GiB(7.89%)  [34mtps: 99  [36mtflops: 0.34  [35mmfu: 0.05%[39m
[titan] 2026-09-13 08:17:13,734 - root - INFO - [31mstep: 60  [32mloss:  2.79280  [38;2;180;60;0mgrad_norm:  1.7891  [38;2;54;234;195mmemory:  8.00GiB(10.10%)  [34mtps: 99  [36mtflops: 0.34  [35mmfu: 0.05%[39m
[titan] 2026-09-13 08:17:13,734 - root - INFO - [31mstep: 60  [32mloss:  2.79280  [38;2;180;60;0mgrad_norm:  1.7891  [38;2;54;234;195mmemory:  8.00GiB(10.10%)  [34mtps: 99  [36mtflops: 0.34  [35mmfu: 0.05%[39m
[titan] 2026-09-13 08:17:15,029 - root - INFO - [31mstep: 61  [32mloss: -2.00000  [38;2;180;60;0mgrad_norm:  2.1719  [38;2;54;234;195mmemory:  6.25GiB(7.89%)  [34mtps: 99  [36mtflops: 0.34  [35mmfu: 0.05%[39m
[titan] 2026-09-13 08:17:15,029 - root - INFO - [31mstep: 61  [32mloss: -2.00000  [38;2;180;60;0mgrad_norm:  2.1719  [38;2;54;234;195mmemory:  6.25GiB(7.89%)  [34mtps: 99  [36mtflops: 0.34  [35mmfu: 0.05%[39m
[titan] 2026-09-13 08:17:15,030 - root - INFO - [31mstep: 61  [32mloss:  2.73489  [38;2;180;60;0mgrad_norm:  2.1719  [38;2;54;234;195mmemory:  8.00GiB(10.10%)  [34mtps: 99  [36mtflops: 0.34  [35mmfu: 0.05%[39m
[titan] 2026-09-13 08:17:15,030 - root - INFO - [31mstep: 61  [32mloss:  2.73489  [38;2;180;60;0mgrad_norm:  2.1719  [38;2;54;234;195mmemory:  8.00GiB(10.10%)  [34mtps: 99  [36mtflops: 0.34  [35mmfu: 0.05%[39m
[titan] 2026-09-13 08:17:16,325 - root - INFO - [31mstep: 62  [32mloss: -2.00000  [38;2;180;60;0mgrad_norm:  1.4844  [38;2;54;234;195mmemory:  6.25GiB(7.89%)  [34mtps: 99  [36mtflops: 0.34  [35mmfu: 0.05%[39m
[titan] 2026-09-13 08:17:16,325 - root - INFO - [31mstep: 62  [32mloss: -2.00000  [38;2;180;60;0mgrad_norm:  1.4844  [38;2;54;234;195mmemory:  6.25GiB(7.89%)  [34mtps: 99  [36mtflops: 0.34  [35mmfu: 0.05%[39m
[titan] 2026-09-13 08:17:16,325 - root - INFO - [31mstep: 62  [32mloss:  2.83051  [38;2;180;60;0mgrad_norm:  1.4844  [38;2;54;234;195mmemory:  8.00GiB(10.10%)  [34mtps: 99  [36mtflops: 0.34  [35mmfu: 0.05%[39m
[titan] 2026-09-13 08:17:16,325 - root - INFO - [31mstep: 62  [32mloss:  2.83051  [38;2;180;60;0mgrad_norm:  1.4844  [38;2;54;234;195mmemory:  8.00GiB(10.10%)  [34mtps: 99  [36mtflops: 0.34  [35mmfu: 0.05%[39m
[titan] 2026-09-13 08:17:17,622 - root - INFO - [31mstep: 63  [32mloss: -2.00000  [38;2;180;60;0mgrad_norm:  1.9609  [38;2;54;234;195mmemory:  6.25GiB(7.89%)  [34mtps: 99  [36mtflops: 0.34  [35mmfu: 0.05%[39m
[titan] 2026-09-13 08:17:17,622 - root - INFO - [31mstep: 63  [32mloss: -2.00000  [38;2;180;60;0mgrad_norm:  1.9609  [38;2;54;234;195mmemory:  6.25GiB(7.89%)  [34mtps: 99  [36mtflops: 0.34  [35mmfu: 0.05%[39m
[titan] 2026-09-13 08:17:17,623 - root - INFO - [31mstep: 63  [32mloss:  2.83085  [38;2;180;60;0mgrad_norm:  1.9609  [38;2;54;234;195mmemory:  8.00GiB(10.10%)  [34mtps: 99  [36mtflops: 0.34  [35mmfu: 0.05%[39m
[titan] 2026-09-13 08:17:17,623 - root - INFO - [31mstep: 63  [32mloss:  2.83085  [38;2;180;60;0mgrad_norm:  1.9609  [38;2;54;234;195mmemory:  8.00GiB(10.10%)  [34mtps: 99  [36mtflops: 0.34  [35mmfu: 0.05%[39m
[titan] 2026-09-13 08:17:18,942 - root - INFO - [31mstep: 64  [32mloss: -2.00000  [38;2;180;60;0mgrad_norm:  2.1094  [38;2;54;234;195mmemory:  6.25GiB(7.89%)  [34mtps: 97  [36mtflops: 0.34  [35mmfu: 0.04%[39m
[titan] 2026-09-13 08:17:18,942 - root - INFO - [31mstep: 64  [32mloss: -2.00000  [38;2;180;60;0mgrad_norm:  2.1094  [38;2;54;234;195mmemory:  6.25GiB(7.89%)  [34mtps: 97  [36mtflops: 0.34  [35mmfu: 0.04%[39m
[titan] 2026-09-13 08:17:18,942 - root - INFO - [31mstep: 64  [32mloss:  2.71096  [38;2;180;60;0mgrad_norm:  2.1094  [38;2;54;234;195mmemory:  8.00GiB(10.10%)  [34mtps: 97  [36mtflops: 0.34  [35mmfu: 0.04%[39m
[titan] 2026-09-13 08:17:18,942 - root - INFO - [31mstep: 64  [32mloss:  2.71096  [38;2;180;60;0mgrad_norm:  2.1094  [38;2;54;234;195mmemory:  8.00GiB(10.10%)  [34mtps: 97  [36mtflops: 0.34  [35mmfu: 0.04%[39m
[titan] 2026-09-13 08:17:20,241 - root - INFO - [31mstep: 65  [32mloss: -2.00000  [38;2;180;60;0mgrad_norm:  1.9766  [38;2;54;234;195mmemory:  6.25GiB(7.89%)  [34mtps: 99  [36mtflops: 0.34  [35mmfu: 0.05%[39m
[titan] 2026-09-13 08:17:20,241 - root - INFO - [31mstep: 65  [32mloss: -2.00000  [38;2;180;60;0mgrad_norm:  1.9766  [38;2;54;234;195mmemory:  6.25GiB(7.89%)  [34mtps: 99  [36mtflops: 0.34  [35mmfu: 0.05%[39m
[titan] 2026-09-13 08:17:20,241 - root - INFO - [31mstep: 65  [32mloss:  2.93308  [38;2;180;60;0mgrad_norm:  1.9766  [38;2;54;234;195mmemory:  8.00GiB(10.10%)  [34mtps: 99  [36mtflops: 0.34  [35mmfu: 0.05%[39m
[titan] 2026-09-13 08:17:20,241 - root - INFO - [31mstep: 65  [32mloss:  2.93308  [38;2;180;60;0mgrad_norm:  1.9766  [38;2;54;234;195mmemory:  8.00GiB(10.10%)  [34mtps: 99  [36mtflops: 0.34  [35mmfu: 0.05%[39m
[titan] 2026-09-13 08:17:21,535 - root - INFO - [31mstep: 66  [32mloss: -2.00000  [38;2;180;60;0mgrad_norm:  2.0000  [38;2;54;234;195mmemory:  6.25GiB(7.89%)  [34mtps: 99  [36mtflops: 0.35  [35mmfu: 0.05%[39m
[titan] 2026-09-13 08:17:21,535 - root - INFO - [31mstep: 66  [32mloss: -2.00000  [38;2;180;60;0mgrad_norm:  2.0000  [38;2;54;234;195mmemory:  6.25GiB(7.89%)  [34mtps: 99  [36mtflops: 0.35  [35mmfu: 0.05%[39m
[titan] 2026-09-13 08:17:21,536 - root - INFO - [31mstep: 66  [32mloss:  2.85607  [38;2;180;60;0mgrad_norm:  2.0000  [38;2;54;234;195mmemory:  8.00GiB(10.10%)  [34mtps: 99  [36mtflops: 0.35  [35mmfu: 0.05%[39m
[titan] 2026-09-13 08:17:21,536 - root - INFO - [31mstep: 66  [32mloss:  2.85607  [38;2;180;60;0mgrad_norm:  2.0000  [38;2;54;234;195mmemory:  8.00GiB(10.10%)  [34mtps: 99  [36mtflops: 0.35  [35mmfu: 0.05%[39m
[titan] 2026-09-13 08:17:22,833 - root - INFO - [31mstep: 67  [32mloss: -2.00000  [38;2;180;60;0mgrad_norm:  2.2344  [38;2;54;234;195mmemory:  6.25GiB(7.89%)  [34mtps: 99  [36mtflops: 0.34  [35mmfu: 0.05%[39m
[titan] 2026-09-13 08:17:22,833 - root - INFO - [31mstep: 67  [32mloss: -2.00000  [38;2;180;60;0mgrad_norm:  2.2344  [38;2;54;234;195mmemory:  6.25GiB(7.89%)  [34mtps: 99  [36mtflops: 0.34  [35mmfu: 0.05%[39m
[titan] 2026-09-13 08:17:22,834 - root - INFO - [31mstep: 67  [32mloss:  2.68601  [38;2;180;60;0mgrad_norm:  2.2344  [38;2;54;234;195mmemory:  8.00GiB(10.10%)  [34mtps: 99  [36mtflops: 0.34  [35mmfu: 0.05%[39m
[titan] 2026-09-13 08:17:22,834 - root - INFO - [31mstep: 67  [32mloss:  2.68601  [38;2;180;60;0mgrad_norm:  2.2344  [38;2;54;234;195mmemory:  8.00GiB(10.10%)  [34mtps: 99  [36mtflops: 0.34  [35mmfu: 0.05%[39m
[titan] 2026-09-13 08:17:24,127 - root - INFO - [31mstep: 68  [32mloss: -2.00000  [38;2;180;60;0mgrad_norm:  1.7266  [38;2;54;234;195mmemory:  6.25GiB(7.89%)  [34mtps: 99  [36mtflops: 0.35  [35mmfu: 0.05%[39m
[titan] 2026-09-13 08:17:24,127 - root - INFO - [31mstep: 68  [32mloss: -2.00000  [38;2;180;60;0mgrad_norm:  1.7266  [38;2;54;234;195mmemory:  6.25GiB(7.89%)  [34mtps: 99  [36mtflops: 0.35  [35mmfu: 0.05%[39m
[titan] 2026-09-13 08:17:24,128 - root - INFO - [31mstep: 68  [32mloss:  2.75920  [38;2;180;60;0mgrad_norm:  1.7266  [38;2;54;234;195mmemory:  8.00GiB(10.10%)  [34mtps: 99  [36mtflops: 0.35  [35mmfu: 0.05%[39m
[titan] 2026-09-13 08:17:24,128 - root - INFO - [31mstep: 68  [32mloss:  2.75920  [38;2;180;60;0mgrad_norm:  1.7266  [38;2;54;234;195mmemory:  8.00GiB(10.10%)  [34mtps: 99  [36mtflops: 0.35  [35mmfu: 0.05%[39m
[titan] 2026-09-13 08:17:25,428 - root - INFO - [31mstep: 69  [32mloss: -2.00000  [38;2;180;60;0mgrad_norm:  2.0156  [38;2;54;234;195mmemory:  6.25GiB(7.89%)  [34mtps: 98  [36mtflops: 0.34  [35mmfu: 0.05%[39m
[titan] 2026-09-13 08:17:25,428 - root - INFO - [31mstep: 69  [32mloss: -2.00000  [38;2;180;60;0mgrad_norm:  2.0156  [38;2;54;234;195mmemory:  6.25GiB(7.89%)  [34mtps: 98  [36mtflops: 0.34  [35mmfu: 0.05%[39m
[titan] 2026-09-13 08:17:25,429 - root - INFO - [31mstep: 69  [32mloss:  2.92308  [38;2;180;60;0mgrad_norm:  2.0156  [38;2;54;234;195mmemory:  8.00GiB(10.10%)  [34mtps: 98  [36mtflops: 0.34  [35mmfu: 0.05%[39m
[titan] 2026-09-13 08:17:25,429 - root - INFO - [31mstep: 69  [32mloss:  2.92308  [38;2;180;60;0mgrad_norm:  2.0156  [38;2;54;234;195mmemory:  8.00GiB(10.10%)  [34mtps: 98  [36mtflops: 0.34  [35mmfu: 0.05%[39m
[titan] 2026-09-13 08:17:26,723 - root - INFO - [31mstep: 70  [32mloss: -2.00000  [38;2;180;60;0mgrad_norm:  1.6797  [38;2;54;234;195mmemory:  6.25GiB(7.89%)  [34mtps: 99  [36mtflops: 0.35  [35mmfu: 0.05%[39m
[titan] 2026-09-13 08:17:26,723 - root - INFO - [31mstep: 70  [32mloss: -2.00000  [38;2;180;60;0mgrad_norm:  1.6797  [38;2;54;234;195mmemory:  6.25GiB(7.89%)  [34mtps: 99  [36mtflops: 0.35  [35mmfu: 0.05%[39m
[titan] 2026-09-13 08:17:26,723 - root - INFO - [31mstep: 70  [32mloss:  2.82527  [38;2;180;60;0mgrad_norm:  1.6797  [38;2;54;234;195mmemory:  8.00GiB(10.10%)  [34mtps: 99  [36mtflops: 0.35  [35mmfu: 0.05%[39m
[titan] 2026-09-13 08:17:26,723 - root - INFO - [31mstep: 70  [32mloss:  2.82527  [38;2;180;60;0mgrad_norm:  1.6797  [38;2;54;234;195mmemory:  8.00GiB(10.10%)  [34mtps: 99  [36mtflops: 0.35  [35mmfu: 0.05%[39m
[titan] 2026-09-13 08:17:28,019 - root - INFO - [31mstep: 71  [32mloss: -2.00000  [38;2;180;60;0mgrad_norm:  1.7656  [38;2;54;234;195mmemory:  6.25GiB(7.89%)  [34mtps: 99  [36mtflops: 0.34  [35mmfu: 0.05%[39m
[titan] 2026-09-13 08:17:28,019 - root - INFO - [31mstep: 71  [32mloss: -2.00000  [38;2;180;60;0mgrad_norm:  1.7656  [38;2;54;234;195mmemory:  6.25GiB(7.89%)  [34mtps: 99  [36mtflops: 0.34  [35mmfu: 0.05%[39m
[titan] 2026-09-13 08:17:28,020 - root - INFO - [31mstep: 71  [32mloss:  2.64941  [38;2;180;60;0mgrad_norm:  1.7656  [38;2;54;234;195mmemory:  8.00GiB(10.10%)  [34mtps: 99  [36mtflops: 0.34  [35mmfu: 0.05%[39m
[titan] 2026-09-13 08:17:28,021 - root - INFO - [31mstep: 71  [32mloss:  2.64941  [38;2;180;60;0mgrad_norm:  1.7656  [38;2;54;234;195mmemory:  8.00GiB(10.10%)  [34mtps: 99  [36mtflops: 0.34  [35mmfu: 0.05%[39m
[titan] 2026-09-13 08:17:29,326 - root - INFO - [31mstep: 72  [32mloss: -2.00000  [38;2;180;60;0mgrad_norm:  1.5312  [38;2;54;234;195mmemory:  6.25GiB(7.89%)  [34mtps: 98  [36mtflops: 0.34  [35mmfu: 0.05%[39m
[titan] 2026-09-13 08:17:29,326 - root - INFO - [31mstep: 72  [32mloss: -2.00000  [38;2;180;60;0mgrad_norm:  1.5312  [38;2;54;234;195mmemory:  6.25GiB(7.89%)  [34mtps: 98  [36mtflops: 0.34  [35mmfu: 0.05%[39m
[titan] 2026-09-13 08:17:29,327 - root - INFO - [31mstep: 72  [32mloss:  2.71974  [38;2;180;60;0mgrad_norm:  1.5312  [38;2;54;234;195mmemory:  8.00GiB(10.10%)  [34mtps: 98  [36mtflops: 0.34  [35mmfu: 0.05%[39m
[titan] 2026-09-13 08:17:29,327 - root - INFO - [31mstep: 72  [32mloss:  2.71974  [38;2;180;60;0mgrad_norm:  1.5312  [38;2;54;234;195mmemory:  8.00GiB(10.10%)  [34mtps: 98  [36mtflops: 0.34  [35mmfu: 0.05%[39m
[titan] 2026-09-13 08:17:30,630 - root - INFO - [31mstep: 73  [32mloss: -2.00000  [38;2;180;60;0mgrad_norm:  1.9688  [38;2;54;234;195mmemory:  6.25GiB(7.89%)  [34mtps: 98  [36mtflops: 0.34  [35mmfu: 0.05%[39m
[titan] 2026-09-13 08:17:30,630 - root - INFO - [31mstep: 73  [32mloss: -2.00000  [38;2;180;60;0mgrad_norm:  1.9688  [38;2;54;234;195mmemory:  6.25GiB(7.89%)  [34mtps: 98  [36mtflops: 0.34  [35mmfu: 0.05%[39m
[titan] 2026-09-13 08:17:30,630 - root - INFO - [31mstep: 73  [32mloss:  2.61204  [38;2;180;60;0mgrad_norm:  1.9688  [38;2;54;234;195mmemory:  8.00GiB(10.10%)  [34mtps: 98  [36mtflops: 0.34  [35mmfu: 0.05%[39m
[titan] 2026-09-13 08:17:30,630 - root - INFO - [31mstep: 73  [32mloss:  2.61204  [38;2;180;60;0mgrad_norm:  1.9688  [38;2;54;234;195mmemory:  8.00GiB(10.10%)  [34mtps: 98  [36mtflops: 0.34  [35mmfu: 0.05%[39m
[titan] 2026-09-13 08:17:31,930 - root - INFO - [31mstep: 74  [32mloss: -2.00000  [38;2;180;60;0mgrad_norm:  1.5703  [38;2;54;234;195mmemory:  6.25GiB(7.89%)  [34mtps: 98  [36mtflops: 0.34  [35mmfu: 0.05%[39m
[titan] 2026-09-13 08:17:31,930 - root - INFO - [31mstep: 74  [32mloss: -2.00000  [38;2;180;60;0mgrad_norm:  1.5703  [38;2;54;234;195mmemory:  6.25GiB(7.89%)  [34mtps: 98  [36mtflops: 0.34  [35mmfu: 0.05%[39m
[titan] 2026-09-13 08:17:31,931 - root - INFO - [31mstep: 74  [32mloss:  2.71098  [38;2;180;60;0mgrad_norm:  1.5703  [38;2;54;234;195mmemory:  8.00GiB(10.10%)  [34mtps: 98  [36mtflops: 0.34  [35mmfu: 0.05%[39m
[titan] 2026-09-13 08:17:31,931 - root - INFO - [31mstep: 74  [32mloss:  2.71098  [38;2;180;60;0mgrad_norm:  1.5703  [38;2;54;234;195mmemory:  8.00GiB(10.10%)  [34mtps: 98  [36mtflops: 0.34  [35mmfu: 0.05%[39m
[titan] 2026-09-13 08:17:33,241 - root - INFO - [31mstep: 75  [32mloss: -2.00000  [38;2;180;60;0mgrad_norm:  1.7578  [38;2;54;234;195mmemory:  6.25GiB(7.89%)  [34mtps: 98  [36mtflops: 0.34  [35mmfu: 0.05%[39m
[titan] 2026-09-13 08:17:33,241 - root - INFO - [31mstep: 75  [32mloss: -2.00000  [38;2;180;60;0mgrad_norm:  1.7578  [38;2;54;234;195mmemory:  6.25GiB(7.89%)  [34mtps: 98  [36mtflops: 0.34  [35mmfu: 0.05%[39m
[titan] 2026-09-13 08:17:33,241 - root - INFO - [31mstep: 75  [32mloss:  2.75124  [38;2;180;60;0mgrad_norm:  1.7578  [38;2;54;234;195mmemory:  8.00GiB(10.10%)  [34mtps: 98  [36mtflops: 0.34  [35mmfu: 0.05%[39m
[titan] 2026-09-13 08:17:33,241 - root - INFO - [31mstep: 75  [32mloss:  2.75124  [38;2;180;60;0mgrad_norm:  1.7578  [38;2;54;234;195mmemory:  8.00GiB(10.10%)  [34mtps: 98  [36mtflops: 0.34  [35mmfu: 0.05%[39m
[titan] 2026-09-13 08:17:34,539 - root - INFO - [31mstep: 76  [32mloss: -2.00000  [38;2;180;60;0mgrad_norm:  1.7109  [38;2;54;234;195mmemory:  6.25GiB(7.89%)  [34mtps: 99  [36mtflops: 0.34  [35mmfu: 0.05%[39m
[titan] 2026-09-13 08:17:34,539 - root - INFO - [31mstep: 76  [32mloss: -2.00000  [38;2;180;60;0mgrad_norm:  1.7109  [38;2;54;234;195mmemory:  6.25GiB(7.89%)  [34mtps: 99  [36mtflops: 0.34  [35mmfu: 0.05%[39m
[titan] 2026-09-13 08:17:34,540 - root - INFO - [31mstep: 76  [32mloss:  2.60532  [38;2;180;60;0mgrad_norm:  1.7109  [38;2;54;234;195mmemory:  8.00GiB(10.10%)  [34mtps: 99  [36mtflops: 0.34  [35mmfu: 0.05%[39m
[titan] 2026-09-13 08:17:34,540 - root - INFO - [31mstep: 76  [32mloss:  2.60532  [38;2;180;60;0mgrad_norm:  1.7109  [38;2;54;234;195mmemory:  8.00GiB(10.10%)  [34mtps: 99  [36mtflops: 0.34  [35mmfu: 0.05%[39m
[titan] 2026-09-13 08:17:35,862 - root - INFO - [31mstep: 77  [32mloss: -2.00000  [38;2;180;60;0mgrad_norm:  2.1406  [38;2;54;234;195mmemory:  6.25GiB(7.89%)  [34mtps: 97  [36mtflops: 0.34  [35mmfu: 0.04%[39m
[titan] 2026-09-13 08:17:35,862 - root - INFO - [31mstep: 77  [32mloss: -2.00000  [38;2;180;60;0mgrad_norm:  2.1406  [38;2;54;234;195mmemory:  6.25GiB(7.89%)  [34mtps: 97  [36mtflops: 0.34  [35mmfu: 0.04%[39m
[titan] 2026-09-13 08:17:35,862 - root - INFO - [31mstep: 77  [32mloss:  2.87580  [38;2;180;60;0mgrad_norm:  2.1406  [38;2;54;234;195mmemory:  8.00GiB(10.10%)  [34mtps: 97  [36mtflops: 0.34  [35mmfu: 0.04%[39m
[titan] 2026-09-13 08:17:35,862 - root - INFO - [31mstep: 77  [32mloss:  2.87580  [38;2;180;60;0mgrad_norm:  2.1406  [38;2;54;234;195mmemory:  8.00GiB(10.10%)  [34mtps: 97  [36mtflops: 0.34  [35mmfu: 0.04%[39m
[titan] 2026-09-13 08:17:37,158 - root - INFO - [31mstep: 78  [32mloss: -2.00000  [38;2;180;60;0mgrad_norm:  1.7969  [38;2;54;234;195mmemory:  6.25GiB(7.89%)  [34mtps: 99  [36mtflops: 0.34  [35mmfu: 0.05%[39m
[titan] 2026-09-13 08:17:37,158 - root - INFO - [31mstep: 78  [32mloss: -2.00000  [38;2;180;60;0mgrad_norm:  1.7969  [38;2;54;234;195mmemory:  6.25GiB(7.89%)  [34mtps: 99  [36mtflops: 0.34  [35mmfu: 0.05%[39m
[titan] 2026-09-13 08:17:37,159 - root - INFO - [31mstep: 78  [32mloss:  2.70397  [38;2;180;60;0mgrad_norm:  1.7969  [38;2;54;234;195mmemory:  8.00GiB(10.10%)  [34mtps: 99  [36mtflops: 0.34  [35mmfu: 0.05%[39m
[titan] 2026-09-13 08:17:37,159 - root - INFO - [31mstep: 78  [32mloss:  2.70397  [38;2;180;60;0mgrad_norm:  1.7969  [38;2;54;234;195mmemory:  8.00GiB(10.10%)  [34mtps: 99  [36mtflops: 0.34  [35mmfu: 0.05%[39m
[titan] 2026-09-13 08:17:38,457 - root - INFO - [31mstep: 79  [32mloss: -2.00000  [38;2;180;60;0mgrad_norm:  1.7109  [38;2;54;234;195mmemory:  6.25GiB(7.89%)  [34mtps: 99  [36mtflops: 0.34  [35mmfu: 0.05%[39m
[titan] 2026-09-13 08:17:38,457 - root - INFO - [31mstep: 79  [32mloss: -2.00000  [38;2;180;60;0mgrad_norm:  1.7109  [38;2;54;234;195mmemory:  6.25GiB(7.89%)  [34mtps: 99  [36mtflops: 0.34  [35mmfu: 0.05%[39m
[titan] 2026-09-13 08:17:38,457 - root - INFO - [31mstep: 79  [32mloss:  2.62513  [38;2;180;60;0mgrad_norm:  1.7109  [38;2;54;234;195mmemory:  8.00GiB(10.10%)  [34mtps: 99  [36mtflops: 0.34  [35mmfu: 0.05%[39m
[titan] 2026-09-13 08:17:38,457 - root - INFO - [31mstep: 79  [32mloss:  2.62513  [38;2;180;60;0mgrad_norm:  1.7109  [38;2;54;234;195mmemory:  8.00GiB(10.10%)  [34mtps: 99  [36mtflops: 0.34  [35mmfu: 0.05%[39m
[titan] 2026-09-13 08:17:39,752 - root - INFO - [31mstep: 80  [32mloss:  2.83765  [38;2;180;60;0mgrad_norm:  1.6328  [38;2;54;234;195mmemory:  8.00GiB(10.10%)  [34mtps: 99  [36mtflops: 0.35  [35mmfu: 0.05%[39m
[titan] 2026-09-13 08:17:39,752 - root - INFO - [31mstep: 80  [32mloss:  2.83765  [38;2;180;60;0mgrad_norm:  1.6328  [38;2;54;234;195mmemory:  8.00GiB(10.10%)  [34mtps: 99  [36mtflops: 0.35  [35mmfu: 0.05%[39m
[titan] 2026-09-13 08:17:39,752 - root - INFO - [31mstep: 80  [32mloss: -2.00000  [38;2;180;60;0mgrad_norm:  1.6328  [38;2;54;234;195mmemory:  6.25GiB(7.89%)  [34mtps: 99  [36mtflops: 0.34  [35mmfu: 0.05%[39m
[titan] 2026-09-13 08:17:39,752 - root - INFO - [31mstep: 80  [32mloss: -2.00000  [38;2;180;60;0mgrad_norm:  1.6328  [38;2;54;234;195mmemory:  6.25GiB(7.89%)  [34mtps: 99  [36mtflops: 0.34  [35mmfu: 0.05%[39m
[titan] 2026-09-13 08:17:41,050 - root - INFO - [31mstep: 81  [32mloss: -2.00000  [38;2;180;60;0mgrad_norm:  1.7422  [38;2;54;234;195mmemory:  6.25GiB(7.89%)  [34mtps: 99  [36mtflops: 0.34  [35mmfu: 0.05%[39m
[titan] 2026-09-13 08:17:41,050 - root - INFO - [31mstep: 81  [32mloss: -2.00000  [38;2;180;60;0mgrad_norm:  1.7422  [38;2;54;234;195mmemory:  6.25GiB(7.89%)  [34mtps: 99  [36mtflops: 0.34  [35mmfu: 0.05%[39m
[titan] 2026-09-13 08:17:41,051 - root - INFO - [31mstep: 81  [32mloss:  2.94112  [38;2;180;60;0mgrad_norm:  1.7422  [38;2;54;234;195mmemory:  8.00GiB(10.10%)  [34mtps: 99  [36mtflops: 0.34  [35mmfu: 0.05%[39m
[titan] 2026-09-13 08:17:41,051 - root - INFO - [31mstep: 81  [32mloss:  2.94112  [38;2;180;60;0mgrad_norm:  1.7422  [38;2;54;234;195mmemory:  8.00GiB(10.10%)  [34mtps: 99  [36mtflops: 0.34  [35mmfu: 0.05%[39m
[titan] 2026-09-13 08:17:42,353 - root - INFO - [31mstep: 82  [32mloss: -2.00000  [38;2;180;60;0mgrad_norm:  1.9219  [38;2;54;234;195mmemory:  6.25GiB(7.89%)  [34mtps: 98  [36mtflops: 0.34  [35mmfu: 0.05%[39m
[titan] 2026-09-13 08:17:42,353 - root - INFO - [31mstep: 82  [32mloss: -2.00000  [38;2;180;60;0mgrad_norm:  1.9219  [38;2;54;234;195mmemory:  6.25GiB(7.89%)  [34mtps: 98  [36mtflops: 0.34  [35mmfu: 0.05%[39m
[titan] 2026-09-13 08:17:42,353 - root - INFO - [31mstep: 82  [32mloss:  2.74950  [38;2;180;60;0mgrad_norm:  1.9219  [38;2;54;234;195mmemory:  8.00GiB(10.10%)  [34mtps: 98  [36mtflops: 0.34  [35mmfu: 0.05%[39m
[titan] 2026-09-13 08:17:42,353 - root - INFO - [31mstep: 82  [32mloss:  2.74950  [38;2;180;60;0mgrad_norm:  1.9219  [38;2;54;234;195mmemory:  8.00GiB(10.10%)  [34mtps: 98  [36mtflops: 0.34  [35mmfu: 0.05%[39m
[titan] 2026-09-13 08:17:43,656 - root - INFO - [31mstep: 83  [32mloss: -2.00000  [38;2;180;60;0mgrad_norm:  1.7656  [38;2;54;234;195mmemory:  6.25GiB(7.89%)  [34mtps: 98  [36mtflops: 0.34  [35mmfu: 0.05%[39m
[titan] 2026-09-13 08:17:43,656 - root - INFO - [31mstep: 83  [32mloss: -2.00000  [38;2;180;60;0mgrad_norm:  1.7656  [38;2;54;234;195mmemory:  6.25GiB(7.89%)  [34mtps: 98  [36mtflops: 0.34  [35mmfu: 0.05%[39m
[titan] 2026-09-13 08:17:43,657 - root - INFO - [31mstep: 83  [32mloss:  2.73836  [38;2;180;60;0mgrad_norm:  1.7656  [38;2;54;234;195mmemory:  8.00GiB(10.10%)  [34mtps: 98  [36mtflops: 0.34  [35mmfu: 0.05%[39m
[titan] 2026-09-13 08:17:43,657 - root - INFO - [31mstep: 83  [32mloss:  2.73836  [38;2;180;60;0mgrad_norm:  1.7656  [38;2;54;234;195mmemory:  8.00GiB(10.10%)  [34mtps: 98  [36mtflops: 0.34  [35mmfu: 0.05%[39m
[titan] 2026-09-13 08:17:44,957 - root - INFO - [31mstep: 84  [32mloss: -2.00000  [38;2;180;60;0mgrad_norm:  1.5078  [38;2;54;234;195mmemory:  6.25GiB(7.89%)  [34mtps: 98  [36mtflops: 0.34  [35mmfu: 0.05%[39m
[titan] 2026-09-13 08:17:44,957 - root - INFO - [31mstep: 84  [32mloss: -2.00000  [38;2;180;60;0mgrad_norm:  1.5078  [38;2;54;234;195mmemory:  6.25GiB(7.89%)  [34mtps: 98  [36mtflops: 0.34  [35mmfu: 0.05%[39m
[titan] 2026-09-13 08:17:44,958 - root - INFO - [31mstep: 84  [32mloss:  2.64016  [38;2;180;60;0mgrad_norm:  1.5078  [38;2;54;234;195mmemory:  8.00GiB(10.10%)  [34mtps: 98  [36mtflops: 0.34  [35mmfu: 0.05%[39m
[titan] 2026-09-13 08:17:44,958 - root - INFO - [31mstep: 84  [32mloss:  2.64016  [38;2;180;60;0mgrad_norm:  1.5078  [38;2;54;234;195mmemory:  8.00GiB(10.10%)  [34mtps: 98  [36mtflops: 0.34  [35mmfu: 0.05%[39m
[titan] 2026-09-13 08:17:46,259 - root - INFO - [31mstep: 85  [32mloss: -2.00000  [38;2;180;60;0mgrad_norm:  1.6797  [38;2;54;234;195mmemory:  6.25GiB(7.89%)  [34mtps: 98  [36mtflops: 0.34  [35mmfu: 0.05%[39m
[titan] 2026-09-13 08:17:46,259 - root - INFO - [31mstep: 85  [32mloss: -2.00000  [38;2;180;60;0mgrad_norm:  1.6797  [38;2;54;234;195mmemory:  6.25GiB(7.89%)  [34mtps: 98  [36mtflops: 0.34  [35mmfu: 0.05%[39m
[titan] 2026-09-13 08:17:46,260 - root - INFO - [31mstep: 85  [32mloss:  2.75544  [38;2;180;60;0mgrad_norm:  1.6797  [38;2;54;234;195mmemory:  8.00GiB(10.10%)  [34mtps: 98  [36mtflops: 0.34  [35mmfu: 0.05%[39m
[titan] 2026-09-13 08:17:46,260 - root - INFO - [31mstep: 85  [32mloss:  2.75544  [38;2;180;60;0mgrad_norm:  1.6797  [38;2;54;234;195mmemory:  8.00GiB(10.10%)  [34mtps: 98  [36mtflops: 0.34  [35mmfu: 0.05%[39m
[titan] 2026-09-13 08:17:47,557 - root - INFO - [31mstep: 86  [32mloss: -2.00000  [38;2;180;60;0mgrad_norm:  1.5547  [38;2;54;234;195mmemory:  6.25GiB(7.89%)  [34mtps: 99  [36mtflops: 0.34  [35mmfu: 0.05%[39m
[titan] 2026-09-13 08:17:47,557 - root - INFO - [31mstep: 86  [32mloss: -2.00000  [38;2;180;60;0mgrad_norm:  1.5547  [38;2;54;234;195mmemory:  6.25GiB(7.89%)  [34mtps: 99  [36mtflops: 0.34  [35mmfu: 0.05%[39m
[titan] 2026-09-13 08:17:47,558 - root - INFO - [31mstep: 86  [32mloss:  2.65117  [38;2;180;60;0mgrad_norm:  1.5547  [38;2;54;234;195mmemory:  8.00GiB(10.10%)  [34mtps: 99  [36mtflops: 0.34  [35mmfu: 0.05%[39m
[titan] 2026-09-13 08:17:47,558 - root - INFO - [31mstep: 86  [32mloss:  2.65117  [38;2;180;60;0mgrad_norm:  1.5547  [38;2;54;234;195mmemory:  8.00GiB(10.10%)  [34mtps: 99  [36mtflops: 0.34  [35mmfu: 0.05%[39m
[titan] 2026-09-13 08:17:48,864 - root - INFO - [31mstep: 87  [32mloss: -2.00000  [38;2;180;60;0mgrad_norm:  1.6641  [38;2;54;234;195mmemory:  6.25GiB(7.89%)  [34mtps: 98  [36mtflops: 0.34  [35mmfu: 0.05%[39m
[titan] 2026-09-13 08:17:48,864 - root - INFO - [31mstep: 87  [32mloss: -2.00000  [38;2;180;60;0mgrad_norm:  1.6641  [38;2;54;234;195mmemory:  6.25GiB(7.89%)  [34mtps: 98  [36mtflops: 0.34  [35mmfu: 0.05%[39m
[titan] 2026-09-13 08:17:48,864 - root - INFO - [31mstep: 87  [32mloss:  2.77491  [38;2;180;60;0mgrad_norm:  1.6641  [38;2;54;234;195mmemory:  8.00GiB(10.10%)  [34mtps: 98  [36mtflops: 0.34  [35mmfu: 0.05%[39m
[titan] 2026-09-13 08:17:48,864 - root - INFO - [31mstep: 87  [32mloss:  2.77491  [38;2;180;60;0mgrad_norm:  1.6641  [38;2;54;234;195mmemory:  8.00GiB(10.10%)  [34mtps: 98  [36mtflops: 0.34  [35mmfu: 0.05%[39m
[titan] 2026-09-13 08:17:50,163 - root - INFO - [31mstep: 88  [32mloss: -2.00000  [38;2;180;60;0mgrad_norm:  1.4453  [38;2;54;234;195mmemory:  6.25GiB(7.89%)  [34mtps: 99  [36mtflops: 0.34  [35mmfu: 0.05%[39m
[titan] 2026-09-13 08:17:50,163 - root - INFO - [31mstep: 88  [32mloss: -2.00000  [38;2;180;60;0mgrad_norm:  1.4453  [38;2;54;234;195mmemory:  6.25GiB(7.89%)  [34mtps: 99  [36mtflops: 0.34  [35mmfu: 0.05%[39m
[titan] 2026-09-13 08:17:50,163 - root - INFO - [31mstep: 88  [32mloss:  2.67769  [38;2;180;60;0mgrad_norm:  1.4453  [38;2;54;234;195mmemory:  8.00GiB(10.10%)  [34mtps: 99  [36mtflops: 0.34  [35mmfu: 0.05%[39m
[titan] 2026-09-13 08:17:50,163 - root - INFO - [31mstep: 88  [32mloss:  2.67769  [38;2;180;60;0mgrad_norm:  1.4453  [38;2;54;234;195mmemory:  8.00GiB(10.10%)  [34mtps: 99  [36mtflops: 0.34  [35mmfu: 0.05%[39m
[titan] 2026-09-13 08:17:51,459 - root - INFO - [31mstep: 89  [32mloss: -2.00000  [38;2;180;60;0mgrad_norm:  1.9609  [38;2;54;234;195mmemory:  6.25GiB(7.89%)  [34mtps: 99  [36mtflops: 0.34  [35mmfu: 0.05%[39m
[titan] 2026-09-13 08:17:51,459 - root - INFO - [31mstep: 89  [32mloss: -2.00000  [38;2;180;60;0mgrad_norm:  1.9609  [38;2;54;234;195mmemory:  6.25GiB(7.89%)  [34mtps: 99  [36mtflops: 0.34  [35mmfu: 0.05%[39m
[titan] 2026-09-13 08:17:51,459 - root - INFO - [31mstep: 89  [32mloss:  2.64066  [38;2;180;60;0mgrad_norm:  1.9609  [38;2;54;234;195mmemory:  8.00GiB(10.10%)  [34mtps: 99  [36mtflops: 0.34  [35mmfu: 0.05%[39m
[titan] 2026-09-13 08:17:51,459 - root - INFO - [31mstep: 89  [32mloss:  2.64066  [38;2;180;60;0mgrad_norm:  1.9609  [38;2;54;234;195mmemory:  8.00GiB(10.10%)  [34mtps: 99  [36mtflops: 0.34  [35mmfu: 0.05%[39m
[titan] 2026-09-13 08:17:52,754 - root - INFO - [31mstep: 90  [32mloss: -2.00000  [38;2;180;60;0mgrad_norm:  1.6094  [38;2;54;234;195mmemory:  6.25GiB(7.89%)  [34mtps: 99  [36mtflops: 0.34  [35mmfu: 0.05%[39m
[titan] 2026-09-13 08:17:52,754 - root - INFO - [31mstep: 90  [32mloss: -2.00000  [38;2;180;60;0mgrad_norm:  1.6094  [38;2;54;234;195mmemory:  6.25GiB(7.89%)  [34mtps: 99  [36mtflops: 0.34  [35mmfu: 0.05%[39m
[titan] 2026-09-13 08:17:52,754 - root - INFO - [31mstep: 90  [32mloss:  2.52367  [38;2;180;60;0mgrad_norm:  1.6094  [38;2;54;234;195mmemory:  8.00GiB(10.10%)  [34mtps: 99  [36mtflops: 0.34  [35mmfu: 0.05%[39m
[titan] 2026-09-13 08:17:52,754 - root - INFO - [31mstep: 90  [32mloss:  2.52367  [38;2;180;60;0mgrad_norm:  1.6094  [38;2;54;234;195mmemory:  8.00GiB(10.10%)  [34mtps: 99  [36mtflops: 0.34  [35mmfu: 0.05%[39m
[titan] 2026-09-13 08:17:54,051 - root - INFO - [31mstep: 91  [32mloss: -2.00000  [38;2;180;60;0mgrad_norm:  1.5938  [38;2;54;234;195mmemory:  6.25GiB(7.89%)  [34mtps: 99  [36mtflops: 0.34  [35mmfu: 0.05%[39m
[titan] 2026-09-13 08:17:54,051 - root - INFO - [31mstep: 91  [32mloss: -2.00000  [38;2;180;60;0mgrad_norm:  1.5938  [38;2;54;234;195mmemory:  6.25GiB(7.89%)  [34mtps: 99  [36mtflops: 0.34  [35mmfu: 0.05%[39m
[titan] 2026-09-13 08:17:54,051 - root - INFO - [31mstep: 91  [32mloss:  2.86703  [38;2;180;60;0mgrad_norm:  1.5938  [38;2;54;234;195mmemory:  8.00GiB(10.10%)  [34mtps: 99  [36mtflops: 0.34  [35mmfu: 0.05%[39m
[titan] 2026-09-13 08:17:54,051 - root - INFO - [31mstep: 91  [32mloss:  2.86703  [38;2;180;60;0mgrad_norm:  1.5938  [38;2;54;234;195mmemory:  8.00GiB(10.10%)  [34mtps: 99  [36mtflops: 0.34  [35mmfu: 0.05%[39m
[titan] 2026-09-13 08:17:55,369 - root - INFO - [31mstep: 92  [32mloss: -2.00000  [38;2;180;60;0mgrad_norm:  1.5078  [38;2;54;234;195mmemory:  6.25GiB(7.89%)  [34mtps: 97  [36mtflops: 0.34  [35mmfu: 0.04%[39m
[titan] 2026-09-13 08:17:55,369 - root - INFO - [31mstep: 92  [32mloss: -2.00000  [38;2;180;60;0mgrad_norm:  1.5078  [38;2;54;234;195mmemory:  6.25GiB(7.89%)  [34mtps: 97  [36mtflops: 0.34  [35mmfu: 0.04%[39m
[titan] 2026-09-13 08:17:55,369 - root - INFO - [31mstep: 92  [32mloss:  2.77983  [38;2;180;60;0mgrad_norm:  1.5078  [38;2;54;234;195mmemory:  8.00GiB(10.10%)  [34mtps: 97  [36mtflops: 0.34  [35mmfu: 0.04%[39m
[titan] 2026-09-13 08:17:55,369 - root - INFO - [31mstep: 92  [32mloss:  2.77983  [38;2;180;60;0mgrad_norm:  1.5078  [38;2;54;234;195mmemory:  8.00GiB(10.10%)  [34mtps: 97  [36mtflops: 0.34  [35mmfu: 0.04%[39m
[titan] 2026-09-13 08:17:56,664 - root - INFO - [31mstep: 93  [32mloss: -2.00000  [38;2;180;60;0mgrad_norm:  2.1250  [38;2;54;234;195mmemory:  6.25GiB(7.89%)  [34mtps: 99  [36mtflops: 0.34  [35mmfu: 0.05%[39m
[titan] 2026-09-13 08:17:56,664 - root - INFO - [31mstep: 93  [32mloss: -2.00000  [38;2;180;60;0mgrad_norm:  2.1250  [38;2;54;234;195mmemory:  6.25GiB(7.89%)  [34mtps: 99  [36mtflops: 0.34  [35mmfu: 0.05%[39m
[titan] 2026-09-13 08:17:56,665 - root - INFO - [31mstep: 93  [32mloss:  2.66916  [38;2;180;60;0mgrad_norm:  2.1250  [38;2;54;234;195mmemory:  8.00GiB(10.10%)  [34mtps: 99  [36mtflops: 0.34  [35mmfu: 0.05%[39m
[titan] 2026-09-13 08:17:56,665 - root - INFO - [31mstep: 93  [32mloss:  2.66916  [38;2;180;60;0mgrad_norm:  2.1250  [38;2;54;234;195mmemory:  8.00GiB(10.10%)  [34mtps: 99  [36mtflops: 0.34  [35mmfu: 0.05%[39m
[titan] 2026-09-13 08:17:57,965 - root - INFO - [31mstep: 94  [32mloss: -2.00000  [38;2;180;60;0mgrad_norm:  1.6406  [38;2;54;234;195mmemory:  6.25GiB(7.89%)  [34mtps: 98  [36mtflops: 0.34  [35mmfu: 0.05%[39m
[titan] 2026-09-13 08:17:57,965 - root - INFO - [31mstep: 94  [32mloss: -2.00000  [38;2;180;60;0mgrad_norm:  1.6406  [38;2;54;234;195mmemory:  6.25GiB(7.89%)  [34mtps: 98  [36mtflops: 0.34  [35mmfu: 0.05%[39m
[titan] 2026-09-13 08:17:57,966 - root - INFO - [31mstep: 94  [32mloss:  2.60348  [38;2;180;60;0mgrad_norm:  1.6406  [38;2;54;234;195mmemory:  8.00GiB(10.10%)  [34mtps: 98  [36mtflops: 0.34  [35mmfu: 0.05%[39m
[titan] 2026-09-13 08:17:57,966 - root - INFO - [31mstep: 94  [32mloss:  2.60348  [38;2;180;60;0mgrad_norm:  1.6406  [38;2;54;234;195mmemory:  8.00GiB(10.10%)  [34mtps: 98  [36mtflops: 0.34  [35mmfu: 0.05%[39m
[titan] 2026-09-13 08:17:59,282 - root - INFO - [31mstep: 95  [32mloss: -2.00000  [38;2;180;60;0mgrad_norm:  1.3750  [38;2;54;234;195mmemory:  6.25GiB(7.89%)  [34mtps: 97  [36mtflops: 0.34  [35mmfu: 0.04%[39m
[titan] 2026-09-13 08:17:59,282 - root - INFO - [31mstep: 95  [32mloss: -2.00000  [38;2;180;60;0mgrad_norm:  1.3750  [38;2;54;234;195mmemory:  6.25GiB(7.89%)  [34mtps: 97  [36mtflops: 0.34  [35mmfu: 0.04%[39m
[titan] 2026-09-13 08:17:59,282 - root - INFO - [31mstep: 95  [32mloss:  2.77351  [38;2;180;60;0mgrad_norm:  1.3750  [38;2;54;234;195mmemory:  8.00GiB(10.10%)  [34mtps: 97  [36mtflops: 0.34  [35mmfu: 0.04%[39m
[titan] 2026-09-13 08:17:59,282 - root - INFO - [31mstep: 95  [32mloss:  2.77351  [38;2;180;60;0mgrad_norm:  1.3750  [38;2;54;234;195mmemory:  8.00GiB(10.10%)  [34mtps: 97  [36mtflops: 0.34  [35mmfu: 0.04%[39m
[titan] 2026-09-13 08:18:00,578 - root - INFO - [31mstep: 96  [32mloss: -2.00000  [38;2;180;60;0mgrad_norm:  1.7422  [38;2;54;234;195mmemory:  6.25GiB(7.89%)  [34mtps: 99  [36mtflops: 0.34  [35mmfu: 0.05%[39m
[titan] 2026-09-13 08:18:00,578 - root - INFO - [31mstep: 96  [32mloss: -2.00000  [38;2;180;60;0mgrad_norm:  1.7422  [38;2;54;234;195mmemory:  6.25GiB(7.89%)  [34mtps: 99  [36mtflops: 0.34  [35mmfu: 0.05%[39m
[titan] 2026-09-13 08:18:00,578 - root - INFO - [31mstep: 96  [32mloss:  2.68589  [38;2;180;60;0mgrad_norm:  1.7422  [38;2;54;234;195mmemory:  8.00GiB(10.10%)  [34mtps: 99  [36mtflops: 0.34  [35mmfu: 0.05%[39m
[titan] 2026-09-13 08:18:00,578 - root - INFO - [31mstep: 96  [32mloss:  2.68589  [38;2;180;60;0mgrad_norm:  1.7422  [38;2;54;234;195mmemory:  8.00GiB(10.10%)  [34mtps: 99  [36mtflops: 0.34  [35mmfu: 0.05%[39m
[titan] 2026-09-13 08:18:01,876 - root - INFO - [31mstep: 97  [32mloss: -2.00000  [38;2;180;60;0mgrad_norm:  1.7734  [38;2;54;234;195mmemory:  6.25GiB(7.89%)  [34mtps: 99  [36mtflops: 0.34  [35mmfu: 0.05%[39m
[titan] 2026-09-13 08:18:01,876 - root - INFO - [31mstep: 97  [32mloss: -2.00000  [38;2;180;60;0mgrad_norm:  1.7734  [38;2;54;234;195mmemory:  6.25GiB(7.89%)  [34mtps: 99  [36mtflops: 0.34  [35mmfu: 0.05%[39m
[titan] 2026-09-13 08:18:01,876 - root - INFO - [31mstep: 97  [32mloss:  2.62859  [38;2;180;60;0mgrad_norm:  1.7734  [38;2;54;234;195mmemory:  8.00GiB(10.10%)  [34mtps: 99  [36mtflops: 0.34  [35mmfu: 0.05%[39m
[titan] 2026-09-13 08:18:01,876 - root - INFO - [31mstep: 97  [32mloss:  2.62859  [38;2;180;60;0mgrad_norm:  1.7734  [38;2;54;234;195mmemory:  8.00GiB(10.10%)  [34mtps: 99  [36mtflops: 0.34  [35mmfu: 0.05%[39m
[titan] 2026-09-13 08:18:03,175 - root - INFO - [31mstep: 98  [32mloss: -2.00000  [38;2;180;60;0mgrad_norm:  1.7734  [38;2;54;234;195mmemory:  6.25GiB(7.89%)  [34mtps: 99  [36mtflops: 0.34  [35mmfu: 0.05%[39m
[titan] 2026-09-13 08:18:03,175 - root - INFO - [31mstep: 98  [32mloss: -2.00000  [38;2;180;60;0mgrad_norm:  1.7734  [38;2;54;234;195mmemory:  6.25GiB(7.89%)  [34mtps: 99  [36mtflops: 0.34  [35mmfu: 0.05%[39m
[titan] 2026-09-13 08:18:03,175 - root - INFO - [31mstep: 98  [32mloss:  2.93694  [38;2;180;60;0mgrad_norm:  1.7734  [38;2;54;234;195mmemory:  8.00GiB(10.10%)  [34mtps: 99  [36mtflops: 0.34  [35mmfu: 0.05%[39m
[titan] 2026-09-13 08:18:03,175 - root - INFO - [31mstep: 98  [32mloss:  2.93694  [38;2;180;60;0mgrad_norm:  1.7734  [38;2;54;234;195mmemory:  8.00GiB(10.10%)  [34mtps: 99  [36mtflops: 0.34  [35mmfu: 0.05%[39m
[titan] 2026-09-13 08:18:04,470 - root - INFO - [31mstep: 99  [32mloss: -2.00000  [38;2;180;60;0mgrad_norm:  1.3594  [38;2;54;234;195mmemory:  6.25GiB(7.89%)  [34mtps: 99  [36mtflops: 0.34  [35mmfu: 0.05%[39m
[titan] 2026-09-13 08:18:04,470 - root - INFO - [31mstep: 99  [32mloss: -2.00000  [38;2;180;60;0mgrad_norm:  1.3594  [38;2;54;234;195mmemory:  6.25GiB(7.89%)  [34mtps: 99  [36mtflops: 0.34  [35mmfu: 0.05%[39m
[titan] 2026-09-13 08:18:04,471 - root - INFO - [31mstep: 99  [32mloss:  2.71205  [38;2;180;60;0mgrad_norm:  1.3594  [38;2;54;234;195mmemory:  8.00GiB(10.10%)  [34mtps: 99  [36mtflops: 0.34  [35mmfu: 0.05%[39m
[titan] 2026-09-13 08:18:04,471 - root - INFO - [31mstep: 99  [32mloss:  2.71205  [38;2;180;60;0mgrad_norm:  1.3594  [38;2;54;234;195mmemory:  8.00GiB(10.10%)  [34mtps: 99  [36mtflops: 0.34  [35mmfu: 0.05%[39m
[titan] 2026-09-13 08:18:04,642 - root - INFO - [GC] Performing periodic GC collection took 0.17 seconds
[titan] 2026-09-13 08:18:04,644 - root - INFO - [GC] Performing periodic GC collection took 0.17 seconds
[titan] 2026-09-13 08:18:04,646 - root - INFO - [GC] Performing periodic GC collection took 0.18 seconds
[titan] 2026-09-13 08:18:04,651 - root - INFO - [GC] Performing periodic GC collection took 0.18 seconds
[titan] 2026-09-13 08:18:05,943 - root - INFO - [31mstep: 100  [32mloss: -2.00000  [38;2;180;60;0mgrad_norm:  1.8047  [38;2;54;234;195mmemory:  6.25GiB(7.89%)  [34mtps: 87  [36mtflops: 0.30  [35mmfu: 0.04%[39m
[titan] 2026-09-13 08:18:05,943 - root - INFO - [31mstep: 100  [32mloss: -2.00000  [38;2;180;60;0mgrad_norm:  1.8047  [38;2;54;234;195mmemory:  6.25GiB(7.89%)  [34mtps: 87  [36mtflops: 0.30  [35mmfu: 0.04%[39m
[titan] 2026-09-13 08:18:05,943 - root - INFO - Saving the checkpoint.
[titan] 2026-09-13 08:18:05,943 - root - INFO - Saving a full checkpoint at last step, step 100.
[titan] 2026-09-13 08:18:05,943 - root - INFO - Saving the checkpoint.
[titan] 2026-09-13 08:18:05,943 - root - INFO - [31mstep: 100  [32mloss:  2.75789  [38;2;180;60;0mgrad_norm:  1.8047  [38;2;54;234;195mmemory:  8.00GiB(10.10%)  [34mtps: 87  [36mtflops: 0.30  [35mmfu: 0.04%[39m
[titan] 2026-09-13 08:18:05,943 - root - INFO - Saving a full checkpoint at last step, step 100.
[titan] 2026-09-13 08:18:05,943 - root - INFO - [31mstep: 100  [32mloss:  2.75789  [38;2;180;60;0mgrad_norm:  1.8047  [38;2;54;234;195mmemory:  8.00GiB(10.10%)  [34mtps: 87  [36mtflops: 0.30  [35mmfu: 0.04%[39m
[titan] 2026-09-13 08:18:05,943 - root - INFO - Saving the checkpoint.
[titan] 2026-09-13 08:18:05,943 - root - INFO - Saving a full checkpoint at last step, step 100.
[titan] 2026-09-13 08:18:05,943 - root - INFO - Saving the checkpoint.
[titan] 2026-09-13 08:18:05,943 - root - INFO - Saving a full checkpoint at last step, step 100.
[titan] 2026-09-13 08:18:11,739 - root - INFO - [GC] GC collection invoked by checkpointer. took 0.04 seconds
[titan] 2026-09-13 08:18:11,746 - root - INFO - Last step checkpoint completed in 5.80s
[titan] 2026-09-13 08:18:11,747 - root - INFO - Sleeping 2 seconds for other ranks to complete
[titan] 2026-09-13 08:18:11,759 - root - INFO - [GC] GC collection invoked by checkpointer. took 0.03 seconds
[titan] 2026-09-13 08:18:11,764 - root - INFO - Last step checkpoint completed in 5.82s
[titan] 2026-09-13 08:18:11,764 - root - INFO - Training completed
[titan] 2026-09-13 08:18:11,771 - root - INFO - Destroying the purge thread.
[titan] 2026-09-13 08:18:11,816 - root - INFO - [GC] GC collection invoked by checkpointer. took 0.08 seconds
[titan] 2026-09-13 08:18:11,823 - root - INFO - Last step checkpoint completed in 5.88s
[titan] 2026-09-13 08:18:11,823 - root - INFO - Training completed
[titan] 2026-09-13 08:18:11,825 - root - INFO - [GC] GC collection invoked by checkpointer. took 0.09 seconds
[titan] 2026-09-13 08:18:11,830 - root - INFO - Destroying the purge thread.
[titan] 2026-09-13 08:18:11,831 - root - INFO - Last step checkpoint completed in 5.89s
[titan] 2026-09-13 08:18:11,832 - root - INFO - Training completed
[titan] 2026-09-13 08:18:11,838 - root - INFO - Destroying the purge thread.
[titan] 2026-09-13 08:18:13,747 - root - INFO - Training completed
[titan] 2026-09-13 08:18:13,753 - root - INFO - Destroying the purge thread.
[titan] 2026-09-13 08:18:16,521 - root - INFO - Process group destroyed
[titan] 2026-09-13 08:18:16,522 - root - INFO - Process group destroyed
[titan] 2026-09-13 08:18:16,524 - root - INFO - Process group destroyed
[titan] 2026-09-13 08:18:16,582 - root - INFO - Process group destroyed
