W0923 09:05:45.327000 24355 torch/distributed/run.py:982] 
W0923 09:05:45.327000 24355 torch/distributed/run.py:982] *****************************************
W0923 09:05:45.327000 24355 torch/distributed/run.py:982] Setting OMP_NUM_THREADS environment variable for each process to be 1 in default, to avoid your system being overloaded, please further tune the variable for optimal performance in your application as needed. 
W0923 09:05:45.327000 24355 torch/distributed/run.py:982] *****************************************
WARNING:absl:Failed to load jax profiler: No module named 'jax'
WARNING:absl:Failed to load jax profiler: No module named 'jax'
WARNING:absl:Failed to load jax profiler: No module named 'jax'
WARNING:absl:Failed to load jax profiler: No module named 'jax'
[titan] 2026-09-23 09:05:50,066 - __main__ - INFO - torchtitan version: 0.0.0+unknown (0.0.0 means __version__ is not defined correctly).
[titan] 2026-09-23 09:05:50,172 - __main__ - INFO - torchtitan version: 0.0.0+unknown (0.0.0 means __version__ is not defined correctly).
[titan] 2026-09-23 09:05:50,173 - __main__ - INFO - torchtitan version: 0.0.0+unknown (0.0.0 means __version__ is not defined correctly).
[titan] 2026-09-23 09:05:50,174 - __main__ - INFO - torchtitan version: 0.0.0+unknown (0.0.0 means __version__ is not defined correctly).
[titan] 2026-09-23 09:05:50,613 - torchtitan.components.checkpointer.base - WARNING - initial_load_model_only=True has no effect without an initial_load_path.
[titan] 2026-09-23 09:05:50,683 - torchtitan.components.checkpointer.base - WARNING - initial_load_model_only=True has no effect without an initial_load_path.
[titan] 2026-09-23 09:05:50,685 - torchtitan.observability.structured_logger.jsonl_handler - INFO - Structured logging -> JSONL: /home/ubuntu/results/pp_r4/d2_vp2n/structured_logs/training.global_rank_3.20260923-090550-SJTKVQ.jsonl
[titan] 2026-09-23 09:05:50,690 - torchtitan.components.checkpointer.base - WARNING - initial_load_model_only=True has no effect without an initial_load_path.
[titan] 2026-09-23 09:05:50,690 - torchtitan.components.checkpointer.base - WARNING - initial_load_model_only=True has no effect without an initial_load_path.
[titan] 2026-09-23 09:05:50,692 - torchtitan.components.checkpointer.base - WARNING - initial_load_model_only=True has no effect without an initial_load_path.
[titan] 2026-09-23 09:05:50,753 - torchtitan.components.checkpointer.base - WARNING - initial_load_model_only=True has no effect without an initial_load_path.
[titan] 2026-09-23 09:05:50,753 - torchtitan.components.checkpointer.base - WARNING - initial_load_model_only=True has no effect without an initial_load_path.
[titan] 2026-09-23 09:05:50,755 - torchtitan.observability.structured_logger.jsonl_handler - INFO - Structured logging -> JSONL: /home/ubuntu/results/pp_r4/d2_vp2n/structured_logs/training.global_rank_2.20260923-090550-BEQ1YI.jsonl
[titan] 2026-09-23 09:05:50,755 - torchtitan.components.checkpointer.base - WARNING - initial_load_model_only=True has no effect without an initial_load_path.
[titan] 2026-09-23 09:05:50,755 - torchtitan.observability.structured_logger.jsonl_handler - INFO - Structured logging -> JSONL: /home/ubuntu/results/pp_r4/d2_vp2n/structured_logs/training.global_rank_0.20260923-090550-D6WA6W.jsonl
[titan] 2026-09-23 09:05:50,757 - torchtitan.observability.structured_logger.jsonl_handler - INFO - Structured logging -> JSONL: /home/ubuntu/results/pp_r4/d2_vp2n/structured_logs/training.global_rank_1.20260923-090550-3TYHG6.jsonl
[titan] 2026-09-23 09:05:51,183 - torchtitan.distributed.utils - WARNING - ENV[TORCH_NCCL_ASYNC_ERROR_HANDLING] = 1 will be overridden to 3 based on job config
[titan] 2026-09-23 09:05:51,247 - torchtitan.distributed.utils - WARNING - ENV[TORCH_NCCL_ASYNC_ERROR_HANDLING] = 1 will be overridden to 3 based on job config
[titan] 2026-09-23 09:05:51,255 - torchtitan.distributed.utils - WARNING - ENV[TORCH_NCCL_ASYNC_ERROR_HANDLING] = 1 will be overridden to 3 based on job config
[titan] 2026-09-23 09:05:51,255 - torchtitan.distributed.utils - WARNING - ENV[TORCH_NCCL_ASYNC_ERROR_HANDLING] = 1 will be overridden to 3 based on job config
[titan] 2026-09-23 09:05:51,764 - torchtitan.tools.utils - INFO - [GC] Initial GC collection took 0.00 seconds
[titan] 2026-09-23 09:05:51,764 - torchtitan.distributed.utils - INFO - Deterministic algorithm enabled (expect perf degradation).
[titan] 2026-09-23 09:05:51,764 - torchtitan.tools.utils - INFO - [GC] Initial GC collection took 0.00 seconds
[titan] 2026-09-23 09:05:51,764 - torchtitan.distributed.utils - INFO - Deterministic algorithm enabled (expect perf degradation).
[titan] 2026-09-23 09:05:51,764 - torchtitan.tools.utils - INFO - [GC] Initial GC collection took 0.00 seconds
[titan] 2026-09-23 09:05:51,764 - torchtitan.distributed.utils - INFO - Deterministic algorithm enabled (expect perf degradation).
[titan] 2026-09-23 09:05:51,772 - torchtitan.tools.utils - INFO - [GC] Initial GC collection took 0.00 seconds
[titan] 2026-09-23 09:05:51,772 - torchtitan.distributed.utils - INFO - Deterministic algorithm enabled (expect perf degradation).
[titan] 2026-09-23 09:05:51,773 - torchtitan.distributed.parallel_dims - INFO - Building device mesh with parallelism: pp=2, dp_replicate=1, dp_shard=2, cp=1, tp=1, ep=1
[titan] 2026-09-23 09:05:51,773 - torchtitan.distributed.parallel_dims - INFO - Building device mesh with parallelism: pp=2, dp_replicate=1, dp_shard=2, cp=1, tp=1, ep=1
[titan] 2026-09-23 09:05:51,774 - torchtitan.distributed.parallel_dims - INFO - Building device mesh with parallelism: pp=2, dp_replicate=1, dp_shard=2, cp=1, tp=1, ep=1
[titan] 2026-09-23 09:05:51,783 - torchtitan.distributed.parallel_dims - INFO - Building device mesh with parallelism: pp=2, dp_replicate=1, dp_shard=2, cp=1, tp=1, ep=1
[titan] 2026-09-23 09:05:52,385 - torchtitan.distributed.parallel_dims - INFO - Successfully created meshes with active dimensions: ['pp', 'loss', 'dp', 'dp_shard']
[titan] 2026-09-23 09:05:52,385 - torchtitan.distributed.parallel_dims - INFO - Successfully created meshes with active dimensions: ['pp', 'loss', 'dp', 'dp_shard']
[titan] 2026-09-23 09:05:52,385 - torchtitan.distributed.parallel_dims - INFO - Successfully created meshes with active dimensions: ['pp', 'loss', 'dp', 'dp_shard']
[titan] 2026-09-23 09:05:52,385 - torchtitan.distributed.parallel_dims - INFO - Successfully created meshes with active dimensions: ['pp', 'loss', 'dp', 'dp_shard']
[titan] 2026-09-23 09:05:52,386 - torchtitan.observability.metrics - INFO - CUDA capacity: NVIDIA H100 80GB HBM3 with 79.18GiB memory
[titan] 2026-09-23 09:05:52,386 - torchtitan.observability.metrics - INFO - CUDA capacity: NVIDIA H100 80GB HBM3 with 79.18GiB memory
[titan] 2026-09-23 09:05:52,386 - torchtitan.observability.metrics - INFO - CUDA capacity: NVIDIA H100 80GB HBM3 with 79.18GiB memory
[titan] 2026-09-23 09:05:52,386 - torchtitan.observability.metrics - INFO - CUDA capacity: NVIDIA H100 80GB HBM3 with 79.18GiB memory
[titan] 2026-09-23 09:05:52,416 - torchtitan.components.tokenizer - INFO - Loading tokenizer from tokenizer.json
[titan] 2026-09-23 09:05:52,417 - torchtitan.components.tokenizer - INFO - Loading tokenizer from tokenizer.json
[titan] 2026-09-23 09:05:52,417 - torchtitan.components.tokenizer - INFO - Loading tokenizer from tokenizer.json
[titan] 2026-09-23 09:05:52,417 - torchtitan.components.tokenizer - INFO - Loading tokenizer from tokenizer.json
[titan] 2026-09-23 09:05:53,147 - httpx - INFO - HTTP Request: HEAD https://s3.amazonaws.com/datasets.huggingface.co/datasets/datasets/json/json.py "HTTP/1.1 200 OK"
[titan] 2026-09-23 09:05:53,154 - httpx - INFO - HTTP Request: HEAD https://s3.amazonaws.com/datasets.huggingface.co/datasets/datasets/json/json.py "HTTP/1.1 200 OK"
[titan] 2026-09-23 09:05:53,156 - httpx - INFO - HTTP Request: HEAD https://s3.amazonaws.com/datasets.huggingface.co/datasets/datasets/json/json.py "HTTP/1.1 200 OK"
[titan] 2026-09-23 09:05:53,162 - httpx - INFO - HTTP Request: HEAD https://s3.amazonaws.com/datasets.huggingface.co/datasets/datasets/json/json.py "HTTP/1.1 200 OK"
[titan] 2026-09-23 09:05:53,247 - torchtitan.protocols.state_dict_adapter - WARNING - model.safetensors.index.json not found at hf_assets_path: ./tests/assets/tokenizer/model.safetensors.index.json.                     Defaulting to saving a single safetensors file if checkpoint is saved in HF format
[titan] 2026-09-23 09:05:53,249 - torchtitan.models.utils - INFO - Total parameter count: 25,776,880, active parameters: 17,236,208
[titan] 2026-09-23 09:05:53,251 - torchtitan.protocols.state_dict_adapter - WARNING - model.safetensors.index.json not found at hf_assets_path: ./tests/assets/tokenizer/model.safetensors.index.json.                     Defaulting to saving a single safetensors file if checkpoint is saved in HF format
[titan] 2026-09-23 09:05:53,252 - torchtitan.protocols.state_dict_adapter - WARNING - model.safetensors.index.json not found at hf_assets_path: ./tests/assets/tokenizer/model.safetensors.index.json.                     Defaulting to saving a single safetensors file if checkpoint is saved in HF format
[titan] 2026-09-23 09:05:53,254 - torchtitan.models.utils - INFO - Total parameter count: 25,776,880, active parameters: 17,236,208
[titan] 2026-09-23 09:05:53,255 - torchtitan.models.utils - INFO - Total parameter count: 25,776,880, active parameters: 17,236,208
[titan] 2026-09-23 09:05:53,257 - torchtitan.protocols.state_dict_adapter - WARNING - model.safetensors.index.json not found at hf_assets_path: ./tests/assets/tokenizer/model.safetensors.index.json.                     Defaulting to saving a single safetensors file if checkpoint is saved in HF format
[titan] 2026-09-23 09:05:53,259 - torchtitan.models.utils - INFO - Total parameter count: 25,776,880, active parameters: 17,236,208
[rank3]:W0923 09:05:53.306000 24485 torch/_logging/_internal.py:1407] Pipeline parallelism is using an eager NCCL communicator. Consider creating its process group with backend="nccl-lazy" so peer communicators are initialized lazily and traffic to different peers can overlap.
[titan] 2026-09-23 09:05:53,306 - torchtitan.distributed.pipeline_parallel - INFO - PP rank 1 is building stage_idx 1 with modules ['layers.4', 'layers.5', 'layers.6', 'layers.7', 'layers.8']
[rank0]:W0923 09:05:53.309000 24482 torch/_logging/_internal.py:1407] Pipeline parallelism is using an eager NCCL communicator. Consider creating its process group with backend="nccl-lazy" so peer communicators are initialized lazily and traffic to different peers can overlap.
[titan] 2026-09-23 09:05:53,309 - torchtitan.distributed.pipeline_parallel - INFO - PP rank 0 is building stage_idx 0 with modules ['vision_encoder', 'tok_embeddings', 'layers.0', 'layers.1', 'layers.2', 'layers.3']
[rank2]:W0923 09:05:53.311000 24484 torch/_logging/_internal.py:1407] Pipeline parallelism is using an eager NCCL communicator. Consider creating its process group with backend="nccl-lazy" so peer communicators are initialized lazily and traffic to different peers can overlap.
[titan] 2026-09-23 09:05:53,311 - torchtitan.distributed.pipeline_parallel - INFO - PP rank 1 is building stage_idx 1 with modules ['layers.4', 'layers.5', 'layers.6', 'layers.7', 'layers.8']
[rank1]:W0923 09:05:53.314000 24483 torch/_logging/_internal.py:1407] Pipeline parallelism is using an eager NCCL communicator. Consider creating its process group with backend="nccl-lazy" so peer communicators are initialized lazily and traffic to different peers can overlap.
[titan] 2026-09-23 09:05:53,315 - torchtitan.distributed.pipeline_parallel - INFO - PP rank 0 is building stage_idx 0 with modules ['vision_encoder', 'tok_embeddings', 'layers.0', 'layers.1', 'layers.2', 'layers.3']
[titan] 2026-09-23 09:05:53,359 - torchtitan.distributed.pipeline_parallel - INFO - PP rank 1 is building stage_idx 3 with modules ['layers.14', 'layers.15', 'layers.16', 'norm', 'lm_head', 'output_res_proj', 'output_res_norm']
[titan] 2026-09-23 09:05:53,361 - torchtitan.distributed.pipeline_parallel - INFO - PP rank 0 is building stage_idx 2 with modules ['layers.9', 'layers.10', 'layers.11', 'layers.12', 'layers.13']
[titan] 2026-09-23 09:05:53,364 - torchtitan.distributed.pipeline_parallel - INFO - PP rank 1 is building stage_idx 3 with modules ['layers.14', 'layers.15', 'layers.16', 'norm', 'lm_head', 'output_res_proj', 'output_res_norm']
[titan] 2026-09-23 09:05:53,367 - torchtitan.distributed.pipeline_parallel - INFO - PP rank 0 is building stage_idx 2 with modules ['layers.9', 'layers.10', 'layers.11', 'layers.12', 'layers.13']
[titan] 2026-09-23 09:05:53,379 - torchtitan.distributed.activation_checkpoint - INFO - Applied SelectiveAC activation checkpointing to the model
[titan] 2026-09-23 09:05:53,379 - torchtitan.distributed.activation_checkpoint - INFO - Applied SelectiveAC activation checkpointing to the model
[titan] 2026-09-23 09:05:53,379 - torchtitan.distributed.activation_checkpoint - INFO - Applied SelectiveAC activation checkpointing to the model
[titan] 2026-09-23 09:05:53,382 - torchtitan.distributed.activation_checkpoint - INFO - Applied SelectiveAC activation checkpointing to the model
[titan] 2026-09-23 09:05:53,384 - torchtitan.distributed.activation_checkpoint - INFO - Applied SelectiveAC activation checkpointing to the model
[titan] 2026-09-23 09:05:53,385 - torchtitan.distributed.activation_checkpoint - INFO - Applied SelectiveAC activation checkpointing to the model
[titan] 2026-09-23 09:05:53,459 - torchtitan.distributed.fsdp - INFO - Applied FSDP to the model
[titan] 2026-09-23 09:05:53,461 - torchtitan.distributed.fsdp - INFO - Applied FSDP to the model
[titan] 2026-09-23 09:05:53,468 - torchtitan.distributed.activation_checkpoint - INFO - Applied SelectiveAC activation checkpointing to the model
[titan] 2026-09-23 09:05:53,469 - torchtitan.distributed.activation_checkpoint - INFO - Applied SelectiveAC activation checkpointing to the model
[titan] 2026-09-23 09:05:53,470 - torchtitan.distributed.fsdp - INFO - Applied FSDP to the model
[titan] 2026-09-23 09:05:53,476 - torchtitan.distributed.fsdp - INFO - Applied FSDP to the model
[titan] 2026-09-23 09:05:53,483 - torchtitan.distributed.activation_checkpoint - INFO - Applied SelectiveAC activation checkpointing to the model
[titan] 2026-09-23 09:05:53,489 - torchtitan.distributed.activation_checkpoint - INFO - Applied SelectiveAC activation checkpointing to the model
[titan] 2026-09-23 09:05:53,489 - torchtitan.distributed.fsdp - INFO - Applied FSDP to the model
[titan] 2026-09-23 09:05:53,489 - torchtitan.distributed.pipeline_parallel - INFO - Using pipeline schedule Interleaved1F1B with 4 microbatches and 4 stages.
[titan] 2026-09-23 09:05:53,490 - torchtitan.models.kimi_k3.pipeline_parallel - INFO - Kimi K3 pipeline: 2 stage(s) on this rank [1, 3], block transport whole stack every hop
[titan] 2026-09-23 09:05:53,490 - torchtitan.distributed.fsdp - INFO - Applied FSDP to the model
[titan] 2026-09-23 09:05:53,490 - torchtitan.distributed.pipeline_parallel - INFO - Using pipeline schedule Interleaved1F1B with 4 microbatches and 4 stages.
[titan] 2026-09-23 09:05:53,490 - torchtitan.models.kimi_k3.pipeline_parallel - INFO - Kimi K3 pipeline: 2 stage(s) on this rank [1, 3], block transport whole stack every hop
[titan] 2026-09-23 09:05:53,515 - torchtitan.distributed.fsdp - INFO - Applied FSDP to the model
[titan] 2026-09-23 09:05:53,515 - torchtitan.distributed.pipeline_parallel - INFO - Using pipeline schedule Interleaved1F1B with 4 microbatches and 4 stages.
[titan] 2026-09-23 09:05:53,515 - torchtitan.models.kimi_k3.pipeline_parallel - INFO - Kimi K3 pipeline: 2 stage(s) on this rank [0, 2], block transport whole stack every hop
[titan] 2026-09-23 09:05:53,520 - torchtitan.distributed.fsdp - INFO - Applied FSDP to the model
[titan] 2026-09-23 09:05:53,520 - torchtitan.distributed.pipeline_parallel - INFO - Using pipeline schedule Interleaved1F1B with 4 microbatches and 4 stages.
[titan] 2026-09-23 09:05:53,521 - torchtitan.models.kimi_k3.pipeline_parallel - INFO - Kimi K3 pipeline: 2 stage(s) on this rank [0, 2], block transport whole stack every hop
[titan] 2026-09-23 09:05:53,892 - torchtitan.training_engine - INFO - Model KimiK3Model.Config size: 25,776,880 total parameters
[titan] 2026-09-23 09:05:53,892 - torchtitan.training_engine - INFO - Model KimiK3Model.Config size: 25,776,880 total parameters
[titan] 2026-09-23 09:05:53,893 - torchtitan.components.optimizer.optimizer - INFO - Optimizer AdamW (model_part=0): 139 params [.*] {'fused': True, 'foreach': False, 'lr': 0.0008, 'betas': (0.9, 0.95), 'eps': 1e-08, 'weight_decay': 0.1}
[titan] 2026-09-23 09:05:53,893 - torchtitan.components.optimizer.optimizer - INFO - Optimizer AdamW (model_part=0): 139 params [.*] {'fused': True, 'foreach': False, 'lr': 0.0008, 'betas': (0.9, 0.95), 'eps': 1e-08, 'weight_decay': 0.1}
[titan] 2026-09-23 09:05:53,893 - torchtitan.components.optimizer.optimizer - INFO - Optimizer AdamW (model_part=1): 79 params [.*] {'fused': True, 'foreach': False, 'lr': 0.0008, 'betas': (0.9, 0.95), 'eps': 1e-08, 'weight_decay': 0.1}
[titan] 2026-09-23 09:05:53,894 - torchtitan.components.optimizer.optimizer - INFO - Optimizer AdamW (model_part=1): 79 params [.*] {'fused': True, 'foreach': False, 'lr': 0.0008, 'betas': (0.9, 0.95), 'eps': 1e-08, 'weight_decay': 0.1}
[titan] 2026-09-23 09:05:53,895 - torchtitan.components.checkpointer.base - WARNING - initial_load_model_only=True has no effect without an initial_load_path.
[titan] 2026-09-23 09:05:53,895 - torchtitan.components.checkpointer.base - WARNING - initial_load_model_only=True has no effect without an initial_load_path.
[titan] 2026-09-23 09:05:53,897 - torchtitan.components.checkpointer.dcp - INFO - Checkpointing active. Checkpoints will be loaded from and saved to /home/ubuntu/results/pp_r4/d2_vp2n/checkpoint
[titan] 2026-09-23 09:05:53,897 - torchtitan.components.checkpointer.dcp - INFO - Checkpointing active. Checkpoints will be loaded from and saved to /home/ubuntu/results/pp_r4/d2_vp2n/checkpoint
[titan] 2026-09-23 09:05:53,897 - torchtitan.observability.metrics - WARNING - [31mPipeline Parallel loss is not visible. Please add [33mrank 2[31m to LOG_RANK environment variable in run_train.sh.[39m
[titan] 2026-09-23 09:05:53,898 - torchtitan.trainer - INFO - Peak FLOPS used for computing MFU: 9.890e+14
[titan] 2026-09-23 09:05:53,898 - torchtitan.trainer - INFO - CUDA memory usage for model: 0.01GiB(0.02%)
[titan] 2026-09-23 09:05:53,898 - torchtitan.trainer - INFO - Trainer is initialized with 1024 tokens per DP rank, 2048 tokens per train step, gradient accumulation steps 1, maximum context length 2048, total steps 100 (warmup 2)
[titan] 2026-09-23 09:05:53,898 - torchtitan.observability.metrics - WARNING - [31mPipeline Parallel loss is not visible. Please add [33mrank 2[31m to LOG_RANK environment variable in run_train.sh.[39m
[titan] 2026-09-23 09:05:53,898 - torchtitan.trainer - INFO - Peak FLOPS used for computing MFU: 9.890e+14
[titan] 2026-09-23 09:05:53,898 - torchtitan.trainer - INFO - CUDA memory usage for model: 0.01GiB(0.02%)
[titan] 2026-09-23 09:05:53,898 - torchtitan.trainer - INFO - Trainer is initialized with 1024 tokens per DP rank, 2048 tokens per train step, gradient accumulation steps 1, maximum context length 2048, total steps 100 (warmup 2)
[titan] 2026-09-23 09:05:53,898 - torchtitan.components.checkpointer.base - INFO - Loading the checkpoint from /home/ubuntu/results/pp_r4/d2_vp2n/checkpoint/step-0.
[titan] 2026-09-23 09:05:53,898 - torchtitan.components.checkpointer.base - INFO - Loading the checkpoint from /home/ubuntu/results/pp_r4/d2_vp2n/checkpoint/step-0.
[titan] 2026-09-23 09:05:54,114 - torchtitan.training_engine - INFO - Model KimiK3Model.Config size: 25,776,880 total parameters
[titan] 2026-09-23 09:05:54,114 - torchtitan.training_engine - INFO - Model KimiK3Model.Config size: 25,776,880 total parameters
[titan] 2026-09-23 09:05:54,115 - torchtitan.components.optimizer.optimizer - INFO - Optimizer AdamW (model_part=0): 124 params [.*] {'fused': True, 'foreach': False, 'lr': 0.0008, 'betas': (0.9, 0.95), 'eps': 1e-08, 'weight_decay': 0.1}
[titan] 2026-09-23 09:05:54,115 - torchtitan.components.optimizer.optimizer - INFO - Optimizer AdamW (model_part=0): 124 params [.*] {'fused': True, 'foreach': False, 'lr': 0.0008, 'betas': (0.9, 0.95), 'eps': 1e-08, 'weight_decay': 0.1}
[titan] 2026-09-23 09:05:54,116 - torchtitan.components.optimizer.optimizer - INFO - Optimizer AdamW (model_part=1): 139 params [.*] {'fused': True, 'foreach': False, 'lr': 0.0008, 'betas': (0.9, 0.95), 'eps': 1e-08, 'weight_decay': 0.1}
[titan] 2026-09-23 09:05:54,116 - torchtitan.components.optimizer.optimizer - INFO - Optimizer AdamW (model_part=1): 139 params [.*] {'fused': True, 'foreach': False, 'lr': 0.0008, 'betas': (0.9, 0.95), 'eps': 1e-08, 'weight_decay': 0.1}
[titan] 2026-09-23 09:05:54,117 - torchtitan.components.checkpointer.base - WARNING - initial_load_model_only=True has no effect without an initial_load_path.
[titan] 2026-09-23 09:05:54,117 - torchtitan.components.checkpointer.base - WARNING - initial_load_model_only=True has no effect without an initial_load_path.
[titan] 2026-09-23 09:05:54,120 - torchtitan.components.checkpointer.dcp - INFO - Checkpointing active. Checkpoints will be loaded from and saved to /home/ubuntu/results/pp_r4/d2_vp2n/checkpoint
[titan] 2026-09-23 09:05:54,121 - torchtitan.observability.metrics - WARNING - [31mPipeline Parallel loss is not visible. Please add [33mrank 2[31m to LOG_RANK environment variable in run_train.sh.[39m
[titan] 2026-09-23 09:05:54,121 - torchtitan.trainer - INFO - Peak FLOPS used for computing MFU: 9.890e+14
[titan] 2026-09-23 09:05:54,121 - torchtitan.trainer - INFO - CUDA memory usage for model: 0.02GiB(0.02%)
[titan] 2026-09-23 09:05:54,121 - torchtitan.components.checkpointer.dcp - INFO - Checkpointing active. Checkpoints will be loaded from and saved to /home/ubuntu/results/pp_r4/d2_vp2n/checkpoint
[titan] 2026-09-23 09:05:54,121 - torchtitan.trainer - INFO - Trainer is initialized with 1024 tokens per DP rank, 2048 tokens per train step, gradient accumulation steps 1, maximum context length 2048, total steps 100 (warmup 2)
[titan] 2026-09-23 09:05:54,121 - torchtitan.observability.metrics - WARNING - [31mPipeline Parallel loss is not visible. Please add [33mrank 2[31m to LOG_RANK environment variable in run_train.sh.[39m
[titan] 2026-09-23 09:05:54,121 - torchtitan.trainer - INFO - Peak FLOPS used for computing MFU: 9.890e+14
[titan] 2026-09-23 09:05:54,121 - torchtitan.trainer - INFO - CUDA memory usage for model: 0.02GiB(0.02%)
[titan] 2026-09-23 09:05:54,121 - torchtitan.components.checkpointer.base - INFO - Loading the checkpoint from /home/ubuntu/results/pp_r4/d2_vp2n/checkpoint/step-0.
[titan] 2026-09-23 09:05:54,121 - torchtitan.trainer - INFO - Trainer is initialized with 1024 tokens per DP rank, 2048 tokens per train step, gradient accumulation steps 1, maximum context length 2048, total steps 100 (warmup 2)
[titan] 2026-09-23 09:05:54,122 - torchtitan.components.checkpointer.base - INFO - Loading the checkpoint from /home/ubuntu/results/pp_r4/d2_vp2n/checkpoint/step-0.
[titan] 2026-09-23 09:05:55,068 - torchtitan.tools.utils - INFO - [GC] GC collection for checkpoint loading. took 0.01 seconds
[titan] 2026-09-23 09:05:55,068 - torchtitan.components.checkpointer.base - INFO - Finished loading the checkpoint in 1.17 seconds.
[titan] 2026-09-23 09:05:55,068 - torchtitan.trainer - INFO - Training starts at step 1
[titan] 2026-09-23 09:05:55,069 - torchtitan.tools.utils - INFO - [GC] GC collection for checkpoint loading. took 0.01 seconds
[titan] 2026-09-23 09:05:55,069 - torchtitan.components.checkpointer.base - INFO - Finished loading the checkpoint in 1.17 seconds.
[titan] 2026-09-23 09:05:55,069 - torchtitan.trainer - INFO - Training starts at step 1
[titan] 2026-09-23 09:05:55,077 - torchtitan.tools.utils - INFO - [GC] GC collection for checkpoint loading. took 0.01 seconds
[titan] 2026-09-23 09:05:55,078 - torchtitan.components.checkpointer.base - INFO - Finished loading the checkpoint in 0.96 seconds.
[titan] 2026-09-23 09:05:55,078 - torchtitan.trainer - INFO - Training starts at step 1
[titan] 2026-09-23 09:05:55,079 - torchtitan.tools.utils - INFO - [GC] GC collection for checkpoint loading. took 0.01 seconds
[titan] 2026-09-23 09:05:55,079 - torchtitan.components.checkpointer.base - INFO - Finished loading the checkpoint in 0.96 seconds.
[titan] 2026-09-23 09:05:55,079 - torchtitan.trainer - INFO - Training starts at step 1
/home/ubuntu/venv_k3/lib/python3.12/site-packages/torch/distributed/fsdp/_fully_shard/_fsdp_state.py:336: UserWarning: FSDP2-wrapped module (FSDPCheckpointWrapper) returned a view tensor. An in-place op on this view (e.g., `x += y`) will silently drop the pre-backward hook and skip the all-gather, which can cause backward to fail or produce wrong gradients. Use out-of-place ops (`out = out + y`, not `out += y`) or `.clone()` the output before any in-place op.
  output = self._register_pre_backward_hook(output)
/home/ubuntu/venv_k3/lib/python3.12/site-packages/torch/distributed/fsdp/_fully_shard/_fsdp_state.py:336: UserWarning: FSDP2-wrapped module (FSDPCheckpointWrapper) returned a view tensor. An in-place op on this view (e.g., `x += y`) will silently drop the pre-backward hook and skip the all-gather, which can cause backward to fail or produce wrong gradients. Use out-of-place ops (`out = out + y`, not `out += y`) or `.clone()` the output before any in-place op.
  output = self._register_pre_backward_hook(output)
/home/ubuntu/venv_k3/lib/python3.12/site-packages/torch/distributed/fsdp/_fully_shard/_fsdp_state.py:336: UserWarning: FSDP2-wrapped module (FSDPCheckpointWrapper) returned a view tensor. An in-place op on this view (e.g., `x += y`) will silently drop the pre-backward hook and skip the all-gather, which can cause backward to fail or produce wrong gradients. Use out-of-place ops (`out = out + y`, not `out += y`) or `.clone()` the output before any in-place op.
  output = self._register_pre_backward_hook(output)
/home/ubuntu/venv_k3/lib/python3.12/site-packages/torch/distributed/fsdp/_fully_shard/_fsdp_state.py:336: UserWarning: FSDP2-wrapped module (FSDPKimiK3Model) returned a view tensor. An in-place op on this view (e.g., `x += y`) will silently drop the pre-backward hook and skip the all-gather, which can cause backward to fail or produce wrong gradients. Use out-of-place ops (`out = out + y`, not `out += y`) or `.clone()` the output before any in-place op.
  output = self._register_pre_backward_hook(output)
/home/ubuntu/venv_k3/lib/python3.12/site-packages/torch/distributed/fsdp/_fully_shard/_fsdp_state.py:336: UserWarning: FSDP2-wrapped module (FSDPCheckpointWrapper) returned a view tensor. An in-place op on this view (e.g., `x += y`) will silently drop the pre-backward hook and skip the all-gather, which can cause backward to fail or produce wrong gradients. Use out-of-place ops (`out = out + y`, not `out += y`) or `.clone()` the output before any in-place op.
  output = self._register_pre_backward_hook(output)
/home/ubuntu/venv_k3/lib/python3.12/site-packages/torch/distributed/fsdp/_fully_shard/_fsdp_state.py:336: UserWarning: FSDP2-wrapped module (FSDPKimiK3Model) returned a view tensor. An in-place op on this view (e.g., `x += y`) will silently drop the pre-backward hook and skip the all-gather, which can cause backward to fail or produce wrong gradients. Use out-of-place ops (`out = out + y`, not `out += y`) or `.clone()` the output before any in-place op.
  output = self._register_pre_backward_hook(output)
/home/ubuntu/venv_k3/lib/python3.12/site-packages/torch/distributed/fsdp/_fully_shard/_fsdp_state.py:336: UserWarning: FSDP2-wrapped module (FSDPCheckpointWrapper) returned a view tensor. An in-place op on this view (e.g., `x += y`) will silently drop the pre-backward hook and skip the all-gather, which can cause backward to fail or produce wrong gradients. Use out-of-place ops (`out = out + y`, not `out += y`) or `.clone()` the output before any in-place op.
  output = self._register_pre_backward_hook(output)
/home/ubuntu/venv_k3/lib/python3.12/site-packages/torch/distributed/fsdp/_fully_shard/_fsdp_state.py:336: UserWarning: FSDP2-wrapped module (FSDPCheckpointWrapper) returned a view tensor. An in-place op on this view (e.g., `x += y`) will silently drop the pre-backward hook and skip the all-gather, which can cause backward to fail or produce wrong gradients. Use out-of-place ops (`out = out + y`, not `out += y`) or `.clone()` the output before any in-place op.
  output = self._register_pre_backward_hook(output)
/home/ubuntu/venv_k3/lib/python3.12/site-packages/torch/distributed/fsdp/_fully_shard/_fsdp_state.py:336: UserWarning: FSDP2-wrapped module (FSDPCheckpointWrapper) returned a view tensor. An in-place op on this view (e.g., `x += y`) will silently drop the pre-backward hook and skip the all-gather, which can cause backward to fail or produce wrong gradients. Use out-of-place ops (`out = out + y`, not `out += y`) or `.clone()` the output before any in-place op.
  output = self._register_pre_backward_hook(output)
/home/ubuntu/venv_k3/lib/python3.12/site-packages/torch/distributed/fsdp/_fully_shard/_fsdp_state.py:336: UserWarning: FSDP2-wrapped module (FSDPCheckpointWrapper) returned a view tensor. An in-place op on this view (e.g., `x += y`) will silently drop the pre-backward hook and skip the all-gather, which can cause backward to fail or produce wrong gradients. Use out-of-place ops (`out = out + y`, not `out += y`) or `.clone()` the output before any in-place op.
  output = self._register_pre_backward_hook(output)
[titan] 2026-09-23 09:06:02,507 - torchtitan.observability.metrics - INFO - [31mstep:  1  [32mloss:  8.05969  [38;2;180;60;0mgrad_norm:  2.0111  [38;2;54;234;195mmemory:  0.27GiB(0.34%)  [34mtps: 51  [36mtflops: 0.01  [35mmfu: 0.00%[39m
[titan] 2026-09-23 09:06:02,507 - torchtitan.observability.metrics - INFO - [31mstep:  1  [32mloss:  8.05969  [38;2;180;60;0mgrad_norm:  2.0111  [38;2;54;234;195mmemory:  0.27GiB(0.34%)  [34mtps: 51  [36mtflops: 0.01  [35mmfu: 0.00%[39m
[titan] 2026-09-23 09:06:02,508 - torchtitan.distributed.utils - INFO - Synchronizing and adjusting timeout for all ProcessGroups to 0:01:40
[titan] 2026-09-23 09:06:02,508 - torchtitan.distributed.utils - INFO - Synchronizing and adjusting timeout for all ProcessGroups to 0:01:40
[titan] 2026-09-23 09:06:02,579 - torchtitan.observability.metrics - INFO - [31mstep:  1  [32mloss: -2.00000  [38;2;180;60;0mgrad_norm:  2.0111  [38;2;54;234;195mmemory:  0.31GiB(0.40%)  [34mtps: 50  [36mtflops: 0.01  [35mmfu: 0.00%[39m
[titan] 2026-09-23 09:06:02,579 - torchtitan.observability.metrics - INFO - [31mstep:  1  [32mloss: -2.00000  [38;2;180;60;0mgrad_norm:  2.0111  [38;2;54;234;195mmemory:  0.31GiB(0.40%)  [34mtps: 50  [36mtflops: 0.01  [35mmfu: 0.00%[39m
[titan] 2026-09-23 09:06:02,579 - torchtitan.distributed.utils - INFO - Synchronizing and adjusting timeout for all ProcessGroups to 0:01:40
[titan] 2026-09-23 09:06:02,579 - torchtitan.distributed.utils - INFO - Synchronizing and adjusting timeout for all ProcessGroups to 0:01:40
[titan] 2026-09-23 09:06:03,452 - torchtitan.observability.metrics - INFO - [31mstep:  2  [32mloss:  7.08605  [38;2;180;60;0mgrad_norm:  6.0974  [38;2;54;234;195mmemory:  0.29GiB(0.37%)  [34mtps: 542  [36mtflops: 0.09  [35mmfu: 0.01%[39m
[titan] 2026-09-23 09:06:03,452 - torchtitan.observability.metrics - INFO - [31mstep:  2  [32mloss:  7.08605  [38;2;180;60;0mgrad_norm:  6.0974  [38;2;54;234;195mmemory:  0.29GiB(0.37%)  [34mtps: 542  [36mtflops: 0.09  [35mmfu: 0.01%[39m
[titan] 2026-09-23 09:06:03,457 - torchtitan.observability.metrics - INFO - [31mstep:  2  [32mloss: -2.00000  [38;2;180;60;0mgrad_norm:  6.0974  [38;2;54;234;195mmemory:  0.34GiB(0.42%)  [34mtps: 583  [36mtflops: 0.09  [35mmfu: 0.01%[39m
[titan] 2026-09-23 09:06:03,457 - torchtitan.observability.metrics - INFO - [31mstep:  2  [32mloss: -2.00000  [38;2;180;60;0mgrad_norm:  6.0974  [38;2;54;234;195mmemory:  0.34GiB(0.42%)  [34mtps: 583  [36mtflops: 0.09  [35mmfu: 0.01%[39m
[titan] 2026-09-23 09:06:04,316 - torchtitan.observability.metrics - INFO - [31mstep:  3  [32mloss:  5.82197  [38;2;180;60;0mgrad_norm:  4.1593  [38;2;54;234;195mmemory:  0.29GiB(0.37%)  [34mtps: 593  [36mtflops: 0.09  [35mmfu: 0.01%[39m
[titan] 2026-09-23 09:06:04,316 - torchtitan.observability.metrics - INFO - [31mstep:  3  [32mloss:  5.82197  [38;2;180;60;0mgrad_norm:  4.1593  [38;2;54;234;195mmemory:  0.29GiB(0.37%)  [34mtps: 593  [36mtflops: 0.09  [35mmfu: 0.01%[39m
[titan] 2026-09-23 09:06:04,321 - torchtitan.observability.metrics - INFO - [31mstep:  3  [32mloss: -2.00000  [38;2;180;60;0mgrad_norm:  4.1593  [38;2;54;234;195mmemory:  0.34GiB(0.42%)  [34mtps: 593  [36mtflops: 0.09  [35mmfu: 0.01%[39m
[titan] 2026-09-23 09:06:04,321 - torchtitan.observability.metrics - INFO - [31mstep:  3  [32mloss: -2.00000  [38;2;180;60;0mgrad_norm:  4.1593  [38;2;54;234;195mmemory:  0.34GiB(0.42%)  [34mtps: 593  [36mtflops: 0.09  [35mmfu: 0.01%[39m
[titan] 2026-09-23 09:06:05,177 - torchtitan.observability.metrics - INFO - [31mstep:  4  [32mloss:  5.07346  [38;2;180;60;0mgrad_norm:  2.8841  [38;2;54;234;195mmemory:  0.29GiB(0.37%)  [34mtps: 595  [36mtflops: 0.09  [35mmfu: 0.01%[39m
[titan] 2026-09-23 09:06:05,177 - torchtitan.observability.metrics - INFO - [31mstep:  4  [32mloss:  5.07346  [38;2;180;60;0mgrad_norm:  2.8841  [38;2;54;234;195mmemory:  0.29GiB(0.37%)  [34mtps: 595  [36mtflops: 0.09  [35mmfu: 0.01%[39m
[titan] 2026-09-23 09:06:05,181 - torchtitan.observability.metrics - INFO - [31mstep:  4  [32mloss: -2.00000  [38;2;180;60;0mgrad_norm:  2.8841  [38;2;54;234;195mmemory:  0.34GiB(0.42%)  [34mtps: 595  [36mtflops: 0.09  [35mmfu: 0.01%[39m
[titan] 2026-09-23 09:06:05,181 - torchtitan.observability.metrics - INFO - [31mstep:  4  [32mloss: -2.00000  [38;2;180;60;0mgrad_norm:  2.8841  [38;2;54;234;195mmemory:  0.34GiB(0.42%)  [34mtps: 595  [36mtflops: 0.09  [35mmfu: 0.01%[39m
[titan] 2026-09-23 09:06:06,045 - torchtitan.observability.metrics - INFO - [31mstep:  5  [32mloss:  4.43579  [38;2;180;60;0mgrad_norm:  2.5250  [38;2;54;234;195mmemory:  0.29GiB(0.37%)  [34mtps: 590  [36mtflops: 0.09  [35mmfu: 0.01%[39m
[titan] 2026-09-23 09:06:06,045 - torchtitan.observability.metrics - INFO - [31mstep:  5  [32mloss:  4.43579  [38;2;180;60;0mgrad_norm:  2.5250  [38;2;54;234;195mmemory:  0.29GiB(0.37%)  [34mtps: 590  [36mtflops: 0.09  [35mmfu: 0.01%[39m
[titan] 2026-09-23 09:06:06,050 - torchtitan.observability.metrics - INFO - [31mstep:  5  [32mloss: -2.00000  [38;2;180;60;0mgrad_norm:  2.5250  [38;2;54;234;195mmemory:  0.34GiB(0.42%)  [34mtps: 590  [36mtflops: 0.09  [35mmfu: 0.01%[39m
[titan] 2026-09-23 09:06:06,050 - torchtitan.observability.metrics - INFO - [31mstep:  5  [32mloss: -2.00000  [38;2;180;60;0mgrad_norm:  2.5250  [38;2;54;234;195mmemory:  0.34GiB(0.42%)  [34mtps: 590  [36mtflops: 0.09  [35mmfu: 0.01%[39m
[titan] 2026-09-23 09:06:06,911 - torchtitan.observability.metrics - INFO - [31mstep:  6  [32mloss:  4.18413  [38;2;180;60;0mgrad_norm:  2.2058  [38;2;54;234;195mmemory:  0.29GiB(0.37%)  [34mtps: 591  [36mtflops: 0.09  [35mmfu: 0.01%[39m
[titan] 2026-09-23 09:06:06,911 - torchtitan.observability.metrics - INFO - [31mstep:  6  [32mloss:  4.18413  [38;2;180;60;0mgrad_norm:  2.2058  [38;2;54;234;195mmemory:  0.29GiB(0.37%)  [34mtps: 591  [36mtflops: 0.09  [35mmfu: 0.01%[39m
[titan] 2026-09-23 09:06:06,916 - torchtitan.observability.metrics - INFO - [31mstep:  6  [32mloss: -2.00000  [38;2;180;60;0mgrad_norm:  2.2058  [38;2;54;234;195mmemory:  0.34GiB(0.42%)  [34mtps: 591  [36mtflops: 0.09  [35mmfu: 0.01%[39m
[titan] 2026-09-23 09:06:06,916 - torchtitan.observability.metrics - INFO - [31mstep:  6  [32mloss: -2.00000  [38;2;180;60;0mgrad_norm:  2.2058  [38;2;54;234;195mmemory:  0.34GiB(0.42%)  [34mtps: 591  [36mtflops: 0.09  [35mmfu: 0.01%[39m
[titan] 2026-09-23 09:06:07,781 - torchtitan.observability.metrics - INFO - [31mstep:  7  [32mloss:  3.86659  [38;2;180;60;0mgrad_norm:  1.9777  [38;2;54;234;195mmemory:  0.29GiB(0.37%)  [34mtps: 589  [36mtflops: 0.09  [35mmfu: 0.01%[39m
[titan] 2026-09-23 09:06:07,781 - torchtitan.observability.metrics - INFO - [31mstep:  7  [32mloss:  3.86659  [38;2;180;60;0mgrad_norm:  1.9777  [38;2;54;234;195mmemory:  0.29GiB(0.37%)  [34mtps: 589  [36mtflops: 0.09  [35mmfu: 0.01%[39m
[titan] 2026-09-23 09:06:07,786 - torchtitan.observability.metrics - INFO - [31mstep:  7  [32mloss: -2.00000  [38;2;180;60;0mgrad_norm:  1.9777  [38;2;54;234;195mmemory:  0.34GiB(0.42%)  [34mtps: 589  [36mtflops: 0.09  [35mmfu: 0.01%[39m
[titan] 2026-09-23 09:06:07,787 - torchtitan.observability.metrics - INFO - [31mstep:  7  [32mloss: -2.00000  [38;2;180;60;0mgrad_norm:  1.9777  [38;2;54;234;195mmemory:  0.34GiB(0.42%)  [34mtps: 588  [36mtflops: 0.09  [35mmfu: 0.01%[39m
[titan] 2026-09-23 09:06:08,645 - torchtitan.observability.metrics - INFO - [31mstep:  8  [32mloss:  3.72312  [38;2;180;60;0mgrad_norm:  1.6300  [38;2;54;234;195mmemory:  0.29GiB(0.37%)  [34mtps: 593  [36mtflops: 0.09  [35mmfu: 0.01%[39m
[titan] 2026-09-23 09:06:08,645 - torchtitan.observability.metrics - INFO - [31mstep:  8  [32mloss:  3.72312  [38;2;180;60;0mgrad_norm:  1.6300  [38;2;54;234;195mmemory:  0.29GiB(0.37%)  [34mtps: 593  [36mtflops: 0.09  [35mmfu: 0.01%[39m
[titan] 2026-09-23 09:06:08,650 - torchtitan.observability.metrics - INFO - [31mstep:  8  [32mloss: -2.00000  [38;2;180;60;0mgrad_norm:  1.6300  [38;2;54;234;195mmemory:  0.34GiB(0.42%)  [34mtps: 593  [36mtflops: 0.09  [35mmfu: 0.01%[39m
[titan] 2026-09-23 09:06:08,651 - torchtitan.observability.metrics - INFO - [31mstep:  8  [32mloss: -2.00000  [38;2;180;60;0mgrad_norm:  1.6300  [38;2;54;234;195mmemory:  0.34GiB(0.42%)  [34mtps: 593  [36mtflops: 0.09  [35mmfu: 0.01%[39m
[titan] 2026-09-23 09:06:09,508 - torchtitan.observability.metrics - INFO - [31mstep:  9  [32mloss:  3.65213  [38;2;180;60;0mgrad_norm:  1.6415  [38;2;54;234;195mmemory:  0.29GiB(0.37%)  [34mtps: 593  [36mtflops: 0.09  [35mmfu: 0.01%[39m
[titan] 2026-09-23 09:06:09,508 - torchtitan.observability.metrics - INFO - [31mstep:  9  [32mloss:  3.65213  [38;2;180;60;0mgrad_norm:  1.6415  [38;2;54;234;195mmemory:  0.29GiB(0.37%)  [34mtps: 593  [36mtflops: 0.09  [35mmfu: 0.01%[39m
[titan] 2026-09-23 09:06:09,513 - torchtitan.observability.metrics - INFO - [31mstep:  9  [32mloss: -2.00000  [38;2;180;60;0mgrad_norm:  1.6415  [38;2;54;234;195mmemory:  0.34GiB(0.42%)  [34mtps: 594  [36mtflops: 0.09  [35mmfu: 0.01%[39m
[titan] 2026-09-23 09:06:09,513 - torchtitan.observability.metrics - INFO - [31mstep:  9  [32mloss: -2.00000  [38;2;180;60;0mgrad_norm:  1.6415  [38;2;54;234;195mmemory:  0.34GiB(0.42%)  [34mtps: 594  [36mtflops: 0.09  [35mmfu: 0.01%[39m
[titan] 2026-09-23 09:06:10,376 - torchtitan.observability.metrics - INFO - [31mstep: 10  [32mloss:  3.41197  [38;2;180;60;0mgrad_norm:  1.4686  [38;2;54;234;195mmemory:  0.29GiB(0.37%)  [34mtps: 590  [36mtflops: 0.09  [35mmfu: 0.01%[39m
[titan] 2026-09-23 09:06:10,376 - torchtitan.observability.metrics - INFO - [31mstep: 10  [32mloss:  3.41197  [38;2;180;60;0mgrad_norm:  1.4686  [38;2;54;234;195mmemory:  0.29GiB(0.37%)  [34mtps: 590  [36mtflops: 0.09  [35mmfu: 0.01%[39m
[titan] 2026-09-23 09:06:10,381 - torchtitan.observability.metrics - INFO - [31mstep: 10  [32mloss: -2.00000  [38;2;180;60;0mgrad_norm:  1.4686  [38;2;54;234;195mmemory:  0.34GiB(0.42%)  [34mtps: 590  [36mtflops: 0.09  [35mmfu: 0.01%[39m
[titan] 2026-09-23 09:06:10,381 - torchtitan.observability.metrics - INFO - [31mstep: 10  [32mloss: -2.00000  [38;2;180;60;0mgrad_norm:  1.4686  [38;2;54;234;195mmemory:  0.34GiB(0.42%)  [34mtps: 590  [36mtflops: 0.09  [35mmfu: 0.01%[39m
[titan] 2026-09-23 09:06:11,243 - torchtitan.observability.metrics - INFO - [31mstep: 11  [32mloss:  3.54673  [38;2;180;60;0mgrad_norm:  1.2183  [38;2;54;234;195mmemory:  0.29GiB(0.37%)  [34mtps: 591  [36mtflops: 0.09  [35mmfu: 0.01%[39m
[titan] 2026-09-23 09:06:11,243 - torchtitan.observability.metrics - INFO - [31mstep: 11  [32mloss:  3.54673  [38;2;180;60;0mgrad_norm:  1.2183  [38;2;54;234;195mmemory:  0.29GiB(0.37%)  [34mtps: 591  [36mtflops: 0.09  [35mmfu: 0.01%[39m
[titan] 2026-09-23 09:06:11,247 - torchtitan.observability.metrics - INFO - [31mstep: 11  [32mloss: -2.00000  [38;2;180;60;0mgrad_norm:  1.2183  [38;2;54;234;195mmemory:  0.34GiB(0.42%)  [34mtps: 591  [36mtflops: 0.09  [35mmfu: 0.01%[39m
[titan] 2026-09-23 09:06:11,247 - torchtitan.observability.metrics - INFO - [31mstep: 11  [32mloss: -2.00000  [38;2;180;60;0mgrad_norm:  1.2183  [38;2;54;234;195mmemory:  0.34GiB(0.42%)  [34mtps: 591  [36mtflops: 0.09  [35mmfu: 0.01%[39m
[titan] 2026-09-23 09:06:12,106 - torchtitan.observability.metrics - INFO - [31mstep: 12  [32mloss:  3.38178  [38;2;180;60;0mgrad_norm:  1.0131  [38;2;54;234;195mmemory:  0.29GiB(0.37%)  [34mtps: 593  [36mtflops: 0.09  [35mmfu: 0.01%[39m
[titan] 2026-09-23 09:06:12,106 - torchtitan.observability.metrics - INFO - [31mstep: 12  [32mloss:  3.38178  [38;2;180;60;0mgrad_norm:  1.0131  [38;2;54;234;195mmemory:  0.29GiB(0.37%)  [34mtps: 593  [36mtflops: 0.09  [35mmfu: 0.01%[39m
[titan] 2026-09-23 09:06:12,111 - torchtitan.observability.metrics - INFO - [31mstep: 12  [32mloss: -2.00000  [38;2;180;60;0mgrad_norm:  1.0131  [38;2;54;234;195mmemory:  0.34GiB(0.42%)  [34mtps: 593  [36mtflops: 0.09  [35mmfu: 0.01%[39m
[titan] 2026-09-23 09:06:12,111 - torchtitan.observability.metrics - INFO - [31mstep: 12  [32mloss: -2.00000  [38;2;180;60;0mgrad_norm:  1.0131  [38;2;54;234;195mmemory:  0.34GiB(0.42%)  [34mtps: 593  [36mtflops: 0.09  [35mmfu: 0.01%[39m
[titan] 2026-09-23 09:06:12,975 - torchtitan.observability.metrics - INFO - [31mstep: 13  [32mloss:  3.08257  [38;2;180;60;0mgrad_norm:  1.0414  [38;2;54;234;195mmemory:  0.29GiB(0.37%)  [34mtps: 589  [36mtflops: 0.09  [35mmfu: 0.01%[39m
[titan] 2026-09-23 09:06:12,975 - torchtitan.observability.metrics - INFO - [31mstep: 13  [32mloss:  3.08257  [38;2;180;60;0mgrad_norm:  1.0414  [38;2;54;234;195mmemory:  0.29GiB(0.37%)  [34mtps: 589  [36mtflops: 0.09  [35mmfu: 0.01%[39m
[titan] 2026-09-23 09:06:12,980 - torchtitan.observability.metrics - INFO - [31mstep: 13  [32mloss: -2.00000  [38;2;180;60;0mgrad_norm:  1.0414  [38;2;54;234;195mmemory:  0.34GiB(0.42%)  [34mtps: 589  [36mtflops: 0.09  [35mmfu: 0.01%[39m
[titan] 2026-09-23 09:06:12,980 - torchtitan.observability.metrics - INFO - [31mstep: 13  [32mloss: -2.00000  [38;2;180;60;0mgrad_norm:  1.0414  [38;2;54;234;195mmemory:  0.34GiB(0.42%)  [34mtps: 589  [36mtflops: 0.09  [35mmfu: 0.01%[39m
[titan] 2026-09-23 09:06:13,843 - torchtitan.observability.metrics - INFO - [31mstep: 14  [32mloss:  3.22565  [38;2;180;60;0mgrad_norm:  0.8946  [38;2;54;234;195mmemory:  0.29GiB(0.37%)  [34mtps: 590  [36mtflops: 0.09  [35mmfu: 0.01%[39m
[titan] 2026-09-23 09:06:13,843 - torchtitan.observability.metrics - INFO - [31mstep: 14  [32mloss:  3.22565  [38;2;180;60;0mgrad_norm:  0.8946  [38;2;54;234;195mmemory:  0.29GiB(0.37%)  [34mtps: 590  [36mtflops: 0.09  [35mmfu: 0.01%[39m
[titan] 2026-09-23 09:06:13,848 - torchtitan.observability.metrics - INFO - [31mstep: 14  [32mloss: -2.00000  [38;2;180;60;0mgrad_norm:  0.8946  [38;2;54;234;195mmemory:  0.34GiB(0.42%)  [34mtps: 590  [36mtflops: 0.09  [35mmfu: 0.01%[39m
[titan] 2026-09-23 09:06:13,848 - torchtitan.observability.metrics - INFO - [31mstep: 14  [32mloss: -2.00000  [38;2;180;60;0mgrad_norm:  0.8946  [38;2;54;234;195mmemory:  0.34GiB(0.42%)  [34mtps: 590  [36mtflops: 0.09  [35mmfu: 0.01%[39m
[titan] 2026-09-23 09:06:14,711 - torchtitan.observability.metrics - INFO - [31mstep: 15  [32mloss:  3.08101  [38;2;180;60;0mgrad_norm:  0.7610  [38;2;54;234;195mmemory:  0.29GiB(0.37%)  [34mtps: 590  [36mtflops: 0.09  [35mmfu: 0.01%[39m
[titan] 2026-09-23 09:06:14,711 - torchtitan.observability.metrics - INFO - [31mstep: 15  [32mloss:  3.08101  [38;2;180;60;0mgrad_norm:  0.7610  [38;2;54;234;195mmemory:  0.29GiB(0.37%)  [34mtps: 590  [36mtflops: 0.09  [35mmfu: 0.01%[39m
[titan] 2026-09-23 09:06:14,715 - torchtitan.observability.metrics - INFO - [31mstep: 15  [32mloss: -2.00000  [38;2;180;60;0mgrad_norm:  0.7610  [38;2;54;234;195mmemory:  0.34GiB(0.42%)  [34mtps: 590  [36mtflops: 0.09  [35mmfu: 0.01%[39m
[titan] 2026-09-23 09:06:14,716 - torchtitan.observability.metrics - INFO - [31mstep: 15  [32mloss: -2.00000  [38;2;180;60;0mgrad_norm:  0.7610  [38;2;54;234;195mmemory:  0.34GiB(0.42%)  [34mtps: 590  [36mtflops: 0.09  [35mmfu: 0.01%[39m
[titan] 2026-09-23 09:06:15,578 - torchtitan.observability.metrics - INFO - [31mstep: 16  [32mloss:  2.95456  [38;2;180;60;0mgrad_norm:  0.9433  [38;2;54;234;195mmemory:  0.29GiB(0.37%)  [34mtps: 590  [36mtflops: 0.09  [35mmfu: 0.01%[39m
[titan] 2026-09-23 09:06:15,579 - torchtitan.observability.metrics - INFO - [31mstep: 16  [32mloss:  2.95456  [38;2;180;60;0mgrad_norm:  0.9433  [38;2;54;234;195mmemory:  0.29GiB(0.37%)  [34mtps: 590  [36mtflops: 0.09  [35mmfu: 0.01%[39m
[titan] 2026-09-23 09:06:15,583 - torchtitan.observability.metrics - INFO - [31mstep: 16  [32mloss: -2.00000  [38;2;180;60;0mgrad_norm:  0.9433  [38;2;54;234;195mmemory:  0.34GiB(0.42%)  [34mtps: 590  [36mtflops: 0.09  [35mmfu: 0.01%[39m
[titan] 2026-09-23 09:06:15,583 - torchtitan.observability.metrics - INFO - [31mstep: 16  [32mloss: -2.00000  [38;2;180;60;0mgrad_norm:  0.9433  [38;2;54;234;195mmemory:  0.34GiB(0.42%)  [34mtps: 590  [36mtflops: 0.09  [35mmfu: 0.01%[39m
[titan] 2026-09-23 09:06:16,445 - torchtitan.observability.metrics - INFO - [31mstep: 17  [32mloss:  2.88238  [38;2;180;60;0mgrad_norm:  0.7610  [38;2;54;234;195mmemory:  0.29GiB(0.37%)  [34mtps: 591  [36mtflops: 0.09  [35mmfu: 0.01%[39m
[titan] 2026-09-23 09:06:16,446 - torchtitan.observability.metrics - INFO - [31mstep: 17  [32mloss:  2.88238  [38;2;180;60;0mgrad_norm:  0.7610  [38;2;54;234;195mmemory:  0.29GiB(0.37%)  [34mtps: 591  [36mtflops: 0.09  [35mmfu: 0.01%[39m
[titan] 2026-09-23 09:06:16,450 - torchtitan.observability.metrics - INFO - [31mstep: 17  [32mloss: -2.00000  [38;2;180;60;0mgrad_norm:  0.7610  [38;2;54;234;195mmemory:  0.34GiB(0.42%)  [34mtps: 591  [36mtflops: 0.09  [35mmfu: 0.01%[39m
[titan] 2026-09-23 09:06:16,450 - torchtitan.observability.metrics - INFO - [31mstep: 17  [32mloss: -2.00000  [38;2;180;60;0mgrad_norm:  0.7610  [38;2;54;234;195mmemory:  0.34GiB(0.42%)  [34mtps: 591  [36mtflops: 0.09  [35mmfu: 0.01%[39m
[titan] 2026-09-23 09:06:17,311 - torchtitan.observability.metrics - INFO - [31mstep: 18  [32mloss:  2.92319  [38;2;180;60;0mgrad_norm:  0.6786  [38;2;54;234;195mmemory:  0.29GiB(0.37%)  [34mtps: 591  [36mtflops: 0.09  [35mmfu: 0.01%[39m
[titan] 2026-09-23 09:06:17,312 - torchtitan.observability.metrics - INFO - [31mstep: 18  [32mloss:  2.92319  [38;2;180;60;0mgrad_norm:  0.6786  [38;2;54;234;195mmemory:  0.29GiB(0.37%)  [34mtps: 591  [36mtflops: 0.09  [35mmfu: 0.01%[39m
[titan] 2026-09-23 09:06:17,316 - torchtitan.observability.metrics - INFO - [31mstep: 18  [32mloss: -2.00000  [38;2;180;60;0mgrad_norm:  0.6786  [38;2;54;234;195mmemory:  0.34GiB(0.42%)  [34mtps: 591  [36mtflops: 0.09  [35mmfu: 0.01%[39m
[titan] 2026-09-23 09:06:17,317 - torchtitan.observability.metrics - INFO - [31mstep: 18  [32mloss: -2.00000  [38;2;180;60;0mgrad_norm:  0.6786  [38;2;54;234;195mmemory:  0.34GiB(0.42%)  [34mtps: 591  [36mtflops: 0.09  [35mmfu: 0.01%[39m
[titan] 2026-09-23 09:06:18,174 - torchtitan.observability.metrics - INFO - [31mstep: 19  [32mloss:  2.98144  [38;2;180;60;0mgrad_norm:  0.6996  [38;2;54;234;195mmemory:  0.29GiB(0.37%)  [34mtps: 594  [36mtflops: 0.09  [35mmfu: 0.01%[39m
[titan] 2026-09-23 09:06:18,174 - torchtitan.observability.metrics - INFO - [31mstep: 19  [32mloss:  2.98144  [38;2;180;60;0mgrad_norm:  0.6996  [38;2;54;234;195mmemory:  0.29GiB(0.37%)  [34mtps: 594  [36mtflops: 0.09  [35mmfu: 0.01%[39m
[titan] 2026-09-23 09:06:18,179 - torchtitan.observability.metrics - INFO - [31mstep: 19  [32mloss: -2.00000  [38;2;180;60;0mgrad_norm:  0.6996  [38;2;54;234;195mmemory:  0.34GiB(0.42%)  [34mtps: 594  [36mtflops: 0.09  [35mmfu: 0.01%[39m
[titan] 2026-09-23 09:06:18,179 - torchtitan.observability.metrics - INFO - [31mstep: 19  [32mloss: -2.00000  [38;2;180;60;0mgrad_norm:  0.6996  [38;2;54;234;195mmemory:  0.34GiB(0.42%)  [34mtps: 594  [36mtflops: 0.09  [35mmfu: 0.01%[39m
[titan] 2026-09-23 09:06:19,038 - torchtitan.observability.metrics - INFO - [31mstep: 20  [32mloss:  2.83846  [38;2;180;60;0mgrad_norm:  0.7159  [38;2;54;234;195mmemory:  0.29GiB(0.37%)  [34mtps: 593  [36mtflops: 0.09  [35mmfu: 0.01%[39m
[titan] 2026-09-23 09:06:19,038 - torchtitan.observability.metrics - INFO - [31mstep: 20  [32mloss:  2.83846  [38;2;180;60;0mgrad_norm:  0.7159  [38;2;54;234;195mmemory:  0.29GiB(0.37%)  [34mtps: 593  [36mtflops: 0.09  [35mmfu: 0.01%[39m
[titan] 2026-09-23 09:06:19,042 - torchtitan.observability.metrics - INFO - [31mstep: 20  [32mloss: -2.00000  [38;2;180;60;0mgrad_norm:  0.7159  [38;2;54;234;195mmemory:  0.34GiB(0.42%)  [34mtps: 593  [36mtflops: 0.09  [35mmfu: 0.01%[39m
[titan] 2026-09-23 09:06:19,043 - torchtitan.observability.metrics - INFO - [31mstep: 20  [32mloss: -2.00000  [38;2;180;60;0mgrad_norm:  0.7159  [38;2;54;234;195mmemory:  0.34GiB(0.42%)  [34mtps: 593  [36mtflops: 0.09  [35mmfu: 0.01%[39m
[titan] 2026-09-23 09:06:19,904 - torchtitan.observability.metrics - INFO - [31mstep: 21  [32mloss:  2.92230  [38;2;180;60;0mgrad_norm:  0.6360  [38;2;54;234;195mmemory:  0.29GiB(0.37%)  [34mtps: 591  [36mtflops: 0.09  [35mmfu: 0.01%[39m
[titan] 2026-09-23 09:06:19,904 - torchtitan.observability.metrics - INFO - [31mstep: 21  [32mloss:  2.92230  [38;2;180;60;0mgrad_norm:  0.6360  [38;2;54;234;195mmemory:  0.29GiB(0.37%)  [34mtps: 591  [36mtflops: 0.09  [35mmfu: 0.01%[39m
[titan] 2026-09-23 09:06:19,909 - torchtitan.observability.metrics - INFO - [31mstep: 21  [32mloss: -2.00000  [38;2;180;60;0mgrad_norm:  0.6360  [38;2;54;234;195mmemory:  0.34GiB(0.42%)  [34mtps: 591  [36mtflops: 0.09  [35mmfu: 0.01%[39m
[titan] 2026-09-23 09:06:19,909 - torchtitan.observability.metrics - INFO - [31mstep: 21  [32mloss: -2.00000  [38;2;180;60;0mgrad_norm:  0.6360  [38;2;54;234;195mmemory:  0.34GiB(0.42%)  [34mtps: 591  [36mtflops: 0.09  [35mmfu: 0.01%[39m
[titan] 2026-09-23 09:06:20,768 - torchtitan.observability.metrics - INFO - [31mstep: 22  [32mloss:  2.76287  [38;2;180;60;0mgrad_norm:  0.6572  [38;2;54;234;195mmemory:  0.29GiB(0.37%)  [34mtps: 592  [36mtflops: 0.09  [35mmfu: 0.01%[39m
[titan] 2026-09-23 09:06:20,768 - torchtitan.observability.metrics - INFO - [31mstep: 22  [32mloss:  2.76287  [38;2;180;60;0mgrad_norm:  0.6572  [38;2;54;234;195mmemory:  0.29GiB(0.37%)  [34mtps: 592  [36mtflops: 0.09  [35mmfu: 0.01%[39m
[titan] 2026-09-23 09:06:20,773 - torchtitan.observability.metrics - INFO - [31mstep: 22  [32mloss: -2.00000  [38;2;180;60;0mgrad_norm:  0.6572  [38;2;54;234;195mmemory:  0.34GiB(0.42%)  [34mtps: 593  [36mtflops: 0.09  [35mmfu: 0.01%[39m
[titan] 2026-09-23 09:06:20,773 - torchtitan.observability.metrics - INFO - [31mstep: 22  [32mloss: -2.00000  [38;2;180;60;0mgrad_norm:  0.6572  [38;2;54;234;195mmemory:  0.34GiB(0.42%)  [34mtps: 592  [36mtflops: 0.09  [35mmfu: 0.01%[39m
[titan] 2026-09-23 09:06:21,625 - torchtitan.observability.metrics - INFO - [31mstep: 23  [32mloss:  2.64656  [38;2;180;60;0mgrad_norm:  0.6783  [38;2;54;234;195mmemory:  0.29GiB(0.37%)  [34mtps: 597  [36mtflops: 0.09  [35mmfu: 0.01%[39m
[titan] 2026-09-23 09:06:21,626 - torchtitan.observability.metrics - INFO - [31mstep: 23  [32mloss:  2.64656  [38;2;180;60;0mgrad_norm:  0.6783  [38;2;54;234;195mmemory:  0.29GiB(0.37%)  [34mtps: 597  [36mtflops: 0.09  [35mmfu: 0.01%[39m
[titan] 2026-09-23 09:06:21,630 - torchtitan.observability.metrics - INFO - [31mstep: 23  [32mloss: -2.00000  [38;2;180;60;0mgrad_norm:  0.6783  [38;2;54;234;195mmemory:  0.34GiB(0.42%)  [34mtps: 597  [36mtflops: 0.09  [35mmfu: 0.01%[39m
[titan] 2026-09-23 09:06:21,631 - torchtitan.observability.metrics - INFO - [31mstep: 23  [32mloss: -2.00000  [38;2;180;60;0mgrad_norm:  0.6783  [38;2;54;234;195mmemory:  0.34GiB(0.42%)  [34mtps: 597  [36mtflops: 0.09  [35mmfu: 0.01%[39m
[titan] 2026-09-23 09:06:22,483 - torchtitan.observability.metrics - INFO - [31mstep: 24  [32mloss:  2.78026  [38;2;180;60;0mgrad_norm:  0.7949  [38;2;54;234;195mmemory:  0.29GiB(0.37%)  [34mtps: 597  [36mtflops: 0.09  [35mmfu: 0.01%[39m
[titan] 2026-09-23 09:06:22,483 - torchtitan.observability.metrics - INFO - [31mstep: 24  [32mloss:  2.78026  [38;2;180;60;0mgrad_norm:  0.7949  [38;2;54;234;195mmemory:  0.29GiB(0.37%)  [34mtps: 597  [36mtflops: 0.09  [35mmfu: 0.01%[39m
[titan] 2026-09-23 09:06:22,489 - torchtitan.observability.metrics - INFO - [31mstep: 24  [32mloss: -2.00000  [38;2;180;60;0mgrad_norm:  0.7949  [38;2;54;234;195mmemory:  0.34GiB(0.42%)  [34mtps: 597  [36mtflops: 0.09  [35mmfu: 0.01%[39m
[titan] 2026-09-23 09:06:22,489 - torchtitan.observability.metrics - INFO - [31mstep: 24  [32mloss: -2.00000  [38;2;180;60;0mgrad_norm:  0.7949  [38;2;54;234;195mmemory:  0.34GiB(0.42%)  [34mtps: 597  [36mtflops: 0.09  [35mmfu: 0.01%[39m
[titan] 2026-09-23 09:06:23,342 - torchtitan.observability.metrics - INFO - [31mstep: 25  [32mloss:  2.97242  [38;2;180;60;0mgrad_norm:  0.7433  [38;2;54;234;195mmemory:  0.29GiB(0.37%)  [34mtps: 596  [36mtflops: 0.09  [35mmfu: 0.01%[39m
[titan] 2026-09-23 09:06:23,342 - torchtitan.observability.metrics - INFO - [31mstep: 25  [32mloss:  2.97242  [38;2;180;60;0mgrad_norm:  0.7433  [38;2;54;234;195mmemory:  0.29GiB(0.37%)  [34mtps: 596  [36mtflops: 0.09  [35mmfu: 0.01%[39m
[titan] 2026-09-23 09:06:23,347 - torchtitan.observability.metrics - INFO - [31mstep: 25  [32mloss: -2.00000  [38;2;180;60;0mgrad_norm:  0.7433  [38;2;54;234;195mmemory:  0.34GiB(0.42%)  [34mtps: 597  [36mtflops: 0.09  [35mmfu: 0.01%[39m
[titan] 2026-09-23 09:06:23,347 - torchtitan.observability.metrics - INFO - [31mstep: 25  [32mloss: -2.00000  [38;2;180;60;0mgrad_norm:  0.7433  [38;2;54;234;195mmemory:  0.34GiB(0.42%)  [34mtps: 596  [36mtflops: 0.09  [35mmfu: 0.01%[39m
[titan] 2026-09-23 09:06:24,200 - torchtitan.observability.metrics - INFO - [31mstep: 26  [32mloss:  2.64537  [38;2;180;60;0mgrad_norm:  0.8114  [38;2;54;234;195mmemory:  0.29GiB(0.37%)  [34mtps: 597  [36mtflops: 0.09  [35mmfu: 0.01%[39m
[titan] 2026-09-23 09:06:24,200 - torchtitan.observability.metrics - INFO - [31mstep: 26  [32mloss:  2.64537  [38;2;180;60;0mgrad_norm:  0.8114  [38;2;54;234;195mmemory:  0.29GiB(0.37%)  [34mtps: 597  [36mtflops: 0.09  [35mmfu: 0.01%[39m
[titan] 2026-09-23 09:06:24,205 - torchtitan.observability.metrics - INFO - [31mstep: 26  [32mloss: -2.00000  [38;2;180;60;0mgrad_norm:  0.8114  [38;2;54;234;195mmemory:  0.34GiB(0.42%)  [34mtps: 597  [36mtflops: 0.09  [35mmfu: 0.01%[39m
[titan] 2026-09-23 09:06:24,205 - torchtitan.observability.metrics - INFO - [31mstep: 26  [32mloss: -2.00000  [38;2;180;60;0mgrad_norm:  0.8114  [38;2;54;234;195mmemory:  0.34GiB(0.42%)  [34mtps: 597  [36mtflops: 0.09  [35mmfu: 0.01%[39m
[titan] 2026-09-23 09:06:25,052 - torchtitan.observability.metrics - INFO - [31mstep: 27  [32mloss:  2.78787  [38;2;180;60;0mgrad_norm:  0.8550  [38;2;54;234;195mmemory:  0.29GiB(0.37%)  [34mtps: 601  [36mtflops: 0.09  [35mmfu: 0.01%[39m
[titan] 2026-09-23 09:06:25,052 - torchtitan.observability.metrics - INFO - [31mstep: 27  [32mloss:  2.78787  [38;2;180;60;0mgrad_norm:  0.8550  [38;2;54;234;195mmemory:  0.29GiB(0.37%)  [34mtps: 601  [36mtflops: 0.09  [35mmfu: 0.01%[39m
[titan] 2026-09-23 09:06:25,058 - torchtitan.observability.metrics - INFO - [31mstep: 27  [32mloss: -2.00000  [38;2;180;60;0mgrad_norm:  0.8550  [38;2;54;234;195mmemory:  0.34GiB(0.42%)  [34mtps: 601  [36mtflops: 0.09  [35mmfu: 0.01%[39m
[titan] 2026-09-23 09:06:25,058 - torchtitan.observability.metrics - INFO - [31mstep: 27  [32mloss: -2.00000  [38;2;180;60;0mgrad_norm:  0.8550  [38;2;54;234;195mmemory:  0.34GiB(0.42%)  [34mtps: 601  [36mtflops: 0.09  [35mmfu: 0.01%[39m
[titan] 2026-09-23 09:06:25,914 - torchtitan.observability.metrics - INFO - [31mstep: 28  [32mloss:  2.79977  [38;2;180;60;0mgrad_norm:  0.6482  [38;2;54;234;195mmemory:  0.29GiB(0.37%)  [34mtps: 594  [36mtflops: 0.09  [35mmfu: 0.01%[39m
[titan] 2026-09-23 09:06:25,914 - torchtitan.observability.metrics - INFO - [31mstep: 28  [32mloss:  2.79977  [38;2;180;60;0mgrad_norm:  0.6482  [38;2;54;234;195mmemory:  0.29GiB(0.37%)  [34mtps: 594  [36mtflops: 0.09  [35mmfu: 0.01%[39m
[titan] 2026-09-23 09:06:25,919 - torchtitan.observability.metrics - INFO - [31mstep: 28  [32mloss: -2.00000  [38;2;180;60;0mgrad_norm:  0.6482  [38;2;54;234;195mmemory:  0.34GiB(0.42%)  [34mtps: 595  [36mtflops: 0.09  [35mmfu: 0.01%[39m
[titan] 2026-09-23 09:06:25,919 - torchtitan.observability.metrics - INFO - [31mstep: 28  [32mloss: -2.00000  [38;2;180;60;0mgrad_norm:  0.6482  [38;2;54;234;195mmemory:  0.34GiB(0.42%)  [34mtps: 595  [36mtflops: 0.09  [35mmfu: 0.01%[39m
[titan] 2026-09-23 09:06:26,775 - torchtitan.observability.metrics - INFO - [31mstep: 29  [32mloss:  2.56966  [38;2;180;60;0mgrad_norm:  0.7474  [38;2;54;234;195mmemory:  0.29GiB(0.37%)  [34mtps: 595  [36mtflops: 0.09  [35mmfu: 0.01%[39m
[titan] 2026-09-23 09:06:26,775 - torchtitan.observability.metrics - INFO - [31mstep: 29  [32mloss:  2.56966  [38;2;180;60;0mgrad_norm:  0.7474  [38;2;54;234;195mmemory:  0.29GiB(0.37%)  [34mtps: 595  [36mtflops: 0.09  [35mmfu: 0.01%[39m
[titan] 2026-09-23 09:06:26,780 - torchtitan.observability.metrics - INFO - [31mstep: 29  [32mloss: -2.00000  [38;2;180;60;0mgrad_norm:  0.7474  [38;2;54;234;195mmemory:  0.34GiB(0.42%)  [34mtps: 595  [36mtflops: 0.09  [35mmfu: 0.01%[39m
[titan] 2026-09-23 09:06:26,780 - torchtitan.observability.metrics - INFO - [31mstep: 29  [32mloss: -2.00000  [38;2;180;60;0mgrad_norm:  0.7474  [38;2;54;234;195mmemory:  0.34GiB(0.42%)  [34mtps: 595  [36mtflops: 0.09  [35mmfu: 0.01%[39m
[titan] 2026-09-23 09:06:27,632 - torchtitan.observability.metrics - INFO - [31mstep: 30  [32mloss:  2.74053  [38;2;180;60;0mgrad_norm:  0.8295  [38;2;54;234;195mmemory:  0.29GiB(0.37%)  [34mtps: 598  [36mtflops: 0.09  [35mmfu: 0.01%[39m
[titan] 2026-09-23 09:06:27,632 - torchtitan.observability.metrics - INFO - [31mstep: 30  [32mloss:  2.74053  [38;2;180;60;0mgrad_norm:  0.8295  [38;2;54;234;195mmemory:  0.29GiB(0.37%)  [34mtps: 598  [36mtflops: 0.09  [35mmfu: 0.01%[39m
[titan] 2026-09-23 09:06:27,637 - torchtitan.observability.metrics - INFO - [31mstep: 30  [32mloss: -2.00000  [38;2;180;60;0mgrad_norm:  0.8295  [38;2;54;234;195mmemory:  0.34GiB(0.42%)  [34mtps: 598  [36mtflops: 0.09  [35mmfu: 0.01%[39m
[titan] 2026-09-23 09:06:27,637 - torchtitan.observability.metrics - INFO - [31mstep: 30  [32mloss: -2.00000  [38;2;180;60;0mgrad_norm:  0.8295  [38;2;54;234;195mmemory:  0.34GiB(0.42%)  [34mtps: 598  [36mtflops: 0.09  [35mmfu: 0.01%[39m
[titan] 2026-09-23 09:06:28,489 - torchtitan.observability.metrics - INFO - [31mstep: 31  [32mloss:  2.70974  [38;2;180;60;0mgrad_norm:  0.5209  [38;2;54;234;195mmemory:  0.29GiB(0.37%)  [34mtps: 597  [36mtflops: 0.09  [35mmfu: 0.01%[39m
[titan] 2026-09-23 09:06:28,489 - torchtitan.observability.metrics - INFO - [31mstep: 31  [32mloss:  2.70974  [38;2;180;60;0mgrad_norm:  0.5209  [38;2;54;234;195mmemory:  0.29GiB(0.37%)  [34mtps: 597  [36mtflops: 0.09  [35mmfu: 0.01%[39m
[titan] 2026-09-23 09:06:28,494 - torchtitan.observability.metrics - INFO - [31mstep: 31  [32mloss: -2.00000  [38;2;180;60;0mgrad_norm:  0.5209  [38;2;54;234;195mmemory:  0.34GiB(0.42%)  [34mtps: 597  [36mtflops: 0.09  [35mmfu: 0.01%[39m
[titan] 2026-09-23 09:06:28,494 - torchtitan.observability.metrics - INFO - [31mstep: 31  [32mloss: -2.00000  [38;2;180;60;0mgrad_norm:  0.5209  [38;2;54;234;195mmemory:  0.34GiB(0.42%)  [34mtps: 597  [36mtflops: 0.09  [35mmfu: 0.01%[39m
[titan] 2026-09-23 09:06:29,350 - torchtitan.observability.metrics - INFO - [31mstep: 32  [32mloss:  2.70710  [38;2;180;60;0mgrad_norm:  0.7764  [38;2;54;234;195mmemory:  0.29GiB(0.37%)  [34mtps: 595  [36mtflops: 0.09  [35mmfu: 0.01%[39m
[titan] 2026-09-23 09:06:29,350 - torchtitan.observability.metrics - INFO - [31mstep: 32  [32mloss:  2.70710  [38;2;180;60;0mgrad_norm:  0.7764  [38;2;54;234;195mmemory:  0.29GiB(0.37%)  [34mtps: 595  [36mtflops: 0.09  [35mmfu: 0.01%[39m
[titan] 2026-09-23 09:06:29,355 - torchtitan.observability.metrics - INFO - [31mstep: 32  [32mloss: -2.00000  [38;2;180;60;0mgrad_norm:  0.7764  [38;2;54;234;195mmemory:  0.34GiB(0.42%)  [34mtps: 595  [36mtflops: 0.09  [35mmfu: 0.01%[39m
[titan] 2026-09-23 09:06:29,355 - torchtitan.observability.metrics - INFO - [31mstep: 32  [32mloss: -2.00000  [38;2;180;60;0mgrad_norm:  0.7764  [38;2;54;234;195mmemory:  0.34GiB(0.42%)  [34mtps: 595  [36mtflops: 0.09  [35mmfu: 0.01%[39m
[titan] 2026-09-23 09:06:30,208 - torchtitan.observability.metrics - INFO - [31mstep: 33  [32mloss:  2.54678  [38;2;180;60;0mgrad_norm:  0.6048  [38;2;54;234;195mmemory:  0.29GiB(0.37%)  [34mtps: 596  [36mtflops: 0.09  [35mmfu: 0.01%[39m
[titan] 2026-09-23 09:06:30,208 - torchtitan.observability.metrics - INFO - [31mstep: 33  [32mloss:  2.54678  [38;2;180;60;0mgrad_norm:  0.6048  [38;2;54;234;195mmemory:  0.29GiB(0.37%)  [34mtps: 596  [36mtflops: 0.09  [35mmfu: 0.01%[39m
[titan] 2026-09-23 09:06:30,213 - torchtitan.observability.metrics - INFO - [31mstep: 33  [32mloss: -2.00000  [38;2;180;60;0mgrad_norm:  0.6048  [38;2;54;234;195mmemory:  0.34GiB(0.42%)  [34mtps: 596  [36mtflops: 0.09  [35mmfu: 0.01%[39m
[titan] 2026-09-23 09:06:30,213 - torchtitan.observability.metrics - INFO - [31mstep: 33  [32mloss: -2.00000  [38;2;180;60;0mgrad_norm:  0.6048  [38;2;54;234;195mmemory:  0.34GiB(0.42%)  [34mtps: 596  [36mtflops: 0.09  [35mmfu: 0.01%[39m
[titan] 2026-09-23 09:06:31,064 - torchtitan.observability.metrics - INFO - [31mstep: 34  [32mloss:  2.56869  [38;2;180;60;0mgrad_norm:  0.6509  [38;2;54;234;195mmemory:  0.29GiB(0.37%)  [34mtps: 599  [36mtflops: 0.09  [35mmfu: 0.01%[39m
[titan] 2026-09-23 09:06:31,064 - torchtitan.observability.metrics - INFO - [31mstep: 34  [32mloss:  2.56869  [38;2;180;60;0mgrad_norm:  0.6509  [38;2;54;234;195mmemory:  0.29GiB(0.37%)  [34mtps: 599  [36mtflops: 0.09  [35mmfu: 0.01%[39m
[titan] 2026-09-23 09:06:31,069 - torchtitan.observability.metrics - INFO - [31mstep: 34  [32mloss: -2.00000  [38;2;180;60;0mgrad_norm:  0.6509  [38;2;54;234;195mmemory:  0.34GiB(0.42%)  [34mtps: 599  [36mtflops: 0.09  [35mmfu: 0.01%[39m
[titan] 2026-09-23 09:06:31,069 - torchtitan.observability.metrics - INFO - [31mstep: 34  [32mloss: -2.00000  [38;2;180;60;0mgrad_norm:  0.6509  [38;2;54;234;195mmemory:  0.34GiB(0.42%)  [34mtps: 599  [36mtflops: 0.09  [35mmfu: 0.01%[39m
[titan] 2026-09-23 09:06:31,927 - torchtitan.observability.metrics - INFO - [31mstep: 35  [32mloss:  2.69561  [38;2;180;60;0mgrad_norm:  0.8598  [38;2;54;234;195mmemory:  0.29GiB(0.37%)  [34mtps: 593  [36mtflops: 0.09  [35mmfu: 0.01%[39m
[titan] 2026-09-23 09:06:31,927 - torchtitan.observability.metrics - INFO - [31mstep: 35  [32mloss:  2.69561  [38;2;180;60;0mgrad_norm:  0.8598  [38;2;54;234;195mmemory:  0.29GiB(0.37%)  [34mtps: 593  [36mtflops: 0.09  [35mmfu: 0.01%[39m
[titan] 2026-09-23 09:06:31,932 - torchtitan.observability.metrics - INFO - [31mstep: 35  [32mloss: -2.00000  [38;2;180;60;0mgrad_norm:  0.8598  [38;2;54;234;195mmemory:  0.34GiB(0.42%)  [34mtps: 593  [36mtflops: 0.09  [35mmfu: 0.01%[39m
[titan] 2026-09-23 09:06:31,932 - torchtitan.observability.metrics - INFO - [31mstep: 35  [32mloss: -2.00000  [38;2;180;60;0mgrad_norm:  0.8598  [38;2;54;234;195mmemory:  0.34GiB(0.42%)  [34mtps: 593  [36mtflops: 0.09  [35mmfu: 0.01%[39m
[titan] 2026-09-23 09:06:32,789 - torchtitan.observability.metrics - INFO - [31mstep: 36  [32mloss:  2.52927  [38;2;180;60;0mgrad_norm:  0.6484  [38;2;54;234;195mmemory:  0.29GiB(0.37%)  [34mtps: 595  [36mtflops: 0.09  [35mmfu: 0.01%[39m
[titan] 2026-09-23 09:06:32,789 - torchtitan.observability.metrics - INFO - [31mstep: 36  [32mloss:  2.52927  [38;2;180;60;0mgrad_norm:  0.6484  [38;2;54;234;195mmemory:  0.29GiB(0.37%)  [34mtps: 595  [36mtflops: 0.09  [35mmfu: 0.01%[39m
[titan] 2026-09-23 09:06:32,793 - torchtitan.observability.metrics - INFO - [31mstep: 36  [32mloss: -2.00000  [38;2;180;60;0mgrad_norm:  0.6484  [38;2;54;234;195mmemory:  0.34GiB(0.42%)  [34mtps: 595  [36mtflops: 0.09  [35mmfu: 0.01%[39m
[titan] 2026-09-23 09:06:32,793 - torchtitan.observability.metrics - INFO - [31mstep: 36  [32mloss: -2.00000  [38;2;180;60;0mgrad_norm:  0.6484  [38;2;54;234;195mmemory:  0.34GiB(0.42%)  [34mtps: 595  [36mtflops: 0.09  [35mmfu: 0.01%[39m
[titan] 2026-09-23 09:06:33,648 - torchtitan.observability.metrics - INFO - [31mstep: 37  [32mloss:  2.68510  [38;2;180;60;0mgrad_norm:  0.8159  [38;2;54;234;195mmemory:  0.29GiB(0.37%)  [34mtps: 596  [36mtflops: 0.09  [35mmfu: 0.01%[39m
[titan] 2026-09-23 09:06:33,648 - torchtitan.observability.metrics - INFO - [31mstep: 37  [32mloss:  2.68510  [38;2;180;60;0mgrad_norm:  0.8159  [38;2;54;234;195mmemory:  0.29GiB(0.37%)  [34mtps: 596  [36mtflops: 0.09  [35mmfu: 0.01%[39m
[titan] 2026-09-23 09:06:33,653 - torchtitan.observability.metrics - INFO - [31mstep: 37  [32mloss: -2.00000  [38;2;180;60;0mgrad_norm:  0.8159  [38;2;54;234;195mmemory:  0.34GiB(0.42%)  [34mtps: 596  [36mtflops: 0.09  [35mmfu: 0.01%[39m
[titan] 2026-09-23 09:06:33,653 - torchtitan.observability.metrics - INFO - [31mstep: 37  [32mloss: -2.00000  [38;2;180;60;0mgrad_norm:  0.8159  [38;2;54;234;195mmemory:  0.34GiB(0.42%)  [34mtps: 596  [36mtflops: 0.09  [35mmfu: 0.01%[39m
[titan] 2026-09-23 09:06:34,508 - torchtitan.observability.metrics - INFO - [31mstep: 38  [32mloss:  2.57055  [38;2;180;60;0mgrad_norm:  0.5556  [38;2;54;234;195mmemory:  0.29GiB(0.37%)  [34mtps: 595  [36mtflops: 0.09  [35mmfu: 0.01%[39m
[titan] 2026-09-23 09:06:34,508 - torchtitan.observability.metrics - INFO - [31mstep: 38  [32mloss:  2.57055  [38;2;180;60;0mgrad_norm:  0.5556  [38;2;54;234;195mmemory:  0.29GiB(0.37%)  [34mtps: 595  [36mtflops: 0.09  [35mmfu: 0.01%[39m
[titan] 2026-09-23 09:06:34,513 - torchtitan.observability.metrics - INFO - [31mstep: 38  [32mloss: -2.00000  [38;2;180;60;0mgrad_norm:  0.5556  [38;2;54;234;195mmemory:  0.34GiB(0.42%)  [34mtps: 595  [36mtflops: 0.09  [35mmfu: 0.01%[39m
[titan] 2026-09-23 09:06:34,513 - torchtitan.observability.metrics - INFO - [31mstep: 38  [32mloss: -2.00000  [38;2;180;60;0mgrad_norm:  0.5556  [38;2;54;234;195mmemory:  0.34GiB(0.42%)  [34mtps: 595  [36mtflops: 0.09  [35mmfu: 0.01%[39m
[titan] 2026-09-23 09:06:35,368 - torchtitan.observability.metrics - INFO - [31mstep: 39  [32mloss:  2.63037  [38;2;180;60;0mgrad_norm:  0.7004  [38;2;54;234;195mmemory:  0.29GiB(0.37%)  [34mtps: 595  [36mtflops: 0.09  [35mmfu: 0.01%[39m
[titan] 2026-09-23 09:06:35,368 - torchtitan.observability.metrics - INFO - [31mstep: 39  [32mloss:  2.63037  [38;2;180;60;0mgrad_norm:  0.7004  [38;2;54;234;195mmemory:  0.29GiB(0.37%)  [34mtps: 595  [36mtflops: 0.09  [35mmfu: 0.01%[39m
[titan] 2026-09-23 09:06:35,373 - torchtitan.observability.metrics - INFO - [31mstep: 39  [32mloss: -2.00000  [38;2;180;60;0mgrad_norm:  0.7004  [38;2;54;234;195mmemory:  0.34GiB(0.42%)  [34mtps: 595  [36mtflops: 0.09  [35mmfu: 0.01%[39m
[titan] 2026-09-23 09:06:35,373 - torchtitan.observability.metrics - INFO - [31mstep: 39  [32mloss: -2.00000  [38;2;180;60;0mgrad_norm:  0.7004  [38;2;54;234;195mmemory:  0.34GiB(0.42%)  [34mtps: 595  [36mtflops: 0.09  [35mmfu: 0.01%[39m
[titan] 2026-09-23 09:06:36,238 - torchtitan.observability.metrics - INFO - [31mstep: 40  [32mloss:  2.66969  [38;2;180;60;0mgrad_norm:  0.6363  [38;2;54;234;195mmemory:  0.29GiB(0.37%)  [34mtps: 589  [36mtflops: 0.09  [35mmfu: 0.01%[39m
[titan] 2026-09-23 09:06:36,238 - torchtitan.observability.metrics - INFO - [31mstep: 40  [32mloss:  2.66969  [38;2;180;60;0mgrad_norm:  0.6363  [38;2;54;234;195mmemory:  0.29GiB(0.37%)  [34mtps: 589  [36mtflops: 0.09  [35mmfu: 0.01%[39m
[titan] 2026-09-23 09:06:36,243 - torchtitan.observability.metrics - INFO - [31mstep: 40  [32mloss: -2.00000  [38;2;180;60;0mgrad_norm:  0.6363  [38;2;54;234;195mmemory:  0.34GiB(0.42%)  [34mtps: 589  [36mtflops: 0.09  [35mmfu: 0.01%[39m
[titan] 2026-09-23 09:06:36,243 - torchtitan.observability.metrics - INFO - [31mstep: 40  [32mloss: -2.00000  [38;2;180;60;0mgrad_norm:  0.6363  [38;2;54;234;195mmemory:  0.34GiB(0.42%)  [34mtps: 589  [36mtflops: 0.09  [35mmfu: 0.01%[39m
[titan] 2026-09-23 09:06:37,097 - torchtitan.observability.metrics - INFO - [31mstep: 41  [32mloss:  2.69424  [38;2;180;60;0mgrad_norm:  0.4730  [38;2;54;234;195mmemory:  0.29GiB(0.37%)  [34mtps: 596  [36mtflops: 0.09  [35mmfu: 0.01%[39m
[titan] 2026-09-23 09:06:37,097 - torchtitan.observability.metrics - INFO - [31mstep: 41  [32mloss:  2.69424  [38;2;180;60;0mgrad_norm:  0.4730  [38;2;54;234;195mmemory:  0.29GiB(0.37%)  [34mtps: 596  [36mtflops: 0.09  [35mmfu: 0.01%[39m
[titan] 2026-09-23 09:06:37,102 - torchtitan.observability.metrics - INFO - [31mstep: 41  [32mloss: -2.00000  [38;2;180;60;0mgrad_norm:  0.4730  [38;2;54;234;195mmemory:  0.34GiB(0.42%)  [34mtps: 596  [36mtflops: 0.09  [35mmfu: 0.01%[39m
[titan] 2026-09-23 09:06:37,102 - torchtitan.observability.metrics - INFO - [31mstep: 41  [32mloss: -2.00000  [38;2;180;60;0mgrad_norm:  0.4730  [38;2;54;234;195mmemory:  0.34GiB(0.42%)  [34mtps: 596  [36mtflops: 0.09  [35mmfu: 0.01%[39m
[titan] 2026-09-23 09:06:37,958 - torchtitan.observability.metrics - INFO - [31mstep: 42  [32mloss:  2.61102  [38;2;180;60;0mgrad_norm:  0.7500  [38;2;54;234;195mmemory:  0.29GiB(0.37%)  [34mtps: 595  [36mtflops: 0.09  [35mmfu: 0.01%[39m
[titan] 2026-09-23 09:06:37,958 - torchtitan.observability.metrics - INFO - [31mstep: 42  [32mloss:  2.61102  [38;2;180;60;0mgrad_norm:  0.7500  [38;2;54;234;195mmemory:  0.29GiB(0.37%)  [34mtps: 595  [36mtflops: 0.09  [35mmfu: 0.01%[39m
[titan] 2026-09-23 09:06:37,963 - torchtitan.observability.metrics - INFO - [31mstep: 42  [32mloss: -2.00000  [38;2;180;60;0mgrad_norm:  0.7500  [38;2;54;234;195mmemory:  0.34GiB(0.42%)  [34mtps: 595  [36mtflops: 0.09  [35mmfu: 0.01%[39m
[titan] 2026-09-23 09:06:37,963 - torchtitan.observability.metrics - INFO - [31mstep: 42  [32mloss: -2.00000  [38;2;180;60;0mgrad_norm:  0.7500  [38;2;54;234;195mmemory:  0.34GiB(0.42%)  [34mtps: 595  [36mtflops: 0.09  [35mmfu: 0.01%[39m
[titan] 2026-09-23 09:06:38,821 - torchtitan.observability.metrics - INFO - [31mstep: 43  [32mloss:  2.57128  [38;2;180;60;0mgrad_norm:  0.5769  [38;2;54;234;195mmemory:  0.29GiB(0.37%)  [34mtps: 593  [36mtflops: 0.09  [35mmfu: 0.01%[39m
[titan] 2026-09-23 09:06:38,821 - torchtitan.observability.metrics - INFO - [31mstep: 43  [32mloss:  2.57128  [38;2;180;60;0mgrad_norm:  0.5769  [38;2;54;234;195mmemory:  0.29GiB(0.37%)  [34mtps: 593  [36mtflops: 0.09  [35mmfu: 0.01%[39m
[titan] 2026-09-23 09:06:38,826 - torchtitan.observability.metrics - INFO - [31mstep: 43  [32mloss: -2.00000  [38;2;180;60;0mgrad_norm:  0.5769  [38;2;54;234;195mmemory:  0.34GiB(0.42%)  [34mtps: 593  [36mtflops: 0.09  [35mmfu: 0.01%[39m
[titan] 2026-09-23 09:06:38,826 - torchtitan.observability.metrics - INFO - [31mstep: 43  [32mloss: -2.00000  [38;2;180;60;0mgrad_norm:  0.5769  [38;2;54;234;195mmemory:  0.34GiB(0.42%)  [34mtps: 593  [36mtflops: 0.09  [35mmfu: 0.01%[39m
[titan] 2026-09-23 09:06:39,682 - torchtitan.observability.metrics - INFO - [31mstep: 44  [32mloss:  2.54764  [38;2;180;60;0mgrad_norm:  0.6095  [38;2;54;234;195mmemory:  0.29GiB(0.37%)  [34mtps: 595  [36mtflops: 0.09  [35mmfu: 0.01%[39m
[titan] 2026-09-23 09:06:39,682 - torchtitan.observability.metrics - INFO - [31mstep: 44  [32mloss:  2.54764  [38;2;180;60;0mgrad_norm:  0.6095  [38;2;54;234;195mmemory:  0.29GiB(0.37%)  [34mtps: 595  [36mtflops: 0.09  [35mmfu: 0.01%[39m
[titan] 2026-09-23 09:06:39,687 - torchtitan.observability.metrics - INFO - [31mstep: 44  [32mloss: -2.00000  [38;2;180;60;0mgrad_norm:  0.6095  [38;2;54;234;195mmemory:  0.34GiB(0.42%)  [34mtps: 595  [36mtflops: 0.09  [35mmfu: 0.01%[39m
[titan] 2026-09-23 09:06:39,687 - torchtitan.observability.metrics - INFO - [31mstep: 44  [32mloss: -2.00000  [38;2;180;60;0mgrad_norm:  0.6095  [38;2;54;234;195mmemory:  0.34GiB(0.42%)  [34mtps: 595  [36mtflops: 0.09  [35mmfu: 0.01%[39m
[titan] 2026-09-23 09:06:40,546 - torchtitan.observability.metrics - INFO - [31mstep: 45  [32mloss:  2.67820  [38;2;180;60;0mgrad_norm:  0.7362  [38;2;54;234;195mmemory:  0.29GiB(0.37%)  [34mtps: 593  [36mtflops: 0.09  [35mmfu: 0.01%[39m
[titan] 2026-09-23 09:06:40,546 - torchtitan.observability.metrics - INFO - [31mstep: 45  [32mloss:  2.67820  [38;2;180;60;0mgrad_norm:  0.7362  [38;2;54;234;195mmemory:  0.29GiB(0.37%)  [34mtps: 593  [36mtflops: 0.09  [35mmfu: 0.01%[39m
[titan] 2026-09-23 09:06:40,551 - torchtitan.observability.metrics - INFO - [31mstep: 45  [32mloss: -2.00000  [38;2;180;60;0mgrad_norm:  0.7362  [38;2;54;234;195mmemory:  0.34GiB(0.42%)  [34mtps: 593  [36mtflops: 0.09  [35mmfu: 0.01%[39m
[titan] 2026-09-23 09:06:40,551 - torchtitan.observability.metrics - INFO - [31mstep: 45  [32mloss: -2.00000  [38;2;180;60;0mgrad_norm:  0.7362  [38;2;54;234;195mmemory:  0.34GiB(0.42%)  [34mtps: 593  [36mtflops: 0.09  [35mmfu: 0.01%[39m
[titan] 2026-09-23 09:06:41,406 - torchtitan.observability.metrics - INFO - [31mstep: 46  [32mloss:  2.58347  [38;2;180;60;0mgrad_norm:  0.6848  [38;2;54;234;195mmemory:  0.29GiB(0.37%)  [34mtps: 596  [36mtflops: 0.09  [35mmfu: 0.01%[39m
[titan] 2026-09-23 09:06:41,406 - torchtitan.observability.metrics - INFO - [31mstep: 46  [32mloss:  2.58347  [38;2;180;60;0mgrad_norm:  0.6848  [38;2;54;234;195mmemory:  0.29GiB(0.37%)  [34mtps: 596  [36mtflops: 0.09  [35mmfu: 0.01%[39m
[titan] 2026-09-23 09:06:41,411 - torchtitan.observability.metrics - INFO - [31mstep: 46  [32mloss: -2.00000  [38;2;180;60;0mgrad_norm:  0.6848  [38;2;54;234;195mmemory:  0.34GiB(0.42%)  [34mtps: 596  [36mtflops: 0.09  [35mmfu: 0.01%[39m
[titan] 2026-09-23 09:06:41,411 - torchtitan.observability.metrics - INFO - [31mstep: 46  [32mloss: -2.00000  [38;2;180;60;0mgrad_norm:  0.6848  [38;2;54;234;195mmemory:  0.34GiB(0.42%)  [34mtps: 596  [36mtflops: 0.09  [35mmfu: 0.01%[39m
[titan] 2026-09-23 09:06:42,267 - torchtitan.observability.metrics - INFO - [31mstep: 47  [32mloss:  2.65011  [38;2;180;60;0mgrad_norm:  0.7054  [38;2;54;234;195mmemory:  0.29GiB(0.37%)  [34mtps: 595  [36mtflops: 0.09  [35mmfu: 0.01%[39m
[titan] 2026-09-23 09:06:42,267 - torchtitan.observability.metrics - INFO - [31mstep: 47  [32mloss:  2.65011  [38;2;180;60;0mgrad_norm:  0.7054  [38;2;54;234;195mmemory:  0.29GiB(0.37%)  [34mtps: 595  [36mtflops: 0.09  [35mmfu: 0.01%[39m
[titan] 2026-09-23 09:06:42,271 - torchtitan.observability.metrics - INFO - [31mstep: 47  [32mloss: -2.00000  [38;2;180;60;0mgrad_norm:  0.7054  [38;2;54;234;195mmemory:  0.34GiB(0.42%)  [34mtps: 595  [36mtflops: 0.09  [35mmfu: 0.01%[39m
[titan] 2026-09-23 09:06:42,272 - torchtitan.observability.metrics - INFO - [31mstep: 47  [32mloss: -2.00000  [38;2;180;60;0mgrad_norm:  0.7054  [38;2;54;234;195mmemory:  0.34GiB(0.42%)  [34mtps: 595  [36mtflops: 0.09  [35mmfu: 0.01%[39m
[titan] 2026-09-23 09:06:43,126 - torchtitan.observability.metrics - INFO - [31mstep: 48  [32mloss:  2.63160  [38;2;180;60;0mgrad_norm:  0.7311  [38;2;54;234;195mmemory:  0.29GiB(0.37%)  [34mtps: 596  [36mtflops: 0.09  [35mmfu: 0.01%[39m
[titan] 2026-09-23 09:06:43,126 - torchtitan.observability.metrics - INFO - [31mstep: 48  [32mloss:  2.63160  [38;2;180;60;0mgrad_norm:  0.7311  [38;2;54;234;195mmemory:  0.29GiB(0.37%)  [34mtps: 596  [36mtflops: 0.09  [35mmfu: 0.01%[39m
[titan] 2026-09-23 09:06:43,130 - torchtitan.observability.metrics - INFO - [31mstep: 48  [32mloss: -2.00000  [38;2;180;60;0mgrad_norm:  0.7311  [38;2;54;234;195mmemory:  0.34GiB(0.42%)  [34mtps: 596  [36mtflops: 0.09  [35mmfu: 0.01%[39m
[titan] 2026-09-23 09:06:43,130 - torchtitan.observability.metrics - INFO - [31mstep: 48  [32mloss: -2.00000  [38;2;180;60;0mgrad_norm:  0.7311  [38;2;54;234;195mmemory:  0.34GiB(0.42%)  [34mtps: 596  [36mtflops: 0.09  [35mmfu: 0.01%[39m
[titan] 2026-09-23 09:06:43,985 - torchtitan.observability.metrics - INFO - [31mstep: 49  [32mloss:  2.65777  [38;2;180;60;0mgrad_norm:  0.7573  [38;2;54;234;195mmemory:  0.29GiB(0.37%)  [34mtps: 596  [36mtflops: 0.09  [35mmfu: 0.01%[39m
[titan] 2026-09-23 09:06:43,985 - torchtitan.observability.metrics - INFO - [31mstep: 49  [32mloss:  2.65777  [38;2;180;60;0mgrad_norm:  0.7573  [38;2;54;234;195mmemory:  0.29GiB(0.37%)  [34mtps: 596  [36mtflops: 0.09  [35mmfu: 0.01%[39m
[titan] 2026-09-23 09:06:43,990 - torchtitan.observability.metrics - INFO - [31mstep: 49  [32mloss: -2.00000  [38;2;180;60;0mgrad_norm:  0.7573  [38;2;54;234;195mmemory:  0.34GiB(0.42%)  [34mtps: 596  [36mtflops: 0.09  [35mmfu: 0.01%[39m
[titan] 2026-09-23 09:06:43,990 - torchtitan.observability.metrics - INFO - [31mstep: 49  [32mloss: -2.00000  [38;2;180;60;0mgrad_norm:  0.7573  [38;2;54;234;195mmemory:  0.34GiB(0.42%)  [34mtps: 596  [36mtflops: 0.09  [35mmfu: 0.01%[39m
[titan] 2026-09-23 09:06:44,137 - torchtitan.tools.utils - INFO - [GC] Performing periodic GC collection took 0.14 seconds
[titan] 2026-09-23 09:06:44,141 - torchtitan.tools.utils - INFO - [GC] Performing periodic GC collection took 0.14 seconds
[titan] 2026-09-23 09:06:44,142 - torchtitan.tools.utils - INFO - [GC] Performing periodic GC collection took 0.15 seconds
[titan] 2026-09-23 09:06:44,144 - torchtitan.tools.utils - INFO - [GC] Performing periodic GC collection took 0.15 seconds
[titan] 2026-09-23 09:06:44,992 - torchtitan.observability.metrics - INFO - [31mstep: 50  [32mloss:  2.56587  [38;2;180;60;0mgrad_norm:  0.5743  [38;2;54;234;195mmemory:  0.29GiB(0.37%)  [34mtps: 509  [36mtflops: 0.08  [35mmfu: 0.01%[39m
[titan] 2026-09-23 09:06:44,992 - torchtitan.observability.metrics - INFO - [31mstep: 50  [32mloss:  2.56587  [38;2;180;60;0mgrad_norm:  0.5743  [38;2;54;234;195mmemory:  0.29GiB(0.37%)  [34mtps: 509  [36mtflops: 0.08  [35mmfu: 0.01%[39m
[titan] 2026-09-23 09:06:44,997 - torchtitan.observability.metrics - INFO - [31mstep: 50  [32mloss: -2.00000  [38;2;180;60;0mgrad_norm:  0.5743  [38;2;54;234;195mmemory:  0.34GiB(0.42%)  [34mtps: 509  [36mtflops: 0.08  [35mmfu: 0.01%[39m
[titan] 2026-09-23 09:06:44,997 - torchtitan.observability.metrics - INFO - [31mstep: 50  [32mloss: -2.00000  [38;2;180;60;0mgrad_norm:  0.5743  [38;2;54;234;195mmemory:  0.34GiB(0.42%)  [34mtps: 509  [36mtflops: 0.08  [35mmfu: 0.01%[39m
[titan] 2026-09-23 09:06:45,865 - torchtitan.observability.metrics - INFO - [31mstep: 51  [32mloss:  2.57146  [38;2;180;60;0mgrad_norm:  0.7135  [38;2;54;234;195mmemory:  0.29GiB(0.37%)  [34mtps: 586  [36mtflops: 0.09  [35mmfu: 0.01%[39m
[titan] 2026-09-23 09:06:45,865 - torchtitan.observability.metrics - INFO - [31mstep: 51  [32mloss:  2.57146  [38;2;180;60;0mgrad_norm:  0.7135  [38;2;54;234;195mmemory:  0.29GiB(0.37%)  [34mtps: 586  [36mtflops: 0.09  [35mmfu: 0.01%[39m
[titan] 2026-09-23 09:06:45,870 - torchtitan.observability.metrics - INFO - [31mstep: 51  [32mloss: -2.00000  [38;2;180;60;0mgrad_norm:  0.7135  [38;2;54;234;195mmemory:  0.34GiB(0.42%)  [34mtps: 586  [36mtflops: 0.09  [35mmfu: 0.01%[39m
[titan] 2026-09-23 09:06:45,870 - torchtitan.observability.metrics - INFO - [31mstep: 51  [32mloss: -2.00000  [38;2;180;60;0mgrad_norm:  0.7135  [38;2;54;234;195mmemory:  0.34GiB(0.42%)  [34mtps: 586  [36mtflops: 0.09  [35mmfu: 0.01%[39m
[titan] 2026-09-23 09:06:46,730 - torchtitan.observability.metrics - INFO - [31mstep: 52  [32mloss:  2.51342  [38;2;180;60;0mgrad_norm:  0.8765  [38;2;54;234;195mmemory:  0.29GiB(0.37%)  [34mtps: 593  [36mtflops: 0.09  [35mmfu: 0.01%[39m
[titan] 2026-09-23 09:06:46,730 - torchtitan.observability.metrics - INFO - [31mstep: 52  [32mloss:  2.51342  [38;2;180;60;0mgrad_norm:  0.8765  [38;2;54;234;195mmemory:  0.29GiB(0.37%)  [34mtps: 592  [36mtflops: 0.09  [35mmfu: 0.01%[39m
[titan] 2026-09-23 09:06:46,735 - torchtitan.observability.metrics - INFO - [31mstep: 52  [32mloss: -2.00000  [38;2;180;60;0mgrad_norm:  0.8765  [38;2;54;234;195mmemory:  0.34GiB(0.42%)  [34mtps: 593  [36mtflops: 0.09  [35mmfu: 0.01%[39m
[titan] 2026-09-23 09:06:46,735 - torchtitan.observability.metrics - INFO - [31mstep: 52  [32mloss: -2.00000  [38;2;180;60;0mgrad_norm:  0.8765  [38;2;54;234;195mmemory:  0.34GiB(0.42%)  [34mtps: 592  [36mtflops: 0.09  [35mmfu: 0.01%[39m
[titan] 2026-09-23 09:06:47,597 - torchtitan.observability.metrics - INFO - [31mstep: 53  [32mloss:  2.62323  [38;2;180;60;0mgrad_norm:  0.7263  [38;2;54;234;195mmemory:  0.29GiB(0.37%)  [34mtps: 591  [36mtflops: 0.09  [35mmfu: 0.01%[39m
[titan] 2026-09-23 09:06:47,597 - torchtitan.observability.metrics - INFO - [31mstep: 53  [32mloss:  2.62323  [38;2;180;60;0mgrad_norm:  0.7263  [38;2;54;234;195mmemory:  0.29GiB(0.37%)  [34mtps: 591  [36mtflops: 0.09  [35mmfu: 0.01%[39m
[titan] 2026-09-23 09:06:47,602 - torchtitan.observability.metrics - INFO - [31mstep: 53  [32mloss: -2.00000  [38;2;180;60;0mgrad_norm:  0.7263  [38;2;54;234;195mmemory:  0.34GiB(0.42%)  [34mtps: 591  [36mtflops: 0.09  [35mmfu: 0.01%[39m
[titan] 2026-09-23 09:06:47,602 - torchtitan.observability.metrics - INFO - [31mstep: 53  [32mloss: -2.00000  [38;2;180;60;0mgrad_norm:  0.7263  [38;2;54;234;195mmemory:  0.34GiB(0.42%)  [34mtps: 591  [36mtflops: 0.09  [35mmfu: 0.01%[39m
[titan] 2026-09-23 09:06:48,459 - torchtitan.observability.metrics - INFO - [31mstep: 54  [32mloss:  2.68917  [38;2;180;60;0mgrad_norm:  0.6138  [38;2;54;234;195mmemory:  0.29GiB(0.37%)  [34mtps: 594  [36mtflops: 0.09  [35mmfu: 0.01%[39m
[titan] 2026-09-23 09:06:48,459 - torchtitan.observability.metrics - INFO - [31mstep: 54  [32mloss:  2.68917  [38;2;180;60;0mgrad_norm:  0.6138  [38;2;54;234;195mmemory:  0.29GiB(0.37%)  [34mtps: 594  [36mtflops: 0.09  [35mmfu: 0.01%[39m
[titan] 2026-09-23 09:06:48,464 - torchtitan.observability.metrics - INFO - [31mstep: 54  [32mloss: -2.00000  [38;2;180;60;0mgrad_norm:  0.6138  [38;2;54;234;195mmemory:  0.34GiB(0.42%)  [34mtps: 594  [36mtflops: 0.09  [35mmfu: 0.01%[39m
[titan] 2026-09-23 09:06:48,464 - torchtitan.observability.metrics - INFO - [31mstep: 54  [32mloss: -2.00000  [38;2;180;60;0mgrad_norm:  0.6138  [38;2;54;234;195mmemory:  0.34GiB(0.42%)  [34mtps: 594  [36mtflops: 0.09  [35mmfu: 0.01%[39m
[titan] 2026-09-23 09:06:49,325 - torchtitan.observability.metrics - INFO - [31mstep: 55  [32mloss:  2.80062  [38;2;180;60;0mgrad_norm:  0.6924  [38;2;54;234;195mmemory:  0.29GiB(0.37%)  [34mtps: 592  [36mtflops: 0.09  [35mmfu: 0.01%[39m
[titan] 2026-09-23 09:06:49,325 - torchtitan.observability.metrics - INFO - [31mstep: 55  [32mloss:  2.80062  [38;2;180;60;0mgrad_norm:  0.6924  [38;2;54;234;195mmemory:  0.29GiB(0.37%)  [34mtps: 592  [36mtflops: 0.09  [35mmfu: 0.01%[39m
[titan] 2026-09-23 09:06:49,329 - torchtitan.observability.metrics - INFO - [31mstep: 55  [32mloss: -2.00000  [38;2;180;60;0mgrad_norm:  0.6924  [38;2;54;234;195mmemory:  0.34GiB(0.42%)  [34mtps: 592  [36mtflops: 0.09  [35mmfu: 0.01%[39m
[titan] 2026-09-23 09:06:49,330 - torchtitan.observability.metrics - INFO - [31mstep: 55  [32mloss: -2.00000  [38;2;180;60;0mgrad_norm:  0.6924  [38;2;54;234;195mmemory:  0.34GiB(0.42%)  [34mtps: 592  [36mtflops: 0.09  [35mmfu: 0.01%[39m
[titan] 2026-09-23 09:06:50,186 - torchtitan.observability.metrics - INFO - [31mstep: 56  [32mloss:  2.46338  [38;2;180;60;0mgrad_norm:  0.6592  [38;2;54;234;195mmemory:  0.29GiB(0.37%)  [34mtps: 595  [36mtflops: 0.09  [35mmfu: 0.01%[39m
[titan] 2026-09-23 09:06:50,186 - torchtitan.observability.metrics - INFO - [31mstep: 56  [32mloss:  2.46338  [38;2;180;60;0mgrad_norm:  0.6592  [38;2;54;234;195mmemory:  0.29GiB(0.37%)  [34mtps: 595  [36mtflops: 0.09  [35mmfu: 0.01%[39m
[titan] 2026-09-23 09:06:50,190 - torchtitan.observability.metrics - INFO - [31mstep: 56  [32mloss: -2.00000  [38;2;180;60;0mgrad_norm:  0.6592  [38;2;54;234;195mmemory:  0.34GiB(0.42%)  [34mtps: 595  [36mtflops: 0.09  [35mmfu: 0.01%[39m
[titan] 2026-09-23 09:06:50,191 - torchtitan.observability.metrics - INFO - [31mstep: 56  [32mloss: -2.00000  [38;2;180;60;0mgrad_norm:  0.6592  [38;2;54;234;195mmemory:  0.34GiB(0.42%)  [34mtps: 595  [36mtflops: 0.09  [35mmfu: 0.01%[39m
[titan] 2026-09-23 09:06:51,049 - torchtitan.observability.metrics - INFO - [31mstep: 57  [32mloss:  2.54627  [38;2;180;60;0mgrad_norm:  0.6742  [38;2;54;234;195mmemory:  0.29GiB(0.37%)  [34mtps: 593  [36mtflops: 0.09  [35mmfu: 0.01%[39m
[titan] 2026-09-23 09:06:51,049 - torchtitan.observability.metrics - INFO - [31mstep: 57  [32mloss:  2.54627  [38;2;180;60;0mgrad_norm:  0.6742  [38;2;54;234;195mmemory:  0.29GiB(0.37%)  [34mtps: 593  [36mtflops: 0.09  [35mmfu: 0.01%[39m
[titan] 2026-09-23 09:06:51,054 - torchtitan.observability.metrics - INFO - [31mstep: 57  [32mloss: -2.00000  [38;2;180;60;0mgrad_norm:  0.6742  [38;2;54;234;195mmemory:  0.34GiB(0.42%)  [34mtps: 593  [36mtflops: 0.09  [35mmfu: 0.01%[39m
[titan] 2026-09-23 09:06:51,054 - torchtitan.observability.metrics - INFO - [31mstep: 57  [32mloss: -2.00000  [38;2;180;60;0mgrad_norm:  0.6742  [38;2;54;234;195mmemory:  0.34GiB(0.42%)  [34mtps: 593  [36mtflops: 0.09  [35mmfu: 0.01%[39m
[titan] 2026-09-23 09:06:51,916 - torchtitan.observability.metrics - INFO - [31mstep: 58  [32mloss:  2.50112  [38;2;180;60;0mgrad_norm:  0.6752  [38;2;54;234;195mmemory:  0.29GiB(0.37%)  [34mtps: 591  [36mtflops: 0.09  [35mmfu: 0.01%[39m
[titan] 2026-09-23 09:06:51,916 - torchtitan.observability.metrics - INFO - [31mstep: 58  [32mloss:  2.50112  [38;2;180;60;0mgrad_norm:  0.6752  [38;2;54;234;195mmemory:  0.29GiB(0.37%)  [34mtps: 591  [36mtflops: 0.09  [35mmfu: 0.01%[39m
[titan] 2026-09-23 09:06:51,921 - torchtitan.observability.metrics - INFO - [31mstep: 58  [32mloss: -2.00000  [38;2;180;60;0mgrad_norm:  0.6752  [38;2;54;234;195mmemory:  0.34GiB(0.42%)  [34mtps: 591  [36mtflops: 0.09  [35mmfu: 0.01%[39m
[titan] 2026-09-23 09:06:51,921 - torchtitan.observability.metrics - INFO - [31mstep: 58  [32mloss: -2.00000  [38;2;180;60;0mgrad_norm:  0.6752  [38;2;54;234;195mmemory:  0.34GiB(0.42%)  [34mtps: 591  [36mtflops: 0.09  [35mmfu: 0.01%[39m
[titan] 2026-09-23 09:06:52,782 - torchtitan.observability.metrics - INFO - [31mstep: 59  [32mloss:  2.49624  [38;2;180;60;0mgrad_norm:  0.6780  [38;2;54;234;195mmemory:  0.29GiB(0.37%)  [34mtps: 591  [36mtflops: 0.09  [35mmfu: 0.01%[39m
[titan] 2026-09-23 09:06:52,782 - torchtitan.observability.metrics - INFO - [31mstep: 59  [32mloss:  2.49624  [38;2;180;60;0mgrad_norm:  0.6780  [38;2;54;234;195mmemory:  0.29GiB(0.37%)  [34mtps: 591  [36mtflops: 0.09  [35mmfu: 0.01%[39m
[titan] 2026-09-23 09:06:52,787 - torchtitan.observability.metrics - INFO - [31mstep: 59  [32mloss: -2.00000  [38;2;180;60;0mgrad_norm:  0.6780  [38;2;54;234;195mmemory:  0.34GiB(0.42%)  [34mtps: 591  [36mtflops: 0.09  [35mmfu: 0.01%[39m
[titan] 2026-09-23 09:06:52,787 - torchtitan.observability.metrics - INFO - [31mstep: 59  [32mloss: -2.00000  [38;2;180;60;0mgrad_norm:  0.6780  [38;2;54;234;195mmemory:  0.34GiB(0.42%)  [34mtps: 591  [36mtflops: 0.09  [35mmfu: 0.01%[39m
[titan] 2026-09-23 09:06:53,647 - torchtitan.observability.metrics - INFO - [31mstep: 60  [32mloss:  2.44410  [38;2;180;60;0mgrad_norm:  0.6231  [38;2;54;234;195mmemory:  0.29GiB(0.37%)  [34mtps: 592  [36mtflops: 0.09  [35mmfu: 0.01%[39m
[titan] 2026-09-23 09:06:53,647 - torchtitan.observability.metrics - INFO - [31mstep: 60  [32mloss:  2.44410  [38;2;180;60;0mgrad_norm:  0.6231  [38;2;54;234;195mmemory:  0.29GiB(0.37%)  [34mtps: 592  [36mtflops: 0.09  [35mmfu: 0.01%[39m
[titan] 2026-09-23 09:06:53,652 - torchtitan.observability.metrics - INFO - [31mstep: 60  [32mloss: -2.00000  [38;2;180;60;0mgrad_norm:  0.6231  [38;2;54;234;195mmemory:  0.34GiB(0.42%)  [34mtps: 592  [36mtflops: 0.09  [35mmfu: 0.01%[39m
[titan] 2026-09-23 09:06:53,652 - torchtitan.observability.metrics - INFO - [31mstep: 60  [32mloss: -2.00000  [38;2;180;60;0mgrad_norm:  0.6231  [38;2;54;234;195mmemory:  0.34GiB(0.42%)  [34mtps: 592  [36mtflops: 0.09  [35mmfu: 0.01%[39m
[titan] 2026-09-23 09:06:54,512 - torchtitan.observability.metrics - INFO - [31mstep: 61  [32mloss:  2.47481  [38;2;180;60;0mgrad_norm:  0.6286  [38;2;54;234;195mmemory:  0.29GiB(0.37%)  [34mtps: 592  [36mtflops: 0.09  [35mmfu: 0.01%[39m
[titan] 2026-09-23 09:06:54,512 - torchtitan.observability.metrics - INFO - [31mstep: 61  [32mloss:  2.47481  [38;2;180;60;0mgrad_norm:  0.6286  [38;2;54;234;195mmemory:  0.29GiB(0.37%)  [34mtps: 592  [36mtflops: 0.09  [35mmfu: 0.01%[39m
[titan] 2026-09-23 09:06:54,516 - torchtitan.observability.metrics - INFO - [31mstep: 61  [32mloss: -2.00000  [38;2;180;60;0mgrad_norm:  0.6286  [38;2;54;234;195mmemory:  0.34GiB(0.42%)  [34mtps: 592  [36mtflops: 0.09  [35mmfu: 0.01%[39m
[titan] 2026-09-23 09:06:54,516 - torchtitan.observability.metrics - INFO - [31mstep: 61  [32mloss: -2.00000  [38;2;180;60;0mgrad_norm:  0.6286  [38;2;54;234;195mmemory:  0.34GiB(0.42%)  [34mtps: 592  [36mtflops: 0.09  [35mmfu: 0.01%[39m
[titan] 2026-09-23 09:06:55,378 - torchtitan.observability.metrics - INFO - [31mstep: 62  [32mloss:  2.63949  [38;2;180;60;0mgrad_norm:  0.6246  [38;2;54;234;195mmemory:  0.29GiB(0.37%)  [34mtps: 591  [36mtflops: 0.09  [35mmfu: 0.01%[39m
[titan] 2026-09-23 09:06:55,378 - torchtitan.observability.metrics - INFO - [31mstep: 62  [32mloss:  2.63949  [38;2;180;60;0mgrad_norm:  0.6246  [38;2;54;234;195mmemory:  0.29GiB(0.37%)  [34mtps: 591  [36mtflops: 0.09  [35mmfu: 0.01%[39m
[titan] 2026-09-23 09:06:55,383 - torchtitan.observability.metrics - INFO - [31mstep: 62  [32mloss: -2.00000  [38;2;180;60;0mgrad_norm:  0.6246  [38;2;54;234;195mmemory:  0.34GiB(0.42%)  [34mtps: 591  [36mtflops: 0.09  [35mmfu: 0.01%[39m
[titan] 2026-09-23 09:06:55,383 - torchtitan.observability.metrics - INFO - [31mstep: 62  [32mloss: -2.00000  [38;2;180;60;0mgrad_norm:  0.6246  [38;2;54;234;195mmemory:  0.34GiB(0.42%)  [34mtps: 591  [36mtflops: 0.09  [35mmfu: 0.01%[39m
[titan] 2026-09-23 09:06:56,249 - torchtitan.observability.metrics - INFO - [31mstep: 63  [32mloss:  2.59127  [38;2;180;60;0mgrad_norm:  0.6424  [38;2;54;234;195mmemory:  0.29GiB(0.37%)  [34mtps: 588  [36mtflops: 0.09  [35mmfu: 0.01%[39m
[titan] 2026-09-23 09:06:56,249 - torchtitan.observability.metrics - INFO - [31mstep: 63  [32mloss:  2.59127  [38;2;180;60;0mgrad_norm:  0.6424  [38;2;54;234;195mmemory:  0.29GiB(0.37%)  [34mtps: 588  [36mtflops: 0.09  [35mmfu: 0.01%[39m
[titan] 2026-09-23 09:06:56,254 - torchtitan.observability.metrics - INFO - [31mstep: 63  [32mloss: -2.00000  [38;2;180;60;0mgrad_norm:  0.6424  [38;2;54;234;195mmemory:  0.34GiB(0.42%)  [34mtps: 588  [36mtflops: 0.09  [35mmfu: 0.01%[39m
[titan] 2026-09-23 09:06:56,254 - torchtitan.observability.metrics - INFO - [31mstep: 63  [32mloss: -2.00000  [38;2;180;60;0mgrad_norm:  0.6424  [38;2;54;234;195mmemory:  0.34GiB(0.42%)  [34mtps: 588  [36mtflops: 0.09  [35mmfu: 0.01%[39m
[titan] 2026-09-23 09:06:57,117 - torchtitan.observability.metrics - INFO - [31mstep: 64  [32mloss:  2.57523  [38;2;180;60;0mgrad_norm:  0.6652  [38;2;54;234;195mmemory:  0.29GiB(0.37%)  [34mtps: 590  [36mtflops: 0.09  [35mmfu: 0.01%[39m
[titan] 2026-09-23 09:06:57,117 - torchtitan.observability.metrics - INFO - [31mstep: 64  [32mloss:  2.57523  [38;2;180;60;0mgrad_norm:  0.6652  [38;2;54;234;195mmemory:  0.29GiB(0.37%)  [34mtps: 590  [36mtflops: 0.09  [35mmfu: 0.01%[39m
[titan] 2026-09-23 09:06:57,121 - torchtitan.observability.metrics - INFO - [31mstep: 64  [32mloss: -2.00000  [38;2;180;60;0mgrad_norm:  0.6652  [38;2;54;234;195mmemory:  0.34GiB(0.42%)  [34mtps: 591  [36mtflops: 0.09  [35mmfu: 0.01%[39m
[titan] 2026-09-23 09:06:57,121 - torchtitan.observability.metrics - INFO - [31mstep: 64  [32mloss: -2.00000  [38;2;180;60;0mgrad_norm:  0.6652  [38;2;54;234;195mmemory:  0.34GiB(0.42%)  [34mtps: 591  [36mtflops: 0.09  [35mmfu: 0.01%[39m
[titan] 2026-09-23 09:06:57,981 - torchtitan.observability.metrics - INFO - [31mstep: 65  [32mloss:  2.62888  [38;2;180;60;0mgrad_norm:  0.7589  [38;2;54;234;195mmemory:  0.29GiB(0.37%)  [34mtps: 592  [36mtflops: 0.09  [35mmfu: 0.01%[39m
[titan] 2026-09-23 09:06:57,981 - torchtitan.observability.metrics - INFO - [31mstep: 65  [32mloss:  2.62888  [38;2;180;60;0mgrad_norm:  0.7589  [38;2;54;234;195mmemory:  0.29GiB(0.37%)  [34mtps: 592  [36mtflops: 0.09  [35mmfu: 0.01%[39m
[titan] 2026-09-23 09:06:57,986 - torchtitan.observability.metrics - INFO - [31mstep: 65  [32mloss: -2.00000  [38;2;180;60;0mgrad_norm:  0.7589  [38;2;54;234;195mmemory:  0.34GiB(0.42%)  [34mtps: 592  [36mtflops: 0.09  [35mmfu: 0.01%[39m
[titan] 2026-09-23 09:06:57,986 - torchtitan.observability.metrics - INFO - [31mstep: 65  [32mloss: -2.00000  [38;2;180;60;0mgrad_norm:  0.7589  [38;2;54;234;195mmemory:  0.34GiB(0.42%)  [34mtps: 592  [36mtflops: 0.09  [35mmfu: 0.01%[39m
[titan] 2026-09-23 09:06:58,858 - torchtitan.observability.metrics - INFO - [31mstep: 66  [32mloss:  2.50379  [38;2;180;60;0mgrad_norm:  0.5927  [38;2;54;234;195mmemory:  0.29GiB(0.37%)  [34mtps: 584  [36mtflops: 0.09  [35mmfu: 0.01%[39m
[titan] 2026-09-23 09:06:58,858 - torchtitan.observability.metrics - INFO - [31mstep: 66  [32mloss:  2.50379  [38;2;180;60;0mgrad_norm:  0.5927  [38;2;54;234;195mmemory:  0.29GiB(0.37%)  [34mtps: 584  [36mtflops: 0.09  [35mmfu: 0.01%[39m
[titan] 2026-09-23 09:06:58,863 - torchtitan.observability.metrics - INFO - [31mstep: 66  [32mloss: -2.00000  [38;2;180;60;0mgrad_norm:  0.5927  [38;2;54;234;195mmemory:  0.34GiB(0.42%)  [34mtps: 584  [36mtflops: 0.09  [35mmfu: 0.01%[39m
[titan] 2026-09-23 09:06:58,863 - torchtitan.observability.metrics - INFO - [31mstep: 66  [32mloss: -2.00000  [38;2;180;60;0mgrad_norm:  0.5927  [38;2;54;234;195mmemory:  0.34GiB(0.42%)  [34mtps: 584  [36mtflops: 0.09  [35mmfu: 0.01%[39m
[titan] 2026-09-23 09:06:59,736 - torchtitan.observability.metrics - INFO - [31mstep: 67  [32mloss:  2.42059  [38;2;180;60;0mgrad_norm:  0.6754  [38;2;54;234;195mmemory:  0.29GiB(0.37%)  [34mtps: 583  [36mtflops: 0.09  [35mmfu: 0.01%[39m
[titan] 2026-09-23 09:06:59,736 - torchtitan.observability.metrics - INFO - [31mstep: 67  [32mloss:  2.42059  [38;2;180;60;0mgrad_norm:  0.6754  [38;2;54;234;195mmemory:  0.29GiB(0.37%)  [34mtps: 583  [36mtflops: 0.09  [35mmfu: 0.01%[39m
[titan] 2026-09-23 09:06:59,741 - torchtitan.observability.metrics - INFO - [31mstep: 67  [32mloss: -2.00000  [38;2;180;60;0mgrad_norm:  0.6754  [38;2;54;234;195mmemory:  0.34GiB(0.42%)  [34mtps: 584  [36mtflops: 0.09  [35mmfu: 0.01%[39m
[titan] 2026-09-23 09:06:59,741 - torchtitan.observability.metrics - INFO - [31mstep: 67  [32mloss: -2.00000  [38;2;180;60;0mgrad_norm:  0.6754  [38;2;54;234;195mmemory:  0.34GiB(0.42%)  [34mtps: 584  [36mtflops: 0.09  [35mmfu: 0.01%[39m
[titan] 2026-09-23 09:07:00,605 - torchtitan.observability.metrics - INFO - [31mstep: 68  [32mloss:  2.48092  [38;2;180;60;0mgrad_norm:  0.6080  [38;2;54;234;195mmemory:  0.29GiB(0.37%)  [34mtps: 589  [36mtflops: 0.09  [35mmfu: 0.01%[39m
[titan] 2026-09-23 09:07:00,605 - torchtitan.observability.metrics - INFO - [31mstep: 68  [32mloss:  2.48092  [38;2;180;60;0mgrad_norm:  0.6080  [38;2;54;234;195mmemory:  0.29GiB(0.37%)  [34mtps: 589  [36mtflops: 0.09  [35mmfu: 0.01%[39m
[titan] 2026-09-23 09:07:00,610 - torchtitan.observability.metrics - INFO - [31mstep: 68  [32mloss: -2.00000  [38;2;180;60;0mgrad_norm:  0.6080  [38;2;54;234;195mmemory:  0.34GiB(0.42%)  [34mtps: 589  [36mtflops: 0.09  [35mmfu: 0.01%[39m
[titan] 2026-09-23 09:07:00,610 - torchtitan.observability.metrics - INFO - [31mstep: 68  [32mloss: -2.00000  [38;2;180;60;0mgrad_norm:  0.6080  [38;2;54;234;195mmemory:  0.34GiB(0.42%)  [34mtps: 589  [36mtflops: 0.09  [35mmfu: 0.01%[39m
[titan] 2026-09-23 09:07:01,470 - torchtitan.observability.metrics - INFO - [31mstep: 69  [32mloss:  2.65062  [38;2;180;60;0mgrad_norm:  0.6660  [38;2;54;234;195mmemory:  0.29GiB(0.37%)  [34mtps: 592  [36mtflops: 0.09  [35mmfu: 0.01%[39m
[titan] 2026-09-23 09:07:01,470 - torchtitan.observability.metrics - INFO - [31mstep: 69  [32mloss:  2.65062  [38;2;180;60;0mgrad_norm:  0.6660  [38;2;54;234;195mmemory:  0.29GiB(0.37%)  [34mtps: 592  [36mtflops: 0.09  [35mmfu: 0.01%[39m
[titan] 2026-09-23 09:07:01,475 - torchtitan.observability.metrics - INFO - [31mstep: 69  [32mloss: -2.00000  [38;2;180;60;0mgrad_norm:  0.6660  [38;2;54;234;195mmemory:  0.34GiB(0.42%)  [34mtps: 592  [36mtflops: 0.09  [35mmfu: 0.01%[39m
[titan] 2026-09-23 09:07:01,475 - torchtitan.observability.metrics - INFO - [31mstep: 69  [32mloss: -2.00000  [38;2;180;60;0mgrad_norm:  0.6660  [38;2;54;234;195mmemory:  0.34GiB(0.42%)  [34mtps: 592  [36mtflops: 0.09  [35mmfu: 0.01%[39m
[titan] 2026-09-23 09:07:02,338 - torchtitan.observability.metrics - INFO - [31mstep: 70  [32mloss:  2.62908  [38;2;180;60;0mgrad_norm:  0.5686  [38;2;54;234;195mmemory:  0.29GiB(0.37%)  [34mtps: 590  [36mtflops: 0.09  [35mmfu: 0.01%[39m
[titan] 2026-09-23 09:07:02,338 - torchtitan.observability.metrics - INFO - [31mstep: 70  [32mloss:  2.62908  [38;2;180;60;0mgrad_norm:  0.5686  [38;2;54;234;195mmemory:  0.29GiB(0.37%)  [34mtps: 590  [36mtflops: 0.09  [35mmfu: 0.01%[39m
[titan] 2026-09-23 09:07:02,343 - torchtitan.observability.metrics - INFO - [31mstep: 70  [32mloss: -2.00000  [38;2;180;60;0mgrad_norm:  0.5686  [38;2;54;234;195mmemory:  0.34GiB(0.42%)  [34mtps: 590  [36mtflops: 0.09  [35mmfu: 0.01%[39m
[titan] 2026-09-23 09:07:02,343 - torchtitan.observability.metrics - INFO - [31mstep: 70  [32mloss: -2.00000  [38;2;180;60;0mgrad_norm:  0.5686  [38;2;54;234;195mmemory:  0.34GiB(0.42%)  [34mtps: 590  [36mtflops: 0.09  [35mmfu: 0.01%[39m
[titan] 2026-09-23 09:07:03,206 - torchtitan.observability.metrics - INFO - [31mstep: 71  [32mloss:  2.38179  [38;2;180;60;0mgrad_norm:  0.6170  [38;2;54;234;195mmemory:  0.29GiB(0.37%)  [34mtps: 590  [36mtflops: 0.09  [35mmfu: 0.01%[39m
[titan] 2026-09-23 09:07:03,206 - torchtitan.observability.metrics - INFO - [31mstep: 71  [32mloss:  2.38179  [38;2;180;60;0mgrad_norm:  0.6170  [38;2;54;234;195mmemory:  0.29GiB(0.37%)  [34mtps: 590  [36mtflops: 0.09  [35mmfu: 0.01%[39m
[titan] 2026-09-23 09:07:03,211 - torchtitan.observability.metrics - INFO - [31mstep: 71  [32mloss: -2.00000  [38;2;180;60;0mgrad_norm:  0.6170  [38;2;54;234;195mmemory:  0.34GiB(0.42%)  [34mtps: 590  [36mtflops: 0.09  [35mmfu: 0.01%[39m
[titan] 2026-09-23 09:07:03,211 - torchtitan.observability.metrics - INFO - [31mstep: 71  [32mloss: -2.00000  [38;2;180;60;0mgrad_norm:  0.6170  [38;2;54;234;195mmemory:  0.34GiB(0.42%)  [34mtps: 590  [36mtflops: 0.09  [35mmfu: 0.01%[39m
[titan] 2026-09-23 09:07:04,074 - torchtitan.observability.metrics - INFO - [31mstep: 72  [32mloss:  2.44472  [38;2;180;60;0mgrad_norm:  0.8063  [38;2;54;234;195mmemory:  0.29GiB(0.37%)  [34mtps: 590  [36mtflops: 0.09  [35mmfu: 0.01%[39m
[titan] 2026-09-23 09:07:04,074 - torchtitan.observability.metrics - INFO - [31mstep: 72  [32mloss:  2.44472  [38;2;180;60;0mgrad_norm:  0.8063  [38;2;54;234;195mmemory:  0.29GiB(0.37%)  [34mtps: 590  [36mtflops: 0.09  [35mmfu: 0.01%[39m
[titan] 2026-09-23 09:07:04,079 - torchtitan.observability.metrics - INFO - [31mstep: 72  [32mloss: -2.00000  [38;2;180;60;0mgrad_norm:  0.8063  [38;2;54;234;195mmemory:  0.34GiB(0.42%)  [34mtps: 590  [36mtflops: 0.09  [35mmfu: 0.01%[39m
[titan] 2026-09-23 09:07:04,079 - torchtitan.observability.metrics - INFO - [31mstep: 72  [32mloss: -2.00000  [38;2;180;60;0mgrad_norm:  0.8063  [38;2;54;234;195mmemory:  0.34GiB(0.42%)  [34mtps: 590  [36mtflops: 0.09  [35mmfu: 0.01%[39m
[titan] 2026-09-23 09:07:04,944 - torchtitan.observability.metrics - INFO - [31mstep: 73  [32mloss:  2.41535  [38;2;180;60;0mgrad_norm:  0.6553  [38;2;54;234;195mmemory:  0.29GiB(0.37%)  [34mtps: 589  [36mtflops: 0.09  [35mmfu: 0.01%[39m
[titan] 2026-09-23 09:07:04,944 - torchtitan.observability.metrics - INFO - [31mstep: 73  [32mloss:  2.41535  [38;2;180;60;0mgrad_norm:  0.6553  [38;2;54;234;195mmemory:  0.29GiB(0.37%)  [34mtps: 589  [36mtflops: 0.09  [35mmfu: 0.01%[39m
[titan] 2026-09-23 09:07:04,949 - torchtitan.observability.metrics - INFO - [31mstep: 73  [32mloss: -2.00000  [38;2;180;60;0mgrad_norm:  0.6553  [38;2;54;234;195mmemory:  0.34GiB(0.42%)  [34mtps: 589  [36mtflops: 0.09  [35mmfu: 0.01%[39m
[titan] 2026-09-23 09:07:04,949 - torchtitan.observability.metrics - INFO - [31mstep: 73  [32mloss: -2.00000  [38;2;180;60;0mgrad_norm:  0.6553  [38;2;54;234;195mmemory:  0.34GiB(0.42%)  [34mtps: 589  [36mtflops: 0.09  [35mmfu: 0.01%[39m
[titan] 2026-09-23 09:07:05,819 - torchtitan.observability.metrics - INFO - [31mstep: 74  [32mloss:  2.45693  [38;2;180;60;0mgrad_norm:  0.5849  [38;2;54;234;195mmemory:  0.29GiB(0.37%)  [34mtps: 585  [36mtflops: 0.09  [35mmfu: 0.01%[39m
[titan] 2026-09-23 09:07:05,819 - torchtitan.observability.metrics - INFO - [31mstep: 74  [32mloss:  2.45693  [38;2;180;60;0mgrad_norm:  0.5849  [38;2;54;234;195mmemory:  0.29GiB(0.37%)  [34mtps: 585  [36mtflops: 0.09  [35mmfu: 0.01%[39m
[titan] 2026-09-23 09:07:05,824 - torchtitan.observability.metrics - INFO - [31mstep: 74  [32mloss: -2.00000  [38;2;180;60;0mgrad_norm:  0.5849  [38;2;54;234;195mmemory:  0.34GiB(0.42%)  [34mtps: 585  [36mtflops: 0.09  [35mmfu: 0.01%[39m
[titan] 2026-09-23 09:07:05,824 - torchtitan.observability.metrics - INFO - [31mstep: 74  [32mloss: -2.00000  [38;2;180;60;0mgrad_norm:  0.5849  [38;2;54;234;195mmemory:  0.34GiB(0.42%)  [34mtps: 585  [36mtflops: 0.09  [35mmfu: 0.01%[39m
[titan] 2026-09-23 09:07:06,685 - torchtitan.observability.metrics - INFO - [31mstep: 75  [32mloss:  2.56710  [38;2;180;60;0mgrad_norm:  0.6592  [38;2;54;234;195mmemory:  0.29GiB(0.37%)  [34mtps: 592  [36mtflops: 0.09  [35mmfu: 0.01%[39m
[titan] 2026-09-23 09:07:06,685 - torchtitan.observability.metrics - INFO - [31mstep: 75  [32mloss:  2.56710  [38;2;180;60;0mgrad_norm:  0.6592  [38;2;54;234;195mmemory:  0.29GiB(0.37%)  [34mtps: 592  [36mtflops: 0.09  [35mmfu: 0.01%[39m
[titan] 2026-09-23 09:07:06,690 - torchtitan.observability.metrics - INFO - [31mstep: 75  [32mloss: -2.00000  [38;2;180;60;0mgrad_norm:  0.6592  [38;2;54;234;195mmemory:  0.34GiB(0.42%)  [34mtps: 592  [36mtflops: 0.09  [35mmfu: 0.01%[39m
[titan] 2026-09-23 09:07:06,690 - torchtitan.observability.metrics - INFO - [31mstep: 75  [32mloss: -2.00000  [38;2;180;60;0mgrad_norm:  0.6592  [38;2;54;234;195mmemory:  0.34GiB(0.42%)  [34mtps: 591  [36mtflops: 0.09  [35mmfu: 0.01%[39m
[titan] 2026-09-23 09:07:07,555 - torchtitan.observability.metrics - INFO - [31mstep: 76  [32mloss:  2.36702  [38;2;180;60;0mgrad_norm:  0.5707  [38;2;54;234;195mmemory:  0.29GiB(0.37%)  [34mtps: 589  [36mtflops: 0.09  [35mmfu: 0.01%[39m
[titan] 2026-09-23 09:07:07,555 - torchtitan.observability.metrics - INFO - [31mstep: 76  [32mloss:  2.36702  [38;2;180;60;0mgrad_norm:  0.5707  [38;2;54;234;195mmemory:  0.29GiB(0.37%)  [34mtps: 589  [36mtflops: 0.09  [35mmfu: 0.01%[39m
[titan] 2026-09-23 09:07:07,560 - torchtitan.observability.metrics - INFO - [31mstep: 76  [32mloss: -2.00000  [38;2;180;60;0mgrad_norm:  0.5707  [38;2;54;234;195mmemory:  0.34GiB(0.42%)  [34mtps: 589  [36mtflops: 0.09  [35mmfu: 0.01%[39m
[titan] 2026-09-23 09:07:07,560 - torchtitan.observability.metrics - INFO - [31mstep: 76  [32mloss: -2.00000  [38;2;180;60;0mgrad_norm:  0.5707  [38;2;54;234;195mmemory:  0.34GiB(0.42%)  [34mtps: 589  [36mtflops: 0.09  [35mmfu: 0.01%[39m
[titan] 2026-09-23 09:07:08,426 - torchtitan.observability.metrics - INFO - [31mstep: 77  [32mloss:  2.46021  [38;2;180;60;0mgrad_norm:  0.5524  [38;2;54;234;195mmemory:  0.29GiB(0.37%)  [34mtps: 588  [36mtflops: 0.09  [35mmfu: 0.01%[39m
[titan] 2026-09-23 09:07:08,426 - torchtitan.observability.metrics - INFO - [31mstep: 77  [32mloss:  2.46021  [38;2;180;60;0mgrad_norm:  0.5524  [38;2;54;234;195mmemory:  0.29GiB(0.37%)  [34mtps: 588  [36mtflops: 0.09  [35mmfu: 0.01%[39m
[titan] 2026-09-23 09:07:08,431 - torchtitan.observability.metrics - INFO - [31mstep: 77  [32mloss: -2.00000  [38;2;180;60;0mgrad_norm:  0.5524  [38;2;54;234;195mmemory:  0.34GiB(0.42%)  [34mtps: 588  [36mtflops: 0.09  [35mmfu: 0.01%[39m
[titan] 2026-09-23 09:07:08,431 - torchtitan.observability.metrics - INFO - [31mstep: 77  [32mloss: -2.00000  [38;2;180;60;0mgrad_norm:  0.5524  [38;2;54;234;195mmemory:  0.34GiB(0.42%)  [34mtps: 588  [36mtflops: 0.09  [35mmfu: 0.01%[39m
[titan] 2026-09-23 09:07:09,294 - torchtitan.observability.metrics - INFO - [31mstep: 78  [32mloss:  2.42191  [38;2;180;60;0mgrad_norm:  0.8116  [38;2;54;234;195mmemory:  0.29GiB(0.37%)  [34mtps: 590  [36mtflops: 0.09  [35mmfu: 0.01%[39m
[titan] 2026-09-23 09:07:09,294 - torchtitan.observability.metrics - INFO - [31mstep: 78  [32mloss:  2.42191  [38;2;180;60;0mgrad_norm:  0.8116  [38;2;54;234;195mmemory:  0.29GiB(0.37%)  [34mtps: 590  [36mtflops: 0.09  [35mmfu: 0.01%[39m
[titan] 2026-09-23 09:07:09,299 - torchtitan.observability.metrics - INFO - [31mstep: 78  [32mloss: -2.00000  [38;2;180;60;0mgrad_norm:  0.8116  [38;2;54;234;195mmemory:  0.34GiB(0.42%)  [34mtps: 590  [36mtflops: 0.09  [35mmfu: 0.01%[39m
[titan] 2026-09-23 09:07:09,299 - torchtitan.observability.metrics - INFO - [31mstep: 78  [32mloss: -2.00000  [38;2;180;60;0mgrad_norm:  0.8116  [38;2;54;234;195mmemory:  0.34GiB(0.42%)  [34mtps: 590  [36mtflops: 0.09  [35mmfu: 0.01%[39m
[titan] 2026-09-23 09:07:10,164 - torchtitan.observability.metrics - INFO - [31mstep: 79  [32mloss:  2.45068  [38;2;180;60;0mgrad_norm:  0.5541  [38;2;54;234;195mmemory:  0.29GiB(0.37%)  [34mtps: 588  [36mtflops: 0.09  [35mmfu: 0.01%[39m
[titan] 2026-09-23 09:07:10,164 - torchtitan.observability.metrics - INFO - [31mstep: 79  [32mloss:  2.45068  [38;2;180;60;0mgrad_norm:  0.5541  [38;2;54;234;195mmemory:  0.29GiB(0.37%)  [34mtps: 588  [36mtflops: 0.09  [35mmfu: 0.01%[39m
[titan] 2026-09-23 09:07:10,169 - torchtitan.observability.metrics - INFO - [31mstep: 79  [32mloss: -2.00000  [38;2;180;60;0mgrad_norm:  0.5541  [38;2;54;234;195mmemory:  0.34GiB(0.42%)  [34mtps: 588  [36mtflops: 0.09  [35mmfu: 0.01%[39m
[titan] 2026-09-23 09:07:10,169 - torchtitan.observability.metrics - INFO - [31mstep: 79  [32mloss: -2.00000  [38;2;180;60;0mgrad_norm:  0.5541  [38;2;54;234;195mmemory:  0.34GiB(0.42%)  [34mtps: 588  [36mtflops: 0.09  [35mmfu: 0.01%[39m
[titan] 2026-09-23 09:07:11,032 - torchtitan.observability.metrics - INFO - [31mstep: 80  [32mloss:  2.52519  [38;2;180;60;0mgrad_norm:  0.7305  [38;2;54;234;195mmemory:  0.29GiB(0.37%)  [34mtps: 590  [36mtflops: 0.09  [35mmfu: 0.01%[39m
[titan] 2026-09-23 09:07:11,032 - torchtitan.observability.metrics - INFO - [31mstep: 80  [32mloss:  2.52519  [38;2;180;60;0mgrad_norm:  0.7305  [38;2;54;234;195mmemory:  0.29GiB(0.37%)  [34mtps: 590  [36mtflops: 0.09  [35mmfu: 0.01%[39m
[titan] 2026-09-23 09:07:11,037 - torchtitan.observability.metrics - INFO - [31mstep: 80  [32mloss: -2.00000  [38;2;180;60;0mgrad_norm:  0.7305  [38;2;54;234;195mmemory:  0.34GiB(0.42%)  [34mtps: 590  [36mtflops: 0.09  [35mmfu: 0.01%[39m
[titan] 2026-09-23 09:07:11,037 - torchtitan.observability.metrics - INFO - [31mstep: 80  [32mloss: -2.00000  [38;2;180;60;0mgrad_norm:  0.7305  [38;2;54;234;195mmemory:  0.34GiB(0.42%)  [34mtps: 590  [36mtflops: 0.09  [35mmfu: 0.01%[39m
[titan] 2026-09-23 09:07:11,922 - torchtitan.observability.metrics - INFO - [31mstep: 81  [32mloss:  2.44186  [38;2;180;60;0mgrad_norm:  0.6918  [38;2;54;234;195mmemory:  0.29GiB(0.37%)  [34mtps: 576  [36mtflops: 0.09  [35mmfu: 0.01%[39m
[titan] 2026-09-23 09:07:11,922 - torchtitan.observability.metrics - INFO - [31mstep: 81  [32mloss:  2.44186  [38;2;180;60;0mgrad_norm:  0.6918  [38;2;54;234;195mmemory:  0.29GiB(0.37%)  [34mtps: 575  [36mtflops: 0.09  [35mmfu: 0.01%[39m
[titan] 2026-09-23 09:07:11,926 - torchtitan.observability.metrics - INFO - [31mstep: 81  [32mloss: -2.00000  [38;2;180;60;0mgrad_norm:  0.6918  [38;2;54;234;195mmemory:  0.34GiB(0.42%)  [34mtps: 576  [36mtflops: 0.09  [35mmfu: 0.01%[39m
[titan] 2026-09-23 09:07:11,927 - torchtitan.observability.metrics - INFO - [31mstep: 81  [32mloss: -2.00000  [38;2;180;60;0mgrad_norm:  0.6918  [38;2;54;234;195mmemory:  0.34GiB(0.42%)  [34mtps: 576  [36mtflops: 0.09  [35mmfu: 0.01%[39m
[titan] 2026-09-23 09:07:12,817 - torchtitan.observability.metrics - INFO - [31mstep: 82  [32mloss:  2.40976  [38;2;180;60;0mgrad_norm:  0.6545  [38;2;54;234;195mmemory:  0.29GiB(0.37%)  [34mtps: 572  [36mtflops: 0.09  [35mmfu: 0.01%[39m
[titan] 2026-09-23 09:07:12,817 - torchtitan.observability.metrics - INFO - [31mstep: 82  [32mloss:  2.40976  [38;2;180;60;0mgrad_norm:  0.6545  [38;2;54;234;195mmemory:  0.29GiB(0.37%)  [34mtps: 572  [36mtflops: 0.09  [35mmfu: 0.01%[39m
[titan] 2026-09-23 09:07:12,822 - torchtitan.observability.metrics - INFO - [31mstep: 82  [32mloss: -2.00000  [38;2;180;60;0mgrad_norm:  0.6545  [38;2;54;234;195mmemory:  0.34GiB(0.42%)  [34mtps: 572  [36mtflops: 0.09  [35mmfu: 0.01%[39m
[titan] 2026-09-23 09:07:12,822 - torchtitan.observability.metrics - INFO - [31mstep: 82  [32mloss: -2.00000  [38;2;180;60;0mgrad_norm:  0.6545  [38;2;54;234;195mmemory:  0.34GiB(0.42%)  [34mtps: 572  [36mtflops: 0.09  [35mmfu: 0.01%[39m
[titan] 2026-09-23 09:07:13,702 - torchtitan.observability.metrics - INFO - [31mstep: 83  [32mloss:  2.40022  [38;2;180;60;0mgrad_norm:  0.5152  [38;2;54;234;195mmemory:  0.29GiB(0.37%)  [34mtps: 579  [36mtflops: 0.09  [35mmfu: 0.01%[39m
[titan] 2026-09-23 09:07:13,702 - torchtitan.observability.metrics - INFO - [31mstep: 83  [32mloss:  2.40022  [38;2;180;60;0mgrad_norm:  0.5152  [38;2;54;234;195mmemory:  0.29GiB(0.37%)  [34mtps: 579  [36mtflops: 0.09  [35mmfu: 0.01%[39m
[titan] 2026-09-23 09:07:13,707 - torchtitan.observability.metrics - INFO - [31mstep: 83  [32mloss: -2.00000  [38;2;180;60;0mgrad_norm:  0.5152  [38;2;54;234;195mmemory:  0.34GiB(0.42%)  [34mtps: 579  [36mtflops: 0.09  [35mmfu: 0.01%[39m
[titan] 2026-09-23 09:07:13,707 - torchtitan.observability.metrics - INFO - [31mstep: 83  [32mloss: -2.00000  [38;2;180;60;0mgrad_norm:  0.5152  [38;2;54;234;195mmemory:  0.34GiB(0.42%)  [34mtps: 579  [36mtflops: 0.09  [35mmfu: 0.01%[39m
[titan] 2026-09-23 09:07:14,584 - torchtitan.observability.metrics - INFO - [31mstep: 84  [32mloss:  2.42426  [38;2;180;60;0mgrad_norm:  0.5962  [38;2;54;234;195mmemory:  0.29GiB(0.37%)  [34mtps: 581  [36mtflops: 0.09  [35mmfu: 0.01%[39m
[titan] 2026-09-23 09:07:14,584 - torchtitan.observability.metrics - INFO - [31mstep: 84  [32mloss:  2.42426  [38;2;180;60;0mgrad_norm:  0.5962  [38;2;54;234;195mmemory:  0.29GiB(0.37%)  [34mtps: 581  [36mtflops: 0.09  [35mmfu: 0.01%[39m
[titan] 2026-09-23 09:07:14,589 - torchtitan.observability.metrics - INFO - [31mstep: 84  [32mloss: -2.00000  [38;2;180;60;0mgrad_norm:  0.5962  [38;2;54;234;195mmemory:  0.34GiB(0.42%)  [34mtps: 581  [36mtflops: 0.09  [35mmfu: 0.01%[39m
[titan] 2026-09-23 09:07:14,589 - torchtitan.observability.metrics - INFO - [31mstep: 84  [32mloss: -2.00000  [38;2;180;60;0mgrad_norm:  0.5962  [38;2;54;234;195mmemory:  0.34GiB(0.42%)  [34mtps: 581  [36mtflops: 0.09  [35mmfu: 0.01%[39m
[titan] 2026-09-23 09:07:15,470 - torchtitan.observability.metrics - INFO - [31mstep: 85  [32mloss:  2.48533  [38;2;180;60;0mgrad_norm:  0.6440  [38;2;54;234;195mmemory:  0.29GiB(0.37%)  [34mtps: 578  [36mtflops: 0.09  [35mmfu: 0.01%[39m
[titan] 2026-09-23 09:07:15,470 - torchtitan.observability.metrics - INFO - [31mstep: 85  [32mloss:  2.48533  [38;2;180;60;0mgrad_norm:  0.6440  [38;2;54;234;195mmemory:  0.29GiB(0.37%)  [34mtps: 578  [36mtflops: 0.09  [35mmfu: 0.01%[39m
[titan] 2026-09-23 09:07:15,475 - torchtitan.observability.metrics - INFO - [31mstep: 85  [32mloss: -2.00000  [38;2;180;60;0mgrad_norm:  0.6440  [38;2;54;234;195mmemory:  0.34GiB(0.42%)  [34mtps: 578  [36mtflops: 0.09  [35mmfu: 0.01%[39m
[titan] 2026-09-23 09:07:15,475 - torchtitan.observability.metrics - INFO - [31mstep: 85  [32mloss: -2.00000  [38;2;180;60;0mgrad_norm:  0.6440  [38;2;54;234;195mmemory:  0.34GiB(0.42%)  [34mtps: 578  [36mtflops: 0.09  [35mmfu: 0.01%[39m
[titan] 2026-09-23 09:07:16,349 - torchtitan.observability.metrics - INFO - [31mstep: 86  [32mloss:  2.35708  [38;2;180;60;0mgrad_norm:  0.6082  [38;2;54;234;195mmemory:  0.29GiB(0.37%)  [34mtps: 582  [36mtflops: 0.09  [35mmfu: 0.01%[39m
[titan] 2026-09-23 09:07:16,349 - torchtitan.observability.metrics - INFO - [31mstep: 86  [32mloss:  2.35708  [38;2;180;60;0mgrad_norm:  0.6082  [38;2;54;234;195mmemory:  0.29GiB(0.37%)  [34mtps: 582  [36mtflops: 0.09  [35mmfu: 0.01%[39m
[titan] 2026-09-23 09:07:16,354 - torchtitan.observability.metrics - INFO - [31mstep: 86  [32mloss: -2.00000  [38;2;180;60;0mgrad_norm:  0.6082  [38;2;54;234;195mmemory:  0.34GiB(0.42%)  [34mtps: 582  [36mtflops: 0.09  [35mmfu: 0.01%[39m
[titan] 2026-09-23 09:07:16,354 - torchtitan.observability.metrics - INFO - [31mstep: 86  [32mloss: -2.00000  [38;2;180;60;0mgrad_norm:  0.6082  [38;2;54;234;195mmemory:  0.34GiB(0.42%)  [34mtps: 582  [36mtflops: 0.09  [35mmfu: 0.01%[39m
[titan] 2026-09-23 09:07:17,238 - torchtitan.observability.metrics - INFO - [31mstep: 87  [32mloss:  2.45848  [38;2;180;60;0mgrad_norm:  0.6389  [38;2;54;234;195mmemory:  0.29GiB(0.37%)  [34mtps: 576  [36mtflops: 0.09  [35mmfu: 0.01%[39m
[titan] 2026-09-23 09:07:17,239 - torchtitan.observability.metrics - INFO - [31mstep: 87  [32mloss:  2.45848  [38;2;180;60;0mgrad_norm:  0.6389  [38;2;54;234;195mmemory:  0.29GiB(0.37%)  [34mtps: 576  [36mtflops: 0.09  [35mmfu: 0.01%[39m
[titan] 2026-09-23 09:07:17,243 - torchtitan.observability.metrics - INFO - [31mstep: 87  [32mloss: -2.00000  [38;2;180;60;0mgrad_norm:  0.6389  [38;2;54;234;195mmemory:  0.34GiB(0.42%)  [34mtps: 576  [36mtflops: 0.09  [35mmfu: 0.01%[39m
[titan] 2026-09-23 09:07:17,243 - torchtitan.observability.metrics - INFO - [31mstep: 87  [32mloss: -2.00000  [38;2;180;60;0mgrad_norm:  0.6389  [38;2;54;234;195mmemory:  0.34GiB(0.42%)  [34mtps: 576  [36mtflops: 0.09  [35mmfu: 0.01%[39m
[titan] 2026-09-23 09:07:18,128 - torchtitan.observability.metrics - INFO - [31mstep: 88  [32mloss:  2.52681  [38;2;180;60;0mgrad_norm:  0.6168  [38;2;54;234;195mmemory:  0.29GiB(0.37%)  [34mtps: 576  [36mtflops: 0.09  [35mmfu: 0.01%[39m
[titan] 2026-09-23 09:07:18,128 - torchtitan.observability.metrics - INFO - [31mstep: 88  [32mloss:  2.52681  [38;2;180;60;0mgrad_norm:  0.6168  [38;2;54;234;195mmemory:  0.29GiB(0.37%)  [34mtps: 576  [36mtflops: 0.09  [35mmfu: 0.01%[39m
[titan] 2026-09-23 09:07:18,133 - torchtitan.observability.metrics - INFO - [31mstep: 88  [32mloss: -2.00000  [38;2;180;60;0mgrad_norm:  0.6168  [38;2;54;234;195mmemory:  0.34GiB(0.42%)  [34mtps: 576  [36mtflops: 0.09  [35mmfu: 0.01%[39m
[titan] 2026-09-23 09:07:18,133 - torchtitan.observability.metrics - INFO - [31mstep: 88  [32mloss: -2.00000  [38;2;180;60;0mgrad_norm:  0.6168  [38;2;54;234;195mmemory:  0.34GiB(0.42%)  [34mtps: 576  [36mtflops: 0.09  [35mmfu: 0.01%[39m
[titan] 2026-09-23 09:07:19,014 - torchtitan.observability.metrics - INFO - [31mstep: 89  [32mloss:  2.43226  [38;2;180;60;0mgrad_norm:  0.6755  [38;2;54;234;195mmemory:  0.29GiB(0.37%)  [34mtps: 578  [36mtflops: 0.09  [35mmfu: 0.01%[39m
[titan] 2026-09-23 09:07:19,014 - torchtitan.observability.metrics - INFO - [31mstep: 89  [32mloss:  2.43226  [38;2;180;60;0mgrad_norm:  0.6755  [38;2;54;234;195mmemory:  0.29GiB(0.37%)  [34mtps: 578  [36mtflops: 0.09  [35mmfu: 0.01%[39m
[titan] 2026-09-23 09:07:19,019 - torchtitan.observability.metrics - INFO - [31mstep: 89  [32mloss: -2.00000  [38;2;180;60;0mgrad_norm:  0.6755  [38;2;54;234;195mmemory:  0.34GiB(0.42%)  [34mtps: 578  [36mtflops: 0.09  [35mmfu: 0.01%[39m
[titan] 2026-09-23 09:07:19,019 - torchtitan.observability.metrics - INFO - [31mstep: 89  [32mloss: -2.00000  [38;2;180;60;0mgrad_norm:  0.6755  [38;2;54;234;195mmemory:  0.34GiB(0.42%)  [34mtps: 578  [36mtflops: 0.09  [35mmfu: 0.01%[39m
[titan] 2026-09-23 09:07:19,903 - torchtitan.observability.metrics - INFO - [31mstep: 90  [32mloss:  2.37184  [38;2;180;60;0mgrad_norm:  0.5696  [38;2;54;234;195mmemory:  0.29GiB(0.37%)  [34mtps: 576  [36mtflops: 0.09  [35mmfu: 0.01%[39m
[titan] 2026-09-23 09:07:19,903 - torchtitan.observability.metrics - INFO - [31mstep: 90  [32mloss:  2.37184  [38;2;180;60;0mgrad_norm:  0.5696  [38;2;54;234;195mmemory:  0.29GiB(0.37%)  [34mtps: 576  [36mtflops: 0.09  [35mmfu: 0.01%[39m
[titan] 2026-09-23 09:07:19,908 - torchtitan.observability.metrics - INFO - [31mstep: 90  [32mloss: -2.00000  [38;2;180;60;0mgrad_norm:  0.5696  [38;2;54;234;195mmemory:  0.34GiB(0.42%)  [34mtps: 576  [36mtflops: 0.09  [35mmfu: 0.01%[39m
[titan] 2026-09-23 09:07:19,908 - torchtitan.observability.metrics - INFO - [31mstep: 90  [32mloss: -2.00000  [38;2;180;60;0mgrad_norm:  0.5696  [38;2;54;234;195mmemory:  0.34GiB(0.42%)  [34mtps: 576  [36mtflops: 0.09  [35mmfu: 0.01%[39m
[titan] 2026-09-23 09:07:20,792 - torchtitan.observability.metrics - INFO - [31mstep: 91  [32mloss:  2.52183  [38;2;180;60;0mgrad_norm:  0.6413  [38;2;54;234;195mmemory:  0.29GiB(0.37%)  [34mtps: 576  [36mtflops: 0.09  [35mmfu: 0.01%[39m
[titan] 2026-09-23 09:07:20,792 - torchtitan.observability.metrics - INFO - [31mstep: 91  [32mloss:  2.52183  [38;2;180;60;0mgrad_norm:  0.6413  [38;2;54;234;195mmemory:  0.29GiB(0.37%)  [34mtps: 576  [36mtflops: 0.09  [35mmfu: 0.01%[39m
[titan] 2026-09-23 09:07:20,796 - torchtitan.observability.metrics - INFO - [31mstep: 91  [32mloss: -2.00000  [38;2;180;60;0mgrad_norm:  0.6413  [38;2;54;234;195mmemory:  0.34GiB(0.42%)  [34mtps: 576  [36mtflops: 0.09  [35mmfu: 0.01%[39m
[titan] 2026-09-23 09:07:20,797 - torchtitan.observability.metrics - INFO - [31mstep: 91  [32mloss: -2.00000  [38;2;180;60;0mgrad_norm:  0.6413  [38;2;54;234;195mmemory:  0.34GiB(0.42%)  [34mtps: 576  [36mtflops: 0.09  [35mmfu: 0.01%[39m
[titan] 2026-09-23 09:07:21,675 - torchtitan.observability.metrics - INFO - [31mstep: 92  [32mloss:  2.45876  [38;2;180;60;0mgrad_norm:  0.5735  [38;2;54;234;195mmemory:  0.29GiB(0.37%)  [34mtps: 579  [36mtflops: 0.09  [35mmfu: 0.01%[39m
[titan] 2026-09-23 09:07:21,676 - torchtitan.observability.metrics - INFO - [31mstep: 92  [32mloss:  2.45876  [38;2;180;60;0mgrad_norm:  0.5735  [38;2;54;234;195mmemory:  0.29GiB(0.37%)  [34mtps: 579  [36mtflops: 0.09  [35mmfu: 0.01%[39m
[titan] 2026-09-23 09:07:21,680 - torchtitan.observability.metrics - INFO - [31mstep: 92  [32mloss: -2.00000  [38;2;180;60;0mgrad_norm:  0.5735  [38;2;54;234;195mmemory:  0.34GiB(0.42%)  [34mtps: 579  [36mtflops: 0.09  [35mmfu: 0.01%[39m
[titan] 2026-09-23 09:07:21,681 - torchtitan.observability.metrics - INFO - [31mstep: 92  [32mloss: -2.00000  [38;2;180;60;0mgrad_norm:  0.5735  [38;2;54;234;195mmemory:  0.34GiB(0.42%)  [34mtps: 579  [36mtflops: 0.09  [35mmfu: 0.01%[39m
[titan] 2026-09-23 09:07:22,557 - torchtitan.observability.metrics - INFO - [31mstep: 93  [32mloss:  2.52727  [38;2;180;60;0mgrad_norm:  0.6358  [38;2;54;234;195mmemory:  0.29GiB(0.37%)  [34mtps: 581  [36mtflops: 0.09  [35mmfu: 0.01%[39m
[titan] 2026-09-23 09:07:22,557 - torchtitan.observability.metrics - INFO - [31mstep: 93  [32mloss:  2.52727  [38;2;180;60;0mgrad_norm:  0.6358  [38;2;54;234;195mmemory:  0.29GiB(0.37%)  [34mtps: 581  [36mtflops: 0.09  [35mmfu: 0.01%[39m
[titan] 2026-09-23 09:07:22,562 - torchtitan.observability.metrics - INFO - [31mstep: 93  [32mloss: -2.00000  [38;2;180;60;0mgrad_norm:  0.6358  [38;2;54;234;195mmemory:  0.34GiB(0.42%)  [34mtps: 581  [36mtflops: 0.09  [35mmfu: 0.01%[39m
[titan] 2026-09-23 09:07:22,562 - torchtitan.observability.metrics - INFO - [31mstep: 93  [32mloss: -2.00000  [38;2;180;60;0mgrad_norm:  0.6358  [38;2;54;234;195mmemory:  0.34GiB(0.42%)  [34mtps: 581  [36mtflops: 0.09  [35mmfu: 0.01%[39m
[titan] 2026-09-23 09:07:23,441 - torchtitan.observability.metrics - INFO - [31mstep: 94  [32mloss:  2.36774  [38;2;180;60;0mgrad_norm:  0.6179  [38;2;54;234;195mmemory:  0.29GiB(0.37%)  [34mtps: 580  [36mtflops: 0.09  [35mmfu: 0.01%[39m
[titan] 2026-09-23 09:07:23,441 - torchtitan.observability.metrics - INFO - [31mstep: 94  [32mloss:  2.36774  [38;2;180;60;0mgrad_norm:  0.6179  [38;2;54;234;195mmemory:  0.29GiB(0.37%)  [34mtps: 579  [36mtflops: 0.09  [35mmfu: 0.01%[39m
[titan] 2026-09-23 09:07:23,446 - torchtitan.observability.metrics - INFO - [31mstep: 94  [32mloss: -2.00000  [38;2;180;60;0mgrad_norm:  0.6179  [38;2;54;234;195mmemory:  0.34GiB(0.42%)  [34mtps: 580  [36mtflops: 0.09  [35mmfu: 0.01%[39m
[titan] 2026-09-23 09:07:23,446 - torchtitan.observability.metrics - INFO - [31mstep: 94  [32mloss: -2.00000  [38;2;180;60;0mgrad_norm:  0.6179  [38;2;54;234;195mmemory:  0.34GiB(0.42%)  [34mtps: 580  [36mtflops: 0.09  [35mmfu: 0.01%[39m
[titan] 2026-09-23 09:07:24,336 - torchtitan.observability.metrics - INFO - [31mstep: 95  [32mloss:  2.49680  [38;2;180;60;0mgrad_norm:  0.6334  [38;2;54;234;195mmemory:  0.29GiB(0.37%)  [34mtps: 572  [36mtflops: 0.09  [35mmfu: 0.01%[39m
[titan] 2026-09-23 09:07:24,336 - torchtitan.observability.metrics - INFO - [31mstep: 95  [32mloss:  2.49680  [38;2;180;60;0mgrad_norm:  0.6334  [38;2;54;234;195mmemory:  0.29GiB(0.37%)  [34mtps: 572  [36mtflops: 0.09  [35mmfu: 0.01%[39m
[titan] 2026-09-23 09:07:24,341 - torchtitan.observability.metrics - INFO - [31mstep: 95  [32mloss: -2.00000  [38;2;180;60;0mgrad_norm:  0.6334  [38;2;54;234;195mmemory:  0.34GiB(0.42%)  [34mtps: 572  [36mtflops: 0.09  [35mmfu: 0.01%[39m
[titan] 2026-09-23 09:07:24,341 - torchtitan.observability.metrics - INFO - [31mstep: 95  [32mloss: -2.00000  [38;2;180;60;0mgrad_norm:  0.6334  [38;2;54;234;195mmemory:  0.34GiB(0.42%)  [34mtps: 572  [36mtflops: 0.09  [35mmfu: 0.01%[39m
[titan] 2026-09-23 09:07:25,226 - torchtitan.observability.metrics - INFO - [31mstep: 96  [32mloss:  2.41956  [38;2;180;60;0mgrad_norm:  0.6348  [38;2;54;234;195mmemory:  0.29GiB(0.37%)  [34mtps: 575  [36mtflops: 0.09  [35mmfu: 0.01%[39m
[titan] 2026-09-23 09:07:25,226 - torchtitan.observability.metrics - INFO - [31mstep: 96  [32mloss:  2.41956  [38;2;180;60;0mgrad_norm:  0.6348  [38;2;54;234;195mmemory:  0.29GiB(0.37%)  [34mtps: 575  [36mtflops: 0.09  [35mmfu: 0.01%[39m
[titan] 2026-09-23 09:07:25,231 - torchtitan.observability.metrics - INFO - [31mstep: 96  [32mloss: -2.00000  [38;2;180;60;0mgrad_norm:  0.6348  [38;2;54;234;195mmemory:  0.34GiB(0.42%)  [34mtps: 575  [36mtflops: 0.09  [35mmfu: 0.01%[39m
[titan] 2026-09-23 09:07:25,231 - torchtitan.observability.metrics - INFO - [31mstep: 96  [32mloss: -2.00000  [38;2;180;60;0mgrad_norm:  0.6348  [38;2;54;234;195mmemory:  0.34GiB(0.42%)  [34mtps: 575  [36mtflops: 0.09  [35mmfu: 0.01%[39m
[titan] 2026-09-23 09:07:26,115 - torchtitan.observability.metrics - INFO - [31mstep: 97  [32mloss:  2.38850  [38;2;180;60;0mgrad_norm:  0.7610  [38;2;54;234;195mmemory:  0.29GiB(0.37%)  [34mtps: 576  [36mtflops: 0.09  [35mmfu: 0.01%[39m
[titan] 2026-09-23 09:07:26,115 - torchtitan.observability.metrics - INFO - [31mstep: 97  [32mloss:  2.38850  [38;2;180;60;0mgrad_norm:  0.7610  [38;2;54;234;195mmemory:  0.29GiB(0.37%)  [34mtps: 576  [36mtflops: 0.09  [35mmfu: 0.01%[39m
[titan] 2026-09-23 09:07:26,120 - torchtitan.observability.metrics - INFO - [31mstep: 97  [32mloss: -2.00000  [38;2;180;60;0mgrad_norm:  0.7610  [38;2;54;234;195mmemory:  0.34GiB(0.42%)  [34mtps: 576  [36mtflops: 0.09  [35mmfu: 0.01%[39m
[titan] 2026-09-23 09:07:26,120 - torchtitan.observability.metrics - INFO - [31mstep: 97  [32mloss: -2.00000  [38;2;180;60;0mgrad_norm:  0.7610  [38;2;54;234;195mmemory:  0.34GiB(0.42%)  [34mtps: 576  [36mtflops: 0.09  [35mmfu: 0.01%[39m
[titan] 2026-09-23 09:07:27,005 - torchtitan.observability.metrics - INFO - [31mstep: 98  [32mloss:  2.51580  [38;2;180;60;0mgrad_norm:  0.5579  [38;2;54;234;195mmemory:  0.29GiB(0.37%)  [34mtps: 575  [36mtflops: 0.09  [35mmfu: 0.01%[39m
[titan] 2026-09-23 09:07:27,005 - torchtitan.observability.metrics - INFO - [31mstep: 98  [32mloss:  2.51580  [38;2;180;60;0mgrad_norm:  0.5579  [38;2;54;234;195mmemory:  0.29GiB(0.37%)  [34mtps: 575  [36mtflops: 0.09  [35mmfu: 0.01%[39m
[titan] 2026-09-23 09:07:27,011 - torchtitan.observability.metrics - INFO - [31mstep: 98  [32mloss: -2.00000  [38;2;180;60;0mgrad_norm:  0.5579  [38;2;54;234;195mmemory:  0.34GiB(0.42%)  [34mtps: 575  [36mtflops: 0.09  [35mmfu: 0.01%[39m
[titan] 2026-09-23 09:07:27,011 - torchtitan.observability.metrics - INFO - [31mstep: 98  [32mloss: -2.00000  [38;2;180;60;0mgrad_norm:  0.5579  [38;2;54;234;195mmemory:  0.34GiB(0.42%)  [34mtps: 575  [36mtflops: 0.09  [35mmfu: 0.01%[39m
[titan] 2026-09-23 09:07:27,894 - torchtitan.observability.metrics - INFO - [31mstep: 99  [32mloss:  2.50188  [38;2;180;60;0mgrad_norm:  0.5453  [38;2;54;234;195mmemory:  0.29GiB(0.37%)  [34mtps: 576  [36mtflops: 0.09  [35mmfu: 0.01%[39m
[titan] 2026-09-23 09:07:27,894 - torchtitan.observability.metrics - INFO - [31mstep: 99  [32mloss:  2.50188  [38;2;180;60;0mgrad_norm:  0.5453  [38;2;54;234;195mmemory:  0.29GiB(0.37%)  [34mtps: 576  [36mtflops: 0.09  [35mmfu: 0.01%[39m
[titan] 2026-09-23 09:07:27,899 - torchtitan.observability.metrics - INFO - [31mstep: 99  [32mloss: -2.00000  [38;2;180;60;0mgrad_norm:  0.5453  [38;2;54;234;195mmemory:  0.34GiB(0.42%)  [34mtps: 576  [36mtflops: 0.09  [35mmfu: 0.01%[39m
[titan] 2026-09-23 09:07:27,899 - torchtitan.observability.metrics - INFO - [31mstep: 99  [32mloss: -2.00000  [38;2;180;60;0mgrad_norm:  0.5453  [38;2;54;234;195mmemory:  0.34GiB(0.42%)  [34mtps: 576  [36mtflops: 0.09  [35mmfu: 0.01%[39m
[titan] 2026-09-23 09:07:28,023 - torchtitan.tools.utils - INFO - [GC] Performing periodic GC collection took 0.12 seconds
[titan] 2026-09-23 09:07:28,033 - torchtitan.tools.utils - INFO - [GC] Performing periodic GC collection took 0.13 seconds
[titan] 2026-09-23 09:07:28,037 - torchtitan.tools.utils - INFO - [GC] Performing periodic GC collection took 0.13 seconds
[titan] 2026-09-23 09:07:28,038 - torchtitan.tools.utils - INFO - [GC] Performing periodic GC collection took 0.14 seconds
[titan] 2026-09-23 09:07:28,920 - torchtitan.observability.metrics - INFO - [31mstep: 100  [32mloss:  2.36600  [38;2;180;60;0mgrad_norm:  0.6493  [38;2;54;234;195mmemory:  0.29GiB(0.37%)  [34mtps: 499  [36mtflops: 0.08  [35mmfu: 0.01%[39m
[titan] 2026-09-23 09:07:28,921 - torchtitan.observability.metrics - INFO - [31mstep: 100  [32mloss:  2.36600  [38;2;180;60;0mgrad_norm:  0.6493  [38;2;54;234;195mmemory:  0.29GiB(0.37%)  [34mtps: 499  [36mtflops: 0.08  [35mmfu: 0.01%[39m
[titan] 2026-09-23 09:07:28,921 - torchtitan.components.checkpointer.dcp - INFO - Saving the checkpointer.
[titan] 2026-09-23 09:07:28,921 - torchtitan.components.checkpointer.dcp - INFO - Saving the checkpointer.
[titan] 2026-09-23 09:07:28,926 - torchtitan.observability.metrics - INFO - [31mstep: 100  [32mloss: -2.00000  [38;2;180;60;0mgrad_norm:  0.6493  [38;2;54;234;195mmemory:  0.34GiB(0.42%)  [34mtps: 499  [36mtflops: 0.08  [35mmfu: 0.01%[39m
[titan] 2026-09-23 09:07:28,926 - torchtitan.observability.metrics - INFO - [31mstep: 100  [32mloss: -2.00000  [38;2;180;60;0mgrad_norm:  0.6493  [38;2;54;234;195mmemory:  0.34GiB(0.42%)  [34mtps: 499  [36mtflops: 0.08  [35mmfu: 0.01%[39m
[titan] 2026-09-23 09:07:28,926 - torchtitan.components.checkpointer.dcp - INFO - Saving the checkpointer.
[titan] 2026-09-23 09:07:28,927 - torchtitan.components.checkpointer.dcp - INFO - Saving the checkpointer.
[titan] 2026-09-23 09:07:28,927 - torchtitan.components.checkpointer.dcp - INFO - Saving a model only checkpoint in torch.float32 at last step, step 100.
[titan] 2026-09-23 09:07:28,928 - torchtitan.components.checkpointer.dcp - INFO - Saving a model only checkpoint in torch.float32 at last step, step 100.
[titan] 2026-09-23 09:07:28,941 - torchtitan.components.checkpointer.dcp - INFO - Saving a model only checkpoint in torch.float32 at last step, step 100.
[titan] 2026-09-23 09:07:28,941 - torchtitan.components.checkpointer.dcp - INFO - Saving a model only checkpoint in torch.float32 at last step, step 100.
[titan] 2026-09-23 09:07:29,106 - torchtitan.tools.utils - INFO - [GC] GC collection invoked by checkpointer. took 0.01 seconds
[titan] 2026-09-23 09:07:29,107 - torchtitan.components.checkpointer.dcp - INFO - Last step checkpoint completed in 0.18s
[titan] 2026-09-23 09:07:29,107 - torchtitan.trainer - INFO - Sleeping 2 seconds for other ranks to complete
[titan] 2026-09-23 09:07:29,108 - torchtitan.tools.utils - INFO - [GC] GC collection invoked by checkpointer. took 0.00 seconds
[titan] 2026-09-23 09:07:29,108 - torchtitan.components.checkpointer.dcp - INFO - Last step checkpoint completed in 0.19s
[titan] 2026-09-23 09:07:29,109 - torchtitan.trainer - INFO - Training completed
[titan] 2026-09-23 09:07:29,109 - torchtitan.tools.utils - INFO - [GC] GC collection invoked by checkpointer. took 0.00 seconds
[titan] 2026-09-23 09:07:29,109 - torchtitan.tools.utils - INFO - [GC] GC collection invoked by checkpointer. took 0.01 seconds
[titan] 2026-09-23 09:07:29,110 - torchtitan.components.checkpointer.dcp - INFO - Last step checkpoint completed in 0.19s
[titan] 2026-09-23 09:07:29,110 - torchtitan.trainer - INFO - Training completed
[titan] 2026-09-23 09:07:29,110 - torchtitan.components.checkpointer.dcp - INFO - Last step checkpoint completed in 0.18s
[titan] 2026-09-23 09:07:29,111 - torchtitan.trainer - INFO - Training completed
[titan] 2026-09-23 09:07:29,116 - torchtitan.components.checkpointer.base - INFO - Destroying the purge thread.
[titan] 2026-09-23 09:07:29,116 - torchtitan.components.checkpointer.base - INFO - Destroying the purge thread.
[titan] 2026-09-23 09:07:29,117 - torchtitan.components.checkpointer.base - INFO - Destroying the purge thread.
[titan] 2026-09-23 09:07:31,108 - torchtitan.trainer - INFO - Training completed
[titan] 2026-09-23 09:07:31,114 - torchtitan.components.checkpointer.base - INFO - Destroying the purge thread.
[titan] 2026-09-23 09:07:33,027 - __main__ - INFO - Process group destroyed
[titan] 2026-09-23 09:07:33,028 - __main__ - INFO - Process group destroyed
[titan] 2026-09-23 09:07:33,039 - __main__ - INFO - Process group destroyed
[titan] 2026-09-23 09:07:33,068 - __main__ - INFO - Process group destroyed
