W0923 08:18:29.446000 12850 torch/distributed/run.py:982] 
W0923 08:18:29.446000 12850 torch/distributed/run.py:982] *****************************************
W0923 08:18:29.446000 12850 torch/distributed/run.py:982] Setting OMP_NUM_THREADS environment variable for each process to be 1 in default, to avoid your system being overloaded, please further tune the variable for optimal performance in your application as needed. 
W0923 08:18:29.446000 12850 torch/distributed/run.py:982] *****************************************
WARNING:absl:Failed to load jax profiler: No module named 'jax'
WARNING:absl:Failed to load jax profiler: No module named 'jax'
WARNING:absl:Failed to load jax profiler: No module named 'jax'
WARNING:absl:Failed to load jax profiler: No module named 'jax'
[titan] 2026-09-23 08:18:34,337 - __main__ - INFO - torchtitan version: 0.0.0+unknown (0.0.0 means __version__ is not defined correctly).
[titan] 2026-09-23 08:18:34,380 - __main__ - INFO - torchtitan version: 0.0.0+unknown (0.0.0 means __version__ is not defined correctly).
[titan] 2026-09-23 08:18:34,381 - __main__ - INFO - torchtitan version: 0.0.0+unknown (0.0.0 means __version__ is not defined correctly).
[titan] 2026-09-23 08:18:34,441 - __main__ - INFO - torchtitan version: 0.0.0+unknown (0.0.0 means __version__ is not defined correctly).
[titan] 2026-09-23 08:18:34,852 - torchtitan.components.checkpointer.base - WARNING - initial_load_model_only=True has no effect without an initial_load_path.
[titan] 2026-09-23 08:18:34,896 - torchtitan.components.checkpointer.base - WARNING - initial_load_model_only=True has no effect without an initial_load_path.
[titan] 2026-09-23 08:18:34,897 - torchtitan.components.checkpointer.base - WARNING - initial_load_model_only=True has no effect without an initial_load_path.
[titan] 2026-09-23 08:18:34,915 - torchtitan.components.checkpointer.base - WARNING - initial_load_model_only=True has no effect without an initial_load_path.
[titan] 2026-09-23 08:18:34,917 - torchtitan.observability.structured_logger.jsonl_handler - INFO - Structured logging -> JSONL: /home/ubuntu/results/pp_r4/pp4/structured_logs/training.global_rank_0.20260923-081834-8K6GVZ.jsonl
[titan] 2026-09-23 08:18:34,959 - torchtitan.components.checkpointer.base - WARNING - initial_load_model_only=True has no effect without an initial_load_path.
[titan] 2026-09-23 08:18:34,960 - torchtitan.components.checkpointer.base - WARNING - initial_load_model_only=True has no effect without an initial_load_path.
[titan] 2026-09-23 08:18:34,961 - torchtitan.observability.structured_logger.jsonl_handler - INFO - Structured logging -> JSONL: /home/ubuntu/results/pp_r4/pp4/structured_logs/training.global_rank_2.20260923-081834-KICA8T.jsonl
[titan] 2026-09-23 08:18:34,962 - torchtitan.observability.structured_logger.jsonl_handler - INFO - Structured logging -> JSONL: /home/ubuntu/results/pp_r4/pp4/structured_logs/training.global_rank_3.20260923-081834-QCEFFM.jsonl
[titan] 2026-09-23 08:18:35,002 - torchtitan.components.checkpointer.base - WARNING - initial_load_model_only=True has no effect without an initial_load_path.
[titan] 2026-09-23 08:18:35,069 - torchtitan.components.checkpointer.base - WARNING - initial_load_model_only=True has no effect without an initial_load_path.
[titan] 2026-09-23 08:18:35,071 - torchtitan.observability.structured_logger.jsonl_handler - INFO - Structured logging -> JSONL: /home/ubuntu/results/pp_r4/pp4/structured_logs/training.global_rank_1.20260923-081835-9VX29R.jsonl
[titan] 2026-09-23 08:18:35,311 - torchtitan.distributed.utils - WARNING - ENV[TORCH_NCCL_ASYNC_ERROR_HANDLING] = 1 will be overridden to 3 based on job config
[titan] 2026-09-23 08:18:35,387 - torchtitan.distributed.utils - WARNING - ENV[TORCH_NCCL_ASYNC_ERROR_HANDLING] = 1 will be overridden to 3 based on job config
[titan] 2026-09-23 08:18:35,403 - torchtitan.distributed.utils - WARNING - ENV[TORCH_NCCL_ASYNC_ERROR_HANDLING] = 1 will be overridden to 3 based on job config
[titan] 2026-09-23 08:18:35,423 - torchtitan.distributed.utils - WARNING - ENV[TORCH_NCCL_ASYNC_ERROR_HANDLING] = 1 will be overridden to 3 based on job config
[titan] 2026-09-23 08:18:35,920 - torchtitan.tools.utils - INFO - [GC] Initial GC collection took 0.00 seconds
[titan] 2026-09-23 08:18:35,920 - torchtitan.distributed.utils - INFO - Deterministic algorithm enabled (expect perf degradation).
[titan] 2026-09-23 08:18:35,925 - torchtitan.tools.utils - INFO - [GC] Initial GC collection took 0.00 seconds
[titan] 2026-09-23 08:18:35,925 - torchtitan.distributed.utils - INFO - Deterministic algorithm enabled (expect perf degradation).
[titan] 2026-09-23 08:18:35,925 - torchtitan.tools.utils - INFO - [GC] Initial GC collection took 0.00 seconds
[titan] 2026-09-23 08:18:35,925 - torchtitan.distributed.utils - INFO - Deterministic algorithm enabled (expect perf degradation).
[titan] 2026-09-23 08:18:35,930 - torchtitan.distributed.parallel_dims - INFO - Building device mesh with parallelism: pp=4, dp_replicate=1, dp_shard=1, cp=1, tp=1, ep=1
[titan] 2026-09-23 08:18:35,934 - torchtitan.distributed.parallel_dims - INFO - Building device mesh with parallelism: pp=4, dp_replicate=1, dp_shard=1, cp=1, tp=1, ep=1
[titan] 2026-09-23 08:18:35,935 - torchtitan.distributed.parallel_dims - INFO - Building device mesh with parallelism: pp=4, dp_replicate=1, dp_shard=1, cp=1, tp=1, ep=1
[titan] 2026-09-23 08:18:35,945 - torchtitan.tools.utils - INFO - [GC] Initial GC collection took 0.00 seconds
[titan] 2026-09-23 08:18:35,945 - torchtitan.distributed.utils - INFO - Deterministic algorithm enabled (expect perf degradation).
[titan] 2026-09-23 08:18:35,956 - torchtitan.distributed.parallel_dims - INFO - Building device mesh with parallelism: pp=4, dp_replicate=1, dp_shard=1, cp=1, tp=1, ep=1
[titan] 2026-09-23 08:18:36,395 - torchtitan.distributed.parallel_dims - INFO - Successfully created meshes with active dimensions: ['pp']
[titan] 2026-09-23 08:18:36,395 - torchtitan.distributed.parallel_dims - INFO - Successfully created meshes with active dimensions: ['pp']
[titan] 2026-09-23 08:18:36,395 - torchtitan.distributed.parallel_dims - INFO - Successfully created meshes with active dimensions: ['pp']
[titan] 2026-09-23 08:18:36,395 - torchtitan.distributed.parallel_dims - INFO - Successfully created meshes with active dimensions: ['pp']
[titan] 2026-09-23 08:18:36,397 - torchtitan.observability.metrics - INFO - CUDA capacity: NVIDIA H100 80GB HBM3 with 79.18GiB memory
[titan] 2026-09-23 08:18:36,397 - torchtitan.observability.metrics - INFO - CUDA capacity: NVIDIA H100 80GB HBM3 with 79.18GiB memory
[titan] 2026-09-23 08:18:36,397 - torchtitan.observability.metrics - INFO - CUDA capacity: NVIDIA H100 80GB HBM3 with 79.18GiB memory
[titan] 2026-09-23 08:18:36,397 - torchtitan.observability.metrics - INFO - CUDA capacity: NVIDIA H100 80GB HBM3 with 79.18GiB memory
[titan] 2026-09-23 08:18:36,425 - torchtitan.components.tokenizer - INFO - Loading tokenizer from tokenizer.json
[titan] 2026-09-23 08:18:36,426 - torchtitan.components.tokenizer - INFO - Loading tokenizer from tokenizer.json
[titan] 2026-09-23 08:18:36,426 - torchtitan.components.tokenizer - INFO - Loading tokenizer from tokenizer.json
[titan] 2026-09-23 08:18:36,427 - torchtitan.components.tokenizer - INFO - Loading tokenizer from tokenizer.json
[titan] 2026-09-23 08:18:37,153 - httpx - INFO - HTTP Request: HEAD https://s3.amazonaws.com/datasets.huggingface.co/datasets/datasets/json/json.py "HTTP/1.1 200 OK"
[titan] 2026-09-23 08:18:37,176 - httpx - INFO - HTTP Request: HEAD https://s3.amazonaws.com/datasets.huggingface.co/datasets/datasets/json/json.py "HTTP/1.1 200 OK"
[titan] 2026-09-23 08:18:37,186 - httpx - INFO - HTTP Request: HEAD https://s3.amazonaws.com/datasets.huggingface.co/datasets/datasets/json/json.py "HTTP/1.1 200 OK"
[titan] 2026-09-23 08:18:37,193 - httpx - INFO - HTTP Request: HEAD https://s3.amazonaws.com/datasets.huggingface.co/datasets/datasets/json/json.py "HTTP/1.1 200 OK"
[titan] 2026-09-23 08:18:37,252 - torchtitan.protocols.state_dict_adapter - WARNING - model.safetensors.index.json not found at hf_assets_path: ./tests/assets/tokenizer/model.safetensors.index.json.                     Defaulting to saving a single safetensors file if checkpoint is saved in HF format
[titan] 2026-09-23 08:18:37,255 - torchtitan.models.utils - INFO - Total parameter count: 25,776,880, active parameters: 17,236,208
[titan] 2026-09-23 08:18:37,270 - torchtitan.protocols.state_dict_adapter - WARNING - model.safetensors.index.json not found at hf_assets_path: ./tests/assets/tokenizer/model.safetensors.index.json.                     Defaulting to saving a single safetensors file if checkpoint is saved in HF format
[titan] 2026-09-23 08:18:37,272 - torchtitan.models.utils - INFO - Total parameter count: 25,776,880, active parameters: 17,236,208
[titan] 2026-09-23 08:18:37,281 - torchtitan.protocols.state_dict_adapter - WARNING - model.safetensors.index.json not found at hf_assets_path: ./tests/assets/tokenizer/model.safetensors.index.json.                     Defaulting to saving a single safetensors file if checkpoint is saved in HF format
[titan] 2026-09-23 08:18:37,284 - torchtitan.models.utils - INFO - Total parameter count: 25,776,880, active parameters: 17,236,208
[titan] 2026-09-23 08:18:37,288 - torchtitan.protocols.state_dict_adapter - WARNING - model.safetensors.index.json not found at hf_assets_path: ./tests/assets/tokenizer/model.safetensors.index.json.                     Defaulting to saving a single safetensors file if checkpoint is saved in HF format
[titan] 2026-09-23 08:18:37,291 - torchtitan.models.utils - INFO - Total parameter count: 25,776,880, active parameters: 17,236,208
[rank1]:W0923 08:18:37.312000 12930 torch/_logging/_internal.py:1407] Pipeline parallelism is using an eager NCCL communicator. Consider creating its process group with backend="nccl-lazy" so peer communicators are initialized lazily and traffic to different peers can overlap.
[titan] 2026-09-23 08:18:37,312 - torchtitan.distributed.pipeline_parallel - INFO - PP rank 1 is building stage_idx 1 with modules ['layers.4', 'layers.5', 'layers.6', 'layers.7', 'layers.8']
[rank3]:W0923 08:18:37.327000 12932 torch/_logging/_internal.py:1407] Pipeline parallelism is using an eager NCCL communicator. Consider creating its process group with backend="nccl-lazy" so peer communicators are initialized lazily and traffic to different peers can overlap.
[titan] 2026-09-23 08:18:37,328 - torchtitan.distributed.pipeline_parallel - INFO - PP rank 3 is building stage_idx 3 with modules ['layers.14', 'layers.15', 'layers.16', 'norm', 'lm_head', 'output_res_proj', 'output_res_norm']
[titan] 2026-09-23 08:18:37,332 - torchtitan.distributed.activation_checkpoint - INFO - Applied SelectiveAC activation checkpointing to the model
[rank2]:W0923 08:18:37.338000 12931 torch/_logging/_internal.py:1407] Pipeline parallelism is using an eager NCCL communicator. Consider creating its process group with backend="nccl-lazy" so peer communicators are initialized lazily and traffic to different peers can overlap.
[titan] 2026-09-23 08:18:37,339 - torchtitan.distributed.pipeline_parallel - INFO - PP rank 2 is building stage_idx 2 with modules ['layers.9', 'layers.10', 'layers.11', 'layers.12', 'layers.13']
[titan] 2026-09-23 08:18:37,340 - torchtitan.distributed.activation_checkpoint - INFO - Applied SelectiveAC activation checkpointing to the model
[rank0]:W0923 08:18:37.344000 12929 torch/_logging/_internal.py:1407] Pipeline parallelism is using an eager NCCL communicator. Consider creating its process group with backend="nccl-lazy" so peer communicators are initialized lazily and traffic to different peers can overlap.
[titan] 2026-09-23 08:18:37,345 - torchtitan.distributed.pipeline_parallel - INFO - PP rank 0 is building stage_idx 0 with modules ['vision_encoder', 'tok_embeddings', 'layers.0', 'layers.1', 'layers.2', 'layers.3']
[titan] 2026-09-23 08:18:37,356 - torchtitan.distributed.activation_checkpoint - INFO - Applied SelectiveAC activation checkpointing to the model
[titan] 2026-09-23 08:18:37,362 - torchtitan.distributed.activation_checkpoint - INFO - Applied SelectiveAC activation checkpointing to the model
[titan] 2026-09-23 08:18:37,362 - torchtitan.distributed.activation_checkpoint - INFO - Applied SelectiveAC activation checkpointing to the model
[titan] 2026-09-23 08:18:37,381 - torchtitan.distributed.fsdp - INFO - Applied FSDP to the model
[titan] 2026-09-23 08:18:37,381 - torchtitan.distributed.pipeline_parallel - INFO - Using pipeline schedule 1F1B with 4 microbatches and 4 stages.
[titan] 2026-09-23 08:18:37,381 - torchtitan.models.kimi_k3.pipeline_parallel - INFO - Kimi K3 pipeline: 1 stage(s) on this rank [1], block transport delta with rank store
[titan] 2026-09-23 08:18:37,382 - torchtitan.distributed.fsdp - INFO - Applied FSDP to the model
[titan] 2026-09-23 08:18:37,382 - torchtitan.distributed.pipeline_parallel - INFO - Using pipeline schedule 1F1B with 4 microbatches and 4 stages.
[titan] 2026-09-23 08:18:37,383 - torchtitan.models.kimi_k3.pipeline_parallel - INFO - Kimi K3 pipeline: 1 stage(s) on this rank [3], block transport delta with rank store
[titan] 2026-09-23 08:18:37,404 - torchtitan.distributed.fsdp - INFO - Applied FSDP to the model
[titan] 2026-09-23 08:18:37,404 - torchtitan.distributed.pipeline_parallel - INFO - Using pipeline schedule 1F1B with 4 microbatches and 4 stages.
[titan] 2026-09-23 08:18:37,404 - torchtitan.models.kimi_k3.pipeline_parallel - INFO - Kimi K3 pipeline: 1 stage(s) on this rank [2], block transport delta with rank store
[titan] 2026-09-23 08:18:37,417 - torchtitan.distributed.fsdp - INFO - Applied FSDP to the model
[titan] 2026-09-23 08:18:37,417 - torchtitan.distributed.pipeline_parallel - INFO - Using pipeline schedule 1F1B with 4 microbatches and 4 stages.
[titan] 2026-09-23 08:18:37,417 - torchtitan.models.kimi_k3.pipeline_parallel - INFO - Kimi K3 pipeline: 1 stage(s) on this rank [0], block transport delta with rank store
[rank3]:W0923 08:18:37.749000 12932 torch/distributed/tensor/_random.py:215] DTensor is synchronizing RNG states of every rank with the state from rank 0. This behavior is deprecated. Please call `torch.manual_seed()` on every rank that participates in SPMD DTensor Operations with the same seed. If using Pipeline Parallelism, each pipeline state would use a different seed, but all ranks belonging to one pipeline stage would use the same seed.
[rank2]:W0923 08:18:37.751000 12931 torch/distributed/tensor/_random.py:215] DTensor is synchronizing RNG states of every rank with the state from rank 0. This behavior is deprecated. Please call `torch.manual_seed()` on every rank that participates in SPMD DTensor Operations with the same seed. If using Pipeline Parallelism, each pipeline state would use a different seed, but all ranks belonging to one pipeline stage would use the same seed.
[rank1]:W0923 08:18:37.752000 12930 torch/distributed/tensor/_random.py:215] DTensor is synchronizing RNG states of every rank with the state from rank 0. This behavior is deprecated. Please call `torch.manual_seed()` on every rank that participates in SPMD DTensor Operations with the same seed. If using Pipeline Parallelism, each pipeline state would use a different seed, but all ranks belonging to one pipeline stage would use the same seed.
[titan] 2026-09-23 08:18:37,916 - torchtitan.training_engine - INFO - Model KimiK3Model.Config size: 25,776,880 total parameters
[titan] 2026-09-23 08:18:37,917 - torchtitan.components.optimizer.optimizer - INFO - Optimizer AdamW (model_part=0): 139 params [.*] {'fused': True, 'foreach': False, 'lr': 0.0008, 'betas': (0.9, 0.95), 'eps': 1e-08, 'weight_decay': 0.1}
[titan] 2026-09-23 08:18:37,918 - torchtitan.components.checkpointer.base - WARNING - initial_load_model_only=True has no effect without an initial_load_path.
[titan] 2026-09-23 08:18:37,918 - torchtitan.training_engine - INFO - Model KimiK3Model.Config size: 25,776,880 total parameters
[titan] 2026-09-23 08:18:37,919 - torchtitan.components.optimizer.optimizer - INFO - Optimizer AdamW (model_part=0): 79 params [.*] {'fused': True, 'foreach': False, 'lr': 0.0008, 'betas': (0.9, 0.95), 'eps': 1e-08, 'weight_decay': 0.1}
[titan] 2026-09-23 08:18:37,919 - torchtitan.components.checkpointer.base - WARNING - initial_load_model_only=True has no effect without an initial_load_path.
[titan] 2026-09-23 08:18:37,920 - torchtitan.components.checkpointer.dcp - INFO - Checkpointing active. Checkpoints will be loaded from and saved to /home/ubuntu/results/pp_r4/pp4/checkpoint
[titan] 2026-09-23 08:18:37,920 - torchtitan.observability.metrics - WARNING - [31mPipeline Parallel loss is not visible. Please add [33mrank 3[31m to LOG_RANK environment variable in run_train.sh.[39m
[titan] 2026-09-23 08:18:37,920 - torchtitan.trainer - INFO - Peak FLOPS used for computing MFU: 9.890e+14
[titan] 2026-09-23 08:18:37,920 - torchtitan.trainer - INFO - CUDA memory usage for model: 0.01GiB(0.02%)
[titan] 2026-09-23 08:18:37,920 - torchtitan.trainer - INFO - Trainer is initialized with 1024 tokens per DP rank, 1024 tokens per train step, gradient accumulation steps 1, maximum context length 2048, total steps 100 (warmup 2)
[titan] 2026-09-23 08:18:37,920 - torchtitan.components.checkpointer.base - INFO - Loading the checkpoint from /home/ubuntu/results/pp_r4/pp4/checkpoint/step-0.
[titan] 2026-09-23 08:18:37,921 - torchtitan.components.checkpointer.dcp - INFO - Checkpointing active. Checkpoints will be loaded from and saved to /home/ubuntu/results/pp_r4/pp4/checkpoint
[titan] 2026-09-23 08:18:37,921 - torchtitan.observability.metrics - WARNING - [31mPipeline Parallel loss is not visible. Please add [33mrank 3[31m to LOG_RANK environment variable in run_train.sh.[39m
[titan] 2026-09-23 08:18:37,921 - torchtitan.trainer - INFO - Peak FLOPS used for computing MFU: 9.890e+14
[titan] 2026-09-23 08:18:37,921 - torchtitan.trainer - INFO - CUDA memory usage for model: 0.01GiB(0.01%)
[titan] 2026-09-23 08:18:37,921 - torchtitan.trainer - INFO - Trainer is initialized with 1024 tokens per DP rank, 1024 tokens per train step, gradient accumulation steps 1, maximum context length 2048, total steps 100 (warmup 2)
[titan] 2026-09-23 08:18:37,921 - torchtitan.components.checkpointer.base - INFO - Loading the checkpoint from /home/ubuntu/results/pp_r4/pp4/checkpoint/step-0.
[titan] 2026-09-23 08:18:37,926 - torchtitan.training_engine - INFO - Model KimiK3Model.Config size: 25,776,880 total parameters
[titan] 2026-09-23 08:18:37,927 - torchtitan.components.optimizer.optimizer - INFO - Optimizer AdamW (model_part=0): 139 params [.*] {'fused': True, 'foreach': False, 'lr': 0.0008, 'betas': (0.9, 0.95), 'eps': 1e-08, 'weight_decay': 0.1}
[titan] 2026-09-23 08:18:37,928 - torchtitan.components.checkpointer.base - WARNING - initial_load_model_only=True has no effect without an initial_load_path.
[titan] 2026-09-23 08:18:37,929 - torchtitan.components.checkpointer.dcp - INFO - Checkpointing active. Checkpoints will be loaded from and saved to /home/ubuntu/results/pp_r4/pp4/checkpoint
[titan] 2026-09-23 08:18:37,930 - torchtitan.observability.metrics - WARNING - [31mPipeline Parallel loss is not visible. Please add [33mrank 3[31m to LOG_RANK environment variable in run_train.sh.[39m
[titan] 2026-09-23 08:18:37,930 - torchtitan.trainer - INFO - Peak FLOPS used for computing MFU: 9.890e+14
[titan] 2026-09-23 08:18:37,930 - torchtitan.trainer - INFO - CUDA memory usage for model: 0.01GiB(0.02%)
[titan] 2026-09-23 08:18:37,930 - torchtitan.trainer - INFO - Trainer is initialized with 1024 tokens per DP rank, 1024 tokens per train step, gradient accumulation steps 1, maximum context length 2048, total steps 100 (warmup 2)
[titan] 2026-09-23 08:18:37,930 - torchtitan.components.checkpointer.base - INFO - Loading the checkpoint from /home/ubuntu/results/pp_r4/pp4/checkpoint/step-0.
[titan] 2026-09-23 08:18:37,985 - torchtitan.training_engine - INFO - Model KimiK3Model.Config size: 25,776,880 total parameters
[titan] 2026-09-23 08:18:37,986 - torchtitan.components.optimizer.optimizer - INFO - Optimizer AdamW (model_part=0): 124 params [.*] {'fused': True, 'foreach': False, 'lr': 0.0008, 'betas': (0.9, 0.95), 'eps': 1e-08, 'weight_decay': 0.1}
[titan] 2026-09-23 08:18:37,987 - torchtitan.components.checkpointer.base - WARNING - initial_load_model_only=True has no effect without an initial_load_path.
[titan] 2026-09-23 08:18:37,988 - torchtitan.components.checkpointer.dcp - INFO - Checkpointing active. Checkpoints will be loaded from and saved to /home/ubuntu/results/pp_r4/pp4/checkpoint
[titan] 2026-09-23 08:18:37,989 - torchtitan.observability.metrics - WARNING - [31mPipeline Parallel loss is not visible. Please add [33mrank 3[31m to LOG_RANK environment variable in run_train.sh.[39m
[titan] 2026-09-23 08:18:37,989 - torchtitan.trainer - INFO - Peak FLOPS used for computing MFU: 9.890e+14
[titan] 2026-09-23 08:18:37,989 - torchtitan.trainer - INFO - CUDA memory usage for model: 0.04GiB(0.05%)
[titan] 2026-09-23 08:18:37,989 - torchtitan.trainer - INFO - Trainer is initialized with 1024 tokens per DP rank, 1024 tokens per train step, gradient accumulation steps 1, maximum context length 2048, total steps 100 (warmup 2)
[titan] 2026-09-23 08:18:37,989 - torchtitan.components.checkpointer.base - INFO - Loading the checkpoint from /home/ubuntu/results/pp_r4/pp4/checkpoint/step-0.
[titan] 2026-09-23 08:18:38,593 - torchtitan.tools.utils - INFO - [GC] GC collection for checkpoint loading. took 0.01 seconds
[titan] 2026-09-23 08:18:38,593 - torchtitan.components.checkpointer.base - INFO - Finished loading the checkpoint in 0.67 seconds.
[titan] 2026-09-23 08:18:38,593 - torchtitan.trainer - INFO - Training starts at step 1
[titan] 2026-09-23 08:18:38,595 - torchtitan.tools.utils - INFO - [GC] GC collection for checkpoint loading. took 0.01 seconds
[titan] 2026-09-23 08:18:38,595 - torchtitan.components.checkpointer.base - INFO - Finished loading the checkpoint in 0.67 seconds.
[titan] 2026-09-23 08:18:38,596 - torchtitan.trainer - INFO - Training starts at step 1
[titan] 2026-09-23 08:18:38,596 - torchtitan.tools.utils - INFO - [GC] GC collection for checkpoint loading. took 0.01 seconds
[titan] 2026-09-23 08:18:38,596 - torchtitan.components.checkpointer.base - INFO - Finished loading the checkpoint in 0.67 seconds.
[titan] 2026-09-23 08:18:38,597 - torchtitan.trainer - INFO - Training starts at step 1
[titan] 2026-09-23 08:18:38,602 - torchtitan.tools.utils - INFO - [GC] GC collection for checkpoint loading. took 0.01 seconds
[titan] 2026-09-23 08:18:38,602 - torchtitan.components.checkpointer.base - INFO - Finished loading the checkpoint in 0.61 seconds.
[titan] 2026-09-23 08:18:38,603 - torchtitan.trainer - INFO - Training starts at step 1
/home/ubuntu/venv_k3/lib/python3.12/site-packages/torch/distributed/fsdp/_fully_shard/_fsdp_state.py:336: UserWarning: FSDP2-wrapped module (FSDPCheckpointWrapper) returned a view tensor. An in-place op on this view (e.g., `x += y`) will silently drop the pre-backward hook and skip the all-gather, which can cause backward to fail or produce wrong gradients. Use out-of-place ops (`out = out + y`, not `out += y`) or `.clone()` the output before any in-place op.
  output = self._register_pre_backward_hook(output)
/home/ubuntu/venv_k3/lib/python3.12/site-packages/torch/distributed/fsdp/_fully_shard/_fsdp_state.py:336: UserWarning: FSDP2-wrapped module (FSDPCheckpointWrapper) returned a view tensor. An in-place op on this view (e.g., `x += y`) will silently drop the pre-backward hook and skip the all-gather, which can cause backward to fail or produce wrong gradients. Use out-of-place ops (`out = out + y`, not `out += y`) or `.clone()` the output before any in-place op.
  output = self._register_pre_backward_hook(output)
/home/ubuntu/venv_k3/lib/python3.12/site-packages/torch/distributed/fsdp/_fully_shard/_fsdp_state.py:336: UserWarning: FSDP2-wrapped module (FSDPKimiK3Model) returned a view tensor. An in-place op on this view (e.g., `x += y`) will silently drop the pre-backward hook and skip the all-gather, which can cause backward to fail or produce wrong gradients. Use out-of-place ops (`out = out + y`, not `out += y`) or `.clone()` the output before any in-place op.
  output = self._register_pre_backward_hook(output)
/home/ubuntu/venv_k3/lib/python3.12/site-packages/torch/distributed/fsdp/_fully_shard/_fsdp_state.py:336: UserWarning: FSDP2-wrapped module (FSDPCheckpointWrapper) returned a view tensor. An in-place op on this view (e.g., `x += y`) will silently drop the pre-backward hook and skip the all-gather, which can cause backward to fail or produce wrong gradients. Use out-of-place ops (`out = out + y`, not `out += y`) or `.clone()` the output before any in-place op.
  output = self._register_pre_backward_hook(output)
/home/ubuntu/venv_k3/lib/python3.12/site-packages/torch/distributed/fsdp/_fully_shard/_fsdp_state.py:336: UserWarning: FSDP2-wrapped module (FSDPCheckpointWrapper) returned a view tensor. An in-place op on this view (e.g., `x += y`) will silently drop the pre-backward hook and skip the all-gather, which can cause backward to fail or produce wrong gradients. Use out-of-place ops (`out = out + y`, not `out += y`) or `.clone()` the output before any in-place op.
  output = self._register_pre_backward_hook(output)
/home/ubuntu/venv_k3/lib/python3.12/site-packages/torch/distributed/fsdp/_fully_shard/_fsdp_state.py:336: UserWarning: FSDP2-wrapped module (FSDPCheckpointWrapper) returned a view tensor. An in-place op on this view (e.g., `x += y`) will silently drop the pre-backward hook and skip the all-gather, which can cause backward to fail or produce wrong gradients. Use out-of-place ops (`out = out + y`, not `out += y`) or `.clone()` the output before any in-place op.
  output = self._register_pre_backward_hook(output)
/home/ubuntu/venv_k3/lib/python3.12/site-packages/torch/distributed/fsdp/_fully_shard/_fsdp_state.py:336: UserWarning: FSDP2-wrapped module (FSDPCheckpointWrapper) returned a view tensor. An in-place op on this view (e.g., `x += y`) will silently drop the pre-backward hook and skip the all-gather, which can cause backward to fail or produce wrong gradients. Use out-of-place ops (`out = out + y`, not `out += y`) or `.clone()` the output before any in-place op.
  output = self._register_pre_backward_hook(output)
/home/ubuntu/venv_k3/lib/python3.12/site-packages/torch/distributed/fsdp/_fully_shard/_fsdp_state.py:336: UserWarning: FSDP2-wrapped module (FSDPKimiK3Model) returned a view tensor. An in-place op on this view (e.g., `x += y`) will silently drop the pre-backward hook and skip the all-gather, which can cause backward to fail or produce wrong gradients. Use out-of-place ops (`out = out + y`, not `out += y`) or `.clone()` the output before any in-place op.
  output = self._register_pre_backward_hook(output)
/home/ubuntu/venv_k3/lib/python3.12/site-packages/torch/distributed/fsdp/_fully_shard/_fsdp_state.py:336: UserWarning: FSDP2-wrapped module (FSDPCheckpointWrapper) returned a view tensor. An in-place op on this view (e.g., `x += y`) will silently drop the pre-backward hook and skip the all-gather, which can cause backward to fail or produce wrong gradients. Use out-of-place ops (`out = out + y`, not `out += y`) or `.clone()` the output before any in-place op.
  output = self._register_pre_backward_hook(output)
/home/ubuntu/venv_k3/lib/python3.12/site-packages/torch/distributed/fsdp/_fully_shard/_fsdp_state.py:336: UserWarning: FSDP2-wrapped module (FSDPCheckpointWrapper) returned a view tensor. An in-place op on this view (e.g., `x += y`) will silently drop the pre-backward hook and skip the all-gather, which can cause backward to fail or produce wrong gradients. Use out-of-place ops (`out = out + y`, not `out += y`) or `.clone()` the output before any in-place op.
  output = self._register_pre_backward_hook(output)
[titan] 2026-09-23 08:18:47,033 - torchtitan.observability.metrics - INFO - [31mstep:  1  [32mloss:  8.00352  [38;2;180;60;0mgrad_norm:  2.2337  [38;2;54;234;195mmemory:  0.12GiB(0.16%)  [34mtps: 24  [36mtflops: 0.00  [35mmfu: 0.00%[39m
[titan] 2026-09-23 08:18:47,033 - torchtitan.distributed.utils - INFO - Synchronizing and adjusting timeout for all ProcessGroups to 0:01:40
[titan] 2026-09-23 08:18:47,101 - torchtitan.observability.metrics - INFO - [31mstep:  1  [32mloss: -1.00000  [38;2;180;60;0mgrad_norm:  2.2337  [38;2;54;234;195mmemory:  0.16GiB(0.20%)  [34mtps: 24  [36mtflops: 0.00  [35mmfu: 0.00%[39m
[titan] 2026-09-23 08:18:47,102 - torchtitan.distributed.utils - INFO - Synchronizing and adjusting timeout for all ProcessGroups to 0:01:40
[titan] 2026-09-23 08:18:47,102 - torchtitan.observability.metrics - INFO - [31mstep:  1  [32mloss: -1.00000  [38;2;180;60;0mgrad_norm:  2.2337  [38;2;54;234;195mmemory:  0.15GiB(0.19%)  [34mtps: 24  [36mtflops: 0.00  [35mmfu: 0.00%[39m
[titan] 2026-09-23 08:18:47,102 - torchtitan.distributed.utils - INFO - Synchronizing and adjusting timeout for all ProcessGroups to 0:01:40
[titan] 2026-09-23 08:18:47,102 - torchtitan.observability.metrics - INFO - [31mstep:  1  [32mloss: -1.00000  [38;2;180;60;0mgrad_norm:  2.2337  [38;2;54;234;195mmemory:  0.17GiB(0.22%)  [34mtps: 24  [36mtflops: 0.00  [35mmfu: 0.00%[39m
[titan] 2026-09-23 08:18:47,102 - torchtitan.distributed.utils - INFO - Synchronizing and adjusting timeout for all ProcessGroups to 0:01:40
[titan] 2026-09-23 08:18:47,768 - torchtitan.observability.metrics - INFO - [31mstep:  2  [32mloss:  7.22904  [38;2;180;60;0mgrad_norm:  5.6664  [38;2;54;234;195mmemory:  0.14GiB(0.17%)  [34mtps: 348  [36mtflops: 0.05  [35mmfu: 0.01%[39m
[titan] 2026-09-23 08:18:47,768 - torchtitan.observability.metrics - INFO - [31mstep:  2  [32mloss: -1.00000  [38;2;180;60;0mgrad_norm:  5.6664  [38;2;54;234;195mmemory:  0.20GiB(0.25%)  [34mtps: 384  [36mtflops: 0.06  [35mmfu: 0.01%[39m
[titan] 2026-09-23 08:18:47,768 - torchtitan.observability.metrics - INFO - [31mstep:  2  [32mloss: -1.00000  [38;2;180;60;0mgrad_norm:  5.6664  [38;2;54;234;195mmemory:  0.18GiB(0.22%)  [34mtps: 384  [36mtflops: 0.06  [35mmfu: 0.01%[39m
[titan] 2026-09-23 08:18:47,770 - torchtitan.observability.metrics - INFO - [31mstep:  2  [32mloss: -1.00000  [38;2;180;60;0mgrad_norm:  5.6664  [38;2;54;234;195mmemory:  0.18GiB(0.22%)  [34mtps: 383  [36mtflops: 0.06  [35mmfu: 0.01%[39m
[titan] 2026-09-23 08:18:48,417 - torchtitan.observability.metrics - INFO - [31mstep:  3  [32mloss:  6.04614  [38;2;180;60;0mgrad_norm:  4.0076  [38;2;54;234;195mmemory:  0.14GiB(0.17%)  [34mtps: 394  [36mtflops: 0.06  [35mmfu: 0.01%[39m
[titan] 2026-09-23 08:18:48,417 - torchtitan.observability.metrics - INFO - [31mstep:  3  [32mloss: -1.00000  [38;2;180;60;0mgrad_norm:  4.0076  [38;2;54;234;195mmemory:  0.20GiB(0.25%)  [34mtps: 394  [36mtflops: 0.06  [35mmfu: 0.01%[39m
[titan] 2026-09-23 08:18:48,417 - torchtitan.observability.metrics - INFO - [31mstep:  3  [32mloss: -1.00000  [38;2;180;60;0mgrad_norm:  4.0076  [38;2;54;234;195mmemory:  0.18GiB(0.22%)  [34mtps: 394  [36mtflops: 0.06  [35mmfu: 0.01%[39m
[titan] 2026-09-23 08:18:48,419 - torchtitan.observability.metrics - INFO - [31mstep:  3  [32mloss: -1.00000  [38;2;180;60;0mgrad_norm:  4.0076  [38;2;54;234;195mmemory:  0.18GiB(0.22%)  [34mtps: 394  [36mtflops: 0.06  [35mmfu: 0.01%[39m
[titan] 2026-09-23 08:18:49,068 - torchtitan.observability.metrics - INFO - [31mstep:  4  [32mloss:  5.23967  [38;2;180;60;0mgrad_norm:  3.1620  [38;2;54;234;195mmemory:  0.14GiB(0.17%)  [34mtps: 394  [36mtflops: 0.06  [35mmfu: 0.01%[39m
[titan] 2026-09-23 08:18:49,068 - torchtitan.observability.metrics - INFO - [31mstep:  4  [32mloss: -1.00000  [38;2;180;60;0mgrad_norm:  3.1620  [38;2;54;234;195mmemory:  0.20GiB(0.25%)  [34mtps: 394  [36mtflops: 0.06  [35mmfu: 0.01%[39m
[titan] 2026-09-23 08:18:49,068 - torchtitan.observability.metrics - INFO - [31mstep:  4  [32mloss: -1.00000  [38;2;180;60;0mgrad_norm:  3.1620  [38;2;54;234;195mmemory:  0.18GiB(0.22%)  [34mtps: 394  [36mtflops: 0.06  [35mmfu: 0.01%[39m
[titan] 2026-09-23 08:18:49,070 - torchtitan.observability.metrics - INFO - [31mstep:  4  [32mloss: -1.00000  [38;2;180;60;0mgrad_norm:  3.1620  [38;2;54;234;195mmemory:  0.18GiB(0.22%)  [34mtps: 394  [36mtflops: 0.06  [35mmfu: 0.01%[39m
[titan] 2026-09-23 08:18:49,719 - torchtitan.observability.metrics - INFO - [31mstep:  5  [32mloss:  4.65829  [38;2;180;60;0mgrad_norm:  2.9051  [38;2;54;234;195mmemory:  0.14GiB(0.17%)  [34mtps: 393  [36mtflops: 0.06  [35mmfu: 0.01%[39m
[titan] 2026-09-23 08:18:49,719 - torchtitan.observability.metrics - INFO - [31mstep:  5  [32mloss: -1.00000  [38;2;180;60;0mgrad_norm:  2.9051  [38;2;54;234;195mmemory:  0.18GiB(0.22%)  [34mtps: 393  [36mtflops: 0.06  [35mmfu: 0.01%[39m
[titan] 2026-09-23 08:18:49,719 - torchtitan.observability.metrics - INFO - [31mstep:  5  [32mloss: -1.00000  [38;2;180;60;0mgrad_norm:  2.9051  [38;2;54;234;195mmemory:  0.20GiB(0.25%)  [34mtps: 393  [36mtflops: 0.06  [35mmfu: 0.01%[39m
[titan] 2026-09-23 08:18:49,721 - torchtitan.observability.metrics - INFO - [31mstep:  5  [32mloss: -1.00000  [38;2;180;60;0mgrad_norm:  2.9051  [38;2;54;234;195mmemory:  0.18GiB(0.22%)  [34mtps: 393  [36mtflops: 0.06  [35mmfu: 0.01%[39m
[titan] 2026-09-23 08:18:50,367 - torchtitan.observability.metrics - INFO - [31mstep:  6  [32mloss:  4.36519  [38;2;180;60;0mgrad_norm:  2.3995  [38;2;54;234;195mmemory:  0.14GiB(0.17%)  [34mtps: 395  [36mtflops: 0.06  [35mmfu: 0.01%[39m
[titan] 2026-09-23 08:18:50,367 - torchtitan.observability.metrics - INFO - [31mstep:  6  [32mloss: -1.00000  [38;2;180;60;0mgrad_norm:  2.3995  [38;2;54;234;195mmemory:  0.20GiB(0.25%)  [34mtps: 395  [36mtflops: 0.06  [35mmfu: 0.01%[39m
[titan] 2026-09-23 08:18:50,367 - torchtitan.observability.metrics - INFO - [31mstep:  6  [32mloss: -1.00000  [38;2;180;60;0mgrad_norm:  2.3995  [38;2;54;234;195mmemory:  0.18GiB(0.22%)  [34mtps: 395  [36mtflops: 0.06  [35mmfu: 0.01%[39m
[titan] 2026-09-23 08:18:50,369 - torchtitan.observability.metrics - INFO - [31mstep:  6  [32mloss: -1.00000  [38;2;180;60;0mgrad_norm:  2.3995  [38;2;54;234;195mmemory:  0.18GiB(0.22%)  [34mtps: 395  [36mtflops: 0.06  [35mmfu: 0.01%[39m
[titan] 2026-09-23 08:18:51,019 - torchtitan.observability.metrics - INFO - [31mstep:  7  [32mloss:  4.16379  [38;2;180;60;0mgrad_norm:  2.1496  [38;2;54;234;195mmemory:  0.14GiB(0.17%)  [34mtps: 393  [36mtflops: 0.06  [35mmfu: 0.01%[39m
[titan] 2026-09-23 08:18:51,019 - torchtitan.observability.metrics - INFO - [31mstep:  7  [32mloss: -1.00000  [38;2;180;60;0mgrad_norm:  2.1496  [38;2;54;234;195mmemory:  0.20GiB(0.25%)  [34mtps: 393  [36mtflops: 0.06  [35mmfu: 0.01%[39m
[titan] 2026-09-23 08:18:51,019 - torchtitan.observability.metrics - INFO - [31mstep:  7  [32mloss: -1.00000  [38;2;180;60;0mgrad_norm:  2.1496  [38;2;54;234;195mmemory:  0.18GiB(0.22%)  [34mtps: 393  [36mtflops: 0.06  [35mmfu: 0.01%[39m
[titan] 2026-09-23 08:18:51,021 - torchtitan.observability.metrics - INFO - [31mstep:  7  [32mloss: -1.00000  [38;2;180;60;0mgrad_norm:  2.1496  [38;2;54;234;195mmemory:  0.18GiB(0.22%)  [34mtps: 393  [36mtflops: 0.06  [35mmfu: 0.01%[39m
[titan] 2026-09-23 08:18:51,675 - torchtitan.observability.metrics - INFO - [31mstep:  8  [32mloss:  3.78136  [38;2;180;60;0mgrad_norm:  1.8078  [38;2;54;234;195mmemory:  0.14GiB(0.17%)  [34mtps: 390  [36mtflops: 0.06  [35mmfu: 0.01%[39m
[titan] 2026-09-23 08:18:51,675 - torchtitan.observability.metrics - INFO - [31mstep:  8  [32mloss: -1.00000  [38;2;180;60;0mgrad_norm:  1.8078  [38;2;54;234;195mmemory:  0.18GiB(0.22%)  [34mtps: 390  [36mtflops: 0.06  [35mmfu: 0.01%[39m
[titan] 2026-09-23 08:18:51,675 - torchtitan.observability.metrics - INFO - [31mstep:  8  [32mloss: -1.00000  [38;2;180;60;0mgrad_norm:  1.8078  [38;2;54;234;195mmemory:  0.20GiB(0.25%)  [34mtps: 390  [36mtflops: 0.06  [35mmfu: 0.01%[39m
[titan] 2026-09-23 08:18:51,677 - torchtitan.observability.metrics - INFO - [31mstep:  8  [32mloss: -1.00000  [38;2;180;60;0mgrad_norm:  1.8078  [38;2;54;234;195mmemory:  0.18GiB(0.22%)  [34mtps: 390  [36mtflops: 0.06  [35mmfu: 0.01%[39m
[titan] 2026-09-23 08:18:52,326 - torchtitan.observability.metrics - INFO - [31mstep:  9  [32mloss:  3.86923  [38;2;180;60;0mgrad_norm:  1.8181  [38;2;54;234;195mmemory:  0.14GiB(0.17%)  [34mtps: 393  [36mtflops: 0.06  [35mmfu: 0.01%[39m
[titan] 2026-09-23 08:18:52,326 - torchtitan.observability.metrics - INFO - [31mstep:  9  [32mloss: -1.00000  [38;2;180;60;0mgrad_norm:  1.8181  [38;2;54;234;195mmemory:  0.20GiB(0.25%)  [34mtps: 393  [36mtflops: 0.06  [35mmfu: 0.01%[39m
[titan] 2026-09-23 08:18:52,326 - torchtitan.observability.metrics - INFO - [31mstep:  9  [32mloss: -1.00000  [38;2;180;60;0mgrad_norm:  1.8181  [38;2;54;234;195mmemory:  0.18GiB(0.22%)  [34mtps: 393  [36mtflops: 0.06  [35mmfu: 0.01%[39m
[titan] 2026-09-23 08:18:52,328 - torchtitan.observability.metrics - INFO - [31mstep:  9  [32mloss: -1.00000  [38;2;180;60;0mgrad_norm:  1.8181  [38;2;54;234;195mmemory:  0.18GiB(0.22%)  [34mtps: 393  [36mtflops: 0.06  [35mmfu: 0.01%[39m
[titan] 2026-09-23 08:18:52,984 - torchtitan.observability.metrics - INFO - [31mstep: 10  [32mloss:  3.48888  [38;2;180;60;0mgrad_norm:  1.3804  [38;2;54;234;195mmemory:  0.14GiB(0.17%)  [34mtps: 389  [36mtflops: 0.06  [35mmfu: 0.01%[39m
[titan] 2026-09-23 08:18:52,984 - torchtitan.observability.metrics - INFO - [31mstep: 10  [32mloss: -1.00000  [38;2;180;60;0mgrad_norm:  1.3804  [38;2;54;234;195mmemory:  0.20GiB(0.25%)  [34mtps: 389  [36mtflops: 0.06  [35mmfu: 0.01%[39m
[titan] 2026-09-23 08:18:52,984 - torchtitan.observability.metrics - INFO - [31mstep: 10  [32mloss: -1.00000  [38;2;180;60;0mgrad_norm:  1.3804  [38;2;54;234;195mmemory:  0.18GiB(0.22%)  [34mtps: 389  [36mtflops: 0.06  [35mmfu: 0.01%[39m
[titan] 2026-09-23 08:18:52,986 - torchtitan.observability.metrics - INFO - [31mstep: 10  [32mloss: -1.00000  [38;2;180;60;0mgrad_norm:  1.3804  [38;2;54;234;195mmemory:  0.18GiB(0.22%)  [34mtps: 389  [36mtflops: 0.06  [35mmfu: 0.01%[39m
[titan] 2026-09-23 08:18:53,638 - torchtitan.observability.metrics - INFO - [31mstep: 11  [32mloss:  3.38413  [38;2;180;60;0mgrad_norm:  1.3349  [38;2;54;234;195mmemory:  0.14GiB(0.17%)  [34mtps: 392  [36mtflops: 0.06  [35mmfu: 0.01%[39m
[titan] 2026-09-23 08:18:53,638 - torchtitan.observability.metrics - INFO - [31mstep: 11  [32mloss: -1.00000  [38;2;180;60;0mgrad_norm:  1.3349  [38;2;54;234;195mmemory:  0.18GiB(0.22%)  [34mtps: 392  [36mtflops: 0.06  [35mmfu: 0.01%[39m
[titan] 2026-09-23 08:18:53,638 - torchtitan.observability.metrics - INFO - [31mstep: 11  [32mloss: -1.00000  [38;2;180;60;0mgrad_norm:  1.3349  [38;2;54;234;195mmemory:  0.20GiB(0.25%)  [34mtps: 392  [36mtflops: 0.06  [35mmfu: 0.01%[39m
[titan] 2026-09-23 08:18:53,641 - torchtitan.observability.metrics - INFO - [31mstep: 11  [32mloss: -1.00000  [38;2;180;60;0mgrad_norm:  1.3349  [38;2;54;234;195mmemory:  0.18GiB(0.22%)  [34mtps: 391  [36mtflops: 0.06  [35mmfu: 0.01%[39m
[titan] 2026-09-23 08:18:54,292 - torchtitan.observability.metrics - INFO - [31mstep: 12  [32mloss:  3.67179  [38;2;180;60;0mgrad_norm:  1.1269  [38;2;54;234;195mmemory:  0.14GiB(0.17%)  [34mtps: 391  [36mtflops: 0.06  [35mmfu: 0.01%[39m
[titan] 2026-09-23 08:18:54,292 - torchtitan.observability.metrics - INFO - [31mstep: 12  [32mloss: -1.00000  [38;2;180;60;0mgrad_norm:  1.1269  [38;2;54;234;195mmemory:  0.20GiB(0.25%)  [34mtps: 391  [36mtflops: 0.06  [35mmfu: 0.01%[39m
[titan] 2026-09-23 08:18:54,292 - torchtitan.observability.metrics - INFO - [31mstep: 12  [32mloss: -1.00000  [38;2;180;60;0mgrad_norm:  1.1269  [38;2;54;234;195mmemory:  0.18GiB(0.22%)  [34mtps: 391  [36mtflops: 0.06  [35mmfu: 0.01%[39m
[titan] 2026-09-23 08:18:54,294 - torchtitan.observability.metrics - INFO - [31mstep: 12  [32mloss: -1.00000  [38;2;180;60;0mgrad_norm:  1.1269  [38;2;54;234;195mmemory:  0.18GiB(0.22%)  [34mtps: 392  [36mtflops: 0.06  [35mmfu: 0.01%[39m
[titan] 2026-09-23 08:18:54,947 - torchtitan.observability.metrics - INFO - [31mstep: 13  [32mloss:  3.20131  [38;2;180;60;0mgrad_norm:  1.1825  [38;2;54;234;195mmemory:  0.14GiB(0.17%)  [34mtps: 391  [36mtflops: 0.06  [35mmfu: 0.01%[39m
[titan] 2026-09-23 08:18:54,947 - torchtitan.observability.metrics - INFO - [31mstep: 13  [32mloss: -1.00000  [38;2;180;60;0mgrad_norm:  1.1825  [38;2;54;234;195mmemory:  0.20GiB(0.25%)  [34mtps: 391  [36mtflops: 0.06  [35mmfu: 0.01%[39m
[titan] 2026-09-23 08:18:54,947 - torchtitan.observability.metrics - INFO - [31mstep: 13  [32mloss: -1.00000  [38;2;180;60;0mgrad_norm:  1.1825  [38;2;54;234;195mmemory:  0.18GiB(0.22%)  [34mtps: 391  [36mtflops: 0.06  [35mmfu: 0.01%[39m
[titan] 2026-09-23 08:18:54,949 - torchtitan.observability.metrics - INFO - [31mstep: 13  [32mloss: -1.00000  [38;2;180;60;0mgrad_norm:  1.1825  [38;2;54;234;195mmemory:  0.18GiB(0.22%)  [34mtps: 391  [36mtflops: 0.06  [35mmfu: 0.01%[39m
[titan] 2026-09-23 08:18:55,602 - torchtitan.observability.metrics - INFO - [31mstep: 14  [32mloss:  3.44980  [38;2;180;60;0mgrad_norm:  1.2001  [38;2;54;234;195mmemory:  0.14GiB(0.17%)  [34mtps: 391  [36mtflops: 0.06  [35mmfu: 0.01%[39m
[titan] 2026-09-23 08:18:55,602 - torchtitan.observability.metrics - INFO - [31mstep: 14  [32mloss: -1.00000  [38;2;180;60;0mgrad_norm:  1.2001  [38;2;54;234;195mmemory:  0.20GiB(0.25%)  [34mtps: 391  [36mtflops: 0.06  [35mmfu: 0.01%[39m
[titan] 2026-09-23 08:18:55,602 - torchtitan.observability.metrics - INFO - [31mstep: 14  [32mloss: -1.00000  [38;2;180;60;0mgrad_norm:  1.2001  [38;2;54;234;195mmemory:  0.18GiB(0.22%)  [34mtps: 391  [36mtflops: 0.06  [35mmfu: 0.01%[39m
[titan] 2026-09-23 08:18:55,604 - torchtitan.observability.metrics - INFO - [31mstep: 14  [32mloss: -1.00000  [38;2;180;60;0mgrad_norm:  1.2001  [38;2;54;234;195mmemory:  0.18GiB(0.22%)  [34mtps: 391  [36mtflops: 0.06  [35mmfu: 0.01%[39m
[titan] 2026-09-23 08:18:56,258 - torchtitan.observability.metrics - INFO - [31mstep: 15  [32mloss:  3.13440  [38;2;180;60;0mgrad_norm:  1.2836  [38;2;54;234;195mmemory:  0.14GiB(0.17%)  [34mtps: 390  [36mtflops: 0.06  [35mmfu: 0.01%[39m
[titan] 2026-09-23 08:18:56,258 - torchtitan.observability.metrics - INFO - [31mstep: 15  [32mloss: -1.00000  [38;2;180;60;0mgrad_norm:  1.2836  [38;2;54;234;195mmemory:  0.20GiB(0.25%)  [34mtps: 390  [36mtflops: 0.06  [35mmfu: 0.01%[39m
[titan] 2026-09-23 08:18:56,258 - torchtitan.observability.metrics - INFO - [31mstep: 15  [32mloss: -1.00000  [38;2;180;60;0mgrad_norm:  1.2836  [38;2;54;234;195mmemory:  0.18GiB(0.22%)  [34mtps: 390  [36mtflops: 0.06  [35mmfu: 0.01%[39m
[titan] 2026-09-23 08:18:56,260 - torchtitan.observability.metrics - INFO - [31mstep: 15  [32mloss: -1.00000  [38;2;180;60;0mgrad_norm:  1.2836  [38;2;54;234;195mmemory:  0.18GiB(0.22%)  [34mtps: 390  [36mtflops: 0.06  [35mmfu: 0.01%[39m
[titan] 2026-09-23 08:18:56,915 - torchtitan.observability.metrics - INFO - [31mstep: 16  [32mloss:  3.16911  [38;2;180;60;0mgrad_norm:  1.0266  [38;2;54;234;195mmemory:  0.14GiB(0.17%)  [34mtps: 390  [36mtflops: 0.06  [35mmfu: 0.01%[39m
[titan] 2026-09-23 08:18:56,915 - torchtitan.observability.metrics - INFO - [31mstep: 16  [32mloss: -1.00000  [38;2;180;60;0mgrad_norm:  1.0266  [38;2;54;234;195mmemory:  0.20GiB(0.25%)  [34mtps: 390  [36mtflops: 0.06  [35mmfu: 0.01%[39m
[titan] 2026-09-23 08:18:56,915 - torchtitan.observability.metrics - INFO - [31mstep: 16  [32mloss: -1.00000  [38;2;180;60;0mgrad_norm:  1.0266  [38;2;54;234;195mmemory:  0.18GiB(0.22%)  [34mtps: 390  [36mtflops: 0.06  [35mmfu: 0.01%[39m
[titan] 2026-09-23 08:18:56,917 - torchtitan.observability.metrics - INFO - [31mstep: 16  [32mloss: -1.00000  [38;2;180;60;0mgrad_norm:  1.0266  [38;2;54;234;195mmemory:  0.18GiB(0.22%)  [34mtps: 390  [36mtflops: 0.06  [35mmfu: 0.01%[39m
[titan] 2026-09-23 08:18:57,572 - torchtitan.observability.metrics - INFO - [31mstep: 17  [32mloss:  2.98691  [38;2;180;60;0mgrad_norm:  0.9770  [38;2;54;234;195mmemory:  0.14GiB(0.17%)  [34mtps: 390  [36mtflops: 0.06  [35mmfu: 0.01%[39m
[titan] 2026-09-23 08:18:57,572 - torchtitan.observability.metrics - INFO - [31mstep: 17  [32mloss: -1.00000  [38;2;180;60;0mgrad_norm:  0.9770  [38;2;54;234;195mmemory:  0.20GiB(0.25%)  [34mtps: 390  [36mtflops: 0.06  [35mmfu: 0.01%[39m
[titan] 2026-09-23 08:18:57,572 - torchtitan.observability.metrics - INFO - [31mstep: 17  [32mloss: -1.00000  [38;2;180;60;0mgrad_norm:  0.9770  [38;2;54;234;195mmemory:  0.18GiB(0.22%)  [34mtps: 390  [36mtflops: 0.06  [35mmfu: 0.01%[39m
[titan] 2026-09-23 08:18:57,574 - torchtitan.observability.metrics - INFO - [31mstep: 17  [32mloss: -1.00000  [38;2;180;60;0mgrad_norm:  0.9770  [38;2;54;234;195mmemory:  0.18GiB(0.22%)  [34mtps: 390  [36mtflops: 0.06  [35mmfu: 0.01%[39m
[titan] 2026-09-23 08:18:58,223 - torchtitan.observability.metrics - INFO - [31mstep: 18  [32mloss:  3.08160  [38;2;180;60;0mgrad_norm:  0.9677  [38;2;54;234;195mmemory:  0.14GiB(0.17%)  [34mtps: 394  [36mtflops: 0.06  [35mmfu: 0.01%[39m
[titan] 2026-09-23 08:18:58,223 - torchtitan.observability.metrics - INFO - [31mstep: 18  [32mloss: -1.00000  [38;2;180;60;0mgrad_norm:  0.9677  [38;2;54;234;195mmemory:  0.20GiB(0.25%)  [34mtps: 394  [36mtflops: 0.06  [35mmfu: 0.01%[39m
[titan] 2026-09-23 08:18:58,223 - torchtitan.observability.metrics - INFO - [31mstep: 18  [32mloss: -1.00000  [38;2;180;60;0mgrad_norm:  0.9677  [38;2;54;234;195mmemory:  0.18GiB(0.22%)  [34mtps: 394  [36mtflops: 0.06  [35mmfu: 0.01%[39m
[titan] 2026-09-23 08:18:58,225 - torchtitan.observability.metrics - INFO - [31mstep: 18  [32mloss: -1.00000  [38;2;180;60;0mgrad_norm:  0.9677  [38;2;54;234;195mmemory:  0.18GiB(0.22%)  [34mtps: 394  [36mtflops: 0.06  [35mmfu: 0.01%[39m
[titan] 2026-09-23 08:18:58,878 - torchtitan.observability.metrics - INFO - [31mstep: 19  [32mloss:  2.74868  [38;2;180;60;0mgrad_norm:  0.9206  [38;2;54;234;195mmemory:  0.14GiB(0.17%)  [34mtps: 391  [36mtflops: 0.06  [35mmfu: 0.01%[39m
[titan] 2026-09-23 08:18:58,878 - torchtitan.observability.metrics - INFO - [31mstep: 19  [32mloss: -1.00000  [38;2;180;60;0mgrad_norm:  0.9206  [38;2;54;234;195mmemory:  0.20GiB(0.25%)  [34mtps: 391  [36mtflops: 0.06  [35mmfu: 0.01%[39m
[titan] 2026-09-23 08:18:58,878 - torchtitan.observability.metrics - INFO - [31mstep: 19  [32mloss: -1.00000  [38;2;180;60;0mgrad_norm:  0.9206  [38;2;54;234;195mmemory:  0.18GiB(0.22%)  [34mtps: 391  [36mtflops: 0.06  [35mmfu: 0.01%[39m
[titan] 2026-09-23 08:18:58,880 - torchtitan.observability.metrics - INFO - [31mstep: 19  [32mloss: -1.00000  [38;2;180;60;0mgrad_norm:  0.9206  [38;2;54;234;195mmemory:  0.18GiB(0.22%)  [34mtps: 391  [36mtflops: 0.06  [35mmfu: 0.01%[39m
[titan] 2026-09-23 08:18:59,535 - torchtitan.observability.metrics - INFO - [31mstep: 20  [32mloss:  2.93285  [38;2;180;60;0mgrad_norm:  0.9576  [38;2;54;234;195mmemory:  0.14GiB(0.17%)  [34mtps: 390  [36mtflops: 0.06  [35mmfu: 0.01%[39m
[titan] 2026-09-23 08:18:59,535 - torchtitan.observability.metrics - INFO - [31mstep: 20  [32mloss: -1.00000  [38;2;180;60;0mgrad_norm:  0.9576  [38;2;54;234;195mmemory:  0.20GiB(0.25%)  [34mtps: 390  [36mtflops: 0.06  [35mmfu: 0.01%[39m
[titan] 2026-09-23 08:18:59,535 - torchtitan.observability.metrics - INFO - [31mstep: 20  [32mloss: -1.00000  [38;2;180;60;0mgrad_norm:  0.9576  [38;2;54;234;195mmemory:  0.18GiB(0.22%)  [34mtps: 390  [36mtflops: 0.06  [35mmfu: 0.01%[39m
[titan] 2026-09-23 08:18:59,537 - torchtitan.observability.metrics - INFO - [31mstep: 20  [32mloss: -1.00000  [38;2;180;60;0mgrad_norm:  0.9576  [38;2;54;234;195mmemory:  0.18GiB(0.22%)  [34mtps: 390  [36mtflops: 0.06  [35mmfu: 0.01%[39m
[titan] 2026-09-23 08:19:00,194 - torchtitan.observability.metrics - INFO - [31mstep: 21  [32mloss:  3.07260  [38;2;180;60;0mgrad_norm:  0.8128  [38;2;54;234;195mmemory:  0.14GiB(0.17%)  [34mtps: 389  [36mtflops: 0.06  [35mmfu: 0.01%[39m
[titan] 2026-09-23 08:19:00,194 - torchtitan.observability.metrics - INFO - [31mstep: 21  [32mloss: -1.00000  [38;2;180;60;0mgrad_norm:  0.8128  [38;2;54;234;195mmemory:  0.20GiB(0.25%)  [34mtps: 389  [36mtflops: 0.06  [35mmfu: 0.01%[39m
[titan] 2026-09-23 08:19:00,194 - torchtitan.observability.metrics - INFO - [31mstep: 21  [32mloss: -1.00000  [38;2;180;60;0mgrad_norm:  0.8128  [38;2;54;234;195mmemory:  0.18GiB(0.22%)  [34mtps: 389  [36mtflops: 0.06  [35mmfu: 0.01%[39m
[titan] 2026-09-23 08:19:00,196 - torchtitan.observability.metrics - INFO - [31mstep: 21  [32mloss: -1.00000  [38;2;180;60;0mgrad_norm:  0.8128  [38;2;54;234;195mmemory:  0.18GiB(0.22%)  [34mtps: 389  [36mtflops: 0.06  [35mmfu: 0.01%[39m
[titan] 2026-09-23 08:19:00,852 - torchtitan.observability.metrics - INFO - [31mstep: 22  [32mloss:  2.86353  [38;2;180;60;0mgrad_norm:  0.9641  [38;2;54;234;195mmemory:  0.14GiB(0.17%)  [34mtps: 389  [36mtflops: 0.06  [35mmfu: 0.01%[39m
[titan] 2026-09-23 08:19:00,852 - torchtitan.observability.metrics - INFO - [31mstep: 22  [32mloss: -1.00000  [38;2;180;60;0mgrad_norm:  0.9641  [38;2;54;234;195mmemory:  0.20GiB(0.25%)  [34mtps: 389  [36mtflops: 0.06  [35mmfu: 0.01%[39m
[titan] 2026-09-23 08:19:00,852 - torchtitan.observability.metrics - INFO - [31mstep: 22  [32mloss: -1.00000  [38;2;180;60;0mgrad_norm:  0.9641  [38;2;54;234;195mmemory:  0.18GiB(0.22%)  [34mtps: 389  [36mtflops: 0.06  [35mmfu: 0.01%[39m
[titan] 2026-09-23 08:19:00,854 - torchtitan.observability.metrics - INFO - [31mstep: 22  [32mloss: -1.00000  [38;2;180;60;0mgrad_norm:  0.9641  [38;2;54;234;195mmemory:  0.18GiB(0.22%)  [34mtps: 389  [36mtflops: 0.06  [35mmfu: 0.01%[39m
[titan] 2026-09-23 08:19:01,509 - torchtitan.observability.metrics - INFO - [31mstep: 23  [32mloss:  2.66831  [38;2;180;60;0mgrad_norm:  0.7350  [38;2;54;234;195mmemory:  0.14GiB(0.17%)  [34mtps: 390  [36mtflops: 0.06  [35mmfu: 0.01%[39m
[titan] 2026-09-23 08:19:01,509 - torchtitan.observability.metrics - INFO - [31mstep: 23  [32mloss: -1.00000  [38;2;180;60;0mgrad_norm:  0.7350  [38;2;54;234;195mmemory:  0.20GiB(0.25%)  [34mtps: 390  [36mtflops: 0.06  [35mmfu: 0.01%[39m
[titan] 2026-09-23 08:19:01,509 - torchtitan.observability.metrics - INFO - [31mstep: 23  [32mloss: -1.00000  [38;2;180;60;0mgrad_norm:  0.7350  [38;2;54;234;195mmemory:  0.18GiB(0.22%)  [34mtps: 390  [36mtflops: 0.06  [35mmfu: 0.01%[39m
[titan] 2026-09-23 08:19:01,511 - torchtitan.observability.metrics - INFO - [31mstep: 23  [32mloss: -1.00000  [38;2;180;60;0mgrad_norm:  0.7350  [38;2;54;234;195mmemory:  0.18GiB(0.22%)  [34mtps: 390  [36mtflops: 0.06  [35mmfu: 0.01%[39m
[titan] 2026-09-23 08:19:02,168 - torchtitan.observability.metrics - INFO - [31mstep: 24  [32mloss:  2.91193  [38;2;180;60;0mgrad_norm:  1.0795  [38;2;54;234;195mmemory:  0.14GiB(0.17%)  [34mtps: 389  [36mtflops: 0.06  [35mmfu: 0.01%[39m
[titan] 2026-09-23 08:19:02,168 - torchtitan.observability.metrics - INFO - [31mstep: 24  [32mloss: -1.00000  [38;2;180;60;0mgrad_norm:  1.0795  [38;2;54;234;195mmemory:  0.20GiB(0.25%)  [34mtps: 389  [36mtflops: 0.06  [35mmfu: 0.01%[39m
[titan] 2026-09-23 08:19:02,168 - torchtitan.observability.metrics - INFO - [31mstep: 24  [32mloss: -1.00000  [38;2;180;60;0mgrad_norm:  1.0795  [38;2;54;234;195mmemory:  0.18GiB(0.22%)  [34mtps: 389  [36mtflops: 0.06  [35mmfu: 0.01%[39m
[titan] 2026-09-23 08:19:02,169 - torchtitan.observability.metrics - INFO - [31mstep: 24  [32mloss: -1.00000  [38;2;180;60;0mgrad_norm:  1.0795  [38;2;54;234;195mmemory:  0.18GiB(0.22%)  [34mtps: 389  [36mtflops: 0.06  [35mmfu: 0.01%[39m
[titan] 2026-09-23 08:19:02,820 - torchtitan.observability.metrics - INFO - [31mstep: 25  [32mloss:  3.13816  [38;2;180;60;0mgrad_norm:  0.9604  [38;2;54;234;195mmemory:  0.14GiB(0.17%)  [34mtps: 393  [36mtflops: 0.06  [35mmfu: 0.01%[39m
[titan] 2026-09-23 08:19:02,820 - torchtitan.observability.metrics - INFO - [31mstep: 25  [32mloss: -1.00000  [38;2;180;60;0mgrad_norm:  0.9604  [38;2;54;234;195mmemory:  0.20GiB(0.25%)  [34mtps: 393  [36mtflops: 0.06  [35mmfu: 0.01%[39m
[titan] 2026-09-23 08:19:02,820 - torchtitan.observability.metrics - INFO - [31mstep: 25  [32mloss: -1.00000  [38;2;180;60;0mgrad_norm:  0.9604  [38;2;54;234;195mmemory:  0.18GiB(0.22%)  [34mtps: 393  [36mtflops: 0.06  [35mmfu: 0.01%[39m
[titan] 2026-09-23 08:19:02,822 - torchtitan.observability.metrics - INFO - [31mstep: 25  [32mloss: -1.00000  [38;2;180;60;0mgrad_norm:  0.9604  [38;2;54;234;195mmemory:  0.18GiB(0.22%)  [34mtps: 392  [36mtflops: 0.06  [35mmfu: 0.01%[39m
[titan] 2026-09-23 08:19:03,474 - torchtitan.observability.metrics - INFO - [31mstep: 26  [32mloss:  2.70498  [38;2;180;60;0mgrad_norm:  1.1502  [38;2;54;234;195mmemory:  0.14GiB(0.17%)  [34mtps: 392  [36mtflops: 0.06  [35mmfu: 0.01%[39m
[titan] 2026-09-23 08:19:03,474 - torchtitan.observability.metrics - INFO - [31mstep: 26  [32mloss: -1.00000  [38;2;180;60;0mgrad_norm:  1.1502  [38;2;54;234;195mmemory:  0.20GiB(0.25%)  [34mtps: 392  [36mtflops: 0.06  [35mmfu: 0.01%[39m
[titan] 2026-09-23 08:19:03,474 - torchtitan.observability.metrics - INFO - [31mstep: 26  [32mloss: -1.00000  [38;2;180;60;0mgrad_norm:  1.1502  [38;2;54;234;195mmemory:  0.18GiB(0.22%)  [34mtps: 392  [36mtflops: 0.06  [35mmfu: 0.01%[39m
[titan] 2026-09-23 08:19:03,476 - torchtitan.observability.metrics - INFO - [31mstep: 26  [32mloss: -1.00000  [38;2;180;60;0mgrad_norm:  1.1502  [38;2;54;234;195mmemory:  0.18GiB(0.22%)  [34mtps: 392  [36mtflops: 0.06  [35mmfu: 0.01%[39m
[titan] 2026-09-23 08:19:04,129 - torchtitan.observability.metrics - INFO - [31mstep: 27  [32mloss:  2.83236  [38;2;180;60;0mgrad_norm:  1.0183  [38;2;54;234;195mmemory:  0.14GiB(0.17%)  [34mtps: 391  [36mtflops: 0.06  [35mmfu: 0.01%[39m
[titan] 2026-09-23 08:19:04,129 - torchtitan.observability.metrics - INFO - [31mstep: 27  [32mloss: -1.00000  [38;2;180;60;0mgrad_norm:  1.0183  [38;2;54;234;195mmemory:  0.20GiB(0.25%)  [34mtps: 391  [36mtflops: 0.06  [35mmfu: 0.01%[39m
[titan] 2026-09-23 08:19:04,129 - torchtitan.observability.metrics - INFO - [31mstep: 27  [32mloss: -1.00000  [38;2;180;60;0mgrad_norm:  1.0183  [38;2;54;234;195mmemory:  0.18GiB(0.22%)  [34mtps: 391  [36mtflops: 0.06  [35mmfu: 0.01%[39m
[titan] 2026-09-23 08:19:04,131 - torchtitan.observability.metrics - INFO - [31mstep: 27  [32mloss: -1.00000  [38;2;180;60;0mgrad_norm:  1.0183  [38;2;54;234;195mmemory:  0.18GiB(0.22%)  [34mtps: 391  [36mtflops: 0.06  [35mmfu: 0.01%[39m
[titan] 2026-09-23 08:19:04,784 - torchtitan.observability.metrics - INFO - [31mstep: 28  [32mloss:  2.94378  [38;2;180;60;0mgrad_norm:  0.9942  [38;2;54;234;195mmemory:  0.14GiB(0.17%)  [34mtps: 391  [36mtflops: 0.06  [35mmfu: 0.01%[39m
[titan] 2026-09-23 08:19:04,784 - torchtitan.observability.metrics - INFO - [31mstep: 28  [32mloss: -1.00000  [38;2;180;60;0mgrad_norm:  0.9942  [38;2;54;234;195mmemory:  0.20GiB(0.25%)  [34mtps: 391  [36mtflops: 0.06  [35mmfu: 0.01%[39m
[titan] 2026-09-23 08:19:04,784 - torchtitan.observability.metrics - INFO - [31mstep: 28  [32mloss: -1.00000  [38;2;180;60;0mgrad_norm:  0.9942  [38;2;54;234;195mmemory:  0.18GiB(0.22%)  [34mtps: 391  [36mtflops: 0.06  [35mmfu: 0.01%[39m
[titan] 2026-09-23 08:19:04,786 - torchtitan.observability.metrics - INFO - [31mstep: 28  [32mloss: -1.00000  [38;2;180;60;0mgrad_norm:  0.9942  [38;2;54;234;195mmemory:  0.18GiB(0.22%)  [34mtps: 391  [36mtflops: 0.06  [35mmfu: 0.01%[39m
[titan] 2026-09-23 08:19:05,438 - torchtitan.observability.metrics - INFO - [31mstep: 29  [32mloss:  2.62845  [38;2;180;60;0mgrad_norm:  0.9200  [38;2;54;234;195mmemory:  0.14GiB(0.17%)  [34mtps: 391  [36mtflops: 0.06  [35mmfu: 0.01%[39m
[titan] 2026-09-23 08:19:05,438 - torchtitan.observability.metrics - INFO - [31mstep: 29  [32mloss: -1.00000  [38;2;180;60;0mgrad_norm:  0.9200  [38;2;54;234;195mmemory:  0.20GiB(0.25%)  [34mtps: 391  [36mtflops: 0.06  [35mmfu: 0.01%[39m
[titan] 2026-09-23 08:19:05,438 - torchtitan.observability.metrics - INFO - [31mstep: 29  [32mloss: -1.00000  [38;2;180;60;0mgrad_norm:  0.9200  [38;2;54;234;195mmemory:  0.18GiB(0.22%)  [34mtps: 391  [36mtflops: 0.06  [35mmfu: 0.01%[39m
[titan] 2026-09-23 08:19:05,440 - torchtitan.observability.metrics - INFO - [31mstep: 29  [32mloss: -1.00000  [38;2;180;60;0mgrad_norm:  0.9200  [38;2;54;234;195mmemory:  0.18GiB(0.22%)  [34mtps: 391  [36mtflops: 0.06  [35mmfu: 0.01%[39m
[titan] 2026-09-23 08:19:06,096 - torchtitan.observability.metrics - INFO - [31mstep: 30  [32mloss:  2.95042  [38;2;180;60;0mgrad_norm:  0.9241  [38;2;54;234;195mmemory:  0.14GiB(0.17%)  [34mtps: 390  [36mtflops: 0.06  [35mmfu: 0.01%[39m
[titan] 2026-09-23 08:19:06,096 - torchtitan.observability.metrics - INFO - [31mstep: 30  [32mloss: -1.00000  [38;2;180;60;0mgrad_norm:  0.9241  [38;2;54;234;195mmemory:  0.20GiB(0.25%)  [34mtps: 389  [36mtflops: 0.06  [35mmfu: 0.01%[39m
[titan] 2026-09-23 08:19:06,096 - torchtitan.observability.metrics - INFO - [31mstep: 30  [32mloss: -1.00000  [38;2;180;60;0mgrad_norm:  0.9241  [38;2;54;234;195mmemory:  0.18GiB(0.22%)  [34mtps: 390  [36mtflops: 0.06  [35mmfu: 0.01%[39m
[titan] 2026-09-23 08:19:06,098 - torchtitan.observability.metrics - INFO - [31mstep: 30  [32mloss: -1.00000  [38;2;180;60;0mgrad_norm:  0.9241  [38;2;54;234;195mmemory:  0.18GiB(0.22%)  [34mtps: 390  [36mtflops: 0.06  [35mmfu: 0.01%[39m
[titan] 2026-09-23 08:19:06,749 - torchtitan.observability.metrics - INFO - [31mstep: 31  [32mloss:  2.75069  [38;2;180;60;0mgrad_norm:  0.9263  [38;2;54;234;195mmemory:  0.14GiB(0.17%)  [34mtps: 392  [36mtflops: 0.06  [35mmfu: 0.01%[39m
[titan] 2026-09-23 08:19:06,749 - torchtitan.observability.metrics - INFO - [31mstep: 31  [32mloss: -1.00000  [38;2;180;60;0mgrad_norm:  0.9263  [38;2;54;234;195mmemory:  0.20GiB(0.25%)  [34mtps: 392  [36mtflops: 0.06  [35mmfu: 0.01%[39m
[titan] 2026-09-23 08:19:06,749 - torchtitan.observability.metrics - INFO - [31mstep: 31  [32mloss: -1.00000  [38;2;180;60;0mgrad_norm:  0.9263  [38;2;54;234;195mmemory:  0.18GiB(0.22%)  [34mtps: 392  [36mtflops: 0.06  [35mmfu: 0.01%[39m
[titan] 2026-09-23 08:19:06,751 - torchtitan.observability.metrics - INFO - [31mstep: 31  [32mloss: -1.00000  [38;2;180;60;0mgrad_norm:  0.9263  [38;2;54;234;195mmemory:  0.18GiB(0.22%)  [34mtps: 392  [36mtflops: 0.06  [35mmfu: 0.01%[39m
[titan] 2026-09-23 08:19:07,404 - torchtitan.observability.metrics - INFO - [31mstep: 32  [32mloss:  2.77950  [38;2;180;60;0mgrad_norm:  0.7850  [38;2;54;234;195mmemory:  0.14GiB(0.17%)  [34mtps: 391  [36mtflops: 0.06  [35mmfu: 0.01%[39m
[titan] 2026-09-23 08:19:07,404 - torchtitan.observability.metrics - INFO - [31mstep: 32  [32mloss: -1.00000  [38;2;180;60;0mgrad_norm:  0.7850  [38;2;54;234;195mmemory:  0.20GiB(0.25%)  [34mtps: 391  [36mtflops: 0.06  [35mmfu: 0.01%[39m
[titan] 2026-09-23 08:19:07,404 - torchtitan.observability.metrics - INFO - [31mstep: 32  [32mloss: -1.00000  [38;2;180;60;0mgrad_norm:  0.7850  [38;2;54;234;195mmemory:  0.18GiB(0.22%)  [34mtps: 391  [36mtflops: 0.06  [35mmfu: 0.01%[39m
[titan] 2026-09-23 08:19:07,406 - torchtitan.observability.metrics - INFO - [31mstep: 32  [32mloss: -1.00000  [38;2;180;60;0mgrad_norm:  0.7850  [38;2;54;234;195mmemory:  0.18GiB(0.22%)  [34mtps: 391  [36mtflops: 0.06  [35mmfu: 0.01%[39m
[titan] 2026-09-23 08:19:08,057 - torchtitan.observability.metrics - INFO - [31mstep: 33  [32mloss:  2.54875  [38;2;180;60;0mgrad_norm:  0.8331  [38;2;54;234;195mmemory:  0.14GiB(0.17%)  [34mtps: 392  [36mtflops: 0.06  [35mmfu: 0.01%[39m
[titan] 2026-09-23 08:19:08,057 - torchtitan.observability.metrics - INFO - [31mstep: 33  [32mloss: -1.00000  [38;2;180;60;0mgrad_norm:  0.8331  [38;2;54;234;195mmemory:  0.20GiB(0.25%)  [34mtps: 392  [36mtflops: 0.06  [35mmfu: 0.01%[39m
[titan] 2026-09-23 08:19:08,057 - torchtitan.observability.metrics - INFO - [31mstep: 33  [32mloss: -1.00000  [38;2;180;60;0mgrad_norm:  0.8331  [38;2;54;234;195mmemory:  0.18GiB(0.22%)  [34mtps: 392  [36mtflops: 0.06  [35mmfu: 0.01%[39m
[titan] 2026-09-23 08:19:08,059 - torchtitan.observability.metrics - INFO - [31mstep: 33  [32mloss: -1.00000  [38;2;180;60;0mgrad_norm:  0.8331  [38;2;54;234;195mmemory:  0.18GiB(0.22%)  [34mtps: 392  [36mtflops: 0.06  [35mmfu: 0.01%[39m
[titan] 2026-09-23 08:19:08,707 - torchtitan.observability.metrics - INFO - [31mstep: 34  [32mloss:  2.54364  [38;2;180;60;0mgrad_norm:  0.9167  [38;2;54;234;195mmemory:  0.14GiB(0.17%)  [34mtps: 394  [36mtflops: 0.06  [35mmfu: 0.01%[39m
[titan] 2026-09-23 08:19:08,707 - torchtitan.observability.metrics - INFO - [31mstep: 34  [32mloss: -1.00000  [38;2;180;60;0mgrad_norm:  0.9167  [38;2;54;234;195mmemory:  0.20GiB(0.25%)  [34mtps: 394  [36mtflops: 0.06  [35mmfu: 0.01%[39m
[titan] 2026-09-23 08:19:08,707 - torchtitan.observability.metrics - INFO - [31mstep: 34  [32mloss: -1.00000  [38;2;180;60;0mgrad_norm:  0.9167  [38;2;54;234;195mmemory:  0.18GiB(0.22%)  [34mtps: 394  [36mtflops: 0.06  [35mmfu: 0.01%[39m
[titan] 2026-09-23 08:19:08,709 - torchtitan.observability.metrics - INFO - [31mstep: 34  [32mloss: -1.00000  [38;2;180;60;0mgrad_norm:  0.9167  [38;2;54;234;195mmemory:  0.18GiB(0.22%)  [34mtps: 394  [36mtflops: 0.06  [35mmfu: 0.01%[39m
[titan] 2026-09-23 08:19:09,363 - torchtitan.observability.metrics - INFO - [31mstep: 35  [32mloss:  2.70993  [38;2;180;60;0mgrad_norm:  0.8902  [38;2;54;234;195mmemory:  0.14GiB(0.17%)  [34mtps: 390  [36mtflops: 0.06  [35mmfu: 0.01%[39m
[titan] 2026-09-23 08:19:09,363 - torchtitan.observability.metrics - INFO - [31mstep: 35  [32mloss: -1.00000  [38;2;180;60;0mgrad_norm:  0.8902  [38;2;54;234;195mmemory:  0.20GiB(0.25%)  [34mtps: 390  [36mtflops: 0.06  [35mmfu: 0.01%[39m
[titan] 2026-09-23 08:19:09,363 - torchtitan.observability.metrics - INFO - [31mstep: 35  [32mloss: -1.00000  [38;2;180;60;0mgrad_norm:  0.8902  [38;2;54;234;195mmemory:  0.18GiB(0.22%)  [34mtps: 390  [36mtflops: 0.06  [35mmfu: 0.01%[39m
[titan] 2026-09-23 08:19:09,365 - torchtitan.observability.metrics - INFO - [31mstep: 35  [32mloss: -1.00000  [38;2;180;60;0mgrad_norm:  0.8902  [38;2;54;234;195mmemory:  0.18GiB(0.22%)  [34mtps: 390  [36mtflops: 0.06  [35mmfu: 0.01%[39m
[titan] 2026-09-23 08:19:10,019 - torchtitan.observability.metrics - INFO - [31mstep: 36  [32mloss:  2.53924  [38;2;180;60;0mgrad_norm:  0.8017  [38;2;54;234;195mmemory:  0.14GiB(0.17%)  [34mtps: 390  [36mtflops: 0.06  [35mmfu: 0.01%[39m
[titan] 2026-09-23 08:19:10,019 - torchtitan.observability.metrics - INFO - [31mstep: 36  [32mloss: -1.00000  [38;2;180;60;0mgrad_norm:  0.8017  [38;2;54;234;195mmemory:  0.20GiB(0.25%)  [34mtps: 390  [36mtflops: 0.06  [35mmfu: 0.01%[39m
[titan] 2026-09-23 08:19:10,019 - torchtitan.observability.metrics - INFO - [31mstep: 36  [32mloss: -1.00000  [38;2;180;60;0mgrad_norm:  0.8017  [38;2;54;234;195mmemory:  0.18GiB(0.22%)  [34mtps: 390  [36mtflops: 0.06  [35mmfu: 0.01%[39m
[titan] 2026-09-23 08:19:10,021 - torchtitan.observability.metrics - INFO - [31mstep: 36  [32mloss: -1.00000  [38;2;180;60;0mgrad_norm:  0.8017  [38;2;54;234;195mmemory:  0.18GiB(0.22%)  [34mtps: 390  [36mtflops: 0.06  [35mmfu: 0.01%[39m
[titan] 2026-09-23 08:19:10,683 - torchtitan.observability.metrics - INFO - [31mstep: 37  [32mloss:  3.01221  [38;2;180;60;0mgrad_norm:  1.2085  [38;2;54;234;195mmemory:  0.14GiB(0.17%)  [34mtps: 386  [36mtflops: 0.06  [35mmfu: 0.01%[39m
[titan] 2026-09-23 08:19:10,683 - torchtitan.observability.metrics - INFO - [31mstep: 37  [32mloss: -1.00000  [38;2;180;60;0mgrad_norm:  1.2085  [38;2;54;234;195mmemory:  0.18GiB(0.22%)  [34mtps: 386  [36mtflops: 0.06  [35mmfu: 0.01%[39m
[titan] 2026-09-23 08:19:10,683 - torchtitan.observability.metrics - INFO - [31mstep: 37  [32mloss: -1.00000  [38;2;180;60;0mgrad_norm:  1.2085  [38;2;54;234;195mmemory:  0.20GiB(0.25%)  [34mtps: 386  [36mtflops: 0.06  [35mmfu: 0.01%[39m
[titan] 2026-09-23 08:19:10,685 - torchtitan.observability.metrics - INFO - [31mstep: 37  [32mloss: -1.00000  [38;2;180;60;0mgrad_norm:  1.2085  [38;2;54;234;195mmemory:  0.18GiB(0.22%)  [34mtps: 386  [36mtflops: 0.06  [35mmfu: 0.01%[39m
[titan] 2026-09-23 08:19:11,338 - torchtitan.observability.metrics - INFO - [31mstep: 38  [32mloss:  2.67903  [38;2;180;60;0mgrad_norm:  1.1528  [38;2;54;234;195mmemory:  0.14GiB(0.17%)  [34mtps: 390  [36mtflops: 0.06  [35mmfu: 0.01%[39m
[titan] 2026-09-23 08:19:11,339 - torchtitan.observability.metrics - INFO - [31mstep: 38  [32mloss: -1.00000  [38;2;180;60;0mgrad_norm:  1.1528  [38;2;54;234;195mmemory:  0.20GiB(0.25%)  [34mtps: 391  [36mtflops: 0.06  [35mmfu: 0.01%[39m
[titan] 2026-09-23 08:19:11,339 - torchtitan.observability.metrics - INFO - [31mstep: 38  [32mloss: -1.00000  [38;2;180;60;0mgrad_norm:  1.1528  [38;2;54;234;195mmemory:  0.18GiB(0.22%)  [34mtps: 390  [36mtflops: 0.06  [35mmfu: 0.01%[39m
[titan] 2026-09-23 08:19:11,341 - torchtitan.observability.metrics - INFO - [31mstep: 38  [32mloss: -1.00000  [38;2;180;60;0mgrad_norm:  1.1528  [38;2;54;234;195mmemory:  0.18GiB(0.22%)  [34mtps: 390  [36mtflops: 0.06  [35mmfu: 0.01%[39m
[titan] 2026-09-23 08:19:11,992 - torchtitan.observability.metrics - INFO - [31mstep: 39  [32mloss:  2.79110  [38;2;180;60;0mgrad_norm:  0.9006  [38;2;54;234;195mmemory:  0.14GiB(0.17%)  [34mtps: 392  [36mtflops: 0.06  [35mmfu: 0.01%[39m
[titan] 2026-09-23 08:19:11,992 - torchtitan.observability.metrics - INFO - [31mstep: 39  [32mloss: -1.00000  [38;2;180;60;0mgrad_norm:  0.9006  [38;2;54;234;195mmemory:  0.20GiB(0.25%)  [34mtps: 392  [36mtflops: 0.06  [35mmfu: 0.01%[39m
[titan] 2026-09-23 08:19:11,992 - torchtitan.observability.metrics - INFO - [31mstep: 39  [32mloss: -1.00000  [38;2;180;60;0mgrad_norm:  0.9006  [38;2;54;234;195mmemory:  0.18GiB(0.22%)  [34mtps: 392  [36mtflops: 0.06  [35mmfu: 0.01%[39m
[titan] 2026-09-23 08:19:11,994 - torchtitan.observability.metrics - INFO - [31mstep: 39  [32mloss: -1.00000  [38;2;180;60;0mgrad_norm:  0.9006  [38;2;54;234;195mmemory:  0.18GiB(0.22%)  [34mtps: 392  [36mtflops: 0.06  [35mmfu: 0.01%[39m
[titan] 2026-09-23 08:19:12,646 - torchtitan.observability.metrics - INFO - [31mstep: 40  [32mloss:  2.65585  [38;2;180;60;0mgrad_norm:  0.9346  [38;2;54;234;195mmemory:  0.14GiB(0.17%)  [34mtps: 392  [36mtflops: 0.06  [35mmfu: 0.01%[39m
[titan] 2026-09-23 08:19:12,646 - torchtitan.observability.metrics - INFO - [31mstep: 40  [32mloss: -1.00000  [38;2;180;60;0mgrad_norm:  0.9346  [38;2;54;234;195mmemory:  0.18GiB(0.22%)  [34mtps: 392  [36mtflops: 0.06  [35mmfu: 0.01%[39m
[titan] 2026-09-23 08:19:12,646 - torchtitan.observability.metrics - INFO - [31mstep: 40  [32mloss: -1.00000  [38;2;180;60;0mgrad_norm:  0.9346  [38;2;54;234;195mmemory:  0.20GiB(0.25%)  [34mtps: 392  [36mtflops: 0.06  [35mmfu: 0.01%[39m
[titan] 2026-09-23 08:19:12,648 - torchtitan.observability.metrics - INFO - [31mstep: 40  [32mloss: -1.00000  [38;2;180;60;0mgrad_norm:  0.9346  [38;2;54;234;195mmemory:  0.18GiB(0.22%)  [34mtps: 391  [36mtflops: 0.06  [35mmfu: 0.01%[39m
[titan] 2026-09-23 08:19:13,298 - torchtitan.observability.metrics - INFO - [31mstep: 41  [32mloss:  2.58793  [38;2;180;60;0mgrad_norm:  0.6730  [38;2;54;234;195mmemory:  0.14GiB(0.17%)  [34mtps: 393  [36mtflops: 0.06  [35mmfu: 0.01%[39m
[titan] 2026-09-23 08:19:13,298 - torchtitan.observability.metrics - INFO - [31mstep: 41  [32mloss: -1.00000  [38;2;180;60;0mgrad_norm:  0.6730  [38;2;54;234;195mmemory:  0.20GiB(0.25%)  [34mtps: 393  [36mtflops: 0.06  [35mmfu: 0.01%[39m
[titan] 2026-09-23 08:19:13,298 - torchtitan.observability.metrics - INFO - [31mstep: 41  [32mloss: -1.00000  [38;2;180;60;0mgrad_norm:  0.6730  [38;2;54;234;195mmemory:  0.18GiB(0.22%)  [34mtps: 393  [36mtflops: 0.06  [35mmfu: 0.01%[39m
[titan] 2026-09-23 08:19:13,300 - torchtitan.observability.metrics - INFO - [31mstep: 41  [32mloss: -1.00000  [38;2;180;60;0mgrad_norm:  0.6730  [38;2;54;234;195mmemory:  0.18GiB(0.22%)  [34mtps: 393  [36mtflops: 0.06  [35mmfu: 0.01%[39m
[titan] 2026-09-23 08:19:13,952 - torchtitan.observability.metrics - INFO - [31mstep: 42  [32mloss:  2.53782  [38;2;180;60;0mgrad_norm:  0.8137  [38;2;54;234;195mmemory:  0.14GiB(0.17%)  [34mtps: 391  [36mtflops: 0.06  [35mmfu: 0.01%[39m
[titan] 2026-09-23 08:19:13,952 - torchtitan.observability.metrics - INFO - [31mstep: 42  [32mloss: -1.00000  [38;2;180;60;0mgrad_norm:  0.8137  [38;2;54;234;195mmemory:  0.20GiB(0.25%)  [34mtps: 391  [36mtflops: 0.06  [35mmfu: 0.01%[39m
[titan] 2026-09-23 08:19:13,952 - torchtitan.observability.metrics - INFO - [31mstep: 42  [32mloss: -1.00000  [38;2;180;60;0mgrad_norm:  0.8137  [38;2;54;234;195mmemory:  0.18GiB(0.22%)  [34mtps: 391  [36mtflops: 0.06  [35mmfu: 0.01%[39m
[titan] 2026-09-23 08:19:13,954 - torchtitan.observability.metrics - INFO - [31mstep: 42  [32mloss: -1.00000  [38;2;180;60;0mgrad_norm:  0.8137  [38;2;54;234;195mmemory:  0.18GiB(0.22%)  [34mtps: 392  [36mtflops: 0.06  [35mmfu: 0.01%[39m
[titan] 2026-09-23 08:19:14,604 - torchtitan.observability.metrics - INFO - [31mstep: 43  [32mloss:  2.71425  [38;2;180;60;0mgrad_norm:  0.8214  [38;2;54;234;195mmemory:  0.14GiB(0.17%)  [34mtps: 393  [36mtflops: 0.06  [35mmfu: 0.01%[39m
[titan] 2026-09-23 08:19:14,605 - torchtitan.observability.metrics - INFO - [31mstep: 43  [32mloss: -1.00000  [38;2;180;60;0mgrad_norm:  0.8214  [38;2;54;234;195mmemory:  0.20GiB(0.25%)  [34mtps: 393  [36mtflops: 0.06  [35mmfu: 0.01%[39m
[titan] 2026-09-23 08:19:14,605 - torchtitan.observability.metrics - INFO - [31mstep: 43  [32mloss: -1.00000  [38;2;180;60;0mgrad_norm:  0.8214  [38;2;54;234;195mmemory:  0.18GiB(0.22%)  [34mtps: 393  [36mtflops: 0.06  [35mmfu: 0.01%[39m
[titan] 2026-09-23 08:19:14,607 - torchtitan.observability.metrics - INFO - [31mstep: 43  [32mloss: -1.00000  [38;2;180;60;0mgrad_norm:  0.8214  [38;2;54;234;195mmemory:  0.18GiB(0.22%)  [34mtps: 392  [36mtflops: 0.06  [35mmfu: 0.01%[39m
[titan] 2026-09-23 08:19:15,263 - torchtitan.observability.metrics - INFO - [31mstep: 44  [32mloss:  2.47265  [38;2;180;60;0mgrad_norm:  0.8802  [38;2;54;234;195mmemory:  0.14GiB(0.17%)  [34mtps: 389  [36mtflops: 0.06  [35mmfu: 0.01%[39m
[titan] 2026-09-23 08:19:15,263 - torchtitan.observability.metrics - INFO - [31mstep: 44  [32mloss: -1.00000  [38;2;180;60;0mgrad_norm:  0.8802  [38;2;54;234;195mmemory:  0.20GiB(0.25%)  [34mtps: 389  [36mtflops: 0.06  [35mmfu: 0.01%[39m
[titan] 2026-09-23 08:19:15,263 - torchtitan.observability.metrics - INFO - [31mstep: 44  [32mloss: -1.00000  [38;2;180;60;0mgrad_norm:  0.8802  [38;2;54;234;195mmemory:  0.18GiB(0.22%)  [34mtps: 389  [36mtflops: 0.06  [35mmfu: 0.01%[39m
[titan] 2026-09-23 08:19:15,265 - torchtitan.observability.metrics - INFO - [31mstep: 44  [32mloss: -1.00000  [38;2;180;60;0mgrad_norm:  0.8802  [38;2;54;234;195mmemory:  0.18GiB(0.22%)  [34mtps: 389  [36mtflops: 0.06  [35mmfu: 0.01%[39m
[titan] 2026-09-23 08:19:15,922 - torchtitan.observability.metrics - INFO - [31mstep: 45  [32mloss:  2.65754  [38;2;180;60;0mgrad_norm:  0.8622  [38;2;54;234;195mmemory:  0.14GiB(0.17%)  [34mtps: 389  [36mtflops: 0.06  [35mmfu: 0.01%[39m
[titan] 2026-09-23 08:19:15,922 - torchtitan.observability.metrics - INFO - [31mstep: 45  [32mloss: -1.00000  [38;2;180;60;0mgrad_norm:  0.8622  [38;2;54;234;195mmemory:  0.20GiB(0.25%)  [34mtps: 389  [36mtflops: 0.06  [35mmfu: 0.01%[39m
[titan] 2026-09-23 08:19:15,922 - torchtitan.observability.metrics - INFO - [31mstep: 45  [32mloss: -1.00000  [38;2;180;60;0mgrad_norm:  0.8622  [38;2;54;234;195mmemory:  0.18GiB(0.22%)  [34mtps: 389  [36mtflops: 0.06  [35mmfu: 0.01%[39m
[titan] 2026-09-23 08:19:15,924 - torchtitan.observability.metrics - INFO - [31mstep: 45  [32mloss: -1.00000  [38;2;180;60;0mgrad_norm:  0.8622  [38;2;54;234;195mmemory:  0.18GiB(0.22%)  [34mtps: 389  [36mtflops: 0.06  [35mmfu: 0.01%[39m
[titan] 2026-09-23 08:19:16,575 - torchtitan.observability.metrics - INFO - [31mstep: 46  [32mloss:  2.60350  [38;2;180;60;0mgrad_norm:  0.8660  [38;2;54;234;195mmemory:  0.14GiB(0.17%)  [34mtps: 392  [36mtflops: 0.06  [35mmfu: 0.01%[39m
[titan] 2026-09-23 08:19:16,575 - torchtitan.observability.metrics - INFO - [31mstep: 46  [32mloss: -1.00000  [38;2;180;60;0mgrad_norm:  0.8660  [38;2;54;234;195mmemory:  0.20GiB(0.25%)  [34mtps: 392  [36mtflops: 0.06  [35mmfu: 0.01%[39m
[titan] 2026-09-23 08:19:16,575 - torchtitan.observability.metrics - INFO - [31mstep: 46  [32mloss: -1.00000  [38;2;180;60;0mgrad_norm:  0.8660  [38;2;54;234;195mmemory:  0.18GiB(0.22%)  [34mtps: 392  [36mtflops: 0.06  [35mmfu: 0.01%[39m
[titan] 2026-09-23 08:19:16,577 - torchtitan.observability.metrics - INFO - [31mstep: 46  [32mloss: -1.00000  [38;2;180;60;0mgrad_norm:  0.8660  [38;2;54;234;195mmemory:  0.18GiB(0.22%)  [34mtps: 392  [36mtflops: 0.06  [35mmfu: 0.01%[39m
[titan] 2026-09-23 08:19:17,227 - torchtitan.observability.metrics - INFO - [31mstep: 47  [32mloss:  2.68754  [38;2;180;60;0mgrad_norm:  0.7342  [38;2;54;234;195mmemory:  0.14GiB(0.17%)  [34mtps: 393  [36mtflops: 0.06  [35mmfu: 0.01%[39m
[titan] 2026-09-23 08:19:17,227 - torchtitan.observability.metrics - INFO - [31mstep: 47  [32mloss: -1.00000  [38;2;180;60;0mgrad_norm:  0.7342  [38;2;54;234;195mmemory:  0.18GiB(0.22%)  [34mtps: 393  [36mtflops: 0.06  [35mmfu: 0.01%[39m
[titan] 2026-09-23 08:19:17,227 - torchtitan.observability.metrics - INFO - [31mstep: 47  [32mloss: -1.00000  [38;2;180;60;0mgrad_norm:  0.7342  [38;2;54;234;195mmemory:  0.20GiB(0.25%)  [34mtps: 393  [36mtflops: 0.06  [35mmfu: 0.01%[39m
[titan] 2026-09-23 08:19:17,229 - torchtitan.observability.metrics - INFO - [31mstep: 47  [32mloss: -1.00000  [38;2;180;60;0mgrad_norm:  0.7342  [38;2;54;234;195mmemory:  0.18GiB(0.22%)  [34mtps: 393  [36mtflops: 0.06  [35mmfu: 0.01%[39m
[titan] 2026-09-23 08:19:17,881 - torchtitan.observability.metrics - INFO - [31mstep: 48  [32mloss:  2.74635  [38;2;180;60;0mgrad_norm:  0.8635  [38;2;54;234;195mmemory:  0.14GiB(0.17%)  [34mtps: 392  [36mtflops: 0.06  [35mmfu: 0.01%[39m
[titan] 2026-09-23 08:19:17,881 - torchtitan.observability.metrics - INFO - [31mstep: 48  [32mloss: -1.00000  [38;2;180;60;0mgrad_norm:  0.8635  [38;2;54;234;195mmemory:  0.20GiB(0.25%)  [34mtps: 392  [36mtflops: 0.06  [35mmfu: 0.01%[39m
[titan] 2026-09-23 08:19:17,881 - torchtitan.observability.metrics - INFO - [31mstep: 48  [32mloss: -1.00000  [38;2;180;60;0mgrad_norm:  0.8635  [38;2;54;234;195mmemory:  0.18GiB(0.22%)  [34mtps: 392  [36mtflops: 0.06  [35mmfu: 0.01%[39m
[titan] 2026-09-23 08:19:17,883 - torchtitan.observability.metrics - INFO - [31mstep: 48  [32mloss: -1.00000  [38;2;180;60;0mgrad_norm:  0.8635  [38;2;54;234;195mmemory:  0.18GiB(0.22%)  [34mtps: 391  [36mtflops: 0.06  [35mmfu: 0.01%[39m
[titan] 2026-09-23 08:19:18,539 - torchtitan.observability.metrics - INFO - [31mstep: 49  [32mloss:  2.66085  [38;2;180;60;0mgrad_norm:  0.9135  [38;2;54;234;195mmemory:  0.14GiB(0.17%)  [34mtps: 389  [36mtflops: 0.06  [35mmfu: 0.01%[39m
[titan] 2026-09-23 08:19:18,539 - torchtitan.observability.metrics - INFO - [31mstep: 49  [32mloss: -1.00000  [38;2;180;60;0mgrad_norm:  0.9135  [38;2;54;234;195mmemory:  0.20GiB(0.25%)  [34mtps: 389  [36mtflops: 0.06  [35mmfu: 0.01%[39m
[titan] 2026-09-23 08:19:18,539 - torchtitan.observability.metrics - INFO - [31mstep: 49  [32mloss: -1.00000  [38;2;180;60;0mgrad_norm:  0.9135  [38;2;54;234;195mmemory:  0.18GiB(0.22%)  [34mtps: 389  [36mtflops: 0.06  [35mmfu: 0.01%[39m
[titan] 2026-09-23 08:19:18,541 - torchtitan.observability.metrics - INFO - [31mstep: 49  [32mloss: -1.00000  [38;2;180;60;0mgrad_norm:  0.9135  [38;2;54;234;195mmemory:  0.18GiB(0.22%)  [34mtps: 389  [36mtflops: 0.06  [35mmfu: 0.01%[39m
[titan] 2026-09-23 08:19:18,604 - torchtitan.tools.utils - INFO - [GC] Performing periodic GC collection took 0.06 seconds
[titan] 2026-09-23 08:19:18,607 - torchtitan.tools.utils - INFO - [GC] Performing periodic GC collection took 0.06 seconds
[titan] 2026-09-23 08:19:18,632 - torchtitan.tools.utils - INFO - [GC] Performing periodic GC collection took 0.09 seconds
[titan] 2026-09-23 08:19:18,642 - torchtitan.tools.utils - INFO - [GC] Performing periodic GC collection took 0.10 seconds
[titan] 2026-09-23 08:19:19,265 - torchtitan.observability.metrics - INFO - [31mstep: 50  [32mloss:  2.58462  [38;2;180;60;0mgrad_norm:  0.6772  [38;2;54;234;195mmemory:  0.14GiB(0.17%)  [34mtps: 353  [36mtflops: 0.06  [35mmfu: 0.01%[39m
[titan] 2026-09-23 08:19:19,265 - torchtitan.observability.metrics - INFO - [31mstep: 50  [32mloss: -1.00000  [38;2;180;60;0mgrad_norm:  0.6772  [38;2;54;234;195mmemory:  0.20GiB(0.25%)  [34mtps: 353  [36mtflops: 0.06  [35mmfu: 0.01%[39m
[titan] 2026-09-23 08:19:19,265 - torchtitan.observability.metrics - INFO - [31mstep: 50  [32mloss: -1.00000  [38;2;180;60;0mgrad_norm:  0.6772  [38;2;54;234;195mmemory:  0.18GiB(0.22%)  [34mtps: 353  [36mtflops: 0.06  [35mmfu: 0.01%[39m
[titan] 2026-09-23 08:19:19,267 - torchtitan.observability.metrics - INFO - [31mstep: 50  [32mloss: -1.00000  [38;2;180;60;0mgrad_norm:  0.6772  [38;2;54;234;195mmemory:  0.18GiB(0.22%)  [34mtps: 353  [36mtflops: 0.06  [35mmfu: 0.01%[39m
[titan] 2026-09-23 08:19:19,923 - torchtitan.observability.metrics - INFO - [31mstep: 51  [32mloss:  2.68339  [38;2;180;60;0mgrad_norm:  0.9655  [38;2;54;234;195mmemory:  0.14GiB(0.17%)  [34mtps: 389  [36mtflops: 0.06  [35mmfu: 0.01%[39m
[titan] 2026-09-23 08:19:19,923 - torchtitan.observability.metrics - INFO - [31mstep: 51  [32mloss: -1.00000  [38;2;180;60;0mgrad_norm:  0.9655  [38;2;54;234;195mmemory:  0.20GiB(0.25%)  [34mtps: 389  [36mtflops: 0.06  [35mmfu: 0.01%[39m
[titan] 2026-09-23 08:19:19,923 - torchtitan.observability.metrics - INFO - [31mstep: 51  [32mloss: -1.00000  [38;2;180;60;0mgrad_norm:  0.9655  [38;2;54;234;195mmemory:  0.18GiB(0.22%)  [34mtps: 389  [36mtflops: 0.06  [35mmfu: 0.01%[39m
[titan] 2026-09-23 08:19:19,925 - torchtitan.observability.metrics - INFO - [31mstep: 51  [32mloss: -1.00000  [38;2;180;60;0mgrad_norm:  0.9655  [38;2;54;234;195mmemory:  0.18GiB(0.22%)  [34mtps: 389  [36mtflops: 0.06  [35mmfu: 0.01%[39m
[titan] 2026-09-23 08:19:20,580 - torchtitan.observability.metrics - INFO - [31mstep: 52  [32mloss:  2.51948  [38;2;180;60;0mgrad_norm:  0.8401  [38;2;54;234;195mmemory:  0.14GiB(0.17%)  [34mtps: 390  [36mtflops: 0.06  [35mmfu: 0.01%[39m
[titan] 2026-09-23 08:19:20,580 - torchtitan.observability.metrics - INFO - [31mstep: 52  [32mloss: -1.00000  [38;2;180;60;0mgrad_norm:  0.8401  [38;2;54;234;195mmemory:  0.20GiB(0.25%)  [34mtps: 390  [36mtflops: 0.06  [35mmfu: 0.01%[39m
[titan] 2026-09-23 08:19:20,580 - torchtitan.observability.metrics - INFO - [31mstep: 52  [32mloss: -1.00000  [38;2;180;60;0mgrad_norm:  0.8401  [38;2;54;234;195mmemory:  0.18GiB(0.22%)  [34mtps: 390  [36mtflops: 0.06  [35mmfu: 0.01%[39m
[titan] 2026-09-23 08:19:20,582 - torchtitan.observability.metrics - INFO - [31mstep: 52  [32mloss: -1.00000  [38;2;180;60;0mgrad_norm:  0.8401  [38;2;54;234;195mmemory:  0.18GiB(0.22%)  [34mtps: 390  [36mtflops: 0.06  [35mmfu: 0.01%[39m
[titan] 2026-09-23 08:19:21,241 - torchtitan.observability.metrics - INFO - [31mstep: 53  [32mloss:  2.78384  [38;2;180;60;0mgrad_norm:  0.7522  [38;2;54;234;195mmemory:  0.14GiB(0.17%)  [34mtps: 387  [36mtflops: 0.06  [35mmfu: 0.01%[39m
[titan] 2026-09-23 08:19:21,241 - torchtitan.observability.metrics - INFO - [31mstep: 53  [32mloss: -1.00000  [38;2;180;60;0mgrad_norm:  0.7522  [38;2;54;234;195mmemory:  0.18GiB(0.22%)  [34mtps: 387  [36mtflops: 0.06  [35mmfu: 0.01%[39m
[titan] 2026-09-23 08:19:21,241 - torchtitan.observability.metrics - INFO - [31mstep: 53  [32mloss: -1.00000  [38;2;180;60;0mgrad_norm:  0.7522  [38;2;54;234;195mmemory:  0.20GiB(0.25%)  [34mtps: 387  [36mtflops: 0.06  [35mmfu: 0.01%[39m
[titan] 2026-09-23 08:19:21,243 - torchtitan.observability.metrics - INFO - [31mstep: 53  [32mloss: -1.00000  [38;2;180;60;0mgrad_norm:  0.7522  [38;2;54;234;195mmemory:  0.18GiB(0.22%)  [34mtps: 387  [36mtflops: 0.06  [35mmfu: 0.01%[39m
[titan] 2026-09-23 08:19:21,903 - torchtitan.observability.metrics - INFO - [31mstep: 54  [32mloss:  3.06157  [38;2;180;60;0mgrad_norm:  0.8096  [38;2;54;234;195mmemory:  0.14GiB(0.17%)  [34mtps: 387  [36mtflops: 0.06  [35mmfu: 0.01%[39m
[titan] 2026-09-23 08:19:21,903 - torchtitan.observability.metrics - INFO - [31mstep: 54  [32mloss: -1.00000  [38;2;180;60;0mgrad_norm:  0.8096  [38;2;54;234;195mmemory:  0.20GiB(0.25%)  [34mtps: 387  [36mtflops: 0.06  [35mmfu: 0.01%[39m
[titan] 2026-09-23 08:19:21,903 - torchtitan.observability.metrics - INFO - [31mstep: 54  [32mloss: -1.00000  [38;2;180;60;0mgrad_norm:  0.8096  [38;2;54;234;195mmemory:  0.18GiB(0.22%)  [34mtps: 387  [36mtflops: 0.06  [35mmfu: 0.01%[39m
[titan] 2026-09-23 08:19:21,905 - torchtitan.observability.metrics - INFO - [31mstep: 54  [32mloss: -1.00000  [38;2;180;60;0mgrad_norm:  0.8096  [38;2;54;234;195mmemory:  0.18GiB(0.22%)  [34mtps: 387  [36mtflops: 0.06  [35mmfu: 0.01%[39m
[titan] 2026-09-23 08:19:22,561 - torchtitan.observability.metrics - INFO - [31mstep: 55  [32mloss:  2.95072  [38;2;180;60;0mgrad_norm:  1.0137  [38;2;54;234;195mmemory:  0.14GiB(0.17%)  [34mtps: 389  [36mtflops: 0.06  [35mmfu: 0.01%[39m
[titan] 2026-09-23 08:19:22,561 - torchtitan.observability.metrics - INFO - [31mstep: 55  [32mloss: -1.00000  [38;2;180;60;0mgrad_norm:  1.0137  [38;2;54;234;195mmemory:  0.20GiB(0.25%)  [34mtps: 389  [36mtflops: 0.06  [35mmfu: 0.01%[39m
[titan] 2026-09-23 08:19:22,561 - torchtitan.observability.metrics - INFO - [31mstep: 55  [32mloss: -1.00000  [38;2;180;60;0mgrad_norm:  1.0137  [38;2;54;234;195mmemory:  0.18GiB(0.22%)  [34mtps: 389  [36mtflops: 0.06  [35mmfu: 0.01%[39m
[titan] 2026-09-23 08:19:22,563 - torchtitan.observability.metrics - INFO - [31mstep: 55  [32mloss: -1.00000  [38;2;180;60;0mgrad_norm:  1.0137  [38;2;54;234;195mmemory:  0.18GiB(0.22%)  [34mtps: 389  [36mtflops: 0.06  [35mmfu: 0.01%[39m
[titan] 2026-09-23 08:19:23,216 - torchtitan.observability.metrics - INFO - [31mstep: 56  [32mloss:  2.55068  [38;2;180;60;0mgrad_norm:  0.8364  [38;2;54;234;195mmemory:  0.14GiB(0.17%)  [34mtps: 391  [36mtflops: 0.06  [35mmfu: 0.01%[39m
[titan] 2026-09-23 08:19:23,216 - torchtitan.observability.metrics - INFO - [31mstep: 56  [32mloss: -1.00000  [38;2;180;60;0mgrad_norm:  0.8364  [38;2;54;234;195mmemory:  0.18GiB(0.22%)  [34mtps: 391  [36mtflops: 0.06  [35mmfu: 0.01%[39m
[titan] 2026-09-23 08:19:23,216 - torchtitan.observability.metrics - INFO - [31mstep: 56  [32mloss: -1.00000  [38;2;180;60;0mgrad_norm:  0.8364  [38;2;54;234;195mmemory:  0.20GiB(0.25%)  [34mtps: 391  [36mtflops: 0.06  [35mmfu: 0.01%[39m
[titan] 2026-09-23 08:19:23,218 - torchtitan.observability.metrics - INFO - [31mstep: 56  [32mloss: -1.00000  [38;2;180;60;0mgrad_norm:  0.8364  [38;2;54;234;195mmemory:  0.18GiB(0.22%)  [34mtps: 391  [36mtflops: 0.06  [35mmfu: 0.01%[39m
[titan] 2026-09-23 08:19:23,877 - torchtitan.observability.metrics - INFO - [31mstep: 57  [32mloss:  2.52150  [38;2;180;60;0mgrad_norm:  0.8396  [38;2;54;234;195mmemory:  0.14GiB(0.17%)  [34mtps: 387  [36mtflops: 0.06  [35mmfu: 0.01%[39m
[titan] 2026-09-23 08:19:23,877 - torchtitan.observability.metrics - INFO - [31mstep: 57  [32mloss: -1.00000  [38;2;180;60;0mgrad_norm:  0.8396  [38;2;54;234;195mmemory:  0.20GiB(0.25%)  [34mtps: 387  [36mtflops: 0.06  [35mmfu: 0.01%[39m
[titan] 2026-09-23 08:19:23,877 - torchtitan.observability.metrics - INFO - [31mstep: 57  [32mloss: -1.00000  [38;2;180;60;0mgrad_norm:  0.8396  [38;2;54;234;195mmemory:  0.18GiB(0.22%)  [34mtps: 387  [36mtflops: 0.06  [35mmfu: 0.01%[39m
[titan] 2026-09-23 08:19:23,879 - torchtitan.observability.metrics - INFO - [31mstep: 57  [32mloss: -1.00000  [38;2;180;60;0mgrad_norm:  0.8396  [38;2;54;234;195mmemory:  0.18GiB(0.22%)  [34mtps: 387  [36mtflops: 0.06  [35mmfu: 0.01%[39m
[titan] 2026-09-23 08:19:24,534 - torchtitan.observability.metrics - INFO - [31mstep: 58  [32mloss:  2.62163  [38;2;180;60;0mgrad_norm:  0.8975  [38;2;54;234;195mmemory:  0.14GiB(0.17%)  [34mtps: 390  [36mtflops: 0.06  [35mmfu: 0.01%[39m
[titan] 2026-09-23 08:19:24,534 - torchtitan.observability.metrics - INFO - [31mstep: 58  [32mloss: -1.00000  [38;2;180;60;0mgrad_norm:  0.8975  [38;2;54;234;195mmemory:  0.20GiB(0.25%)  [34mtps: 390  [36mtflops: 0.06  [35mmfu: 0.01%[39m
[titan] 2026-09-23 08:19:24,534 - torchtitan.observability.metrics - INFO - [31mstep: 58  [32mloss: -1.00000  [38;2;180;60;0mgrad_norm:  0.8975  [38;2;54;234;195mmemory:  0.18GiB(0.22%)  [34mtps: 390  [36mtflops: 0.06  [35mmfu: 0.01%[39m
[titan] 2026-09-23 08:19:24,536 - torchtitan.observability.metrics - INFO - [31mstep: 58  [32mloss: -1.00000  [38;2;180;60;0mgrad_norm:  0.8975  [38;2;54;234;195mmemory:  0.18GiB(0.22%)  [34mtps: 390  [36mtflops: 0.06  [35mmfu: 0.01%[39m
[titan] 2026-09-23 08:19:25,195 - torchtitan.observability.metrics - INFO - [31mstep: 59  [32mloss:  2.65249  [38;2;180;60;0mgrad_norm:  0.7898  [38;2;54;234;195mmemory:  0.14GiB(0.17%)  [34mtps: 387  [36mtflops: 0.06  [35mmfu: 0.01%[39m
[titan] 2026-09-23 08:19:25,195 - torchtitan.observability.metrics - INFO - [31mstep: 59  [32mloss: -1.00000  [38;2;180;60;0mgrad_norm:  0.7898  [38;2;54;234;195mmemory:  0.18GiB(0.22%)  [34mtps: 387  [36mtflops: 0.06  [35mmfu: 0.01%[39m
[titan] 2026-09-23 08:19:25,195 - torchtitan.observability.metrics - INFO - [31mstep: 59  [32mloss: -1.00000  [38;2;180;60;0mgrad_norm:  0.7898  [38;2;54;234;195mmemory:  0.20GiB(0.25%)  [34mtps: 387  [36mtflops: 0.06  [35mmfu: 0.01%[39m
[titan] 2026-09-23 08:19:25,197 - torchtitan.observability.metrics - INFO - [31mstep: 59  [32mloss: -1.00000  [38;2;180;60;0mgrad_norm:  0.7898  [38;2;54;234;195mmemory:  0.18GiB(0.22%)  [34mtps: 387  [36mtflops: 0.06  [35mmfu: 0.01%[39m
[titan] 2026-09-23 08:19:25,855 - torchtitan.observability.metrics - INFO - [31mstep: 60  [32mloss:  2.57231  [38;2;180;60;0mgrad_norm:  0.7588  [38;2;54;234;195mmemory:  0.14GiB(0.17%)  [34mtps: 388  [36mtflops: 0.06  [35mmfu: 0.01%[39m
[titan] 2026-09-23 08:19:25,855 - torchtitan.observability.metrics - INFO - [31mstep: 60  [32mloss: -1.00000  [38;2;180;60;0mgrad_norm:  0.7588  [38;2;54;234;195mmemory:  0.20GiB(0.25%)  [34mtps: 388  [36mtflops: 0.06  [35mmfu: 0.01%[39m
[titan] 2026-09-23 08:19:25,855 - torchtitan.observability.metrics - INFO - [31mstep: 60  [32mloss: -1.00000  [38;2;180;60;0mgrad_norm:  0.7588  [38;2;54;234;195mmemory:  0.18GiB(0.22%)  [34mtps: 388  [36mtflops: 0.06  [35mmfu: 0.01%[39m
[titan] 2026-09-23 08:19:25,857 - torchtitan.observability.metrics - INFO - [31mstep: 60  [32mloss: -1.00000  [38;2;180;60;0mgrad_norm:  0.7588  [38;2;54;234;195mmemory:  0.18GiB(0.22%)  [34mtps: 388  [36mtflops: 0.06  [35mmfu: 0.01%[39m
[titan] 2026-09-23 08:19:26,513 - torchtitan.observability.metrics - INFO - [31mstep: 61  [32mloss:  2.62470  [38;2;180;60;0mgrad_norm:  0.9028  [38;2;54;234;195mmemory:  0.14GiB(0.17%)  [34mtps: 389  [36mtflops: 0.06  [35mmfu: 0.01%[39m
[titan] 2026-09-23 08:19:26,513 - torchtitan.observability.metrics - INFO - [31mstep: 61  [32mloss: -1.00000  [38;2;180;60;0mgrad_norm:  0.9028  [38;2;54;234;195mmemory:  0.20GiB(0.25%)  [34mtps: 389  [36mtflops: 0.06  [35mmfu: 0.01%[39m
[titan] 2026-09-23 08:19:26,513 - torchtitan.observability.metrics - INFO - [31mstep: 61  [32mloss: -1.00000  [38;2;180;60;0mgrad_norm:  0.9028  [38;2;54;234;195mmemory:  0.18GiB(0.22%)  [34mtps: 389  [36mtflops: 0.06  [35mmfu: 0.01%[39m
[titan] 2026-09-23 08:19:26,515 - torchtitan.observability.metrics - INFO - [31mstep: 61  [32mloss: -1.00000  [38;2;180;60;0mgrad_norm:  0.9028  [38;2;54;234;195mmemory:  0.18GiB(0.22%)  [34mtps: 389  [36mtflops: 0.06  [35mmfu: 0.01%[39m
[titan] 2026-09-23 08:19:27,174 - torchtitan.observability.metrics - INFO - [31mstep: 62  [32mloss:  2.70034  [38;2;180;60;0mgrad_norm:  0.9075  [38;2;54;234;195mmemory:  0.14GiB(0.17%)  [34mtps: 387  [36mtflops: 0.06  [35mmfu: 0.01%[39m
[titan] 2026-09-23 08:19:27,174 - torchtitan.observability.metrics - INFO - [31mstep: 62  [32mloss: -1.00000  [38;2;180;60;0mgrad_norm:  0.9075  [38;2;54;234;195mmemory:  0.18GiB(0.22%)  [34mtps: 387  [36mtflops: 0.06  [35mmfu: 0.01%[39m
[titan] 2026-09-23 08:19:27,174 - torchtitan.observability.metrics - INFO - [31mstep: 62  [32mloss: -1.00000  [38;2;180;60;0mgrad_norm:  0.9075  [38;2;54;234;195mmemory:  0.20GiB(0.25%)  [34mtps: 387  [36mtflops: 0.06  [35mmfu: 0.01%[39m
[titan] 2026-09-23 08:19:27,176 - torchtitan.observability.metrics - INFO - [31mstep: 62  [32mloss: -1.00000  [38;2;180;60;0mgrad_norm:  0.9075  [38;2;54;234;195mmemory:  0.18GiB(0.22%)  [34mtps: 387  [36mtflops: 0.06  [35mmfu: 0.01%[39m
[titan] 2026-09-23 08:19:27,833 - torchtitan.observability.metrics - INFO - [31mstep: 63  [32mloss:  2.63101  [38;2;180;60;0mgrad_norm:  0.8840  [38;2;54;234;195mmemory:  0.14GiB(0.17%)  [34mtps: 389  [36mtflops: 0.06  [35mmfu: 0.01%[39m
[titan] 2026-09-23 08:19:27,833 - torchtitan.observability.metrics - INFO - [31mstep: 63  [32mloss: -1.00000  [38;2;180;60;0mgrad_norm:  0.8840  [38;2;54;234;195mmemory:  0.20GiB(0.25%)  [34mtps: 389  [36mtflops: 0.06  [35mmfu: 0.01%[39m
[titan] 2026-09-23 08:19:27,833 - torchtitan.observability.metrics - INFO - [31mstep: 63  [32mloss: -1.00000  [38;2;180;60;0mgrad_norm:  0.8840  [38;2;54;234;195mmemory:  0.18GiB(0.22%)  [34mtps: 389  [36mtflops: 0.06  [35mmfu: 0.01%[39m
[titan] 2026-09-23 08:19:27,835 - torchtitan.observability.metrics - INFO - [31mstep: 63  [32mloss: -1.00000  [38;2;180;60;0mgrad_norm:  0.8840  [38;2;54;234;195mmemory:  0.18GiB(0.22%)  [34mtps: 389  [36mtflops: 0.06  [35mmfu: 0.01%[39m
[titan] 2026-09-23 08:19:28,493 - torchtitan.observability.metrics - INFO - [31mstep: 64  [32mloss:  2.62825  [38;2;180;60;0mgrad_norm:  0.6316  [38;2;54;234;195mmemory:  0.14GiB(0.17%)  [34mtps: 388  [36mtflops: 0.06  [35mmfu: 0.01%[39m
[titan] 2026-09-23 08:19:28,493 - torchtitan.observability.metrics - INFO - [31mstep: 64  [32mloss: -1.00000  [38;2;180;60;0mgrad_norm:  0.6316  [38;2;54;234;195mmemory:  0.20GiB(0.25%)  [34mtps: 388  [36mtflops: 0.06  [35mmfu: 0.01%[39m
[titan] 2026-09-23 08:19:28,493 - torchtitan.observability.metrics - INFO - [31mstep: 64  [32mloss: -1.00000  [38;2;180;60;0mgrad_norm:  0.6316  [38;2;54;234;195mmemory:  0.18GiB(0.22%)  [34mtps: 388  [36mtflops: 0.06  [35mmfu: 0.01%[39m
[titan] 2026-09-23 08:19:28,495 - torchtitan.observability.metrics - INFO - [31mstep: 64  [32mloss: -1.00000  [38;2;180;60;0mgrad_norm:  0.6316  [38;2;54;234;195mmemory:  0.18GiB(0.22%)  [34mtps: 388  [36mtflops: 0.06  [35mmfu: 0.01%[39m
[titan] 2026-09-23 08:19:29,151 - torchtitan.observability.metrics - INFO - [31mstep: 65  [32mloss:  2.71571  [38;2;180;60;0mgrad_norm:  0.8216  [38;2;54;234;195mmemory:  0.14GiB(0.17%)  [34mtps: 390  [36mtflops: 0.06  [35mmfu: 0.01%[39m
[titan] 2026-09-23 08:19:29,151 - torchtitan.observability.metrics - INFO - [31mstep: 65  [32mloss: -1.00000  [38;2;180;60;0mgrad_norm:  0.8216  [38;2;54;234;195mmemory:  0.18GiB(0.22%)  [34mtps: 390  [36mtflops: 0.06  [35mmfu: 0.01%[39m
[titan] 2026-09-23 08:19:29,151 - torchtitan.observability.metrics - INFO - [31mstep: 65  [32mloss: -1.00000  [38;2;180;60;0mgrad_norm:  0.8216  [38;2;54;234;195mmemory:  0.20GiB(0.25%)  [34mtps: 390  [36mtflops: 0.06  [35mmfu: 0.01%[39m
[titan] 2026-09-23 08:19:29,153 - torchtitan.observability.metrics - INFO - [31mstep: 65  [32mloss: -1.00000  [38;2;180;60;0mgrad_norm:  0.8216  [38;2;54;234;195mmemory:  0.18GiB(0.22%)  [34mtps: 389  [36mtflops: 0.06  [35mmfu: 0.01%[39m
[titan] 2026-09-23 08:19:29,814 - torchtitan.observability.metrics - INFO - [31mstep: 66  [32mloss:  2.57320  [38;2;180;60;0mgrad_norm:  0.7519  [38;2;54;234;195mmemory:  0.14GiB(0.17%)  [34mtps: 386  [36mtflops: 0.06  [35mmfu: 0.01%[39m
[titan] 2026-09-23 08:19:29,814 - torchtitan.observability.metrics - INFO - [31mstep: 66  [32mloss: -1.00000  [38;2;180;60;0mgrad_norm:  0.7519  [38;2;54;234;195mmemory:  0.20GiB(0.25%)  [34mtps: 386  [36mtflops: 0.06  [35mmfu: 0.01%[39m
[titan] 2026-09-23 08:19:29,814 - torchtitan.observability.metrics - INFO - [31mstep: 66  [32mloss: -1.00000  [38;2;180;60;0mgrad_norm:  0.7519  [38;2;54;234;195mmemory:  0.18GiB(0.22%)  [34mtps: 386  [36mtflops: 0.06  [35mmfu: 0.01%[39m
[titan] 2026-09-23 08:19:29,816 - torchtitan.observability.metrics - INFO - [31mstep: 66  [32mloss: -1.00000  [38;2;180;60;0mgrad_norm:  0.7519  [38;2;54;234;195mmemory:  0.18GiB(0.22%)  [34mtps: 386  [36mtflops: 0.06  [35mmfu: 0.01%[39m
[titan] 2026-09-23 08:19:30,472 - torchtitan.observability.metrics - INFO - [31mstep: 67  [32mloss:  2.58492  [38;2;180;60;0mgrad_norm:  0.8517  [38;2;54;234;195mmemory:  0.14GiB(0.17%)  [34mtps: 389  [36mtflops: 0.06  [35mmfu: 0.01%[39m
[titan] 2026-09-23 08:19:30,472 - torchtitan.observability.metrics - INFO - [31mstep: 67  [32mloss: -1.00000  [38;2;180;60;0mgrad_norm:  0.8517  [38;2;54;234;195mmemory:  0.20GiB(0.25%)  [34mtps: 389  [36mtflops: 0.06  [35mmfu: 0.01%[39m
[titan] 2026-09-23 08:19:30,472 - torchtitan.observability.metrics - INFO - [31mstep: 67  [32mloss: -1.00000  [38;2;180;60;0mgrad_norm:  0.8517  [38;2;54;234;195mmemory:  0.18GiB(0.22%)  [34mtps: 389  [36mtflops: 0.06  [35mmfu: 0.01%[39m
[titan] 2026-09-23 08:19:30,474 - torchtitan.observability.metrics - INFO - [31mstep: 67  [32mloss: -1.00000  [38;2;180;60;0mgrad_norm:  0.8517  [38;2;54;234;195mmemory:  0.18GiB(0.22%)  [34mtps: 389  [36mtflops: 0.06  [35mmfu: 0.01%[39m
[titan] 2026-09-23 08:19:31,131 - torchtitan.observability.metrics - INFO - [31mstep: 68  [32mloss:  2.61618  [38;2;180;60;0mgrad_norm:  0.8805  [38;2;54;234;195mmemory:  0.14GiB(0.17%)  [34mtps: 388  [36mtflops: 0.06  [35mmfu: 0.01%[39m
[titan] 2026-09-23 08:19:31,132 - torchtitan.observability.metrics - INFO - [31mstep: 68  [32mloss: -1.00000  [38;2;180;60;0mgrad_norm:  0.8805  [38;2;54;234;195mmemory:  0.18GiB(0.22%)  [34mtps: 388  [36mtflops: 0.06  [35mmfu: 0.01%[39m
[titan] 2026-09-23 08:19:31,132 - torchtitan.observability.metrics - INFO - [31mstep: 68  [32mloss: -1.00000  [38;2;180;60;0mgrad_norm:  0.8805  [38;2;54;234;195mmemory:  0.20GiB(0.25%)  [34mtps: 388  [36mtflops: 0.06  [35mmfu: 0.01%[39m
[titan] 2026-09-23 08:19:31,134 - torchtitan.observability.metrics - INFO - [31mstep: 68  [32mloss: -1.00000  [38;2;180;60;0mgrad_norm:  0.8805  [38;2;54;234;195mmemory:  0.18GiB(0.22%)  [34mtps: 388  [36mtflops: 0.06  [35mmfu: 0.01%[39m
[titan] 2026-09-23 08:19:31,787 - torchtitan.observability.metrics - INFO - [31mstep: 69  [32mloss:  2.83767  [38;2;180;60;0mgrad_norm:  0.8796  [38;2;54;234;195mmemory:  0.14GiB(0.17%)  [34mtps: 391  [36mtflops: 0.06  [35mmfu: 0.01%[39m
[titan] 2026-09-23 08:19:31,787 - torchtitan.observability.metrics - INFO - [31mstep: 69  [32mloss: -1.00000  [38;2;180;60;0mgrad_norm:  0.8796  [38;2;54;234;195mmemory:  0.20GiB(0.25%)  [34mtps: 391  [36mtflops: 0.06  [35mmfu: 0.01%[39m
[titan] 2026-09-23 08:19:31,787 - torchtitan.observability.metrics - INFO - [31mstep: 69  [32mloss: -1.00000  [38;2;180;60;0mgrad_norm:  0.8796  [38;2;54;234;195mmemory:  0.18GiB(0.22%)  [34mtps: 391  [36mtflops: 0.06  [35mmfu: 0.01%[39m
[titan] 2026-09-23 08:19:31,789 - torchtitan.observability.metrics - INFO - [31mstep: 69  [32mloss: -1.00000  [38;2;180;60;0mgrad_norm:  0.8796  [38;2;54;234;195mmemory:  0.18GiB(0.22%)  [34mtps: 391  [36mtflops: 0.06  [35mmfu: 0.01%[39m
[titan] 2026-09-23 08:19:32,443 - torchtitan.observability.metrics - INFO - [31mstep: 70  [32mloss:  2.70879  [38;2;180;60;0mgrad_norm:  0.6156  [38;2;54;234;195mmemory:  0.14GiB(0.17%)  [34mtps: 390  [36mtflops: 0.06  [35mmfu: 0.01%[39m
[titan] 2026-09-23 08:19:32,443 - torchtitan.observability.metrics - INFO - [31mstep: 70  [32mloss: -1.00000  [38;2;180;60;0mgrad_norm:  0.6156  [38;2;54;234;195mmemory:  0.18GiB(0.22%)  [34mtps: 390  [36mtflops: 0.06  [35mmfu: 0.01%[39m
[titan] 2026-09-23 08:19:32,443 - torchtitan.observability.metrics - INFO - [31mstep: 70  [32mloss: -1.00000  [38;2;180;60;0mgrad_norm:  0.6156  [38;2;54;234;195mmemory:  0.20GiB(0.25%)  [34mtps: 390  [36mtflops: 0.06  [35mmfu: 0.01%[39m
[titan] 2026-09-23 08:19:32,445 - torchtitan.observability.metrics - INFO - [31mstep: 70  [32mloss: -1.00000  [38;2;180;60;0mgrad_norm:  0.6156  [38;2;54;234;195mmemory:  0.18GiB(0.22%)  [34mtps: 390  [36mtflops: 0.06  [35mmfu: 0.01%[39m
[titan] 2026-09-23 08:19:33,102 - torchtitan.observability.metrics - INFO - [31mstep: 71  [32mloss:  2.54912  [38;2;180;60;0mgrad_norm:  0.5704  [38;2;54;234;195mmemory:  0.14GiB(0.17%)  [34mtps: 388  [36mtflops: 0.06  [35mmfu: 0.01%[39m
[titan] 2026-09-23 08:19:33,102 - torchtitan.observability.metrics - INFO - [31mstep: 71  [32mloss: -1.00000  [38;2;180;60;0mgrad_norm:  0.5704  [38;2;54;234;195mmemory:  0.20GiB(0.25%)  [34mtps: 388  [36mtflops: 0.06  [35mmfu: 0.01%[39m
[titan] 2026-09-23 08:19:33,102 - torchtitan.observability.metrics - INFO - [31mstep: 71  [32mloss: -1.00000  [38;2;180;60;0mgrad_norm:  0.5704  [38;2;54;234;195mmemory:  0.18GiB(0.22%)  [34mtps: 388  [36mtflops: 0.06  [35mmfu: 0.01%[39m
[titan] 2026-09-23 08:19:33,104 - torchtitan.observability.metrics - INFO - [31mstep: 71  [32mloss: -1.00000  [38;2;180;60;0mgrad_norm:  0.5704  [38;2;54;234;195mmemory:  0.18GiB(0.22%)  [34mtps: 388  [36mtflops: 0.06  [35mmfu: 0.01%[39m
[titan] 2026-09-23 08:19:33,762 - torchtitan.observability.metrics - INFO - [31mstep: 72  [32mloss:  2.58094  [38;2;180;60;0mgrad_norm:  0.7586  [38;2;54;234;195mmemory:  0.14GiB(0.17%)  [34mtps: 388  [36mtflops: 0.06  [35mmfu: 0.01%[39m
[titan] 2026-09-23 08:19:33,762 - torchtitan.observability.metrics - INFO - [31mstep: 72  [32mloss: -1.00000  [38;2;180;60;0mgrad_norm:  0.7586  [38;2;54;234;195mmemory:  0.20GiB(0.25%)  [34mtps: 388  [36mtflops: 0.06  [35mmfu: 0.01%[39m
[titan] 2026-09-23 08:19:33,762 - torchtitan.observability.metrics - INFO - [31mstep: 72  [32mloss: -1.00000  [38;2;180;60;0mgrad_norm:  0.7586  [38;2;54;234;195mmemory:  0.18GiB(0.22%)  [34mtps: 388  [36mtflops: 0.06  [35mmfu: 0.01%[39m
[titan] 2026-09-23 08:19:33,764 - torchtitan.observability.metrics - INFO - [31mstep: 72  [32mloss: -1.00000  [38;2;180;60;0mgrad_norm:  0.7586  [38;2;54;234;195mmemory:  0.18GiB(0.22%)  [34mtps: 388  [36mtflops: 0.06  [35mmfu: 0.01%[39m
[titan] 2026-09-23 08:19:34,422 - torchtitan.observability.metrics - INFO - [31mstep: 73  [32mloss:  2.59075  [38;2;180;60;0mgrad_norm:  0.9925  [38;2;54;234;195mmemory:  0.14GiB(0.17%)  [34mtps: 388  [36mtflops: 0.06  [35mmfu: 0.01%[39m
[titan] 2026-09-23 08:19:34,422 - torchtitan.observability.metrics - INFO - [31mstep: 73  [32mloss: -1.00000  [38;2;180;60;0mgrad_norm:  0.9925  [38;2;54;234;195mmemory:  0.20GiB(0.25%)  [34mtps: 388  [36mtflops: 0.06  [35mmfu: 0.01%[39m
[titan] 2026-09-23 08:19:34,422 - torchtitan.observability.metrics - INFO - [31mstep: 73  [32mloss: -1.00000  [38;2;180;60;0mgrad_norm:  0.9925  [38;2;54;234;195mmemory:  0.18GiB(0.22%)  [34mtps: 388  [36mtflops: 0.06  [35mmfu: 0.01%[39m
[titan] 2026-09-23 08:19:34,424 - torchtitan.observability.metrics - INFO - [31mstep: 73  [32mloss: -1.00000  [38;2;180;60;0mgrad_norm:  0.9925  [38;2;54;234;195mmemory:  0.18GiB(0.22%)  [34mtps: 388  [36mtflops: 0.06  [35mmfu: 0.01%[39m
[titan] 2026-09-23 08:19:35,081 - torchtitan.observability.metrics - INFO - [31mstep: 74  [32mloss:  2.42764  [38;2;180;60;0mgrad_norm:  0.7009  [38;2;54;234;195mmemory:  0.14GiB(0.17%)  [34mtps: 389  [36mtflops: 0.06  [35mmfu: 0.01%[39m
[titan] 2026-09-23 08:19:35,081 - torchtitan.observability.metrics - INFO - [31mstep: 74  [32mloss: -1.00000  [38;2;180;60;0mgrad_norm:  0.7009  [38;2;54;234;195mmemory:  0.18GiB(0.22%)  [34mtps: 389  [36mtflops: 0.06  [35mmfu: 0.01%[39m
[titan] 2026-09-23 08:19:35,081 - torchtitan.observability.metrics - INFO - [31mstep: 74  [32mloss: -1.00000  [38;2;180;60;0mgrad_norm:  0.7009  [38;2;54;234;195mmemory:  0.20GiB(0.25%)  [34mtps: 389  [36mtflops: 0.06  [35mmfu: 0.01%[39m
[titan] 2026-09-23 08:19:35,083 - torchtitan.observability.metrics - INFO - [31mstep: 74  [32mloss: -1.00000  [38;2;180;60;0mgrad_norm:  0.7009  [38;2;54;234;195mmemory:  0.18GiB(0.22%)  [34mtps: 389  [36mtflops: 0.06  [35mmfu: 0.01%[39m
[titan] 2026-09-23 08:19:35,738 - torchtitan.observability.metrics - INFO - [31mstep: 75  [32mloss:  2.66314  [38;2;180;60;0mgrad_norm:  0.6222  [38;2;54;234;195mmemory:  0.14GiB(0.17%)  [34mtps: 390  [36mtflops: 0.06  [35mmfu: 0.01%[39m
[titan] 2026-09-23 08:19:35,738 - torchtitan.observability.metrics - INFO - [31mstep: 75  [32mloss: -1.00000  [38;2;180;60;0mgrad_norm:  0.6222  [38;2;54;234;195mmemory:  0.18GiB(0.22%)  [34mtps: 390  [36mtflops: 0.06  [35mmfu: 0.01%[39m
[titan] 2026-09-23 08:19:35,738 - torchtitan.observability.metrics - INFO - [31mstep: 75  [32mloss: -1.00000  [38;2;180;60;0mgrad_norm:  0.6222  [38;2;54;234;195mmemory:  0.20GiB(0.25%)  [34mtps: 390  [36mtflops: 0.06  [35mmfu: 0.01%[39m
[titan] 2026-09-23 08:19:35,740 - torchtitan.observability.metrics - INFO - [31mstep: 75  [32mloss: -1.00000  [38;2;180;60;0mgrad_norm:  0.6222  [38;2;54;234;195mmemory:  0.18GiB(0.22%)  [34mtps: 390  [36mtflops: 0.06  [35mmfu: 0.01%[39m
[titan] 2026-09-23 08:19:36,403 - torchtitan.observability.metrics - INFO - [31mstep: 76  [32mloss:  2.43608  [38;2;180;60;0mgrad_norm:  0.6775  [38;2;54;234;195mmemory:  0.14GiB(0.17%)  [34mtps: 385  [36mtflops: 0.06  [35mmfu: 0.01%[39m
[titan] 2026-09-23 08:19:36,403 - torchtitan.observability.metrics - INFO - [31mstep: 76  [32mloss: -1.00000  [38;2;180;60;0mgrad_norm:  0.6775  [38;2;54;234;195mmemory:  0.20GiB(0.25%)  [34mtps: 385  [36mtflops: 0.06  [35mmfu: 0.01%[39m
[titan] 2026-09-23 08:19:36,403 - torchtitan.observability.metrics - INFO - [31mstep: 76  [32mloss: -1.00000  [38;2;180;60;0mgrad_norm:  0.6775  [38;2;54;234;195mmemory:  0.18GiB(0.22%)  [34mtps: 385  [36mtflops: 0.06  [35mmfu: 0.01%[39m
[titan] 2026-09-23 08:19:36,405 - torchtitan.observability.metrics - INFO - [31mstep: 76  [32mloss: -1.00000  [38;2;180;60;0mgrad_norm:  0.6775  [38;2;54;234;195mmemory:  0.18GiB(0.22%)  [34mtps: 385  [36mtflops: 0.06  [35mmfu: 0.01%[39m
[titan] 2026-09-23 08:19:37,064 - torchtitan.observability.metrics - INFO - [31mstep: 77  [32mloss:  2.55929  [38;2;180;60;0mgrad_norm:  0.7151  [38;2;54;234;195mmemory:  0.14GiB(0.17%)  [34mtps: 388  [36mtflops: 0.06  [35mmfu: 0.01%[39m
[titan] 2026-09-23 08:19:37,064 - torchtitan.observability.metrics - INFO - [31mstep: 77  [32mloss: -1.00000  [38;2;180;60;0mgrad_norm:  0.7151  [38;2;54;234;195mmemory:  0.20GiB(0.25%)  [34mtps: 388  [36mtflops: 0.06  [35mmfu: 0.01%[39m
[titan] 2026-09-23 08:19:37,064 - torchtitan.observability.metrics - INFO - [31mstep: 77  [32mloss: -1.00000  [38;2;180;60;0mgrad_norm:  0.7151  [38;2;54;234;195mmemory:  0.18GiB(0.22%)  [34mtps: 388  [36mtflops: 0.06  [35mmfu: 0.01%[39m
[titan] 2026-09-23 08:19:37,066 - torchtitan.observability.metrics - INFO - [31mstep: 77  [32mloss: -1.00000  [38;2;180;60;0mgrad_norm:  0.7151  [38;2;54;234;195mmemory:  0.18GiB(0.22%)  [34mtps: 388  [36mtflops: 0.06  [35mmfu: 0.01%[39m
[titan] 2026-09-23 08:19:37,720 - torchtitan.observability.metrics - INFO - [31mstep: 78  [32mloss:  2.45217  [38;2;180;60;0mgrad_norm:  0.7471  [38;2;54;234;195mmemory:  0.14GiB(0.17%)  [34mtps: 390  [36mtflops: 0.06  [35mmfu: 0.01%[39m
[titan] 2026-09-23 08:19:37,720 - torchtitan.observability.metrics - INFO - [31mstep: 78  [32mloss: -1.00000  [38;2;180;60;0mgrad_norm:  0.7471  [38;2;54;234;195mmemory:  0.18GiB(0.22%)  [34mtps: 390  [36mtflops: 0.06  [35mmfu: 0.01%[39m
[titan] 2026-09-23 08:19:37,720 - torchtitan.observability.metrics - INFO - [31mstep: 78  [32mloss: -1.00000  [38;2;180;60;0mgrad_norm:  0.7471  [38;2;54;234;195mmemory:  0.20GiB(0.25%)  [34mtps: 390  [36mtflops: 0.06  [35mmfu: 0.01%[39m
[titan] 2026-09-23 08:19:37,722 - torchtitan.observability.metrics - INFO - [31mstep: 78  [32mloss: -1.00000  [38;2;180;60;0mgrad_norm:  0.7471  [38;2;54;234;195mmemory:  0.18GiB(0.22%)  [34mtps: 390  [36mtflops: 0.06  [35mmfu: 0.01%[39m
[titan] 2026-09-23 08:19:38,381 - torchtitan.observability.metrics - INFO - [31mstep: 79  [32mloss:  2.58137  [38;2;180;60;0mgrad_norm:  0.7351  [38;2;54;234;195mmemory:  0.14GiB(0.17%)  [34mtps: 387  [36mtflops: 0.06  [35mmfu: 0.01%[39m
[titan] 2026-09-23 08:19:38,381 - torchtitan.observability.metrics - INFO - [31mstep: 79  [32mloss: -1.00000  [38;2;180;60;0mgrad_norm:  0.7351  [38;2;54;234;195mmemory:  0.20GiB(0.25%)  [34mtps: 387  [36mtflops: 0.06  [35mmfu: 0.01%[39m
[titan] 2026-09-23 08:19:38,381 - torchtitan.observability.metrics - INFO - [31mstep: 79  [32mloss: -1.00000  [38;2;180;60;0mgrad_norm:  0.7351  [38;2;54;234;195mmemory:  0.18GiB(0.22%)  [34mtps: 387  [36mtflops: 0.06  [35mmfu: 0.01%[39m
[titan] 2026-09-23 08:19:38,383 - torchtitan.observability.metrics - INFO - [31mstep: 79  [32mloss: -1.00000  [38;2;180;60;0mgrad_norm:  0.7351  [38;2;54;234;195mmemory:  0.18GiB(0.22%)  [34mtps: 387  [36mtflops: 0.06  [35mmfu: 0.01%[39m
[titan] 2026-09-23 08:19:39,040 - torchtitan.observability.metrics - INFO - [31mstep: 80  [32mloss:  2.61179  [38;2;180;60;0mgrad_norm:  0.8646  [38;2;54;234;195mmemory:  0.14GiB(0.17%)  [34mtps: 389  [36mtflops: 0.06  [35mmfu: 0.01%[39m
[titan] 2026-09-23 08:19:39,040 - torchtitan.observability.metrics - INFO - [31mstep: 80  [32mloss: -1.00000  [38;2;180;60;0mgrad_norm:  0.8646  [38;2;54;234;195mmemory:  0.20GiB(0.25%)  [34mtps: 389  [36mtflops: 0.06  [35mmfu: 0.01%[39m
[titan] 2026-09-23 08:19:39,040 - torchtitan.observability.metrics - INFO - [31mstep: 80  [32mloss: -1.00000  [38;2;180;60;0mgrad_norm:  0.8646  [38;2;54;234;195mmemory:  0.18GiB(0.22%)  [34mtps: 389  [36mtflops: 0.06  [35mmfu: 0.01%[39m
[titan] 2026-09-23 08:19:39,042 - torchtitan.observability.metrics - INFO - [31mstep: 80  [32mloss: -1.00000  [38;2;180;60;0mgrad_norm:  0.8646  [38;2;54;234;195mmemory:  0.18GiB(0.22%)  [34mtps: 389  [36mtflops: 0.06  [35mmfu: 0.01%[39m
[titan] 2026-09-23 08:19:39,699 - torchtitan.observability.metrics - INFO - [31mstep: 81  [32mloss:  2.53858  [38;2;180;60;0mgrad_norm:  0.7453  [38;2;54;234;195mmemory:  0.14GiB(0.17%)  [34mtps: 388  [36mtflops: 0.06  [35mmfu: 0.01%[39m
[titan] 2026-09-23 08:19:39,699 - torchtitan.observability.metrics - INFO - [31mstep: 81  [32mloss: -1.00000  [38;2;180;60;0mgrad_norm:  0.7453  [38;2;54;234;195mmemory:  0.18GiB(0.22%)  [34mtps: 388  [36mtflops: 0.06  [35mmfu: 0.01%[39m
[titan] 2026-09-23 08:19:39,699 - torchtitan.observability.metrics - INFO - [31mstep: 81  [32mloss: -1.00000  [38;2;180;60;0mgrad_norm:  0.7453  [38;2;54;234;195mmemory:  0.20GiB(0.25%)  [34mtps: 388  [36mtflops: 0.06  [35mmfu: 0.01%[39m
[titan] 2026-09-23 08:19:39,701 - torchtitan.observability.metrics - INFO - [31mstep: 81  [32mloss: -1.00000  [38;2;180;60;0mgrad_norm:  0.7453  [38;2;54;234;195mmemory:  0.18GiB(0.22%)  [34mtps: 388  [36mtflops: 0.06  [35mmfu: 0.01%[39m
[titan] 2026-09-23 08:19:40,362 - torchtitan.observability.metrics - INFO - [31mstep: 82  [32mloss:  2.47089  [38;2;180;60;0mgrad_norm:  0.6663  [38;2;54;234;195mmemory:  0.14GiB(0.17%)  [34mtps: 386  [36mtflops: 0.06  [35mmfu: 0.01%[39m
[titan] 2026-09-23 08:19:40,363 - torchtitan.observability.metrics - INFO - [31mstep: 82  [32mloss: -1.00000  [38;2;180;60;0mgrad_norm:  0.6663  [38;2;54;234;195mmemory:  0.20GiB(0.25%)  [34mtps: 386  [36mtflops: 0.06  [35mmfu: 0.01%[39m
[titan] 2026-09-23 08:19:40,363 - torchtitan.observability.metrics - INFO - [31mstep: 82  [32mloss: -1.00000  [38;2;180;60;0mgrad_norm:  0.6663  [38;2;54;234;195mmemory:  0.18GiB(0.22%)  [34mtps: 386  [36mtflops: 0.06  [35mmfu: 0.01%[39m
[titan] 2026-09-23 08:19:40,364 - torchtitan.observability.metrics - INFO - [31mstep: 82  [32mloss: -1.00000  [38;2;180;60;0mgrad_norm:  0.6663  [38;2;54;234;195mmemory:  0.18GiB(0.22%)  [34mtps: 386  [36mtflops: 0.06  [35mmfu: 0.01%[39m
[titan] 2026-09-23 08:19:41,024 - torchtitan.observability.metrics - INFO - [31mstep: 83  [32mloss:  2.45567  [38;2;180;60;0mgrad_norm:  0.8311  [38;2;54;234;195mmemory:  0.14GiB(0.17%)  [34mtps: 387  [36mtflops: 0.06  [35mmfu: 0.01%[39m
[titan] 2026-09-23 08:19:41,024 - torchtitan.observability.metrics - INFO - [31mstep: 83  [32mloss: -1.00000  [38;2;180;60;0mgrad_norm:  0.8311  [38;2;54;234;195mmemory:  0.20GiB(0.25%)  [34mtps: 387  [36mtflops: 0.06  [35mmfu: 0.01%[39m
[titan] 2026-09-23 08:19:41,024 - torchtitan.observability.metrics - INFO - [31mstep: 83  [32mloss: -1.00000  [38;2;180;60;0mgrad_norm:  0.8311  [38;2;54;234;195mmemory:  0.18GiB(0.22%)  [34mtps: 387  [36mtflops: 0.06  [35mmfu: 0.01%[39m
[titan] 2026-09-23 08:19:41,026 - torchtitan.observability.metrics - INFO - [31mstep: 83  [32mloss: -1.00000  [38;2;180;60;0mgrad_norm:  0.8311  [38;2;54;234;195mmemory:  0.18GiB(0.22%)  [34mtps: 387  [36mtflops: 0.06  [35mmfu: 0.01%[39m
[titan] 2026-09-23 08:19:41,691 - torchtitan.observability.metrics - INFO - [31mstep: 84  [32mloss:  2.62495  [38;2;180;60;0mgrad_norm:  0.7712  [38;2;54;234;195mmemory:  0.14GiB(0.17%)  [34mtps: 384  [36mtflops: 0.06  [35mmfu: 0.01%[39m
[titan] 2026-09-23 08:19:41,691 - torchtitan.observability.metrics - INFO - [31mstep: 84  [32mloss: -1.00000  [38;2;180;60;0mgrad_norm:  0.7712  [38;2;54;234;195mmemory:  0.18GiB(0.22%)  [34mtps: 384  [36mtflops: 0.06  [35mmfu: 0.01%[39m
[titan] 2026-09-23 08:19:41,691 - torchtitan.observability.metrics - INFO - [31mstep: 84  [32mloss: -1.00000  [38;2;180;60;0mgrad_norm:  0.7712  [38;2;54;234;195mmemory:  0.20GiB(0.25%)  [34mtps: 384  [36mtflops: 0.06  [35mmfu: 0.01%[39m
[titan] 2026-09-23 08:19:41,692 - torchtitan.observability.metrics - INFO - [31mstep: 84  [32mloss: -1.00000  [38;2;180;60;0mgrad_norm:  0.7712  [38;2;54;234;195mmemory:  0.18GiB(0.22%)  [34mtps: 384  [36mtflops: 0.06  [35mmfu: 0.01%[39m
[titan] 2026-09-23 08:19:42,353 - torchtitan.observability.metrics - INFO - [31mstep: 85  [32mloss:  2.52760  [38;2;180;60;0mgrad_norm:  1.0648  [38;2;54;234;195mmemory:  0.14GiB(0.17%)  [34mtps: 387  [36mtflops: 0.06  [35mmfu: 0.01%[39m
[titan] 2026-09-23 08:19:42,353 - torchtitan.observability.metrics - INFO - [31mstep: 85  [32mloss: -1.00000  [38;2;180;60;0mgrad_norm:  1.0648  [38;2;54;234;195mmemory:  0.20GiB(0.25%)  [34mtps: 387  [36mtflops: 0.06  [35mmfu: 0.01%[39m
[titan] 2026-09-23 08:19:42,353 - torchtitan.observability.metrics - INFO - [31mstep: 85  [32mloss: -1.00000  [38;2;180;60;0mgrad_norm:  1.0648  [38;2;54;234;195mmemory:  0.18GiB(0.22%)  [34mtps: 387  [36mtflops: 0.06  [35mmfu: 0.01%[39m
[titan] 2026-09-23 08:19:42,355 - torchtitan.observability.metrics - INFO - [31mstep: 85  [32mloss: -1.00000  [38;2;180;60;0mgrad_norm:  1.0648  [38;2;54;234;195mmemory:  0.18GiB(0.22%)  [34mtps: 386  [36mtflops: 0.06  [35mmfu: 0.01%[39m
[titan] 2026-09-23 08:19:43,022 - torchtitan.observability.metrics - INFO - [31mstep: 86  [32mloss:  2.48031  [38;2;180;60;0mgrad_norm:  0.7345  [38;2;54;234;195mmemory:  0.14GiB(0.17%)  [34mtps: 383  [36mtflops: 0.06  [35mmfu: 0.01%[39m
[titan] 2026-09-23 08:19:43,022 - torchtitan.observability.metrics - INFO - [31mstep: 86  [32mloss: -1.00000  [38;2;180;60;0mgrad_norm:  0.7345  [38;2;54;234;195mmemory:  0.20GiB(0.25%)  [34mtps: 383  [36mtflops: 0.06  [35mmfu: 0.01%[39m
[titan] 2026-09-23 08:19:43,022 - torchtitan.observability.metrics - INFO - [31mstep: 86  [32mloss: -1.00000  [38;2;180;60;0mgrad_norm:  0.7345  [38;2;54;234;195mmemory:  0.18GiB(0.22%)  [34mtps: 383  [36mtflops: 0.06  [35mmfu: 0.01%[39m
[titan] 2026-09-23 08:19:43,025 - torchtitan.observability.metrics - INFO - [31mstep: 86  [32mloss: -1.00000  [38;2;180;60;0mgrad_norm:  0.7345  [38;2;54;234;195mmemory:  0.18GiB(0.22%)  [34mtps: 382  [36mtflops: 0.06  [35mmfu: 0.01%[39m
[titan] 2026-09-23 08:19:43,690 - torchtitan.observability.metrics - INFO - [31mstep: 87  [32mloss:  2.54259  [38;2;180;60;0mgrad_norm:  0.8355  [38;2;54;234;195mmemory:  0.14GiB(0.17%)  [34mtps: 384  [36mtflops: 0.06  [35mmfu: 0.01%[39m
[titan] 2026-09-23 08:19:43,690 - torchtitan.observability.metrics - INFO - [31mstep: 87  [32mloss: -1.00000  [38;2;180;60;0mgrad_norm:  0.8355  [38;2;54;234;195mmemory:  0.18GiB(0.22%)  [34mtps: 384  [36mtflops: 0.06  [35mmfu: 0.01%[39m
[titan] 2026-09-23 08:19:43,690 - torchtitan.observability.metrics - INFO - [31mstep: 87  [32mloss: -1.00000  [38;2;180;60;0mgrad_norm:  0.8355  [38;2;54;234;195mmemory:  0.20GiB(0.25%)  [34mtps: 384  [36mtflops: 0.06  [35mmfu: 0.01%[39m
[titan] 2026-09-23 08:19:43,692 - torchtitan.observability.metrics - INFO - [31mstep: 87  [32mloss: -1.00000  [38;2;180;60;0mgrad_norm:  0.8355  [38;2;54;234;195mmemory:  0.18GiB(0.22%)  [34mtps: 384  [36mtflops: 0.06  [35mmfu: 0.01%[39m
[titan] 2026-09-23 08:19:44,351 - torchtitan.observability.metrics - INFO - [31mstep: 88  [32mloss:  2.61156  [38;2;180;60;0mgrad_norm:  0.7793  [38;2;54;234;195mmemory:  0.14GiB(0.17%)  [34mtps: 387  [36mtflops: 0.06  [35mmfu: 0.01%[39m
[titan] 2026-09-23 08:19:44,351 - torchtitan.observability.metrics - INFO - [31mstep: 88  [32mloss: -1.00000  [38;2;180;60;0mgrad_norm:  0.7793  [38;2;54;234;195mmemory:  0.20GiB(0.25%)  [34mtps: 387  [36mtflops: 0.06  [35mmfu: 0.01%[39m
[titan] 2026-09-23 08:19:44,351 - torchtitan.observability.metrics - INFO - [31mstep: 88  [32mloss: -1.00000  [38;2;180;60;0mgrad_norm:  0.7793  [38;2;54;234;195mmemory:  0.18GiB(0.22%)  [34mtps: 387  [36mtflops: 0.06  [35mmfu: 0.01%[39m
[titan] 2026-09-23 08:19:44,353 - torchtitan.observability.metrics - INFO - [31mstep: 88  [32mloss: -1.00000  [38;2;180;60;0mgrad_norm:  0.7793  [38;2;54;234;195mmemory:  0.18GiB(0.22%)  [34mtps: 387  [36mtflops: 0.06  [35mmfu: 0.01%[39m
[titan] 2026-09-23 08:19:45,016 - torchtitan.observability.metrics - INFO - [31mstep: 89  [32mloss:  2.63685  [38;2;180;60;0mgrad_norm:  0.9075  [38;2;54;234;195mmemory:  0.14GiB(0.17%)  [34mtps: 385  [36mtflops: 0.06  [35mmfu: 0.01%[39m
[titan] 2026-09-23 08:19:45,016 - torchtitan.observability.metrics - INFO - [31mstep: 89  [32mloss: -1.00000  [38;2;180;60;0mgrad_norm:  0.9075  [38;2;54;234;195mmemory:  0.20GiB(0.25%)  [34mtps: 385  [36mtflops: 0.06  [35mmfu: 0.01%[39m
[titan] 2026-09-23 08:19:45,016 - torchtitan.observability.metrics - INFO - [31mstep: 89  [32mloss: -1.00000  [38;2;180;60;0mgrad_norm:  0.9075  [38;2;54;234;195mmemory:  0.18GiB(0.22%)  [34mtps: 385  [36mtflops: 0.06  [35mmfu: 0.01%[39m
[titan] 2026-09-23 08:19:45,018 - torchtitan.observability.metrics - INFO - [31mstep: 89  [32mloss: -1.00000  [38;2;180;60;0mgrad_norm:  0.9075  [38;2;54;234;195mmemory:  0.18GiB(0.22%)  [34mtps: 385  [36mtflops: 0.06  [35mmfu: 0.01%[39m
[titan] 2026-09-23 08:19:45,685 - torchtitan.observability.metrics - INFO - [31mstep: 90  [32mloss:  2.45809  [38;2;180;60;0mgrad_norm:  0.7016  [38;2;54;234;195mmemory:  0.14GiB(0.17%)  [34mtps: 383  [36mtflops: 0.06  [35mmfu: 0.01%[39m
[titan] 2026-09-23 08:19:45,685 - torchtitan.observability.metrics - INFO - [31mstep: 90  [32mloss: -1.00000  [38;2;180;60;0mgrad_norm:  0.7016  [38;2;54;234;195mmemory:  0.18GiB(0.22%)  [34mtps: 383  [36mtflops: 0.06  [35mmfu: 0.01%[39m
[titan] 2026-09-23 08:19:45,685 - torchtitan.observability.metrics - INFO - [31mstep: 90  [32mloss: -1.00000  [38;2;180;60;0mgrad_norm:  0.7016  [38;2;54;234;195mmemory:  0.20GiB(0.25%)  [34mtps: 383  [36mtflops: 0.06  [35mmfu: 0.01%[39m
[titan] 2026-09-23 08:19:45,687 - torchtitan.observability.metrics - INFO - [31mstep: 90  [32mloss: -1.00000  [38;2;180;60;0mgrad_norm:  0.7016  [38;2;54;234;195mmemory:  0.18GiB(0.22%)  [34mtps: 383  [36mtflops: 0.06  [35mmfu: 0.01%[39m
[titan] 2026-09-23 08:19:46,352 - torchtitan.observability.metrics - INFO - [31mstep: 91  [32mloss:  2.57596  [38;2;180;60;0mgrad_norm:  0.8128  [38;2;54;234;195mmemory:  0.14GiB(0.17%)  [34mtps: 384  [36mtflops: 0.06  [35mmfu: 0.01%[39m
[titan] 2026-09-23 08:19:46,352 - torchtitan.observability.metrics - INFO - [31mstep: 91  [32mloss: -1.00000  [38;2;180;60;0mgrad_norm:  0.8128  [38;2;54;234;195mmemory:  0.20GiB(0.25%)  [34mtps: 384  [36mtflops: 0.06  [35mmfu: 0.01%[39m
[titan] 2026-09-23 08:19:46,352 - torchtitan.observability.metrics - INFO - [31mstep: 91  [32mloss: -1.00000  [38;2;180;60;0mgrad_norm:  0.8128  [38;2;54;234;195mmemory:  0.18GiB(0.22%)  [34mtps: 384  [36mtflops: 0.06  [35mmfu: 0.01%[39m
[titan] 2026-09-23 08:19:46,354 - torchtitan.observability.metrics - INFO - [31mstep: 91  [32mloss: -1.00000  [38;2;180;60;0mgrad_norm:  0.8128  [38;2;54;234;195mmemory:  0.18GiB(0.22%)  [34mtps: 384  [36mtflops: 0.06  [35mmfu: 0.01%[39m
[titan] 2026-09-23 08:19:47,023 - torchtitan.observability.metrics - INFO - [31mstep: 92  [32mloss:  2.58523  [38;2;180;60;0mgrad_norm:  0.8173  [38;2;54;234;195mmemory:  0.14GiB(0.17%)  [34mtps: 382  [36mtflops: 0.06  [35mmfu: 0.01%[39m
[titan] 2026-09-23 08:19:47,023 - torchtitan.observability.metrics - INFO - [31mstep: 92  [32mloss: -1.00000  [38;2;180;60;0mgrad_norm:  0.8173  [38;2;54;234;195mmemory:  0.20GiB(0.25%)  [34mtps: 382  [36mtflops: 0.06  [35mmfu: 0.01%[39m
[titan] 2026-09-23 08:19:47,023 - torchtitan.observability.metrics - INFO - [31mstep: 92  [32mloss: -1.00000  [38;2;180;60;0mgrad_norm:  0.8173  [38;2;54;234;195mmemory:  0.18GiB(0.22%)  [34mtps: 382  [36mtflops: 0.06  [35mmfu: 0.01%[39m
[titan] 2026-09-23 08:19:47,025 - torchtitan.observability.metrics - INFO - [31mstep: 92  [32mloss: -1.00000  [38;2;180;60;0mgrad_norm:  0.8173  [38;2;54;234;195mmemory:  0.18GiB(0.22%)  [34mtps: 382  [36mtflops: 0.06  [35mmfu: 0.01%[39m
[titan] 2026-09-23 08:19:47,690 - torchtitan.observability.metrics - INFO - [31mstep: 93  [32mloss:  2.78779  [38;2;180;60;0mgrad_norm:  0.8144  [38;2;54;234;195mmemory:  0.14GiB(0.17%)  [34mtps: 384  [36mtflops: 0.06  [35mmfu: 0.01%[39m
[titan] 2026-09-23 08:19:47,691 - torchtitan.observability.metrics - INFO - [31mstep: 93  [32mloss: -1.00000  [38;2;180;60;0mgrad_norm:  0.8144  [38;2;54;234;195mmemory:  0.18GiB(0.22%)  [34mtps: 384  [36mtflops: 0.06  [35mmfu: 0.01%[39m
[titan] 2026-09-23 08:19:47,691 - torchtitan.observability.metrics - INFO - [31mstep: 93  [32mloss: -1.00000  [38;2;180;60;0mgrad_norm:  0.8144  [38;2;54;234;195mmemory:  0.20GiB(0.25%)  [34mtps: 384  [36mtflops: 0.06  [35mmfu: 0.01%[39m
[titan] 2026-09-23 08:19:47,692 - torchtitan.observability.metrics - INFO - [31mstep: 93  [32mloss: -1.00000  [38;2;180;60;0mgrad_norm:  0.8144  [38;2;54;234;195mmemory:  0.18GiB(0.22%)  [34mtps: 384  [36mtflops: 0.06  [35mmfu: 0.01%[39m
[titan] 2026-09-23 08:19:48,352 - torchtitan.observability.metrics - INFO - [31mstep: 94  [32mloss:  2.41470  [38;2;180;60;0mgrad_norm:  0.6718  [38;2;54;234;195mmemory:  0.14GiB(0.17%)  [34mtps: 387  [36mtflops: 0.06  [35mmfu: 0.01%[39m
[titan] 2026-09-23 08:19:48,352 - torchtitan.observability.metrics - INFO - [31mstep: 94  [32mloss: -1.00000  [38;2;180;60;0mgrad_norm:  0.6718  [38;2;54;234;195mmemory:  0.20GiB(0.25%)  [34mtps: 387  [36mtflops: 0.06  [35mmfu: 0.01%[39m
[titan] 2026-09-23 08:19:48,352 - torchtitan.observability.metrics - INFO - [31mstep: 94  [32mloss: -1.00000  [38;2;180;60;0mgrad_norm:  0.6718  [38;2;54;234;195mmemory:  0.18GiB(0.22%)  [34mtps: 387  [36mtflops: 0.06  [35mmfu: 0.01%[39m
[titan] 2026-09-23 08:19:48,354 - torchtitan.observability.metrics - INFO - [31mstep: 94  [32mloss: -1.00000  [38;2;180;60;0mgrad_norm:  0.6718  [38;2;54;234;195mmemory:  0.18GiB(0.22%)  [34mtps: 387  [36mtflops: 0.06  [35mmfu: 0.01%[39m
[titan] 2026-09-23 08:19:49,018 - torchtitan.observability.metrics - INFO - [31mstep: 95  [32mloss:  2.50996  [38;2;180;60;0mgrad_norm:  0.7062  [38;2;54;234;195mmemory:  0.14GiB(0.17%)  [34mtps: 384  [36mtflops: 0.06  [35mmfu: 0.01%[39m
[titan] 2026-09-23 08:19:49,018 - torchtitan.observability.metrics - INFO - [31mstep: 95  [32mloss: -1.00000  [38;2;180;60;0mgrad_norm:  0.7062  [38;2;54;234;195mmemory:  0.20GiB(0.25%)  [34mtps: 384  [36mtflops: 0.06  [35mmfu: 0.01%[39m
[titan] 2026-09-23 08:19:49,018 - torchtitan.observability.metrics - INFO - [31mstep: 95  [32mloss: -1.00000  [38;2;180;60;0mgrad_norm:  0.7062  [38;2;54;234;195mmemory:  0.18GiB(0.22%)  [34mtps: 384  [36mtflops: 0.06  [35mmfu: 0.01%[39m
[titan] 2026-09-23 08:19:49,020 - torchtitan.observability.metrics - INFO - [31mstep: 95  [32mloss: -1.00000  [38;2;180;60;0mgrad_norm:  0.7062  [38;2;54;234;195mmemory:  0.18GiB(0.22%)  [34mtps: 384  [36mtflops: 0.06  [35mmfu: 0.01%[39m
[titan] 2026-09-23 08:19:49,680 - torchtitan.observability.metrics - INFO - [31mstep: 96  [32mloss:  2.54198  [38;2;180;60;0mgrad_norm:  0.7079  [38;2;54;234;195mmemory:  0.14GiB(0.17%)  [34mtps: 387  [36mtflops: 0.06  [35mmfu: 0.01%[39m
[titan] 2026-09-23 08:19:49,680 - torchtitan.observability.metrics - INFO - [31mstep: 96  [32mloss: -1.00000  [38;2;180;60;0mgrad_norm:  0.7079  [38;2;54;234;195mmemory:  0.18GiB(0.22%)  [34mtps: 387  [36mtflops: 0.06  [35mmfu: 0.01%[39m
[titan] 2026-09-23 08:19:49,680 - torchtitan.observability.metrics - INFO - [31mstep: 96  [32mloss: -1.00000  [38;2;180;60;0mgrad_norm:  0.7079  [38;2;54;234;195mmemory:  0.20GiB(0.25%)  [34mtps: 387  [36mtflops: 0.06  [35mmfu: 0.01%[39m
[titan] 2026-09-23 08:19:49,681 - torchtitan.observability.metrics - INFO - [31mstep: 96  [32mloss: -1.00000  [38;2;180;60;0mgrad_norm:  0.7079  [38;2;54;234;195mmemory:  0.18GiB(0.22%)  [34mtps: 387  [36mtflops: 0.06  [35mmfu: 0.01%[39m
[titan] 2026-09-23 08:19:50,339 - torchtitan.observability.metrics - INFO - [31mstep: 97  [32mloss:  2.37639  [38;2;180;60;0mgrad_norm:  0.9082  [38;2;54;234;195mmemory:  0.14GiB(0.17%)  [34mtps: 388  [36mtflops: 0.06  [35mmfu: 0.01%[39m
[titan] 2026-09-23 08:19:50,339 - torchtitan.observability.metrics - INFO - [31mstep: 97  [32mloss: -1.00000  [38;2;180;60;0mgrad_norm:  0.9082  [38;2;54;234;195mmemory:  0.20GiB(0.25%)  [34mtps: 388  [36mtflops: 0.06  [35mmfu: 0.01%[39m
[titan] 2026-09-23 08:19:50,339 - torchtitan.observability.metrics - INFO - [31mstep: 97  [32mloss: -1.00000  [38;2;180;60;0mgrad_norm:  0.9082  [38;2;54;234;195mmemory:  0.18GiB(0.22%)  [34mtps: 388  [36mtflops: 0.06  [35mmfu: 0.01%[39m
[titan] 2026-09-23 08:19:50,341 - torchtitan.observability.metrics - INFO - [31mstep: 97  [32mloss: -1.00000  [38;2;180;60;0mgrad_norm:  0.9082  [38;2;54;234;195mmemory:  0.18GiB(0.22%)  [34mtps: 388  [36mtflops: 0.06  [35mmfu: 0.01%[39m
[titan] 2026-09-23 08:19:50,999 - torchtitan.observability.metrics - INFO - [31mstep: 98  [32mloss:  2.43022  [38;2;180;60;0mgrad_norm:  0.6346  [38;2;54;234;195mmemory:  0.14GiB(0.17%)  [34mtps: 388  [36mtflops: 0.06  [35mmfu: 0.01%[39m
[titan] 2026-09-23 08:19:50,999 - torchtitan.observability.metrics - INFO - [31mstep: 98  [32mloss: -1.00000  [38;2;180;60;0mgrad_norm:  0.6346  [38;2;54;234;195mmemory:  0.20GiB(0.25%)  [34mtps: 388  [36mtflops: 0.06  [35mmfu: 0.01%[39m
[titan] 2026-09-23 08:19:50,999 - torchtitan.observability.metrics - INFO - [31mstep: 98  [32mloss: -1.00000  [38;2;180;60;0mgrad_norm:  0.6346  [38;2;54;234;195mmemory:  0.18GiB(0.22%)  [34mtps: 388  [36mtflops: 0.06  [35mmfu: 0.01%[39m
[titan] 2026-09-23 08:19:51,001 - torchtitan.observability.metrics - INFO - [31mstep: 98  [32mloss: -1.00000  [38;2;180;60;0mgrad_norm:  0.6346  [38;2;54;234;195mmemory:  0.18GiB(0.22%)  [34mtps: 388  [36mtflops: 0.06  [35mmfu: 0.01%[39m
[titan] 2026-09-23 08:19:51,662 - torchtitan.observability.metrics - INFO - [31mstep: 99  [32mloss:  2.66050  [38;2;180;60;0mgrad_norm:  0.6562  [38;2;54;234;195mmemory:  0.14GiB(0.17%)  [34mtps: 386  [36mtflops: 0.06  [35mmfu: 0.01%[39m
[titan] 2026-09-23 08:19:51,662 - torchtitan.observability.metrics - INFO - [31mstep: 99  [32mloss: -1.00000  [38;2;180;60;0mgrad_norm:  0.6562  [38;2;54;234;195mmemory:  0.20GiB(0.25%)  [34mtps: 386  [36mtflops: 0.06  [35mmfu: 0.01%[39m
[titan] 2026-09-23 08:19:51,662 - torchtitan.observability.metrics - INFO - [31mstep: 99  [32mloss: -1.00000  [38;2;180;60;0mgrad_norm:  0.6562  [38;2;54;234;195mmemory:  0.18GiB(0.22%)  [34mtps: 386  [36mtflops: 0.06  [35mmfu: 0.01%[39m
[titan] 2026-09-23 08:19:51,664 - torchtitan.observability.metrics - INFO - [31mstep: 99  [32mloss: -1.00000  [38;2;180;60;0mgrad_norm:  0.6562  [38;2;54;234;195mmemory:  0.18GiB(0.22%)  [34mtps: 386  [36mtflops: 0.06  [35mmfu: 0.01%[39m
[titan] 2026-09-23 08:19:51,715 - torchtitan.tools.utils - INFO - [GC] Performing periodic GC collection took 0.05 seconds
[titan] 2026-09-23 08:19:51,724 - torchtitan.tools.utils - INFO - [GC] Performing periodic GC collection took 0.05 seconds
[titan] 2026-09-23 08:19:51,739 - torchtitan.tools.utils - INFO - [GC] Performing periodic GC collection took 0.07 seconds
[titan] 2026-09-23 08:19:51,745 - torchtitan.tools.utils - INFO - [GC] Performing periodic GC collection took 0.08 seconds
[titan] 2026-09-23 08:19:52,377 - torchtitan.observability.metrics - INFO - [31mstep: 100  [32mloss:  2.51172  [38;2;180;60;0mgrad_norm:  0.7861  [38;2;54;234;195mmemory:  0.14GiB(0.17%)  [34mtps: 358  [36mtflops: 0.06  [35mmfu: 0.01%[39m
[titan] 2026-09-23 08:19:52,377 - torchtitan.components.checkpointer.dcp - INFO - Saving the checkpointer.
[titan] 2026-09-23 08:19:52,377 - torchtitan.observability.metrics - INFO - [31mstep: 100  [32mloss: -1.00000  [38;2;180;60;0mgrad_norm:  0.7861  [38;2;54;234;195mmemory:  0.20GiB(0.25%)  [34mtps: 358  [36mtflops: 0.06  [35mmfu: 0.01%[39m
[titan] 2026-09-23 08:19:52,377 - torchtitan.observability.metrics - INFO - [31mstep: 100  [32mloss: -1.00000  [38;2;180;60;0mgrad_norm:  0.7861  [38;2;54;234;195mmemory:  0.18GiB(0.22%)  [34mtps: 358  [36mtflops: 0.06  [35mmfu: 0.01%[39m
[titan] 2026-09-23 08:19:52,377 - torchtitan.components.checkpointer.dcp - INFO - Saving the checkpointer.
[titan] 2026-09-23 08:19:52,377 - torchtitan.components.checkpointer.dcp - INFO - Saving the checkpointer.
[titan] 2026-09-23 08:19:52,379 - torchtitan.observability.metrics - INFO - [31mstep: 100  [32mloss: -1.00000  [38;2;180;60;0mgrad_norm:  0.7861  [38;2;54;234;195mmemory:  0.18GiB(0.22%)  [34mtps: 358  [36mtflops: 0.06  [35mmfu: 0.01%[39m
[titan] 2026-09-23 08:19:52,379 - torchtitan.components.checkpointer.dcp - INFO - Saving the checkpointer.
[titan] 2026-09-23 08:19:52,380 - torchtitan.components.checkpointer.dcp - INFO - Saving a model only checkpoint in torch.float32 at last step, step 100.
[titan] 2026-09-23 08:19:52,381 - torchtitan.components.checkpointer.dcp - INFO - Saving a model only checkpoint in torch.float32 at last step, step 100.
[titan] 2026-09-23 08:19:52,381 - torchtitan.components.checkpointer.dcp - INFO - Saving a model only checkpoint in torch.float32 at last step, step 100.
[titan] 2026-09-23 08:19:52,389 - torchtitan.components.checkpointer.dcp - INFO - Saving a model only checkpoint in torch.float32 at last step, step 100.
[titan] 2026-09-23 08:19:52,532 - torchtitan.tools.utils - INFO - [GC] GC collection invoked by checkpointer. took 0.00 seconds
[titan] 2026-09-23 08:19:52,532 - torchtitan.components.checkpointer.dcp - INFO - Last step checkpoint completed in 0.15s
[titan] 2026-09-23 08:19:52,532 - torchtitan.trainer - INFO - Sleeping 2 seconds for other ranks to complete
[titan] 2026-09-23 08:19:52,533 - torchtitan.tools.utils - INFO - [GC] GC collection invoked by checkpointer. took 0.00 seconds
[titan] 2026-09-23 08:19:52,533 - torchtitan.components.checkpointer.dcp - INFO - Last step checkpoint completed in 0.16s
[titan] 2026-09-23 08:19:52,534 - torchtitan.trainer - INFO - Training completed
[titan] 2026-09-23 08:19:52,534 - torchtitan.tools.utils - INFO - [GC] GC collection invoked by checkpointer. took 0.00 seconds
[titan] 2026-09-23 08:19:52,534 - torchtitan.tools.utils - INFO - [GC] GC collection invoked by checkpointer. took 0.00 seconds
[titan] 2026-09-23 08:19:52,535 - torchtitan.components.checkpointer.dcp - INFO - Last step checkpoint completed in 0.16s
[titan] 2026-09-23 08:19:52,535 - torchtitan.components.checkpointer.dcp - INFO - Last step checkpoint completed in 0.16s
[titan] 2026-09-23 08:19:52,535 - torchtitan.trainer - INFO - Training completed
[titan] 2026-09-23 08:19:52,535 - torchtitan.trainer - INFO - Training completed
[titan] 2026-09-23 08:19:52,541 - torchtitan.components.checkpointer.base - INFO - Destroying the purge thread.
[titan] 2026-09-23 08:19:52,542 - torchtitan.components.checkpointer.base - INFO - Destroying the purge thread.
[titan] 2026-09-23 08:19:52,542 - torchtitan.components.checkpointer.base - INFO - Destroying the purge thread.
[titan] 2026-09-23 08:19:54,533 - torchtitan.trainer - INFO - Training completed
[titan] 2026-09-23 08:19:54,539 - torchtitan.components.checkpointer.base - INFO - Destroying the purge thread.
[titan] 2026-09-23 08:19:54,989 - __main__ - INFO - Process group destroyed
[titan] 2026-09-23 08:19:54,989 - __main__ - INFO - Process group destroyed
[titan] 2026-09-23 08:19:54,996 - __main__ - INFO - Process group destroyed
[titan] 2026-09-23 08:19:55,033 - __main__ - INFO - Process group destroyed
