W0930 14:30:03.446000 194899 torch/distributed/run.py:982] 
W0930 14:30:03.446000 194899 torch/distributed/run.py:982] *****************************************
W0930 14:30:03.446000 194899 torch/distributed/run.py:982] Setting OMP_NUM_THREADS environment variable for each process to be 1 in default, to avoid your system being overloaded, please further tune the variable for optimal performance in your application as needed. 
W0930 14:30:03.446000 194899 torch/distributed/run.py:982] *****************************************
[rank0]:WARNING:absl:Failed to load jax profiler: No module named 'jax'
[rank1]:WARNING:absl:Failed to load jax profiler: No module named 'jax'
[rank1]:[titan] 2026-09-30 14:30:09,039 - __main__ - INFO - torchtitan version: 0.0.0+unknown (0.0.0 means __version__ is not defined correctly).
[rank0]:[titan] 2026-09-30 14:30:09,095 - __main__ - INFO - torchtitan version: 0.0.0+unknown (0.0.0 means __version__ is not defined correctly).
[rank1]:[titan] 2026-09-30 14:30:09,784 - torchtitan.observability.structured_logger.jsonl_handler - INFO - Structured logging -> JSONL: /root/mep/results/pra_h100_d5120/4656_pp2vp4/dump/structured_logs/training.global_rank_1.20260930-143009-HEYJ7X.jsonl
[rank0]:[titan] 2026-09-30 14:30:10,014 - torchtitan.observability.structured_logger.jsonl_handler - INFO - Structured logging -> JSONL: /root/mep/results/pra_h100_d5120/4656_pp2vp4/dump/structured_logs/training.global_rank_0.20260930-143010-Z6K8CW.jsonl
[rank1]:[titan] 2026-09-30 14:30:10,066 - torchtitan.distributed.utils - WARNING - ENV[TORCH_NCCL_ASYNC_ERROR_HANDLING] = 1 will be overridden to 3 based on job config
[rank0]:[titan] 2026-09-30 14:30:10,264 - torchtitan.distributed.utils - WARNING - ENV[TORCH_NCCL_ASYNC_ERROR_HANDLING] = 1 will be overridden to 3 based on job config
[rank1]:[titan] 2026-09-30 14:30:10,780 - torchtitan.tools.utils - INFO - [GC] Initial GC collection took 0.00 seconds
[rank0]:[titan] 2026-09-30 14:30:10,781 - torchtitan.tools.utils - INFO - [GC] Initial GC collection took 0.00 seconds
[rank1]:[titan] 2026-09-30 14:30:10,780 - torchtitan.distributed.utils - INFO - Deterministic algorithm enabled (expect perf degradation).
[rank0]:[titan] 2026-09-30 14:30:10,782 - torchtitan.distributed.utils - INFO - Deterministic algorithm enabled (expect perf degradation).
[rank1]:[titan] 2026-09-30 14:30:10,792 - torchtitan.distributed.parallelism_context - INFO - Building device mesh with parallelism: pp=2, dp_replicate=1, dp_shard=1, cp=1, tp=1, ep=1
[rank0]:[titan] 2026-09-30 14:30:10,798 - torchtitan.distributed.parallelism_context - INFO - Building device mesh with parallelism: pp=2, dp_replicate=1, dp_shard=1, cp=1, tp=1, ep=1
[rank1]:[titan] 2026-09-30 14:30:11,190 - torchtitan.distributed.parallelism_context - INFO - Successfully created meshes with active axes: ['pp']
[rank0]:[titan] 2026-09-30 14:30:11,176 - torchtitan.distributed.parallelism_context - INFO - Successfully created meshes with active axes: ['pp']
[rank1]:[titan] 2026-09-30 14:30:11,194 - torchtitan.observability.metrics - INFO - CUDA capacity: NVIDIA H100 80GB HBM3 with 79.21GiB memory
[rank0]:[titan] 2026-09-30 14:30:11,179 - torchtitan.observability.metrics - INFO - CUDA capacity: NVIDIA H100 80GB HBM3 with 79.21GiB memory
[rank1]:[titan] 2026-09-30 14:30:11,207 - torchtitan.config.configurable - WARNING - Config field value of type InterpolationMode may not be JSON serializable
[rank0]:[titan] 2026-09-30 14:30:11,190 - torchtitan.config.configurable - WARNING - Config field value of type InterpolationMode may not be JSON serializable
[rank1]:[titan] 2026-09-30 14:30:11,208 - torchtitan.tools.utils - WARNING - Error running lspci: [Errno 2] No such file or directory: 'lspci', fallback to use device_name
[rank0]:[titan] 2026-09-30 14:30:11,191 - torchtitan.tools.utils - WARNING - Error running lspci: [Errno 2] No such file or directory: 'lspci', fallback to use device_name
[rank1]:[titan] 2026-09-30 14:30:11,209 - torchtitan.components.tokenizer - INFO - Loading tokenizer from tokenizer.json
[rank0]:[titan] 2026-09-30 14:30:11,192 - torchtitan.components.tokenizer - INFO - Loading tokenizer from tokenizer.json
[rank1]:[titan] 2026-09-30 14:30:12,011 - httpx - INFO - HTTP Request: HEAD https://s3.amazonaws.com/datasets.huggingface.co/datasets/datasets/json/json.py "HTTP/1.1 200 OK"
[rank0]:[titan] 2026-09-30 14:30:12,013 - httpx - INFO - HTTP Request: HEAD https://s3.amazonaws.com/datasets.huggingface.co/datasets/datasets/json/json.py "HTTP/1.1 200 OK"
[rank1]:[titan] 2026-09-30 14:30:12,149 - torchtitan.protocols.state_dict_adapter - WARNING - model.safetensors.index.json not found at hf_assets_path: ./tests/assets/tokenizer/model.safetensors.index.json.                     Defaulting to saving a single safetensors file if checkpoint is saved in HF format
[rank0]:[titan] 2026-09-30 14:30:12,168 - torchtitan.protocols.state_dict_adapter - WARNING - model.safetensors.index.json not found at hf_assets_path: ./tests/assets/tokenizer/model.safetensors.index.json.                     Defaulting to saving a single safetensors file if checkpoint is saved in HF format
[rank1]:[titan] 2026-09-30 14:30:12,153 - torchtitan.models.utils - INFO - Total parameter count: 9,236,465,856, active parameters: 6,176,825,536
[rank0]:[titan] 2026-09-30 14:30:12,172 - torchtitan.models.utils - INFO - Total parameter count: 9,236,465,856, active parameters: 6,176,825,536
[rank1]:[titan] 2026-09-30 14:30:12,220 - torchtitan.distributed.pipeline_parallel - INFO - PP rank 1 is building stage_idx 1 with modules ['layers.2', 'layers.3', 'layers.4']
[rank0]:[titan] 2026-09-30 14:30:12,240 - torchtitan.distributed.pipeline_parallel - INFO - PP rank 0 is building stage_idx 0 with modules ['vision_encoder', 'tok_embeddings', 'layers.0', 'layers.1']
[rank1]:[titan] 2026-09-30 14:30:12,286 - torchtitan.distributed.pipeline_parallel - INFO - PP rank 1 is building stage_idx 3 with modules ['layers.8', 'layers.9']
[rank0]:[titan] 2026-09-30 14:30:12,307 - torchtitan.distributed.pipeline_parallel - INFO - PP rank 0 is building stage_idx 2 with modules ['layers.5', 'layers.6', 'layers.7']
[rank1]:[titan] 2026-09-30 14:30:12,351 - torchtitan.distributed.pipeline_parallel - INFO - PP rank 1 is building stage_idx 5 with modules ['layers.12', 'layers.13']
[rank0]:[titan] 2026-09-30 14:30:12,373 - torchtitan.distributed.pipeline_parallel - INFO - PP rank 0 is building stage_idx 4 with modules ['layers.10', 'layers.11']
[rank1]:[titan] 2026-09-30 14:30:12,417 - torchtitan.distributed.pipeline_parallel - INFO - PP rank 1 is building stage_idx 7 with modules ['layers.16', 'norm', 'lm_head', 'output_res_proj', 'output_res_norm']
[rank1]:[titan] 2026-09-30 14:30:12,424 - torchtitan.distributed.activation_checkpoint - INFO - Applied FullAC activation checkpointing to the model
[rank0]:[titan] 2026-09-30 14:30:12,440 - torchtitan.distributed.pipeline_parallel - INFO - PP rank 0 is building stage_idx 6 with modules ['layers.14', 'layers.15']
[rank0]:[titan] 2026-09-30 14:30:12,448 - torchtitan.distributed.activation_checkpoint - INFO - Applied FullAC activation checkpointing to the model
[rank1]:[titan] 2026-09-30 14:30:12,476 - torchtitan.distributed.fsdp - INFO - Applied FSDP to the model
[rank0]:[titan] 2026-09-30 14:30:12,448 - torchtitan.distributed.activation_checkpoint - INFO - Applied FullAC activation checkpointing to the model
[rank1]:[titan] 2026-09-30 14:30:12,481 - torchtitan.distributed.activation_checkpoint - INFO - Applied FullAC activation checkpointing to the model
[rank0]:[titan] 2026-09-30 14:30:12,504 - torchtitan.distributed.fsdp - INFO - Applied FSDP to the model
[rank1]:[titan] 2026-09-30 14:30:12,489 - torchtitan.distributed.fsdp - INFO - Applied FSDP to the model
[rank0]:[titan] 2026-09-30 14:30:12,511 - torchtitan.distributed.activation_checkpoint - INFO - Applied FullAC activation checkpointing to the model
[rank1]:[titan] 2026-09-30 14:30:12,494 - torchtitan.distributed.activation_checkpoint - INFO - Applied FullAC activation checkpointing to the model
[rank1]:[titan] 2026-09-30 14:30:12,503 - torchtitan.distributed.fsdp - INFO - Applied FSDP to the model
[rank1]:[titan] 2026-09-30 14:30:12,505 - torchtitan.distributed.activation_checkpoint - INFO - Applied FullAC activation checkpointing to the model
[rank1]:[titan] 2026-09-30 14:30:12,512 - torchtitan.distributed.fsdp - INFO - Applied FSDP to the model
[rank1]:[titan] 2026-09-30 14:30:12,514 - torchtitan.distributed.pipeline_parallel - INFO - Using pipeline schedule Interleaved1F1B with 16 microbatches and 8 stages.
[rank1]:[titan] 2026-09-30 14:30:12,514 - torchtitan.models.kimi_k3.pipeline_parallel - INFO - Kimi K3 pipeline: 4 stage(s) on this rank [1, 3, 5, 7], block transport delta with rank store
[rank0]:[titan] 2026-09-30 14:30:12,529 - torchtitan.distributed.fsdp - INFO - Applied FSDP to the model
[rank0]:[titan] 2026-09-30 14:30:12,534 - torchtitan.distributed.activation_checkpoint - INFO - Applied FullAC activation checkpointing to the model
[rank0]:[titan] 2026-09-30 14:30:12,542 - torchtitan.distributed.fsdp - INFO - Applied FSDP to the model
[rank0]:[titan] 2026-09-30 14:30:12,547 - torchtitan.distributed.activation_checkpoint - INFO - Applied FullAC activation checkpointing to the model
[rank0]:[titan] 2026-09-30 14:30:12,555 - torchtitan.distributed.fsdp - INFO - Applied FSDP to the model
[rank0]:[titan] 2026-09-30 14:30:12,557 - torchtitan.distributed.pipeline_parallel - INFO - Using pipeline schedule Interleaved1F1B with 16 microbatches and 8 stages.
[rank0]:[titan] 2026-09-30 14:30:12,557 - torchtitan.models.kimi_k3.pipeline_parallel - INFO - Kimi K3 pipeline: 4 stage(s) on this rank [0, 2, 4, 6], block transport delta with rank store
[rank1]:[rank1]:W0930 14:30:12.962000 194969 torch/distributed/tensor/_random.py:215] DTensor is synchronizing RNG states of every rank with the state from rank 0. This behavior is deprecated. Please call `torch.manual_seed()` on every rank that participates in SPMD DTensor Operations with the same seed. If using Pipeline Parallelism, each pipeline state would use a different seed, but all ranks belonging to one pipeline stage would use the same seed.
[rank1]:[titan] 2026-09-30 14:30:13,308 - torchtitan.training_engine - INFO - Model KimiK3Model.Config size: 9,236,465,856 total parameters
[rank1]:[titan] 2026-09-30 14:30:13,310 - torchtitan.components.optim.optimizer - INFO - Optimizer AdamW (model_part=0): 78 params [.*] {'lr': 0.0008, 'betas': (0.9, 0.95), 'eps': 1e-08, 'weight_decay': 0.1, 'foreach': None, 'fused': True}
[rank1]:[titan] 2026-09-30 14:30:13,311 - torchtitan.components.optim.optimizer - INFO - Optimizer AdamW (model_part=1): 56 params [.*] {'lr': 0.0008, 'betas': (0.9, 0.95), 'eps': 1e-08, 'weight_decay': 0.1, 'foreach': None, 'fused': True}
[rank1]:[titan] 2026-09-30 14:30:13,311 - torchtitan.components.optim.optimizer - INFO - Optimizer AdamW (model_part=2): 56 params [.*] {'lr': 0.0008, 'betas': (0.9, 0.95), 'eps': 1e-08, 'weight_decay': 0.1, 'foreach': None, 'fused': True}
[rank1]:[titan] 2026-09-30 14:30:13,312 - torchtitan.components.optim.optimizer - INFO - Optimizer AdamW (model_part=3): 26 params [.*] {'lr': 0.0008, 'betas': (0.9, 0.95), 'eps': 1e-08, 'weight_decay': 0.1, 'foreach': None, 'fused': True}
[rank1]:[titan] 2026-09-30 14:30:13,313 - torchtitan.observability.metrics - WARNING - [31mPipeline Parallel loss is not visible. Please add [33mrank 1[31m to LOG_RANK environment variable in run_train.sh.[39m
[rank1]:[titan] 2026-09-30 14:30:13,313 - torchtitan.trainer - INFO - Peak FLOPS used for computing MFU: 9.890e+14
[rank1]:[titan] 2026-09-30 14:30:13,313 - torchtitan.trainer - INFO - CUDA memory usage for model: 7.43GiB(9.38%)
[rank1]:[titan] 2026-09-30 14:30:13,313 - torchtitan.trainer - INFO - Trainer is initialized with 32768 tokens per DP rank, 32768 tokens per train step, gradient accumulation steps 1, maximum context length 2048, total steps 100 (warmup 2)
[rank1]:[titan] 2026-09-30 14:30:13,313 - torchtitan.trainer - INFO - Training starts at step 1
[rank0]:[titan] 2026-09-30 14:30:13,387 - torchtitan.training_engine - INFO - Model KimiK3Model.Config size: 9,236,465,856 total parameters
[rank0]:[titan] 2026-09-30 14:30:13,390 - torchtitan.components.optim.optimizer - INFO - Optimizer AdamW (model_part=0): 71 params [.*] {'lr': 0.0008, 'betas': (0.9, 0.95), 'eps': 1e-08, 'weight_decay': 0.1, 'foreach': None, 'fused': True}
[rank0]:[titan] 2026-09-30 14:30:13,390 - torchtitan.components.optim.optimizer - INFO - Optimizer AdamW (model_part=1): 78 params [.*] {'lr': 0.0008, 'betas': (0.9, 0.95), 'eps': 1e-08, 'weight_decay': 0.1, 'foreach': None, 'fused': True}
[rank0]:[titan] 2026-09-30 14:30:13,391 - torchtitan.components.optim.optimizer - INFO - Optimizer AdamW (model_part=2): 50 params [.*] {'lr': 0.0008, 'betas': (0.9, 0.95), 'eps': 1e-08, 'weight_decay': 0.1, 'foreach': None, 'fused': True}
[rank0]:[titan] 2026-09-30 14:30:13,391 - torchtitan.components.optim.optimizer - INFO - Optimizer AdamW (model_part=3): 50 params [.*] {'lr': 0.0008, 'betas': (0.9, 0.95), 'eps': 1e-08, 'weight_decay': 0.1, 'foreach': None, 'fused': True}
[rank0]:[titan] 2026-09-30 14:30:13,393 - torchtitan.observability.metrics - WARNING - [31mPipeline Parallel loss is not visible. Please add [33mrank 1[31m to LOG_RANK environment variable in run_train.sh.[39m
[rank0]:[titan] 2026-09-30 14:30:13,393 - torchtitan.trainer - INFO - Peak FLOPS used for computing MFU: 9.890e+14
[rank0]:[titan] 2026-09-30 14:30:13,393 - torchtitan.trainer - INFO - CUDA memory usage for model: 10.09GiB(12.74%)
[rank0]:[titan] 2026-09-30 14:30:13,393 - torchtitan.trainer - INFO - Trainer is initialized with 32768 tokens per DP rank, 32768 tokens per train step, gradient accumulation steps 1, maximum context length 2048, total steps 100 (warmup 2)
[rank0]:[titan] 2026-09-30 14:30:13,393 - torchtitan.trainer - INFO - Training starts at step 1
[rank0]:/root/mep/venv_src/lib/python3.12/site-packages/torch/distributed/fsdp/_fully_shard/_fsdp_state.py:336: UserWarning: FSDP2-wrapped module (FSDPCheckpointWrapper) returned a view tensor. An in-place op on this view (e.g., `x += y`) will silently drop the pre-backward hook and skip the all-gather, which can cause backward to fail or produce wrong gradients. Use out-of-place ops (`out = out + y`, not `out += y`) or `.clone()` the output before any in-place op.
[rank0]:  output = self._register_pre_backward_hook(output)
[rank1]:/root/mep/venv_src/lib/python3.12/site-packages/torch/distributed/fsdp/_fully_shard/_fsdp_state.py:336: UserWarning: FSDP2-wrapped module (FSDPCheckpointWrapper) returned a view tensor. An in-place op on this view (e.g., `x += y`) will silently drop the pre-backward hook and skip the all-gather, which can cause backward to fail or produce wrong gradients. Use out-of-place ops (`out = out + y`, not `out += y`) or `.clone()` the output before any in-place op.
[rank1]:  output = self._register_pre_backward_hook(output)
[rank1]:/root/mep/venv_src/lib/python3.12/site-packages/torch/distributed/fsdp/_fully_shard/_fsdp_state.py:336: UserWarning: FSDP2-wrapped module (FSDPCheckpointWrapper) returned a view tensor. An in-place op on this view (e.g., `x += y`) will silently drop the pre-backward hook and skip the all-gather, which can cause backward to fail or produce wrong gradients. Use out-of-place ops (`out = out + y`, not `out += y`) or `.clone()` the output before any in-place op.
[rank1]:  output = self._register_pre_backward_hook(output)
[rank0]:/root/mep/venv_src/lib/python3.12/site-packages/torch/distributed/fsdp/_fully_shard/_fsdp_state.py:336: UserWarning: FSDP2-wrapped module (FSDPCheckpointWrapper) returned a view tensor. An in-place op on this view (e.g., `x += y`) will silently drop the pre-backward hook and skip the all-gather, which can cause backward to fail or produce wrong gradients. Use out-of-place ops (`out = out + y`, not `out += y`) or `.clone()` the output before any in-place op.
[rank0]:  output = self._register_pre_backward_hook(output)
[rank1]:[titan] 2026-09-30 14:30:27,475 - torchtitan.observability.metrics - INFO - [31mstep:  1  [32mloss:  8.11475  [38;2;180;60;0mgrad_norm: 35.2500  [38;2;54;234;195mmemory: 54.09GiB(68.29%)  [34mtps: 1,007  [36mtflops: 38.41  [35mmfu: 3.88%[39m
[rank0]:[titan] 2026-09-30 14:30:27,542 - torchtitan.observability.metrics - INFO - [31mstep:  1  [32mloss: -1.00000  [38;2;180;60;0mgrad_norm: 35.2500  [38;2;54;234;195mmemory: 70.67GiB(89.22%)  [34mtps: 1,002  [36mtflops: 38.21  [35mmfu: 3.86%[39m
[rank1]:[titan] 2026-09-30 14:30:27,475 - torchtitan.distributed.utils - INFO - Synchronizing and adjusting timeout for all ProcessGroups to 0:01:40
[rank0]:[titan] 2026-09-30 14:30:27,542 - torchtitan.distributed.utils - INFO - Synchronizing and adjusting timeout for all ProcessGroups to 0:01:40
[rank0]:[rank0]:[W930 14:30:28.766306402 CUDACachingAllocator.cpp:623] expandable_segments: memory mapping failed with OOM on device 0 while trying to map 20971520 bytes (free: 18022400, total: 85049802752).
[rank0]:[rank0]:[W930 14:30:32.937427572 CUDACachingAllocator.cpp:623] expandable_segments: memory mapping failed with OOM on device 0 while trying to map 20971520 bytes (free: 15925248, total: 85049802752).
[rank1]:[titan] 2026-09-30 14:30:32,795 - torchtitan.observability.metrics - INFO - [31mstep:  2  [32mloss:  6.34152  [38;2;180;60;0mgrad_norm: 26.3750  [38;2;54;234;195mmemory: 68.62GiB(86.63%)  [34mtps: 3,080  [36mtflops: 117.43  [35mmfu: 11.87%[39m
[rank0]:[titan] 2026-09-30 14:30:32,806 - torchtitan.observability.metrics - WARNING - 2 CUDA memory allocation retries.
[rank0]:[titan] 2026-09-30 14:30:32,807 - torchtitan.observability.metrics - INFO - [31mstep:  2  [32mloss: -1.00000  [38;2;180;60;0mgrad_norm: 26.3750  [38;2;54;234;195mmemory: 75.61GiB(95.46%)  [34mtps: 3,112  [36mtflops: 118.67  [35mmfu: 12.00%[39m
[rank0]:[rank0]:[W930 14:30:33.113376233 CUDACachingAllocator.cpp:623] expandable_segments: memory mapping failed with OOM on device 0 while trying to map 20971520 bytes (free: 18022400, total: 85049802752).
[rank0]:[rank0]:[W930 14:30:37.037134525 CUDACachingAllocator.cpp:623] expandable_segments: memory mapping failed with OOM on device 0 while trying to map 20971520 bytes (free: 15925248, total: 85049802752).
[rank0]:[rank0]:[W930 14:30:38.925691729 CUDACachingAllocator.cpp:623] expandable_segments: memory mapping failed with OOM on device 0 while trying to map 20971520 bytes (free: 20119552, total: 85049802752).
[rank1]:[titan] 2026-09-30 14:30:38,599 - torchtitan.observability.metrics - INFO - [31mstep:  3  [32mloss:  8.11287  [38;2;180;60;0mgrad_norm: 24.2500  [38;2;54;234;195mmemory: 68.62GiB(86.63%)  [34mtps: 2,823  [36mtflops: 107.65  [35mmfu: 10.88%[39m
[rank0]:[titan] 2026-09-30 14:30:38,610 - torchtitan.observability.metrics - WARNING - 5 CUDA memory allocation retries.
[rank0]:[titan] 2026-09-30 14:30:38,610 - torchtitan.observability.metrics - INFO - [31mstep:  3  [32mloss: -1.00000  [38;2;180;60;0mgrad_norm: 24.2500  [38;2;54;234;195mmemory: 75.55GiB(95.38%)  [34mtps: 2,823  [36mtflops: 107.66  [35mmfu: 10.89%[39m
[rank0]:[rank0]:[W930 14:30:39.036070230 CUDACachingAllocator.cpp:623] expandable_segments: memory mapping failed with OOM on device 0 while trying to map 20971520 bytes (free: 18022400, total: 85049802752).
[rank0]:[rank0]:[W930 14:30:43.962439749 CUDACachingAllocator.cpp:623] expandable_segments: memory mapping failed with OOM on device 0 while trying to map 20971520 bytes (free: 15925248, total: 85049802752).
[rank0]:[rank0]:[W930 14:30:43.364609505 CUDACachingAllocator.cpp:623] expandable_segments: memory mapping failed with OOM on device 0 while trying to map 20971520 bytes (free: 20119552, total: 85049802752).
[rank0]:[titan] 2026-09-30 14:30:44,092 - torchtitan.observability.metrics - WARNING - 8 CUDA memory allocation retries.
[rank1]:[titan] 2026-09-30 14:30:44,081 - torchtitan.observability.metrics - INFO - [31mstep:  4  [32mloss:  9.84072  [38;2;180;60;0mgrad_norm: 75.0000  [38;2;54;234;195mmemory: 68.62GiB(86.63%)  [34mtps: 2,989  [36mtflops: 113.97  [35mmfu: 11.52%[39m
[rank0]:[titan] 2026-09-30 14:30:44,092 - torchtitan.observability.metrics - INFO - [31mstep:  4  [32mloss: -1.00000  [38;2;180;60;0mgrad_norm: 75.0000  [38;2;54;234;195mmemory: 75.55GiB(95.38%)  [34mtps: 2,989  [36mtflops: 113.96  [35mmfu: 11.52%[39m
[rank0]:[rank0]:[W930 14:30:44.513746784 CUDACachingAllocator.cpp:623] expandable_segments: memory mapping failed with OOM on device 0 while trying to map 20971520 bytes (free: 18022400, total: 85049802752).
[rank0]:[rank0]:[W930 14:30:48.425586755 CUDACachingAllocator.cpp:623] expandable_segments: memory mapping failed with OOM on device 0 while trying to map 20971520 bytes (free: 15925248, total: 85049802752).
[rank0]:[rank0]:[W930 14:30:49.833055531 CUDACachingAllocator.cpp:623] expandable_segments: memory mapping failed with OOM on device 0 while trying to map 20971520 bytes (free: 20119552, total: 85049802752).
[rank0]:[titan] 2026-09-30 14:30:49,559 - torchtitan.observability.metrics - WARNING - 11 CUDA memory allocation retries.
[rank1]:[titan] 2026-09-30 14:30:49,547 - torchtitan.observability.metrics - INFO - [31mstep:  5  [32mloss:  7.89341  [38;2;180;60;0mgrad_norm: 60.7500  [38;2;54;234;195mmemory: 68.62GiB(86.63%)  [34mtps: 2,997  [36mtflops: 114.29  [35mmfu: 11.56%[39m
[rank0]:[titan] 2026-09-30 14:30:49,559 - torchtitan.observability.metrics - INFO - [31mstep:  5  [32mloss: -1.00000  [38;2;180;60;0mgrad_norm: 60.7500  [38;2;54;234;195mmemory: 72.54GiB(91.58%)  [34mtps: 2,997  [36mtflops: 114.29  [35mmfu: 11.56%[39m
[rank0]:[rank0]:[W930 14:30:50.981087807 CUDACachingAllocator.cpp:623] expandable_segments: memory mapping failed with OOM on device 0 while trying to map 20971520 bytes (free: 18022400, total: 85049802752).
[rank0]:[rank0]:[W930 14:30:54.824058065 CUDACachingAllocator.cpp:623] expandable_segments: memory mapping failed with OOM on device 0 while trying to map 20971520 bytes (free: 15925248, total: 85049802752).
[rank0]:[rank0]:[W930 14:30:54.239285589 CUDACachingAllocator.cpp:623] expandable_segments: memory mapping failed with OOM on device 0 while trying to map 20971520 bytes (free: 20119552, total: 85049802752).
[rank1]:[titan] 2026-09-30 14:30:54,951 - torchtitan.observability.metrics - INFO - [31mstep:  6  [32mloss:  5.60671  [38;2;180;60;0mgrad_norm: 19.0000  [38;2;54;234;195mmemory: 68.62GiB(86.63%)  [34mtps: 3,032  [36mtflops: 115.63  [35mmfu: 11.69%[39m
[rank0]:[titan] 2026-09-30 14:30:54,962 - torchtitan.observability.metrics - WARNING - 14 CUDA memory allocation retries.
[rank0]:[titan] 2026-09-30 14:30:54,962 - torchtitan.observability.metrics - INFO - [31mstep:  6  [32mloss: -1.00000  [38;2;180;60;0mgrad_norm: 19.0000  [38;2;54;234;195mmemory: 75.61GiB(95.46%)  [34mtps: 3,032  [36mtflops: 115.62  [35mmfu: 11.69%[39m
[rank0]:[rank0]:[W930 14:30:55.316841017 CUDACachingAllocator.cpp:623] expandable_segments: memory mapping failed with OOM on device 0 while trying to map 20971520 bytes (free: 18022400, total: 85049802752).
[rank0]:[rank0]:[W930 14:30:59.147395482 CUDACachingAllocator.cpp:623] expandable_segments: memory mapping failed with OOM on device 0 while trying to map 20971520 bytes (free: 15925248, total: 85049802752).
[rank0]:[rank0]:[W930 14:31:00.563131288 CUDACachingAllocator.cpp:623] expandable_segments: memory mapping failed with OOM on device 0 while trying to map 20971520 bytes (free: 20119552, total: 85049802752).
[rank0]:[titan] 2026-09-30 14:31:00,298 - torchtitan.observability.metrics - WARNING - 17 CUDA memory allocation retries.
[rank1]:[titan] 2026-09-30 14:31:00,287 - torchtitan.observability.metrics - INFO - [31mstep:  7  [32mloss:  6.75588  [38;2;180;60;0mgrad_norm: 28.5000  [38;2;54;234;195mmemory: 68.62GiB(86.63%)  [34mtps: 3,071  [36mtflops: 117.08  [35mmfu: 11.84%[39m
[rank0]:[titan] 2026-09-30 14:31:00,299 - torchtitan.observability.metrics - INFO - [31mstep:  7  [32mloss: -1.00000  [38;2;180;60;0mgrad_norm: 28.5000  [38;2;54;234;195mmemory: 75.53GiB(95.36%)  [34mtps: 3,071  [36mtflops: 117.08  [35mmfu: 11.84%[39m
[rank0]:[rank0]:[W930 14:31:01.684840119 CUDACachingAllocator.cpp:623] expandable_segments: memory mapping failed with OOM on device 0 while trying to map 20971520 bytes (free: 18022400, total: 85049802752).
[rank0]:[rank0]:[W930 14:31:05.634277209 CUDACachingAllocator.cpp:623] expandable_segments: memory mapping failed with OOM on device 0 while trying to map 20971520 bytes (free: 15925248, total: 85049802752).
[rank1]:[titan] 2026-09-30 14:31:05,510 - torchtitan.observability.metrics - INFO - [31mstep:  8  [32mloss:  7.22866  [38;2;180;60;0mgrad_norm: 22.7500  [38;2;54;234;195mmemory: 68.62GiB(86.63%)  [34mtps: 3,137  [36mtflops: 119.63  [35mmfu: 12.10%[39m
[rank0]:[titan] 2026-09-30 14:31:05,521 - torchtitan.observability.metrics - WARNING - 19 CUDA memory allocation retries.
[rank0]:[titan] 2026-09-30 14:31:05,521 - torchtitan.observability.metrics - INFO - [31mstep:  8  [32mloss: -1.00000  [38;2;180;60;0mgrad_norm: 22.7500  [38;2;54;234;195mmemory: 75.63GiB(95.48%)  [34mtps: 3,137  [36mtflops: 119.63  [35mmfu: 12.10%[39m
[rank0]:[rank0]:[W930 14:31:06.852803260 CUDACachingAllocator.cpp:623] expandable_segments: memory mapping failed with OOM on device 0 while trying to map 20971520 bytes (free: 18022400, total: 85049802752).
[rank0]:[rank0]:[W930 14:31:10.763955957 CUDACachingAllocator.cpp:623] expandable_segments: memory mapping failed with OOM on device 0 while trying to map 20971520 bytes (free: 15925248, total: 85049802752).
[rank0]:[rank0]:[W930 14:31:10.138112874 CUDACachingAllocator.cpp:623] expandable_segments: memory mapping failed with OOM on device 0 while trying to map 20971520 bytes (free: 20119552, total: 85049802752).
[rank0]:[titan] 2026-09-30 14:31:10,888 - torchtitan.observability.metrics - WARNING - 22 CUDA memory allocation retries.
[rank1]:[titan] 2026-09-30 14:31:10,877 - torchtitan.observability.metrics - INFO - [31mstep:  9  [32mloss:  7.98836  [38;2;180;60;0mgrad_norm: 65.5000  [38;2;54;234;195mmemory: 68.62GiB(86.63%)  [34mtps: 3,053  [36mtflops: 116.40  [35mmfu: 11.77%[39m
[rank0]:[titan] 2026-09-30 14:31:10,889 - torchtitan.observability.metrics - INFO - [31mstep:  9  [32mloss: -1.00000  [38;2;180;60;0mgrad_norm: 65.5000  [38;2;54;234;195mmemory: 75.40GiB(95.19%)  [34mtps: 3,053  [36mtflops: 116.40  [35mmfu: 11.77%[39m
[rank0]:[rank0]:[W930 14:31:11.316746009 CUDACachingAllocator.cpp:623] expandable_segments: memory mapping failed with OOM on device 0 while trying to map 20971520 bytes (free: 18022400, total: 85049802752).
[rank0]:[rank0]:[W930 14:31:15.151972734 CUDACachingAllocator.cpp:623] expandable_segments: memory mapping failed with OOM on device 0 while trying to map 20971520 bytes (free: 15925248, total: 85049802752).
[rank0]:[rank0]:[W930 14:31:16.565483040 CUDACachingAllocator.cpp:623] expandable_segments: memory mapping failed with OOM on device 0 while trying to map 20971520 bytes (free: 20119552, total: 85049802752).
[rank0]:[titan] 2026-09-30 14:31:16,284 - torchtitan.observability.metrics - WARNING - 25 CUDA memory allocation retries.
[rank1]:[titan] 2026-09-30 14:31:16,272 - torchtitan.observability.metrics - INFO - [31mstep: 10  [32mloss:  6.92955  [38;2;180;60;0mgrad_norm: 23.1250  [38;2;54;234;195mmemory: 68.62GiB(86.63%)  [34mtps: 3,037  [36mtflops: 115.80  [35mmfu: 11.71%[39m
[rank0]:[titan] 2026-09-30 14:31:16,284 - torchtitan.observability.metrics - INFO - [31mstep: 10  [32mloss: -1.00000  [38;2;180;60;0mgrad_norm: 23.1250  [38;2;54;234;195mmemory: 75.53GiB(95.36%)  [34mtps: 3,037  [36mtflops: 115.80  [35mmfu: 11.71%[39m
[rank0]:[rank0]:[W930 14:31:17.711048075 CUDACachingAllocator.cpp:623] expandable_segments: memory mapping failed with OOM on device 0 while trying to map 20971520 bytes (free: 18022400, total: 85049802752).
[rank0]:[rank0]:[W930 14:31:20.528377075 CUDACachingAllocator.cpp:623] expandable_segments: memory mapping failed with OOM on device 0 while trying to map 20971520 bytes (free: 15925248, total: 85049802752).
[rank0]:[rank0]:[W930 14:31:21.925535763 CUDACachingAllocator.cpp:623] expandable_segments: memory mapping failed with OOM on device 0 while trying to map 20971520 bytes (free: 20119552, total: 85049802752).
[rank1]:[titan] 2026-09-30 14:31:21,650 - torchtitan.observability.metrics - INFO - [31mstep: 11  [32mloss:  7.23965  [38;2;180;60;0mgrad_norm: 26.2500  [38;2;54;234;195mmemory: 68.62GiB(86.63%)  [34mtps: 3,047  [36mtflops: 116.18  [35mmfu: 11.75%[39m
[rank0]:[titan] 2026-09-30 14:31:21,661 - torchtitan.observability.metrics - WARNING - 28 CUDA memory allocation retries.
[rank0]:[titan] 2026-09-30 14:31:21,662 - torchtitan.observability.metrics - INFO - [31mstep: 11  [32mloss: -1.00000  [38;2;180;60;0mgrad_norm: 26.2500  [38;2;54;234;195mmemory: 75.47GiB(95.28%)  [34mtps: 3,047  [36mtflops: 116.18  [35mmfu: 11.75%[39m
[rank0]:[rank0]:[W930 14:31:22.067791651 CUDACachingAllocator.cpp:623] expandable_segments: memory mapping failed with OOM on device 0 while trying to map 20971520 bytes (free: 18022400, total: 85049802752).
[rank0]:[rank0]:[W930 14:31:26.066155448 CUDACachingAllocator.cpp:623] expandable_segments: memory mapping failed with OOM on device 0 while trying to map 20971520 bytes (free: 15925248, total: 85049802752).
[rank1]:[titan] 2026-09-30 14:31:26,919 - torchtitan.observability.metrics - INFO - [31mstep: 12  [32mloss:  6.85818  [38;2;180;60;0mgrad_norm: 38.0000  [38;2;54;234;195mmemory: 68.62GiB(86.63%)  [34mtps: 3,110  [36mtflops: 118.59  [35mmfu: 11.99%[39m
[rank0]:[titan] 2026-09-30 14:31:26,930 - torchtitan.observability.metrics - WARNING - 30 CUDA memory allocation retries.
[rank0]:[titan] 2026-09-30 14:31:26,930 - torchtitan.observability.metrics - INFO - [31mstep: 12  [32mloss: -1.00000  [38;2;180;60;0mgrad_norm: 38.0000  [38;2;54;234;195mmemory: 75.59GiB(95.43%)  [34mtps: 3,110  [36mtflops: 118.58  [35mmfu: 11.99%[39m
[rank0]:[rank0]:[W930 14:31:27.260432979 CUDACachingAllocator.cpp:623] expandable_segments: memory mapping failed with OOM on device 0 while trying to map 20971520 bytes (free: 18022400, total: 85049802752).
[rank0]:[rank0]:[W930 14:31:31.150675527 CUDACachingAllocator.cpp:623] expandable_segments: memory mapping failed with OOM on device 0 while trying to map 20971520 bytes (free: 15925248, total: 85049802752).
[rank0]:[rank0]:[W930 14:31:32.541734087 CUDACachingAllocator.cpp:623] expandable_segments: memory mapping failed with OOM on device 0 while trying to map 20971520 bytes (free: 20119552, total: 85049802752).
[rank0]:[titan] 2026-09-30 14:31:32,263 - torchtitan.observability.metrics - WARNING - 33 CUDA memory allocation retries.
[rank0]:[titan] 2026-09-30 14:31:32,263 - torchtitan.observability.metrics - INFO - [31mstep: 13  [32mloss: -1.00000  [38;2;180;60;0mgrad_norm: 18.1250  [38;2;54;234;195mmemory: 75.61GiB(95.46%)  [34mtps: 3,073  [36mtflops: 117.16  [35mmfu: 11.85%[39m
[rank1]:[titan] 2026-09-30 14:31:32,251 - torchtitan.observability.metrics - INFO - [31mstep: 13  [32mloss:  6.46574  [38;2;180;60;0mgrad_norm: 18.1250  [38;2;54;234;195mmemory: 68.62GiB(86.63%)  [34mtps: 3,073  [36mtflops: 117.16  [35mmfu: 11.85%[39m
[rank0]:[rank0]:[W930 14:31:33.629758094 CUDACachingAllocator.cpp:623] expandable_segments: memory mapping failed with OOM on device 0 while trying to map 20971520 bytes (free: 18022400, total: 85049802752).
[rank0]:[rank0]:[W930 14:31:36.467892743 CUDACachingAllocator.cpp:623] expandable_segments: memory mapping failed with OOM on device 0 while trying to map 20971520 bytes (free: 15925248, total: 85049802752).
[rank0]:[rank0]:[W930 14:31:37.852696471 CUDACachingAllocator.cpp:623] expandable_segments: memory mapping failed with OOM on device 0 while trying to map 20971520 bytes (free: 20119552, total: 85049802752).
[rank0]:[titan] 2026-09-30 14:31:37,613 - torchtitan.observability.metrics - WARNING - 36 CUDA memory allocation retries.
[rank1]:[titan] 2026-09-30 14:31:37,602 - torchtitan.observability.metrics - INFO - [31mstep: 14  [32mloss:  6.03626  [38;2;180;60;0mgrad_norm: 20.5000  [38;2;54;234;195mmemory: 68.62GiB(86.63%)  [34mtps: 3,062  [36mtflops: 116.76  [35mmfu: 11.81%[39m
[rank0]:[titan] 2026-09-30 14:31:37,613 - torchtitan.observability.metrics - INFO - [31mstep: 14  [32mloss: -1.00000  [38;2;180;60;0mgrad_norm: 20.5000  [38;2;54;234;195mmemory: 75.49GiB(95.31%)  [34mtps: 3,062  [36mtflops: 116.76  [35mmfu: 11.81%[39m
[rank0]:[rank0]:[W930 14:31:38.021732780 CUDACachingAllocator.cpp:623] expandable_segments: memory mapping failed with OOM on device 0 while trying to map 20971520 bytes (free: 18022400, total: 85049802752).
[rank0]:[rank0]:[W930 14:31:42.000803878 CUDACachingAllocator.cpp:623] expandable_segments: memory mapping failed with OOM on device 0 while trying to map 20971520 bytes (free: 15925248, total: 85049802752).
[rank1]:[titan] 2026-09-30 14:31:42,843 - torchtitan.observability.metrics - INFO - [31mstep: 15  [32mloss:  5.49538  [38;2;180;60;0mgrad_norm: 23.1250  [38;2;54;234;195mmemory: 68.62GiB(86.63%)  [34mtps: 3,126  [36mtflops: 119.21  [35mmfu: 12.05%[39m
[rank0]:[titan] 2026-09-30 14:31:42,855 - torchtitan.observability.metrics - WARNING - 38 CUDA memory allocation retries.
[rank0]:[titan] 2026-09-30 14:31:42,855 - torchtitan.observability.metrics - INFO - [31mstep: 15  [32mloss: -1.00000  [38;2;180;60;0mgrad_norm: 23.1250  [38;2;54;234;195mmemory: 75.57GiB(95.41%)  [34mtps: 3,126  [36mtflops: 119.20  [35mmfu: 12.05%[39m
[rank0]:[rank0]:[W930 14:31:43.176632853 CUDACachingAllocator.cpp:623] expandable_segments: memory mapping failed with OOM on device 0 while trying to map 20971520 bytes (free: 18022400, total: 85049802752).
[rank0]:[rank0]:[W930 14:31:47.043074874 CUDACachingAllocator.cpp:623] expandable_segments: memory mapping failed with OOM on device 0 while trying to map 20971520 bytes (free: 15925248, total: 85049802752).
[rank0]:[rank0]:[W930 14:31:47.470277976 CUDACachingAllocator.cpp:623] expandable_segments: memory mapping failed with OOM on device 0 while trying to map 20971520 bytes (free: 20119552, total: 85049802752).
[rank0]:[titan] 2026-09-30 14:31:48,157 - torchtitan.observability.metrics - WARNING - 41 CUDA memory allocation retries.
[rank0]:[titan] 2026-09-30 14:31:48,157 - torchtitan.observability.metrics - INFO - [31mstep: 16  [32mloss: -1.00000  [38;2;180;60;0mgrad_norm: 29.0000  [38;2;54;234;195mmemory: 75.61GiB(95.45%)  [34mtps: 3,090  [36mtflops: 117.82  [35mmfu: 11.91%[39m
[rank1]:[titan] 2026-09-30 14:31:48,146 - torchtitan.observability.metrics - INFO - [31mstep: 16  [32mloss:  4.70706  [38;2;180;60;0mgrad_norm: 29.0000  [38;2;54;234;195mmemory: 68.62GiB(86.63%)  [34mtps: 3,090  [36mtflops: 117.82  [35mmfu: 11.91%[39m
[rank0]:[rank0]:[W930 14:31:49.559439488 CUDACachingAllocator.cpp:623] expandable_segments: memory mapping failed with OOM on device 0 while trying to map 20971520 bytes (free: 18022400, total: 85049802752).
[rank0]:[rank0]:[W930 14:31:52.383481257 CUDACachingAllocator.cpp:623] expandable_segments: memory mapping failed with OOM on device 0 while trying to map 20971520 bytes (free: 15925248, total: 85049802752).
[rank0]:[rank0]:[W930 14:31:53.764927109 CUDACachingAllocator.cpp:623] expandable_segments: memory mapping failed with OOM on device 0 while trying to map 20971520 bytes (free: 20119552, total: 85049802752).
[rank0]:[titan] 2026-09-30 14:31:53,527 - torchtitan.observability.metrics - WARNING - 44 CUDA memory allocation retries.
[rank1]:[titan] 2026-09-30 14:31:53,516 - torchtitan.observability.metrics - INFO - [31mstep: 17  [32mloss:  4.33547  [38;2;180;60;0mgrad_norm: 50.7500  [38;2;54;234;195mmemory: 68.62GiB(86.63%)  [34mtps: 3,051  [36mtflops: 116.35  [35mmfu: 11.76%[39m
[rank0]:[titan] 2026-09-30 14:31:53,527 - torchtitan.observability.metrics - INFO - [31mstep: 17  [32mloss: -1.00000  [38;2;180;60;0mgrad_norm: 50.7500  [38;2;54;234;195mmemory: 75.57GiB(95.41%)  [34mtps: 3,051  [36mtflops: 116.35  [35mmfu: 11.76%[39m
[rank0]:[rank0]:[W930 14:31:54.896282640 CUDACachingAllocator.cpp:623] expandable_segments: memory mapping failed with OOM on device 0 while trying to map 20971520 bytes (free: 18022400, total: 85049802752).
[rank0]:[rank0]:[W930 14:31:58.768441158 CUDACachingAllocator.cpp:623] expandable_segments: memory mapping failed with OOM on device 0 while trying to map 20971520 bytes (free: 15925248, total: 85049802752).
[rank0]:[rank0]:[W930 14:31:58.150824192 CUDACachingAllocator.cpp:623] expandable_segments: memory mapping failed with OOM on device 0 while trying to map 20971520 bytes (free: 20119552, total: 85049802752).
[rank0]:[titan] 2026-09-30 14:31:58,920 - torchtitan.observability.metrics - WARNING - 47 CUDA memory allocation retries.
[rank1]:[titan] 2026-09-30 14:31:58,908 - torchtitan.observability.metrics - INFO - [31mstep: 18  [32mloss:  4.98576  [38;2;180;60;0mgrad_norm: 27.0000  [38;2;54;234;195mmemory: 68.62GiB(86.63%)  [34mtps: 3,038  [36mtflops: 115.85  [35mmfu: 11.71%[39m
[rank0]:[titan] 2026-09-30 14:31:58,920 - torchtitan.observability.metrics - INFO - [31mstep: 18  [32mloss: -1.00000  [38;2;180;60;0mgrad_norm: 27.0000  [38;2;54;234;195mmemory: 75.53GiB(95.36%)  [34mtps: 3,038  [36mtflops: 115.85  [35mmfu: 11.71%[39m
[rank0]:[rank0]:[W930 14:31:59.308467474 CUDACachingAllocator.cpp:623] expandable_segments: memory mapping failed with OOM on device 0 while trying to map 20971520 bytes (free: 18022400, total: 85049802752).
[rank0]:[rank0]:[W930 14:32:03.354893556 CUDACachingAllocator.cpp:623] expandable_segments: memory mapping failed with OOM on device 0 while trying to map 20971520 bytes (free: 15925248, total: 85049802752).
[rank0]:[rank0]:[W930 14:32:04.760489095 CUDACachingAllocator.cpp:623] expandable_segments: memory mapping failed with OOM on device 0 while trying to map 20971520 bytes (free: 20119552, total: 85049802752).
[rank1]:[titan] 2026-09-30 14:32:04,508 - torchtitan.observability.metrics - INFO - [31mstep: 19  [32mloss:  4.42309  [38;2;180;60;0mgrad_norm: 22.7500  [38;2;54;234;195mmemory: 68.62GiB(86.63%)  [34mtps: 2,926  [36mtflops: 111.58  [35mmfu: 11.28%[39m
[rank0]:[titan] 2026-09-30 14:32:04,519 - torchtitan.observability.metrics - WARNING - 50 CUDA memory allocation retries.
[rank0]:[titan] 2026-09-30 14:32:04,519 - torchtitan.observability.metrics - INFO - [31mstep: 19  [32mloss: -1.00000  [38;2;180;60;0mgrad_norm: 22.7500  [38;2;54;234;195mmemory: 75.47GiB(95.28%)  [34mtps: 2,926  [36mtflops: 111.58  [35mmfu: 11.28%[39m
[rank0]:[rank0]:[W930 14:32:05.899948982 CUDACachingAllocator.cpp:623] expandable_segments: memory mapping failed with OOM on device 0 while trying to map 20971520 bytes (free: 18022400, total: 85049802752).
[rank0]:[rank0]:[W930 14:32:09.869938341 CUDACachingAllocator.cpp:623] expandable_segments: memory mapping failed with OOM on device 0 while trying to map 20971520 bytes (free: 15925248, total: 85049802752).
[rank1]:[titan] 2026-09-30 14:32:09,721 - torchtitan.observability.metrics - INFO - [31mstep: 20  [32mloss:  4.06530  [38;2;180;60;0mgrad_norm: 13.0000  [38;2;54;234;195mmemory: 68.62GiB(86.63%)  [34mtps: 3,143  [36mtflops: 119.84  [35mmfu: 12.12%[39m
[rank0]:[titan] 2026-09-30 14:32:09,733 - torchtitan.observability.metrics - WARNING - 52 CUDA memory allocation retries.
[rank0]:[titan] 2026-09-30 14:32:09,733 - torchtitan.observability.metrics - INFO - [31mstep: 20  [32mloss: -1.00000  [38;2;180;60;0mgrad_norm: 13.0000  [38;2;54;234;195mmemory: 75.57GiB(95.41%)  [34mtps: 3,143  [36mtflops: 119.84  [35mmfu: 12.12%[39m
[rank0]:[rank0]:[W930 14:32:10.081079990 CUDACachingAllocator.cpp:623] expandable_segments: memory mapping failed with OOM on device 0 while trying to map 20971520 bytes (free: 18022400, total: 85049802752).
[rank0]:[rank0]:[W930 14:32:14.935125546 CUDACachingAllocator.cpp:623] expandable_segments: memory mapping failed with OOM on device 0 while trying to map 20971520 bytes (free: 15925248, total: 85049802752).
[rank0]:[rank0]:[W930 14:32:14.333397818 CUDACachingAllocator.cpp:623] expandable_segments: memory mapping failed with OOM on device 0 while trying to map 20971520 bytes (free: 20119552, total: 85049802752).
[rank0]:[titan] 2026-09-30 14:32:15,054 - torchtitan.observability.metrics - WARNING - 55 CUDA memory allocation retries.
[rank1]:[titan] 2026-09-30 14:32:15,043 - torchtitan.observability.metrics - INFO - [31mstep: 21  [32mloss:  3.70370  [38;2;180;60;0mgrad_norm: 12.9375  [38;2;54;234;195mmemory: 68.62GiB(86.63%)  [34mtps: 3,079  [36mtflops: 117.40  [35mmfu: 11.87%[39m
[rank0]:[titan] 2026-09-30 14:32:15,054 - torchtitan.observability.metrics - INFO - [31mstep: 21  [32mloss: -1.00000  [38;2;180;60;0mgrad_norm: 12.9375  [38;2;54;234;195mmemory: 75.30GiB(95.06%)  [34mtps: 3,079  [36mtflops: 117.40  [35mmfu: 11.87%[39m
[rank0]:[rank0]:[W930 14:32:15.443481155 CUDACachingAllocator.cpp:623] expandable_segments: memory mapping failed with OOM on device 0 while trying to map 20971520 bytes (free: 18022400, total: 85049802752).
[rank0]:[rank0]:[W930 14:32:19.280677645 CUDACachingAllocator.cpp:623] expandable_segments: memory mapping failed with OOM on device 0 while trying to map 20971520 bytes (free: 15925248, total: 85049802752).
[rank0]:[rank0]:[W930 14:32:20.708158685 CUDACachingAllocator.cpp:623] expandable_segments: memory mapping failed with OOM on device 0 while trying to map 20971520 bytes (free: 20119552, total: 85049802752).
[rank0]:[titan] 2026-09-30 14:32:20,393 - torchtitan.observability.metrics - WARNING - 58 CUDA memory allocation retries.
[rank1]:[titan] 2026-09-30 14:32:20,381 - torchtitan.observability.metrics - INFO - [31mstep: 22  [32mloss:  3.63061  [38;2;180;60;0mgrad_norm: 45.0000  [38;2;54;234;195mmemory: 68.62GiB(86.63%)  [34mtps: 3,069  [36mtflops: 117.04  [35mmfu: 11.83%[39m
[rank0]:[titan] 2026-09-30 14:32:20,393 - torchtitan.observability.metrics - INFO - [31mstep: 22  [32mloss: -1.00000  [38;2;180;60;0mgrad_norm: 45.0000  [38;2;54;234;195mmemory: 75.51GiB(95.33%)  [34mtps: 3,069  [36mtflops: 117.04  [35mmfu: 11.83%[39m
[rank0]:[rank0]:[W930 14:32:21.770675435 CUDACachingAllocator.cpp:623] expandable_segments: memory mapping failed with OOM on device 0 while trying to map 20971520 bytes (free: 18022400, total: 85049802752).
[rank0]:[rank0]:[W930 14:32:25.746343484 CUDACachingAllocator.cpp:623] expandable_segments: memory mapping failed with OOM on device 0 while trying to map 20971520 bytes (free: 15925248, total: 85049802752).
[rank1]:[titan] 2026-09-30 14:32:25,589 - torchtitan.observability.metrics - INFO - [31mstep: 23  [32mloss:  3.89747  [38;2;180;60;0mgrad_norm: 14.4375  [38;2;54;234;195mmemory: 68.62GiB(86.63%)  [34mtps: 3,146  [36mtflops: 119.97  [35mmfu: 12.13%[39m
[rank0]:[titan] 2026-09-30 14:32:25,600 - torchtitan.observability.metrics - WARNING - 60 CUDA memory allocation retries.
[rank0]:[titan] 2026-09-30 14:32:25,600 - torchtitan.observability.metrics - INFO - [31mstep: 23  [32mloss: -1.00000  [38;2;180;60;0mgrad_norm: 14.4375  [38;2;54;234;195mmemory: 75.59GiB(95.43%)  [34mtps: 3,146  [36mtflops: 119.97  [35mmfu: 12.13%[39m
[rank0]:[rank0]:[W930 14:32:26.895082423 CUDACachingAllocator.cpp:623] expandable_segments: memory mapping failed with OOM on device 0 while trying to map 20971520 bytes (free: 18022400, total: 85049802752).
[rank0]:[rank0]:[W930 14:32:30.797654599 CUDACachingAllocator.cpp:623] expandable_segments: memory mapping failed with OOM on device 0 while trying to map 20971520 bytes (free: 15925248, total: 85049802752).
[rank0]:[rank0]:[W930 14:32:30.221501420 CUDACachingAllocator.cpp:623] expandable_segments: memory mapping failed with OOM on device 0 while trying to map 20971520 bytes (free: 20119552, total: 85049802752).
[rank1]:[titan] 2026-09-30 14:32:30,897 - torchtitan.observability.metrics - INFO - [31mstep: 24  [32mloss:  3.63862  [38;2;180;60;0mgrad_norm: 12.8125  [38;2;54;234;195mmemory: 68.62GiB(86.63%)  [34mtps: 3,087  [36mtflops: 117.71  [35mmfu: 11.90%[39m
[rank0]:[titan] 2026-09-30 14:32:30,908 - torchtitan.observability.metrics - WARNING - 63 CUDA memory allocation retries.
[rank0]:[titan] 2026-09-30 14:32:30,908 - torchtitan.observability.metrics - INFO - [31mstep: 24  [32mloss: -1.00000  [38;2;180;60;0mgrad_norm: 12.8125  [38;2;54;234;195mmemory: 75.59GiB(95.43%)  [34mtps: 3,087  [36mtflops: 117.70  [35mmfu: 11.90%[39m
[rank0]:[rank0]:[W930 14:32:31.315234980 CUDACachingAllocator.cpp:623] expandable_segments: memory mapping failed with OOM on device 0 while trying to map 20971520 bytes (free: 18022400, total: 85049802752).
[rank0]:[rank0]:[W930 14:32:35.156163311 CUDACachingAllocator.cpp:623] expandable_segments: memory mapping failed with OOM on device 0 while trying to map 20971520 bytes (free: 15925248, total: 85049802752).
[rank0]:[rank0]:[W930 14:32:36.564369000 CUDACachingAllocator.cpp:623] expandable_segments: memory mapping failed with OOM on device 0 while trying to map 20971520 bytes (free: 20119552, total: 85049802752).
[rank0]:[titan] 2026-09-30 14:32:36,270 - torchtitan.observability.metrics - WARNING - 66 CUDA memory allocation retries.
[rank0]:[titan] 2026-09-30 14:32:36,270 - torchtitan.observability.metrics - INFO - [31mstep: 25  [32mloss: -1.00000  [38;2;180;60;0mgrad_norm: 11.7500  [38;2;54;234;195mmemory: 75.55GiB(95.38%)  [34mtps: 3,056  [36mtflops: 116.52  [35mmfu: 11.78%[39m
[rank1]:[titan] 2026-09-30 14:32:36,259 - torchtitan.observability.metrics - INFO - [31mstep: 25  [32mloss:  3.27112  [38;2;180;60;0mgrad_norm: 11.7500  [38;2;54;234;195mmemory: 68.62GiB(86.63%)  [34mtps: 3,056  [36mtflops: 116.52  [35mmfu: 11.78%[39m
[rank0]:[rank0]:[W930 14:32:37.660051422 CUDACachingAllocator.cpp:623] expandable_segments: memory mapping failed with OOM on device 0 while trying to map 20971520 bytes (free: 18022400, total: 85049802752).
[rank0]:[rank0]:[W930 14:32:40.503257484 CUDACachingAllocator.cpp:623] expandable_segments: memory mapping failed with OOM on device 0 while trying to map 20971520 bytes (free: 15925248, total: 85049802752).
[rank0]:[rank0]:[W930 14:32:41.878334197 CUDACachingAllocator.cpp:623] expandable_segments: memory mapping failed with OOM on device 0 while trying to map 20971520 bytes (free: 20119552, total: 85049802752).
[rank1]:[titan] 2026-09-30 14:32:41,607 - torchtitan.observability.metrics - INFO - [31mstep: 26  [32mloss:  3.39925  [38;2;180;60;0mgrad_norm: 15.0000  [38;2;54;234;195mmemory: 68.62GiB(86.63%)  [34mtps: 3,063  [36mtflops: 116.81  [35mmfu: 11.81%[39m
[rank0]:[titan] 2026-09-30 14:32:41,619 - torchtitan.observability.metrics - WARNING - 69 CUDA memory allocation retries.
[rank0]:[titan] 2026-09-30 14:32:41,619 - torchtitan.observability.metrics - INFO - [31mstep: 26  [32mloss: -1.00000  [38;2;180;60;0mgrad_norm: 15.0000  [38;2;54;234;195mmemory: 75.59GiB(95.43%)  [34mtps: 3,063  [36mtflops: 116.81  [35mmfu: 11.81%[39m
[rank0]:[rank0]:[W930 14:32:42.008758760 CUDACachingAllocator.cpp:623] expandable_segments: memory mapping failed with OOM on device 0 while trying to map 20971520 bytes (free: 18022400, total: 85049802752).
[rank0]:[rank0]:[W930 14:32:46.949738523 CUDACachingAllocator.cpp:623] expandable_segments: memory mapping failed with OOM on device 0 while trying to map 20971520 bytes (free: 15925248, total: 85049802752).
[rank0]:[titan] 2026-09-30 14:32:46,807 - torchtitan.observability.metrics - WARNING - 71 CUDA memory allocation retries.
[rank0]:[titan] 2026-09-30 14:32:46,807 - torchtitan.observability.metrics - INFO - [31mstep: 27  [32mloss: -1.00000  [38;2;180;60;0mgrad_norm:  9.5000  [38;2;54;234;195mmemory: 75.61GiB(95.46%)  [34mtps: 3,158  [36mtflops: 120.43  [35mmfu: 12.18%[39m
[rank1]:[titan] 2026-09-30 14:32:46,795 - torchtitan.observability.metrics - INFO - [31mstep: 27  [32mloss:  3.27614  [38;2;180;60;0mgrad_norm:  9.5000  [38;2;54;234;195mmemory: 68.62GiB(86.63%)  [34mtps: 3,158  [36mtflops: 120.43  [35mmfu: 12.18%[39m
[rank0]:[rank0]:[W930 14:32:47.085209755 CUDACachingAllocator.cpp:623] expandable_segments: memory mapping failed with OOM on device 0 while trying to map 20971520 bytes (free: 18022400, total: 85049802752).
[rank0]:[rank0]:[W930 14:32:51.947960367 CUDACachingAllocator.cpp:623] expandable_segments: memory mapping failed with OOM on device 0 while trying to map 20971520 bytes (free: 15925248, total: 85049802752).
[rank0]:[rank0]:[W930 14:32:51.384193812 CUDACachingAllocator.cpp:623] expandable_segments: memory mapping failed with OOM on device 0 while trying to map 20971520 bytes (free: 20119552, total: 85049802752).
[rank0]:[titan] 2026-09-30 14:32:52,067 - torchtitan.observability.metrics - WARNING - 74 CUDA memory allocation retries.
[rank1]:[titan] 2026-09-30 14:32:52,056 - torchtitan.observability.metrics - INFO - [31mstep: 28  [32mloss:  3.29470  [38;2;180;60;0mgrad_norm:  8.7500  [38;2;54;234;195mmemory: 68.62GiB(86.63%)  [34mtps: 3,115  [36mtflops: 118.76  [35mmfu: 12.01%[39m
[rank0]:[titan] 2026-09-30 14:32:52,068 - torchtitan.observability.metrics - INFO - [31mstep: 28  [32mloss: -1.00000  [38;2;180;60;0mgrad_norm:  8.7500  [38;2;54;234;195mmemory: 75.63GiB(95.48%)  [34mtps: 3,115  [36mtflops: 118.76  [35mmfu: 12.01%[39m
[rank0]:[rank0]:[W930 14:32:52.503434853 CUDACachingAllocator.cpp:623] expandable_segments: memory mapping failed with OOM on device 0 while trying to map 20971520 bytes (free: 18022400, total: 85049802752).
[rank0]:[rank0]:[W930 14:32:56.364594499 CUDACachingAllocator.cpp:623] expandable_segments: memory mapping failed with OOM on device 0 while trying to map 20971520 bytes (free: 15925248, total: 85049802752).
[rank0]:[rank0]:[W930 14:32:57.886873694 CUDACachingAllocator.cpp:623] expandable_segments: memory mapping failed with OOM on device 0 while trying to map 20971520 bytes (free: 22216704, total: 85049802752).
[rank1]:[titan] 2026-09-30 14:32:57,700 - torchtitan.observability.metrics - INFO - [31mstep: 29  [32mloss:  3.16586  [38;2;180;60;0mgrad_norm:  8.2500  [38;2;54;234;195mmemory: 68.62GiB(86.63%)  [34mtps: 2,903  [36mtflops: 110.71  [35mmfu: 11.19%[39m
[rank0]:[titan] 2026-09-30 14:32:57,711 - torchtitan.observability.metrics - WARNING - 77 CUDA memory allocation retries.
[rank0]:[titan] 2026-09-30 14:32:57,711 - torchtitan.observability.metrics - INFO - [31mstep: 29  [32mloss: -1.00000  [38;2;180;60;0mgrad_norm:  8.2500  [38;2;54;234;195mmemory: 75.61GiB(95.46%)  [34mtps: 2,903  [36mtflops: 110.70  [35mmfu: 11.19%[39m
[rank0]:[rank0]:[W930 14:32:58.184240845 CUDACachingAllocator.cpp:623] expandable_segments: memory mapping failed with OOM on device 0 while trying to map 20971520 bytes (free: 18022400, total: 85049802752).
[rank0]:[rank0]:[W930 14:33:02.122029367 CUDACachingAllocator.cpp:623] expandable_segments: memory mapping failed with OOM on device 0 while trying to map 20971520 bytes (free: 15925248, total: 85049802752).
[rank1]:[titan] 2026-09-30 14:33:02,985 - torchtitan.observability.metrics - INFO - [31mstep: 30  [32mloss:  3.07816  [38;2;180;60;0mgrad_norm:  7.8750  [38;2;54;234;195mmemory: 68.62GiB(86.63%)  [34mtps: 3,100  [36mtflops: 118.21  [35mmfu: 11.95%[39m
[rank0]:[titan] 2026-09-30 14:33:02,996 - torchtitan.observability.metrics - WARNING - 79 CUDA memory allocation retries.
[rank0]:[titan] 2026-09-30 14:33:02,996 - torchtitan.observability.metrics - INFO - [31mstep: 30  [32mloss: -1.00000  [38;2;180;60;0mgrad_norm:  7.8750  [38;2;54;234;195mmemory: 75.53GiB(95.36%)  [34mtps: 3,100  [36mtflops: 118.21  [35mmfu: 11.95%[39m
[rank0]:[rank0]:[W930 14:33:03.327120191 CUDACachingAllocator.cpp:623] expandable_segments: memory mapping failed with OOM on device 0 while trying to map 20971520 bytes (free: 18022400, total: 85049802752).
[rank0]:[rank0]:[W930 14:33:07.209770994 CUDACachingAllocator.cpp:623] expandable_segments: memory mapping failed with OOM on device 0 while trying to map 20971520 bytes (free: 15925248, total: 85049802752).
[rank0]:[rank0]:[W930 14:33:08.602535493 CUDACachingAllocator.cpp:623] expandable_segments: memory mapping failed with OOM on device 0 while trying to map 20971520 bytes (free: 20119552, total: 85049802752).
[rank1]:[titan] 2026-09-30 14:33:08,345 - torchtitan.observability.metrics - INFO - [31mstep: 31  [32mloss:  3.03252  [38;2;180;60;0mgrad_norm:  9.0000  [38;2;54;234;195mmemory: 68.62GiB(86.63%)  [34mtps: 3,057  [36mtflops: 116.57  [35mmfu: 11.79%[39m
[rank0]:[titan] 2026-09-30 14:33:08,356 - torchtitan.observability.metrics - WARNING - 82 CUDA memory allocation retries.
[rank0]:[titan] 2026-09-30 14:33:08,356 - torchtitan.observability.metrics - INFO - [31mstep: 31  [32mloss: -1.00000  [38;2;180;60;0mgrad_norm:  9.0000  [38;2;54;234;195mmemory: 75.47GiB(95.28%)  [34mtps: 3,057  [36mtflops: 116.57  [35mmfu: 11.79%[39m
[rank0]:[rank0]:[W930 14:33:09.739705187 CUDACachingAllocator.cpp:623] expandable_segments: memory mapping failed with OOM on device 0 while trying to map 20971520 bytes (free: 18022400, total: 85049802752).
[rank0]:[rank0]:[W930 14:33:13.588870768 CUDACachingAllocator.cpp:623] expandable_segments: memory mapping failed with OOM on device 0 while trying to map 20971520 bytes (free: 15925248, total: 85049802752).
[rank0]:[rank0]:[W930 14:33:13.011294631 CUDACachingAllocator.cpp:623] expandable_segments: memory mapping failed with OOM on device 0 while trying to map 20971520 bytes (free: 20119552, total: 85049802752).
[rank1]:[titan] 2026-09-30 14:33:13,689 - torchtitan.observability.metrics - INFO - [31mstep: 32  [32mloss:  2.98946  [38;2;180;60;0mgrad_norm:  7.0938  [38;2;54;234;195mmemory: 68.62GiB(86.63%)  [34mtps: 3,066  [36mtflops: 116.91  [35mmfu: 11.82%[39m
[rank0]:[titan] 2026-09-30 14:33:13,700 - torchtitan.observability.metrics - WARNING - 85 CUDA memory allocation retries.
[rank0]:[titan] 2026-09-30 14:33:13,700 - torchtitan.observability.metrics - INFO - [31mstep: 32  [32mloss: -1.00000  [38;2;180;60;0mgrad_norm:  7.0938  [38;2;54;234;195mmemory: 75.59GiB(95.43%)  [34mtps: 3,066  [36mtflops: 116.91  [35mmfu: 11.82%[39m
[rank0]:[rank0]:[W930 14:33:14.094792734 CUDACachingAllocator.cpp:623] expandable_segments: memory mapping failed with OOM on device 0 while trying to map 20971520 bytes (free: 18022400, total: 85049802752).
[rank0]:[rank0]:[W930 14:33:18.049729093 CUDACachingAllocator.cpp:623] expandable_segments: memory mapping failed with OOM on device 0 while trying to map 20971520 bytes (free: 15925248, total: 85049802752).
[rank0]:[titan] 2026-09-30 14:33:18,916 - torchtitan.observability.metrics - WARNING - 87 CUDA memory allocation retries.
[rank1]:[titan] 2026-09-30 14:33:18,905 - torchtitan.observability.metrics - INFO - [31mstep: 33  [32mloss:  2.95968  [38;2;180;60;0mgrad_norm:  7.2188  [38;2;54;234;195mmemory: 68.62GiB(86.63%)  [34mtps: 3,142  [36mtflops: 119.79  [35mmfu: 12.11%[39m
[rank0]:[titan] 2026-09-30 14:33:18,916 - torchtitan.observability.metrics - INFO - [31mstep: 33  [32mloss: -1.00000  [38;2;180;60;0mgrad_norm:  7.2188  [38;2;54;234;195mmemory: 75.57GiB(95.41%)  [34mtps: 3,141  [36mtflops: 119.78  [35mmfu: 12.11%[39m
[rank0]:[rank0]:[W930 14:33:19.222584299 CUDACachingAllocator.cpp:623] expandable_segments: memory mapping failed with OOM on device 0 while trying to map 20971520 bytes (free: 18022400, total: 85049802752).
[rank0]:[rank0]:[W930 14:33:23.075462032 CUDACachingAllocator.cpp:623] expandable_segments: memory mapping failed with OOM on device 0 while trying to map 20971520 bytes (free: 15925248, total: 85049802752).
[rank0]:[rank0]:[W930 14:33:23.469547873 CUDACachingAllocator.cpp:623] expandable_segments: memory mapping failed with OOM on device 0 while trying to map 20971520 bytes (free: 20119552, total: 85049802752).
[rank1]:[titan] 2026-09-30 14:33:24,188 - torchtitan.observability.metrics - INFO - [31mstep: 34  [32mloss:  2.93410  [38;2;180;60;0mgrad_norm:  6.3125  [38;2;54;234;195mmemory: 68.62GiB(86.63%)  [34mtps: 3,101  [36mtflops: 118.25  [35mmfu: 11.96%[39m
[rank0]:[titan] 2026-09-30 14:33:24,200 - torchtitan.observability.metrics - WARNING - 90 CUDA memory allocation retries.
[rank0]:[titan] 2026-09-30 14:33:24,200 - torchtitan.observability.metrics - INFO - [31mstep: 34  [32mloss: -1.00000  [38;2;180;60;0mgrad_norm:  6.3125  [38;2;54;234;195mmemory: 75.32GiB(95.09%)  [34mtps: 3,101  [36mtflops: 118.25  [35mmfu: 11.96%[39m
[rank0]:[rank0]:[W930 14:33:25.618590748 CUDACachingAllocator.cpp:623] expandable_segments: memory mapping failed with OOM on device 0 while trying to map 20971520 bytes (free: 18022400, total: 85049802752).
[rank0]:[rank0]:[W930 14:33:28.422016679 CUDACachingAllocator.cpp:623] expandable_segments: memory mapping failed with OOM on device 0 while trying to map 20971520 bytes (free: 15925248, total: 85049802752).
[rank0]:[rank0]:[W930 14:33:29.808538102 CUDACachingAllocator.cpp:623] expandable_segments: memory mapping failed with OOM on device 0 while trying to map 20971520 bytes (free: 20119552, total: 85049802752).
[rank1]:[titan] 2026-09-30 14:33:29,523 - torchtitan.observability.metrics - INFO - [31mstep: 35  [32mloss:  2.92003  [38;2;180;60;0mgrad_norm:  5.9062  [38;2;54;234;195mmemory: 68.62GiB(86.63%)  [34mtps: 3,072  [36mtflops: 117.12  [35mmfu: 11.84%[39m
[rank0]:[titan] 2026-09-30 14:33:29,534 - torchtitan.observability.metrics - WARNING - 93 CUDA memory allocation retries.
[rank0]:[titan] 2026-09-30 14:33:29,534 - torchtitan.observability.metrics - INFO - [31mstep: 35  [32mloss: -1.00000  [38;2;180;60;0mgrad_norm:  5.9062  [38;2;54;234;195mmemory: 75.49GiB(95.31%)  [34mtps: 3,072  [36mtflops: 117.12  [35mmfu: 11.84%[39m
[rank0]:[rank0]:[W930 14:33:30.958330971 CUDACachingAllocator.cpp:623] expandable_segments: memory mapping failed with OOM on device 0 while trying to map 20971520 bytes (free: 18022400, total: 85049802752).
[rank0]:[rank0]:[W930 14:33:34.766206706 CUDACachingAllocator.cpp:623] expandable_segments: memory mapping failed with OOM on device 0 while trying to map 20971520 bytes (free: 15925248, total: 85049802752).
[rank0]:[rank0]:[W930 14:33:34.172139964 CUDACachingAllocator.cpp:623] expandable_segments: memory mapping failed with OOM on device 0 while trying to map 20971520 bytes (free: 20119552, total: 85049802752).
[rank0]:[titan] 2026-09-30 14:33:34,854 - torchtitan.observability.metrics - WARNING - 96 CUDA memory allocation retries.
[rank1]:[titan] 2026-09-30 14:33:34,843 - torchtitan.observability.metrics - INFO - [31mstep: 36  [32mloss:  2.93260  [38;2;180;60;0mgrad_norm:  5.9062  [38;2;54;234;195mmemory: 68.62GiB(86.63%)  [34mtps: 3,080  [36mtflops: 117.43  [35mmfu: 11.87%[39m
[rank0]:[titan] 2026-09-30 14:33:34,854 - torchtitan.observability.metrics - INFO - [31mstep: 36  [32mloss: -1.00000  [38;2;180;60;0mgrad_norm:  5.9062  [38;2;54;234;195mmemory: 75.53GiB(95.36%)  [34mtps: 3,080  [36mtflops: 117.43  [35mmfu: 11.87%[39m
[rank0]:[rank0]:[W930 14:33:35.328251820 CUDACachingAllocator.cpp:623] expandable_segments: memory mapping failed with OOM on device 0 while trying to map 20971520 bytes (free: 18022400, total: 85049802752).
[rank0]:[rank0]:[W930 14:33:39.289855738 CUDACachingAllocator.cpp:623] expandable_segments: memory mapping failed with OOM on device 0 while trying to map 20971520 bytes (free: 15925248, total: 85049802752).
[rank0]:[titan] 2026-09-30 14:33:40,165 - torchtitan.observability.metrics - WARNING - 98 CUDA memory allocation retries.
[rank1]:[titan] 2026-09-30 14:33:40,154 - torchtitan.observability.metrics - INFO - [31mstep: 37  [32mloss:  2.85243  [38;2;180;60;0mgrad_norm:  4.5938  [38;2;54;234;195mmemory: 68.62GiB(86.63%)  [34mtps: 3,085  [36mtflops: 117.64  [35mmfu: 11.90%[39m
[rank0]:[titan] 2026-09-30 14:33:40,165 - torchtitan.observability.metrics - INFO - [31mstep: 37  [32mloss: -1.00000  [38;2;180;60;0mgrad_norm:  4.5938  [38;2;54;234;195mmemory: 75.63GiB(95.48%)  [34mtps: 3,085  [36mtflops: 117.64  [35mmfu: 11.90%[39m
[rank0]:[rank0]:[W930 14:33:40.511172739 CUDACachingAllocator.cpp:623] expandable_segments: memory mapping failed with OOM on device 0 while trying to map 20971520 bytes (free: 18022400, total: 85049802752).
[rank0]:[rank0]:[W930 14:33:44.372225005 CUDACachingAllocator.cpp:623] expandable_segments: memory mapping failed with OOM on device 0 while trying to map 20971520 bytes (free: 15925248, total: 85049802752).
[rank0]:[rank0]:[W930 14:33:45.757334435 CUDACachingAllocator.cpp:623] expandable_segments: memory mapping failed with OOM on device 0 while trying to map 20971520 bytes (free: 20119552, total: 85049802752).
[rank0]:[titan] 2026-09-30 14:33:45,544 - torchtitan.observability.metrics - WARNING - 101 CUDA memory allocation retries.
[rank1]:[titan] 2026-09-30 14:33:45,533 - torchtitan.observability.metrics - INFO - [31mstep: 38  [32mloss:  2.91171  [38;2;180;60;0mgrad_norm:  5.5312  [38;2;54;234;195mmemory: 68.62GiB(86.63%)  [34mtps: 3,046  [36mtflops: 116.15  [35mmfu: 11.74%[39m
[rank0]:[titan] 2026-09-30 14:33:45,544 - torchtitan.observability.metrics - INFO - [31mstep: 38  [32mloss: -1.00000  [38;2;180;60;0mgrad_norm:  5.5312  [38;2;54;234;195mmemory: 75.53GiB(95.36%)  [34mtps: 3,046  [36mtflops: 116.15  [35mmfu: 11.74%[39m
[rank0]:[rank0]:[W930 14:33:46.956813814 CUDACachingAllocator.cpp:623] expandable_segments: memory mapping failed with OOM on device 0 while trying to map 20971520 bytes (free: 18022400, total: 85049802752).
[rank0]:[rank0]:[W930 14:33:50.767524914 CUDACachingAllocator.cpp:623] expandable_segments: memory mapping failed with OOM on device 0 while trying to map 20971520 bytes (free: 15925248, total: 85049802752).
[rank0]:[rank0]:[W930 14:33:50.202395654 CUDACachingAllocator.cpp:623] expandable_segments: memory mapping failed with OOM on device 0 while trying to map 20971520 bytes (free: 20119552, total: 85049802752).
[rank1]:[titan] 2026-09-30 14:33:50,880 - torchtitan.observability.metrics - INFO - [31mstep: 39  [32mloss:  2.90791  [38;2;180;60;0mgrad_norm:  5.0938  [38;2;54;234;195mmemory: 68.62GiB(86.63%)  [34mtps: 3,064  [36mtflops: 116.83  [35mmfu: 11.81%[39m
[rank0]:[titan] 2026-09-30 14:33:50,892 - torchtitan.observability.metrics - WARNING - 104 CUDA memory allocation retries.
[rank0]:[titan] 2026-09-30 14:33:50,892 - torchtitan.observability.metrics - INFO - [31mstep: 39  [32mloss: -1.00000  [38;2;180;60;0mgrad_norm:  5.0938  [38;2;54;234;195mmemory: 75.55GiB(95.38%)  [34mtps: 3,064  [36mtflops: 116.83  [35mmfu: 11.81%[39m
[rank0]:[rank0]:[W930 14:33:51.290990119 CUDACachingAllocator.cpp:623] expandable_segments: memory mapping failed with OOM on device 0 while trying to map 20971520 bytes (free: 18022400, total: 85049802752).
[rank0]:[rank0]:[W930 14:33:55.102941849 CUDACachingAllocator.cpp:623] expandable_segments: memory mapping failed with OOM on device 0 while trying to map 20971520 bytes (free: 15925248, total: 85049802752).
[rank0]:[rank0]:[W930 14:33:55.532788038 CUDACachingAllocator.cpp:623] expandable_segments: memory mapping failed with OOM on device 0 while trying to map 20971520 bytes (free: 20119552, total: 85049802752).
[rank1]:[titan] 2026-09-30 14:33:56,257 - torchtitan.observability.metrics - INFO - [31mstep: 40  [32mloss:  2.86705  [38;2;180;60;0mgrad_norm:  5.3438  [38;2;54;234;195mmemory: 68.62GiB(86.63%)  [34mtps: 3,047  [36mtflops: 116.19  [35mmfu: 11.75%[39m
[rank0]:[titan] 2026-09-30 14:33:56,269 - torchtitan.observability.metrics - WARNING - 107 CUDA memory allocation retries.
[rank0]:[titan] 2026-09-30 14:33:56,269 - torchtitan.observability.metrics - INFO - [31mstep: 40  [32mloss: -1.00000  [38;2;180;60;0mgrad_norm:  5.3438  [38;2;54;234;195mmemory: 75.51GiB(95.33%)  [34mtps: 3,047  [36mtflops: 116.19  [35mmfu: 11.75%[39m
[rank0]:[rank0]:[W930 14:33:57.712308328 CUDACachingAllocator.cpp:623] expandable_segments: memory mapping failed with OOM on device 0 while trying to map 20971520 bytes (free: 18022400, total: 85049802752).
[rank0]:[rank0]:[W930 14:34:01.590552183 CUDACachingAllocator.cpp:623] expandable_segments: memory mapping failed with OOM on device 0 while trying to map 20971520 bytes (free: 15925248, total: 85049802752).
[rank0]:[rank0]:[W930 14:34:01.988762622 CUDACachingAllocator.cpp:623] expandable_segments: memory mapping failed with OOM on device 0 while trying to map 20971520 bytes (free: 20119552, total: 85049802752).
[rank0]:[titan] 2026-09-30 14:34:01,740 - torchtitan.observability.metrics - WARNING - 110 CUDA memory allocation retries.
[rank1]:[titan] 2026-09-30 14:34:01,729 - torchtitan.observability.metrics - INFO - [31mstep: 41  [32mloss:  2.81795  [38;2;180;60;0mgrad_norm:  3.7969  [38;2;54;234;195mmemory: 68.62GiB(86.63%)  [34mtps: 2,995  [36mtflops: 114.19  [35mmfu: 11.55%[39m
[rank0]:[titan] 2026-09-30 14:34:01,740 - torchtitan.observability.metrics - INFO - [31mstep: 41  [32mloss: -1.00000  [38;2;180;60;0mgrad_norm:  3.7969  [38;2;54;234;195mmemory: 75.57GiB(95.41%)  [34mtps: 2,995  [36mtflops: 114.19  [35mmfu: 11.55%[39m
[rank0]:[rank0]:[W930 14:34:02.150319827 CUDACachingAllocator.cpp:623] expandable_segments: memory mapping failed with OOM on device 0 while trying to map 20971520 bytes (free: 18022400, total: 85049802752).
[rank0]:[rank0]:[W930 14:34:06.118835118 CUDACachingAllocator.cpp:623] expandable_segments: memory mapping failed with OOM on device 0 while trying to map 20971520 bytes (free: 15925248, total: 85049802752).
[rank0]:[titan] 2026-09-30 14:34:07,006 - torchtitan.observability.metrics - WARNING - 112 CUDA memory allocation retries.
[rank0]:[titan] 2026-09-30 14:34:07,006 - torchtitan.observability.metrics - INFO - [31mstep: 42  [32mloss: -1.00000  [38;2;180;60;0mgrad_norm:  5.5312  [38;2;54;234;195mmemory: 75.61GiB(95.46%)  [34mtps: 3,112  [36mtflops: 118.64  [35mmfu: 12.00%[39m
[rank1]:[titan] 2026-09-30 14:34:06,995 - torchtitan.observability.metrics - INFO - [31mstep: 42  [32mloss:  2.86199  [38;2;180;60;0mgrad_norm:  5.5312  [38;2;54;234;195mmemory: 68.62GiB(86.63%)  [34mtps: 3,112  [36mtflops: 118.65  [35mmfu: 12.00%[39m
[rank0]:[rank0]:[W930 14:34:07.314254780 CUDACachingAllocator.cpp:623] expandable_segments: memory mapping failed with OOM on device 0 while trying to map 20971520 bytes (free: 18022400, total: 85049802752).
[rank0]:[rank0]:[W930 14:34:11.176175126 CUDACachingAllocator.cpp:623] expandable_segments: memory mapping failed with OOM on device 0 while trying to map 20971520 bytes (free: 15925248, total: 85049802752).
[rank0]:[rank0]:[W930 14:34:12.602314164 CUDACachingAllocator.cpp:623] expandable_segments: memory mapping failed with OOM on device 0 while trying to map 20971520 bytes (free: 20119552, total: 85049802752).
[rank1]:[titan] 2026-09-30 14:34:12,294 - torchtitan.observability.metrics - INFO - [31mstep: 43  [32mloss:  2.82737  [38;2;180;60;0mgrad_norm:  6.8125  [38;2;54;234;195mmemory: 68.62GiB(86.63%)  [34mtps: 3,092  [36mtflops: 117.90  [35mmfu: 11.92%[39m
[rank0]:[titan] 2026-09-30 14:34:12,305 - torchtitan.observability.metrics - WARNING - 115 CUDA memory allocation retries.
[rank0]:[titan] 2026-09-30 14:34:12,306 - torchtitan.observability.metrics - INFO - [31mstep: 43  [32mloss: -1.00000  [38;2;180;60;0mgrad_norm:  6.8125  [38;2;54;234;195mmemory: 75.55GiB(95.38%)  [34mtps: 3,092  [36mtflops: 117.90  [35mmfu: 11.92%[39m
[rank0]:[rank0]:[W930 14:34:13.695019399 CUDACachingAllocator.cpp:623] expandable_segments: memory mapping failed with OOM on device 0 while trying to map 20971520 bytes (free: 18022400, total: 85049802752).
[rank0]:[rank0]:[W930 14:34:17.544117422 CUDACachingAllocator.cpp:623] expandable_segments: memory mapping failed with OOM on device 0 while trying to map 20971520 bytes (free: 15925248, total: 85049802752).
[rank0]:[rank0]:[W930 14:34:17.980909102 CUDACachingAllocator.cpp:623] expandable_segments: memory mapping failed with OOM on device 0 while trying to map 20971520 bytes (free: 20119552, total: 85049802752).
[rank0]:[titan] 2026-09-30 14:34:17,665 - torchtitan.observability.metrics - WARNING - 118 CUDA memory allocation retries.
[rank1]:[titan] 2026-09-30 14:34:17,654 - torchtitan.observability.metrics - INFO - [31mstep: 44  [32mloss:  2.89487  [38;2;180;60;0mgrad_norm:  4.1875  [38;2;54;234;195mmemory: 68.62GiB(86.63%)  [34mtps: 3,057  [36mtflops: 116.56  [35mmfu: 11.79%[39m
[rank0]:[titan] 2026-09-30 14:34:17,665 - torchtitan.observability.metrics - INFO - [31mstep: 44  [32mloss: -1.00000  [38;2;180;60;0mgrad_norm:  4.1875  [38;2;54;234;195mmemory: 75.61GiB(95.45%)  [34mtps: 3,057  [36mtflops: 116.56  [35mmfu: 11.79%[39m
[rank0]:[rank0]:[W930 14:34:18.057434422 CUDACachingAllocator.cpp:623] expandable_segments: memory mapping failed with OOM on device 0 while trying to map 20971520 bytes (free: 18022400, total: 85049802752).
[rank0]:[rank0]:[W930 14:34:22.866935394 CUDACachingAllocator.cpp:623] expandable_segments: memory mapping failed with OOM on device 0 while trying to map 20971520 bytes (free: 15925248, total: 85049802752).
[rank0]:[rank0]:[W930 14:34:22.304302748 CUDACachingAllocator.cpp:623] expandable_segments: memory mapping failed with OOM on device 0 while trying to map 20971520 bytes (free: 20119552, total: 85049802752).
[rank1]:[titan] 2026-09-30 14:34:22,975 - torchtitan.observability.metrics - INFO - [31mstep: 45  [32mloss:  2.77256  [38;2;180;60;0mgrad_norm:  3.5469  [38;2;54;234;195mmemory: 68.62GiB(86.63%)  [34mtps: 3,079  [36mtflops: 117.41  [35mmfu: 11.87%[39m
[rank0]:[titan] 2026-09-30 14:34:22,987 - torchtitan.observability.metrics - WARNING - 121 CUDA memory allocation retries.
[rank0]:[titan] 2026-09-30 14:34:22,987 - torchtitan.observability.metrics - INFO - [31mstep: 45  [32mloss: -1.00000  [38;2;180;60;0mgrad_norm:  3.5469  [38;2;54;234;195mmemory: 75.55GiB(95.38%)  [34mtps: 3,079  [36mtflops: 117.41  [35mmfu: 11.87%[39m
[rank0]:[rank0]:[W930 14:34:23.364251955 CUDACachingAllocator.cpp:623] expandable_segments: memory mapping failed with OOM on device 0 while trying to map 20971520 bytes (free: 18022400, total: 85049802752).
[rank0]:[rank0]:[W930 14:34:27.199454090 CUDACachingAllocator.cpp:623] expandable_segments: memory mapping failed with OOM on device 0 while trying to map 20971520 bytes (free: 15925248, total: 85049802752).
[rank0]:[rank0]:[W930 14:34:28.637643468 CUDACachingAllocator.cpp:623] expandable_segments: memory mapping failed with OOM on device 0 while trying to map 20971520 bytes (free: 20119552, total: 85049802752).
[rank1]:[titan] 2026-09-30 14:34:28,310 - torchtitan.observability.metrics - INFO - [31mstep: 46  [32mloss:  2.85576  [38;2;180;60;0mgrad_norm:  4.5000  [38;2;54;234;195mmemory: 68.62GiB(86.63%)  [34mtps: 3,071  [36mtflops: 117.11  [35mmfu: 11.84%[39m
[rank0]:[titan] 2026-09-30 14:34:28,322 - torchtitan.observability.metrics - WARNING - 124 CUDA memory allocation retries.
[rank0]:[titan] 2026-09-30 14:34:28,322 - torchtitan.observability.metrics - INFO - [31mstep: 46  [32mloss: -1.00000  [38;2;180;60;0mgrad_norm:  4.5000  [38;2;54;234;195mmemory: 75.55GiB(95.38%)  [34mtps: 3,071  [36mtflops: 117.10  [35mmfu: 11.84%[39m
[rank0]:[rank0]:[W930 14:34:29.712865714 CUDACachingAllocator.cpp:623] expandable_segments: memory mapping failed with OOM on device 0 while trying to map 20971520 bytes (free: 18022400, total: 85049802752).
[rank0]:[rank0]:[W930 14:34:33.564361913 CUDACachingAllocator.cpp:623] expandable_segments: memory mapping failed with OOM on device 0 while trying to map 20971520 bytes (free: 15925248, total: 85049802752).
[rank0]:[rank0]:[W930 14:34:33.940343100 CUDACachingAllocator.cpp:623] expandable_segments: memory mapping failed with OOM on device 0 while trying to map 20971520 bytes (free: 20119552, total: 85049802752).
[rank0]:[titan] 2026-09-30 14:34:33,694 - torchtitan.observability.metrics - WARNING - 127 CUDA memory allocation retries.
[rank1]:[titan] 2026-09-30 14:34:33,683 - torchtitan.observability.metrics - INFO - [31mstep: 47  [32mloss:  2.77977  [38;2;180;60;0mgrad_norm:  3.9375  [38;2;54;234;195mmemory: 68.62GiB(86.63%)  [34mtps: 3,050  [36mtflops: 116.30  [35mmfu: 11.76%[39m
[rank0]:[titan] 2026-09-30 14:34:33,694 - torchtitan.observability.metrics - INFO - [31mstep: 47  [32mloss: -1.00000  [38;2;180;60;0mgrad_norm:  3.9375  [38;2;54;234;195mmemory: 75.63GiB(95.48%)  [34mtps: 3,050  [36mtflops: 116.30  [35mmfu: 11.76%[39m
[rank0]:[rank0]:[W930 14:34:34.090029063 CUDACachingAllocator.cpp:623] expandable_segments: memory mapping failed with OOM on device 0 while trying to map 20971520 bytes (free: 18022400, total: 85049802752).
[rank0]:[rank0]:[W930 14:34:38.912327092 CUDACachingAllocator.cpp:623] expandable_segments: memory mapping failed with OOM on device 0 while trying to map 20971520 bytes (free: 15925248, total: 85049802752).
[rank0]:[rank0]:[W930 14:34:38.320896555 CUDACachingAllocator.cpp:623] expandable_segments: memory mapping failed with OOM on device 0 while trying to map 20971520 bytes (free: 20119552, total: 85049802752).
[rank0]:[titan] 2026-09-30 14:34:39,060 - torchtitan.observability.metrics - WARNING - 130 CUDA memory allocation retries.
[rank1]:[titan] 2026-09-30 14:34:39,048 - torchtitan.observability.metrics - INFO - [31mstep: 48  [32mloss:  2.77004  [38;2;180;60;0mgrad_norm:  4.2500  [38;2;54;234;195mmemory: 68.62GiB(86.63%)  [34mtps: 3,054  [36mtflops: 116.43  [35mmfu: 11.77%[39m
[rank0]:[titan] 2026-09-30 14:34:39,060 - torchtitan.observability.metrics - INFO - [31mstep: 48  [32mloss: -1.00000  [38;2;180;60;0mgrad_norm:  4.2500  [38;2;54;234;195mmemory: 75.61GiB(95.46%)  [34mtps: 3,054  [36mtflops: 116.44  [35mmfu: 11.77%[39m
[rank0]:[rank0]:[W930 14:34:39.490634850 CUDACachingAllocator.cpp:623] expandable_segments: memory mapping failed with OOM on device 0 while trying to map 20971520 bytes (free: 18022400, total: 85049802752).
[rank0]:[rank0]:[W930 14:34:43.306718290 CUDACachingAllocator.cpp:623] expandable_segments: memory mapping failed with OOM on device 0 while trying to map 20971520 bytes (free: 15925248, total: 85049802752).
[rank0]:[rank0]:[W930 14:34:44.715635108 CUDACachingAllocator.cpp:623] expandable_segments: memory mapping failed with OOM on device 0 while trying to map 20971520 bytes (free: 20119552, total: 85049802752).
[rank1]:[titan] 2026-09-30 14:34:44,442 - torchtitan.observability.metrics - INFO - [31mstep: 49  [32mloss:  2.75354  [38;2;180;60;0mgrad_norm:  4.4375  [38;2;54;234;195mmemory: 68.62GiB(86.63%)  [34mtps: 3,038  [36mtflops: 115.83  [35mmfu: 11.71%[39m
[rank0]:[titan] 2026-09-30 14:34:44,454 - torchtitan.observability.metrics - WARNING - 133 CUDA memory allocation retries.
[rank0]:[titan] 2026-09-30 14:34:44,454 - torchtitan.observability.metrics - INFO - [31mstep: 49  [32mloss: -1.00000  [38;2;180;60;0mgrad_norm:  4.4375  [38;2;54;234;195mmemory: 75.53GiB(95.36%)  [34mtps: 3,038  [36mtflops: 115.83  [35mmfu: 11.71%[39m
[rank1]:[titan] 2026-09-30 14:34:44,607 - torchtitan.tools.utils - INFO - [GC] Performing periodic GC collection took 0.09 seconds
[rank0]:[titan] 2026-09-30 14:34:44,656 - torchtitan.tools.utils - INFO - [GC] Performing periodic GC collection took 0.12 seconds
[rank0]:[rank0]:[W930 14:34:45.003692763 CUDACachingAllocator.cpp:623] expandable_segments: memory mapping failed with OOM on device 0 while trying to map 20971520 bytes (free: 20119552, total: 85049802752).
[rank0]:[rank0]:[W930 14:34:49.955977818 CUDACachingAllocator.cpp:623] expandable_segments: memory mapping failed with OOM on device 0 while trying to map 20971520 bytes (free: 18022400, total: 85049802752).
[rank0]:[titan] 2026-09-30 14:34:49,849 - torchtitan.observability.metrics - WARNING - 135 CUDA memory allocation retries.
[rank1]:[titan] 2026-09-30 14:34:49,838 - torchtitan.observability.metrics - INFO - [31mstep: 50  [32mloss:  2.77905  [38;2;180;60;0mgrad_norm:  4.0625  [38;2;54;234;195mmemory: 68.62GiB(86.63%)  [34mtps: 3,037  [36mtflops: 115.80  [35mmfu: 11.71%[39m
[rank0]:[titan] 2026-09-30 14:34:49,849 - torchtitan.observability.metrics - INFO - [31mstep: 50  [32mloss: -1.00000  [38;2;180;60;0mgrad_norm:  4.0625  [38;2;54;234;195mmemory: 75.57GiB(95.40%)  [34mtps: 3,037  [36mtflops: 115.80  [35mmfu: 11.71%[39m
[rank0]:[rank0]:[W930 14:34:50.164925727 CUDACachingAllocator.cpp:623] expandable_segments: memory mapping failed with OOM on device 0 while trying to map 20971520 bytes (free: 20119552, total: 85049802752).
[rank0]:[rank0]:[W930 14:34:54.025836143 CUDACachingAllocator.cpp:623] expandable_segments: memory mapping failed with OOM on device 0 while trying to map 20971520 bytes (free: 18022400, total: 85049802752).
[rank0]:[rank0]:[W930 14:34:54.425063833 CUDACachingAllocator.cpp:623] expandable_segments: memory mapping failed with OOM on device 0 while trying to map 20971520 bytes (free: 3342336, total: 85049802752).
[rank1]:[titan] 2026-09-30 14:34:55,130 - torchtitan.observability.metrics - INFO - [31mstep: 51  [32mloss:  2.78195  [38;2;180;60;0mgrad_norm:  4.4688  [38;2;54;234;195mmemory: 68.62GiB(86.63%)  [34mtps: 3,096  [36mtflops: 118.06  [35mmfu: 11.94%[39m
[rank0]:[titan] 2026-09-30 14:34:55,141 - torchtitan.observability.metrics - WARNING - 138 CUDA memory allocation retries.
[rank0]:[titan] 2026-09-30 14:34:55,141 - torchtitan.observability.metrics - INFO - [31mstep: 51  [32mloss: -1.00000  [38;2;180;60;0mgrad_norm:  4.4688  [38;2;54;234;195mmemory: 75.20GiB(94.94%)  [34mtps: 3,096  [36mtflops: 118.06  [35mmfu: 11.94%[39m
[rank0]:[rank0]:[W930 14:34:56.567163262 CUDACachingAllocator.cpp:623] expandable_segments: memory mapping failed with OOM on device 0 while trying to map 20971520 bytes (free: 20119552, total: 85049802752).
[rank0]:[rank0]:[W930 14:34:59.405372051 CUDACachingAllocator.cpp:623] expandable_segments: memory mapping failed with OOM on device 0 while trying to map 20971520 bytes (free: 18022400, total: 85049802752).
[rank0]:[rank0]:[W930 14:35:00.785453791 CUDACachingAllocator.cpp:623] expandable_segments: memory mapping failed with OOM on device 0 while trying to map 20971520 bytes (free: 22216704, total: 85049802752).
[rank1]:[titan] 2026-09-30 14:35:00,541 - torchtitan.observability.metrics - INFO - [31mstep: 52  [32mloss:  2.77420  [38;2;180;60;0mgrad_norm:  3.5156  [38;2;54;234;195mmemory: 68.62GiB(86.63%)  [34mtps: 3,028  [36mtflops: 115.45  [35mmfu: 11.67%[39m
[rank0]:[titan] 2026-09-30 14:35:00,553 - torchtitan.observability.metrics - WARNING - 141 CUDA memory allocation retries.
[rank0]:[titan] 2026-09-30 14:35:00,553 - torchtitan.observability.metrics - INFO - [31mstep: 52  [32mloss: -1.00000  [38;2;180;60;0mgrad_norm:  3.5156  [38;2;54;234;195mmemory: 75.47GiB(95.28%)  [34mtps: 3,028  [36mtflops: 115.45  [35mmfu: 11.67%[39m
[rank0]:[rank0]:[W930 14:35:01.959039217 CUDACachingAllocator.cpp:623] expandable_segments: memory mapping failed with OOM on device 0 while trying to map 20971520 bytes (free: 20119552, total: 85049802752).
[rank0]:[rank0]:[W930 14:35:05.265152766 CUDACachingAllocator.cpp:623] expandable_segments: memory mapping failed with OOM on device 0 while trying to map 20971520 bytes (free: 18022400, total: 85049802752).
[rank1]:[titan] 2026-09-30 14:35:06,110 - torchtitan.observability.metrics - INFO - [31mstep: 53  [32mloss:  2.73227  [38;2;180;60;0mgrad_norm:  4.0312  [38;2;54;234;195mmemory: 68.62GiB(86.63%)  [34mtps: 2,942  [36mtflops: 112.19  [35mmfu: 11.34%[39m
[rank0]:[titan] 2026-09-30 14:35:06,122 - torchtitan.observability.metrics - WARNING - 143 CUDA memory allocation retries.
[rank0]:[titan] 2026-09-30 14:35:06,122 - torchtitan.observability.metrics - INFO - [31mstep: 53  [32mloss: -1.00000  [38;2;180;60;0mgrad_norm:  4.0312  [38;2;54;234;195mmemory: 75.55GiB(95.38%)  [34mtps: 2,942  [36mtflops: 112.19  [35mmfu: 11.34%[39m
[rank0]:[rank0]:[W930 14:35:06.454898167 CUDACachingAllocator.cpp:623] expandable_segments: memory mapping failed with OOM on device 0 while trying to map 20971520 bytes (free: 20119552, total: 85049802752).
[rank0]:[rank0]:[W930 14:35:10.438892621 CUDACachingAllocator.cpp:623] expandable_segments: memory mapping failed with OOM on device 0 while trying to map 20971520 bytes (free: 18022400, total: 85049802752).
[rank0]:[titan] 2026-09-30 14:35:11,303 - torchtitan.observability.metrics - WARNING - 145 CUDA memory allocation retries.
[rank1]:[titan] 2026-09-30 14:35:11,292 - torchtitan.observability.metrics - INFO - [31mstep: 54  [32mloss:  2.74659  [38;2;180;60;0mgrad_norm:  3.7188  [38;2;54;234;195mmemory: 68.62GiB(86.63%)  [34mtps: 3,162  [36mtflops: 120.58  [35mmfu: 12.19%[39m
[rank0]:[titan] 2026-09-30 14:35:11,303 - torchtitan.observability.metrics - INFO - [31mstep: 54  [32mloss: -1.00000  [38;2;180;60;0mgrad_norm:  3.7188  [38;2;54;234;195mmemory: 75.57GiB(95.41%)  [34mtps: 3,162  [36mtflops: 120.58  [35mmfu: 12.19%[39m
[rank0]:[rank0]:[W930 14:35:12.582460369 CUDACachingAllocator.cpp:623] expandable_segments: memory mapping failed with OOM on device 0 while trying to map 20971520 bytes (free: 20119552, total: 85049802752).
[rank0]:[rank0]:[W930 14:35:15.451432700 CUDACachingAllocator.cpp:623] expandable_segments: memory mapping failed with OOM on device 0 while trying to map 20971520 bytes (free: 18022400, total: 85049802752).
[rank0]:[rank0]:[W930 14:35:16.856017425 CUDACachingAllocator.cpp:623] expandable_segments: memory mapping failed with OOM on device 0 while trying to map 20971520 bytes (free: 3342336, total: 85049802752).
[rank0]:[titan] 2026-09-30 14:35:16,568 - torchtitan.observability.metrics - WARNING - 148 CUDA memory allocation retries.
[rank0]:[titan] 2026-09-30 14:35:16,568 - torchtitan.observability.metrics - INFO - [31mstep: 55  [32mloss: -1.00000  [38;2;180;60;0mgrad_norm:  3.1406  [38;2;54;234;195mmemory: 75.16GiB(94.89%)  [34mtps: 3,112  [36mtflops: 118.67  [35mmfu: 12.00%[39m
[rank1]:[titan] 2026-09-30 14:35:16,556 - torchtitan.observability.metrics - INFO - [31mstep: 55  [32mloss:  2.75010  [38;2;180;60;0mgrad_norm:  3.1406  [38;2;54;234;195mmemory: 68.62GiB(86.63%)  [34mtps: 3,112  [36mtflops: 118.67  [35mmfu: 12.00%[39m
[rank0]:[rank0]:[W930 14:35:17.000103230 CUDACachingAllocator.cpp:623] expandable_segments: memory mapping failed with OOM on device 0 while trying to map 20971520 bytes (free: 20119552, total: 85049802752).
[rank0]:[rank0]:[W930 14:35:21.871697174 CUDACachingAllocator.cpp:623] expandable_segments: memory mapping failed with OOM on device 0 while trying to map 20971520 bytes (free: 18022400, total: 85049802752).
[rank0]:[rank0]:[W930 14:35:21.298505115 CUDACachingAllocator.cpp:623] expandable_segments: memory mapping failed with OOM on device 0 while trying to map 20971520 bytes (free: 22216704, total: 85049802752).
[rank1]:[titan] 2026-09-30 14:35:22,003 - torchtitan.observability.metrics - INFO - [31mstep: 56  [32mloss:  2.67240  [38;2;180;60;0mgrad_norm:  3.2188  [38;2;54;234;195mmemory: 68.62GiB(86.63%)  [34mtps: 3,008  [36mtflops: 114.71  [35mmfu: 11.60%[39m
[rank0]:[titan] 2026-09-30 14:35:22,014 - torchtitan.observability.metrics - WARNING - 151 CUDA memory allocation retries.
[rank0]:[titan] 2026-09-30 14:35:22,014 - torchtitan.observability.metrics - INFO - [31mstep: 56  [32mloss: -1.00000  [38;2;180;60;0mgrad_norm:  3.2188  [38;2;54;234;195mmemory: 75.59GiB(95.43%)  [34mtps: 3,008  [36mtflops: 114.71  [35mmfu: 11.60%[39m
[rank0]:[rank0]:[W930 14:35:22.426950518 CUDACachingAllocator.cpp:623] expandable_segments: memory mapping failed with OOM on device 0 while trying to map 20971520 bytes (free: 20119552, total: 85049802752).
[rank0]:[rank0]:[W930 14:35:26.405800518 CUDACachingAllocator.cpp:623] expandable_segments: memory mapping failed with OOM on device 0 while trying to map 20971520 bytes (free: 18022400, total: 85049802752).
[rank1]:[titan] 2026-09-30 14:35:27,262 - torchtitan.observability.metrics - INFO - [31mstep: 57  [32mloss:  2.65984  [38;2;180;60;0mgrad_norm:  3.3594  [38;2;54;234;195mmemory: 68.62GiB(86.63%)  [34mtps: 3,116  [36mtflops: 118.80  [35mmfu: 12.01%[39m
[rank0]:[titan] 2026-09-30 14:35:27,273 - torchtitan.observability.metrics - WARNING - 153 CUDA memory allocation retries.
[rank0]:[titan] 2026-09-30 14:35:27,273 - torchtitan.observability.metrics - INFO - [31mstep: 57  [32mloss: -1.00000  [38;2;180;60;0mgrad_norm:  3.3594  [38;2;54;234;195mmemory: 75.49GiB(95.31%)  [34mtps: 3,116  [36mtflops: 118.80  [35mmfu: 12.01%[39m
[rank0]:[rank0]:[W930 14:35:28.635332765 CUDACachingAllocator.cpp:623] expandable_segments: memory mapping failed with OOM on device 0 while trying to map 20971520 bytes (free: 20119552, total: 85049802752).
[rank0]:[rank0]:[W930 14:35:31.492102585 CUDACachingAllocator.cpp:623] expandable_segments: memory mapping failed with OOM on device 0 while trying to map 20971520 bytes (free: 18022400, total: 85049802752).
[rank0]:[rank0]:[W930 14:35:32.071299525 CUDACachingAllocator.cpp:623] expandable_segments: memory mapping failed with OOM on device 0 while trying to map 20971520 bytes (free: 3342336, total: 85049802752).
[rank0]:[titan] 2026-09-30 14:35:33,102 - torchtitan.observability.metrics - WARNING - 156 CUDA memory allocation retries.
[rank1]:[titan] 2026-09-30 14:35:33,091 - torchtitan.observability.metrics - INFO - [31mstep: 58  [32mloss:  2.79777  [38;2;180;60;0mgrad_norm:  3.2188  [38;2;54;234;195mmemory: 68.62GiB(86.63%)  [34mtps: 2,811  [36mtflops: 107.19  [35mmfu: 10.84%[39m
[rank0]:[titan] 2026-09-30 14:35:33,102 - torchtitan.observability.metrics - INFO - [31mstep: 58  [32mloss: -1.00000  [38;2;180;60;0mgrad_norm:  3.2188  [38;2;54;234;195mmemory: 75.32GiB(95.09%)  [34mtps: 2,811  [36mtflops: 107.19  [35mmfu: 10.84%[39m
[rank0]:[rank0]:[W930 14:35:33.492804993 CUDACachingAllocator.cpp:623] expandable_segments: memory mapping failed with OOM on device 0 while trying to map 20971520 bytes (free: 20119552, total: 85049802752).
[rank0]:[rank0]:[W930 14:35:37.354403521 CUDACachingAllocator.cpp:623] expandable_segments: memory mapping failed with OOM on device 0 while trying to map 20971520 bytes (free: 18022400, total: 85049802752).
[rank0]:[rank0]:[W930 14:35:38.748104573 CUDACachingAllocator.cpp:623] expandable_segments: memory mapping failed with OOM on device 0 while trying to map 20971520 bytes (free: 22216704, total: 85049802752).
[rank1]:[titan] 2026-09-30 14:35:38,432 - torchtitan.observability.metrics - INFO - [31mstep: 59  [32mloss:  2.65600  [38;2;180;60;0mgrad_norm:  3.7344  [38;2;54;234;195mmemory: 68.62GiB(86.63%)  [34mtps: 3,068  [36mtflops: 116.98  [35mmfu: 11.83%[39m
[rank0]:[titan] 2026-09-30 14:35:38,443 - torchtitan.observability.metrics - WARNING - 159 CUDA memory allocation retries.
[rank0]:[titan] 2026-09-30 14:35:38,443 - torchtitan.observability.metrics - INFO - [31mstep: 59  [32mloss: -1.00000  [38;2;180;60;0mgrad_norm:  3.7344  [38;2;54;234;195mmemory: 75.61GiB(95.45%)  [34mtps: 3,068  [36mtflops: 116.98  [35mmfu: 11.83%[39m
[rank0]:[rank0]:[W930 14:35:39.831106970 CUDACachingAllocator.cpp:623] expandable_segments: memory mapping failed with OOM on device 0 while trying to map 20971520 bytes (free: 20119552, total: 85049802752).
[rank0]:[rank0]:[W930 14:35:43.652156133 CUDACachingAllocator.cpp:623] expandable_segments: memory mapping failed with OOM on device 0 while trying to map 20971520 bytes (free: 18022400, total: 85049802752).
[rank0]:[rank0]:[W930 14:35:43.036881043 CUDACachingAllocator.cpp:623] expandable_segments: memory mapping failed with OOM on device 0 while trying to map 20971520 bytes (free: 22216704, total: 85049802752).
[rank0]:[titan] 2026-09-30 14:35:43,778 - torchtitan.observability.metrics - WARNING - 162 CUDA memory allocation retries.
[rank0]:[titan] 2026-09-30 14:35:43,778 - torchtitan.observability.metrics - INFO - [31mstep: 60  [32mloss: -1.00000  [38;2;180;60;0mgrad_norm:  4.0000  [38;2;54;234;195mmemory: 75.61GiB(95.45%)  [34mtps: 3,071  [36mtflops: 117.12  [35mmfu: 11.84%[39m
[rank1]:[titan] 2026-09-30 14:35:43,766 - torchtitan.observability.metrics - INFO - [31mstep: 60  [32mloss:  2.67342  [38;2;180;60;0mgrad_norm:  4.0000  [38;2;54;234;195mmemory: 68.62GiB(86.63%)  [34mtps: 3,071  [36mtflops: 117.12  [35mmfu: 11.84%[39m
[rank0]:[rank0]:[W930 14:35:44.191340211 CUDACachingAllocator.cpp:623] expandable_segments: memory mapping failed with OOM on device 0 while trying to map 20971520 bytes (free: 20119552, total: 85049802752).
[rank0]:[rank0]:[W930 14:35:48.168068522 CUDACachingAllocator.cpp:623] expandable_segments: memory mapping failed with OOM on device 0 while trying to map 20971520 bytes (free: 18022400, total: 85049802752).
[rank1]:[titan] 2026-09-30 14:35:49,055 - torchtitan.observability.metrics - INFO - [31mstep: 61  [32mloss:  2.61319  [38;2;180;60;0mgrad_norm:  4.2188  [38;2;54;234;195mmemory: 68.62GiB(86.63%)  [34mtps: 3,098  [36mtflops: 118.14  [35mmfu: 11.95%[39m
[rank0]:[titan] 2026-09-30 14:35:49,066 - torchtitan.observability.metrics - WARNING - 164 CUDA memory allocation retries.
[rank0]:[titan] 2026-09-30 14:35:49,066 - torchtitan.observability.metrics - INFO - [31mstep: 61  [32mloss: -1.00000  [38;2;180;60;0mgrad_norm:  4.2188  [38;2;54;234;195mmemory: 75.55GiB(95.38%)  [34mtps: 3,099  [36mtflops: 118.15  [35mmfu: 11.95%[39m
[rank0]:[rank0]:[W930 14:35:49.401289212 CUDACachingAllocator.cpp:623] expandable_segments: memory mapping failed with OOM on device 0 while trying to map 20971520 bytes (free: 20119552, total: 85049802752).
[rank0]:[rank0]:[W930 14:35:53.296700964 CUDACachingAllocator.cpp:623] expandable_segments: memory mapping failed with OOM on device 0 while trying to map 20971520 bytes (free: 18022400, total: 85049802752).
[rank0]:[rank0]:[W930 14:35:54.699973641 CUDACachingAllocator.cpp:623] expandable_segments: memory mapping failed with OOM on device 0 while trying to map 20971520 bytes (free: 3342336, total: 85049802752).
[rank1]:[titan] 2026-09-30 14:35:54,445 - torchtitan.observability.metrics - INFO - [31mstep: 62  [32mloss:  2.67162  [38;2;180;60;0mgrad_norm:  2.3906  [38;2;54;234;195mmemory: 68.62GiB(86.63%)  [34mtps: 3,039  [36mtflops: 115.90  [35mmfu: 11.72%[39m
[rank0]:[titan] 2026-09-30 14:35:54,457 - torchtitan.observability.metrics - WARNING - 167 CUDA memory allocation retries.
[rank0]:[titan] 2026-09-30 14:35:54,457 - torchtitan.observability.metrics - INFO - [31mstep: 62  [32mloss: -1.00000  [38;2;180;60;0mgrad_norm:  2.3906  [38;2;54;234;195mmemory: 75.43GiB(95.23%)  [34mtps: 3,039  [36mtflops: 115.89  [35mmfu: 11.72%[39m
[rank0]:[rank0]:[W930 14:35:55.862702204 CUDACachingAllocator.cpp:623] expandable_segments: memory mapping failed with OOM on device 0 while trying to map 20971520 bytes (free: 20119552, total: 85049802752).
[rank0]:[rank0]:[W930 14:35:59.728107848 CUDACachingAllocator.cpp:623] expandable_segments: memory mapping failed with OOM on device 0 while trying to map 20971520 bytes (free: 18022400, total: 85049802752).
[rank0]:[rank0]:[W930 14:35:59.124492160 CUDACachingAllocator.cpp:623] expandable_segments: memory mapping failed with OOM on device 0 while trying to map 20971520 bytes (free: 22216704, total: 85049802752).
[rank0]:[titan] 2026-09-30 14:35:59,817 - torchtitan.observability.metrics - WARNING - 170 CUDA memory allocation retries.
[rank1]:[titan] 2026-09-30 14:35:59,806 - torchtitan.observability.metrics - INFO - [31mstep: 63  [32mloss:  2.59529  [38;2;180;60;0mgrad_norm:  3.3125  [38;2;54;234;195mmemory: 68.62GiB(86.63%)  [34mtps: 3,057  [36mtflops: 116.55  [35mmfu: 11.78%[39m
[rank0]:[titan] 2026-09-30 14:35:59,817 - torchtitan.observability.metrics - INFO - [31mstep: 63  [32mloss: -1.00000  [38;2;180;60;0mgrad_norm:  3.3125  [38;2;54;234;195mmemory: 75.49GiB(95.31%)  [34mtps: 3,057  [36mtflops: 116.55  [35mmfu: 11.79%[39m
[rank0]:[rank0]:[W930 14:36:00.205066365 CUDACachingAllocator.cpp:623] expandable_segments: memory mapping failed with OOM on device 0 while trying to map 20971520 bytes (free: 20119552, total: 85049802752).
[rank0]:[rank0]:[W930 14:36:04.037565535 CUDACachingAllocator.cpp:623] expandable_segments: memory mapping failed with OOM on device 0 while trying to map 20971520 bytes (free: 18022400, total: 85049802752).
[rank0]:[rank0]:[W930 14:36:04.466543638 CUDACachingAllocator.cpp:623] expandable_segments: memory mapping failed with OOM on device 0 while trying to map 20971520 bytes (free: 22216704, total: 85049802752).
[rank0]:[titan] 2026-09-30 14:36:05,231 - torchtitan.observability.metrics - WARNING - 173 CUDA memory allocation retries.
[rank0]:[titan] 2026-09-30 14:36:05,231 - torchtitan.observability.metrics - INFO - [31mstep: 64  [32mloss: -1.00000  [38;2;180;60;0mgrad_norm:  3.1406  [38;2;54;234;195mmemory: 75.55GiB(95.38%)  [34mtps: 3,027  [36mtflops: 115.41  [35mmfu: 11.67%[39m
[rank1]:[titan] 2026-09-30 14:36:05,219 - torchtitan.observability.metrics - INFO - [31mstep: 64  [32mloss:  2.57894  [38;2;180;60;0mgrad_norm:  3.1406  [38;2;54;234;195mmemory: 68.62GiB(86.63%)  [34mtps: 3,027  [36mtflops: 115.41  [35mmfu: 11.67%[39m
[rank0]:[rank0]:[W930 14:36:06.645494405 CUDACachingAllocator.cpp:623] expandable_segments: memory mapping failed with OOM on device 0 while trying to map 20971520 bytes (free: 20119552, total: 85049802752).
[rank0]:[rank0]:[W930 14:36:10.610623320 CUDACachingAllocator.cpp:623] expandable_segments: memory mapping failed with OOM on device 0 while trying to map 20971520 bytes (free: 18022400, total: 85049802752).
[rank1]:[titan] 2026-09-30 14:36:10,458 - torchtitan.observability.metrics - INFO - [31mstep: 65  [32mloss:  2.55598  [38;2;180;60;0mgrad_norm:  2.6094  [38;2;54;234;195mmemory: 68.62GiB(86.63%)  [34mtps: 3,128  [36mtflops: 119.27  [35mmfu: 12.06%[39m
[rank0]:[titan] 2026-09-30 14:36:10,469 - torchtitan.observability.metrics - WARNING - 175 CUDA memory allocation retries.
[rank0]:[titan] 2026-09-30 14:36:10,469 - torchtitan.observability.metrics - INFO - [31mstep: 65  [32mloss: -1.00000  [38;2;180;60;0mgrad_norm:  2.6094  [38;2;54;234;195mmemory: 75.55GiB(95.38%)  [34mtps: 3,128  [36mtflops: 119.27  [35mmfu: 12.06%[39m
[rank0]:[rank0]:[W930 14:36:11.768230125 CUDACachingAllocator.cpp:623] expandable_segments: memory mapping failed with OOM on device 0 while trying to map 20971520 bytes (free: 20119552, total: 85049802752).
[rank0]:[rank0]:[W930 14:36:15.670065132 CUDACachingAllocator.cpp:623] expandable_segments: memory mapping failed with OOM on device 0 while trying to map 20971520 bytes (free: 18022400, total: 85049802752).
[rank0]:[rank0]:[W930 14:36:15.126598088 CUDACachingAllocator.cpp:623] expandable_segments: memory mapping failed with OOM on device 0 while trying to map 20971520 bytes (free: 3342336, total: 85049802752).
[rank1]:[titan] 2026-09-30 14:36:15,804 - torchtitan.observability.metrics - INFO - [31mstep: 66  [32mloss:  2.59473  [38;2;180;60;0mgrad_norm: 10.2500  [38;2;54;234;195mmemory: 68.62GiB(86.63%)  [34mtps: 3,065  [36mtflops: 116.87  [35mmfu: 11.82%[39m
[rank0]:[titan] 2026-09-30 14:36:15,815 - torchtitan.observability.metrics - WARNING - 178 CUDA memory allocation retries.
[rank0]:[titan] 2026-09-30 14:36:15,815 - torchtitan.observability.metrics - INFO - [31mstep: 66  [32mloss: -1.00000  [38;2;180;60;0mgrad_norm: 10.2500  [38;2;54;234;195mmemory: 75.25GiB(95.00%)  [34mtps: 3,065  [36mtflops: 116.87  [35mmfu: 11.82%[39m
[rank0]:[rank0]:[W930 14:36:16.225691814 CUDACachingAllocator.cpp:623] expandable_segments: memory mapping failed with OOM on device 0 while trying to map 20971520 bytes (free: 20119552, total: 85049802752).
[rank0]:[rank0]:[W930 14:36:20.064914991 CUDACachingAllocator.cpp:623] expandable_segments: memory mapping failed with OOM on device 0 while trying to map 20971520 bytes (free: 18022400, total: 85049802752).
[rank0]:[rank0]:[W930 14:36:20.450657753 CUDACachingAllocator.cpp:623] expandable_segments: memory mapping failed with OOM on device 0 while trying to map 20971520 bytes (free: 22216704, total: 85049802752).
[rank0]:[titan] 2026-09-30 14:36:21,206 - torchtitan.observability.metrics - WARNING - 181 CUDA memory allocation retries.
[rank1]:[titan] 2026-09-30 14:36:21,194 - torchtitan.observability.metrics - INFO - [31mstep: 67  [32mloss:  2.56581  [38;2;180;60;0mgrad_norm:  4.3438  [38;2;54;234;195mmemory: 68.62GiB(86.63%)  [34mtps: 3,040  [36mtflops: 115.90  [35mmfu: 11.72%[39m
[rank0]:[titan] 2026-09-30 14:36:21,206 - torchtitan.observability.metrics - INFO - [31mstep: 67  [32mloss: -1.00000  [38;2;180;60;0mgrad_norm:  4.3438  [38;2;54;234;195mmemory: 75.45GiB(95.26%)  [34mtps: 3,040  [36mtflops: 115.90  [35mmfu: 11.72%[39m
[rank0]:[rank0]:[W930 14:36:22.662305719 CUDACachingAllocator.cpp:623] expandable_segments: memory mapping failed with OOM on device 0 while trying to map 20971520 bytes (free: 20119552, total: 85049802752).
[rank0]:[rank0]:[W930 14:36:26.667397990 CUDACachingAllocator.cpp:623] expandable_segments: memory mapping failed with OOM on device 0 while trying to map 20971520 bytes (free: 18022400, total: 85049802752).
[rank0]:[titan] 2026-09-30 14:36:26,551 - torchtitan.observability.metrics - WARNING - 183 CUDA memory allocation retries.
[rank1]:[titan] 2026-09-30 14:36:26,539 - torchtitan.observability.metrics - INFO - [31mstep: 68  [32mloss:  2.62195  [38;2;180;60;0mgrad_norm:  2.9844  [38;2;54;234;195mmemory: 68.62GiB(86.63%)  [34mtps: 3,065  [36mtflops: 116.88  [35mmfu: 11.82%[39m
[rank0]:[titan] 2026-09-30 14:36:26,551 - torchtitan.observability.metrics - INFO - [31mstep: 68  [32mloss: -1.00000  [38;2;180;60;0mgrad_norm:  2.9844  [38;2;54;234;195mmemory: 75.49GiB(95.31%)  [34mtps: 3,065  [36mtflops: 116.88  [35mmfu: 11.82%[39m
[rank0]:[rank0]:[W930 14:36:27.898323387 CUDACachingAllocator.cpp:623] expandable_segments: memory mapping failed with OOM on device 0 while trying to map 20971520 bytes (free: 20119552, total: 85049802752).
[rank0]:[rank0]:[W930 14:36:31.772609780 CUDACachingAllocator.cpp:623] expandable_segments: memory mapping failed with OOM on device 0 while trying to map 20971520 bytes (free: 18022400, total: 85049802752).
[rank0]:[rank0]:[W930 14:36:31.195144261 CUDACachingAllocator.cpp:623] expandable_segments: memory mapping failed with OOM on device 0 while trying to map 20971520 bytes (free: 3342336, total: 85049802752).
[rank1]:[titan] 2026-09-30 14:36:31,886 - torchtitan.observability.metrics - INFO - [31mstep: 69  [32mloss:  2.53163  [38;2;180;60;0mgrad_norm:  3.2812  [38;2;54;234;195mmemory: 68.62GiB(86.63%)  [34mtps: 3,065  [36mtflops: 116.85  [35mmfu: 11.82%[39m
[rank0]:[titan] 2026-09-30 14:36:31,897 - torchtitan.observability.metrics - WARNING - 186 CUDA memory allocation retries.
[rank0]:[titan] 2026-09-30 14:36:31,898 - torchtitan.observability.metrics - INFO - [31mstep: 69  [32mloss: -1.00000  [38;2;180;60;0mgrad_norm:  3.2812  [38;2;54;234;195mmemory: 75.20GiB(94.94%)  [34mtps: 3,065  [36mtflops: 116.86  [35mmfu: 11.82%[39m
[rank0]:[rank0]:[W930 14:36:32.283943780 CUDACachingAllocator.cpp:623] expandable_segments: memory mapping failed with OOM on device 0 while trying to map 20971520 bytes (free: 20119552, total: 85049802752).
[rank0]:[rank0]:[W930 14:36:36.129787387 CUDACachingAllocator.cpp:623] expandable_segments: memory mapping failed with OOM on device 0 while trying to map 20971520 bytes (free: 18022400, total: 85049802752).
[rank0]:[rank0]:[W930 14:36:36.531571455 CUDACachingAllocator.cpp:623] expandable_segments: memory mapping failed with OOM on device 0 while trying to map 20971520 bytes (free: 22216704, total: 85049802752).
[rank0]:[titan] 2026-09-30 14:36:37,260 - torchtitan.observability.metrics - WARNING - 189 CUDA memory allocation retries.
[rank1]:[titan] 2026-09-30 14:36:37,248 - torchtitan.observability.metrics - INFO - [31mstep: 70  [32mloss:  2.56325  [38;2;180;60;0mgrad_norm:  2.8594  [38;2;54;234;195mmemory: 68.62GiB(86.63%)  [34mtps: 3,056  [36mtflops: 116.52  [35mmfu: 11.78%[39m
[rank0]:[titan] 2026-09-30 14:36:37,260 - torchtitan.observability.metrics - INFO - [31mstep: 70  [32mloss: -1.00000  [38;2;180;60;0mgrad_norm:  2.8594  [38;2;54;234;195mmemory: 75.49GiB(95.31%)  [34mtps: 3,056  [36mtflops: 116.51  [35mmfu: 11.78%[39m
[rank0]:[rank0]:[W930 14:36:38.663071402 CUDACachingAllocator.cpp:623] expandable_segments: memory mapping failed with OOM on device 0 while trying to map 20971520 bytes (free: 20119552, total: 85049802752).
[rank0]:[rank0]:[W930 14:36:41.512320797 CUDACachingAllocator.cpp:623] expandable_segments: memory mapping failed with OOM on device 0 while trying to map 20971520 bytes (free: 18022400, total: 85049802752).
[rank0]:[rank0]:[W930 14:36:42.928524200 CUDACachingAllocator.cpp:623] expandable_segments: memory mapping failed with OOM on device 0 while trying to map 20971520 bytes (free: 22216704, total: 85049802752).
[rank1]:[titan] 2026-09-30 14:36:42,673 - torchtitan.observability.metrics - INFO - [31mstep: 71  [32mloss:  2.56684  [38;2;180;60;0mgrad_norm:  3.0000  [38;2;54;234;195mmemory: 68.62GiB(86.63%)  [34mtps: 3,021  [36mtflops: 115.18  [35mmfu: 11.65%[39m
[rank0]:[titan] 2026-09-30 14:36:42,684 - torchtitan.observability.metrics - WARNING - 192 CUDA memory allocation retries.
[rank0]:[titan] 2026-09-30 14:36:42,684 - torchtitan.observability.metrics - INFO - [31mstep: 71  [32mloss: -1.00000  [38;2;180;60;0mgrad_norm:  3.0000  [38;2;54;234;195mmemory: 75.61GiB(95.46%)  [34mtps: 3,021  [36mtflops: 115.18  [35mmfu: 11.65%[39m
[rank0]:[rank0]:[W930 14:36:43.090765761 CUDACachingAllocator.cpp:623] expandable_segments: memory mapping failed with OOM on device 0 while trying to map 20971520 bytes (free: 20119552, total: 85049802752).
[rank0]:[rank0]:[W930 14:36:47.065932426 CUDACachingAllocator.cpp:623] expandable_segments: memory mapping failed with OOM on device 0 while trying to map 20971520 bytes (free: 18022400, total: 85049802752).
[rank1]:[titan] 2026-09-30 14:36:47,924 - torchtitan.observability.metrics - INFO - [31mstep: 72  [32mloss:  2.51138  [38;2;180;60;0mgrad_norm:  2.6406  [38;2;54;234;195mmemory: 68.62GiB(86.63%)  [34mtps: 3,120  [36mtflops: 118.97  [35mmfu: 12.03%[39m
[rank0]:[titan] 2026-09-30 14:36:47,936 - torchtitan.observability.metrics - WARNING - 194 CUDA memory allocation retries.
[rank0]:[titan] 2026-09-30 14:36:47,936 - torchtitan.observability.metrics - INFO - [31mstep: 72  [32mloss: -1.00000  [38;2;180;60;0mgrad_norm:  2.6406  [38;2;54;234;195mmemory: 75.51GiB(95.33%)  [34mtps: 3,120  [36mtflops: 118.97  [35mmfu: 12.03%[39m
[rank0]:[rank0]:[W930 14:36:48.276979615 CUDACachingAllocator.cpp:623] expandable_segments: memory mapping failed with OOM on device 0 while trying to map 20971520 bytes (free: 20119552, total: 85049802752).
[rank0]:[rank0]:[W930 14:36:52.176312906 CUDACachingAllocator.cpp:623] expandable_segments: memory mapping failed with OOM on device 0 while trying to map 20971520 bytes (free: 18022400, total: 85049802752).
[rank0]:[rank0]:[W930 14:36:53.600282670 CUDACachingAllocator.cpp:623] expandable_segments: memory mapping failed with OOM on device 0 while trying to map 20971520 bytes (free: 3342336, total: 85049802752).
[rank0]:[titan] 2026-09-30 14:36:53,290 - torchtitan.observability.metrics - WARNING - 197 CUDA memory allocation retries.
[rank1]:[titan] 2026-09-30 14:36:53,279 - torchtitan.observability.metrics - INFO - [31mstep: 73  [32mloss:  2.57596  [38;2;180;60;0mgrad_norm:  3.1875  [38;2;54;234;195mmemory: 68.62GiB(86.63%)  [34mtps: 3,060  [36mtflops: 116.68  [35mmfu: 11.80%[39m
[rank0]:[titan] 2026-09-30 14:36:53,290 - torchtitan.observability.metrics - INFO - [31mstep: 73  [32mloss: -1.00000  [38;2;180;60;0mgrad_norm:  3.1875  [38;2;54;234;195mmemory: 75.29GiB(95.06%)  [34mtps: 3,060  [36mtflops: 116.68  [35mmfu: 11.80%[39m
[rank0]:[rank0]:[W930 14:36:54.725031096 CUDACachingAllocator.cpp:623] expandable_segments: memory mapping failed with OOM on device 0 while trying to map 20971520 bytes (free: 20119552, total: 85049802752).
[rank0]:[rank0]:[W930 14:36:58.548049754 CUDACachingAllocator.cpp:623] expandable_segments: memory mapping failed with OOM on device 0 while trying to map 20971520 bytes (free: 18022400, total: 85049802752).
[rank0]:[rank0]:[W930 14:36:58.942013718 CUDACachingAllocator.cpp:623] expandable_segments: memory mapping failed with OOM on device 0 while trying to map 20971520 bytes (free: 22216704, total: 85049802752).
[rank0]:[titan] 2026-09-30 14:36:58,673 - torchtitan.observability.metrics - WARNING - 200 CUDA memory allocation retries.
[rank1]:[titan] 2026-09-30 14:36:58,662 - torchtitan.observability.metrics - INFO - [31mstep: 74  [32mloss:  2.63015  [38;2;180;60;0mgrad_norm:  2.6250  [38;2;54;234;195mmemory: 68.62GiB(86.63%)  [34mtps: 3,044  [36mtflops: 116.06  [35mmfu: 11.73%[39m
[rank0]:[titan] 2026-09-30 14:36:58,674 - torchtitan.observability.metrics - INFO - [31mstep: 74  [32mloss: -1.00000  [38;2;180;60;0mgrad_norm:  2.6250  [38;2;54;234;195mmemory: 75.51GiB(95.33%)  [34mtps: 3,044  [36mtflops: 116.06  [35mmfu: 11.73%[39m
[rank0]:[rank0]:[W930 14:36:59.071414426 CUDACachingAllocator.cpp:623] expandable_segments: memory mapping failed with OOM on device 0 while trying to map 20971520 bytes (free: 20119552, total: 85049802752).
[rank0]:[rank0]:[W930 14:37:03.047337331 CUDACachingAllocator.cpp:623] expandable_segments: memory mapping failed with OOM on device 0 while trying to map 20971520 bytes (free: 18022400, total: 85049802752).
[rank0]:[titan] 2026-09-30 14:37:03,945 - torchtitan.observability.metrics - WARNING - 202 CUDA memory allocation retries.
[rank1]:[titan] 2026-09-30 14:37:03,933 - torchtitan.observability.metrics - INFO - [31mstep: 75  [32mloss:  2.57794  [38;2;180;60;0mgrad_norm:  2.5312  [38;2;54;234;195mmemory: 68.62GiB(86.63%)  [34mtps: 3,109  [36mtflops: 118.53  [35mmfu: 11.98%[39m
[rank0]:[titan] 2026-09-30 14:37:03,945 - torchtitan.observability.metrics - INFO - [31mstep: 75  [32mloss: -1.00000  [38;2;180;60;0mgrad_norm:  2.5312  [38;2;54;234;195mmemory: 75.47GiB(95.28%)  [34mtps: 3,108  [36mtflops: 118.53  [35mmfu: 11.98%[39m
[rank0]:[rank0]:[W930 14:37:04.311427829 CUDACachingAllocator.cpp:623] expandable_segments: memory mapping failed with OOM on device 0 while trying to map 20971520 bytes (free: 20119552, total: 85049802752).
[rank0]:[rank0]:[W930 14:37:08.229650746 CUDACachingAllocator.cpp:623] expandable_segments: memory mapping failed with OOM on device 0 while trying to map 20971520 bytes (free: 18022400, total: 85049802752).
[rank0]:[rank0]:[W930 14:37:09.664790421 CUDACachingAllocator.cpp:623] expandable_segments: memory mapping failed with OOM on device 0 while trying to map 20971520 bytes (free: 3342336, total: 85049802752).
[rank1]:[titan] 2026-09-30 14:37:09,398 - torchtitan.observability.metrics - INFO - [31mstep: 76  [32mloss:  2.51058  [38;2;180;60;0mgrad_norm:  2.7344  [38;2;54;234;195mmemory: 68.62GiB(86.63%)  [34mtps: 2,998  [36mtflops: 114.32  [35mmfu: 11.56%[39m
[rank0]:[titan] 2026-09-30 14:37:09,410 - torchtitan.observability.metrics - WARNING - 205 CUDA memory allocation retries.
[rank0]:[titan] 2026-09-30 14:37:09,410 - torchtitan.observability.metrics - INFO - [31mstep: 76  [32mloss: -1.00000  [38;2;180;60;0mgrad_norm:  2.7344  [38;2;54;234;195mmemory: 75.62GiB(95.47%)  [34mtps: 2,998  [36mtflops: 114.32  [35mmfu: 11.56%[39m
[rank0]:[rank0]:[W930 14:37:10.799880001 CUDACachingAllocator.cpp:623] expandable_segments: memory mapping failed with OOM on device 0 while trying to map 20971520 bytes (free: 20119552, total: 85049802752).
[rank0]:[rank0]:[W930 14:37:14.641780518 CUDACachingAllocator.cpp:623] expandable_segments: memory mapping failed with OOM on device 0 while trying to map 20971520 bytes (free: 18022400, total: 85049802752).
[rank0]:[rank0]:[W930 14:37:14.041141043 CUDACachingAllocator.cpp:623] expandable_segments: memory mapping failed with OOM on device 0 while trying to map 20971520 bytes (free: 22216704, total: 85049802752).
[rank0]:[titan] 2026-09-30 14:37:14,737 - torchtitan.observability.metrics - WARNING - 208 CUDA memory allocation retries.
[rank1]:[titan] 2026-09-30 14:37:14,725 - torchtitan.observability.metrics - INFO - [31mstep: 77  [32mloss:  2.47852  [38;2;180;60;0mgrad_norm:  2.5000  [38;2;54;234;195mmemory: 68.62GiB(86.63%)  [34mtps: 3,076  [36mtflops: 117.28  [35mmfu: 11.86%[39m
[rank0]:[titan] 2026-09-30 14:37:14,737 - torchtitan.observability.metrics - INFO - [31mstep: 77  [32mloss: -1.00000  [38;2;180;60;0mgrad_norm:  2.5000  [38;2;54;234;195mmemory: 75.63GiB(95.48%)  [34mtps: 3,076  [36mtflops: 117.28  [35mmfu: 11.86%[39m
[rank0]:[rank0]:[W930 14:37:15.165465990 CUDACachingAllocator.cpp:623] expandable_segments: memory mapping failed with OOM on device 0 while trying to map 20971520 bytes (free: 20119552, total: 85049802752).
[rank0]:[rank0]:[W930 14:37:19.985977896 CUDACachingAllocator.cpp:623] expandable_segments: memory mapping failed with OOM on device 0 while trying to map 20971520 bytes (free: 18022400, total: 85049802752).
[rank0]:[rank0]:[W930 14:37:19.391490048 CUDACachingAllocator.cpp:623] expandable_segments: memory mapping failed with OOM on device 0 while trying to map 20971520 bytes (free: 22216704, total: 85049802752).
[rank1]:[titan] 2026-09-30 14:37:20,076 - torchtitan.observability.metrics - INFO - [31mstep: 78  [32mloss:  2.56195  [38;2;180;60;0mgrad_norm:  2.3594  [38;2;54;234;195mmemory: 68.62GiB(86.63%)  [34mtps: 3,062  [36mtflops: 116.77  [35mmfu: 11.81%[39m
[rank0]:[titan] 2026-09-30 14:37:20,087 - torchtitan.observability.metrics - WARNING - 211 CUDA memory allocation retries.
[rank0]:[titan] 2026-09-30 14:37:20,087 - torchtitan.observability.metrics - INFO - [31mstep: 78  [32mloss: -1.00000  [38;2;180;60;0mgrad_norm:  2.3594  [38;2;54;234;195mmemory: 75.63GiB(95.48%)  [34mtps: 3,062  [36mtflops: 116.77  [35mmfu: 11.81%[39m
[rank0]:[rank0]:[W930 14:37:20.486949089 CUDACachingAllocator.cpp:623] expandable_segments: memory mapping failed with OOM on device 0 while trying to map 20971520 bytes (free: 20119552, total: 85049802752).
[rank0]:[rank0]:[W930 14:37:24.336607607 CUDACachingAllocator.cpp:623] expandable_segments: memory mapping failed with OOM on device 0 while trying to map 20971520 bytes (free: 18022400, total: 85049802752).
[rank0]:[rank0]:[W930 14:37:25.739180511 CUDACachingAllocator.cpp:623] expandable_segments: memory mapping failed with OOM on device 0 while trying to map 20971520 bytes (free: 22216704, total: 85049802752).
[rank0]:[titan] 2026-09-30 14:37:25,424 - torchtitan.observability.metrics - WARNING - 214 CUDA memory allocation retries.
[rank0]:[titan] 2026-09-30 14:37:25,424 - torchtitan.observability.metrics - INFO - [31mstep: 79  [32mloss: -1.00000  [38;2;180;60;0mgrad_norm:  2.4688  [38;2;54;234;195mmemory: 75.61GiB(95.45%)  [34mtps: 3,070  [36mtflops: 117.07  [35mmfu: 11.84%[39m
[rank1]:[titan] 2026-09-30 14:37:25,412 - torchtitan.observability.metrics - INFO - [31mstep: 79  [32mloss:  2.51092  [38;2;180;60;0mgrad_norm:  2.4688  [38;2;54;234;195mmemory: 68.62GiB(86.63%)  [34mtps: 3,070  [36mtflops: 117.07  [35mmfu: 11.84%[39m
[rank0]:[rank0]:[W930 14:37:26.822289601 CUDACachingAllocator.cpp:623] expandable_segments: memory mapping failed with OOM on device 0 while trying to map 20971520 bytes (free: 20119552, total: 85049802752).
[rank0]:[rank0]:[W930 14:37:30.811941071 CUDACachingAllocator.cpp:623] expandable_segments: memory mapping failed with OOM on device 0 while trying to map 20971520 bytes (free: 18022400, total: 85049802752).
[rank1]:[titan] 2026-09-30 14:37:30,689 - torchtitan.observability.metrics - INFO - [31mstep: 80  [32mloss:  2.49265  [38;2;180;60;0mgrad_norm:  2.6094  [38;2;54;234;195mmemory: 68.62GiB(86.63%)  [34mtps: 3,105  [36mtflops: 118.40  [35mmfu: 11.97%[39m
[rank0]:[titan] 2026-09-30 14:37:30,700 - torchtitan.observability.metrics - WARNING - 216 CUDA memory allocation retries.
[rank0]:[titan] 2026-09-30 14:37:30,700 - torchtitan.observability.metrics - INFO - [31mstep: 80  [32mloss: -1.00000  [38;2;180;60;0mgrad_norm:  2.6094  [38;2;54;234;195mmemory: 75.55GiB(95.38%)  [34mtps: 3,105  [36mtflops: 118.41  [35mmfu: 11.97%[39m
[rank0]:[rank0]:[W930 14:37:31.046070350 CUDACachingAllocator.cpp:623] expandable_segments: memory mapping failed with OOM on device 0 while trying to map 20971520 bytes (free: 20119552, total: 85049802752).
[rank0]:[rank0]:[W930 14:37:35.944886508 CUDACachingAllocator.cpp:623] expandable_segments: memory mapping failed with OOM on device 0 while trying to map 20971520 bytes (free: 18022400, total: 85049802752).
[rank0]:[rank0]:[W930 14:37:35.536535582 CUDACachingAllocator.cpp:623] expandable_segments: memory mapping failed with OOM on device 0 while trying to map 20971520 bytes (free: 3342336, total: 85049802752).
[rank0]:[titan] 2026-09-30 14:37:36,330 - torchtitan.observability.metrics - WARNING - 219 CUDA memory allocation retries.
[rank0]:[titan] 2026-09-30 14:37:36,330 - torchtitan.observability.metrics - INFO - [31mstep: 81  [32mloss: -1.00000  [38;2;180;60;0mgrad_norm:  2.5156  [38;2;54;234;195mmemory: 75.61GiB(95.45%)  [34mtps: 2,910  [36mtflops: 110.97  [35mmfu: 11.22%[39m
[rank1]:[titan] 2026-09-30 14:37:36,319 - torchtitan.observability.metrics - INFO - [31mstep: 81  [32mloss:  2.47465  [38;2;180;60;0mgrad_norm:  2.5156  [38;2;54;234;195mmemory: 68.62GiB(86.63%)  [34mtps: 2,910  [36mtflops: 110.98  [35mmfu: 11.22%[39m
[rank0]:[rank0]:[W930 14:37:37.966057356 CUDACachingAllocator.cpp:623] expandable_segments: memory mapping failed with OOM on device 0 while trying to map 20971520 bytes (free: 20119552, total: 85049802752).
[rank0]:[rank0]:[W930 14:37:41.069196739 CUDACachingAllocator.cpp:623] expandable_segments: memory mapping failed with OOM on device 0 while trying to map 20971520 bytes (free: 18022400, total: 85049802752).
[rank0]:[rank0]:[W930 14:37:41.461011999 CUDACachingAllocator.cpp:623] expandable_segments: memory mapping failed with OOM on device 0 while trying to map 20971520 bytes (free: 22216704, total: 85049802752).
[rank1]:[titan] 2026-09-30 14:37:42,185 - torchtitan.observability.metrics - INFO - [31mstep: 82  [32mloss:  2.45981  [38;2;180;60;0mgrad_norm:  1.5391  [38;2;54;234;195mmemory: 68.62GiB(86.63%)  [34mtps: 2,793  [36mtflops: 106.51  [35mmfu: 10.77%[39m
[rank0]:[titan] 2026-09-30 14:37:42,196 - torchtitan.observability.metrics - WARNING - 222 CUDA memory allocation retries.
[rank0]:[titan] 2026-09-30 14:37:42,196 - torchtitan.observability.metrics - INFO - [31mstep: 82  [32mloss: -1.00000  [38;2;180;60;0mgrad_norm:  1.5391  [38;2;54;234;195mmemory: 75.61GiB(95.45%)  [34mtps: 2,793  [36mtflops: 106.51  [35mmfu: 10.77%[39m
[rank0]:[rank0]:[W930 14:37:43.677182453 CUDACachingAllocator.cpp:623] expandable_segments: memory mapping failed with OOM on device 0 while trying to map 20971520 bytes (free: 20119552, total: 85049802752).
[rank0]:[rank0]:[W930 14:37:47.624033495 CUDACachingAllocator.cpp:623] expandable_segments: memory mapping failed with OOM on device 0 while trying to map 20971520 bytes (free: 18022400, total: 85049802752).
[rank1]:[titan] 2026-09-30 14:37:47,491 - torchtitan.observability.metrics - INFO - [31mstep: 83  [32mloss:  2.43981  [38;2;180;60;0mgrad_norm:  1.7969  [38;2;54;234;195mmemory: 68.62GiB(86.63%)  [34mtps: 3,088  [36mtflops: 117.74  [35mmfu: 11.90%[39m
[rank0]:[titan] 2026-09-30 14:37:47,502 - torchtitan.observability.metrics - WARNING - 224 CUDA memory allocation retries.
[rank0]:[titan] 2026-09-30 14:37:47,502 - torchtitan.observability.metrics - INFO - [31mstep: 83  [32mloss: -1.00000  [38;2;180;60;0mgrad_norm:  1.7969  [38;2;54;234;195mmemory: 75.51GiB(95.33%)  [34mtps: 3,088  [36mtflops: 117.74  [35mmfu: 11.90%[39m
[rank0]:[rank0]:[W930 14:37:48.863487873 CUDACachingAllocator.cpp:623] expandable_segments: memory mapping failed with OOM on device 0 while trying to map 20971520 bytes (free: 20119552, total: 85049802752).
[rank0]:[rank0]:[W930 14:37:52.870967528 CUDACachingAllocator.cpp:623] expandable_segments: memory mapping failed with OOM on device 0 while trying to map 20971520 bytes (free: 18022400, total: 85049802752).
[rank0]:[titan] 2026-09-30 14:37:52,740 - torchtitan.observability.metrics - WARNING - 226 CUDA memory allocation retries.
[rank1]:[titan] 2026-09-30 14:37:52,728 - torchtitan.observability.metrics - INFO - [31mstep: 84  [32mloss:  2.41605  [38;2;180;60;0mgrad_norm:  3.5781  [38;2;54;234;195mmemory: 68.62GiB(86.63%)  [34mtps: 3,129  [36mtflops: 119.30  [35mmfu: 12.06%[39m
[rank0]:[titan] 2026-09-30 14:37:52,740 - torchtitan.observability.metrics - INFO - [31mstep: 84  [32mloss: -1.00000  [38;2;180;60;0mgrad_norm:  3.5781  [38;2;54;234;195mmemory: 75.22GiB(94.96%)  [34mtps: 3,129  [36mtflops: 119.30  [35mmfu: 12.06%[39m
[rank0]:[rank0]:[W930 14:37:53.061626723 CUDACachingAllocator.cpp:623] expandable_segments: memory mapping failed with OOM on device 0 while trying to map 20971520 bytes (free: 20119552, total: 85049802752).
[rank0]:[rank0]:[W930 14:37:57.924798205 CUDACachingAllocator.cpp:623] expandable_segments: memory mapping failed with OOM on device 0 while trying to map 20971520 bytes (free: 18022400, total: 85049802752).
[rank0]:[rank0]:[W930 14:37:57.349279624 CUDACachingAllocator.cpp:623] expandable_segments: memory mapping failed with OOM on device 0 while trying to map 20971520 bytes (free: 3342336, total: 85049802752).
[rank1]:[titan] 2026-09-30 14:37:58,034 - torchtitan.observability.metrics - INFO - [31mstep: 85  [32mloss:  2.43335  [38;2;180;60;0mgrad_norm:  2.4531  [38;2;54;234;195mmemory: 68.62GiB(86.63%)  [34mtps: 3,088  [36mtflops: 117.74  [35mmfu: 11.91%[39m
[rank0]:[titan] 2026-09-30 14:37:58,046 - torchtitan.observability.metrics - WARNING - 229 CUDA memory allocation retries.
[rank0]:[titan] 2026-09-30 14:37:58,046 - torchtitan.observability.metrics - INFO - [31mstep: 85  [32mloss: -1.00000  [38;2;180;60;0mgrad_norm:  2.4531  [38;2;54;234;195mmemory: 75.63GiB(95.48%)  [34mtps: 3,088  [36mtflops: 117.74  [35mmfu: 11.91%[39m
[rank0]:[rank0]:[W930 14:37:58.450477211 CUDACachingAllocator.cpp:623] expandable_segments: memory mapping failed with OOM on device 0 while trying to map 20971520 bytes (free: 20119552, total: 85049802752).
[rank0]:[rank0]:[W930 14:38:02.267162605 CUDACachingAllocator.cpp:623] expandable_segments: memory mapping failed with OOM on device 0 while trying to map 20971520 bytes (free: 18022400, total: 85049802752).
[rank0]:[rank0]:[W930 14:38:03.677502563 CUDACachingAllocator.cpp:623] expandable_segments: memory mapping failed with OOM on device 0 while trying to map 20971520 bytes (free: 22216704, total: 85049802752).
[rank0]:[titan] 2026-09-30 14:38:03,405 - torchtitan.observability.metrics - WARNING - 232 CUDA memory allocation retries.
[rank1]:[titan] 2026-09-30 14:38:03,393 - torchtitan.observability.metrics - INFO - [31mstep: 86  [32mloss:  2.43042  [38;2;180;60;0mgrad_norm:  1.7734  [38;2;54;234;195mmemory: 68.62GiB(86.63%)  [34mtps: 3,058  [36mtflops: 116.58  [35mmfu: 11.79%[39m
[rank0]:[titan] 2026-09-30 14:38:03,405 - torchtitan.observability.metrics - INFO - [31mstep: 86  [32mloss: -1.00000  [38;2;180;60;0mgrad_norm:  1.7734  [38;2;54;234;195mmemory: 75.45GiB(95.26%)  [34mtps: 3,057  [36mtflops: 116.58  [35mmfu: 11.79%[39m
[rank0]:[rank0]:[W930 14:38:05.273813870 CUDACachingAllocator.cpp:623] expandable_segments: memory mapping failed with OOM on device 0 while trying to map 20971520 bytes (free: 20119552, total: 85049802752).
[rank0]:[rank0]:[W930 14:38:09.276024699 CUDACachingAllocator.cpp:623] expandable_segments: memory mapping failed with OOM on device 0 while trying to map 20971520 bytes (free: 18022400, total: 85049802752).
[rank0]:[titan] 2026-09-30 14:38:10,129 - torchtitan.observability.metrics - WARNING - 234 CUDA memory allocation retries.
[rank0]:[titan] 2026-09-30 14:38:10,129 - torchtitan.observability.metrics - INFO - [31mstep: 87  [32mloss: -1.00000  [38;2;180;60;0mgrad_norm:  2.0781  [38;2;54;234;195mmemory: 75.63GiB(95.48%)  [34mtps: 2,437  [36mtflops: 92.91  [35mmfu: 9.39%[39m
[rank1]:[titan] 2026-09-30 14:38:10,118 - torchtitan.observability.metrics - INFO - [31mstep: 87  [32mloss:  2.58775  [38;2;180;60;0mgrad_norm:  2.0781  [38;2;54;234;195mmemory: 68.62GiB(86.63%)  [34mtps: 2,437  [36mtflops: 92.91  [35mmfu: 9.39%[39m
[rank0]:[rank0]:[W930 14:38:10.433497716 CUDACachingAllocator.cpp:623] expandable_segments: memory mapping failed with OOM on device 0 while trying to map 20971520 bytes (free: 20119552, total: 85049802752).
[rank0]:[rank0]:[W930 14:38:14.296634578 CUDACachingAllocator.cpp:623] expandable_segments: memory mapping failed with OOM on device 0 while trying to map 20971520 bytes (free: 18022400, total: 85049802752).
[rank0]:[rank0]:[W930 14:38:15.695223688 CUDACachingAllocator.cpp:623] expandable_segments: memory mapping failed with OOM on device 0 while trying to map 20971520 bytes (free: 3342336, total: 85049802752).
[rank0]:[titan] 2026-09-30 14:38:15,379 - torchtitan.observability.metrics - WARNING - 237 CUDA memory allocation retries.
[rank1]:[titan] 2026-09-30 14:38:15,368 - torchtitan.observability.metrics - INFO - [31mstep: 88  [32mloss:  2.42558  [38;2;180;60;0mgrad_norm:  1.9375  [38;2;54;234;195mmemory: 68.62GiB(86.63%)  [34mtps: 3,121  [36mtflops: 119.00  [35mmfu: 12.03%[39m
[rank0]:[titan] 2026-09-30 14:38:15,380 - torchtitan.observability.metrics - INFO - [31mstep: 88  [32mloss: -1.00000  [38;2;180;60;0mgrad_norm:  1.9375  [38;2;54;234;195mmemory: 75.04GiB(94.74%)  [34mtps: 3,121  [36mtflops: 119.00  [35mmfu: 12.03%[39m
[rank0]:[rank0]:[W930 14:38:16.820372168 CUDACachingAllocator.cpp:623] expandable_segments: memory mapping failed with OOM on device 0 while trying to map 20971520 bytes (free: 20119552, total: 85049802752).
[rank0]:[rank0]:[W930 14:38:20.720202021 CUDACachingAllocator.cpp:623] expandable_segments: memory mapping failed with OOM on device 0 while trying to map 20971520 bytes (free: 18022400, total: 85049802752).
[rank0]:[rank0]:[W930 14:38:20.195270083 CUDACachingAllocator.cpp:623] expandable_segments: memory mapping failed with OOM on device 0 while trying to map 20971520 bytes (free: 22216704, total: 85049802752).
[rank1]:[titan] 2026-09-30 14:38:20,913 - torchtitan.observability.metrics - INFO - [31mstep: 89  [32mloss:  2.44694  [38;2;180;60;0mgrad_norm:  1.1562  [38;2;54;234;195mmemory: 68.62GiB(86.63%)  [34mtps: 2,955  [36mtflops: 112.67  [35mmfu: 11.39%[39m
[rank0]:[titan] 2026-09-30 14:38:20,925 - torchtitan.observability.metrics - WARNING - 240 CUDA memory allocation retries.
[rank0]:[titan] 2026-09-30 14:38:20,925 - torchtitan.observability.metrics - INFO - [31mstep: 89  [32mloss: -1.00000  [38;2;180;60;0mgrad_norm:  1.1562  [38;2;54;234;195mmemory: 75.61GiB(95.45%)  [34mtps: 2,955  [36mtflops: 112.67  [35mmfu: 11.39%[39m
[rank0]:[rank0]:[W930 14:38:21.446807360 CUDACachingAllocator.cpp:623] expandable_segments: memory mapping failed with OOM on device 0 while trying to map 20971520 bytes (free: 20119552, total: 85049802752).
[rank0]:[rank0]:[W930 14:38:25.333330453 CUDACachingAllocator.cpp:623] expandable_segments: memory mapping failed with OOM on device 0 while trying to map 20971520 bytes (free: 18022400, total: 85049802752).
[rank0]:[titan] 2026-09-30 14:38:26,225 - torchtitan.observability.metrics - WARNING - 242 CUDA memory allocation retries.
[rank1]:[titan] 2026-09-30 14:38:26,214 - torchtitan.observability.metrics - INFO - [31mstep: 90  [32mloss:  2.37609  [38;2;180;60;0mgrad_norm:  1.4219  [38;2;54;234;195mmemory: 68.62GiB(86.63%)  [34mtps: 3,091  [36mtflops: 117.87  [35mmfu: 11.92%[39m
[rank0]:[titan] 2026-09-30 14:38:26,225 - torchtitan.observability.metrics - INFO - [31mstep: 90  [32mloss: -1.00000  [38;2;180;60;0mgrad_norm:  1.4219  [38;2;54;234;195mmemory: 75.59GiB(95.43%)  [34mtps: 3,091  [36mtflops: 117.87  [35mmfu: 11.92%[39m
[rank0]:[rank0]:[W930 14:38:27.564407435 CUDACachingAllocator.cpp:623] expandable_segments: memory mapping failed with OOM on device 0 while trying to map 20971520 bytes (free: 20119552, total: 85049802752).
[rank0]:[rank0]:[W930 14:38:30.469660519 CUDACachingAllocator.cpp:623] expandable_segments: memory mapping failed with OOM on device 0 while trying to map 20971520 bytes (free: 18022400, total: 85049802752).
[rank0]:[rank0]:[W930 14:38:31.900260557 CUDACachingAllocator.cpp:623] expandable_segments: memory mapping failed with OOM on device 0 while trying to map 20971520 bytes (free: 3342336, total: 85049802752).
[rank0]:[titan] 2026-09-30 14:38:31,611 - torchtitan.observability.metrics - WARNING - 245 CUDA memory allocation retries.
[rank1]:[titan] 2026-09-30 14:38:31,600 - torchtitan.observability.metrics - INFO - [31mstep: 91  [32mloss:  2.51452  [38;2;180;60;0mgrad_norm:  2.1406  [38;2;54;234;195mmemory: 68.62GiB(86.63%)  [34mtps: 3,042  [36mtflops: 116.00  [35mmfu: 11.73%[39m
[rank0]:[titan] 2026-09-30 14:38:31,611 - torchtitan.observability.metrics - INFO - [31mstep: 91  [32mloss: -1.00000  [38;2;180;60;0mgrad_norm:  2.1406  [38;2;54;234;195mmemory: 75.30GiB(95.06%)  [34mtps: 3,042  [36mtflops: 116.00  [35mmfu: 11.73%[39m
[rank0]:[rank0]:[W930 14:38:32.973279076 CUDACachingAllocator.cpp:623] expandable_segments: memory mapping failed with OOM on device 0 while trying to map 20971520 bytes (free: 20119552, total: 85049802752).
[rank0]:[rank0]:[W930 14:38:36.795562826 CUDACachingAllocator.cpp:623] expandable_segments: memory mapping failed with OOM on device 0 while trying to map 20971520 bytes (free: 18022400, total: 85049802752).
[rank0]:[rank0]:[W930 14:38:36.213953081 CUDACachingAllocator.cpp:623] expandable_segments: memory mapping failed with OOM on device 0 while trying to map 20971520 bytes (free: 22216704, total: 85049802752).
[rank1]:[titan] 2026-09-30 14:38:36,950 - torchtitan.observability.metrics - INFO - [31mstep: 92  [32mloss:  2.33380  [38;2;180;60;0mgrad_norm:  2.1406  [38;2;54;234;195mmemory: 68.62GiB(86.63%)  [34mtps: 3,062  [36mtflops: 116.77  [35mmfu: 11.81%[39m
[rank0]:[titan] 2026-09-30 14:38:36,961 - torchtitan.observability.metrics - WARNING - 248 CUDA memory allocation retries.
[rank0]:[titan] 2026-09-30 14:38:36,961 - torchtitan.observability.metrics - INFO - [31mstep: 92  [32mloss: -1.00000  [38;2;180;60;0mgrad_norm:  2.1406  [38;2;54;234;195mmemory: 75.47GiB(95.28%)  [34mtps: 3,063  [36mtflops: 116.77  [35mmfu: 11.81%[39m
[rank0]:[rank0]:[W930 14:38:37.324499731 CUDACachingAllocator.cpp:623] expandable_segments: memory mapping failed with OOM on device 0 while trying to map 20971520 bytes (free: 20119552, total: 85049802752).
[rank0]:[rank0]:[W930 14:38:41.324414461 CUDACachingAllocator.cpp:623] expandable_segments: memory mapping failed with OOM on device 0 while trying to map 20971520 bytes (free: 18022400, total: 85049802752).
[rank0]:[titan] 2026-09-30 14:38:42,192 - torchtitan.observability.metrics - WARNING - 250 CUDA memory allocation retries.
[rank1]:[titan] 2026-09-30 14:38:42,180 - torchtitan.observability.metrics - INFO - [31mstep: 93  [32mloss:  2.37151  [38;2;180;60;0mgrad_norm:  1.5703  [38;2;54;234;195mmemory: 68.62GiB(86.63%)  [34mtps: 3,133  [36mtflops: 119.46  [35mmfu: 12.08%[39m
[rank0]:[titan] 2026-09-30 14:38:42,192 - torchtitan.observability.metrics - INFO - [31mstep: 93  [32mloss: -1.00000  [38;2;180;60;0mgrad_norm:  1.5703  [38;2;54;234;195mmemory: 75.59GiB(95.43%)  [34mtps: 3,133  [36mtflops: 119.45  [35mmfu: 12.08%[39m
[rank0]:[rank0]:[W930 14:38:42.501597903 CUDACachingAllocator.cpp:623] expandable_segments: memory mapping failed with OOM on device 0 while trying to map 20971520 bytes (free: 20119552, total: 85049802752).
[rank0]:[rank0]:[W930 14:38:46.409341117 CUDACachingAllocator.cpp:623] expandable_segments: memory mapping failed with OOM on device 0 while trying to map 20971520 bytes (free: 18022400, total: 85049802752).
[rank0]:[rank0]:[W930 14:38:47.811513302 CUDACachingAllocator.cpp:623] expandable_segments: memory mapping failed with OOM on device 0 while trying to map 20971520 bytes (free: 3342336, total: 85049802752).
[rank0]:[titan] 2026-09-30 14:38:47,506 - torchtitan.observability.metrics - WARNING - 253 CUDA memory allocation retries.
[rank1]:[titan] 2026-09-30 14:38:47,495 - torchtitan.observability.metrics - INFO - [31mstep: 94  [32mloss:  2.30116  [38;2;180;60;0mgrad_norm:  1.3516  [38;2;54;234;195mmemory: 68.62GiB(86.63%)  [34mtps: 3,083  [36mtflops: 117.56  [35mmfu: 11.89%[39m
[rank0]:[titan] 2026-09-30 14:38:47,506 - torchtitan.observability.metrics - INFO - [31mstep: 94  [32mloss: -1.00000  [38;2;180;60;0mgrad_norm:  1.3516  [38;2;54;234;195mmemory: 75.26GiB(95.01%)  [34mtps: 3,083  [36mtflops: 117.56  [35mmfu: 11.89%[39m
[rank0]:[rank0]:[W930 14:38:48.937917809 CUDACachingAllocator.cpp:623] expandable_segments: memory mapping failed with OOM on device 0 while trying to map 20971520 bytes (free: 20119552, total: 85049802752).
[rank0]:[rank0]:[W930 14:38:52.752980468 CUDACachingAllocator.cpp:623] expandable_segments: memory mapping failed with OOM on device 0 while trying to map 20971520 bytes (free: 18022400, total: 85049802752).
[rank0]:[rank0]:[W930 14:38:52.141267513 CUDACachingAllocator.cpp:623] expandable_segments: memory mapping failed with OOM on device 0 while trying to map 20971520 bytes (free: 22216704, total: 85049802752).
[rank0]:[titan] 2026-09-30 14:38:52,825 - torchtitan.observability.metrics - WARNING - 256 CUDA memory allocation retries.
[rank0]:[titan] 2026-09-30 14:38:52,825 - torchtitan.observability.metrics - INFO - [31mstep: 95  [32mloss: -1.00000  [38;2;180;60;0mgrad_norm:  1.2734  [38;2;54;234;195mmemory: 75.61GiB(95.45%)  [34mtps: 3,081  [36mtflops: 117.46  [35mmfu: 11.88%[39m
[rank1]:[titan] 2026-09-30 14:38:52,813 - torchtitan.observability.metrics - INFO - [31mstep: 95  [32mloss:  2.38680  [38;2;180;60;0mgrad_norm:  1.2734  [38;2;54;234;195mmemory: 68.62GiB(86.63%)  [34mtps: 3,081  [36mtflops: 117.46  [35mmfu: 11.88%[39m
[rank0]:[rank0]:[W930 14:38:53.214781591 CUDACachingAllocator.cpp:623] expandable_segments: memory mapping failed with OOM on device 0 while trying to map 20971520 bytes (free: 20119552, total: 85049802752).
[rank0]:[rank0]:[W930 14:38:57.035697772 CUDACachingAllocator.cpp:623] expandable_segments: memory mapping failed with OOM on device 0 while trying to map 20971520 bytes (free: 18022400, total: 85049802752).
[rank0]:[rank0]:[W930 14:38:57.459720115 CUDACachingAllocator.cpp:623] expandable_segments: memory mapping failed with OOM on device 0 while trying to map 20971520 bytes (free: 22216704, total: 85049802752).
[rank0]:[titan] 2026-09-30 14:38:58,146 - torchtitan.observability.metrics - WARNING - 259 CUDA memory allocation retries.
[rank1]:[titan] 2026-09-30 14:38:58,134 - torchtitan.observability.metrics - INFO - [31mstep: 96  [32mloss:  2.32051  [38;2;180;60;0mgrad_norm:  1.1797  [38;2;54;234;195mmemory: 68.62GiB(86.63%)  [34mtps: 3,080  [36mtflops: 117.42  [35mmfu: 11.87%[39m
[rank0]:[titan] 2026-09-30 14:38:58,146 - torchtitan.observability.metrics - INFO - [31mstep: 96  [32mloss: -1.00000  [38;2;180;60;0mgrad_norm:  1.1797  [38;2;54;234;195mmemory: 75.45GiB(95.26%)  [34mtps: 3,080  [36mtflops: 117.42  [35mmfu: 11.87%[39m
[rank0]:[rank0]:[W930 14:38:59.579150268 CUDACachingAllocator.cpp:623] expandable_segments: memory mapping failed with OOM on device 0 while trying to map 20971520 bytes (free: 20119552, total: 85049802752).
[rank0]:[rank0]:[W930 14:39:02.400526352 CUDACachingAllocator.cpp:623] expandable_segments: memory mapping failed with OOM on device 0 while trying to map 20971520 bytes (free: 18022400, total: 85049802752).
[rank0]:[rank0]:[W930 14:39:03.821931386 CUDACachingAllocator.cpp:623] expandable_segments: memory mapping failed with OOM on device 0 while trying to map 20971520 bytes (free: 22216704, total: 85049802752).
[rank1]:[titan] 2026-09-30 14:39:03,535 - torchtitan.observability.metrics - INFO - [31mstep: 97  [32mloss:  2.30814  [38;2;180;60;0mgrad_norm:  1.3672  [38;2;54;234;195mmemory: 68.62GiB(86.63%)  [34mtps: 3,034  [36mtflops: 115.69  [35mmfu: 11.70%[39m
[rank0]:[titan] 2026-09-30 14:39:03,546 - torchtitan.observability.metrics - WARNING - 262 CUDA memory allocation retries.
[rank0]:[titan] 2026-09-30 14:39:03,546 - torchtitan.observability.metrics - INFO - [31mstep: 97  [32mloss: -1.00000  [38;2;180;60;0mgrad_norm:  1.3672  [38;2;54;234;195mmemory: 75.55GiB(95.38%)  [34mtps: 3,034  [36mtflops: 115.69  [35mmfu: 11.70%[39m
[rank0]:[rank0]:[W930 14:39:04.933705354 CUDACachingAllocator.cpp:623] expandable_segments: memory mapping failed with OOM on device 0 while trying to map 20971520 bytes (free: 20119552, total: 85049802752).
[rank0]:[rank0]:[W930 14:39:08.901964714 CUDACachingAllocator.cpp:623] expandable_segments: memory mapping failed with OOM on device 0 while trying to map 20971520 bytes (free: 18022400, total: 85049802752).
[rank0]:[titan] 2026-09-30 14:39:08,794 - torchtitan.observability.metrics - WARNING - 264 CUDA memory allocation retries.
[rank1]:[titan] 2026-09-30 14:39:08,782 - torchtitan.observability.metrics - INFO - [31mstep: 98  [32mloss:  2.39032  [38;2;180;60;0mgrad_norm:  1.2500  [38;2;54;234;195mmemory: 68.62GiB(86.63%)  [34mtps: 3,122  [36mtflops: 119.06  [35mmfu: 12.04%[39m
[rank0]:[titan] 2026-09-30 14:39:08,794 - torchtitan.observability.metrics - INFO - [31mstep: 98  [32mloss: -1.00000  [38;2;180;60;0mgrad_norm:  1.2500  [38;2;54;234;195mmemory: 75.57GiB(95.40%)  [34mtps: 3,122  [36mtflops: 119.06  [35mmfu: 12.04%[39m
[rank0]:[rank0]:[W930 14:39:09.102212785 CUDACachingAllocator.cpp:623] expandable_segments: memory mapping failed with OOM on device 0 while trying to map 20971520 bytes (free: 20119552, total: 85049802752).
[rank0]:[rank0]:[W930 14:39:13.972611713 CUDACachingAllocator.cpp:623] expandable_segments: memory mapping failed with OOM on device 0 while trying to map 20971520 bytes (free: 18022400, total: 85049802752).
[rank0]:[rank0]:[W930 14:39:13.371520400 CUDACachingAllocator.cpp:623] expandable_segments: memory mapping failed with OOM on device 0 while trying to map 20971520 bytes (free: 3342336, total: 85049802752).
[rank0]:[titan] 2026-09-30 14:39:14,111 - torchtitan.observability.metrics - WARNING - 267 CUDA memory allocation retries.
[rank1]:[titan] 2026-09-30 14:39:14,100 - torchtitan.observability.metrics - INFO - [31mstep: 99  [32mloss:  2.32990  [38;2;180;60;0mgrad_norm:  1.7500  [38;2;54;234;195mmemory: 68.62GiB(86.63%)  [34mtps: 3,081  [36mtflops: 117.48  [35mmfu: 11.88%[39m
[rank0]:[titan] 2026-09-30 14:39:14,112 - torchtitan.observability.metrics - INFO - [31mstep: 99  [32mloss: -1.00000  [38;2;180;60;0mgrad_norm:  1.7500  [38;2;54;234;195mmemory: 75.18GiB(94.91%)  [34mtps: 3,081  [36mtflops: 117.48  [35mmfu: 11.88%[39m
[rank0]:[titan] 2026-09-30 14:39:14,261 - torchtitan.tools.utils - INFO - [GC] Performing periodic GC collection took 0.09 seconds
[rank1]:[titan] 2026-09-30 14:39:14,224 - torchtitan.tools.utils - INFO - [GC] Performing periodic GC collection took 0.06 seconds
[rank0]:[rank0]:[W930 14:39:15.586627208 CUDACachingAllocator.cpp:623] expandable_segments: memory mapping failed with OOM on device 0 while trying to map 20971520 bytes (free: 20119552, total: 85049802752).
[rank0]:[rank0]:[W930 14:39:19.571177675 CUDACachingAllocator.cpp:623] expandable_segments: memory mapping failed with OOM on device 0 while trying to map 20971520 bytes (free: 18022400, total: 85049802752).
[rank1]:[titan] 2026-09-30 14:39:19,460 - torchtitan.observability.metrics - INFO - [31mstep: 100  [32mloss:  2.40688  [38;2;180;60;0mgrad_norm:  1.1328  [38;2;54;234;195mmemory: 68.62GiB(86.63%)  [34mtps: 3,057  [36mtflops: 116.57  [35mmfu: 11.79%[39m
[rank0]:[titan] 2026-09-30 14:39:19,471 - torchtitan.observability.metrics - WARNING - 269 CUDA memory allocation retries.
[rank1]:[titan] 2026-09-30 14:39:19,460 - torchtitan.trainer - INFO - Training completed
[rank0]:[titan] 2026-09-30 14:39:19,471 - torchtitan.observability.metrics - INFO - [31mstep: 100  [32mloss: -1.00000  [38;2;180;60;0mgrad_norm:  1.1328  [38;2;54;234;195mmemory: 75.47GiB(95.28%)  [34mtps: 3,057  [36mtflops: 116.57  [35mmfu: 11.79%[39m
[rank0]:[titan] 2026-09-30 14:39:19,472 - torchtitan.trainer - INFO - Sleeping 2 seconds for other ranks to complete
[rank0]:[titan] 2026-09-30 14:39:21,472 - torchtitan.trainer - INFO - Training completed
[rank1]:[titan] 2026-09-30 14:39:22,629 - __main__ - INFO - Process group destroyed
[rank0]:[titan] 2026-09-30 14:39:23,091 - __main__ - INFO - Process group destroyed
