{
  "args": {
    "model": "/workspace/torchtitan_attention_residual/phase11/hf_kimi_48b_e8_dummy",
    "tp": 8,
    "prefill": 16384,
    "decode": 256,
    "warmup": 2,
    "timed": 5,
    "disable_cuda_graph": false,
    "out": "/workspace/torchtitan_attention_residual/phase11/bench_results_prod_20260513-081429/kimi_48b_e64_tp8_ctx16384.json"
  },
  "modes": {
    "vanilla": {
      "prefill_ttft_ms_mean": 51.873758804867975,
      "prefill_ttft_ms_stdev": 2.229728645465103,
      "decode_tps_mean": 181.3890778690512,
      "decode_tps_stdev": 0.4746055780328113,
      "prefill_ttft_raw": [
        55.38054300996009,
        50.26669400103856,
        52.3354690085398,
        51.69434699928388,
        49.69174100551754
      ],
      "decode_tps_raw": [
        181.2086848633826,
        180.95540521011853,
        181.98770504718973,
        181.79799191244908,
        180.99560231211603
      ]
    },
    "naive": {
      "prefill_ttft_ms_mean": 48.15067660238128,
      "prefill_ttft_ms_stdev": 2.0476864505071743,
      "decode_tps_mean": 166.7669472694751,
      "decode_tps_stdev": 0.5519935818897642,
      "prefill_ttft_raw": [
        49.06614200444892,
        48.30280100577511,
        51.010209004743956,
        46.29386399756186,
        46.080366999376565
      ],
      "decode_tps_raw": [
        167.18304666343465,
        167.04842691845772,
        167.0762664262858,
        165.83699035827382,
        166.6900059809235
      ]
    },
    "two-phase": {
      "prefill_ttft_ms_mean": 50.520185599452816,
      "prefill_ttft_ms_stdev": 3.6388500326040725,
      "decode_tps_mean": 161.45889639631227,
      "decode_tps_stdev": 0.6240574151759919,
      "prefill_ttft_raw": [
        52.68261200399138,
        55.68123700504657,
        48.41206299897749,
        49.255681995418854,
        46.56933399382979
      ],
      "decode_tps_raw": [
        160.480125844307,
        161.9203762708648,
        161.24286433163024,
        162.01434890411286,
        161.6367666306464
      ]
    },
    "shard": {
      "prefill_ttft_ms_mean": 46.52426760585513,
      "prefill_ttft_ms_stdev": 3.6272452280089587,
      "decode_tps_mean": 160.63653830343992,
      "decode_tps_stdev": 0.4899857090086301,
      "prefill_ttft_raw": [
        50.474732008296996,
        44.344182999338955,
        43.65613100526389,
        50.49659100768622,
        43.64970100868959
      ],
      "decode_tps_raw": [
        161.3893607607858,
        160.75742700470772,
        160.63173499674207,
        160.22914680934358,
        160.17502194562041
      ]
    }
  }
}