{
  "args": {
    "model": "/workspace/torchtitan_attention_residual/phase11/hf_kimi_48b_e8_dummy",
    "tp": 8,
    "prefill": 4096,
    "decode": 256,
    "warmup": 2,
    "timed": 5,
    "disable_cuda_graph": false,
    "out": "/workspace/torchtitan_attention_residual/phase11/bench_results_prod_20260513-081429/kimi_48b_e64_tp8_ctx4096.json"
  },
  "modes": {
    "vanilla": {
      "prefill_ttft_ms_mean": 34.97284680197481,
      "prefill_ttft_ms_stdev": 8.990585790744761,
      "decode_tps_mean": 196.85776490534025,
      "decode_tps_stdev": 1.5323851275233928,
      "prefill_ttft_raw": [
        41.31470900028944,
        28.839891994721256,
        47.626120009226725,
        29.696532001253217,
        27.386981004383415
      ],
      "decode_tps_raw": [
        196.90327496663596,
        195.30133534734924,
        199.1887231619723,
        195.6735768087823,
        197.22191424196143
      ]
    },
    "naive": {
      "prefill_ttft_ms_mean": 47.94036439852789,
      "prefill_ttft_ms_stdev": 6.058698656194751,
      "decode_tps_mean": 180.83893299594538,
      "decode_tps_stdev": 1.9380751114996722,
      "prefill_ttft_raw": [
        53.93143100081943,
        49.18677799287252,
        53.33111899381038,
        42.16869499941822,
        41.0837990057189
      ],
      "decode_tps_raw": [
        180.23122920342067,
        178.69986086833984,
        183.62220925174756,
        179.74079528041156,
        181.90057037580726
      ]
    },
    "two-phase": {
      "prefill_ttft_ms_mean": 49.29534620605409,
      "prefill_ttft_ms_stdev": 3.4132404158299687,
      "decode_tps_mean": 171.46842590188024,
      "decode_tps_stdev": 0.48485365257582164,
      "prefill_ttft_raw": [
        44.025417999364436,
        49.23786400468089,
        53.538343010586686,
        50.179894009488635,
        49.49521200614981
      ],
      "decode_tps_raw": [
        170.8291380463012,
        171.5569558858281,
        172.01389809530204,
        171.80741072046587,
        171.1347267615039
      ]
    },
    "shard": {
      "prefill_ttft_ms_mean": 43.36022039933596,
      "prefill_ttft_ms_stdev": 0.72382131525112,
      "decode_tps_mean": 171.04886456131558,
      "decode_tps_stdev": 0.5476741382896987,
      "prefill_ttft_raw": [
        44.04712399991695,
        42.87347898934968,
        42.764409008668736,
        44.24857199774124,
        42.86751800100319
      ],
      "decode_tps_raw": [
        171.93700142283342,
        171.00428338562716,
        170.77736273203027,
        170.4698553551715,
        171.0558199109156
      ]
    }
  }
}